2026-05-07 00:00:02 WARN  SELL_SKIP [US] BAIG reason=PHANTOM_POSITION phase=NONE qty=6 avgPrice=37.6000
2026-05-07 00:00:07 WARN  SELL_SKIP [US] BAIG reason=PHANTOM_POSITION phase=NONE qty=6 avgPrice=37.6000
2026-05-07 00:00:12 WARN  SELL_SKIP [US] BAIG reason=PHANTOM_POSITION phase=NONE qty=6 avgPrice=37.6000
2026-05-07 00:00:17 WARN  SELL_SKIP [US] BAIG reason=PHANTOM_POSITION phase=NONE qty=6 avgPrice=37.6000
2026-05-07 00:00:23 WARN  SELL_SKIP [US] BAIG reason=PHANTOM_POSITION phase=NONE qty=6 avgPrice=37.6000
2026-05-07 00:00:28 WARN  SELL_SKIP [US] BAIG reason=PHANTOM_POSITION phase=NONE qty=6 avgPrice=37.6000
2026-05-07 00:00:33 WARN  SELL_SKIP [US] BAIG reason=PHANTOM_POSITION phase=NONE qty=6 avgPrice=37.6000
2026-05-07 00:00:38 WARN  SELL_SKIP [US] BAIG reason=PHANTOM_POSITION phase=NONE qty=6 avgPrice=37.6000
2026-05-07 00:00:43 WARN  SELL_SKIP [US] BAIG reason=PHANTOM_POSITION phase=NONE qty=6 avgPrice=37.6000
2026-05-07 00:00:48 WARN  SELL_SKIP [US] BAIG reason=PHANTOM_POSITION phase=NONE qty=6 avgPrice=37.6000
2026-05-07 00:00:53 WARN  SELL_SKIP [US] BAIG reason=PHANTOM_POSITION phase=NONE qty=6 avgPrice=37.6000
2026-05-07 00:00:58 WARN  SELL_SKIP [US] BAIG reason=PHANTOM_POSITION phase=NONE qty=6 avgPrice=37.6000
2026-05-07 00:01:08 WARN  SELL_SKIP [US] BAIG reason=PHANTOM_POSITION phase=NONE qty=6 avgPrice=37.6000
2026-05-07 00:01:13 WARN  SELL_SKIP [US] BAIG reason=PHANTOM_POSITION phase=NONE qty=6 avgPrice=37.6000
2026-05-07 00:01:18 WARN  SELL_SKIP [US] BAIG reason=PHANTOM_POSITION phase=NONE qty=6 avgPrice=37.6000
2026-05-07 00:01:24 WARN  SELL_SKIP [US] BAIG reason=PHANTOM_POSITION phase=NONE qty=6 avgPrice=37.6000
2026-05-07 00:01:29 WARN  SELL_SKIP [US] BAIG reason=PHANTOM_POSITION phase=NONE qty=6 avgPrice=37.6000
2026-05-07 00:01:34 WARN  SELL_SKIP [US] BAIG reason=PHANTOM_POSITION phase=NONE qty=6 avgPrice=37.6000
2026-05-07 00:01:39 WARN  SELL_SKIP [US] BAIG reason=PHANTOM_POSITION phase=NONE qty=6 avgPrice=37.6000
2026-05-07 00:01:44 WARN  SELL_SKIP [US] BAIG reason=PHANTOM_POSITION phase=NONE qty=6 avgPrice=37.6000
2026-05-07 00:01:49 WARN  SELL_SKIP [US] BAIG reason=PHANTOM_POSITION phase=NONE qty=6 avgPrice=37.6000
2026-05-07 00:01:54 WARN  SELL_SKIP [US] BAIG reason=PHANTOM_POSITION phase=NONE qty=6 avgPrice=37.6000
2026-05-07 00:01:59 WARN  SELL_SKIP [US] BAIG reason=PHANTOM_POSITION phase=NONE qty=6 avgPrice=37.6000
2026-05-07 00:02:05 WARN  SELL_SKIP [US] BAIG reason=PHANTOM_POSITION phase=NONE qty=6 avgPrice=37.6000
2026-05-07 00:02:09 INFO  BUY [US] EBAY mode=VOLUME_BREAKOUT price=108.2300 qty=2 size=0.8000x score=95(CONV) | WHY: strongBreakout volBreakout retestOK multiUp vol(1.92x) | VWAP: 0.62%(ABOVE slope=UP) | TREND: score=3 vel=0.06%/0.11%/0.51% | VOL: 1544222.0000/802988.5000 TO: 167192915.9400/86501716.8738 | entryNo=1
2026-05-07 00:02:09 WARN  BUY_REJECTED EBAY phase=NONE
2026-05-07 00:02:10 WARN  SELL_SKIP [US] BAIG reason=PHANTOM_POSITION phase=NONE qty=6 avgPrice=37.6000
2026-05-07 00:02:15 WARN  SELL_SKIP [US] BAIG reason=PHANTOM_POSITION phase=NONE qty=6 avgPrice=37.6000
2026-05-07 00:02:20 WARN  SELL_SKIP [US] BAIG reason=PHANTOM_POSITION phase=NONE qty=6 avgPrice=37.6000
2026-05-07 00:02:25 WARN  SELL_SKIP [US] BAIG reason=PHANTOM_POSITION phase=NONE qty=6 avgPrice=37.6000
2026-05-07 00:02:30 WARN  SELL_SKIP [US] BAIG reason=PHANTOM_POSITION phase=NONE qty=6 avgPrice=37.6000
2026-05-07 00:02:35 WARN  SELL_SKIP [US] BAIG reason=PHANTOM_POSITION phase=NONE qty=6 avgPrice=37.6000
2026-05-07 00:02:40 WARN  SELL_SKIP [US] BAIG reason=PHANTOM_POSITION phase=NONE qty=6 avgPrice=37.6000
2026-05-07 00:02:45 WARN  SELL_SKIP [US] BAIG reason=PHANTOM_POSITION phase=NONE qty=6 avgPrice=37.6000
2026-05-07 00:02:50 WARN  SELL_SKIP [US] BAIG reason=PHANTOM_POSITION phase=NONE qty=6 avgPrice=37.6000
2026-05-07 00:02:56 WARN  SELL_SKIP [US] BAIG reason=PHANTOM_POSITION phase=NONE qty=6 avgPrice=37.6000
2026-05-07 00:03:01 WARN  SELL_SKIP [US] BAIG reason=PHANTOM_POSITION phase=NONE qty=6 avgPrice=37.6000
2026-05-07 00:03:06 WARN  SELL_SKIP [US] BAIG reason=PHANTOM_POSITION phase=NONE qty=6 avgPrice=37.6000
2026-05-07 00:03:11 WARN  SELL_SKIP [US] BAIG reason=PHANTOM_POSITION phase=NONE qty=6 avgPrice=37.6000
2026-05-07 00:03:16 WARN  SELL_SKIP [US] BAIG reason=PHANTOM_POSITION phase=NONE qty=6 avgPrice=37.6000
2026-05-07 00:03:21 WARN  SELL_SKIP [US] BAIG reason=PHANTOM_POSITION phase=NONE qty=6 avgPrice=37.6000
2026-05-07 00:03:26 WARN  SELL_SKIP [US] BAIG reason=PHANTOM_POSITION phase=NONE qty=6 avgPrice=37.6000
2026-05-07 00:03:31 WARN  SELL_SKIP [US] BAIG reason=PHANTOM_POSITION phase=NONE qty=6 avgPrice=37.6000
2026-05-07 00:03:36 WARN  SELL_SKIP [US] BAIG reason=PHANTOM_POSITION phase=NONE qty=6 avgPrice=37.6000
2026-05-07 00:03:41 WARN  SELL_SKIP [US] BAIG reason=PHANTOM_POSITION phase=NONE qty=6 avgPrice=37.6000
2026-05-07 00:03:46 WARN  SELL_SKIP [US] BAIG reason=PHANTOM_POSITION phase=NONE qty=6 avgPrice=37.6000
2026-05-07 00:03:51 WARN  SELL_SKIP [US] BAIG reason=PHANTOM_POSITION phase=NONE qty=6 avgPrice=37.6000
2026-05-07 00:03:57 WARN  SELL_SKIP [US] BAIG reason=PHANTOM_POSITION phase=NONE qty=6 avgPrice=37.6000
2026-05-07 00:04:02 WARN  SELL_SKIP [US] BAIG reason=PHANTOM_POSITION phase=NONE qty=6 avgPrice=37.6000
2026-05-07 00:04:07 WARN  BUY_SKIP [US] MRVL reason=AMOUNT_TOO_SMALL amount=300.0000 size=0.8000x price=168.0600
2026-05-07 00:04:07 WARN  SELL_SKIP [US] BAIG reason=PHANTOM_POSITION phase=NONE qty=6 avgPrice=37.6000
2026-05-07 00:04:12 WARN  SELL_SKIP [US] BAIG reason=PHANTOM_POSITION phase=NONE qty=6 avgPrice=37.6000
2026-05-07 00:04:17 WARN  SELL_SKIP [US] BAIG reason=PHANTOM_POSITION phase=NONE qty=6 avgPrice=37.6000
2026-05-07 00:04:22 WARN  SELL_SKIP [US] BAIG reason=PHANTOM_POSITION phase=NONE qty=6 avgPrice=37.6000
2026-05-07 00:04:27 WARN  SELL_SKIP [US] BAIG reason=PHANTOM_POSITION phase=NONE qty=6 avgPrice=37.6000
2026-05-07 00:04:32 WARN  SELL_SKIP [US] BAIG reason=PHANTOM_POSITION phase=NONE qty=6 avgPrice=37.6000
2026-05-07 00:04:37 WARN  SELL_SKIP [US] BAIG reason=PHANTOM_POSITION phase=NONE qty=6 avgPrice=37.6000
2026-05-07 00:04:42 WARN  SELL_SKIP [US] BAIG reason=PHANTOM_POSITION phase=NONE qty=6 avgPrice=37.6000
2026-05-07 00:04:47 WARN  SELL_SKIP [US] BAIG reason=PHANTOM_POSITION phase=NONE qty=6 avgPrice=37.6000
2026-05-07 00:04:53 WARN  SELL_SKIP [US] BAIG reason=PHANTOM_POSITION phase=NONE qty=6 avgPrice=37.6000
2026-05-07 00:04:58 WARN  SELL_SKIP [US] BAIG reason=PHANTOM_POSITION phase=NONE qty=6 avgPrice=37.6000
2026-05-07 00:05:03 WARN  SELL_SKIP [US] BAIG reason=PHANTOM_POSITION phase=NONE qty=6 avgPrice=37.6000
2026-05-07 00:05:08 WARN  SELL_SKIP [US] BAIG reason=PHANTOM_POSITION phase=NONE qty=6 avgPrice=37.6000
2026-05-07 00:05:13 WARN  SELL_SKIP [US] BAIG reason=PHANTOM_POSITION phase=NONE qty=6 avgPrice=37.6000
2026-05-07 00:05:18 WARN  SELL_SKIP [US] BAIG reason=PHANTOM_POSITION phase=NONE qty=6 avgPrice=37.6000
2026-05-07 00:05:23 WARN  SELL_SKIP [US] BAIG reason=PHANTOM_POSITION phase=NONE qty=6 avgPrice=37.6000
2026-05-07 00:05:28 WARN  SELL_SKIP [US] BAIG reason=PHANTOM_POSITION phase=NONE qty=6 avgPrice=37.6000
2026-05-07 00:05:33 WARN  SELL_SKIP [US] BAIG reason=PHANTOM_POSITION phase=NONE qty=6 avgPrice=37.6000
2026-05-07 00:05:38 WARN  SELL_SKIP [US] BAIG reason=PHANTOM_POSITION phase=NONE qty=6 avgPrice=37.6000
2026-05-07 00:05:43 WARN  SELL_SKIP [US] BAIG reason=PHANTOM_POSITION phase=NONE qty=6 avgPrice=37.6000
2026-05-07 00:05:49 WARN  SELL_SKIP [US] BAIG reason=PHANTOM_POSITION phase=NONE qty=6 avgPrice=37.6000
2026-05-07 00:05:54 WARN  SELL_SKIP [US] BAIG reason=PHANTOM_POSITION phase=NONE qty=6 avgPrice=37.6000
2026-05-07 00:05:59 WARN  SELL_SKIP [US] BAIG reason=PHANTOM_POSITION phase=NONE qty=6 avgPrice=37.6000
2026-05-07 00:06:04 WARN  SELL_SKIP [US] BAIG reason=PHANTOM_POSITION phase=NONE qty=6 avgPrice=37.6000
2026-05-07 00:06:09 WARN  SELL_SKIP [US] BAIG reason=PHANTOM_POSITION phase=NONE qty=6 avgPrice=37.6000
2026-05-07 00:06:14 WARN  SELL_SKIP [US] BAIG reason=PHANTOM_POSITION phase=NONE qty=6 avgPrice=37.6000
2026-05-07 00:06:19 WARN  SELL_SKIP [US] BAIG reason=PHANTOM_POSITION phase=NONE qty=6 avgPrice=37.6000
2026-05-07 00:06:24 WARN  SELL_SKIP [US] BAIG reason=PHANTOM_POSITION phase=NONE qty=6 avgPrice=37.6000
2026-05-07 00:06:29 WARN  SELL_SKIP [US] BAIG reason=PHANTOM_POSITION phase=NONE qty=6 avgPrice=37.6000
2026-05-07 00:06:34 WARN  SELL_SKIP [US] BAIG reason=PHANTOM_POSITION phase=NONE qty=6 avgPrice=37.6000
2026-05-07 00:06:39 WARN  SELL_SKIP [US] BAIG reason=PHANTOM_POSITION phase=NONE qty=6 avgPrice=37.6000
2026-05-07 00:06:44 WARN  SELL_SKIP [US] BAIG reason=PHANTOM_POSITION phase=NONE qty=6 avgPrice=37.6000
2026-05-07 00:06:50 WARN  SELL_SKIP [US] BAIG reason=PHANTOM_POSITION phase=NONE qty=6 avgPrice=37.6000
2026-05-07 00:06:55 WARN  SELL_SKIP [US] BAIG reason=PHANTOM_POSITION phase=NONE qty=6 avgPrice=37.6000
2026-05-07 00:07:00 WARN  SELL_SKIP [US] BAIG reason=PHANTOM_POSITION phase=NONE qty=6 avgPrice=37.6000
2026-05-07 00:07:05 WARN  SELL_SKIP [US] BAIG reason=PHANTOM_POSITION phase=NONE qty=6 avgPrice=37.6000
2026-05-07 00:07:10 WARN  SELL_SKIP [US] BAIG reason=PHANTOM_POSITION phase=NONE qty=6 avgPrice=37.6000
2026-05-07 00:07:15 WARN  SELL_SKIP [US] BAIG reason=PHANTOM_POSITION phase=NONE qty=6 avgPrice=37.6000
2026-05-07 00:07:20 WARN  SELL_SKIP [US] BAIG reason=PHANTOM_POSITION phase=NONE qty=6 avgPrice=37.6000
2026-05-07 00:07:25 WARN  SELL_SKIP [US] BAIG reason=PHANTOM_POSITION phase=NONE qty=6 avgPrice=37.6000
2026-05-07 00:07:30 WARN  SELL_SKIP [US] BAIG reason=PHANTOM_POSITION phase=NONE qty=6 avgPrice=37.6000
2026-05-07 00:07:35 WARN  SELL_SKIP [US] BAIG reason=PHANTOM_POSITION phase=NONE qty=6 avgPrice=37.6000
2026-05-07 00:07:40 WARN  SELL_SKIP [US] BAIG reason=PHANTOM_POSITION phase=NONE qty=6 avgPrice=37.6000
2026-05-07 00:07:45 WARN  SELL_SKIP [US] BAIG reason=PHANTOM_POSITION phase=NONE qty=6 avgPrice=37.6000
2026-05-07 00:07:51 WARN  SELL_SKIP [US] BAIG reason=PHANTOM_POSITION phase=NONE qty=6 avgPrice=37.6000
2026-05-07 00:07:56 WARN  SELL_SKIP [US] BAIG reason=PHANTOM_POSITION phase=NONE qty=6 avgPrice=37.6000
2026-05-07 00:08:01 WARN  SELL_SKIP [US] BAIG reason=PHANTOM_POSITION phase=NONE qty=6 avgPrice=37.6000
2026-05-07 00:08:06 WARN  SELL_SKIP [US] BAIG reason=PHANTOM_POSITION phase=NONE qty=6 avgPrice=37.6000
2026-05-07 00:08:11 WARN  SELL_SKIP [US] BAIG reason=PHANTOM_POSITION phase=NONE qty=6 avgPrice=37.6000
2026-05-07 00:08:16 WARN  SELL_SKIP [US] BAIG reason=PHANTOM_POSITION phase=NONE qty=6 avgPrice=37.6000
2026-05-07 00:08:21 WARN  SELL_SKIP [US] BAIG reason=PHANTOM_POSITION phase=NONE qty=6 avgPrice=37.6000
2026-05-07 00:08:26 WARN  SELL_SKIP [US] BAIG reason=PHANTOM_POSITION phase=NONE qty=6 avgPrice=37.6000
2026-05-07 00:08:31 WARN  SELL_SKIP [US] BAIG reason=PHANTOM_POSITION phase=NONE qty=6 avgPrice=37.6000
2026-05-07 00:08:36 WARN  SELL_SKIP [US] BAIG reason=PHANTOM_POSITION phase=NONE qty=6 avgPrice=37.6000
2026-05-07 00:08:41 WARN  SELL_SKIP [US] BAIG reason=PHANTOM_POSITION phase=NONE qty=6 avgPrice=37.6000
2026-05-07 00:08:46 WARN  SELL_SKIP [US] BAIG reason=PHANTOM_POSITION phase=NONE qty=6 avgPrice=37.6000
2026-05-07 00:08:52 WARN  SELL_SKIP [US] BAIG reason=PHANTOM_POSITION phase=NONE qty=6 avgPrice=37.6000
2026-05-07 00:08:57 WARN  SELL_SKIP [US] BAIG reason=PHANTOM_POSITION phase=NONE qty=6 avgPrice=37.6000
2026-05-07 00:09:02 WARN  SELL_SKIP [US] BAIG reason=PHANTOM_POSITION phase=NONE qty=6 avgPrice=37.6000
2026-05-07 00:09:07 WARN  SELL_SKIP [US] BAIG reason=PHANTOM_POSITION phase=NONE qty=6 avgPrice=37.6000
2026-05-07 00:09:12 WARN  SELL_SKIP [US] BAIG reason=PHANTOM_POSITION phase=NONE qty=6 avgPrice=37.6000
2026-05-07 00:09:17 WARN  SELL_SKIP [US] BAIG reason=PHANTOM_POSITION phase=NONE qty=6 avgPrice=37.6000
2026-05-07 00:09:22 WARN  SELL_SKIP [US] BAIG reason=PHANTOM_POSITION phase=NONE qty=6 avgPrice=37.6000
2026-05-07 00:09:27 WARN  SELL_SKIP [US] BAIG reason=PHANTOM_POSITION phase=NONE qty=6 avgPrice=37.6000
2026-05-07 00:09:32 WARN  SELL_SKIP [US] BAIG reason=PHANTOM_POSITION phase=NONE qty=6 avgPrice=37.6000
2026-05-07 00:09:37 WARN  SELL_SKIP [US] BAIG reason=PHANTOM_POSITION phase=NONE qty=6 avgPrice=37.6000
2026-05-07 00:09:42 WARN  SELL_SKIP [US] BAIG reason=PHANTOM_POSITION phase=NONE qty=6 avgPrice=37.6000
2026-05-07 00:09:48 WARN  SELL_SKIP [US] BAIG reason=PHANTOM_POSITION phase=NONE qty=6 avgPrice=37.6000
2026-05-07 00:09:53 WARN  SELL_SKIP [US] BAIG reason=PHANTOM_POSITION phase=NONE qty=6 avgPrice=37.6000
2026-05-07 00:09:58 WARN  SELL_SKIP [US] BAIG reason=PHANTOM_POSITION phase=NONE qty=6 avgPrice=37.6000
2026-05-07 00:10:03 WARN  SELL_SKIP [US] BAIG reason=PHANTOM_POSITION phase=NONE qty=6 avgPrice=37.6000
2026-05-07 00:10:08 WARN  SELL_SKIP [US] BAIG reason=PHANTOM_POSITION phase=NONE qty=6 avgPrice=37.6000
2026-05-07 00:10:13 WARN  SELL_SKIP [US] BAIG reason=PHANTOM_POSITION phase=NONE qty=6 avgPrice=37.6000
2026-05-07 00:10:18 WARN  SELL_SKIP [US] BAIG reason=PHANTOM_POSITION phase=NONE qty=6 avgPrice=37.6000
2026-05-07 00:10:23 WARN  SELL_SKIP [US] BAIG reason=PHANTOM_POSITION phase=NONE qty=6 avgPrice=37.6000
2026-05-07 00:10:28 WARN  SELL_SKIP [US] BAIG reason=PHANTOM_POSITION phase=NONE qty=6 avgPrice=37.6000
2026-05-07 00:10:33 WARN  SELL_SKIP [US] BAIG reason=PHANTOM_POSITION phase=NONE qty=6 avgPrice=37.6000
2026-05-07 00:10:38 WARN  SELL_SKIP [US] BAIG reason=PHANTOM_POSITION phase=NONE qty=6 avgPrice=37.6000
2026-05-07 00:10:44 WARN  SELL_SKIP [US] BAIG reason=PHANTOM_POSITION phase=NONE qty=6 avgPrice=37.6000
2026-05-07 00:10:49 WARN  SELL_SKIP [US] BAIG reason=PHANTOM_POSITION phase=NONE qty=6 avgPrice=37.6000
2026-05-07 00:10:54 WARN  SELL_SKIP [US] BAIG reason=PHANTOM_POSITION phase=NONE qty=6 avgPrice=37.6000
2026-05-07 00:10:59 WARN  SELL_SKIP [US] BAIG reason=PHANTOM_POSITION phase=NONE qty=6 avgPrice=37.6000
2026-05-07 00:11:04 WARN  SELL_SKIP [US] BAIG reason=PHANTOM_POSITION phase=NONE qty=6 avgPrice=37.6000
2026-05-07 00:11:09 WARN  SELL_SKIP [US] BAIG reason=PHANTOM_POSITION phase=NONE qty=6 avgPrice=37.6000
2026-05-07 00:11:14 WARN  SELL_SKIP [US] BAIG reason=PHANTOM_POSITION phase=NONE qty=6 avgPrice=37.6000
2026-05-07 00:11:19 WARN  SELL_SKIP [US] BAIG reason=PHANTOM_POSITION phase=NONE qty=6 avgPrice=37.6000
2026-05-07 00:11:24 WARN  SELL_SKIP [US] BAIG reason=PHANTOM_POSITION phase=NONE qty=6 avgPrice=37.6000
2026-05-07 00:11:29 WARN  SELL_SKIP [US] BAIG reason=PHANTOM_POSITION phase=NONE qty=6 avgPrice=37.6000
2026-05-07 00:11:35 WARN  SELL_SKIP [US] BAIG reason=PHANTOM_POSITION phase=NONE qty=6 avgPrice=37.6000
2026-05-07 00:11:40 WARN  SELL_SKIP [US] BAIG reason=PHANTOM_POSITION phase=NONE qty=6 avgPrice=37.6000
2026-05-07 00:11:45 WARN  SELL_SKIP [US] BAIG reason=PHANTOM_POSITION phase=NONE qty=6 avgPrice=37.6000
2026-05-07 00:11:50 WARN  SELL_SKIP [US] BAIG reason=PHANTOM_POSITION phase=NONE qty=6 avgPrice=37.6000
2026-05-07 00:11:55 WARN  SELL_SKIP [US] BAIG reason=PHANTOM_POSITION phase=NONE qty=6 avgPrice=37.6000
2026-05-07 00:12:00 WARN  SELL_SKIP [US] BAIG reason=PHANTOM_POSITION phase=NONE qty=6 avgPrice=37.6000
2026-05-07 00:12:05 WARN  BUY_SKIP [US] MRVL reason=AMOUNT_TOO_SMALL amount=300.0000 size=1.0000x price=169.1600
2026-05-07 00:12:05 WARN  SELL_SKIP [US] BAIG reason=PHANTOM_POSITION phase=NONE qty=6 avgPrice=37.6000
2026-05-07 00:12:09 WARN  BUY_SKIP [US] SOXL reason=AMOUNT_TOO_SMALL amount=300.0000 size=1.0000x price=159.6200
2026-05-07 00:12:10 WARN  SELL_SKIP [US] BAIG reason=PHANTOM_POSITION phase=NONE qty=6 avgPrice=37.6000
2026-05-07 00:12:15 WARN  SELL_SKIP [US] BAIG reason=PHANTOM_POSITION phase=NONE qty=6 avgPrice=37.6000
2026-05-07 00:12:20 WARN  SELL_SKIP [US] BAIG reason=PHANTOM_POSITION phase=NONE qty=6 avgPrice=37.6000
2026-05-07 00:12:25 WARN  SELL_SKIP [US] BAIG reason=PHANTOM_POSITION phase=NONE qty=6 avgPrice=37.6000
2026-05-07 00:12:30 WARN  SELL_SKIP [US] BAIG reason=PHANTOM_POSITION phase=NONE qty=6 avgPrice=37.6000
2026-05-07 00:12:35 WARN  SELL_SKIP [US] BAIG reason=PHANTOM_POSITION phase=NONE qty=6 avgPrice=37.6000
2026-05-07 00:12:41 WARN  SELL_SKIP [US] BAIG reason=PHANTOM_POSITION phase=NONE qty=6 avgPrice=37.6000
2026-05-07 00:12:46 WARN  SELL_SKIP [US] BAIG reason=PHANTOM_POSITION phase=NONE qty=6 avgPrice=37.6000
2026-05-07 00:12:51 WARN  SELL_SKIP [US] BAIG reason=PHANTOM_POSITION phase=NONE qty=6 avgPrice=37.6000
2026-05-07 00:12:56 WARN  SELL_SKIP [US] BAIG reason=PHANTOM_POSITION phase=NONE qty=6 avgPrice=37.6000
2026-05-07 00:13:01 WARN  SELL_SKIP [US] BAIG reason=PHANTOM_POSITION phase=NONE qty=6 avgPrice=37.6000
2026-05-07 00:13:06 WARN  SELL_SKIP [US] BAIG reason=PHANTOM_POSITION phase=NONE qty=6 avgPrice=37.6000
2026-05-07 00:13:11 WARN  SELL_SKIP [US] BAIG reason=PHANTOM_POSITION phase=NONE qty=6 avgPrice=37.6000
2026-05-07 00:13:16 WARN  SELL_SKIP [US] BAIG reason=PHANTOM_POSITION phase=NONE qty=6 avgPrice=37.6000
2026-05-07 00:13:21 WARN  SELL_SKIP [US] BAIG reason=PHANTOM_POSITION phase=NONE qty=6 avgPrice=37.6000
2026-05-07 00:13:26 WARN  SELL_SKIP [US] BAIG reason=PHANTOM_POSITION phase=NONE qty=6 avgPrice=37.6000
2026-05-07 00:13:31 WARN  SELL_SKIP [US] BAIG reason=PHANTOM_POSITION phase=NONE qty=6 avgPrice=37.6000
2026-05-07 00:13:36 WARN  SELL_SKIP [US] BAIG reason=PHANTOM_POSITION phase=NONE qty=6 avgPrice=37.6000
2026-05-07 00:13:42 WARN  SELL_SKIP [US] BAIG reason=PHANTOM_POSITION phase=NONE qty=6 avgPrice=37.6000
2026-05-07 00:13:47 WARN  SELL_SKIP [US] BAIG reason=PHANTOM_POSITION phase=NONE qty=6 avgPrice=37.6000
2026-05-07 00:13:52 WARN  SELL_SKIP [US] BAIG reason=PHANTOM_POSITION phase=NONE qty=6 avgPrice=37.6000
2026-05-07 00:13:57 WARN  SELL_SKIP [US] BAIG reason=PHANTOM_POSITION phase=NONE qty=6 avgPrice=37.6000
2026-05-07 00:14:02 WARN  SELL_SKIP [US] BAIG reason=PHANTOM_POSITION phase=NONE qty=6 avgPrice=37.6000
2026-05-07 00:14:07 WARN  SELL_SKIP [US] BAIG reason=PHANTOM_POSITION phase=NONE qty=6 avgPrice=37.6000
2026-05-07 00:14:12 WARN  SELL_SKIP [US] BAIG reason=PHANTOM_POSITION phase=NONE qty=6 avgPrice=37.6000
2026-05-07 00:14:17 WARN  SELL_SKIP [US] BAIG reason=PHANTOM_POSITION phase=NONE qty=6 avgPrice=37.6000
2026-05-07 00:14:22 WARN  SELL_SKIP [US] BAIG reason=PHANTOM_POSITION phase=NONE qty=6 avgPrice=37.6000
2026-05-07 00:14:27 WARN  SELL_SKIP [US] BAIG reason=PHANTOM_POSITION phase=NONE qty=6 avgPrice=37.6000
2026-05-07 00:14:32 WARN  SELL_SKIP [US] BAIG reason=PHANTOM_POSITION phase=NONE qty=6 avgPrice=37.6000
2026-05-07 00:14:38 WARN  SELL_SKIP [US] BAIG reason=PHANTOM_POSITION phase=NONE qty=6 avgPrice=37.6000
2026-05-07 00:14:43 WARN  SELL_SKIP [US] BAIG reason=PHANTOM_POSITION phase=NONE qty=6 avgPrice=37.6000
2026-05-07 00:14:48 WARN  SELL_SKIP [US] BAIG reason=PHANTOM_POSITION phase=NONE qty=6 avgPrice=37.6000
2026-05-07 00:14:53 WARN  SELL_SKIP [US] BAIG reason=PHANTOM_POSITION phase=NONE qty=6 avgPrice=37.6000
2026-05-07 00:14:58 WARN  SELL_SKIP [US] BAIG reason=PHANTOM_POSITION phase=NONE qty=6 avgPrice=37.6000
2026-05-07 00:15:03 WARN  SELL_SKIP [US] BAIG reason=PHANTOM_POSITION phase=NONE qty=6 avgPrice=37.6000
2026-05-07 00:15:08 WARN  SELL_SKIP [US] BAIG reason=PHANTOM_POSITION phase=NONE qty=6 avgPrice=37.6000
2026-05-07 00:15:13 WARN  SELL_SKIP [US] BAIG reason=PHANTOM_POSITION phase=NONE qty=6 avgPrice=37.6000
2026-05-07 00:15:18 WARN  SELL_SKIP [US] BAIG reason=PHANTOM_POSITION phase=NONE qty=6 avgPrice=37.6000
2026-05-07 00:15:23 WARN  SELL_SKIP [US] BAIG reason=PHANTOM_POSITION phase=NONE qty=6 avgPrice=37.6000
2026-05-07 00:15:28 WARN  SELL_SKIP [US] BAIG reason=PHANTOM_POSITION phase=NONE qty=6 avgPrice=37.6000
2026-05-07 00:15:34 WARN  SELL_SKIP [US] BAIG reason=PHANTOM_POSITION phase=NONE qty=6 avgPrice=37.6000
2026-05-07 00:15:39 WARN  SELL_SKIP [US] BAIG reason=PHANTOM_POSITION phase=NONE qty=6 avgPrice=37.6000
2026-05-07 00:15:44 WARN  SELL_SKIP [US] BAIG reason=PHANTOM_POSITION phase=NONE qty=6 avgPrice=37.6000
2026-05-07 00:15:49 WARN  SELL_SKIP [US] BAIG reason=PHANTOM_POSITION phase=NONE qty=6 avgPrice=37.6000
2026-05-07 00:15:54 WARN  SELL_SKIP [US] BAIG reason=PHANTOM_POSITION phase=NONE qty=6 avgPrice=37.6000
2026-05-07 00:15:59 WARN  SELL_SKIP [US] BAIG reason=PHANTOM_POSITION phase=NONE qty=6 avgPrice=37.6000
2026-05-07 00:16:04 WARN  SELL_SKIP [US] BAIG reason=PHANTOM_POSITION phase=NONE qty=6 avgPrice=37.6000
2026-05-07 00:16:09 WARN  SELL_SKIP [US] BAIG reason=PHANTOM_POSITION phase=NONE qty=6 avgPrice=37.6000
2026-05-07 00:16:14 WARN  SELL_SKIP [US] BAIG reason=PHANTOM_POSITION phase=NONE qty=6 avgPrice=37.6000
2026-05-07 00:16:19 WARN  SELL_SKIP [US] BAIG reason=PHANTOM_POSITION phase=NONE qty=6 avgPrice=37.6000
2026-05-07 00:16:24 WARN  SELL_SKIP [US] BAIG reason=PHANTOM_POSITION phase=NONE qty=6 avgPrice=37.6000
2026-05-07 00:16:29 WARN  SELL_SKIP [US] BAIG reason=PHANTOM_POSITION phase=NONE qty=6 avgPrice=37.6000
2026-05-07 00:16:34 WARN  SELL_SKIP [US] BAIG reason=PHANTOM_POSITION phase=NONE qty=6 avgPrice=37.6000
2026-05-07 00:16:40 WARN  SELL_SKIP [US] BAIG reason=PHANTOM_POSITION phase=NONE qty=6 avgPrice=37.6000
2026-05-07 00:16:45 WARN  SELL_SKIP [US] BAIG reason=PHANTOM_POSITION phase=NONE qty=6 avgPrice=37.6000
2026-05-07 00:16:50 WARN  SELL_SKIP [US] BAIG reason=PHANTOM_POSITION phase=NONE qty=6 avgPrice=37.6000
2026-05-07 00:16:55 WARN  SELL_SKIP [US] BAIG reason=PHANTOM_POSITION phase=NONE qty=6 avgPrice=37.6000
2026-05-07 00:17:00 WARN  SELL_SKIP [US] BAIG reason=PHANTOM_POSITION phase=NONE qty=6 avgPrice=37.6000
2026-05-07 00:17:05 WARN  BUY_SKIP [US] MRVL reason=AMOUNT_TOO_SMALL amount=300.0000 size=1.0000x price=169.4600
2026-05-07 00:17:05 WARN  SELL_SKIP [US] BAIG reason=PHANTOM_POSITION phase=NONE qty=6 avgPrice=37.6000
2026-05-07 00:17:10 INFO  BUY [US] SMU mode=VOLUME_BREAKOUT price=15.9600 qty=15 size=0.8000x score=105(CONV) | WHY: strongBreakout volBreakout retestOK multiUp vol(2.02x) | VWAP: 0.28%(ABOVE slope=UP) | TREND: score=3 vel=1.43%/1.23%/0.98% | VOL: 364246.0000/180066.8000 TO: 5811544.9300/2849666.4259 | entryNo=1
2026-05-07 00:17:10 WARN  BUY_REJECTED SMU phase=NONE
2026-05-07 00:17:10 WARN  SELL_SKIP [US] BAIG reason=PHANTOM_POSITION phase=NONE qty=6 avgPrice=37.6000
2026-05-07 00:17:15 WARN  SELL_SKIP [US] BAIG reason=PHANTOM_POSITION phase=NONE qty=6 avgPrice=37.6000
2026-05-07 00:17:20 WARN  BUY_SKIP [US] MRVL reason=AMOUNT_TOO_SMALL amount=300.0000 size=1.0000x price=169.4200
2026-05-07 00:17:20 WARN  SELL_SKIP [US] BAIG reason=PHANTOM_POSITION phase=NONE qty=6 avgPrice=37.6000
2026-05-07 00:17:25 WARN  SELL_SKIP [US] BAIG reason=PHANTOM_POSITION phase=NONE qty=6 avgPrice=37.6000
2026-05-07 00:17:30 WARN  SELL_SKIP [US] BAIG reason=PHANTOM_POSITION phase=NONE qty=6 avgPrice=37.6000
2026-05-07 00:17:36 WARN  SELL_SKIP [US] BAIG reason=PHANTOM_POSITION phase=NONE qty=6 avgPrice=37.6000
2026-05-07 00:17:41 WARN  SELL_SKIP [US] BAIG reason=PHANTOM_POSITION phase=NONE qty=6 avgPrice=37.6000
2026-05-07 00:17:46 WARN  SELL_SKIP [US] BAIG reason=PHANTOM_POSITION phase=NONE qty=6 avgPrice=37.6000
2026-05-07 00:17:51 WARN  SELL_SKIP [US] BAIG reason=PHANTOM_POSITION phase=NONE qty=6 avgPrice=37.6000
2026-05-07 00:17:56 WARN  SELL_SKIP [US] BAIG reason=PHANTOM_POSITION phase=NONE qty=6 avgPrice=37.6000
2026-05-07 00:18:01 WARN  SELL_SKIP [US] BAIG reason=PHANTOM_POSITION phase=NONE qty=6 avgPrice=37.6000
2026-05-07 00:18:06 WARN  SELL_SKIP [US] BAIG reason=PHANTOM_POSITION phase=NONE qty=6 avgPrice=37.6000
2026-05-07 00:18:11 WARN  SELL_SKIP [US] BAIG reason=PHANTOM_POSITION phase=NONE qty=6 avgPrice=37.6000
2026-05-07 00:18:16 WARN  SELL_SKIP [US] BAIG reason=PHANTOM_POSITION phase=NONE qty=6 avgPrice=37.6000
2026-05-07 00:18:21 WARN  BUY_SKIP [US] SOXL reason=AMOUNT_TOO_SMALL amount=300.0000 size=1.0000x price=161.1000
2026-05-07 00:18:21 WARN  SELL_SKIP [US] BAIG reason=PHANTOM_POSITION phase=NONE qty=6 avgPrice=37.6000
2026-05-07 00:18:26 WARN  SELL_SKIP [US] BAIG reason=PHANTOM_POSITION phase=NONE qty=6 avgPrice=37.6000
2026-05-07 00:18:31 WARN  SELL_SKIP [US] BAIG reason=PHANTOM_POSITION phase=NONE qty=6 avgPrice=37.6000
2026-05-07 00:18:37 WARN  SELL_SKIP [US] BAIG reason=PHANTOM_POSITION phase=NONE qty=6 avgPrice=37.6000
2026-05-07 00:18:42 WARN  SELL_SKIP [US] BAIG reason=PHANTOM_POSITION phase=NONE qty=6 avgPrice=37.6000
2026-05-07 00:18:47 WARN  SELL_SKIP [US] BAIG reason=PHANTOM_POSITION phase=NONE qty=6 avgPrice=37.6000
2026-05-07 00:18:52 WARN  SELL_SKIP [US] BAIG reason=PHANTOM_POSITION phase=NONE qty=6 avgPrice=37.6000
2026-05-07 00:18:57 WARN  SELL_SKIP [US] BAIG reason=PHANTOM_POSITION phase=NONE qty=6 avgPrice=37.6000
2026-05-07 00:19:02 WARN  SELL_SKIP [US] BAIG reason=PHANTOM_POSITION phase=NONE qty=6 avgPrice=37.6000
2026-05-07 00:19:07 WARN  SELL_SKIP [US] BAIG reason=PHANTOM_POSITION phase=NONE qty=6 avgPrice=37.6000
2026-05-07 00:19:12 WARN  SELL_SKIP [US] BAIG reason=PHANTOM_POSITION phase=NONE qty=6 avgPrice=37.6000
2026-05-07 00:19:17 WARN  SELL_SKIP [US] BAIG reason=PHANTOM_POSITION phase=NONE qty=6 avgPrice=37.6000
2026-05-07 00:19:22 WARN  SELL_SKIP [US] BAIG reason=PHANTOM_POSITION phase=NONE qty=6 avgPrice=37.6000
2026-05-07 00:19:27 WARN  SELL_SKIP [US] BAIG reason=PHANTOM_POSITION phase=NONE qty=6 avgPrice=37.6000
2026-05-07 00:19:32 WARN  SELL_SKIP [US] BAIG reason=PHANTOM_POSITION phase=NONE qty=6 avgPrice=37.6000
2026-05-07 00:19:38 WARN  SELL_SKIP [US] BAIG reason=PHANTOM_POSITION phase=NONE qty=6 avgPrice=37.6000
2026-05-07 00:19:43 WARN  SELL_SKIP [US] BAIG reason=PHANTOM_POSITION phase=NONE qty=6 avgPrice=37.6000
2026-05-07 00:19:48 WARN  SELL_SKIP [US] BAIG reason=PHANTOM_POSITION phase=NONE qty=6 avgPrice=37.6000
2026-05-07 00:19:53 WARN  SELL_SKIP [US] BAIG reason=PHANTOM_POSITION phase=NONE qty=6 avgPrice=37.6000
2026-05-07 00:19:58 WARN  SELL_SKIP [US] BAIG reason=PHANTOM_POSITION phase=NONE qty=6 avgPrice=37.6000
2026-05-07 00:20:03 WARN  SELL_SKIP [US] BAIG reason=PHANTOM_POSITION phase=NONE qty=6 avgPrice=37.6000
2026-05-07 00:20:08 INFO  BUY [US] NVDL mode=VOLUME_BREAKOUT price=98.0500 qty=2 size=0.8000x score=95(CONV) | WHY: strongBreakout volBreakout retestOK multiUp vol(1.60x) | VWAP: 0.37%(ABOVE slope=UP) | TREND: score=3 vel=0.48%/0.60%/0.86% | VOL: 4956265.0000/3093702.8000 TO: 485813095.3000/301556826.2144 | entryNo=1
2026-05-07 00:20:08 WARN  BUY_REJECTED NVDL phase=NONE
2026-05-07 00:20:08 WARN  SELL_SKIP [US] BAIG reason=PHANTOM_POSITION phase=NONE qty=6 avgPrice=37.6000
2026-05-07 00:20:13 WARN  SELL_SKIP [US] BAIG reason=PHANTOM_POSITION phase=NONE qty=6 avgPrice=37.6000
2026-05-07 00:20:18 WARN  SELL_SKIP [US] BAIG reason=PHANTOM_POSITION phase=NONE qty=6 avgPrice=37.6000
2026-05-07 00:20:23 WARN  SELL_SKIP [US] BAIG reason=PHANTOM_POSITION phase=NONE qty=6 avgPrice=37.6000
2026-05-07 00:20:28 WARN  SELL_SKIP [US] BAIG reason=PHANTOM_POSITION phase=NONE qty=6 avgPrice=37.6000
2026-05-07 00:20:33 WARN  SELL_SKIP [US] BAIG reason=PHANTOM_POSITION phase=NONE qty=6 avgPrice=37.6000
2026-05-07 00:20:39 WARN  SELL_SKIP [US] BAIG reason=PHANTOM_POSITION phase=NONE qty=6 avgPrice=37.6000
2026-05-07 00:20:44 WARN  SELL_SKIP [US] BAIG reason=PHANTOM_POSITION phase=NONE qty=6 avgPrice=37.6000
2026-05-07 00:20:49 WARN  SELL_SKIP [US] BAIG reason=PHANTOM_POSITION phase=NONE qty=6 avgPrice=37.6000
2026-05-07 00:20:54 WARN  SELL_SKIP [US] BAIG reason=PHANTOM_POSITION phase=NONE qty=6 avgPrice=37.6000
2026-05-07 00:20:59 WARN  SELL_SKIP [US] BAIG reason=PHANTOM_POSITION phase=NONE qty=6 avgPrice=37.6000
2026-05-07 00:21:04 WARN  SELL_SKIP [US] BAIG reason=PHANTOM_POSITION phase=NONE qty=6 avgPrice=37.6000
2026-05-07 00:21:09 INFO  BUY [US] SMU mode=BREAKOUT price=16.0900 qty=14 size=0.8000x score=85(CONV) | WHY: strongBreakout retestOK multiUp vol(1.56x) | VWAP: 0.92%(ABOVE slope=UP) | TREND: score=3 vel=0.19%/0.62%/1.80% | VOL: 366125.0000/234788.6000 TO: 5890951.2500/3729030.0979 | entryNo=2
2026-05-07 00:21:09 WARN  BUY_REJECTED SMU phase=NONE
2026-05-07 00:21:09 WARN  SELL_SKIP [US] BAIG reason=PHANTOM_POSITION phase=NONE qty=6 avgPrice=37.6000
2026-05-07 00:21:14 WARN  SELL_SKIP [US] BAIG reason=PHANTOM_POSITION phase=NONE qty=6 avgPrice=37.6000
2026-05-07 00:21:19 WARN  SELL_SKIP [US] BAIG reason=PHANTOM_POSITION phase=NONE qty=6 avgPrice=37.6000
2026-05-07 00:21:24 WARN  SELL_SKIP [US] BAIG reason=PHANTOM_POSITION phase=NONE qty=6 avgPrice=37.6000
2026-05-07 00:21:30 WARN  SELL_SKIP [US] BAIG reason=PHANTOM_POSITION phase=NONE qty=6 avgPrice=37.6000
2026-05-07 00:21:35 WARN  SELL_SKIP [US] BAIG reason=PHANTOM_POSITION phase=NONE qty=6 avgPrice=37.6000
2026-05-07 00:21:40 WARN  SELL_SKIP [US] BAIG reason=PHANTOM_POSITION phase=NONE qty=6 avgPrice=37.6000
2026-05-07 00:21:45 WARN  SELL_SKIP [US] BAIG reason=PHANTOM_POSITION phase=NONE qty=6 avgPrice=37.6000
2026-05-07 00:21:50 WARN  SELL_SKIP [US] BAIG reason=PHANTOM_POSITION phase=NONE qty=6 avgPrice=37.6000
2026-05-07 00:21:55 WARN  SELL_SKIP [US] BAIG reason=PHANTOM_POSITION phase=NONE qty=6 avgPrice=37.6000
2026-05-07 00:22:00 WARN  SELL_SKIP [US] BAIG reason=PHANTOM_POSITION phase=NONE qty=6 avgPrice=37.6000
2026-05-07 00:22:05 INFO  BUY [US] NVDL mode=BREAKOUT price=98.7200 qty=2 size=0.8000x score=85(CONV) | WHY: strongBreakout retestOK multiUp vol(1.55x) | VWAP: 1.03%(ABOVE slope=UP) | TREND: score=3 vel=0.71%/1.02%/1.31% | VOL: 5191502.0000/3358237.0000 TO: 512505077.4400/327669978.9223 | entryNo=2
2026-05-07 00:22:05 WARN  BUY_REJECTED NVDL phase=NONE
2026-05-07 00:22:05 WARN  SELL_SKIP [US] BAIG reason=PHANTOM_POSITION phase=NONE qty=6 avgPrice=37.6000
2026-05-07 00:22:20 WARN  SELL_SKIP [US] BAIG reason=PHANTOM_POSITION phase=NONE qty=6 avgPrice=37.6000
2026-05-07 00:22:26 WARN  SELL_SKIP [US] BAIG reason=PHANTOM_POSITION phase=NONE qty=6 avgPrice=37.6000
2026-05-07 00:22:31 WARN  SELL_SKIP [US] BAIG reason=PHANTOM_POSITION phase=NONE qty=6 avgPrice=37.6000
2026-05-07 00:22:36 WARN  SELL_SKIP [US] BAIG reason=PHANTOM_POSITION phase=NONE qty=6 avgPrice=37.6000
2026-05-07 00:22:41 WARN  SELL_SKIP [US] BAIG reason=PHANTOM_POSITION phase=NONE qty=6 avgPrice=37.6000
2026-05-07 00:22:46 WARN  SELL_SKIP [US] BAIG reason=PHANTOM_POSITION phase=NONE qty=6 avgPrice=37.6000
2026-05-07 00:22:51 WARN  SELL_SKIP [US] BAIG reason=PHANTOM_POSITION phase=NONE qty=6 avgPrice=37.6000
2026-05-07 00:22:56 WARN  SELL_SKIP [US] BAIG reason=PHANTOM_POSITION phase=NONE qty=6 avgPrice=37.6000
2026-05-07 00:23:01 WARN  SELL_SKIP [US] BAIG reason=PHANTOM_POSITION phase=NONE qty=6 avgPrice=37.6000
2026-05-07 00:23:06 WARN  SELL_SKIP [US] BAIG reason=PHANTOM_POSITION phase=NONE qty=6 avgPrice=37.6000
2026-05-07 00:23:16 WARN  SELL_SKIP [US] BAIG reason=PHANTOM_POSITION phase=NONE qty=6 avgPrice=37.6000
2026-05-07 00:23:22 WARN  SELL_SKIP [US] BAIG reason=PHANTOM_POSITION phase=NONE qty=6 avgPrice=37.6000
2026-05-07 00:23:27 WARN  SELL_SKIP [US] BAIG reason=PHANTOM_POSITION phase=NONE qty=6 avgPrice=37.6000
2026-05-07 00:23:32 WARN  SELL_SKIP [US] BAIG reason=PHANTOM_POSITION phase=NONE qty=6 avgPrice=37.6000
2026-05-07 00:23:37 WARN  SELL_SKIP [US] BAIG reason=PHANTOM_POSITION phase=NONE qty=6 avgPrice=37.6000
2026-05-07 00:23:42 WARN  SELL_SKIP [US] BAIG reason=PHANTOM_POSITION phase=NONE qty=6 avgPrice=37.6000
2026-05-07 00:23:47 WARN  SELL_SKIP [US] BAIG reason=PHANTOM_POSITION phase=NONE qty=6 avgPrice=37.6000
2026-05-07 00:23:52 WARN  SELL_SKIP [US] BAIG reason=PHANTOM_POSITION phase=NONE qty=6 avgPrice=37.6000
2026-05-07 00:23:57 WARN  SELL_SKIP [US] BAIG reason=PHANTOM_POSITION phase=NONE qty=6 avgPrice=37.6000
2026-05-07 00:24:02 WARN  SELL_SKIP [US] BAIG reason=PHANTOM_POSITION phase=NONE qty=6 avgPrice=37.6000
2026-05-07 00:24:07 INFO  BUY [US] AXTI mode=VOLUME_BREAKOUT price=97.4100 qty=2 size=0.8000x score=95(CONV) | WHY: strongBreakout volBreakout retestOK multiUp vol(1.91x) | VWAP: 3.00%(ABOVE slope=UP) | TREND: score=3 vel=0.32%/0.64%/0.66% | VOL: 5200935.0000/2717973.8000 TO: 506128989.5250/261306921.8677 | entryNo=1
2026-05-07 00:24:07 WARN  BUY_REJECTED AXTI phase=NONE
2026-05-07 00:24:12 WARN  SELL_SKIP [US] BAIG reason=PHANTOM_POSITION phase=NONE qty=6 avgPrice=37.6000
2026-05-07 00:24:18 WARN  SELL_SKIP [US] BAIG reason=PHANTOM_POSITION phase=NONE qty=6 avgPrice=37.6000
2026-05-07 00:24:23 WARN  SELL_SKIP [US] BAIG reason=PHANTOM_POSITION phase=NONE qty=6 avgPrice=37.6000
2026-05-07 00:24:28 WARN  SELL_SKIP [US] BAIG reason=PHANTOM_POSITION phase=NONE qty=6 avgPrice=37.6000
2026-05-07 00:24:33 WARN  SELL_SKIP [US] BAIG reason=PHANTOM_POSITION phase=NONE qty=6 avgPrice=37.6000
2026-05-07 00:24:38 WARN  SELL_SKIP [US] BAIG reason=PHANTOM_POSITION phase=NONE qty=6 avgPrice=37.6000
2026-05-07 00:24:43 WARN  SELL_SKIP [US] BAIG reason=PHANTOM_POSITION phase=NONE qty=6 avgPrice=37.6000
2026-05-07 00:24:48 WARN  SELL_SKIP [US] BAIG reason=PHANTOM_POSITION phase=NONE qty=6 avgPrice=37.6000
2026-05-07 00:24:53 WARN  SELL_SKIP [US] BAIG reason=PHANTOM_POSITION phase=NONE qty=6 avgPrice=37.6000
2026-05-07 00:25:03 WARN  SELL_SKIP [US] BAIG reason=PHANTOM_POSITION phase=NONE qty=6 avgPrice=37.6000
2026-05-07 00:25:08 WARN  SELL_SKIP [US] BAIG reason=PHANTOM_POSITION phase=NONE qty=6 avgPrice=37.6000
2026-05-07 00:25:14 WARN  SELL_SKIP [US] BAIG reason=PHANTOM_POSITION phase=NONE qty=6 avgPrice=37.6000
2026-05-07 00:25:19 WARN  SELL_SKIP [US] BAIG reason=PHANTOM_POSITION phase=NONE qty=6 avgPrice=37.6000
2026-05-07 00:25:24 WARN  SELL_SKIP [US] BAIG reason=PHANTOM_POSITION phase=NONE qty=6 avgPrice=37.6000
2026-05-07 00:25:29 WARN  SELL_SKIP [US] BAIG reason=PHANTOM_POSITION phase=NONE qty=6 avgPrice=37.6000
2026-05-07 00:25:34 WARN  SELL_SKIP [US] BAIG reason=PHANTOM_POSITION phase=NONE qty=6 avgPrice=37.6000
2026-05-07 00:25:39 WARN  SELL_SKIP [US] BAIG reason=PHANTOM_POSITION phase=NONE qty=6 avgPrice=37.6000
2026-05-07 00:25:44 WARN  SELL_SKIP [US] BAIG reason=PHANTOM_POSITION phase=NONE qty=6 avgPrice=37.6000
2026-05-07 00:25:54 WARN  SELL_SKIP [US] BAIG reason=PHANTOM_POSITION phase=NONE qty=6 avgPrice=37.6000
2026-05-07 00:25:59 WARN  SELL_SKIP [US] BAIG reason=PHANTOM_POSITION phase=NONE qty=6 avgPrice=37.6000
2026-05-07 00:26:04 WARN  SELL_SKIP [US] BAIG reason=PHANTOM_POSITION phase=NONE qty=6 avgPrice=37.6000
2026-05-07 00:26:10 WARN  SELL_SKIP [US] BAIG reason=PHANTOM_POSITION phase=NONE qty=6 avgPrice=37.6000
2026-05-07 00:26:15 WARN  SELL_SKIP [US] BAIG reason=PHANTOM_POSITION phase=NONE qty=6 avgPrice=37.6000
2026-05-07 00:26:20 WARN  SELL_SKIP [US] BAIG reason=PHANTOM_POSITION phase=NONE qty=6 avgPrice=37.6000
2026-05-07 00:26:25 WARN  SELL_SKIP [US] BAIG reason=PHANTOM_POSITION phase=NONE qty=6 avgPrice=37.6000
2026-05-07 00:26:30 WARN  SELL_SKIP [US] BAIG reason=PHANTOM_POSITION phase=NONE qty=6 avgPrice=37.6000
2026-05-07 00:26:35 WARN  SELL_SKIP [US] BAIG reason=PHANTOM_POSITION phase=NONE qty=6 avgPrice=37.6000
2026-05-07 00:26:40 WARN  SELL_SKIP [US] BAIG reason=PHANTOM_POSITION phase=NONE qty=6 avgPrice=37.6000
2026-05-07 00:26:45 WARN  SELL_SKIP [US] BAIG reason=PHANTOM_POSITION phase=NONE qty=6 avgPrice=37.6000
2026-05-07 00:26:50 WARN  SELL_SKIP [US] BAIG reason=PHANTOM_POSITION phase=NONE qty=6 avgPrice=37.6000
2026-05-07 00:26:55 WARN  SELL_SKIP [US] BAIG reason=PHANTOM_POSITION phase=NONE qty=6 avgPrice=37.6000
2026-05-07 00:27:00 WARN  SELL_SKIP [US] BAIG reason=PHANTOM_POSITION phase=NONE qty=6 avgPrice=37.6000
2026-05-07 00:27:05 WARN  SELL_SKIP [US] BAIG reason=PHANTOM_POSITION phase=NONE qty=6 avgPrice=37.6000
2026-05-07 00:27:11 WARN  SELL_SKIP [US] BAIG reason=PHANTOM_POSITION phase=NONE qty=6 avgPrice=37.6000
2026-05-07 00:27:16 WARN  SELL_SKIP [US] BAIG reason=PHANTOM_POSITION phase=NONE qty=6 avgPrice=37.6000
2026-05-07 00:27:21 WARN  SELL_SKIP [US] BAIG reason=PHANTOM_POSITION phase=NONE qty=6 avgPrice=37.6000
2026-05-07 00:27:26 WARN  SELL_SKIP [US] BAIG reason=PHANTOM_POSITION phase=NONE qty=6 avgPrice=37.6000
2026-05-07 00:27:31 WARN  SELL_SKIP [US] BAIG reason=PHANTOM_POSITION phase=NONE qty=6 avgPrice=37.6000
2026-05-07 00:27:36 WARN  SELL_SKIP [US] BAIG reason=PHANTOM_POSITION phase=NONE qty=6 avgPrice=37.6000
2026-05-07 00:27:41 WARN  SELL_SKIP [US] BAIG reason=PHANTOM_POSITION phase=NONE qty=6 avgPrice=37.6000
2026-05-07 00:27:46 WARN  SELL_SKIP [US] BAIG reason=PHANTOM_POSITION phase=NONE qty=6 avgPrice=37.6000
2026-05-07 00:27:51 WARN  SELL_SKIP [US] BAIG reason=PHANTOM_POSITION phase=NONE qty=6 avgPrice=37.6000
2026-05-07 00:27:56 WARN  SELL_SKIP [US] BAIG reason=PHANTOM_POSITION phase=NONE qty=6 avgPrice=37.6000
2026-05-07 00:28:07 WARN  SELL_SKIP [US] BAIG reason=PHANTOM_POSITION phase=NONE qty=6 avgPrice=37.6000
2026-05-07 00:28:12 WARN  SELL_SKIP [US] BAIG reason=PHANTOM_POSITION phase=NONE qty=6 avgPrice=37.6000
2026-05-07 00:28:17 WARN  SELL_SKIP [US] BAIG reason=PHANTOM_POSITION phase=NONE qty=6 avgPrice=37.6000
2026-05-07 00:28:22 WARN  SELL_SKIP [US] BAIG reason=PHANTOM_POSITION phase=NONE qty=6 avgPrice=37.6000
2026-05-07 00:28:27 WARN  SELL_SKIP [US] BAIG reason=PHANTOM_POSITION phase=NONE qty=6 avgPrice=37.6000
2026-05-07 00:28:32 WARN  SELL_SKIP [US] BAIG reason=PHANTOM_POSITION phase=NONE qty=6 avgPrice=37.6000
2026-05-07 00:28:37 WARN  SELL_SKIP [US] BAIG reason=PHANTOM_POSITION phase=NONE qty=6 avgPrice=37.6000
2026-05-07 00:28:42 WARN  SELL_SKIP [US] BAIG reason=PHANTOM_POSITION phase=NONE qty=6 avgPrice=37.6000
2026-05-07 00:28:47 WARN  SELL_SKIP [US] BAIG reason=PHANTOM_POSITION phase=NONE qty=6 avgPrice=37.6000
2026-05-07 00:28:52 WARN  SELL_SKIP [US] BAIG reason=PHANTOM_POSITION phase=NONE qty=6 avgPrice=37.6000
2026-05-07 00:28:57 WARN  SELL_SKIP [US] BAIG reason=PHANTOM_POSITION phase=NONE qty=6 avgPrice=37.6000
2026-05-07 00:29:02 WARN  SELL_SKIP [US] BAIG reason=PHANTOM_POSITION phase=NONE qty=6 avgPrice=37.6000
2026-05-07 00:29:08 WARN  SELL_SKIP [US] BAIG reason=PHANTOM_POSITION phase=NONE qty=6 avgPrice=37.6000
2026-05-07 00:29:13 WARN  SELL_SKIP [US] BAIG reason=PHANTOM_POSITION phase=NONE qty=6 avgPrice=37.6000
2026-05-07 00:29:18 WARN  SELL_SKIP [US] BAIG reason=PHANTOM_POSITION phase=NONE qty=6 avgPrice=37.6000
2026-05-07 00:29:23 WARN  SELL_SKIP [US] BAIG reason=PHANTOM_POSITION phase=NONE qty=6 avgPrice=37.6000
2026-05-07 00:29:28 WARN  SELL_SKIP [US] BAIG reason=PHANTOM_POSITION phase=NONE qty=6 avgPrice=37.6000
2026-05-07 00:29:33 WARN  SELL_SKIP [US] BAIG reason=PHANTOM_POSITION phase=NONE qty=6 avgPrice=37.6000
2026-05-07 00:29:38 WARN  SELL_SKIP [US] BAIG reason=PHANTOM_POSITION phase=NONE qty=6 avgPrice=37.6000
2026-05-07 00:29:43 WARN  SELL_SKIP [US] BAIG reason=PHANTOM_POSITION phase=NONE qty=6 avgPrice=37.6000
2026-05-07 00:29:48 WARN  SELL_SKIP [US] BAIG reason=PHANTOM_POSITION phase=NONE qty=6 avgPrice=37.6000
2026-05-07 00:29:53 WARN  SELL_SKIP [US] BAIG reason=PHANTOM_POSITION phase=NONE qty=6 avgPrice=37.6000
2026-05-07 00:29:58 WARN  SELL_SKIP [US] BAIG reason=PHANTOM_POSITION phase=NONE qty=6 avgPrice=37.6000
2026-05-07 00:30:04 WARN  SELL_SKIP [US] BAIG reason=PHANTOM_POSITION phase=NONE qty=6 avgPrice=37.6000
2026-05-07 00:30:09 WARN  SELL_SKIP [US] BAIG reason=PHANTOM_POSITION phase=NONE qty=6 avgPrice=37.6000
2026-05-07 00:30:14 WARN  SELL_SKIP [US] BAIG reason=PHANTOM_POSITION phase=NONE qty=6 avgPrice=37.6000
2026-05-07 00:30:19 WARN  SELL_SKIP [US] BAIG reason=PHANTOM_POSITION phase=NONE qty=6 avgPrice=37.6000
2026-05-07 00:30:24 WARN  SELL_SKIP [US] BAIG reason=PHANTOM_POSITION phase=NONE qty=6 avgPrice=37.6000
2026-05-07 00:30:29 WARN  SELL_SKIP [US] BAIG reason=PHANTOM_POSITION phase=NONE qty=6 avgPrice=37.6000
2026-05-07 00:30:34 WARN  SELL_SKIP [US] BAIG reason=PHANTOM_POSITION phase=NONE qty=6 avgPrice=37.6000
2026-05-07 00:30:39 WARN  SELL_SKIP [US] BAIG reason=PHANTOM_POSITION phase=NONE qty=6 avgPrice=37.6000
2026-05-07 00:30:44 WARN  SELL_SKIP [US] BAIG reason=PHANTOM_POSITION phase=NONE qty=6 avgPrice=37.6000
2026-05-07 00:30:49 WARN  SELL_SKIP [US] BAIG reason=PHANTOM_POSITION phase=NONE qty=6 avgPrice=37.6000
2026-05-07 00:30:54 WARN  SELL_SKIP [US] BAIG reason=PHANTOM_POSITION phase=NONE qty=6 avgPrice=37.6000
2026-05-07 00:31:00 WARN  SELL_SKIP [US] BAIG reason=PHANTOM_POSITION phase=NONE qty=6 avgPrice=37.6000
2026-05-07 00:31:05 WARN  SELL_SKIP [US] BAIG reason=PHANTOM_POSITION phase=NONE qty=6 avgPrice=37.6000
2026-05-07 00:31:10 WARN  SELL_SKIP [US] BAIG reason=PHANTOM_POSITION phase=NONE qty=6 avgPrice=37.6000
2026-05-07 00:31:15 WARN  SELL_SKIP [US] BAIG reason=PHANTOM_POSITION phase=NONE qty=6 avgPrice=37.6000
2026-05-07 00:31:20 WARN  SELL_SKIP [US] BAIG reason=PHANTOM_POSITION phase=NONE qty=6 avgPrice=37.6000
2026-05-07 00:31:25 WARN  SELL_SKIP [US] BAIG reason=PHANTOM_POSITION phase=NONE qty=6 avgPrice=37.6000
2026-05-07 00:31:30 WARN  SELL_SKIP [US] BAIG reason=PHANTOM_POSITION phase=NONE qty=6 avgPrice=37.6000
2026-05-07 00:31:35 WARN  SELL_SKIP [US] BAIG reason=PHANTOM_POSITION phase=NONE qty=6 avgPrice=37.6000
2026-05-07 00:31:40 WARN  SELL_SKIP [US] BAIG reason=PHANTOM_POSITION phase=NONE qty=6 avgPrice=37.6000
2026-05-07 00:31:45 WARN  SELL_SKIP [US] BAIG reason=PHANTOM_POSITION phase=NONE qty=6 avgPrice=37.6000
2026-05-07 00:31:50 WARN  SELL_SKIP [US] BAIG reason=PHANTOM_POSITION phase=NONE qty=6 avgPrice=37.6000
2026-05-07 00:31:55 WARN  SELL_SKIP [US] BAIG reason=PHANTOM_POSITION phase=NONE qty=6 avgPrice=37.6000
2026-05-07 00:32:01 WARN  SELL_SKIP [US] BAIG reason=PHANTOM_POSITION phase=NONE qty=6 avgPrice=37.6000
2026-05-07 00:32:05 INFO  BUY [US] EBAY mode=BREAKOUT price=107.9500 qty=2 size=0.8000x score=85(CONV) | WHY: strongBreakout retestOK multiUp vol(1.59x) | VWAP: 0.06%(ABOVE slope=UP) | TREND: score=3 vel=0.15%/0.09%/0.14% | VOL: 1924726.0000/1208895.6000 TO: 207774171.7000/130465519.1309 | entryNo=2
2026-05-07 00:32:06 WARN  BUY_REJECTED EBAY phase=NONE
2026-05-07 00:32:06 WARN  SELL_SKIP [US] BAIG reason=PHANTOM_POSITION phase=NONE qty=6 avgPrice=37.6000
2026-05-07 00:32:11 WARN  SELL_SKIP [US] BAIG reason=PHANTOM_POSITION phase=NONE qty=6 avgPrice=37.6000
2026-05-07 00:32:16 WARN  SELL_SKIP [US] BAIG reason=PHANTOM_POSITION phase=NONE qty=6 avgPrice=37.6000
2026-05-07 00:32:21 WARN  SELL_SKIP [US] BAIG reason=PHANTOM_POSITION phase=NONE qty=6 avgPrice=37.6000
2026-05-07 00:32:26 WARN  SELL_SKIP [US] BAIG reason=PHANTOM_POSITION phase=NONE qty=6 avgPrice=37.6000
2026-05-07 00:32:31 WARN  SELL_SKIP [US] BAIG reason=PHANTOM_POSITION phase=NONE qty=6 avgPrice=37.6000
2026-05-07 00:32:36 WARN  SELL_SKIP [US] BAIG reason=PHANTOM_POSITION phase=NONE qty=6 avgPrice=37.6000
2026-05-07 00:32:41 WARN  SELL_SKIP [US] BAIG reason=PHANTOM_POSITION phase=NONE qty=6 avgPrice=37.6000
2026-05-07 00:32:46 WARN  SELL_SKIP [US] BAIG reason=PHANTOM_POSITION phase=NONE qty=6 avgPrice=37.6000
2026-05-07 00:32:52 WARN  SELL_SKIP [US] BAIG reason=PHANTOM_POSITION phase=NONE qty=6 avgPrice=37.6000
2026-05-07 00:32:57 WARN  SELL_SKIP [US] BAIG reason=PHANTOM_POSITION phase=NONE qty=6 avgPrice=37.6000
2026-05-07 00:33:02 WARN  SELL_SKIP [US] BAIG reason=PHANTOM_POSITION phase=NONE qty=6 avgPrice=37.6000
2026-05-07 00:33:07 WARN  SELL_SKIP [US] BAIG reason=PHANTOM_POSITION phase=NONE qty=6 avgPrice=37.6000
2026-05-07 00:33:12 WARN  SELL_SKIP [US] BAIG reason=PHANTOM_POSITION phase=NONE qty=6 avgPrice=37.6000
2026-05-07 00:33:22 WARN  SELL_SKIP [US] BAIG reason=PHANTOM_POSITION phase=NONE qty=6 avgPrice=37.6000
2026-05-07 00:33:27 WARN  SELL_SKIP [US] BAIG reason=PHANTOM_POSITION phase=NONE qty=6 avgPrice=37.6000
2026-05-07 00:33:32 WARN  SELL_SKIP [US] BAIG reason=PHANTOM_POSITION phase=NONE qty=6 avgPrice=37.6000
2026-05-07 00:33:37 WARN  SELL_SKIP [US] BAIG reason=PHANTOM_POSITION phase=NONE qty=6 avgPrice=37.6000
2026-05-07 00:33:42 WARN  SELL_SKIP [US] BAIG reason=PHANTOM_POSITION phase=NONE qty=6 avgPrice=37.6000
2026-05-07 00:33:48 WARN  SELL_SKIP [US] BAIG reason=PHANTOM_POSITION phase=NONE qty=6 avgPrice=37.6000
2026-05-07 00:33:53 WARN  SELL_SKIP [US] BAIG reason=PHANTOM_POSITION phase=NONE qty=6 avgPrice=37.6000
2026-05-07 00:33:58 WARN  SELL_SKIP [US] BAIG reason=PHANTOM_POSITION phase=NONE qty=6 avgPrice=37.6000
2026-05-07 00:34:03 WARN  SELL_SKIP [US] BAIG reason=PHANTOM_POSITION phase=NONE qty=6 avgPrice=37.6000
2026-05-07 00:34:08 WARN  SELL_SKIP [US] BAIG reason=PHANTOM_POSITION phase=NONE qty=6 avgPrice=37.6000
2026-05-07 00:34:13 WARN  SELL_SKIP [US] BAIG reason=PHANTOM_POSITION phase=NONE qty=6 avgPrice=37.6000
2026-05-07 00:34:18 WARN  SELL_SKIP [US] BAIG reason=PHANTOM_POSITION phase=NONE qty=6 avgPrice=37.6000
2026-05-07 00:34:23 WARN  SELL_SKIP [US] BAIG reason=PHANTOM_POSITION phase=NONE qty=6 avgPrice=37.6000
2026-05-07 00:34:28 WARN  SELL_SKIP [US] BAIG reason=PHANTOM_POSITION phase=NONE qty=6 avgPrice=37.6000
2026-05-07 00:34:33 WARN  SELL_SKIP [US] BAIG reason=PHANTOM_POSITION phase=NONE qty=6 avgPrice=37.6000
2026-05-07 00:34:39 WARN  SELL_SKIP [US] BAIG reason=PHANTOM_POSITION phase=NONE qty=6 avgPrice=37.6000
2026-05-07 00:34:44 WARN  SELL_SKIP [US] BAIG reason=PHANTOM_POSITION phase=NONE qty=6 avgPrice=37.6000
2026-05-07 00:34:49 WARN  SELL_SKIP [US] BAIG reason=PHANTOM_POSITION phase=NONE qty=6 avgPrice=37.6000
2026-05-07 00:34:54 WARN  SELL_SKIP [US] BAIG reason=PHANTOM_POSITION phase=NONE qty=6 avgPrice=37.6000
2026-05-07 00:34:59 WARN  SELL_SKIP [US] BAIG reason=PHANTOM_POSITION phase=NONE qty=6 avgPrice=37.6000
2026-05-07 00:35:04 WARN  SELL_SKIP [US] BAIG reason=PHANTOM_POSITION phase=NONE qty=6 avgPrice=37.6000
2026-05-07 00:35:09 WARN  SELL_SKIP [US] BAIG reason=PHANTOM_POSITION phase=NONE qty=6 avgPrice=37.6000
2026-05-07 00:35:14 WARN  SELL_SKIP [US] BAIG reason=PHANTOM_POSITION phase=NONE qty=6 avgPrice=37.6000
2026-05-07 00:35:19 WARN  SELL_SKIP [US] BAIG reason=PHANTOM_POSITION phase=NONE qty=6 avgPrice=37.6000
2026-05-07 00:35:24 WARN  SELL_SKIP [US] BAIG reason=PHANTOM_POSITION phase=NONE qty=6 avgPrice=37.6000
2026-05-07 00:35:29 WARN  SELL_SKIP [US] BAIG reason=PHANTOM_POSITION phase=NONE qty=6 avgPrice=37.6000
2026-05-07 00:35:34 WARN  SELL_SKIP [US] BAIG reason=PHANTOM_POSITION phase=NONE qty=6 avgPrice=37.6000
2026-05-07 00:35:40 WARN  SELL_SKIP [US] BAIG reason=PHANTOM_POSITION phase=NONE qty=6 avgPrice=37.6000
2026-05-07 00:35:45 WARN  SELL_SKIP [US] BAIG reason=PHANTOM_POSITION phase=NONE qty=6 avgPrice=37.6000
2026-05-07 00:35:50 WARN  SELL_SKIP [US] BAIG reason=PHANTOM_POSITION phase=NONE qty=6 avgPrice=37.6000
2026-05-07 00:35:55 WARN  SELL_SKIP [US] BAIG reason=PHANTOM_POSITION phase=NONE qty=6 avgPrice=37.6000
2026-05-07 00:36:00 WARN  SELL_SKIP [US] BAIG reason=PHANTOM_POSITION phase=NONE qty=6 avgPrice=37.6000
2026-05-07 00:36:05 WARN  SELL_SKIP [US] BAIG reason=PHANTOM_POSITION phase=NONE qty=6 avgPrice=37.6000
2026-05-07 00:36:10 WARN  SELL_SKIP [US] BAIG reason=PHANTOM_POSITION phase=NONE qty=6 avgPrice=37.6000
2026-05-07 00:36:15 WARN  SELL_SKIP [US] BAIG reason=PHANTOM_POSITION phase=NONE qty=6 avgPrice=37.6000
2026-05-07 00:36:20 WARN  SELL_SKIP [US] BAIG reason=PHANTOM_POSITION phase=NONE qty=6 avgPrice=37.6000
2026-05-07 00:36:30 WARN  SELL_SKIP [US] BAIG reason=PHANTOM_POSITION phase=NONE qty=6 avgPrice=37.6000
2026-05-07 00:36:36 WARN  SELL_SKIP [US] BAIG reason=PHANTOM_POSITION phase=NONE qty=6 avgPrice=37.6000
2026-05-07 00:36:41 WARN  SELL_SKIP [US] BAIG reason=PHANTOM_POSITION phase=NONE qty=6 avgPrice=37.6000
2026-05-07 00:36:46 WARN  SELL_SKIP [US] BAIG reason=PHANTOM_POSITION phase=NONE qty=6 avgPrice=37.6000
2026-05-07 00:36:51 WARN  SELL_SKIP [US] BAIG reason=PHANTOM_POSITION phase=NONE qty=6 avgPrice=37.6000
2026-05-07 00:36:56 WARN  SELL_SKIP [US] BAIG reason=PHANTOM_POSITION phase=NONE qty=6 avgPrice=37.6000
2026-05-07 00:37:01 WARN  SELL_SKIP [US] BAIG reason=PHANTOM_POSITION phase=NONE qty=6 avgPrice=37.6000
2026-05-07 00:37:06 WARN  SELL_SKIP [US] BAIG reason=PHANTOM_POSITION phase=NONE qty=6 avgPrice=37.6000
2026-05-07 00:37:11 WARN  SELL_SKIP [US] BAIG reason=PHANTOM_POSITION phase=NONE qty=6 avgPrice=37.6000
2026-05-07 00:37:16 WARN  SELL_SKIP [US] BAIG reason=PHANTOM_POSITION phase=NONE qty=6 avgPrice=37.6000
2026-05-07 00:37:21 WARN  SELL_SKIP [US] BAIG reason=PHANTOM_POSITION phase=NONE qty=6 avgPrice=37.6000
2026-05-07 00:37:26 WARN  SELL_SKIP [US] BAIG reason=PHANTOM_POSITION phase=NONE qty=6 avgPrice=37.6000
2026-05-07 00:37:31 WARN  SELL_SKIP [US] BAIG reason=PHANTOM_POSITION phase=NONE qty=6 avgPrice=37.6000
2026-05-07 00:37:37 WARN  SELL_SKIP [US] BAIG reason=PHANTOM_POSITION phase=NONE qty=6 avgPrice=37.6000
2026-05-07 00:37:42 WARN  SELL_SKIP [US] BAIG reason=PHANTOM_POSITION phase=NONE qty=6 avgPrice=37.6000
2026-05-07 00:37:47 WARN  SELL_SKIP [US] BAIG reason=PHANTOM_POSITION phase=NONE qty=6 avgPrice=37.6000
2026-05-07 00:37:52 WARN  SELL_SKIP [US] BAIG reason=PHANTOM_POSITION phase=NONE qty=6 avgPrice=37.6000
2026-05-07 00:37:57 WARN  SELL_SKIP [US] BAIG reason=PHANTOM_POSITION phase=NONE qty=6 avgPrice=37.6000
2026-05-07 00:38:02 WARN  SELL_SKIP [US] BAIG reason=PHANTOM_POSITION phase=NONE qty=6 avgPrice=37.6000
2026-05-07 00:38:07 WARN  SELL_SKIP [US] BAIG reason=PHANTOM_POSITION phase=NONE qty=6 avgPrice=37.6000
2026-05-07 00:38:12 WARN  SELL_SKIP [US] BAIG reason=PHANTOM_POSITION phase=NONE qty=6 avgPrice=37.6000
2026-05-07 00:38:17 WARN  SELL_SKIP [US] BAIG reason=PHANTOM_POSITION phase=NONE qty=6 avgPrice=37.6000
2026-05-07 00:38:22 WARN  SELL_SKIP [US] BAIG reason=PHANTOM_POSITION phase=NONE qty=6 avgPrice=37.6000
2026-05-07 00:38:27 WARN  SELL_SKIP [US] BAIG reason=PHANTOM_POSITION phase=NONE qty=6 avgPrice=37.6000
2026-05-07 00:38:33 WARN  SELL_SKIP [US] BAIG reason=PHANTOM_POSITION phase=NONE qty=6 avgPrice=37.6000
2026-05-07 00:38:38 WARN  SELL_SKIP [US] BAIG reason=PHANTOM_POSITION phase=NONE qty=6 avgPrice=37.6000
2026-05-07 00:38:43 WARN  SELL_SKIP [US] BAIG reason=PHANTOM_POSITION phase=NONE qty=6 avgPrice=37.6000
2026-05-07 00:38:48 WARN  SELL_SKIP [US] BAIG reason=PHANTOM_POSITION phase=NONE qty=6 avgPrice=37.6000
2026-05-07 00:38:53 WARN  SELL_SKIP [US] BAIG reason=PHANTOM_POSITION phase=NONE qty=6 avgPrice=37.6000
2026-05-07 00:38:58 WARN  SELL_SKIP [US] BAIG reason=PHANTOM_POSITION phase=NONE qty=6 avgPrice=37.6000
2026-05-07 00:39:03 WARN  SELL_SKIP [US] BAIG reason=PHANTOM_POSITION phase=NONE qty=6 avgPrice=37.6000
2026-05-07 00:39:08 WARN  SELL_SKIP [US] BAIG reason=PHANTOM_POSITION phase=NONE qty=6 avgPrice=37.6000
2026-05-07 00:39:13 WARN  SELL_SKIP [US] BAIG reason=PHANTOM_POSITION phase=NONE qty=6 avgPrice=37.6000
2026-05-07 00:39:18 WARN  SELL_SKIP [US] BAIG reason=PHANTOM_POSITION phase=NONE qty=6 avgPrice=37.6000
2026-05-07 00:39:23 WARN  SELL_SKIP [US] BAIG reason=PHANTOM_POSITION phase=NONE qty=6 avgPrice=37.6000
2026-05-07 00:39:28 WARN  SELL_SKIP [US] BAIG reason=PHANTOM_POSITION phase=NONE qty=6 avgPrice=37.6000
2026-05-07 00:39:34 WARN  SELL_SKIP [US] BAIG reason=PHANTOM_POSITION phase=NONE qty=6 avgPrice=37.6000
2026-05-07 00:39:39 WARN  SELL_SKIP [US] BAIG reason=PHANTOM_POSITION phase=NONE qty=6 avgPrice=37.6000
2026-05-07 00:39:44 WARN  SELL_SKIP [US] BAIG reason=PHANTOM_POSITION phase=NONE qty=6 avgPrice=37.6000
2026-05-07 00:39:49 WARN  SELL_SKIP [US] BAIG reason=PHANTOM_POSITION phase=NONE qty=6 avgPrice=37.6000
2026-05-07 00:39:54 WARN  SELL_SKIP [US] BAIG reason=PHANTOM_POSITION phase=NONE qty=6 avgPrice=37.6000
2026-05-07 00:39:59 WARN  SELL_SKIP [US] BAIG reason=PHANTOM_POSITION phase=NONE qty=6 avgPrice=37.6000
2026-05-07 00:40:04 WARN  SELL_SKIP [US] BAIG reason=PHANTOM_POSITION phase=NONE qty=6 avgPrice=37.6000
2026-05-07 00:40:09 WARN  SELL_SKIP [US] BAIG reason=PHANTOM_POSITION phase=NONE qty=6 avgPrice=37.6000
2026-05-07 00:40:14 WARN  SELL_SKIP [US] BAIG reason=PHANTOM_POSITION phase=NONE qty=6 avgPrice=37.6000
2026-05-07 00:40:19 WARN  SELL_SKIP [US] BAIG reason=PHANTOM_POSITION phase=NONE qty=6 avgPrice=37.6000
2026-05-07 00:40:24 WARN  SELL_SKIP [US] BAIG reason=PHANTOM_POSITION phase=NONE qty=6 avgPrice=37.6000
2026-05-07 00:40:29 WARN  SELL_SKIP [US] BAIG reason=PHANTOM_POSITION phase=NONE qty=6 avgPrice=37.6000
2026-05-07 00:40:35 WARN  SELL_SKIP [US] BAIG reason=PHANTOM_POSITION phase=NONE qty=6 avgPrice=37.6000
2026-05-07 00:40:40 WARN  SELL_SKIP [US] BAIG reason=PHANTOM_POSITION phase=NONE qty=6 avgPrice=37.6000
2026-05-07 00:40:45 WARN  SELL_SKIP [US] BAIG reason=PHANTOM_POSITION phase=NONE qty=6 avgPrice=37.6000
2026-05-07 00:40:50 WARN  SELL_SKIP [US] BAIG reason=PHANTOM_POSITION phase=NONE qty=6 avgPrice=37.6000
2026-05-07 00:40:55 WARN  SELL_SKIP [US] BAIG reason=PHANTOM_POSITION phase=NONE qty=6 avgPrice=37.6000
2026-05-07 00:41:00 WARN  SELL_SKIP [US] BAIG reason=PHANTOM_POSITION phase=NONE qty=6 avgPrice=37.6000
2026-05-07 00:41:05 WARN  SELL_SKIP [US] BAIG reason=PHANTOM_POSITION phase=NONE qty=6 avgPrice=37.6000
2026-05-07 00:41:10 WARN  SELL_SKIP [US] BAIG reason=PHANTOM_POSITION phase=NONE qty=6 avgPrice=37.6000
2026-05-07 00:41:15 WARN  SELL_SKIP [US] BAIG reason=PHANTOM_POSITION phase=NONE qty=6 avgPrice=37.6000
2026-05-07 00:41:20 WARN  SELL_SKIP [US] BAIG reason=PHANTOM_POSITION phase=NONE qty=6 avgPrice=37.6000
2026-05-07 00:41:25 WARN  SELL_SKIP [US] BAIG reason=PHANTOM_POSITION phase=NONE qty=6 avgPrice=37.6000
2026-05-07 00:41:30 WARN  SELL_SKIP [US] BAIG reason=PHANTOM_POSITION phase=NONE qty=6 avgPrice=37.6000
2026-05-07 00:41:36 WARN  SELL_SKIP [US] BAIG reason=PHANTOM_POSITION phase=NONE qty=6 avgPrice=37.6000
2026-05-07 00:41:41 WARN  SELL_SKIP [US] BAIG reason=PHANTOM_POSITION phase=NONE qty=6 avgPrice=37.6000
2026-05-07 00:41:46 WARN  SELL_SKIP [US] BAIG reason=PHANTOM_POSITION phase=NONE qty=6 avgPrice=37.6000
2026-05-07 00:41:51 WARN  SELL_SKIP [US] BAIG reason=PHANTOM_POSITION phase=NONE qty=6 avgPrice=37.6000
2026-05-07 00:41:56 WARN  SELL_SKIP [US] BAIG reason=PHANTOM_POSITION phase=NONE qty=6 avgPrice=37.6000
2026-05-07 00:42:01 WARN  SELL_SKIP [US] BAIG reason=PHANTOM_POSITION phase=NONE qty=6 avgPrice=37.6000
2026-05-07 00:42:06 WARN  SELL_SKIP [US] BAIG reason=PHANTOM_POSITION phase=NONE qty=6 avgPrice=37.6000
2026-05-07 00:42:11 WARN  SELL_SKIP [US] BAIG reason=PHANTOM_POSITION phase=NONE qty=6 avgPrice=37.6000
2026-05-07 00:42:16 WARN  SELL_SKIP [US] BAIG reason=PHANTOM_POSITION phase=NONE qty=6 avgPrice=37.6000
2026-05-07 00:42:32 WARN  SELL_SKIP [US] BAIG reason=PHANTOM_POSITION phase=NONE qty=6 avgPrice=37.6000
2026-05-07 00:42:37 WARN  SELL_SKIP [US] BAIG reason=PHANTOM_POSITION phase=NONE qty=6 avgPrice=37.6000
2026-05-07 00:42:42 WARN  SELL_SKIP [US] BAIG reason=PHANTOM_POSITION phase=NONE qty=6 avgPrice=37.6000
2026-05-07 00:42:47 WARN  SELL_SKIP [US] BAIG reason=PHANTOM_POSITION phase=NONE qty=6 avgPrice=37.6000
2026-05-07 00:42:52 WARN  SELL_SKIP [US] BAIG reason=PHANTOM_POSITION phase=NONE qty=6 avgPrice=37.6000
2026-05-07 00:42:57 WARN  SELL_SKIP [US] BAIG reason=PHANTOM_POSITION phase=NONE qty=6 avgPrice=37.6000
2026-05-07 00:43:02 WARN  SELL_SKIP [US] BAIG reason=PHANTOM_POSITION phase=NONE qty=6 avgPrice=37.6000
2026-05-07 00:43:07 WARN  SELL_SKIP [US] BAIG reason=PHANTOM_POSITION phase=NONE qty=6 avgPrice=37.6000
2026-05-07 00:43:12 WARN  SELL_SKIP [US] BAIG reason=PHANTOM_POSITION phase=NONE qty=6 avgPrice=37.6000
2026-05-07 00:43:17 WARN  SELL_SKIP [US] BAIG reason=PHANTOM_POSITION phase=NONE qty=6 avgPrice=37.6000
2026-05-07 00:43:22 WARN  SELL_SKIP [US] BAIG reason=PHANTOM_POSITION phase=NONE qty=6 avgPrice=37.6000
2026-05-07 00:43:28 WARN  SELL_SKIP [US] BAIG reason=PHANTOM_POSITION phase=NONE qty=6 avgPrice=37.6000
2026-05-07 00:43:33 WARN  SELL_SKIP [US] BAIG reason=PHANTOM_POSITION phase=NONE qty=6 avgPrice=37.6000
2026-05-07 00:43:38 WARN  SELL_SKIP [US] BAIG reason=PHANTOM_POSITION phase=NONE qty=6 avgPrice=37.6000
2026-05-07 00:43:43 WARN  SELL_SKIP [US] BAIG reason=PHANTOM_POSITION phase=NONE qty=6 avgPrice=37.6000
2026-05-07 00:43:48 WARN  SELL_SKIP [US] BAIG reason=PHANTOM_POSITION phase=NONE qty=6 avgPrice=37.6000
2026-05-07 00:43:53 WARN  SELL_SKIP [US] BAIG reason=PHANTOM_POSITION phase=NONE qty=6 avgPrice=37.6000
2026-05-07 00:43:58 WARN  SELL_SKIP [US] BAIG reason=PHANTOM_POSITION phase=NONE qty=6 avgPrice=37.6000
2026-05-07 00:44:03 WARN  SELL_SKIP [US] BAIG reason=PHANTOM_POSITION phase=NONE qty=6 avgPrice=37.6000
2026-05-07 00:44:08 WARN  SELL_SKIP [US] BAIG reason=PHANTOM_POSITION phase=NONE qty=6 avgPrice=37.6000
2026-05-07 00:44:14 WARN  SELL_SKIP [US] BAIG reason=PHANTOM_POSITION phase=NONE qty=6 avgPrice=37.6000
2026-05-07 00:44:19 WARN  SELL_SKIP [US] BAIG reason=PHANTOM_POSITION phase=NONE qty=6 avgPrice=37.6000
2026-05-07 00:44:24 WARN  SELL_SKIP [US] BAIG reason=PHANTOM_POSITION phase=NONE qty=6 avgPrice=37.6000
2026-05-07 00:44:29 WARN  SELL_SKIP [US] BAIG reason=PHANTOM_POSITION phase=NONE qty=6 avgPrice=37.6000
2026-05-07 00:44:34 WARN  SELL_SKIP [US] BAIG reason=PHANTOM_POSITION phase=NONE qty=6 avgPrice=37.6000
2026-05-07 00:44:39 WARN  SELL_SKIP [US] BAIG reason=PHANTOM_POSITION phase=NONE qty=6 avgPrice=37.6000
2026-05-07 00:44:44 WARN  SELL_SKIP [US] BAIG reason=PHANTOM_POSITION phase=NONE qty=6 avgPrice=37.6000
2026-05-07 00:44:49 WARN  SELL_SKIP [US] BAIG reason=PHANTOM_POSITION phase=NONE qty=6 avgPrice=37.6000
2026-05-07 00:44:54 WARN  SELL_SKIP [US] BAIG reason=PHANTOM_POSITION phase=NONE qty=6 avgPrice=37.6000
2026-05-07 00:44:59 WARN  SELL_SKIP [US] BAIG reason=PHANTOM_POSITION phase=NONE qty=6 avgPrice=37.6000
2026-05-07 00:45:04 WARN  SELL_SKIP [US] BAIG reason=PHANTOM_POSITION phase=NONE qty=6 avgPrice=37.6000
2026-05-07 00:45:09 WARN  SELL_SKIP [US] BAIG reason=PHANTOM_POSITION phase=NONE qty=6 avgPrice=37.6000
2026-05-07 00:45:15 WARN  SELL_SKIP [US] BAIG reason=PHANTOM_POSITION phase=NONE qty=6 avgPrice=37.6000
2026-05-07 00:45:20 WARN  SELL_SKIP [US] BAIG reason=PHANTOM_POSITION phase=NONE qty=6 avgPrice=37.6000
2026-05-07 00:45:25 WARN  SELL_SKIP [US] BAIG reason=PHANTOM_POSITION phase=NONE qty=6 avgPrice=37.6000
2026-05-07 00:45:30 WARN  SELL_SKIP [US] BAIG reason=PHANTOM_POSITION phase=NONE qty=6 avgPrice=37.6000
2026-05-07 00:45:35 WARN  SELL_SKIP [US] BAIG reason=PHANTOM_POSITION phase=NONE qty=6 avgPrice=37.6000
2026-05-07 00:45:40 WARN  SELL_SKIP [US] BAIG reason=PHANTOM_POSITION phase=NONE qty=6 avgPrice=37.6000
2026-05-07 00:45:45 WARN  SELL_SKIP [US] BAIG reason=PHANTOM_POSITION phase=NONE qty=6 avgPrice=37.6000
2026-05-07 00:45:50 WARN  SELL_SKIP [US] BAIG reason=PHANTOM_POSITION phase=NONE qty=6 avgPrice=37.6000
2026-05-07 00:45:55 WARN  SELL_SKIP [US] BAIG reason=PHANTOM_POSITION phase=NONE qty=6 avgPrice=37.6000
2026-05-07 00:46:00 WARN  SELL_SKIP [US] BAIG reason=PHANTOM_POSITION phase=NONE qty=6 avgPrice=37.6000
2026-05-07 00:46:05 WARN  SELL_SKIP [US] BAIG reason=PHANTOM_POSITION phase=NONE qty=6 avgPrice=37.6000
2026-05-07 00:46:11 WARN  SELL_SKIP [US] BAIG reason=PHANTOM_POSITION phase=NONE qty=6 avgPrice=37.6000
2026-05-07 00:46:16 WARN  SELL_SKIP [US] BAIG reason=PHANTOM_POSITION phase=NONE qty=6 avgPrice=37.6000
2026-05-07 00:46:21 WARN  SELL_SKIP [US] BAIG reason=PHANTOM_POSITION phase=NONE qty=6 avgPrice=37.6000
2026-05-07 00:46:26 WARN  SELL_SKIP [US] BAIG reason=PHANTOM_POSITION phase=NONE qty=6 avgPrice=37.6000
2026-05-07 00:46:31 WARN  SELL_SKIP [US] BAIG reason=PHANTOM_POSITION phase=NONE qty=6 avgPrice=37.6000
2026-05-07 00:46:36 WARN  SELL_SKIP [US] BAIG reason=PHANTOM_POSITION phase=NONE qty=6 avgPrice=37.6000
2026-05-07 00:46:41 WARN  SELL_SKIP [US] BAIG reason=PHANTOM_POSITION phase=NONE qty=6 avgPrice=37.6000
2026-05-07 00:46:46 WARN  SELL_SKIP [US] BAIG reason=PHANTOM_POSITION phase=NONE qty=6 avgPrice=37.6000
2026-05-07 00:46:51 WARN  SELL_SKIP [US] BAIG reason=PHANTOM_POSITION phase=NONE qty=6 avgPrice=37.6000
2026-05-07 00:46:56 WARN  SELL_SKIP [US] BAIG reason=PHANTOM_POSITION phase=NONE qty=6 avgPrice=37.6000
2026-05-07 00:47:06 INFO  BUY [US] HOOD mode=BREAKOUT price=77.0900 qty=3 size=0.8000x score=85(CONV) | WHY: strongBreakout retestOK multiUp vol(1.50x) | VWAP: 0.06%(ABOVE slope=UP) | TREND: score=3 vel=0.52%/0.36%/0.34% | VOL: 7630538.0000/5072052.9500 TO: 588085563.6600/389716006.7588 | entryNo=2
2026-05-07 00:47:07 WARN  BUY_REJECTED HOOD phase=NONE
2026-05-07 00:47:07 WARN  SELL_SKIP [US] BAIG reason=PHANTOM_POSITION phase=NONE qty=6 avgPrice=37.6000
2026-05-07 00:47:12 WARN  SELL_SKIP [US] BAIG reason=PHANTOM_POSITION phase=NONE qty=6 avgPrice=37.6000
2026-05-07 00:47:17 WARN  SELL_SKIP [US] BAIG reason=PHANTOM_POSITION phase=NONE qty=6 avgPrice=37.6000
2026-05-07 00:47:22 WARN  SELL_SKIP [US] BAIG reason=PHANTOM_POSITION phase=NONE qty=6 avgPrice=37.6000
2026-05-07 00:47:27 WARN  SELL_SKIP [US] BAIG reason=PHANTOM_POSITION phase=NONE qty=6 avgPrice=37.6000
2026-05-07 00:47:32 WARN  SELL_SKIP [US] BAIG reason=PHANTOM_POSITION phase=NONE qty=6 avgPrice=37.6000
2026-05-07 00:47:37 WARN  SELL_SKIP [US] BAIG reason=PHANTOM_POSITION phase=NONE qty=6 avgPrice=37.6000
2026-05-07 00:47:42 WARN  SELL_SKIP [US] BAIG reason=PHANTOM_POSITION phase=NONE qty=6 avgPrice=37.6000
2026-05-07 00:47:47 WARN  SELL_SKIP [US] BAIG reason=PHANTOM_POSITION phase=NONE qty=6 avgPrice=37.6000
2026-05-07 00:47:53 WARN  SELL_SKIP [US] BAIG reason=PHANTOM_POSITION phase=NONE qty=6 avgPrice=37.6000
2026-05-07 00:47:58 WARN  SELL_SKIP [US] BAIG reason=PHANTOM_POSITION phase=NONE qty=6 avgPrice=37.6000
2026-05-07 00:48:03 WARN  SELL_SKIP [US] BAIG reason=PHANTOM_POSITION phase=NONE qty=6 avgPrice=37.6000
2026-05-07 00:48:08 WARN  SELL_SKIP [US] BAIG reason=PHANTOM_POSITION phase=NONE qty=6 avgPrice=37.6000
2026-05-07 00:48:13 WARN  SELL_SKIP [US] BAIG reason=PHANTOM_POSITION phase=NONE qty=6 avgPrice=37.6000
2026-05-07 00:48:18 WARN  SELL_SKIP [US] BAIG reason=PHANTOM_POSITION phase=NONE qty=6 avgPrice=37.6000
2026-05-07 00:48:23 WARN  SELL_SKIP [US] BAIG reason=PHANTOM_POSITION phase=NONE qty=6 avgPrice=37.6000
2026-05-07 00:48:28 WARN  SELL_SKIP [US] BAIG reason=PHANTOM_POSITION phase=NONE qty=6 avgPrice=37.6000
2026-05-07 00:48:33 WARN  SELL_SKIP [US] BAIG reason=PHANTOM_POSITION phase=NONE qty=6 avgPrice=37.6000
2026-05-07 00:48:38 WARN  SELL_SKIP [US] BAIG reason=PHANTOM_POSITION phase=NONE qty=6 avgPrice=37.6000
2026-05-07 00:48:43 WARN  SELL_SKIP [US] BAIG reason=PHANTOM_POSITION phase=NONE qty=6 avgPrice=37.6000
2026-05-07 00:48:49 WARN  SELL_SKIP [US] BAIG reason=PHANTOM_POSITION phase=NONE qty=6 avgPrice=37.6000
2026-05-07 00:48:54 WARN  SELL_SKIP [US] BAIG reason=PHANTOM_POSITION phase=NONE qty=6 avgPrice=37.6000
2026-05-07 00:48:59 WARN  SELL_SKIP [US] BAIG reason=PHANTOM_POSITION phase=NONE qty=6 avgPrice=37.6000
2026-05-07 00:49:04 WARN  SELL_SKIP [US] BAIG reason=PHANTOM_POSITION phase=NONE qty=6 avgPrice=37.6000
2026-05-07 00:49:09 WARN  SELL_SKIP [US] BAIG reason=PHANTOM_POSITION phase=NONE qty=6 avgPrice=37.6000
2026-05-07 00:49:14 WARN  SELL_SKIP [US] BAIG reason=PHANTOM_POSITION phase=NONE qty=6 avgPrice=37.6000
2026-05-07 00:49:19 WARN  SELL_SKIP [US] BAIG reason=PHANTOM_POSITION phase=NONE qty=6 avgPrice=37.6000
2026-05-07 00:49:24 WARN  SELL_SKIP [US] BAIG reason=PHANTOM_POSITION phase=NONE qty=6 avgPrice=37.6000
2026-05-07 00:49:29 WARN  SELL_SKIP [US] BAIG reason=PHANTOM_POSITION phase=NONE qty=6 avgPrice=37.6000
2026-05-07 00:49:34 WARN  SELL_SKIP [US] BAIG reason=PHANTOM_POSITION phase=NONE qty=6 avgPrice=37.6000
2026-05-07 00:49:44 WARN  SELL_SKIP [US] BAIG reason=PHANTOM_POSITION phase=NONE qty=6 avgPrice=37.6000
2026-05-07 00:49:50 WARN  SELL_SKIP [US] BAIG reason=PHANTOM_POSITION phase=NONE qty=6 avgPrice=37.6000
2026-05-07 00:49:55 WARN  SELL_SKIP [US] BAIG reason=PHANTOM_POSITION phase=NONE qty=6 avgPrice=37.6000
2026-05-07 00:50:00 WARN  SELL_SKIP [US] BAIG reason=PHANTOM_POSITION phase=NONE qty=6 avgPrice=37.6000
2026-05-07 00:50:05 WARN  SELL_SKIP [US] BAIG reason=PHANTOM_POSITION phase=NONE qty=6 avgPrice=37.6000
2026-05-07 00:50:10 WARN  SELL_SKIP [US] BAIG reason=PHANTOM_POSITION phase=NONE qty=6 avgPrice=37.6000
2026-05-07 00:50:15 WARN  SELL_SKIP [US] BAIG reason=PHANTOM_POSITION phase=NONE qty=6 avgPrice=37.6000
2026-05-07 00:50:20 WARN  SELL_SKIP [US] BAIG reason=PHANTOM_POSITION phase=NONE qty=6 avgPrice=37.6000
2026-05-07 00:50:25 WARN  SELL_SKIP [US] BAIG reason=PHANTOM_POSITION phase=NONE qty=6 avgPrice=37.6000
2026-05-07 00:50:30 WARN  SELL_SKIP [US] BAIG reason=PHANTOM_POSITION phase=NONE qty=6 avgPrice=37.6000
2026-05-07 00:50:35 WARN  SELL_SKIP [US] BAIG reason=PHANTOM_POSITION phase=NONE qty=6 avgPrice=37.6000
2026-05-07 00:50:41 WARN  SELL_SKIP [US] BAIG reason=PHANTOM_POSITION phase=NONE qty=6 avgPrice=37.6000
2026-05-07 00:50:46 WARN  SELL_SKIP [US] BAIG reason=PHANTOM_POSITION phase=NONE qty=6 avgPrice=37.6000
2026-05-07 00:50:51 WARN  SELL_SKIP [US] BAIG reason=PHANTOM_POSITION phase=NONE qty=6 avgPrice=37.6000
2026-05-07 00:50:56 WARN  SELL_SKIP [US] BAIG reason=PHANTOM_POSITION phase=NONE qty=6 avgPrice=37.6000
2026-05-07 00:51:01 WARN  SELL_SKIP [US] BAIG reason=PHANTOM_POSITION phase=NONE qty=6 avgPrice=37.6000
2026-05-07 00:51:06 WARN  SELL_SKIP [US] BAIG reason=PHANTOM_POSITION phase=NONE qty=6 avgPrice=37.6000
2026-05-07 00:51:11 WARN  SELL_SKIP [US] BAIG reason=PHANTOM_POSITION phase=NONE qty=6 avgPrice=37.6000
2026-05-07 00:51:16 WARN  SELL_SKIP [US] BAIG reason=PHANTOM_POSITION phase=NONE qty=6 avgPrice=37.6000
2026-05-07 00:51:21 WARN  SELL_SKIP [US] BAIG reason=PHANTOM_POSITION phase=NONE qty=6 avgPrice=37.6000
2026-05-07 00:51:26 WARN  SELL_SKIP [US] BAIG reason=PHANTOM_POSITION phase=NONE qty=6 avgPrice=37.6000
2026-05-07 00:51:31 WARN  SELL_SKIP [US] BAIG reason=PHANTOM_POSITION phase=NONE qty=6 avgPrice=37.6000
2026-05-07 00:51:36 WARN  SELL_SKIP [US] BAIG reason=PHANTOM_POSITION phase=NONE qty=6 avgPrice=37.6000
2026-05-07 00:51:42 WARN  SELL_SKIP [US] BAIG reason=PHANTOM_POSITION phase=NONE qty=6 avgPrice=37.6000
2026-05-07 00:51:47 WARN  SELL_SKIP [US] BAIG reason=PHANTOM_POSITION phase=NONE qty=6 avgPrice=37.6000
2026-05-07 00:51:52 WARN  SELL_SKIP [US] BAIG reason=PHANTOM_POSITION phase=NONE qty=6 avgPrice=37.6000
2026-05-07 00:51:57 WARN  SELL_SKIP [US] BAIG reason=PHANTOM_POSITION phase=NONE qty=6 avgPrice=37.6000
2026-05-07 00:52:02 WARN  SELL_SKIP [US] BAIG reason=PHANTOM_POSITION phase=NONE qty=6 avgPrice=37.6000
2026-05-07 00:52:07 WARN  SELL_SKIP [US] BAIG reason=PHANTOM_POSITION phase=NONE qty=6 avgPrice=37.6000
2026-05-07 00:52:12 WARN  SELL_SKIP [US] BAIG reason=PHANTOM_POSITION phase=NONE qty=6 avgPrice=37.6000
2026-05-07 00:52:17 WARN  SELL_SKIP [US] BAIG reason=PHANTOM_POSITION phase=NONE qty=6 avgPrice=37.6000
2026-05-07 00:52:22 WARN  SELL_SKIP [US] BAIG reason=PHANTOM_POSITION phase=NONE qty=6 avgPrice=37.6000
2026-05-07 00:52:27 WARN  SELL_SKIP [US] BAIG reason=PHANTOM_POSITION phase=NONE qty=6 avgPrice=37.6000
2026-05-07 00:52:37 WARN  SELL_SKIP [US] BAIG reason=PHANTOM_POSITION phase=NONE qty=6 avgPrice=37.6000
2026-05-07 00:52:43 WARN  SELL_SKIP [US] BAIG reason=PHANTOM_POSITION phase=NONE qty=6 avgPrice=37.6000
2026-05-07 00:52:48 WARN  SELL_SKIP [US] BAIG reason=PHANTOM_POSITION phase=NONE qty=6 avgPrice=37.6000
2026-05-07 00:52:53 WARN  SELL_SKIP [US] BAIG reason=PHANTOM_POSITION phase=NONE qty=6 avgPrice=37.6000
2026-05-07 00:52:58 WARN  SELL_SKIP [US] BAIG reason=PHANTOM_POSITION phase=NONE qty=6 avgPrice=37.6000
2026-05-07 00:53:03 WARN  SELL_SKIP [US] BAIG reason=PHANTOM_POSITION phase=NONE qty=6 avgPrice=37.6000
2026-05-07 00:53:08 WARN  SELL_SKIP [US] BAIG reason=PHANTOM_POSITION phase=NONE qty=6 avgPrice=37.6000
2026-05-07 00:53:13 WARN  SELL_SKIP [US] BAIG reason=PHANTOM_POSITION phase=NONE qty=6 avgPrice=37.6000
2026-05-07 00:53:18 WARN  SELL_SKIP [US] BAIG reason=PHANTOM_POSITION phase=NONE qty=6 avgPrice=37.6000
2026-05-07 00:53:23 WARN  SELL_SKIP [US] BAIG reason=PHANTOM_POSITION phase=NONE qty=6 avgPrice=37.6000
2026-05-07 00:53:28 WARN  SELL_SKIP [US] BAIG reason=PHANTOM_POSITION phase=NONE qty=6 avgPrice=37.6000
2026-05-07 00:53:33 WARN  SELL_SKIP [US] BAIG reason=PHANTOM_POSITION phase=NONE qty=6 avgPrice=37.6000
2026-05-07 00:53:38 WARN  SELL_SKIP [US] BAIG reason=PHANTOM_POSITION phase=NONE qty=6 avgPrice=37.6000
2026-05-07 00:53:43 WARN  SELL_SKIP [US] BAIG reason=PHANTOM_POSITION phase=NONE qty=6 avgPrice=37.6000
2026-05-07 00:53:48 WARN  SELL_SKIP [US] BAIG reason=PHANTOM_POSITION phase=NONE qty=6 avgPrice=37.6000
2026-05-07 00:53:54 WARN  SELL_SKIP [US] BAIG reason=PHANTOM_POSITION phase=NONE qty=6 avgPrice=37.6000
2026-05-07 00:53:59 WARN  SELL_SKIP [US] BAIG reason=PHANTOM_POSITION phase=NONE qty=6 avgPrice=37.6000
2026-05-07 00:54:04 WARN  SELL_SKIP [US] BAIG reason=PHANTOM_POSITION phase=NONE qty=6 avgPrice=37.6000
2026-05-07 00:54:09 WARN  SELL_SKIP [US] BAIG reason=PHANTOM_POSITION phase=NONE qty=6 avgPrice=37.6000
2026-05-07 00:54:14 WARN  SELL_SKIP [US] BAIG reason=PHANTOM_POSITION phase=NONE qty=6 avgPrice=37.6000
2026-05-07 00:54:20 WARN  SELL_SKIP [US] BAIG reason=PHANTOM_POSITION phase=NONE qty=6 avgPrice=37.6000
2026-05-07 00:54:25 WARN  SELL_SKIP [US] BAIG reason=PHANTOM_POSITION phase=NONE qty=6 avgPrice=37.6000
2026-05-07 00:54:30 WARN  SELL_SKIP [US] BAIG reason=PHANTOM_POSITION phase=NONE qty=6 avgPrice=37.6000
2026-05-07 00:54:35 WARN  SELL_SKIP [US] BAIG reason=PHANTOM_POSITION phase=NONE qty=6 avgPrice=37.6000
2026-05-07 00:54:40 WARN  SELL_SKIP [US] BAIG reason=PHANTOM_POSITION phase=NONE qty=6 avgPrice=37.6000
2026-05-07 00:54:45 WARN  SELL_SKIP [US] BAIG reason=PHANTOM_POSITION phase=NONE qty=6 avgPrice=37.6000
2026-05-07 00:54:50 WARN  SELL_SKIP [US] BAIG reason=PHANTOM_POSITION phase=NONE qty=6 avgPrice=37.6000
2026-05-07 00:54:55 WARN  SELL_SKIP [US] BAIG reason=PHANTOM_POSITION phase=NONE qty=6 avgPrice=37.6000
2026-05-07 00:55:00 WARN  SELL_SKIP [US] BAIG reason=PHANTOM_POSITION phase=NONE qty=6 avgPrice=37.6000
2026-05-07 00:55:05 WARN  SELL_SKIP [US] BAIG reason=PHANTOM_POSITION phase=NONE qty=6 avgPrice=37.6000
2026-05-07 00:55:10 WARN  SELL_SKIP [US] BAIG reason=PHANTOM_POSITION phase=NONE qty=6 avgPrice=37.6000
2026-05-07 00:55:15 WARN  SELL_SKIP [US] BAIG reason=PHANTOM_POSITION phase=NONE qty=6 avgPrice=37.6000
2026-05-07 00:55:20 WARN  SELL_SKIP [US] BAIG reason=PHANTOM_POSITION phase=NONE qty=6 avgPrice=37.6000
2026-05-07 00:55:25 WARN  SELL_SKIP [US] BAIG reason=PHANTOM_POSITION phase=NONE qty=6 avgPrice=37.6000
2026-05-07 00:55:30 WARN  SELL_SKIP [US] BAIG reason=PHANTOM_POSITION phase=NONE qty=6 avgPrice=37.6000
2026-05-07 00:55:35 WARN  SELL_SKIP [US] BAIG reason=PHANTOM_POSITION phase=NONE qty=6 avgPrice=37.6000
2026-05-07 00:55:41 WARN  SELL_SKIP [US] BAIG reason=PHANTOM_POSITION phase=NONE qty=6 avgPrice=37.6000
2026-05-07 00:55:46 WARN  SELL_SKIP [US] BAIG reason=PHANTOM_POSITION phase=NONE qty=6 avgPrice=37.6000
2026-05-07 00:55:51 WARN  SELL_SKIP [US] BAIG reason=PHANTOM_POSITION phase=NONE qty=6 avgPrice=37.6000
2026-05-07 00:55:56 WARN  SELL_SKIP [US] BAIG reason=PHANTOM_POSITION phase=NONE qty=6 avgPrice=37.6000
2026-05-07 00:56:01 WARN  SELL_SKIP [US] BAIG reason=PHANTOM_POSITION phase=NONE qty=6 avgPrice=37.6000
2026-05-07 00:56:06 WARN  SELL_SKIP [US] BAIG reason=PHANTOM_POSITION phase=NONE qty=6 avgPrice=37.6000
2026-05-07 00:56:11 WARN  SELL_SKIP [US] BAIG reason=PHANTOM_POSITION phase=NONE qty=6 avgPrice=37.6000
2026-05-07 00:56:16 WARN  SELL_SKIP [US] BAIG reason=PHANTOM_POSITION phase=NONE qty=6 avgPrice=37.6000
2026-05-07 00:56:31 WARN  SELL_SKIP [US] BAIG reason=PHANTOM_POSITION phase=NONE qty=6 avgPrice=37.6000
2026-05-07 00:56:36 WARN  SELL_SKIP [US] BAIG reason=PHANTOM_POSITION phase=NONE qty=6 avgPrice=37.6000
2026-05-07 00:56:42 WARN  SELL_SKIP [US] BAIG reason=PHANTOM_POSITION phase=NONE qty=6 avgPrice=37.6000
2026-05-07 00:56:47 WARN  SELL_SKIP [US] BAIG reason=PHANTOM_POSITION phase=NONE qty=6 avgPrice=37.6000
2026-05-07 00:56:52 WARN  SELL_SKIP [US] BAIG reason=PHANTOM_POSITION phase=NONE qty=6 avgPrice=37.6000
2026-05-07 00:56:57 WARN  SELL_SKIP [US] BAIG reason=PHANTOM_POSITION phase=NONE qty=6 avgPrice=37.6000
2026-05-07 00:57:02 WARN  SELL_SKIP [US] BAIG reason=PHANTOM_POSITION phase=NONE qty=6 avgPrice=37.6000
2026-05-07 00:57:07 WARN  SELL_SKIP [US] BAIG reason=PHANTOM_POSITION phase=NONE qty=6 avgPrice=37.6000
2026-05-07 00:57:12 WARN  SELL_SKIP [US] BAIG reason=PHANTOM_POSITION phase=NONE qty=6 avgPrice=37.6000
2026-05-07 00:57:17 WARN  SELL_SKIP [US] BAIG reason=PHANTOM_POSITION phase=NONE qty=6 avgPrice=37.6000
2026-05-07 00:57:23 WARN  SELL_SKIP [US] BAIG reason=PHANTOM_POSITION phase=NONE qty=6 avgPrice=37.6000
2026-05-07 00:57:28 WARN  SELL_SKIP [US] BAIG reason=PHANTOM_POSITION phase=NONE qty=6 avgPrice=37.6000
2026-05-07 00:57:33 WARN  SELL_SKIP [US] BAIG reason=PHANTOM_POSITION phase=NONE qty=6 avgPrice=37.6000
2026-05-07 00:57:38 WARN  SELL_SKIP [US] BAIG reason=PHANTOM_POSITION phase=NONE qty=6 avgPrice=37.6000
2026-05-07 00:57:43 WARN  SELL_SKIP [US] BAIG reason=PHANTOM_POSITION phase=NONE qty=6 avgPrice=37.6000
2026-05-07 00:57:48 WARN  SELL_SKIP [US] BAIG reason=PHANTOM_POSITION phase=NONE qty=6 avgPrice=37.6000
2026-05-07 00:57:53 WARN  SELL_SKIP [US] BAIG reason=PHANTOM_POSITION phase=NONE qty=6 avgPrice=37.6000
2026-05-07 00:57:58 WARN  SELL_SKIP [US] BAIG reason=PHANTOM_POSITION phase=NONE qty=6 avgPrice=37.6000
2026-05-07 00:58:03 WARN  SELL_SKIP [US] BAIG reason=PHANTOM_POSITION phase=NONE qty=6 avgPrice=37.6000
2026-05-07 00:58:08 WARN  SELL_SKIP [US] BAIG reason=PHANTOM_POSITION phase=NONE qty=6 avgPrice=37.6000
2026-05-07 00:58:13 WARN  SELL_SKIP [US] BAIG reason=PHANTOM_POSITION phase=NONE qty=6 avgPrice=37.6000
2026-05-07 00:58:18 WARN  SELL_SKIP [US] BAIG reason=PHANTOM_POSITION phase=NONE qty=6 avgPrice=37.6000
2026-05-07 00:58:23 WARN  SELL_SKIP [US] BAIG reason=PHANTOM_POSITION phase=NONE qty=6 avgPrice=37.6000
2026-05-07 00:58:28 WARN  SELL_SKIP [US] BAIG reason=PHANTOM_POSITION phase=NONE qty=6 avgPrice=37.6000
2026-05-07 00:58:33 WARN  SELL_SKIP [US] BAIG reason=PHANTOM_POSITION phase=NONE qty=6 avgPrice=37.6000
2026-05-07 00:58:39 WARN  SELL_SKIP [US] BAIG reason=PHANTOM_POSITION phase=NONE qty=6 avgPrice=37.6000
2026-05-07 00:58:44 WARN  SELL_SKIP [US] BAIG reason=PHANTOM_POSITION phase=NONE qty=6 avgPrice=37.6000
2026-05-07 00:58:49 WARN  SELL_SKIP [US] BAIG reason=PHANTOM_POSITION phase=NONE qty=6 avgPrice=37.6000
2026-05-07 00:58:54 WARN  SELL_SKIP [US] BAIG reason=PHANTOM_POSITION phase=NONE qty=6 avgPrice=37.6000
2026-05-07 00:58:59 WARN  SELL_SKIP [US] BAIG reason=PHANTOM_POSITION phase=NONE qty=6 avgPrice=37.6000
2026-05-07 00:59:04 WARN  SELL_SKIP [US] BAIG reason=PHANTOM_POSITION phase=NONE qty=6 avgPrice=37.6000
2026-05-07 00:59:09 WARN  SELL_SKIP [US] BAIG reason=PHANTOM_POSITION phase=NONE qty=6 avgPrice=37.6000
2026-05-07 00:59:14 WARN  SELL_SKIP [US] BAIG reason=PHANTOM_POSITION phase=NONE qty=6 avgPrice=37.6000
2026-05-07 00:59:19 WARN  SELL_SKIP [US] BAIG reason=PHANTOM_POSITION phase=NONE qty=6 avgPrice=37.6000
2026-05-07 00:59:24 WARN  SELL_SKIP [US] BAIG reason=PHANTOM_POSITION phase=NONE qty=6 avgPrice=37.6000
2026-05-07 00:59:29 WARN  SELL_SKIP [US] BAIG reason=PHANTOM_POSITION phase=NONE qty=6 avgPrice=37.6000
2026-05-07 00:59:34 WARN  SELL_SKIP [US] BAIG reason=PHANTOM_POSITION phase=NONE qty=6 avgPrice=37.6000
2026-05-07 00:59:39 WARN  SELL_SKIP [US] BAIG reason=PHANTOM_POSITION phase=NONE qty=6 avgPrice=37.6000
2026-05-07 00:59:45 WARN  SELL_SKIP [US] BAIG reason=PHANTOM_POSITION phase=NONE qty=6 avgPrice=37.6000
2026-05-07 00:59:50 WARN  SELL_SKIP [US] BAIG reason=PHANTOM_POSITION phase=NONE qty=6 avgPrice=37.6000
2026-05-07 00:59:55 WARN  SELL_SKIP [US] BAIG reason=PHANTOM_POSITION phase=NONE qty=6 avgPrice=37.6000
2026-05-07 01:00:00 WARN  SELL_SKIP [US] BAIG reason=PHANTOM_POSITION phase=NONE qty=6 avgPrice=37.6000
2026-05-07 01:00:05 WARN  SELL_SKIP [US] BAIG reason=PHANTOM_POSITION phase=NONE qty=6 avgPrice=37.6000
2026-05-07 01:00:10 WARN  SELL_SKIP [US] BAIG reason=PHANTOM_POSITION phase=NONE qty=6 avgPrice=37.6000
2026-05-07 01:00:15 WARN  SELL_SKIP [US] BAIG reason=PHANTOM_POSITION phase=NONE qty=6 avgPrice=37.6000
2026-05-07 01:00:20 WARN  SELL_SKIP [US] BAIG reason=PHANTOM_POSITION phase=NONE qty=6 avgPrice=37.6000
2026-05-07 01:00:25 WARN  SELL_SKIP [US] BAIG reason=PHANTOM_POSITION phase=NONE qty=6 avgPrice=37.6000
2026-05-07 01:00:30 WARN  SELL_SKIP [US] BAIG reason=PHANTOM_POSITION phase=NONE qty=6 avgPrice=37.6000
2026-05-07 01:00:35 WARN  SELL_SKIP [US] BAIG reason=PHANTOM_POSITION phase=NONE qty=6 avgPrice=37.6000
2026-05-07 01:00:41 WARN  SELL_SKIP [US] BAIG reason=PHANTOM_POSITION phase=NONE qty=6 avgPrice=37.6000
2026-05-07 01:00:46 WARN  SELL_SKIP [US] BAIG reason=PHANTOM_POSITION phase=NONE qty=6 avgPrice=37.6000
2026-05-07 01:00:51 WARN  SELL_SKIP [US] BAIG reason=PHANTOM_POSITION phase=NONE qty=6 avgPrice=37.6000
2026-05-07 01:00:56 WARN  SELL_SKIP [US] BAIG reason=PHANTOM_POSITION phase=NONE qty=6 avgPrice=37.6000
2026-05-07 01:01:01 WARN  SELL_SKIP [US] BAIG reason=PHANTOM_POSITION phase=NONE qty=6 avgPrice=37.6000
2026-05-07 01:01:06 WARN  SELL_SKIP [US] BAIG reason=PHANTOM_POSITION phase=NONE qty=6 avgPrice=37.6000
2026-05-07 01:01:11 WARN  SELL_SKIP [US] BAIG reason=PHANTOM_POSITION phase=NONE qty=6 avgPrice=37.6000
2026-05-07 01:01:16 WARN  SELL_SKIP [US] BAIG reason=PHANTOM_POSITION phase=NONE qty=6 avgPrice=37.6000
2026-05-07 01:01:21 WARN  SELL_SKIP [US] BAIG reason=PHANTOM_POSITION phase=NONE qty=6 avgPrice=37.6000
2026-05-07 01:01:26 WARN  SELL_SKIP [US] BAIG reason=PHANTOM_POSITION phase=NONE qty=6 avgPrice=37.6000
2026-05-07 01:01:31 WARN  SELL_SKIP [US] BAIG reason=PHANTOM_POSITION phase=NONE qty=6 avgPrice=37.6000
2026-05-07 01:01:37 WARN  SELL_SKIP [US] BAIG reason=PHANTOM_POSITION phase=NONE qty=6 avgPrice=37.6000
2026-05-07 01:01:42 WARN  SELL_SKIP [US] BAIG reason=PHANTOM_POSITION phase=NONE qty=6 avgPrice=37.6000
2026-05-07 01:01:47 WARN  SELL_SKIP [US] BAIG reason=PHANTOM_POSITION phase=NONE qty=6 avgPrice=37.6000
2026-05-07 01:01:52 WARN  SELL_SKIP [US] BAIG reason=PHANTOM_POSITION phase=NONE qty=6 avgPrice=37.6000
2026-05-07 01:01:57 WARN  SELL_SKIP [US] BAIG reason=PHANTOM_POSITION phase=NONE qty=6 avgPrice=37.6000
2026-05-07 01:02:02 WARN  SELL_SKIP [US] BAIG reason=PHANTOM_POSITION phase=NONE qty=6 avgPrice=37.6000
2026-05-07 01:02:07 WARN  SELL_SKIP [US] BAIG reason=PHANTOM_POSITION phase=NONE qty=6 avgPrice=37.6000
2026-05-07 01:02:12 WARN  SELL_SKIP [US] BAIG reason=PHANTOM_POSITION phase=NONE qty=6 avgPrice=37.6000
2026-05-07 01:02:17 WARN  SELL_SKIP [US] BAIG reason=PHANTOM_POSITION phase=NONE qty=6 avgPrice=37.6000
2026-05-07 01:02:22 WARN  SELL_SKIP [US] BAIG reason=PHANTOM_POSITION phase=NONE qty=6 avgPrice=37.6000
2026-05-07 01:02:27 WARN  SELL_SKIP [US] BAIG reason=PHANTOM_POSITION phase=NONE qty=6 avgPrice=37.6000
2026-05-07 01:02:32 WARN  SELL_SKIP [US] BAIG reason=PHANTOM_POSITION phase=NONE qty=6 avgPrice=37.6000
2026-05-07 01:02:38 WARN  SELL_SKIP [US] BAIG reason=PHANTOM_POSITION phase=NONE qty=6 avgPrice=37.6000
2026-05-07 01:02:43 WARN  SELL_SKIP [US] BAIG reason=PHANTOM_POSITION phase=NONE qty=6 avgPrice=37.6000
2026-05-07 01:02:48 WARN  SELL_SKIP [US] BAIG reason=PHANTOM_POSITION phase=NONE qty=6 avgPrice=37.6000
2026-05-07 01:02:53 WARN  SELL_SKIP [US] BAIG reason=PHANTOM_POSITION phase=NONE qty=6 avgPrice=37.6000
2026-05-07 01:02:58 WARN  SELL_SKIP [US] BAIG reason=PHANTOM_POSITION phase=NONE qty=6 avgPrice=37.6000
2026-05-07 01:03:03 WARN  SELL_SKIP [US] BAIG reason=PHANTOM_POSITION phase=NONE qty=6 avgPrice=37.6000
2026-05-07 01:03:13 WARN  SELL_SKIP [US] BAIG reason=PHANTOM_POSITION phase=NONE qty=6 avgPrice=37.6000
2026-05-07 01:03:18 WARN  SELL_SKIP [US] BAIG reason=PHANTOM_POSITION phase=NONE qty=6 avgPrice=37.6000
2026-05-07 01:03:23 WARN  SELL_SKIP [US] BAIG reason=PHANTOM_POSITION phase=NONE qty=6 avgPrice=37.6000
2026-05-07 01:03:28 WARN  SELL_SKIP [US] BAIG reason=PHANTOM_POSITION phase=NONE qty=6 avgPrice=37.6000
2026-05-07 01:03:34 WARN  SELL_SKIP [US] BAIG reason=PHANTOM_POSITION phase=NONE qty=6 avgPrice=37.6000
2026-05-07 01:03:39 WARN  SELL_SKIP [US] BAIG reason=PHANTOM_POSITION phase=NONE qty=6 avgPrice=37.6000
2026-05-07 01:03:44 WARN  SELL_SKIP [US] BAIG reason=PHANTOM_POSITION phase=NONE qty=6 avgPrice=37.6000
2026-05-07 01:03:49 WARN  SELL_SKIP [US] BAIG reason=PHANTOM_POSITION phase=NONE qty=6 avgPrice=37.6000
2026-05-07 01:03:54 WARN  SELL_SKIP [US] BAIG reason=PHANTOM_POSITION phase=NONE qty=6 avgPrice=37.6000
2026-05-07 01:03:59 WARN  SELL_SKIP [US] BAIG reason=PHANTOM_POSITION phase=NONE qty=6 avgPrice=37.6000
2026-05-07 01:04:04 WARN  SELL_SKIP [US] BAIG reason=PHANTOM_POSITION phase=NONE qty=6 avgPrice=37.6000
2026-05-07 01:04:09 INFO  BUY [US] TSLL mode=VOLUME_BREAKOUT price=13.3700 qty=22 size=1.0000x score=95(CONV) | WHY: strongBreakout volBreakout retestOK multiUp vol(6.55x) | VWAP: 1.10%(ABOVE slope=UP) | TREND: score=3 vel=0.38%/0.49%/0.34% | VOL: 24216103.0000/3694610.9500 TO: 323287396.6603/49168837.2957 | entryNo=1
2026-05-07 01:04:09 WARN  BUY_REJECTED TSLL phase=NONE
2026-05-07 01:04:09 WARN  SELL_SKIP [US] BAIG reason=PHANTOM_POSITION phase=NONE qty=6 avgPrice=37.6000
2026-05-07 01:04:14 WARN  SELL_SKIP [US] BAIG reason=PHANTOM_POSITION phase=NONE qty=6 avgPrice=37.6000
2026-05-07 01:04:19 WARN  SELL_SKIP [US] BAIG reason=PHANTOM_POSITION phase=NONE qty=6 avgPrice=37.6000
2026-05-07 01:04:24 WARN  SELL_SKIP [US] BAIG reason=PHANTOM_POSITION phase=NONE qty=6 avgPrice=37.6000
2026-05-07 01:04:30 WARN  SELL_SKIP [US] BAIG reason=PHANTOM_POSITION phase=NONE qty=6 avgPrice=37.6000
2026-05-07 01:04:35 WARN  SELL_SKIP [US] BAIG reason=PHANTOM_POSITION phase=NONE qty=6 avgPrice=37.6000
2026-05-07 01:04:40 WARN  SELL_SKIP [US] BAIG reason=PHANTOM_POSITION phase=NONE qty=6 avgPrice=37.6000
2026-05-07 01:04:45 WARN  SELL_SKIP [US] BAIG reason=PHANTOM_POSITION phase=NONE qty=6 avgPrice=37.6000
2026-05-07 01:04:50 WARN  SELL_SKIP [US] BAIG reason=PHANTOM_POSITION phase=NONE qty=6 avgPrice=37.6000
2026-05-07 01:04:55 WARN  SELL_SKIP [US] BAIG reason=PHANTOM_POSITION phase=NONE qty=6 avgPrice=37.6000
2026-05-07 01:05:00 WARN  SELL_SKIP [US] BAIG reason=PHANTOM_POSITION phase=NONE qty=6 avgPrice=37.6000
2026-05-07 01:05:05 WARN  SELL_SKIP [US] BAIG reason=PHANTOM_POSITION phase=NONE qty=6 avgPrice=37.6000
2026-05-07 01:05:05 WARN  BUY_SKIP [US] SOXL reason=AMOUNT_TOO_SMALL amount=300.0000 size=1.0000x price=161.2400
2026-05-07 01:05:10 WARN  SELL_SKIP [US] BAIG reason=PHANTOM_POSITION phase=NONE qty=6 avgPrice=37.6000
2026-05-07 01:05:15 WARN  SELL_SKIP [US] BAIG reason=PHANTOM_POSITION phase=NONE qty=6 avgPrice=37.6000
2026-05-07 01:05:20 WARN  SELL_SKIP [US] BAIG reason=PHANTOM_POSITION phase=NONE qty=6 avgPrice=37.6000
2026-05-07 01:05:21 WARN  BUY_SKIP [US] SOXL reason=AMOUNT_TOO_SMALL amount=300.0000 size=1.0000x price=161.2500
2026-05-07 01:05:26 WARN  SELL_SKIP [US] BAIG reason=PHANTOM_POSITION phase=NONE qty=6 avgPrice=37.6000
2026-05-07 01:05:31 WARN  SELL_SKIP [US] BAIG reason=PHANTOM_POSITION phase=NONE qty=6 avgPrice=37.6000
2026-05-07 01:05:36 WARN  SELL_SKIP [US] BAIG reason=PHANTOM_POSITION phase=NONE qty=6 avgPrice=37.6000
2026-05-07 01:05:41 WARN  SELL_SKIP [US] BAIG reason=PHANTOM_POSITION phase=NONE qty=6 avgPrice=37.6000
2026-05-07 01:05:46 WARN  SELL_SKIP [US] BAIG reason=PHANTOM_POSITION phase=NONE qty=6 avgPrice=37.6000
2026-05-07 01:05:51 WARN  SELL_SKIP [US] BAIG reason=PHANTOM_POSITION phase=NONE qty=6 avgPrice=37.6000
2026-05-07 01:05:56 WARN  SELL_SKIP [US] BAIG reason=PHANTOM_POSITION phase=NONE qty=6 avgPrice=37.6000
2026-05-07 01:06:01 WARN  SELL_SKIP [US] BAIG reason=PHANTOM_POSITION phase=NONE qty=6 avgPrice=37.6000
2026-05-07 01:06:06 WARN  SELL_SKIP [US] BAIG reason=PHANTOM_POSITION phase=NONE qty=6 avgPrice=37.6000
2026-05-07 01:06:11 WARN  SELL_SKIP [US] BAIG reason=PHANTOM_POSITION phase=NONE qty=6 avgPrice=37.6000
2026-05-07 01:06:16 WARN  SELL_SKIP [US] BAIG reason=PHANTOM_POSITION phase=NONE qty=6 avgPrice=37.6000
2026-05-07 01:06:21 WARN  SELL_SKIP [US] BAIG reason=PHANTOM_POSITION phase=NONE qty=6 avgPrice=37.6000
2026-05-07 01:06:27 WARN  SELL_SKIP [US] BAIG reason=PHANTOM_POSITION phase=NONE qty=6 avgPrice=37.6000
2026-05-07 01:06:32 WARN  SELL_SKIP [US] BAIG reason=PHANTOM_POSITION phase=NONE qty=6 avgPrice=37.6000
2026-05-07 01:06:37 WARN  SELL_SKIP [US] BAIG reason=PHANTOM_POSITION phase=NONE qty=6 avgPrice=37.6000
2026-05-07 01:06:42 WARN  SELL_SKIP [US] BAIG reason=PHANTOM_POSITION phase=NONE qty=6 avgPrice=37.6000
2026-05-07 01:06:47 WARN  SELL_SKIP [US] BAIG reason=PHANTOM_POSITION phase=NONE qty=6 avgPrice=37.6000
2026-05-07 01:06:52 WARN  SELL_SKIP [US] BAIG reason=PHANTOM_POSITION phase=NONE qty=6 avgPrice=37.6000
2026-05-07 01:06:57 WARN  SELL_SKIP [US] BAIG reason=PHANTOM_POSITION phase=NONE qty=6 avgPrice=37.6000
2026-05-07 01:07:07 WARN  SELL_SKIP [US] BAIG reason=PHANTOM_POSITION phase=NONE qty=6 avgPrice=37.6000
2026-05-07 01:07:12 WARN  SELL_SKIP [US] BAIG reason=PHANTOM_POSITION phase=NONE qty=6 avgPrice=37.6000
2026-05-07 01:07:17 WARN  SELL_SKIP [US] BAIG reason=PHANTOM_POSITION phase=NONE qty=6 avgPrice=37.6000
2026-05-07 01:07:22 WARN  SELL_SKIP [US] BAIG reason=PHANTOM_POSITION phase=NONE qty=6 avgPrice=37.6000
2026-05-07 01:07:27 WARN  SELL_SKIP [US] BAIG reason=PHANTOM_POSITION phase=NONE qty=6 avgPrice=37.6000
2026-05-07 01:07:33 WARN  SELL_SKIP [US] BAIG reason=PHANTOM_POSITION phase=NONE qty=6 avgPrice=37.6000
2026-05-07 01:07:38 WARN  SELL_SKIP [US] BAIG reason=PHANTOM_POSITION phase=NONE qty=6 avgPrice=37.6000
2026-05-07 01:07:43 WARN  SELL_SKIP [US] BAIG reason=PHANTOM_POSITION phase=NONE qty=6 avgPrice=37.6000
2026-05-07 01:07:48 WARN  SELL_SKIP [US] BAIG reason=PHANTOM_POSITION phase=NONE qty=6 avgPrice=37.6000
2026-05-07 01:07:53 WARN  SELL_SKIP [US] BAIG reason=PHANTOM_POSITION phase=NONE qty=6 avgPrice=37.6000
2026-05-07 01:07:58 WARN  SELL_SKIP [US] BAIG reason=PHANTOM_POSITION phase=NONE qty=6 avgPrice=37.6000
2026-05-07 01:08:03 WARN  SELL_SKIP [US] BAIG reason=PHANTOM_POSITION phase=NONE qty=6 avgPrice=37.6000
2026-05-07 01:08:08 WARN  SELL_SKIP [US] BAIG reason=PHANTOM_POSITION phase=NONE qty=6 avgPrice=37.6000
2026-05-07 01:08:14 WARN  SELL_SKIP [US] BAIG reason=PHANTOM_POSITION phase=NONE qty=6 avgPrice=37.6000
2026-05-07 01:08:19 WARN  SELL_SKIP [US] BAIG reason=PHANTOM_POSITION phase=NONE qty=6 avgPrice=37.6000
2026-05-07 01:08:24 WARN  SELL_SKIP [US] BAIG reason=PHANTOM_POSITION phase=NONE qty=6 avgPrice=37.6000
2026-05-07 01:08:24 WARN  BUY_SKIP [US] SOXL reason=AMOUNT_TOO_SMALL amount=300.0000 size=0.8000x price=161.1400
2026-05-07 01:08:29 WARN  SELL_SKIP [US] BAIG reason=PHANTOM_POSITION phase=NONE qty=6 avgPrice=37.6000
2026-05-07 01:08:34 WARN  SELL_SKIP [US] BAIG reason=PHANTOM_POSITION phase=NONE qty=6 avgPrice=37.6000
2026-05-07 01:08:39 WARN  SELL_SKIP [US] BAIG reason=PHANTOM_POSITION phase=NONE qty=6 avgPrice=37.6000
2026-05-07 01:08:44 WARN  SELL_SKIP [US] BAIG reason=PHANTOM_POSITION phase=NONE qty=6 avgPrice=37.6000
2026-05-07 01:08:49 WARN  SELL_SKIP [US] BAIG reason=PHANTOM_POSITION phase=NONE qty=6 avgPrice=37.6000
2026-05-07 01:08:54 WARN  SELL_SKIP [US] BAIG reason=PHANTOM_POSITION phase=NONE qty=6 avgPrice=37.6000
2026-05-07 01:08:59 WARN  SELL_SKIP [US] BAIG reason=PHANTOM_POSITION phase=NONE qty=6 avgPrice=37.6000
2026-05-07 01:09:04 WARN  SELL_SKIP [US] BAIG reason=PHANTOM_POSITION phase=NONE qty=6 avgPrice=37.6000
2026-05-07 01:09:09 WARN  SELL_SKIP [US] BAIG reason=PHANTOM_POSITION phase=NONE qty=6 avgPrice=37.6000
2026-05-07 01:09:15 WARN  SELL_SKIP [US] BAIG reason=PHANTOM_POSITION phase=NONE qty=6 avgPrice=37.6000
2026-05-07 01:09:20 WARN  SELL_SKIP [US] BAIG reason=PHANTOM_POSITION phase=NONE qty=6 avgPrice=37.6000
2026-05-07 01:09:25 WARN  SELL_SKIP [US] BAIG reason=PHANTOM_POSITION phase=NONE qty=6 avgPrice=37.6000
2026-05-07 01:09:30 WARN  SELL_SKIP [US] BAIG reason=PHANTOM_POSITION phase=NONE qty=6 avgPrice=37.6000
2026-05-07 01:09:35 WARN  SELL_SKIP [US] BAIG reason=PHANTOM_POSITION phase=NONE qty=6 avgPrice=37.6000
2026-05-07 01:09:40 WARN  SELL_SKIP [US] BAIG reason=PHANTOM_POSITION phase=NONE qty=6 avgPrice=37.6000
2026-05-07 01:09:45 WARN  SELL_SKIP [US] BAIG reason=PHANTOM_POSITION phase=NONE qty=6 avgPrice=37.6000
2026-05-07 01:09:50 WARN  SELL_SKIP [US] BAIG reason=PHANTOM_POSITION phase=NONE qty=6 avgPrice=37.6000
2026-05-07 01:09:55 WARN  SELL_SKIP [US] BAIG reason=PHANTOM_POSITION phase=NONE qty=6 avgPrice=37.6000
2026-05-07 01:10:00 WARN  SELL_SKIP [US] BAIG reason=PHANTOM_POSITION phase=NONE qty=6 avgPrice=37.6000
2026-05-07 01:10:05 WARN  SELL_SKIP [US] BAIG reason=PHANTOM_POSITION phase=NONE qty=6 avgPrice=37.6000
2026-05-07 01:10:11 WARN  SELL_SKIP [US] BAIG reason=PHANTOM_POSITION phase=NONE qty=6 avgPrice=37.6000
2026-05-07 01:10:16 WARN  SELL_SKIP [US] BAIG reason=PHANTOM_POSITION phase=NONE qty=6 avgPrice=37.6000
2026-05-07 01:10:21 WARN  SELL_SKIP [US] BAIG reason=PHANTOM_POSITION phase=NONE qty=6 avgPrice=37.6000
2026-05-07 01:10:26 WARN  SELL_SKIP [US] BAIG reason=PHANTOM_POSITION phase=NONE qty=6 avgPrice=37.6000
2026-05-07 01:10:31 WARN  SELL_SKIP [US] BAIG reason=PHANTOM_POSITION phase=NONE qty=6 avgPrice=37.6000
2026-05-07 01:10:36 WARN  SELL_SKIP [US] BAIG reason=PHANTOM_POSITION phase=NONE qty=6 avgPrice=37.6000
2026-05-07 01:10:41 WARN  SELL_SKIP [US] BAIG reason=PHANTOM_POSITION phase=NONE qty=6 avgPrice=37.6000
2026-05-07 01:10:46 WARN  SELL_SKIP [US] BAIG reason=PHANTOM_POSITION phase=NONE qty=6 avgPrice=37.6000
2026-05-07 01:10:51 WARN  SELL_SKIP [US] BAIG reason=PHANTOM_POSITION phase=NONE qty=6 avgPrice=37.6000
2026-05-07 01:10:56 WARN  SELL_SKIP [US] BAIG reason=PHANTOM_POSITION phase=NONE qty=6 avgPrice=37.6000
2026-05-07 01:11:01 WARN  SELL_SKIP [US] BAIG reason=PHANTOM_POSITION phase=NONE qty=6 avgPrice=37.6000
2026-05-07 01:11:07 WARN  SELL_SKIP [US] BAIG reason=PHANTOM_POSITION phase=NONE qty=6 avgPrice=37.6000
2026-05-07 01:11:12 WARN  SELL_SKIP [US] BAIG reason=PHANTOM_POSITION phase=NONE qty=6 avgPrice=37.6000
2026-05-07 01:11:17 WARN  SELL_SKIP [US] BAIG reason=PHANTOM_POSITION phase=NONE qty=6 avgPrice=37.6000
2026-05-07 01:11:22 WARN  SELL_SKIP [US] BAIG reason=PHANTOM_POSITION phase=NONE qty=6 avgPrice=37.6000
2026-05-07 01:11:22 WARN  BUY_SKIP [US] SOXL reason=AMOUNT_TOO_SMALL amount=300.0000 size=0.8000x price=161.6700
2026-05-07 01:11:27 WARN  SELL_SKIP [US] BAIG reason=PHANTOM_POSITION phase=NONE qty=6 avgPrice=37.6000
2026-05-07 01:11:32 WARN  SELL_SKIP [US] BAIG reason=PHANTOM_POSITION phase=NONE qty=6 avgPrice=37.6000
2026-05-07 01:11:37 WARN  SELL_SKIP [US] BAIG reason=PHANTOM_POSITION phase=NONE qty=6 avgPrice=37.6000
2026-05-07 01:11:42 WARN  SELL_SKIP [US] BAIG reason=PHANTOM_POSITION phase=NONE qty=6 avgPrice=37.6000
2026-05-07 01:11:47 WARN  SELL_SKIP [US] BAIG reason=PHANTOM_POSITION phase=NONE qty=6 avgPrice=37.6000
2026-05-07 01:11:57 WARN  SELL_SKIP [US] BAIG reason=PHANTOM_POSITION phase=NONE qty=6 avgPrice=37.6000
2026-05-07 01:12:02 WARN  SELL_SKIP [US] BAIG reason=PHANTOM_POSITION phase=NONE qty=6 avgPrice=37.6000
2026-05-07 01:12:08 WARN  SELL_SKIP [US] BAIG reason=PHANTOM_POSITION phase=NONE qty=6 avgPrice=37.6000
2026-05-07 01:12:08 WARN  BUY_SKIP [US] SOXL reason=AMOUNT_TOO_SMALL amount=300.0000 size=0.8000x price=161.6000
2026-05-07 01:12:13 WARN  SELL_SKIP [US] BAIG reason=PHANTOM_POSITION phase=NONE qty=6 avgPrice=37.6000
2026-05-07 01:12:18 WARN  SELL_SKIP [US] BAIG reason=PHANTOM_POSITION phase=NONE qty=6 avgPrice=37.6000
2026-05-07 01:12:23 WARN  SELL_SKIP [US] BAIG reason=PHANTOM_POSITION phase=NONE qty=6 avgPrice=37.6000
2026-05-07 01:12:23 WARN  BUY_SKIP [US] SOXL reason=AMOUNT_TOO_SMALL amount=300.0000 size=0.8000x price=161.6800
2026-05-07 01:12:28 WARN  SELL_SKIP [US] BAIG reason=PHANTOM_POSITION phase=NONE qty=6 avgPrice=37.6000
2026-05-07 01:12:33 WARN  SELL_SKIP [US] BAIG reason=PHANTOM_POSITION phase=NONE qty=6 avgPrice=37.6000
2026-05-07 01:12:38 WARN  SELL_SKIP [US] BAIG reason=PHANTOM_POSITION phase=NONE qty=6 avgPrice=37.6000
2026-05-07 01:12:48 WARN  SELL_SKIP [US] BAIG reason=PHANTOM_POSITION phase=NONE qty=6 avgPrice=37.6000
2026-05-07 01:12:53 WARN  SELL_SKIP [US] BAIG reason=PHANTOM_POSITION phase=NONE qty=6 avgPrice=37.6000
2026-05-07 01:12:58 WARN  SELL_SKIP [US] BAIG reason=PHANTOM_POSITION phase=NONE qty=6 avgPrice=37.6000
2026-05-07 01:13:03 WARN  SELL_SKIP [US] BAIG reason=PHANTOM_POSITION phase=NONE qty=6 avgPrice=37.6000
2026-05-07 01:13:09 WARN  SELL_SKIP [US] BAIG reason=PHANTOM_POSITION phase=NONE qty=6 avgPrice=37.6000
2026-05-07 01:13:09 WARN  BUY_SKIP [US] SOXL reason=AMOUNT_TOO_SMALL amount=300.0000 size=0.8000x price=161.8100
2026-05-07 01:13:14 WARN  SELL_SKIP [US] BAIG reason=PHANTOM_POSITION phase=NONE qty=6 avgPrice=37.6000
2026-05-07 01:13:19 WARN  SELL_SKIP [US] BAIG reason=PHANTOM_POSITION phase=NONE qty=6 avgPrice=37.6000
2026-05-07 01:13:24 WARN  SELL_SKIP [US] BAIG reason=PHANTOM_POSITION phase=NONE qty=6 avgPrice=37.6000
2026-05-07 01:13:24 WARN  BUY_SKIP [US] SOXL reason=AMOUNT_TOO_SMALL amount=300.0000 size=0.8000x price=161.9000
2026-05-07 01:13:29 WARN  SELL_SKIP [US] BAIG reason=PHANTOM_POSITION phase=NONE qty=6 avgPrice=37.6000
2026-05-07 01:13:34 WARN  SELL_SKIP [US] BAIG reason=PHANTOM_POSITION phase=NONE qty=6 avgPrice=37.6000
2026-05-07 01:13:39 WARN  SELL_SKIP [US] BAIG reason=PHANTOM_POSITION phase=NONE qty=6 avgPrice=37.6000
2026-05-07 01:13:44 WARN  SELL_SKIP [US] BAIG reason=PHANTOM_POSITION phase=NONE qty=6 avgPrice=37.6000
2026-05-07 01:13:49 WARN  SELL_SKIP [US] BAIG reason=PHANTOM_POSITION phase=NONE qty=6 avgPrice=37.6000
2026-05-07 01:13:54 WARN  SELL_SKIP [US] BAIG reason=PHANTOM_POSITION phase=NONE qty=6 avgPrice=37.6000
2026-05-07 01:13:59 WARN  SELL_SKIP [US] BAIG reason=PHANTOM_POSITION phase=NONE qty=6 avgPrice=37.6000
2026-05-07 01:14:05 WARN  SELL_SKIP [US] BAIG reason=PHANTOM_POSITION phase=NONE qty=6 avgPrice=37.6000
2026-05-07 01:14:10 WARN  SELL_SKIP [US] BAIG reason=PHANTOM_POSITION phase=NONE qty=6 avgPrice=37.6000
2026-05-07 01:14:15 WARN  SELL_SKIP [US] BAIG reason=PHANTOM_POSITION phase=NONE qty=6 avgPrice=37.6000
2026-05-07 01:14:20 WARN  SELL_SKIP [US] BAIG reason=PHANTOM_POSITION phase=NONE qty=6 avgPrice=37.6000
2026-05-07 01:14:25 WARN  SELL_SKIP [US] BAIG reason=PHANTOM_POSITION phase=NONE qty=6 avgPrice=37.6000
2026-05-07 01:14:30 WARN  SELL_SKIP [US] BAIG reason=PHANTOM_POSITION phase=NONE qty=6 avgPrice=37.6000
2026-05-07 01:14:35 WARN  SELL_SKIP [US] BAIG reason=PHANTOM_POSITION phase=NONE qty=6 avgPrice=37.6000
2026-05-07 01:14:40 WARN  SELL_SKIP [US] BAIG reason=PHANTOM_POSITION phase=NONE qty=6 avgPrice=37.6000
2026-05-07 01:14:45 WARN  SELL_SKIP [US] BAIG reason=PHANTOM_POSITION phase=NONE qty=6 avgPrice=37.6000
2026-05-07 01:14:50 WARN  SELL_SKIP [US] BAIG reason=PHANTOM_POSITION phase=NONE qty=6 avgPrice=37.6000
2026-05-07 01:14:55 WARN  SELL_SKIP [US] BAIG reason=PHANTOM_POSITION phase=NONE qty=6 avgPrice=37.6000
2026-05-07 01:15:00 WARN  SELL_SKIP [US] BAIG reason=PHANTOM_POSITION phase=NONE qty=6 avgPrice=37.6000
2026-05-07 01:15:05 WARN  SELL_SKIP [US] BAIG reason=PHANTOM_POSITION phase=NONE qty=6 avgPrice=37.6000
2026-05-07 01:15:11 WARN  SELL_SKIP [US] BAIG reason=PHANTOM_POSITION phase=NONE qty=6 avgPrice=37.6000
2026-05-07 01:15:16 WARN  SELL_SKIP [US] BAIG reason=PHANTOM_POSITION phase=NONE qty=6 avgPrice=37.6000
2026-05-07 01:15:21 WARN  SELL_SKIP [US] BAIG reason=PHANTOM_POSITION phase=NONE qty=6 avgPrice=37.6000
2026-05-07 01:15:26 WARN  SELL_SKIP [US] BAIG reason=PHANTOM_POSITION phase=NONE qty=6 avgPrice=37.6000
2026-05-07 01:15:31 WARN  SELL_SKIP [US] BAIG reason=PHANTOM_POSITION phase=NONE qty=6 avgPrice=37.6000
2026-05-07 01:15:36 WARN  SELL_SKIP [US] BAIG reason=PHANTOM_POSITION phase=NONE qty=6 avgPrice=37.6000
2026-05-07 01:15:41 WARN  SELL_SKIP [US] BAIG reason=PHANTOM_POSITION phase=NONE qty=6 avgPrice=37.6000
2026-05-07 01:15:46 WARN  SELL_SKIP [US] BAIG reason=PHANTOM_POSITION phase=NONE qty=6 avgPrice=37.6000
2026-05-07 01:15:51 WARN  SELL_SKIP [US] BAIG reason=PHANTOM_POSITION phase=NONE qty=6 avgPrice=37.6000
2026-05-07 01:15:56 WARN  SELL_SKIP [US] BAIG reason=PHANTOM_POSITION phase=NONE qty=6 avgPrice=37.6000
2026-05-07 01:16:01 WARN  SELL_SKIP [US] BAIG reason=PHANTOM_POSITION phase=NONE qty=6 avgPrice=37.6000
2026-05-07 01:16:07 WARN  SELL_SKIP [US] BAIG reason=PHANTOM_POSITION phase=NONE qty=6 avgPrice=37.6000
2026-05-07 01:16:12 WARN  SELL_SKIP [US] BAIG reason=PHANTOM_POSITION phase=NONE qty=6 avgPrice=37.6000
2026-05-07 01:16:17 WARN  SELL_SKIP [US] BAIG reason=PHANTOM_POSITION phase=NONE qty=6 avgPrice=37.6000
2026-05-07 01:16:22 WARN  SELL_SKIP [US] BAIG reason=PHANTOM_POSITION phase=NONE qty=6 avgPrice=37.6000
2026-05-07 01:16:27 WARN  SELL_SKIP [US] BAIG reason=PHANTOM_POSITION phase=NONE qty=6 avgPrice=37.6000
2026-05-07 01:16:32 WARN  SELL_SKIP [US] BAIG reason=PHANTOM_POSITION phase=NONE qty=6 avgPrice=37.6000
2026-05-07 01:16:42 WARN  SELL_SKIP [US] BAIG reason=PHANTOM_POSITION phase=NONE qty=6 avgPrice=37.6000
2026-05-07 01:16:47 WARN  SELL_SKIP [US] BAIG reason=PHANTOM_POSITION phase=NONE qty=6 avgPrice=37.6000
2026-05-07 01:16:52 WARN  SELL_SKIP [US] BAIG reason=PHANTOM_POSITION phase=NONE qty=6 avgPrice=37.6000
2026-05-07 01:16:57 WARN  SELL_SKIP [US] BAIG reason=PHANTOM_POSITION phase=NONE qty=6 avgPrice=37.6000
2026-05-07 01:17:03 WARN  SELL_SKIP [US] BAIG reason=PHANTOM_POSITION phase=NONE qty=6 avgPrice=37.6000
2026-05-07 01:17:08 WARN  SELL_SKIP [US] BAIG reason=PHANTOM_POSITION phase=NONE qty=6 avgPrice=37.6000
2026-05-07 01:17:13 WARN  SELL_SKIP [US] BAIG reason=PHANTOM_POSITION phase=NONE qty=6 avgPrice=37.6000
2026-05-07 01:17:18 WARN  SELL_SKIP [US] BAIG reason=PHANTOM_POSITION phase=NONE qty=6 avgPrice=37.6000
2026-05-07 01:17:23 WARN  SELL_SKIP [US] BAIG reason=PHANTOM_POSITION phase=NONE qty=6 avgPrice=37.6000
2026-05-07 01:17:28 WARN  SELL_SKIP [US] BAIG reason=PHANTOM_POSITION phase=NONE qty=6 avgPrice=37.6000
2026-05-07 01:17:33 WARN  SELL_SKIP [US] BAIG reason=PHANTOM_POSITION phase=NONE qty=6 avgPrice=37.6000
2026-05-07 01:17:38 WARN  SELL_SKIP [US] BAIG reason=PHANTOM_POSITION phase=NONE qty=6 avgPrice=37.6000
2026-05-07 01:17:48 WARN  SELL_SKIP [US] BAIG reason=PHANTOM_POSITION phase=NONE qty=6 avgPrice=37.6000
2026-05-07 01:17:53 WARN  SELL_SKIP [US] BAIG reason=PHANTOM_POSITION phase=NONE qty=6 avgPrice=37.6000
2026-05-07 01:17:59 WARN  SELL_SKIP [US] BAIG reason=PHANTOM_POSITION phase=NONE qty=6 avgPrice=37.6000
2026-05-07 01:18:04 WARN  SELL_SKIP [US] BAIG reason=PHANTOM_POSITION phase=NONE qty=6 avgPrice=37.6000
2026-05-07 01:18:09 WARN  SELL_SKIP [US] BAIG reason=PHANTOM_POSITION phase=NONE qty=6 avgPrice=37.6000
2026-05-07 01:18:14 WARN  SELL_SKIP [US] BAIG reason=PHANTOM_POSITION phase=NONE qty=6 avgPrice=37.6000
2026-05-07 01:18:19 WARN  SELL_SKIP [US] BAIG reason=PHANTOM_POSITION phase=NONE qty=6 avgPrice=37.6000
2026-05-07 01:18:24 WARN  SELL_SKIP [US] BAIG reason=PHANTOM_POSITION phase=NONE qty=6 avgPrice=37.6000
2026-05-07 01:18:29 WARN  SELL_SKIP [US] BAIG reason=PHANTOM_POSITION phase=NONE qty=6 avgPrice=37.6000
2026-05-07 01:18:34 WARN  SELL_SKIP [US] BAIG reason=PHANTOM_POSITION phase=NONE qty=6 avgPrice=37.6000
2026-05-07 01:18:39 WARN  SELL_SKIP [US] BAIG reason=PHANTOM_POSITION phase=NONE qty=6 avgPrice=37.6000
2026-05-07 01:18:44 WARN  SELL_SKIP [US] BAIG reason=PHANTOM_POSITION phase=NONE qty=6 avgPrice=37.6000
2026-05-07 01:18:49 WARN  SELL_SKIP [US] BAIG reason=PHANTOM_POSITION phase=NONE qty=6 avgPrice=37.6000
2026-05-07 01:18:54 WARN  SELL_SKIP [US] BAIG reason=PHANTOM_POSITION phase=NONE qty=6 avgPrice=37.6000
2026-05-07 01:19:00 WARN  SELL_SKIP [US] BAIG reason=PHANTOM_POSITION phase=NONE qty=6 avgPrice=37.6000
2026-05-07 01:19:05 WARN  SELL_SKIP [US] BAIG reason=PHANTOM_POSITION phase=NONE qty=6 avgPrice=37.6000
2026-05-07 01:19:10 WARN  SELL_SKIP [US] BAIG reason=PHANTOM_POSITION phase=NONE qty=6 avgPrice=37.6000
2026-05-07 01:19:15 WARN  SELL_SKIP [US] BAIG reason=PHANTOM_POSITION phase=NONE qty=6 avgPrice=37.6000
2026-05-07 01:19:20 WARN  SELL_SKIP [US] BAIG reason=PHANTOM_POSITION phase=NONE qty=6 avgPrice=37.6000
2026-05-07 01:19:25 WARN  SELL_SKIP [US] BAIG reason=PHANTOM_POSITION phase=NONE qty=6 avgPrice=37.6000
2026-05-07 01:19:30 WARN  SELL_SKIP [US] BAIG reason=PHANTOM_POSITION phase=NONE qty=6 avgPrice=37.6000
2026-05-07 01:19:35 WARN  SELL_SKIP [US] BAIG reason=PHANTOM_POSITION phase=NONE qty=6 avgPrice=37.6000
2026-05-07 01:19:40 WARN  SELL_SKIP [US] BAIG reason=PHANTOM_POSITION phase=NONE qty=6 avgPrice=37.6000
2026-05-07 01:19:45 WARN  SELL_SKIP [US] BAIG reason=PHANTOM_POSITION phase=NONE qty=6 avgPrice=37.6000
2026-05-07 01:19:50 WARN  SELL_SKIP [US] BAIG reason=PHANTOM_POSITION phase=NONE qty=6 avgPrice=37.6000
2026-05-07 01:19:56 WARN  SELL_SKIP [US] BAIG reason=PHANTOM_POSITION phase=NONE qty=6 avgPrice=37.6000
2026-05-07 01:20:01 WARN  SELL_SKIP [US] BAIG reason=PHANTOM_POSITION phase=NONE qty=6 avgPrice=37.6000
2026-05-07 01:20:06 WARN  SELL_SKIP [US] BAIG reason=PHANTOM_POSITION phase=NONE qty=6 avgPrice=37.6000
2026-05-07 01:20:11 WARN  SELL_SKIP [US] BAIG reason=PHANTOM_POSITION phase=NONE qty=6 avgPrice=37.6000
2026-05-07 01:20:16 WARN  SELL_SKIP [US] BAIG reason=PHANTOM_POSITION phase=NONE qty=6 avgPrice=37.6000
2026-05-07 01:20:21 WARN  SELL_SKIP [US] BAIG reason=PHANTOM_POSITION phase=NONE qty=6 avgPrice=37.6000
2026-05-07 01:20:26 WARN  SELL_SKIP [US] BAIG reason=PHANTOM_POSITION phase=NONE qty=6 avgPrice=37.6000
2026-05-07 01:20:31 WARN  SELL_SKIP [US] BAIG reason=PHANTOM_POSITION phase=NONE qty=6 avgPrice=37.6000
2026-05-07 01:20:36 WARN  SELL_SKIP [US] BAIG reason=PHANTOM_POSITION phase=NONE qty=6 avgPrice=37.6000
2026-05-07 01:20:41 WARN  SELL_SKIP [US] BAIG reason=PHANTOM_POSITION phase=NONE qty=6 avgPrice=37.6000
2026-05-07 01:20:46 WARN  SELL_SKIP [US] BAIG reason=PHANTOM_POSITION phase=NONE qty=6 avgPrice=37.6000
2026-05-07 01:20:52 WARN  SELL_SKIP [US] BAIG reason=PHANTOM_POSITION phase=NONE qty=6 avgPrice=37.6000
2026-05-07 01:20:57 WARN  SELL_SKIP [US] BAIG reason=PHANTOM_POSITION phase=NONE qty=6 avgPrice=37.6000
2026-05-07 01:21:02 WARN  SELL_SKIP [US] BAIG reason=PHANTOM_POSITION phase=NONE qty=6 avgPrice=37.6000
2026-05-07 01:21:07 WARN  SELL_SKIP [US] BAIG reason=PHANTOM_POSITION phase=NONE qty=6 avgPrice=37.6000
2026-05-07 01:21:12 WARN  SELL_SKIP [US] BAIG reason=PHANTOM_POSITION phase=NONE qty=6 avgPrice=37.6000
2026-05-07 01:21:17 WARN  SELL_SKIP [US] BAIG reason=PHANTOM_POSITION phase=NONE qty=6 avgPrice=37.6000
2026-05-07 01:21:22 WARN  SELL_SKIP [US] BAIG reason=PHANTOM_POSITION phase=NONE qty=6 avgPrice=37.6000
2026-05-07 01:21:27 WARN  SELL_SKIP [US] BAIG reason=PHANTOM_POSITION phase=NONE qty=6 avgPrice=37.6000
2026-05-07 01:21:32 WARN  SELL_SKIP [US] BAIG reason=PHANTOM_POSITION phase=NONE qty=6 avgPrice=37.6000
2026-05-07 01:21:37 WARN  SELL_SKIP [US] BAIG reason=PHANTOM_POSITION phase=NONE qty=6 avgPrice=37.6000
2026-05-07 01:21:42 WARN  SELL_SKIP [US] BAIG reason=PHANTOM_POSITION phase=NONE qty=6 avgPrice=37.6000
2026-05-07 01:21:47 WARN  SELL_SKIP [US] BAIG reason=PHANTOM_POSITION phase=NONE qty=6 avgPrice=37.6000
2026-05-07 01:21:53 WARN  SELL_SKIP [US] BAIG reason=PHANTOM_POSITION phase=NONE qty=6 avgPrice=37.6000
2026-05-07 01:21:58 WARN  SELL_SKIP [US] BAIG reason=PHANTOM_POSITION phase=NONE qty=6 avgPrice=37.6000
2026-05-07 01:22:03 WARN  SELL_SKIP [US] BAIG reason=PHANTOM_POSITION phase=NONE qty=6 avgPrice=37.6000
2026-05-07 01:22:08 WARN  SELL_SKIP [US] BAIG reason=PHANTOM_POSITION phase=NONE qty=6 avgPrice=37.6000
2026-05-07 01:22:13 WARN  SELL_SKIP [US] BAIG reason=PHANTOM_POSITION phase=NONE qty=6 avgPrice=37.6000
2026-05-07 01:22:18 WARN  SELL_SKIP [US] BAIG reason=PHANTOM_POSITION phase=NONE qty=6 avgPrice=37.6000
2026-05-07 01:22:23 WARN  SELL_SKIP [US] BAIG reason=PHANTOM_POSITION phase=NONE qty=6 avgPrice=37.6000
2026-05-07 01:22:28 WARN  SELL_SKIP [US] BAIG reason=PHANTOM_POSITION phase=NONE qty=6 avgPrice=37.6000
2026-05-07 01:22:33 WARN  SELL_SKIP [US] BAIG reason=PHANTOM_POSITION phase=NONE qty=6 avgPrice=37.6000
2026-05-07 01:22:38 WARN  SELL_SKIP [US] BAIG reason=PHANTOM_POSITION phase=NONE qty=6 avgPrice=37.6000
2026-05-07 01:22:43 WARN  SELL_SKIP [US] BAIG reason=PHANTOM_POSITION phase=NONE qty=6 avgPrice=37.6000
2026-05-07 01:22:49 WARN  SELL_SKIP [US] BAIG reason=PHANTOM_POSITION phase=NONE qty=6 avgPrice=37.6000
2026-05-07 01:22:54 WARN  SELL_SKIP [US] BAIG reason=PHANTOM_POSITION phase=NONE qty=6 avgPrice=37.6000
2026-05-07 01:22:59 WARN  SELL_SKIP [US] BAIG reason=PHANTOM_POSITION phase=NONE qty=6 avgPrice=37.6000
2026-05-07 01:23:04 WARN  SELL_SKIP [US] BAIG reason=PHANTOM_POSITION phase=NONE qty=6 avgPrice=37.6000
2026-05-07 01:23:09 WARN  SELL_SKIP [US] BAIG reason=PHANTOM_POSITION phase=NONE qty=6 avgPrice=37.6000
2026-05-07 01:23:14 WARN  SELL_SKIP [US] BAIG reason=PHANTOM_POSITION phase=NONE qty=6 avgPrice=37.6000
2026-05-07 01:23:19 WARN  SELL_SKIP [US] BAIG reason=PHANTOM_POSITION phase=NONE qty=6 avgPrice=37.6000
2026-05-07 01:23:24 WARN  SELL_SKIP [US] BAIG reason=PHANTOM_POSITION phase=NONE qty=6 avgPrice=37.6000
2026-05-07 01:23:29 WARN  SELL_SKIP [US] BAIG reason=PHANTOM_POSITION phase=NONE qty=6 avgPrice=37.6000
2026-05-07 01:23:34 WARN  SELL_SKIP [US] BAIG reason=PHANTOM_POSITION phase=NONE qty=6 avgPrice=37.6000
2026-05-07 01:23:39 WARN  SELL_SKIP [US] BAIG reason=PHANTOM_POSITION phase=NONE qty=6 avgPrice=37.6000
2026-05-07 01:23:45 WARN  SELL_SKIP [US] BAIG reason=PHANTOM_POSITION phase=NONE qty=6 avgPrice=37.6000
2026-05-07 01:23:50 WARN  SELL_SKIP [US] BAIG reason=PHANTOM_POSITION phase=NONE qty=6 avgPrice=37.6000
2026-05-07 01:23:55 WARN  SELL_SKIP [US] BAIG reason=PHANTOM_POSITION phase=NONE qty=6 avgPrice=37.6000
2026-05-07 01:24:00 WARN  SELL_SKIP [US] BAIG reason=PHANTOM_POSITION phase=NONE qty=6 avgPrice=37.6000
2026-05-07 01:24:05 WARN  SELL_SKIP [US] BAIG reason=PHANTOM_POSITION phase=NONE qty=6 avgPrice=37.6000
2026-05-07 01:24:10 WARN  SELL_SKIP [US] BAIG reason=PHANTOM_POSITION phase=NONE qty=6 avgPrice=37.6000
2026-05-07 01:24:15 WARN  SELL_SKIP [US] BAIG reason=PHANTOM_POSITION phase=NONE qty=6 avgPrice=37.6000
2026-05-07 01:24:20 WARN  SELL_SKIP [US] BAIG reason=PHANTOM_POSITION phase=NONE qty=6 avgPrice=37.6000
2026-05-07 01:24:25 WARN  SELL_SKIP [US] BAIG reason=PHANTOM_POSITION phase=NONE qty=6 avgPrice=37.6000
2026-05-07 01:24:30 WARN  SELL_SKIP [US] BAIG reason=PHANTOM_POSITION phase=NONE qty=6 avgPrice=37.6000
2026-05-07 01:24:35 WARN  SELL_SKIP [US] BAIG reason=PHANTOM_POSITION phase=NONE qty=6 avgPrice=37.6000
2026-05-07 01:24:37 INFO  BUY amount set for BAIG: 250.00
2026-05-07 01:24:37 INFO  BUY amount set for SOXS: 250.00
2026-05-07 01:24:37 INFO  BUY amount set for NVDL: 250.00
2026-05-07 01:24:37 INFO  BUY amount set for SMCX: 250.00
2026-05-07 01:24:37 INFO  BUY amount set for SMU: 250.00
2026-05-07 01:24:37 INFO  BUY amount set for SOXL: 250.00
2026-05-07 01:24:37 INFO  BUY amount set for TSLL: 250.00
2026-05-07 01:24:37 INFO  BUY amount set for ETHU: 250.00
2026-05-07 01:24:41 WARN  SELL_SKIP [US] BAIG reason=PHANTOM_POSITION phase=NONE qty=6 avgPrice=37.6000
2026-05-07 01:24:46 WARN  SELL_SKIP [US] BAIG reason=PHANTOM_POSITION phase=NONE qty=6 avgPrice=37.6000
2026-05-07 01:24:48 INFO  BUY amount set for SMCX: 250.00
2026-05-07 01:24:48 INFO  BUY amount set for BAIG: 250.00
2026-05-07 01:24:48 INFO  BUY amount set for NVDL: 250.00
2026-05-07 01:24:48 INFO  BUY amount set for SOXS: 250.00
2026-05-07 01:24:48 INFO  BUY amount set for SOXL: 250.00
2026-05-07 01:24:48 INFO  BUY amount set for SMU: 250.00
2026-05-07 01:24:48 INFO  BUY amount set for TSLL: 250.00
2026-05-07 01:24:48 INFO  BUY amount set for ETHU: 250.00
2026-05-07 01:24:51 WARN  SELL_SKIP [US] BAIG reason=PHANTOM_POSITION phase=NONE qty=6 avgPrice=37.6000
2026-05-07 01:24:56 WARN  SELL_SKIP [US] BAIG reason=PHANTOM_POSITION phase=NONE qty=6 avgPrice=37.6000
2026-05-07 01:25:01 WARN  SELL_SKIP [US] BAIG reason=PHANTOM_POSITION phase=NONE qty=6 avgPrice=37.6000
2026-05-07 01:25:06 WARN  SELL_SKIP [US] BAIG reason=PHANTOM_POSITION phase=NONE qty=6 avgPrice=37.6000
2026-05-07 01:25:06 WARN  BUY_SKIP [US] MRVL reason=AMOUNT_TOO_SMALL amount=300.0000 size=1.0000x price=169.2500
2026-05-07 01:25:11 WARN  SELL_SKIP [US] BAIG reason=PHANTOM_POSITION phase=NONE qty=6 avgPrice=37.6000
2026-05-07 01:25:16 WARN  SELL_SKIP [US] BAIG reason=PHANTOM_POSITION phase=NONE qty=6 avgPrice=37.6000
2026-05-07 01:25:21 WARN  SELL_SKIP [US] BAIG reason=PHANTOM_POSITION phase=NONE qty=6 avgPrice=37.6000
2026-05-07 01:25:26 WARN  SELL_SKIP [US] BAIG reason=PHANTOM_POSITION phase=NONE qty=6 avgPrice=37.6000
2026-05-07 01:25:31 WARN  SELL_SKIP [US] BAIG reason=PHANTOM_POSITION phase=NONE qty=6 avgPrice=37.6000
2026-05-07 01:25:36 WARN  SELL_SKIP [US] BAIG reason=PHANTOM_POSITION phase=NONE qty=6 avgPrice=37.6000
2026-05-07 01:25:42 WARN  SELL_SKIP [US] BAIG reason=PHANTOM_POSITION phase=NONE qty=6 avgPrice=37.6000
2026-05-07 01:25:47 WARN  SELL_SKIP [US] BAIG reason=PHANTOM_POSITION phase=NONE qty=6 avgPrice=37.6000
2026-05-07 01:25:52 WARN  SELL_SKIP [US] BAIG reason=PHANTOM_POSITION phase=NONE qty=6 avgPrice=37.6000
2026-05-07 01:25:57 WARN  SELL_SKIP [US] BAIG reason=PHANTOM_POSITION phase=NONE qty=6 avgPrice=37.6000
2026-05-07 01:26:02 WARN  SELL_SKIP [US] BAIG reason=PHANTOM_POSITION phase=NONE qty=6 avgPrice=37.6000
2026-05-07 01:26:07 WARN  SELL_SKIP [US] BAIG reason=PHANTOM_POSITION phase=NONE qty=6 avgPrice=37.6000
2026-05-07 01:26:12 WARN  SELL_SKIP [US] BAIG reason=PHANTOM_POSITION phase=NONE qty=6 avgPrice=37.6000
2026-05-07 01:26:17 WARN  SELL_SKIP [US] BAIG reason=PHANTOM_POSITION phase=NONE qty=6 avgPrice=37.6000
2026-05-07 01:26:22 WARN  SELL_SKIP [US] BAIG reason=PHANTOM_POSITION phase=NONE qty=6 avgPrice=37.6000
2026-05-07 01:26:23 WARN  BUY_SKIP [US] SOXL reason=AMOUNT_TOO_SMALL amount=250.0000 size=0.8000x price=160.8400
2026-05-07 01:26:27 WARN  SELL_SKIP [US] BAIG reason=PHANTOM_POSITION phase=NONE qty=6 avgPrice=37.6000
2026-05-07 01:26:32 WARN  SELL_SKIP [US] BAIG reason=PHANTOM_POSITION phase=NONE qty=6 avgPrice=37.6000
2026-05-07 01:26:38 WARN  SELL_SKIP [US] BAIG reason=PHANTOM_POSITION phase=NONE qty=6 avgPrice=37.6000
2026-05-07 01:26:43 WARN  SELL_SKIP [US] BAIG reason=PHANTOM_POSITION phase=NONE qty=6 avgPrice=37.6000
2026-05-07 01:26:48 WARN  SELL_SKIP [US] BAIG reason=PHANTOM_POSITION phase=NONE qty=6 avgPrice=37.6000
2026-05-07 01:26:53 WARN  SELL_SKIP [US] BAIG reason=PHANTOM_POSITION phase=NONE qty=6 avgPrice=37.6000
2026-05-07 01:26:58 WARN  SELL_SKIP [US] BAIG reason=PHANTOM_POSITION phase=NONE qty=6 avgPrice=37.6000
2026-05-07 01:27:03 WARN  SELL_SKIP [US] BAIG reason=PHANTOM_POSITION phase=NONE qty=6 avgPrice=37.6000
2026-05-07 01:27:08 WARN  SELL_SKIP [US] BAIG reason=PHANTOM_POSITION phase=NONE qty=6 avgPrice=37.6000
2026-05-07 01:27:13 WARN  SELL_SKIP [US] BAIG reason=PHANTOM_POSITION phase=NONE qty=6 avgPrice=37.6000
2026-05-07 01:27:18 WARN  SELL_SKIP [US] BAIG reason=PHANTOM_POSITION phase=NONE qty=6 avgPrice=37.6000
2026-05-07 01:27:23 WARN  SELL_SKIP [US] BAIG reason=PHANTOM_POSITION phase=NONE qty=6 avgPrice=37.6000
2026-05-07 01:27:28 WARN  SELL_SKIP [US] BAIG reason=PHANTOM_POSITION phase=NONE qty=6 avgPrice=37.6000
2026-05-07 01:27:33 WARN  SELL_SKIP [US] BAIG reason=PHANTOM_POSITION phase=NONE qty=6 avgPrice=37.6000
2026-05-07 01:27:39 WARN  SELL_SKIP [US] BAIG reason=PHANTOM_POSITION phase=NONE qty=6 avgPrice=37.6000
2026-05-07 01:27:44 WARN  SELL_SKIP [US] BAIG reason=PHANTOM_POSITION phase=NONE qty=6 avgPrice=37.6000
2026-05-07 01:27:49 WARN  SELL_SKIP [US] BAIG reason=PHANTOM_POSITION phase=NONE qty=6 avgPrice=37.6000
2026-05-07 01:27:54 WARN  SELL_SKIP [US] BAIG reason=PHANTOM_POSITION phase=NONE qty=6 avgPrice=37.6000
2026-05-07 01:27:59 WARN  SELL_SKIP [US] BAIG reason=PHANTOM_POSITION phase=NONE qty=6 avgPrice=37.6000
2026-05-07 01:28:04 WARN  SELL_SKIP [US] BAIG reason=PHANTOM_POSITION phase=NONE qty=6 avgPrice=37.6000
2026-05-07 01:28:09 WARN  SELL_SKIP [US] BAIG reason=PHANTOM_POSITION phase=NONE qty=6 avgPrice=37.6000
2026-05-07 01:28:14 WARN  SELL_SKIP [US] BAIG reason=PHANTOM_POSITION phase=NONE qty=6 avgPrice=37.6000
2026-05-07 01:28:19 WARN  SELL_SKIP [US] BAIG reason=PHANTOM_POSITION phase=NONE qty=6 avgPrice=37.6000
2026-05-07 01:28:24 WARN  SELL_SKIP [US] BAIG reason=PHANTOM_POSITION phase=NONE qty=6 avgPrice=37.6000
2026-05-07 01:28:29 WARN  SELL_SKIP [US] BAIG reason=PHANTOM_POSITION phase=NONE qty=6 avgPrice=37.6000
2026-05-07 01:28:35 WARN  SELL_SKIP [US] BAIG reason=PHANTOM_POSITION phase=NONE qty=6 avgPrice=37.6000
2026-05-07 01:28:40 WARN  SELL_SKIP [US] BAIG reason=PHANTOM_POSITION phase=NONE qty=6 avgPrice=37.6000
2026-05-07 01:28:45 WARN  SELL_SKIP [US] BAIG reason=PHANTOM_POSITION phase=NONE qty=6 avgPrice=37.6000
2026-05-07 01:28:50 WARN  SELL_SKIP [US] BAIG reason=PHANTOM_POSITION phase=NONE qty=6 avgPrice=37.6000
2026-05-07 01:28:55 WARN  SELL_SKIP [US] BAIG reason=PHANTOM_POSITION phase=NONE qty=6 avgPrice=37.6000
2026-05-07 01:29:00 WARN  SELL_SKIP [US] BAIG reason=PHANTOM_POSITION phase=NONE qty=6 avgPrice=37.6000
2026-05-07 01:29:05 WARN  SELL_SKIP [US] BAIG reason=PHANTOM_POSITION phase=NONE qty=6 avgPrice=37.6000
2026-05-07 01:29:10 WARN  SELL_SKIP [US] BAIG reason=PHANTOM_POSITION phase=NONE qty=6 avgPrice=37.6000
2026-05-07 01:29:15 WARN  SELL_SKIP [US] BAIG reason=PHANTOM_POSITION phase=NONE qty=6 avgPrice=37.6000
2026-05-07 01:29:20 WARN  SELL_SKIP [US] BAIG reason=PHANTOM_POSITION phase=NONE qty=6 avgPrice=37.6000
2026-05-07 01:29:25 WARN  SELL_SKIP [US] BAIG reason=PHANTOM_POSITION phase=NONE qty=6 avgPrice=37.6000
2026-05-07 01:29:30 WARN  SELL_SKIP [US] BAIG reason=PHANTOM_POSITION phase=NONE qty=6 avgPrice=37.6000
2026-05-07 01:29:36 WARN  SELL_SKIP [US] BAIG reason=PHANTOM_POSITION phase=NONE qty=6 avgPrice=37.6000
2026-05-07 01:29:41 WARN  SELL_SKIP [US] BAIG reason=PHANTOM_POSITION phase=NONE qty=6 avgPrice=37.6000
2026-05-07 01:29:46 WARN  SELL_SKIP [US] BAIG reason=PHANTOM_POSITION phase=NONE qty=6 avgPrice=37.6000
2026-05-07 01:29:51 WARN  SELL_SKIP [US] BAIG reason=PHANTOM_POSITION phase=NONE qty=6 avgPrice=37.6000
2026-05-07 01:29:56 WARN  SELL_SKIP [US] BAIG reason=PHANTOM_POSITION phase=NONE qty=6 avgPrice=37.6000
2026-05-07 01:30:01 WARN  SELL_SKIP [US] BAIG reason=PHANTOM_POSITION phase=NONE qty=6 avgPrice=37.6000
2026-05-07 01:30:06 WARN  SELL_SKIP [US] BAIG reason=PHANTOM_POSITION phase=NONE qty=6 avgPrice=37.6000
2026-05-07 01:30:11 WARN  SELL_SKIP [US] BAIG reason=PHANTOM_POSITION phase=NONE qty=6 avgPrice=37.6000
2026-05-07 01:30:16 WARN  SELL_SKIP [US] BAIG reason=PHANTOM_POSITION phase=NONE qty=6 avgPrice=37.6000
2026-05-07 01:30:21 WARN  SELL_SKIP [US] BAIG reason=PHANTOM_POSITION phase=NONE qty=6 avgPrice=37.6000
2026-05-07 01:30:26 WARN  SELL_SKIP [US] BAIG reason=PHANTOM_POSITION phase=NONE qty=6 avgPrice=37.6000
2026-05-07 01:30:37 WARN  SELL_SKIP [US] BAIG reason=PHANTOM_POSITION phase=NONE qty=6 avgPrice=37.6000
2026-05-07 01:30:42 WARN  SELL_SKIP [US] BAIG reason=PHANTOM_POSITION phase=NONE qty=6 avgPrice=37.6000
2026-05-07 01:30:47 WARN  SELL_SKIP [US] BAIG reason=PHANTOM_POSITION phase=NONE qty=6 avgPrice=37.6000
2026-05-07 01:30:52 WARN  SELL_SKIP [US] BAIG reason=PHANTOM_POSITION phase=NONE qty=6 avgPrice=37.6000
2026-05-07 01:30:57 WARN  SELL_SKIP [US] BAIG reason=PHANTOM_POSITION phase=NONE qty=6 avgPrice=37.6000
2026-05-07 01:31:02 WARN  SELL_SKIP [US] BAIG reason=PHANTOM_POSITION phase=NONE qty=6 avgPrice=37.6000
2026-05-07 01:31:07 WARN  SELL_SKIP [US] BAIG reason=PHANTOM_POSITION phase=NONE qty=6 avgPrice=37.6000
2026-05-07 01:31:12 WARN  SELL_SKIP [US] BAIG reason=PHANTOM_POSITION phase=NONE qty=6 avgPrice=37.6000
2026-05-07 01:31:17 WARN  SELL_SKIP [US] BAIG reason=PHANTOM_POSITION phase=NONE qty=6 avgPrice=37.6000
2026-05-07 01:31:22 WARN  SELL_SKIP [US] BAIG reason=PHANTOM_POSITION phase=NONE qty=6 avgPrice=37.6000
2026-05-07 01:31:28 WARN  SELL_SKIP [US] BAIG reason=PHANTOM_POSITION phase=NONE qty=6 avgPrice=37.6000
2026-05-07 01:31:33 WARN  SELL_SKIP [US] BAIG reason=PHANTOM_POSITION phase=NONE qty=6 avgPrice=37.6000
2026-05-07 01:31:38 WARN  SELL_SKIP [US] BAIG reason=PHANTOM_POSITION phase=NONE qty=6 avgPrice=37.6000
2026-05-07 01:31:43 WARN  SELL_SKIP [US] BAIG reason=PHANTOM_POSITION phase=NONE qty=6 avgPrice=37.6000
2026-05-07 01:31:48 WARN  SELL_SKIP [US] BAIG reason=PHANTOM_POSITION phase=NONE qty=6 avgPrice=37.6000
2026-05-07 01:31:53 WARN  SELL_SKIP [US] BAIG reason=PHANTOM_POSITION phase=NONE qty=6 avgPrice=37.6000
2026-05-07 01:31:58 WARN  SELL_SKIP [US] BAIG reason=PHANTOM_POSITION phase=NONE qty=6 avgPrice=37.6000
2026-05-07 01:32:03 WARN  SELL_SKIP [US] BAIG reason=PHANTOM_POSITION phase=NONE qty=6 avgPrice=37.6000
2026-05-07 01:32:08 WARN  SELL_SKIP [US] BAIG reason=PHANTOM_POSITION phase=NONE qty=6 avgPrice=37.6000
2026-05-07 01:32:09 WARN  BUY_SKIP [US] SOXL reason=AMOUNT_TOO_SMALL amount=250.0000 size=0.8000x price=160.8900
2026-05-07 01:32:13 WARN  SELL_SKIP [US] BAIG reason=PHANTOM_POSITION phase=NONE qty=6 avgPrice=37.6000
2026-05-07 01:32:18 WARN  SELL_SKIP [US] BAIG reason=PHANTOM_POSITION phase=NONE qty=6 avgPrice=37.6000
2026-05-07 01:32:24 WARN  SELL_SKIP [US] BAIG reason=PHANTOM_POSITION phase=NONE qty=6 avgPrice=37.6000
2026-05-07 01:32:29 WARN  SELL_SKIP [US] BAIG reason=PHANTOM_POSITION phase=NONE qty=6 avgPrice=37.6000
2026-05-07 01:32:34 WARN  SELL_SKIP [US] BAIG reason=PHANTOM_POSITION phase=NONE qty=6 avgPrice=37.6000
2026-05-07 01:32:39 WARN  SELL_SKIP [US] BAIG reason=PHANTOM_POSITION phase=NONE qty=6 avgPrice=37.6000
2026-05-07 01:32:44 WARN  SELL_SKIP [US] BAIG reason=PHANTOM_POSITION phase=NONE qty=6 avgPrice=37.6000
2026-05-07 01:32:49 WARN  SELL_SKIP [US] BAIG reason=PHANTOM_POSITION phase=NONE qty=6 avgPrice=37.6000
2026-05-07 01:32:54 WARN  SELL_SKIP [US] BAIG reason=PHANTOM_POSITION phase=NONE qty=6 avgPrice=37.6000
2026-05-07 01:32:59 WARN  SELL_SKIP [US] BAIG reason=PHANTOM_POSITION phase=NONE qty=6 avgPrice=37.6000
2026-05-07 01:33:04 WARN  SELL_SKIP [US] BAIG reason=PHANTOM_POSITION phase=NONE qty=6 avgPrice=37.6000
2026-05-07 01:33:09 WARN  SELL_SKIP [US] BAIG reason=PHANTOM_POSITION phase=NONE qty=6 avgPrice=37.6000
2026-05-07 01:33:14 WARN  SELL_SKIP [US] BAIG reason=PHANTOM_POSITION phase=NONE qty=6 avgPrice=37.6000
2026-05-07 01:33:19 WARN  SELL_SKIP [US] BAIG reason=PHANTOM_POSITION phase=NONE qty=6 avgPrice=37.6000
2026-05-07 01:33:25 WARN  SELL_SKIP [US] BAIG reason=PHANTOM_POSITION phase=NONE qty=6 avgPrice=37.6000
2026-05-07 01:33:30 WARN  SELL_SKIP [US] BAIG reason=PHANTOM_POSITION phase=NONE qty=6 avgPrice=37.6000
2026-05-07 01:33:35 WARN  SELL_SKIP [US] BAIG reason=PHANTOM_POSITION phase=NONE qty=6 avgPrice=37.6000
2026-05-07 01:33:40 WARN  SELL_SKIP [US] BAIG reason=PHANTOM_POSITION phase=NONE qty=6 avgPrice=37.6000
2026-05-07 01:33:45 WARN  SELL_SKIP [US] BAIG reason=PHANTOM_POSITION phase=NONE qty=6 avgPrice=37.6000
2026-05-07 01:33:50 WARN  SELL_SKIP [US] BAIG reason=PHANTOM_POSITION phase=NONE qty=6 avgPrice=37.6000
2026-05-07 01:33:55 WARN  SELL_SKIP [US] BAIG reason=PHANTOM_POSITION phase=NONE qty=6 avgPrice=37.6000
2026-05-07 01:34:00 WARN  SELL_SKIP [US] BAIG reason=PHANTOM_POSITION phase=NONE qty=6 avgPrice=37.6000
2026-05-07 01:34:05 WARN  SELL_SKIP [US] BAIG reason=PHANTOM_POSITION phase=NONE qty=6 avgPrice=37.6000
2026-05-07 01:34:10 WARN  SELL_SKIP [US] BAIG reason=PHANTOM_POSITION phase=NONE qty=6 avgPrice=37.6000
2026-05-07 01:34:15 WARN  SELL_SKIP [US] BAIG reason=PHANTOM_POSITION phase=NONE qty=6 avgPrice=37.6000
2026-05-07 01:34:20 WARN  SELL_SKIP [US] BAIG reason=PHANTOM_POSITION phase=NONE qty=6 avgPrice=37.6000
2026-05-07 01:34:26 WARN  SELL_SKIP [US] BAIG reason=PHANTOM_POSITION phase=NONE qty=6 avgPrice=37.6000
2026-05-07 01:34:31 WARN  SELL_SKIP [US] BAIG reason=PHANTOM_POSITION phase=NONE qty=6 avgPrice=37.6000
2026-05-07 01:34:36 WARN  SELL_SKIP [US] BAIG reason=PHANTOM_POSITION phase=NONE qty=6 avgPrice=37.6000
2026-05-07 01:34:41 WARN  SELL_SKIP [US] BAIG reason=PHANTOM_POSITION phase=NONE qty=6 avgPrice=37.6000
2026-05-07 01:34:46 WARN  SELL_SKIP [US] BAIG reason=PHANTOM_POSITION phase=NONE qty=6 avgPrice=37.6000
2026-05-07 01:34:51 WARN  SELL_SKIP [US] BAIG reason=PHANTOM_POSITION phase=NONE qty=6 avgPrice=37.6000
2026-05-07 01:34:56 WARN  SELL_SKIP [US] BAIG reason=PHANTOM_POSITION phase=NONE qty=6 avgPrice=37.6000
2026-05-07 01:35:01 WARN  SELL_SKIP [US] BAIG reason=PHANTOM_POSITION phase=NONE qty=6 avgPrice=37.6000
2026-05-07 01:35:06 WARN  SELL_SKIP [US] BAIG reason=PHANTOM_POSITION phase=NONE qty=6 avgPrice=37.6000
2026-05-07 01:35:11 WARN  SELL_SKIP [US] BAIG reason=PHANTOM_POSITION phase=NONE qty=6 avgPrice=37.6000
2026-05-07 01:35:16 WARN  SELL_SKIP [US] BAIG reason=PHANTOM_POSITION phase=NONE qty=6 avgPrice=37.6000
2026-05-07 01:35:22 WARN  SELL_SKIP [US] BAIG reason=PHANTOM_POSITION phase=NONE qty=6 avgPrice=37.6000
2026-05-07 01:35:27 WARN  SELL_SKIP [US] BAIG reason=PHANTOM_POSITION phase=NONE qty=6 avgPrice=37.6000
2026-05-07 01:35:32 WARN  SELL_SKIP [US] BAIG reason=PHANTOM_POSITION phase=NONE qty=6 avgPrice=37.6000
2026-05-07 01:35:37 WARN  SELL_SKIP [US] BAIG reason=PHANTOM_POSITION phase=NONE qty=6 avgPrice=37.6000
2026-05-07 01:35:42 WARN  SELL_SKIP [US] BAIG reason=PHANTOM_POSITION phase=NONE qty=6 avgPrice=37.6000
2026-05-07 01:35:47 WARN  SELL_SKIP [US] BAIG reason=PHANTOM_POSITION phase=NONE qty=6 avgPrice=37.6000
2026-05-07 01:35:52 WARN  SELL_SKIP [US] BAIG reason=PHANTOM_POSITION phase=NONE qty=6 avgPrice=37.6000
2026-05-07 01:35:57 WARN  SELL_SKIP [US] BAIG reason=PHANTOM_POSITION phase=NONE qty=6 avgPrice=37.6000
2026-05-07 01:36:02 WARN  SELL_SKIP [US] BAIG reason=PHANTOM_POSITION phase=NONE qty=6 avgPrice=37.6000
2026-05-07 01:36:07 WARN  SELL_SKIP [US] BAIG reason=PHANTOM_POSITION phase=NONE qty=6 avgPrice=37.6000
2026-05-07 01:36:12 WARN  SELL_SKIP [US] BAIG reason=PHANTOM_POSITION phase=NONE qty=6 avgPrice=37.6000
2026-05-07 01:36:17 WARN  SELL_SKIP [US] BAIG reason=PHANTOM_POSITION phase=NONE qty=6 avgPrice=37.6000
2026-05-07 01:36:22 WARN  SELL_SKIP [US] BAIG reason=PHANTOM_POSITION phase=NONE qty=6 avgPrice=37.6000
2026-05-07 01:36:28 WARN  SELL_SKIP [US] BAIG reason=PHANTOM_POSITION phase=NONE qty=6 avgPrice=37.6000
2026-05-07 01:36:33 WARN  SELL_SKIP [US] BAIG reason=PHANTOM_POSITION phase=NONE qty=6 avgPrice=37.6000
2026-05-07 01:36:38 WARN  SELL_SKIP [US] BAIG reason=PHANTOM_POSITION phase=NONE qty=6 avgPrice=37.6000
2026-05-07 01:36:43 WARN  SELL_SKIP [US] BAIG reason=PHANTOM_POSITION phase=NONE qty=6 avgPrice=37.6000
2026-05-07 01:36:48 WARN  SELL_SKIP [US] BAIG reason=PHANTOM_POSITION phase=NONE qty=6 avgPrice=37.6000
2026-05-07 01:36:53 WARN  SELL_SKIP [US] BAIG reason=PHANTOM_POSITION phase=NONE qty=6 avgPrice=37.6000
2026-05-07 01:36:58 WARN  SELL_SKIP [US] BAIG reason=PHANTOM_POSITION phase=NONE qty=6 avgPrice=37.6000
2026-05-07 01:37:03 WARN  SELL_SKIP [US] BAIG reason=PHANTOM_POSITION phase=NONE qty=6 avgPrice=37.6000
2026-05-07 01:37:08 WARN  SELL_SKIP [US] BAIG reason=PHANTOM_POSITION phase=NONE qty=6 avgPrice=37.6000
2026-05-07 01:37:13 WARN  SELL_SKIP [US] BAIG reason=PHANTOM_POSITION phase=NONE qty=6 avgPrice=37.6000
2026-05-07 01:37:18 WARN  SELL_SKIP [US] BAIG reason=PHANTOM_POSITION phase=NONE qty=6 avgPrice=37.6000
2026-05-07 01:37:24 WARN  SELL_SKIP [US] BAIG reason=PHANTOM_POSITION phase=NONE qty=6 avgPrice=37.6000
2026-05-07 01:37:29 WARN  SELL_SKIP [US] BAIG reason=PHANTOM_POSITION phase=NONE qty=6 avgPrice=37.6000
2026-05-07 01:37:34 WARN  SELL_SKIP [US] BAIG reason=PHANTOM_POSITION phase=NONE qty=6 avgPrice=37.6000
2026-05-07 01:37:39 WARN  SELL_SKIP [US] BAIG reason=PHANTOM_POSITION phase=NONE qty=6 avgPrice=37.6000
2026-05-07 01:37:44 WARN  SELL_SKIP [US] BAIG reason=PHANTOM_POSITION phase=NONE qty=6 avgPrice=37.6000
2026-05-07 01:37:49 WARN  SELL_SKIP [US] BAIG reason=PHANTOM_POSITION phase=NONE qty=6 avgPrice=37.6000
2026-05-07 01:37:54 WARN  SELL_SKIP [US] BAIG reason=PHANTOM_POSITION phase=NONE qty=6 avgPrice=37.6000
2026-05-07 01:37:59 WARN  SELL_SKIP [US] BAIG reason=PHANTOM_POSITION phase=NONE qty=6 avgPrice=37.6000
2026-05-07 01:38:04 WARN  SELL_SKIP [US] BAIG reason=PHANTOM_POSITION phase=NONE qty=6 avgPrice=37.6000
2026-05-07 01:38:05 WARN  BUY_SKIP [US] SOXL reason=AMOUNT_TOO_SMALL amount=250.0000 size=0.8000x price=161.1700
2026-05-07 01:38:09 WARN  SELL_SKIP [US] BAIG reason=PHANTOM_POSITION phase=NONE qty=6 avgPrice=37.6000
2026-05-07 01:38:14 WARN  SELL_SKIP [US] BAIG reason=PHANTOM_POSITION phase=NONE qty=6 avgPrice=37.6000
2026-05-07 01:38:19 WARN  SELL_SKIP [US] BAIG reason=PHANTOM_POSITION phase=NONE qty=6 avgPrice=37.6000
2026-05-07 01:38:25 WARN  SELL_SKIP [US] BAIG reason=PHANTOM_POSITION phase=NONE qty=6 avgPrice=37.6000
2026-05-07 01:38:25 WARN  BUY_SKIP [US] SOXL reason=AMOUNT_TOO_SMALL amount=250.0000 size=0.8000x price=161.2000
2026-05-07 01:38:30 WARN  SELL_SKIP [US] BAIG reason=PHANTOM_POSITION phase=NONE qty=6 avgPrice=37.6000
2026-05-07 01:38:35 WARN  SELL_SKIP [US] BAIG reason=PHANTOM_POSITION phase=NONE qty=6 avgPrice=37.6000
2026-05-07 01:38:40 WARN  SELL_SKIP [US] BAIG reason=PHANTOM_POSITION phase=NONE qty=6 avgPrice=37.6000
2026-05-07 01:38:45 WARN  SELL_SKIP [US] BAIG reason=PHANTOM_POSITION phase=NONE qty=6 avgPrice=37.6000
2026-05-07 01:38:50 WARN  SELL_SKIP [US] BAIG reason=PHANTOM_POSITION phase=NONE qty=6 avgPrice=37.6000
2026-05-07 01:38:55 WARN  SELL_SKIP [US] BAIG reason=PHANTOM_POSITION phase=NONE qty=6 avgPrice=37.6000
2026-05-07 01:39:00 WARN  SELL_SKIP [US] BAIG reason=PHANTOM_POSITION phase=NONE qty=6 avgPrice=37.6000
2026-05-07 01:39:05 WARN  SELL_SKIP [US] BAIG reason=PHANTOM_POSITION phase=NONE qty=6 avgPrice=37.6000
2026-05-07 01:39:06 WARN  BUY_SKIP [US] MRVL reason=AMOUNT_TOO_SMALL amount=300.0000 size=1.0000x price=169.8300
2026-05-07 01:39:06 WARN  BUY_SKIP [US] SOXL reason=AMOUNT_TOO_SMALL amount=250.0000 size=1.0000x price=161.5200
2026-05-07 01:39:10 WARN  SELL_SKIP [US] BAIG reason=PHANTOM_POSITION phase=NONE qty=6 avgPrice=37.6000
2026-05-07 01:39:15 WARN  SELL_SKIP [US] BAIG reason=PHANTOM_POSITION phase=NONE qty=6 avgPrice=37.6000
2026-05-07 01:39:20 WARN  SELL_SKIP [US] BAIG reason=PHANTOM_POSITION phase=NONE qty=6 avgPrice=37.6000
2026-05-07 01:39:21 WARN  BUY_SKIP [US] MRVL reason=AMOUNT_TOO_SMALL amount=300.0000 size=1.0000x price=169.7800
2026-05-07 01:39:26 WARN  SELL_SKIP [US] BAIG reason=PHANTOM_POSITION phase=NONE qty=6 avgPrice=37.6000
2026-05-07 01:39:31 WARN  SELL_SKIP [US] BAIG reason=PHANTOM_POSITION phase=NONE qty=6 avgPrice=37.6000
2026-05-07 01:39:41 WARN  SELL_SKIP [US] BAIG reason=PHANTOM_POSITION phase=NONE qty=6 avgPrice=37.6000
2026-05-07 01:39:46 WARN  SELL_SKIP [US] BAIG reason=PHANTOM_POSITION phase=NONE qty=6 avgPrice=37.6000
2026-05-07 01:39:51 WARN  SELL_SKIP [US] BAIG reason=PHANTOM_POSITION phase=NONE qty=6 avgPrice=37.6000
2026-05-07 01:39:56 WARN  SELL_SKIP [US] BAIG reason=PHANTOM_POSITION phase=NONE qty=6 avgPrice=37.6000
2026-05-07 01:40:01 WARN  SELL_SKIP [US] BAIG reason=PHANTOM_POSITION phase=NONE qty=6 avgPrice=37.6000
2026-05-07 01:40:06 WARN  SELL_SKIP [US] BAIG reason=PHANTOM_POSITION phase=NONE qty=6 avgPrice=37.6000
2026-05-07 01:40:11 WARN  SELL_SKIP [US] BAIG reason=PHANTOM_POSITION phase=NONE qty=6 avgPrice=37.6000
2026-05-07 01:40:16 WARN  SELL_SKIP [US] BAIG reason=PHANTOM_POSITION phase=NONE qty=6 avgPrice=37.6000
2026-05-07 01:40:21 WARN  SELL_SKIP [US] BAIG reason=PHANTOM_POSITION phase=NONE qty=6 avgPrice=37.6000
2026-05-07 01:40:22 WARN  BUY_SKIP [US] MRVL reason=AMOUNT_TOO_SMALL amount=300.0000 size=0.8000x price=169.7100
2026-05-07 01:40:22 WARN  BUY_SKIP [US] SOXL reason=AMOUNT_TOO_SMALL amount=250.0000 size=0.8000x price=161.5000
2026-05-07 01:40:27 WARN  SELL_SKIP [US] BAIG reason=PHANTOM_POSITION phase=NONE qty=6 avgPrice=37.6000
2026-05-07 01:40:32 WARN  SELL_SKIP [US] BAIG reason=PHANTOM_POSITION phase=NONE qty=6 avgPrice=37.6000
2026-05-07 01:40:37 WARN  SELL_SKIP [US] BAIG reason=PHANTOM_POSITION phase=NONE qty=6 avgPrice=37.6000
2026-05-07 01:40:42 WARN  SELL_SKIP [US] BAIG reason=PHANTOM_POSITION phase=NONE qty=6 avgPrice=37.6000
2026-05-07 01:40:47 WARN  SELL_SKIP [US] BAIG reason=PHANTOM_POSITION phase=NONE qty=6 avgPrice=37.6000
2026-05-07 01:40:52 WARN  SELL_SKIP [US] BAIG reason=PHANTOM_POSITION phase=NONE qty=6 avgPrice=37.6000
2026-05-07 01:40:57 WARN  SELL_SKIP [US] BAIG reason=PHANTOM_POSITION phase=NONE qty=6 avgPrice=37.6000
2026-05-07 01:41:02 WARN  SELL_SKIP [US] BAIG reason=PHANTOM_POSITION phase=NONE qty=6 avgPrice=37.6000
2026-05-07 01:41:07 WARN  SELL_SKIP [US] BAIG reason=PHANTOM_POSITION phase=NONE qty=6 avgPrice=37.6000
2026-05-07 01:41:12 WARN  SELL_SKIP [US] BAIG reason=PHANTOM_POSITION phase=NONE qty=6 avgPrice=37.6000
2026-05-07 01:41:17 WARN  SELL_SKIP [US] BAIG reason=PHANTOM_POSITION phase=NONE qty=6 avgPrice=37.6000
2026-05-07 01:41:23 WARN  SELL_SKIP [US] BAIG reason=PHANTOM_POSITION phase=NONE qty=6 avgPrice=37.6000
2026-05-07 01:41:28 WARN  SELL_SKIP [US] BAIG reason=PHANTOM_POSITION phase=NONE qty=6 avgPrice=37.6000
2026-05-07 01:41:33 WARN  SELL_SKIP [US] BAIG reason=PHANTOM_POSITION phase=NONE qty=6 avgPrice=37.6000
2026-05-07 01:41:38 WARN  SELL_SKIP [US] BAIG reason=PHANTOM_POSITION phase=NONE qty=6 avgPrice=37.6000
2026-05-07 01:41:43 WARN  SELL_SKIP [US] BAIG reason=PHANTOM_POSITION phase=NONE qty=6 avgPrice=37.6000
2026-05-07 01:41:48 WARN  SELL_SKIP [US] BAIG reason=PHANTOM_POSITION phase=NONE qty=6 avgPrice=37.6000
2026-05-07 01:41:53 WARN  SELL_SKIP [US] BAIG reason=PHANTOM_POSITION phase=NONE qty=6 avgPrice=37.6000
2026-05-07 01:41:58 WARN  SELL_SKIP [US] BAIG reason=PHANTOM_POSITION phase=NONE qty=6 avgPrice=37.6000
2026-05-07 01:42:03 WARN  SELL_SKIP [US] BAIG reason=PHANTOM_POSITION phase=NONE qty=6 avgPrice=37.6000
2026-05-07 01:42:08 WARN  SELL_SKIP [US] BAIG reason=PHANTOM_POSITION phase=NONE qty=6 avgPrice=37.6000
2026-05-07 01:42:13 WARN  SELL_SKIP [US] BAIG reason=PHANTOM_POSITION phase=NONE qty=6 avgPrice=37.6000
2026-05-07 01:42:18 WARN  SELL_SKIP [US] BAIG reason=PHANTOM_POSITION phase=NONE qty=6 avgPrice=37.6000
2026-05-07 01:42:24 WARN  SELL_SKIP [US] BAIG reason=PHANTOM_POSITION phase=NONE qty=6 avgPrice=37.6000
2026-05-07 01:42:29 WARN  SELL_SKIP [US] BAIG reason=PHANTOM_POSITION phase=NONE qty=6 avgPrice=37.6000
2026-05-07 01:42:34 WARN  SELL_SKIP [US] BAIG reason=PHANTOM_POSITION phase=NONE qty=6 avgPrice=37.6000
2026-05-07 01:42:39 WARN  SELL_SKIP [US] BAIG reason=PHANTOM_POSITION phase=NONE qty=6 avgPrice=37.6000
2026-05-07 01:42:44 WARN  SELL_SKIP [US] BAIG reason=PHANTOM_POSITION phase=NONE qty=6 avgPrice=37.6000
2026-05-07 01:42:49 WARN  SELL_SKIP [US] BAIG reason=PHANTOM_POSITION phase=NONE qty=6 avgPrice=37.6000
2026-05-07 01:42:54 WARN  SELL_SKIP [US] BAIG reason=PHANTOM_POSITION phase=NONE qty=6 avgPrice=37.6000
2026-05-07 01:42:59 WARN  SELL_SKIP [US] BAIG reason=PHANTOM_POSITION phase=NONE qty=6 avgPrice=37.6000
2026-05-07 01:43:04 WARN  SELL_SKIP [US] BAIG reason=PHANTOM_POSITION phase=NONE qty=6 avgPrice=37.6000
2026-05-07 01:43:09 WARN  SELL_SKIP [US] BAIG reason=PHANTOM_POSITION phase=NONE qty=6 avgPrice=37.6000
2026-05-07 01:43:15 WARN  SELL_SKIP [US] BAIG reason=PHANTOM_POSITION phase=NONE qty=6 avgPrice=37.6000
2026-05-07 01:43:20 WARN  SELL_SKIP [US] BAIG reason=PHANTOM_POSITION phase=NONE qty=6 avgPrice=37.6000
2026-05-07 01:43:25 WARN  SELL_SKIP [US] BAIG reason=PHANTOM_POSITION phase=NONE qty=6 avgPrice=37.6000
2026-05-07 01:43:30 WARN  SELL_SKIP [US] BAIG reason=PHANTOM_POSITION phase=NONE qty=6 avgPrice=37.6000
2026-05-07 01:43:35 WARN  SELL_SKIP [US] BAIG reason=PHANTOM_POSITION phase=NONE qty=6 avgPrice=37.6000
2026-05-07 01:43:40 WARN  SELL_SKIP [US] BAIG reason=PHANTOM_POSITION phase=NONE qty=6 avgPrice=37.6000
2026-05-07 01:43:45 WARN  SELL_SKIP [US] BAIG reason=PHANTOM_POSITION phase=NONE qty=6 avgPrice=37.6000
2026-05-07 01:43:50 WARN  SELL_SKIP [US] BAIG reason=PHANTOM_POSITION phase=NONE qty=6 avgPrice=37.6000
2026-05-07 01:43:55 WARN  SELL_SKIP [US] BAIG reason=PHANTOM_POSITION phase=NONE qty=6 avgPrice=37.6000
2026-05-07 01:44:00 WARN  SELL_SKIP [US] BAIG reason=PHANTOM_POSITION phase=NONE qty=6 avgPrice=37.6000
2026-05-07 01:44:05 WARN  SELL_SKIP [US] BAIG reason=PHANTOM_POSITION phase=NONE qty=6 avgPrice=37.6000
2026-05-07 01:44:10 WARN  SELL_SKIP [US] BAIG reason=PHANTOM_POSITION phase=NONE qty=6 avgPrice=37.6000
2026-05-07 01:44:16 WARN  SELL_SKIP [US] BAIG reason=PHANTOM_POSITION phase=NONE qty=6 avgPrice=37.6000
2026-05-07 01:44:21 WARN  SELL_SKIP [US] BAIG reason=PHANTOM_POSITION phase=NONE qty=6 avgPrice=37.6000
2026-05-07 01:44:26 WARN  SELL_SKIP [US] BAIG reason=PHANTOM_POSITION phase=NONE qty=6 avgPrice=37.6000
2026-05-07 01:44:31 WARN  SELL_SKIP [US] BAIG reason=PHANTOM_POSITION phase=NONE qty=6 avgPrice=37.6000
2026-05-07 01:44:36 WARN  SELL_SKIP [US] BAIG reason=PHANTOM_POSITION phase=NONE qty=6 avgPrice=37.6000
2026-05-07 01:44:41 WARN  SELL_SKIP [US] BAIG reason=PHANTOM_POSITION phase=NONE qty=6 avgPrice=37.6000
2026-05-07 01:44:51 WARN  SELL_SKIP [US] BAIG reason=PHANTOM_POSITION phase=NONE qty=6 avgPrice=37.6000
2026-05-07 01:44:56 WARN  SELL_SKIP [US] BAIG reason=PHANTOM_POSITION phase=NONE qty=6 avgPrice=37.6000
2026-05-07 01:45:01 WARN  SELL_SKIP [US] BAIG reason=PHANTOM_POSITION phase=NONE qty=6 avgPrice=37.6000
2026-05-07 01:45:06 WARN  SELL_SKIP [US] BAIG reason=PHANTOM_POSITION phase=NONE qty=6 avgPrice=37.6000
2026-05-07 01:45:12 WARN  SELL_SKIP [US] BAIG reason=PHANTOM_POSITION phase=NONE qty=6 avgPrice=37.6000
2026-05-07 01:45:17 WARN  SELL_SKIP [US] BAIG reason=PHANTOM_POSITION phase=NONE qty=6 avgPrice=37.6000
2026-05-07 01:45:22 WARN  SELL_SKIP [US] BAIG reason=PHANTOM_POSITION phase=NONE qty=6 avgPrice=37.6000
2026-05-07 01:45:27 WARN  SELL_SKIP [US] BAIG reason=PHANTOM_POSITION phase=NONE qty=6 avgPrice=37.6000
2026-05-07 01:45:32 WARN  SELL_SKIP [US] BAIG reason=PHANTOM_POSITION phase=NONE qty=6 avgPrice=37.6000
2026-05-07 01:45:37 WARN  SELL_SKIP [US] BAIG reason=PHANTOM_POSITION phase=NONE qty=6 avgPrice=37.6000
2026-05-07 01:45:42 WARN  SELL_SKIP [US] BAIG reason=PHANTOM_POSITION phase=NONE qty=6 avgPrice=37.6000
2026-05-07 01:45:47 WARN  SELL_SKIP [US] BAIG reason=PHANTOM_POSITION phase=NONE qty=6 avgPrice=37.6000
2026-05-07 01:45:52 WARN  SELL_SKIP [US] BAIG reason=PHANTOM_POSITION phase=NONE qty=6 avgPrice=37.6000
2026-05-07 01:45:57 WARN  SELL_SKIP [US] BAIG reason=PHANTOM_POSITION phase=NONE qty=6 avgPrice=37.6000
2026-05-07 01:46:02 WARN  SELL_SKIP [US] BAIG reason=PHANTOM_POSITION phase=NONE qty=6 avgPrice=37.6000
2026-05-07 01:46:07 WARN  SELL_SKIP [US] BAIG reason=PHANTOM_POSITION phase=NONE qty=6 avgPrice=37.6000
2026-05-07 01:46:13 WARN  SELL_SKIP [US] BAIG reason=PHANTOM_POSITION phase=NONE qty=6 avgPrice=37.6000
2026-05-07 01:46:18 WARN  SELL_SKIP [US] BAIG reason=PHANTOM_POSITION phase=NONE qty=6 avgPrice=37.6000
2026-05-07 01:46:23 WARN  SELL_SKIP [US] BAIG reason=PHANTOM_POSITION phase=NONE qty=6 avgPrice=37.6000
2026-05-07 01:46:28 WARN  SELL_SKIP [US] BAIG reason=PHANTOM_POSITION phase=NONE qty=6 avgPrice=37.6000
2026-05-07 01:46:33 WARN  SELL_SKIP [US] BAIG reason=PHANTOM_POSITION phase=NONE qty=6 avgPrice=37.6000
2026-05-07 01:46:38 WARN  SELL_SKIP [US] BAIG reason=PHANTOM_POSITION phase=NONE qty=6 avgPrice=37.6000
2026-05-07 01:46:43 WARN  SELL_SKIP [US] BAIG reason=PHANTOM_POSITION phase=NONE qty=6 avgPrice=37.6000
2026-05-07 01:46:48 WARN  SELL_SKIP [US] BAIG reason=PHANTOM_POSITION phase=NONE qty=6 avgPrice=37.6000
2026-05-07 01:46:53 WARN  SELL_SKIP [US] BAIG reason=PHANTOM_POSITION phase=NONE qty=6 avgPrice=37.6000
2026-05-07 01:46:58 WARN  SELL_SKIP [US] BAIG reason=PHANTOM_POSITION phase=NONE qty=6 avgPrice=37.6000
2026-05-07 01:47:03 WARN  SELL_SKIP [US] BAIG reason=PHANTOM_POSITION phase=NONE qty=6 avgPrice=37.6000
2026-05-07 01:47:09 WARN  SELL_SKIP [US] BAIG reason=PHANTOM_POSITION phase=NONE qty=6 avgPrice=37.6000
2026-05-07 01:47:09 INFO  BUY [US] SQQQ mode=VOLUME_BREAKOUT price=46.4500 qty=5 size=0.8000x score=95(CONV) | WHY: strongBreakout volBreakout retestOK multiUp vol(1.70x) | VWAP: 0.12%(ABOVE slope=UP) | TREND: score=3 vel=0.19%/0.28%/0.27% | VOL: 21424166.0000/12631288.0000 TO: 994938269.0400/585378837.2911 | entryNo=1
2026-05-07 01:47:09 WARN  BUY_REJECTED SQQQ phase=NONE
2026-05-07 01:47:14 WARN  SELL_SKIP [US] BAIG reason=PHANTOM_POSITION phase=NONE qty=6 avgPrice=37.6000
2026-05-07 01:47:19 WARN  SELL_SKIP [US] BAIG reason=PHANTOM_POSITION phase=NONE qty=6 avgPrice=37.6000
2026-05-07 01:47:24 WARN  SELL_SKIP [US] BAIG reason=PHANTOM_POSITION phase=NONE qty=6 avgPrice=37.6000
2026-05-07 01:47:29 WARN  SELL_SKIP [US] BAIG reason=PHANTOM_POSITION phase=NONE qty=6 avgPrice=37.6000
2026-05-07 01:47:34 WARN  SELL_SKIP [US] BAIG reason=PHANTOM_POSITION phase=NONE qty=6 avgPrice=37.6000
2026-05-07 01:47:39 WARN  SELL_SKIP [US] BAIG reason=PHANTOM_POSITION phase=NONE qty=6 avgPrice=37.6000
2026-05-07 01:47:44 WARN  SELL_SKIP [US] BAIG reason=PHANTOM_POSITION phase=NONE qty=6 avgPrice=37.6000
2026-05-07 01:47:49 WARN  SELL_SKIP [US] BAIG reason=PHANTOM_POSITION phase=NONE qty=6 avgPrice=37.6000
2026-05-07 01:47:54 WARN  SELL_SKIP [US] BAIG reason=PHANTOM_POSITION phase=NONE qty=6 avgPrice=37.6000
2026-05-07 01:47:59 WARN  SELL_SKIP [US] BAIG reason=PHANTOM_POSITION phase=NONE qty=6 avgPrice=37.6000
2026-05-07 01:48:05 WARN  SELL_SKIP [US] BAIG reason=PHANTOM_POSITION phase=NONE qty=6 avgPrice=37.6000
2026-05-07 01:48:10 WARN  SELL_SKIP [US] BAIG reason=PHANTOM_POSITION phase=NONE qty=6 avgPrice=37.6000
2026-05-07 01:48:15 WARN  SELL_SKIP [US] BAIG reason=PHANTOM_POSITION phase=NONE qty=6 avgPrice=37.6000
2026-05-07 01:48:20 WARN  SELL_SKIP [US] BAIG reason=PHANTOM_POSITION phase=NONE qty=6 avgPrice=37.6000
2026-05-07 01:48:25 WARN  SELL_SKIP [US] BAIG reason=PHANTOM_POSITION phase=NONE qty=6 avgPrice=37.6000
2026-05-07 01:48:30 WARN  SELL_SKIP [US] BAIG reason=PHANTOM_POSITION phase=NONE qty=6 avgPrice=37.6000
2026-05-07 01:48:35 WARN  SELL_SKIP [US] BAIG reason=PHANTOM_POSITION phase=NONE qty=6 avgPrice=37.6000
2026-05-07 01:48:40 WARN  SELL_SKIP [US] BAIG reason=PHANTOM_POSITION phase=NONE qty=6 avgPrice=37.6000
2026-05-07 01:48:45 WARN  SELL_SKIP [US] BAIG reason=PHANTOM_POSITION phase=NONE qty=6 avgPrice=37.6000
2026-05-07 01:48:50 WARN  SELL_SKIP [US] BAIG reason=PHANTOM_POSITION phase=NONE qty=6 avgPrice=37.6000
2026-05-07 01:48:55 WARN  SELL_SKIP [US] BAIG reason=PHANTOM_POSITION phase=NONE qty=6 avgPrice=37.6000
2026-05-07 01:49:00 WARN  SELL_SKIP [US] BAIG reason=PHANTOM_POSITION phase=NONE qty=6 avgPrice=37.6000
2026-05-07 01:49:06 WARN  SELL_SKIP [US] BAIG reason=PHANTOM_POSITION phase=NONE qty=6 avgPrice=37.6000
2026-05-07 01:49:11 WARN  SELL_SKIP [US] BAIG reason=PHANTOM_POSITION phase=NONE qty=6 avgPrice=37.6000
2026-05-07 01:49:16 WARN  SELL_SKIP [US] BAIG reason=PHANTOM_POSITION phase=NONE qty=6 avgPrice=37.6000
2026-05-07 01:49:21 WARN  SELL_SKIP [US] BAIG reason=PHANTOM_POSITION phase=NONE qty=6 avgPrice=37.6000
2026-05-07 01:49:26 WARN  SELL_SKIP [US] BAIG reason=PHANTOM_POSITION phase=NONE qty=6 avgPrice=37.6000
2026-05-07 01:49:31 WARN  SELL_SKIP [US] BAIG reason=PHANTOM_POSITION phase=NONE qty=6 avgPrice=37.6000
2026-05-07 01:49:36 WARN  SELL_SKIP [US] BAIG reason=PHANTOM_POSITION phase=NONE qty=6 avgPrice=37.6000
2026-05-07 01:49:41 WARN  SELL_SKIP [US] BAIG reason=PHANTOM_POSITION phase=NONE qty=6 avgPrice=37.6000
2026-05-07 01:49:46 WARN  SELL_SKIP [US] BAIG reason=PHANTOM_POSITION phase=NONE qty=6 avgPrice=37.6000
2026-05-07 01:49:51 WARN  SELL_SKIP [US] BAIG reason=PHANTOM_POSITION phase=NONE qty=6 avgPrice=37.6000
2026-05-07 01:49:56 WARN  SELL_SKIP [US] BAIG reason=PHANTOM_POSITION phase=NONE qty=6 avgPrice=37.6000
2026-05-07 01:50:01 WARN  SELL_SKIP [US] BAIG reason=PHANTOM_POSITION phase=NONE qty=6 avgPrice=37.6000
2026-05-07 01:50:07 WARN  SELL_SKIP [US] BAIG reason=PHANTOM_POSITION phase=NONE qty=6 avgPrice=37.6000
2026-05-07 01:50:12 WARN  SELL_SKIP [US] BAIG reason=PHANTOM_POSITION phase=NONE qty=6 avgPrice=37.6000
2026-05-07 01:50:17 WARN  SELL_SKIP [US] BAIG reason=PHANTOM_POSITION phase=NONE qty=6 avgPrice=37.6000
2026-05-07 01:50:22 WARN  SELL_SKIP [US] BAIG reason=PHANTOM_POSITION phase=NONE qty=6 avgPrice=37.6000
2026-05-07 01:50:27 WARN  SELL_SKIP [US] BAIG reason=PHANTOM_POSITION phase=NONE qty=6 avgPrice=37.6000
2026-05-07 01:50:37 WARN  SELL_SKIP [US] BAIG reason=PHANTOM_POSITION phase=NONE qty=6 avgPrice=37.6000
2026-05-07 01:50:42 WARN  SELL_SKIP [US] BAIG reason=PHANTOM_POSITION phase=NONE qty=6 avgPrice=37.6000
2026-05-07 01:50:47 WARN  SELL_SKIP [US] BAIG reason=PHANTOM_POSITION phase=NONE qty=6 avgPrice=37.6000
2026-05-07 01:50:52 WARN  SELL_SKIP [US] BAIG reason=PHANTOM_POSITION phase=NONE qty=6 avgPrice=37.6000
2026-05-07 01:50:57 WARN  SELL_SKIP [US] BAIG reason=PHANTOM_POSITION phase=NONE qty=6 avgPrice=37.6000
2026-05-07 01:51:02 WARN  SELL_SKIP [US] BAIG reason=PHANTOM_POSITION phase=NONE qty=6 avgPrice=37.6000
2026-05-07 01:51:08 WARN  SELL_SKIP [US] BAIG reason=PHANTOM_POSITION phase=NONE qty=6 avgPrice=37.6000
2026-05-07 01:51:13 WARN  SELL_SKIP [US] BAIG reason=PHANTOM_POSITION phase=NONE qty=6 avgPrice=37.6000
2026-05-07 01:51:18 WARN  SELL_SKIP [US] BAIG reason=PHANTOM_POSITION phase=NONE qty=6 avgPrice=37.6000
2026-05-07 01:51:23 WARN  SELL_SKIP [US] BAIG reason=PHANTOM_POSITION phase=NONE qty=6 avgPrice=37.6000
2026-05-07 01:51:28 WARN  SELL_SKIP [US] BAIG reason=PHANTOM_POSITION phase=NONE qty=6 avgPrice=37.6000
2026-05-07 01:51:33 WARN  SELL_SKIP [US] BAIG reason=PHANTOM_POSITION phase=NONE qty=6 avgPrice=37.6000
2026-05-07 01:51:38 WARN  SELL_SKIP [US] BAIG reason=PHANTOM_POSITION phase=NONE qty=6 avgPrice=37.6000
2026-05-07 01:51:43 WARN  SELL_SKIP [US] BAIG reason=PHANTOM_POSITION phase=NONE qty=6 avgPrice=37.6000
2026-05-07 01:51:48 WARN  SELL_SKIP [US] BAIG reason=PHANTOM_POSITION phase=NONE qty=6 avgPrice=37.6000
2026-05-07 01:51:53 WARN  SELL_SKIP [US] BAIG reason=PHANTOM_POSITION phase=NONE qty=6 avgPrice=37.6000
2026-05-07 01:51:58 WARN  SELL_SKIP [US] BAIG reason=PHANTOM_POSITION phase=NONE qty=6 avgPrice=37.6000
2026-05-07 01:52:03 WARN  SELL_SKIP [US] BAIG reason=PHANTOM_POSITION phase=NONE qty=6 avgPrice=37.6000
2026-05-07 01:52:09 WARN  SELL_SKIP [US] BAIG reason=PHANTOM_POSITION phase=NONE qty=6 avgPrice=37.6000
2026-05-07 01:52:14 WARN  SELL_SKIP [US] BAIG reason=PHANTOM_POSITION phase=NONE qty=6 avgPrice=37.6000
2026-05-07 01:52:19 WARN  SELL_SKIP [US] BAIG reason=PHANTOM_POSITION phase=NONE qty=6 avgPrice=37.6000
2026-05-07 01:52:24 WARN  SELL_SKIP [US] BAIG reason=PHANTOM_POSITION phase=NONE qty=6 avgPrice=37.6000
2026-05-07 01:52:29 WARN  SELL_SKIP [US] BAIG reason=PHANTOM_POSITION phase=NONE qty=6 avgPrice=37.6000
2026-05-07 01:52:34 WARN  SELL_SKIP [US] BAIG reason=PHANTOM_POSITION phase=NONE qty=6 avgPrice=37.6000
2026-05-07 01:52:39 WARN  SELL_SKIP [US] BAIG reason=PHANTOM_POSITION phase=NONE qty=6 avgPrice=37.6000
2026-05-07 01:52:44 WARN  SELL_SKIP [US] BAIG reason=PHANTOM_POSITION phase=NONE qty=6 avgPrice=37.6000
2026-05-07 01:52:49 WARN  SELL_SKIP [US] BAIG reason=PHANTOM_POSITION phase=NONE qty=6 avgPrice=37.6000
2026-05-07 01:52:54 WARN  SELL_SKIP [US] BAIG reason=PHANTOM_POSITION phase=NONE qty=6 avgPrice=37.6000
2026-05-07 01:52:59 WARN  SELL_SKIP [US] BAIG reason=PHANTOM_POSITION phase=NONE qty=6 avgPrice=37.6000
2026-05-07 01:53:04 WARN  SELL_SKIP [US] BAIG reason=PHANTOM_POSITION phase=NONE qty=6 avgPrice=37.6000
2026-05-07 01:53:10 WARN  SELL_SKIP [US] BAIG reason=PHANTOM_POSITION phase=NONE qty=6 avgPrice=37.6000
2026-05-07 01:53:15 WARN  SELL_SKIP [US] BAIG reason=PHANTOM_POSITION phase=NONE qty=6 avgPrice=37.6000
2026-05-07 01:53:20 WARN  SELL_SKIP [US] BAIG reason=PHANTOM_POSITION phase=NONE qty=6 avgPrice=37.6000
2026-05-07 01:53:25 WARN  SELL_SKIP [US] BAIG reason=PHANTOM_POSITION phase=NONE qty=6 avgPrice=37.6000
2026-05-07 01:53:30 WARN  SELL_SKIP [US] BAIG reason=PHANTOM_POSITION phase=NONE qty=6 avgPrice=37.6000
2026-05-07 01:53:35 WARN  SELL_SKIP [US] BAIG reason=PHANTOM_POSITION phase=NONE qty=6 avgPrice=37.6000
2026-05-07 01:53:40 WARN  SELL_SKIP [US] BAIG reason=PHANTOM_POSITION phase=NONE qty=6 avgPrice=37.6000
2026-05-07 01:53:45 WARN  SELL_SKIP [US] BAIG reason=PHANTOM_POSITION phase=NONE qty=6 avgPrice=37.6000
2026-05-07 01:53:50 WARN  SELL_SKIP [US] BAIG reason=PHANTOM_POSITION phase=NONE qty=6 avgPrice=37.6000
2026-05-07 01:53:55 WARN  SELL_SKIP [US] BAIG reason=PHANTOM_POSITION phase=NONE qty=6 avgPrice=37.6000
2026-05-07 01:54:00 WARN  SELL_SKIP [US] BAIG reason=PHANTOM_POSITION phase=NONE qty=6 avgPrice=37.6000
2026-05-07 01:54:05 WARN  SELL_SKIP [US] BAIG reason=PHANTOM_POSITION phase=NONE qty=6 avgPrice=37.6000
2026-05-07 01:54:11 WARN  SELL_SKIP [US] BAIG reason=PHANTOM_POSITION phase=NONE qty=6 avgPrice=37.6000
2026-05-07 01:54:16 WARN  SELL_SKIP [US] BAIG reason=PHANTOM_POSITION phase=NONE qty=6 avgPrice=37.6000
2026-05-07 01:54:21 WARN  SELL_SKIP [US] BAIG reason=PHANTOM_POSITION phase=NONE qty=6 avgPrice=37.6000
2026-05-07 01:54:26 WARN  SELL_SKIP [US] BAIG reason=PHANTOM_POSITION phase=NONE qty=6 avgPrice=37.6000
2026-05-07 01:54:31 WARN  SELL_SKIP [US] BAIG reason=PHANTOM_POSITION phase=NONE qty=6 avgPrice=37.6000
2026-05-07 01:54:36 WARN  SELL_SKIP [US] BAIG reason=PHANTOM_POSITION phase=NONE qty=6 avgPrice=37.6000
2026-05-07 01:54:41 WARN  SELL_SKIP [US] BAIG reason=PHANTOM_POSITION phase=NONE qty=6 avgPrice=37.6000
2026-05-07 01:54:46 WARN  SELL_SKIP [US] BAIG reason=PHANTOM_POSITION phase=NONE qty=6 avgPrice=37.6000
2026-05-07 01:54:51 WARN  SELL_SKIP [US] BAIG reason=PHANTOM_POSITION phase=NONE qty=6 avgPrice=37.6000
2026-05-07 01:54:56 WARN  SELL_SKIP [US] BAIG reason=PHANTOM_POSITION phase=NONE qty=6 avgPrice=37.6000
2026-05-07 01:55:02 WARN  SELL_SKIP [US] BAIG reason=PHANTOM_POSITION phase=NONE qty=6 avgPrice=37.6000
2026-05-07 01:55:07 WARN  SELL_SKIP [US] BAIG reason=PHANTOM_POSITION phase=NONE qty=6 avgPrice=37.6000
2026-05-07 01:55:12 WARN  SELL_SKIP [US] BAIG reason=PHANTOM_POSITION phase=NONE qty=6 avgPrice=37.6000
2026-05-07 01:55:17 WARN  SELL_SKIP [US] BAIG reason=PHANTOM_POSITION phase=NONE qty=6 avgPrice=37.6000
2026-05-07 01:55:22 WARN  SELL_SKIP [US] BAIG reason=PHANTOM_POSITION phase=NONE qty=6 avgPrice=37.6000
2026-05-07 01:55:27 WARN  SELL_SKIP [US] BAIG reason=PHANTOM_POSITION phase=NONE qty=6 avgPrice=37.6000
2026-05-07 01:55:32 WARN  SELL_SKIP [US] BAIG reason=PHANTOM_POSITION phase=NONE qty=6 avgPrice=37.6000
2026-05-07 01:55:37 WARN  SELL_SKIP [US] BAIG reason=PHANTOM_POSITION phase=NONE qty=6 avgPrice=37.6000
2026-05-07 01:55:42 WARN  SELL_SKIP [US] BAIG reason=PHANTOM_POSITION phase=NONE qty=6 avgPrice=37.6000
2026-05-07 01:55:47 WARN  SELL_SKIP [US] BAIG reason=PHANTOM_POSITION phase=NONE qty=6 avgPrice=37.6000
2026-05-07 01:55:52 WARN  SELL_SKIP [US] BAIG reason=PHANTOM_POSITION phase=NONE qty=6 avgPrice=37.6000
2026-05-07 01:55:58 WARN  SELL_SKIP [US] BAIG reason=PHANTOM_POSITION phase=NONE qty=6 avgPrice=37.6000
2026-05-07 01:56:08 WARN  SELL_SKIP [US] BAIG reason=PHANTOM_POSITION phase=NONE qty=6 avgPrice=37.6000
2026-05-07 01:56:13 WARN  SELL_SKIP [US] BAIG reason=PHANTOM_POSITION phase=NONE qty=6 avgPrice=37.6000
2026-05-07 01:56:18 WARN  SELL_SKIP [US] BAIG reason=PHANTOM_POSITION phase=NONE qty=6 avgPrice=37.6000
2026-05-07 01:56:23 WARN  SELL_SKIP [US] BAIG reason=PHANTOM_POSITION phase=NONE qty=6 avgPrice=37.6000
2026-05-07 01:56:28 WARN  SELL_SKIP [US] BAIG reason=PHANTOM_POSITION phase=NONE qty=6 avgPrice=37.6000
2026-05-07 01:56:33 WARN  SELL_SKIP [US] BAIG reason=PHANTOM_POSITION phase=NONE qty=6 avgPrice=37.6000
2026-05-07 01:56:38 WARN  SELL_SKIP [US] BAIG reason=PHANTOM_POSITION phase=NONE qty=6 avgPrice=37.6000
2026-05-07 01:56:43 WARN  SELL_SKIP [US] BAIG reason=PHANTOM_POSITION phase=NONE qty=6 avgPrice=37.6000
2026-05-07 01:56:48 WARN  SELL_SKIP [US] BAIG reason=PHANTOM_POSITION phase=NONE qty=6 avgPrice=37.6000
2026-05-07 01:56:53 WARN  SELL_SKIP [US] BAIG reason=PHANTOM_POSITION phase=NONE qty=6 avgPrice=37.6000
2026-05-07 01:56:58 WARN  SELL_SKIP [US] BAIG reason=PHANTOM_POSITION phase=NONE qty=6 avgPrice=37.6000
2026-05-07 01:57:04 WARN  SELL_SKIP [US] BAIG reason=PHANTOM_POSITION phase=NONE qty=6 avgPrice=37.6000
2026-05-07 01:57:09 WARN  SELL_SKIP [US] BAIG reason=PHANTOM_POSITION phase=NONE qty=6 avgPrice=37.6000
2026-05-07 01:57:14 WARN  SELL_SKIP [US] BAIG reason=PHANTOM_POSITION phase=NONE qty=6 avgPrice=37.6000
2026-05-07 01:57:19 WARN  SELL_SKIP [US] BAIG reason=PHANTOM_POSITION phase=NONE qty=6 avgPrice=37.6000
2026-05-07 01:57:24 WARN  SELL_SKIP [US] BAIG reason=PHANTOM_POSITION phase=NONE qty=6 avgPrice=37.6000
2026-05-07 01:57:29 WARN  SELL_SKIP [US] BAIG reason=PHANTOM_POSITION phase=NONE qty=6 avgPrice=37.6000
2026-05-07 01:57:34 WARN  SELL_SKIP [US] BAIG reason=PHANTOM_POSITION phase=NONE qty=6 avgPrice=37.6000
2026-05-07 01:57:39 WARN  SELL_SKIP [US] BAIG reason=PHANTOM_POSITION phase=NONE qty=6 avgPrice=37.6000
2026-05-07 01:57:44 WARN  SELL_SKIP [US] BAIG reason=PHANTOM_POSITION phase=NONE qty=6 avgPrice=37.6000
2026-05-07 01:57:49 WARN  SELL_SKIP [US] BAIG reason=PHANTOM_POSITION phase=NONE qty=6 avgPrice=37.6000
2026-05-07 01:57:54 WARN  SELL_SKIP [US] BAIG reason=PHANTOM_POSITION phase=NONE qty=6 avgPrice=37.6000
2026-05-07 01:58:00 WARN  SELL_SKIP [US] BAIG reason=PHANTOM_POSITION phase=NONE qty=6 avgPrice=37.6000
2026-05-07 01:58:05 WARN  SELL_SKIP [US] BAIG reason=PHANTOM_POSITION phase=NONE qty=6 avgPrice=37.6000
2026-05-07 01:58:10 WARN  SELL_SKIP [US] BAIG reason=PHANTOM_POSITION phase=NONE qty=6 avgPrice=37.6000
2026-05-07 01:58:15 WARN  SELL_SKIP [US] BAIG reason=PHANTOM_POSITION phase=NONE qty=6 avgPrice=37.6000
2026-05-07 01:58:20 WARN  SELL_SKIP [US] BAIG reason=PHANTOM_POSITION phase=NONE qty=6 avgPrice=37.6000
2026-05-07 01:58:25 WARN  SELL_SKIP [US] BAIG reason=PHANTOM_POSITION phase=NONE qty=6 avgPrice=37.6000
2026-05-07 01:58:30 WARN  SELL_SKIP [US] BAIG reason=PHANTOM_POSITION phase=NONE qty=6 avgPrice=37.6000
2026-05-07 01:58:35 WARN  SELL_SKIP [US] BAIG reason=PHANTOM_POSITION phase=NONE qty=6 avgPrice=37.6000
2026-05-07 01:58:40 WARN  SELL_SKIP [US] BAIG reason=PHANTOM_POSITION phase=NONE qty=6 avgPrice=37.6000
2026-05-07 01:58:46 WARN  SELL_SKIP [US] BAIG reason=PHANTOM_POSITION phase=NONE qty=6 avgPrice=37.6000
2026-05-07 01:58:51 WARN  SELL_SKIP [US] BAIG reason=PHANTOM_POSITION phase=NONE qty=6 avgPrice=37.6000
2026-05-07 01:58:56 WARN  SELL_SKIP [US] BAIG reason=PHANTOM_POSITION phase=NONE qty=6 avgPrice=37.6000
2026-05-07 01:59:01 WARN  SELL_SKIP [US] BAIG reason=PHANTOM_POSITION phase=NONE qty=6 avgPrice=37.6000
2026-05-07 01:59:06 WARN  SELL_SKIP [US] BAIG reason=PHANTOM_POSITION phase=NONE qty=6 avgPrice=37.6000
2026-05-07 01:59:11 WARN  SELL_SKIP [US] BAIG reason=PHANTOM_POSITION phase=NONE qty=6 avgPrice=37.6000
2026-05-07 01:59:16 WARN  SELL_SKIP [US] BAIG reason=PHANTOM_POSITION phase=NONE qty=6 avgPrice=37.6000
2026-05-07 01:59:21 WARN  SELL_SKIP [US] BAIG reason=PHANTOM_POSITION phase=NONE qty=6 avgPrice=37.6000
2026-05-07 01:59:26 WARN  SELL_SKIP [US] BAIG reason=PHANTOM_POSITION phase=NONE qty=6 avgPrice=37.6000
2026-05-07 01:59:31 WARN  SELL_SKIP [US] BAIG reason=PHANTOM_POSITION phase=NONE qty=6 avgPrice=37.6000
2026-05-07 01:59:36 WARN  SELL_SKIP [US] BAIG reason=PHANTOM_POSITION phase=NONE qty=6 avgPrice=37.6000
2026-05-07 01:59:42 WARN  SELL_SKIP [US] BAIG reason=PHANTOM_POSITION phase=NONE qty=6 avgPrice=37.6000
2026-05-07 01:59:47 WARN  SELL_SKIP [US] BAIG reason=PHANTOM_POSITION phase=NONE qty=6 avgPrice=37.6000
2026-05-07 01:59:52 WARN  SELL_SKIP [US] BAIG reason=PHANTOM_POSITION phase=NONE qty=6 avgPrice=37.6000
2026-05-07 01:59:57 WARN  SELL_SKIP [US] BAIG reason=PHANTOM_POSITION phase=NONE qty=6 avgPrice=37.6000
2026-05-07 02:00:02 WARN  SELL_SKIP [US] BAIG reason=PHANTOM_POSITION phase=NONE qty=6 avgPrice=37.6000
2026-05-07 02:00:07 WARN  SELL_SKIP [US] BAIG reason=PHANTOM_POSITION phase=NONE qty=6 avgPrice=37.6000
2026-05-07 02:00:12 WARN  SELL_SKIP [US] BAIG reason=PHANTOM_POSITION phase=NONE qty=6 avgPrice=37.6000
2026-05-07 02:00:17 WARN  SELL_SKIP [US] BAIG reason=PHANTOM_POSITION phase=NONE qty=6 avgPrice=37.6000
2026-05-07 02:00:22 WARN  SELL_SKIP [US] BAIG reason=PHANTOM_POSITION phase=NONE qty=6 avgPrice=37.6000
2026-05-07 02:00:27 WARN  SELL_SKIP [US] BAIG reason=PHANTOM_POSITION phase=NONE qty=6 avgPrice=37.6000
2026-05-07 02:00:33 WARN  SELL_SKIP [US] BAIG reason=PHANTOM_POSITION phase=NONE qty=6 avgPrice=37.6000
2026-05-07 02:00:38 WARN  SELL_SKIP [US] BAIG reason=PHANTOM_POSITION phase=NONE qty=6 avgPrice=37.6000
2026-05-07 02:00:43 WARN  SELL_SKIP [US] BAIG reason=PHANTOM_POSITION phase=NONE qty=6 avgPrice=37.6000
2026-05-07 02:00:48 WARN  SELL_SKIP [US] BAIG reason=PHANTOM_POSITION phase=NONE qty=6 avgPrice=37.6000
2026-05-07 02:00:53 WARN  SELL_SKIP [US] BAIG reason=PHANTOM_POSITION phase=NONE qty=6 avgPrice=37.6000
2026-05-07 02:00:58 WARN  SELL_SKIP [US] BAIG reason=PHANTOM_POSITION phase=NONE qty=6 avgPrice=37.6000
2026-05-07 02:01:03 WARN  SELL_SKIP [US] BAIG reason=PHANTOM_POSITION phase=NONE qty=6 avgPrice=37.6000
2026-05-07 02:01:09 WARN  SELL_SKIP [US] BAIG reason=PHANTOM_POSITION phase=NONE qty=6 avgPrice=37.6000
2026-05-07 02:01:14 WARN  SELL_SKIP [US] BAIG reason=PHANTOM_POSITION phase=NONE qty=6 avgPrice=37.6000
2026-05-07 02:01:19 WARN  SELL_SKIP [US] BAIG reason=PHANTOM_POSITION phase=NONE qty=6 avgPrice=37.6000
2026-05-07 02:01:24 WARN  SELL_SKIP [US] BAIG reason=PHANTOM_POSITION phase=NONE qty=6 avgPrice=37.6000
2026-05-07 02:01:29 WARN  SELL_SKIP [US] BAIG reason=PHANTOM_POSITION phase=NONE qty=6 avgPrice=37.6000
2026-05-07 02:01:39 WARN  SELL_SKIP [US] BAIG reason=PHANTOM_POSITION phase=NONE qty=6 avgPrice=37.6000
2026-05-07 02:01:44 WARN  SELL_SKIP [US] BAIG reason=PHANTOM_POSITION phase=NONE qty=6 avgPrice=37.6000
2026-05-07 02:01:49 WARN  SELL_SKIP [US] BAIG reason=PHANTOM_POSITION phase=NONE qty=6 avgPrice=37.6000
2026-05-07 02:01:54 WARN  SELL_SKIP [US] BAIG reason=PHANTOM_POSITION phase=NONE qty=6 avgPrice=37.6000
2026-05-07 02:01:59 WARN  SELL_SKIP [US] BAIG reason=PHANTOM_POSITION phase=NONE qty=6 avgPrice=37.6000
2026-05-07 02:02:05 WARN  SELL_SKIP [US] BAIG reason=PHANTOM_POSITION phase=NONE qty=6 avgPrice=37.6000
2026-05-07 02:02:10 WARN  SELL_SKIP [US] BAIG reason=PHANTOM_POSITION phase=NONE qty=6 avgPrice=37.6000
2026-05-07 02:02:15 WARN  SELL_SKIP [US] BAIG reason=PHANTOM_POSITION phase=NONE qty=6 avgPrice=37.6000
2026-05-07 02:02:20 WARN  SELL_SKIP [US] BAIG reason=PHANTOM_POSITION phase=NONE qty=6 avgPrice=37.6000
2026-05-07 02:02:25 WARN  SELL_SKIP [US] BAIG reason=PHANTOM_POSITION phase=NONE qty=6 avgPrice=37.6000
2026-05-07 02:02:25 WARN  BUY_SKIP [US] MRVL reason=AMOUNT_TOO_SMALL amount=300.0000 size=1.0000x price=169.1100
2026-05-07 02:02:30 WARN  SELL_SKIP [US] BAIG reason=PHANTOM_POSITION phase=NONE qty=6 avgPrice=37.6000
2026-05-07 02:02:35 WARN  SELL_SKIP [US] BAIG reason=PHANTOM_POSITION phase=NONE qty=6 avgPrice=37.6000
2026-05-07 02:02:40 WARN  SELL_SKIP [US] BAIG reason=PHANTOM_POSITION phase=NONE qty=6 avgPrice=37.6000
2026-05-07 02:02:45 WARN  SELL_SKIP [US] BAIG reason=PHANTOM_POSITION phase=NONE qty=6 avgPrice=37.6000
2026-05-07 02:02:50 WARN  SELL_SKIP [US] BAIG reason=PHANTOM_POSITION phase=NONE qty=6 avgPrice=37.6000
2026-05-07 02:02:55 WARN  SELL_SKIP [US] BAIG reason=PHANTOM_POSITION phase=NONE qty=6 avgPrice=37.6000
2026-05-07 02:03:01 WARN  SELL_SKIP [US] BAIG reason=PHANTOM_POSITION phase=NONE qty=6 avgPrice=37.6000
2026-05-07 02:03:06 WARN  SELL_SKIP [US] BAIG reason=PHANTOM_POSITION phase=NONE qty=6 avgPrice=37.6000
2026-05-07 02:03:11 WARN  SELL_SKIP [US] BAIG reason=PHANTOM_POSITION phase=NONE qty=6 avgPrice=37.6000
2026-05-07 02:03:16 WARN  SELL_SKIP [US] BAIG reason=PHANTOM_POSITION phase=NONE qty=6 avgPrice=37.6000
2026-05-07 02:03:21 WARN  SELL_SKIP [US] BAIG reason=PHANTOM_POSITION phase=NONE qty=6 avgPrice=37.6000
2026-05-07 02:03:26 WARN  SELL_SKIP [US] BAIG reason=PHANTOM_POSITION phase=NONE qty=6 avgPrice=37.6000
2026-05-07 02:03:31 WARN  SELL_SKIP [US] BAIG reason=PHANTOM_POSITION phase=NONE qty=6 avgPrice=37.6000
2026-05-07 02:03:41 WARN  SELL_SKIP [US] BAIG reason=PHANTOM_POSITION phase=NONE qty=6 avgPrice=37.6000
2026-05-07 02:03:46 WARN  SELL_SKIP [US] BAIG reason=PHANTOM_POSITION phase=NONE qty=6 avgPrice=37.6000
2026-05-07 02:03:51 WARN  SELL_SKIP [US] BAIG reason=PHANTOM_POSITION phase=NONE qty=6 avgPrice=37.6000
2026-05-07 02:03:56 WARN  SELL_SKIP [US] BAIG reason=PHANTOM_POSITION phase=NONE qty=6 avgPrice=37.6000
2026-05-07 02:04:02 WARN  SELL_SKIP [US] BAIG reason=PHANTOM_POSITION phase=NONE qty=6 avgPrice=37.6000
2026-05-07 02:04:07 WARN  SELL_SKIP [US] BAIG reason=PHANTOM_POSITION phase=NONE qty=6 avgPrice=37.6000
2026-05-07 02:04:07 WARN  BUY_SKIP [US] SOXL reason=AMOUNT_TOO_SMALL amount=250.0000 size=0.8000x price=160.9100
2026-05-07 02:04:12 WARN  SELL_SKIP [US] BAIG reason=PHANTOM_POSITION phase=NONE qty=6 avgPrice=37.6000
2026-05-07 02:04:17 WARN  SELL_SKIP [US] BAIG reason=PHANTOM_POSITION phase=NONE qty=6 avgPrice=37.6000
2026-05-07 02:04:27 WARN  SELL_SKIP [US] BAIG reason=PHANTOM_POSITION phase=NONE qty=6 avgPrice=37.6000
2026-05-07 02:04:32 WARN  SELL_SKIP [US] BAIG reason=PHANTOM_POSITION phase=NONE qty=6 avgPrice=37.6000
2026-05-07 02:04:37 WARN  SELL_SKIP [US] BAIG reason=PHANTOM_POSITION phase=NONE qty=6 avgPrice=37.6000
2026-05-07 02:04:42 WARN  SELL_SKIP [US] BAIG reason=PHANTOM_POSITION phase=NONE qty=6 avgPrice=37.6000
2026-05-07 02:04:47 WARN  SELL_SKIP [US] BAIG reason=PHANTOM_POSITION phase=NONE qty=6 avgPrice=37.6000
2026-05-07 02:04:52 WARN  SELL_SKIP [US] BAIG reason=PHANTOM_POSITION phase=NONE qty=6 avgPrice=37.6000
2026-05-07 02:04:57 WARN  SELL_SKIP [US] BAIG reason=PHANTOM_POSITION phase=NONE qty=6 avgPrice=37.6000
2026-05-07 02:05:03 WARN  SELL_SKIP [US] BAIG reason=PHANTOM_POSITION phase=NONE qty=6 avgPrice=37.6000
2026-05-07 02:05:08 WARN  SELL_SKIP [US] BAIG reason=PHANTOM_POSITION phase=NONE qty=6 avgPrice=37.6000
2026-05-07 02:05:08 WARN  BUY_SKIP [US] MRVL reason=AMOUNT_TOO_SMALL amount=300.0000 size=1.0000x price=169.4500
2026-05-07 02:05:13 WARN  SELL_SKIP [US] BAIG reason=PHANTOM_POSITION phase=NONE qty=6 avgPrice=37.6000
2026-05-07 02:05:18 WARN  SELL_SKIP [US] BAIG reason=PHANTOM_POSITION phase=NONE qty=6 avgPrice=37.6000
2026-05-07 02:05:23 WARN  SELL_SKIP [US] BAIG reason=PHANTOM_POSITION phase=NONE qty=6 avgPrice=37.6000
2026-05-07 02:05:23 WARN  BUY_SKIP [US] MRVL reason=AMOUNT_TOO_SMALL amount=300.0000 size=1.0000x price=169.4400
2026-05-07 02:05:28 WARN  SELL_SKIP [US] BAIG reason=PHANTOM_POSITION phase=NONE qty=6 avgPrice=37.6000
2026-05-07 02:05:33 WARN  SELL_SKIP [US] BAIG reason=PHANTOM_POSITION phase=NONE qty=6 avgPrice=37.6000
2026-05-07 02:05:38 WARN  SELL_SKIP [US] BAIG reason=PHANTOM_POSITION phase=NONE qty=6 avgPrice=37.6000
2026-05-07 02:05:43 WARN  SELL_SKIP [US] BAIG reason=PHANTOM_POSITION phase=NONE qty=6 avgPrice=37.6000
2026-05-07 02:05:48 WARN  SELL_SKIP [US] BAIG reason=PHANTOM_POSITION phase=NONE qty=6 avgPrice=37.6000
2026-05-07 02:05:54 WARN  SELL_SKIP [US] BAIG reason=PHANTOM_POSITION phase=NONE qty=6 avgPrice=37.6000
2026-05-07 02:05:59 WARN  SELL_SKIP [US] BAIG reason=PHANTOM_POSITION phase=NONE qty=6 avgPrice=37.6000
2026-05-07 02:06:04 WARN  SELL_SKIP [US] BAIG reason=PHANTOM_POSITION phase=NONE qty=6 avgPrice=37.6000
2026-05-07 02:06:09 WARN  SELL_SKIP [US] BAIG reason=PHANTOM_POSITION phase=NONE qty=6 avgPrice=37.6000
2026-05-07 02:06:14 WARN  SELL_SKIP [US] BAIG reason=PHANTOM_POSITION phase=NONE qty=6 avgPrice=37.6000
2026-05-07 02:06:19 WARN  SELL_SKIP [US] BAIG reason=PHANTOM_POSITION phase=NONE qty=6 avgPrice=37.6000
2026-05-07 02:06:24 WARN  SELL_SKIP [US] BAIG reason=PHANTOM_POSITION phase=NONE qty=6 avgPrice=37.6000
2026-05-07 02:06:29 WARN  SELL_SKIP [US] BAIG reason=PHANTOM_POSITION phase=NONE qty=6 avgPrice=37.6000
2026-05-07 02:06:34 WARN  SELL_SKIP [US] BAIG reason=PHANTOM_POSITION phase=NONE qty=6 avgPrice=37.6000
2026-05-07 02:06:39 WARN  SELL_SKIP [US] BAIG reason=PHANTOM_POSITION phase=NONE qty=6 avgPrice=37.6000
2026-05-07 02:06:44 WARN  SELL_SKIP [US] BAIG reason=PHANTOM_POSITION phase=NONE qty=6 avgPrice=37.6000
2026-05-07 02:06:49 WARN  SELL_SKIP [US] BAIG reason=PHANTOM_POSITION phase=NONE qty=6 avgPrice=37.6000
2026-05-07 02:06:55 WARN  SELL_SKIP [US] BAIG reason=PHANTOM_POSITION phase=NONE qty=6 avgPrice=37.6000
2026-05-07 02:07:00 WARN  SELL_SKIP [US] BAIG reason=PHANTOM_POSITION phase=NONE qty=6 avgPrice=37.6000
2026-05-07 02:07:05 WARN  SELL_SKIP [US] BAIG reason=PHANTOM_POSITION phase=NONE qty=6 avgPrice=37.6000
2026-05-07 02:07:10 WARN  SELL_SKIP [US] BAIG reason=PHANTOM_POSITION phase=NONE qty=6 avgPrice=37.6000
2026-05-07 02:07:15 WARN  SELL_SKIP [US] BAIG reason=PHANTOM_POSITION phase=NONE qty=6 avgPrice=37.6000
2026-05-07 02:07:20 WARN  SELL_SKIP [US] BAIG reason=PHANTOM_POSITION phase=NONE qty=6 avgPrice=37.6000
2026-05-07 02:07:25 WARN  SELL_SKIP [US] BAIG reason=PHANTOM_POSITION phase=NONE qty=6 avgPrice=37.6000
2026-05-07 02:07:30 WARN  SELL_SKIP [US] BAIG reason=PHANTOM_POSITION phase=NONE qty=6 avgPrice=37.6000
2026-05-07 02:07:35 WARN  SELL_SKIP [US] BAIG reason=PHANTOM_POSITION phase=NONE qty=6 avgPrice=37.6000
2026-05-07 02:07:40 WARN  SELL_SKIP [US] BAIG reason=PHANTOM_POSITION phase=NONE qty=6 avgPrice=37.6000
2026-05-07 02:07:45 WARN  SELL_SKIP [US] BAIG reason=PHANTOM_POSITION phase=NONE qty=6 avgPrice=37.6000
2026-05-07 02:07:50 WARN  SELL_SKIP [US] BAIG reason=PHANTOM_POSITION phase=NONE qty=6 avgPrice=37.6000
2026-05-07 02:07:56 WARN  SELL_SKIP [US] BAIG reason=PHANTOM_POSITION phase=NONE qty=6 avgPrice=37.6000
2026-05-07 02:08:01 WARN  SELL_SKIP [US] BAIG reason=PHANTOM_POSITION phase=NONE qty=6 avgPrice=37.6000
2026-05-07 02:08:06 WARN  SELL_SKIP [US] BAIG reason=PHANTOM_POSITION phase=NONE qty=6 avgPrice=37.6000
2026-05-07 02:08:11 WARN  SELL_SKIP [US] BAIG reason=PHANTOM_POSITION phase=NONE qty=6 avgPrice=37.6000
2026-05-07 02:08:16 WARN  SELL_SKIP [US] BAIG reason=PHANTOM_POSITION phase=NONE qty=6 avgPrice=37.6000
2026-05-07 02:08:21 WARN  SELL_SKIP [US] BAIG reason=PHANTOM_POSITION phase=NONE qty=6 avgPrice=37.6000
2026-05-07 02:08:26 WARN  SELL_SKIP [US] BAIG reason=PHANTOM_POSITION phase=NONE qty=6 avgPrice=37.6000
2026-05-07 02:08:31 WARN  SELL_SKIP [US] BAIG reason=PHANTOM_POSITION phase=NONE qty=6 avgPrice=37.6000
2026-05-07 02:08:36 WARN  SELL_SKIP [US] BAIG reason=PHANTOM_POSITION phase=NONE qty=6 avgPrice=37.6000
2026-05-07 02:08:41 WARN  SELL_SKIP [US] BAIG reason=PHANTOM_POSITION phase=NONE qty=6 avgPrice=37.6000
2026-05-07 02:08:46 WARN  SELL_SKIP [US] BAIG reason=PHANTOM_POSITION phase=NONE qty=6 avgPrice=37.6000
2026-05-07 02:08:52 WARN  SELL_SKIP [US] BAIG reason=PHANTOM_POSITION phase=NONE qty=6 avgPrice=37.6000
2026-05-07 02:08:57 WARN  SELL_SKIP [US] BAIG reason=PHANTOM_POSITION phase=NONE qty=6 avgPrice=37.6000
2026-05-07 02:09:02 WARN  SELL_SKIP [US] BAIG reason=PHANTOM_POSITION phase=NONE qty=6 avgPrice=37.6000
2026-05-07 02:09:07 WARN  SELL_SKIP [US] BAIG reason=PHANTOM_POSITION phase=NONE qty=6 avgPrice=37.6000
2026-05-07 02:09:12 WARN  SELL_SKIP [US] BAIG reason=PHANTOM_POSITION phase=NONE qty=6 avgPrice=37.6000
2026-05-07 02:09:17 WARN  SELL_SKIP [US] BAIG reason=PHANTOM_POSITION phase=NONE qty=6 avgPrice=37.6000
2026-05-07 02:09:27 WARN  SELL_SKIP [US] BAIG reason=PHANTOM_POSITION phase=NONE qty=6 avgPrice=37.6000
2026-05-07 02:09:32 WARN  SELL_SKIP [US] BAIG reason=PHANTOM_POSITION phase=NONE qty=6 avgPrice=37.6000
2026-05-07 02:09:37 WARN  SELL_SKIP [US] BAIG reason=PHANTOM_POSITION phase=NONE qty=6 avgPrice=37.6000
2026-05-07 02:09:42 WARN  SELL_SKIP [US] BAIG reason=PHANTOM_POSITION phase=NONE qty=6 avgPrice=37.6000
2026-05-07 02:09:48 WARN  SELL_SKIP [US] BAIG reason=PHANTOM_POSITION phase=NONE qty=6 avgPrice=37.6000
2026-05-07 02:09:53 WARN  SELL_SKIP [US] BAIG reason=PHANTOM_POSITION phase=NONE qty=6 avgPrice=37.6000
2026-05-07 02:09:58 WARN  SELL_SKIP [US] BAIG reason=PHANTOM_POSITION phase=NONE qty=6 avgPrice=37.6000
2026-05-07 02:10:03 WARN  SELL_SKIP [US] BAIG reason=PHANTOM_POSITION phase=NONE qty=6 avgPrice=37.6000
2026-05-07 02:10:08 WARN  SELL_SKIP [US] BAIG reason=PHANTOM_POSITION phase=NONE qty=6 avgPrice=37.6000
2026-05-07 02:10:13 WARN  SELL_SKIP [US] BAIG reason=PHANTOM_POSITION phase=NONE qty=6 avgPrice=37.6000
2026-05-07 02:10:18 WARN  SELL_SKIP [US] BAIG reason=PHANTOM_POSITION phase=NONE qty=6 avgPrice=37.6000
2026-05-07 02:10:23 WARN  SELL_SKIP [US] BAIG reason=PHANTOM_POSITION phase=NONE qty=6 avgPrice=37.6000
2026-05-07 02:10:28 WARN  SELL_SKIP [US] BAIG reason=PHANTOM_POSITION phase=NONE qty=6 avgPrice=37.6000
2026-05-07 02:10:33 WARN  SELL_SKIP [US] BAIG reason=PHANTOM_POSITION phase=NONE qty=6 avgPrice=37.6000
2026-05-07 02:10:38 WARN  SELL_SKIP [US] BAIG reason=PHANTOM_POSITION phase=NONE qty=6 avgPrice=37.6000
2026-05-07 02:10:43 WARN  SELL_SKIP [US] BAIG reason=PHANTOM_POSITION phase=NONE qty=6 avgPrice=37.6000
2026-05-07 02:10:49 WARN  SELL_SKIP [US] BAIG reason=PHANTOM_POSITION phase=NONE qty=6 avgPrice=37.6000
2026-05-07 02:10:54 WARN  SELL_SKIP [US] BAIG reason=PHANTOM_POSITION phase=NONE qty=6 avgPrice=37.6000
2026-05-07 02:10:59 WARN  SELL_SKIP [US] BAIG reason=PHANTOM_POSITION phase=NONE qty=6 avgPrice=37.6000
2026-05-07 02:11:04 WARN  SELL_SKIP [US] BAIG reason=PHANTOM_POSITION phase=NONE qty=6 avgPrice=37.6000
2026-05-07 02:11:09 WARN  SELL_SKIP [US] BAIG reason=PHANTOM_POSITION phase=NONE qty=6 avgPrice=37.6000
2026-05-07 02:11:09 WARN  BUY_SKIP [US] MRVL reason=AMOUNT_TOO_SMALL amount=300.0000 size=1.0000x price=169.8300
2026-05-07 02:11:14 WARN  SELL_SKIP [US] BAIG reason=PHANTOM_POSITION phase=NONE qty=6 avgPrice=37.6000
2026-05-07 02:11:19 WARN  SELL_SKIP [US] BAIG reason=PHANTOM_POSITION phase=NONE qty=6 avgPrice=37.6000
2026-05-07 02:11:24 WARN  SELL_SKIP [US] BAIG reason=PHANTOM_POSITION phase=NONE qty=6 avgPrice=37.6000
2026-05-07 02:11:24 WARN  BUY_SKIP [US] MRVL reason=AMOUNT_TOO_SMALL amount=300.0000 size=1.0000x price=169.6600
2026-05-07 02:11:29 WARN  SELL_SKIP [US] BAIG reason=PHANTOM_POSITION phase=NONE qty=6 avgPrice=37.6000
2026-05-07 02:11:34 WARN  SELL_SKIP [US] BAIG reason=PHANTOM_POSITION phase=NONE qty=6 avgPrice=37.6000
2026-05-07 02:11:39 WARN  SELL_SKIP [US] BAIG reason=PHANTOM_POSITION phase=NONE qty=6 avgPrice=37.6000
2026-05-07 02:11:45 WARN  SELL_SKIP [US] BAIG reason=PHANTOM_POSITION phase=NONE qty=6 avgPrice=37.6000
2026-05-07 02:11:50 WARN  SELL_SKIP [US] BAIG reason=PHANTOM_POSITION phase=NONE qty=6 avgPrice=37.6000
2026-05-07 02:11:55 WARN  SELL_SKIP [US] BAIG reason=PHANTOM_POSITION phase=NONE qty=6 avgPrice=37.6000
2026-05-07 02:12:00 WARN  SELL_SKIP [US] BAIG reason=PHANTOM_POSITION phase=NONE qty=6 avgPrice=37.6000
2026-05-07 02:12:05 WARN  SELL_SKIP [US] BAIG reason=PHANTOM_POSITION phase=NONE qty=6 avgPrice=37.6000
2026-05-07 02:12:10 WARN  SELL_SKIP [US] BAIG reason=PHANTOM_POSITION phase=NONE qty=6 avgPrice=37.6000
2026-05-07 02:12:15 WARN  SELL_SKIP [US] BAIG reason=PHANTOM_POSITION phase=NONE qty=6 avgPrice=37.6000
2026-05-07 02:12:20 WARN  SELL_SKIP [US] BAIG reason=PHANTOM_POSITION phase=NONE qty=6 avgPrice=37.6000
2026-05-07 02:12:25 WARN  SELL_SKIP [US] BAIG reason=PHANTOM_POSITION phase=NONE qty=6 avgPrice=37.6000
2026-05-07 02:12:30 WARN  SELL_SKIP [US] BAIG reason=PHANTOM_POSITION phase=NONE qty=6 avgPrice=37.6000
2026-05-07 02:12:35 WARN  SELL_SKIP [US] BAIG reason=PHANTOM_POSITION phase=NONE qty=6 avgPrice=37.6000
2026-05-07 02:12:40 WARN  SELL_SKIP [US] BAIG reason=PHANTOM_POSITION phase=NONE qty=6 avgPrice=37.6000
2026-05-07 02:12:45 WARN  SELL_SKIP [US] BAIG reason=PHANTOM_POSITION phase=NONE qty=6 avgPrice=37.6000
2026-05-07 02:12:51 WARN  SELL_SKIP [US] BAIG reason=PHANTOM_POSITION phase=NONE qty=6 avgPrice=37.6000
2026-05-07 02:12:56 WARN  SELL_SKIP [US] BAIG reason=PHANTOM_POSITION phase=NONE qty=6 avgPrice=37.6000
2026-05-07 02:13:01 WARN  SELL_SKIP [US] BAIG reason=PHANTOM_POSITION phase=NONE qty=6 avgPrice=37.6000
2026-05-07 02:13:06 WARN  SELL_SKIP [US] BAIG reason=PHANTOM_POSITION phase=NONE qty=6 avgPrice=37.6000
2026-05-07 02:13:11 WARN  SELL_SKIP [US] BAIG reason=PHANTOM_POSITION phase=NONE qty=6 avgPrice=37.6000
2026-05-07 02:13:16 WARN  SELL_SKIP [US] BAIG reason=PHANTOM_POSITION phase=NONE qty=6 avgPrice=37.6000
2026-05-07 02:13:21 WARN  SELL_SKIP [US] BAIG reason=PHANTOM_POSITION phase=NONE qty=6 avgPrice=37.6000
2026-05-07 02:13:26 WARN  SELL_SKIP [US] BAIG reason=PHANTOM_POSITION phase=NONE qty=6 avgPrice=37.6000
2026-05-07 02:13:31 WARN  SELL_SKIP [US] BAIG reason=PHANTOM_POSITION phase=NONE qty=6 avgPrice=37.6000
2026-05-07 02:13:36 WARN  SELL_SKIP [US] BAIG reason=PHANTOM_POSITION phase=NONE qty=6 avgPrice=37.6000
2026-05-07 02:13:41 WARN  SELL_SKIP [US] BAIG reason=PHANTOM_POSITION phase=NONE qty=6 avgPrice=37.6000
2026-05-07 02:13:46 WARN  SELL_SKIP [US] BAIG reason=PHANTOM_POSITION phase=NONE qty=6 avgPrice=37.6000
2026-05-07 02:13:52 WARN  SELL_SKIP [US] BAIG reason=PHANTOM_POSITION phase=NONE qty=6 avgPrice=37.6000
2026-05-07 02:13:57 WARN  SELL_SKIP [US] BAIG reason=PHANTOM_POSITION phase=NONE qty=6 avgPrice=37.6000
2026-05-07 02:14:02 WARN  SELL_SKIP [US] BAIG reason=PHANTOM_POSITION phase=NONE qty=6 avgPrice=37.6000
2026-05-07 02:14:07 WARN  SELL_SKIP [US] BAIG reason=PHANTOM_POSITION phase=NONE qty=6 avgPrice=37.6000
2026-05-07 02:14:12 WARN  SELL_SKIP [US] BAIG reason=PHANTOM_POSITION phase=NONE qty=6 avgPrice=37.6000
2026-05-07 02:14:17 WARN  SELL_SKIP [US] BAIG reason=PHANTOM_POSITION phase=NONE qty=6 avgPrice=37.6000
2026-05-07 02:14:22 WARN  SELL_SKIP [US] BAIG reason=PHANTOM_POSITION phase=NONE qty=6 avgPrice=37.6000
2026-05-07 02:14:27 WARN  SELL_SKIP [US] BAIG reason=PHANTOM_POSITION phase=NONE qty=6 avgPrice=37.6000
2026-05-07 02:14:32 WARN  SELL_SKIP [US] BAIG reason=PHANTOM_POSITION phase=NONE qty=6 avgPrice=37.6000
2026-05-07 02:14:37 WARN  SELL_SKIP [US] BAIG reason=PHANTOM_POSITION phase=NONE qty=6 avgPrice=37.6000
2026-05-07 02:14:42 WARN  SELL_SKIP [US] BAIG reason=PHANTOM_POSITION phase=NONE qty=6 avgPrice=37.6000
2026-05-07 02:14:48 WARN  SELL_SKIP [US] BAIG reason=PHANTOM_POSITION phase=NONE qty=6 avgPrice=37.6000
2026-05-07 02:14:53 WARN  SELL_SKIP [US] BAIG reason=PHANTOM_POSITION phase=NONE qty=6 avgPrice=37.6000
2026-05-07 02:14:58 WARN  SELL_SKIP [US] BAIG reason=PHANTOM_POSITION phase=NONE qty=6 avgPrice=37.6000
2026-05-07 02:15:03 WARN  SELL_SKIP [US] BAIG reason=PHANTOM_POSITION phase=NONE qty=6 avgPrice=37.6000
2026-05-07 02:15:08 WARN  SELL_SKIP [US] BAIG reason=PHANTOM_POSITION phase=NONE qty=6 avgPrice=37.6000
2026-05-07 02:15:13 WARN  SELL_SKIP [US] BAIG reason=PHANTOM_POSITION phase=NONE qty=6 avgPrice=37.6000
2026-05-07 02:15:18 WARN  SELL_SKIP [US] BAIG reason=PHANTOM_POSITION phase=NONE qty=6 avgPrice=37.6000
2026-05-07 02:15:23 WARN  SELL_SKIP [US] BAIG reason=PHANTOM_POSITION phase=NONE qty=6 avgPrice=37.6000
2026-05-07 02:15:28 WARN  SELL_SKIP [US] BAIG reason=PHANTOM_POSITION phase=NONE qty=6 avgPrice=37.6000
2026-05-07 02:15:33 WARN  SELL_SKIP [US] BAIG reason=PHANTOM_POSITION phase=NONE qty=6 avgPrice=37.6000
2026-05-07 02:15:38 WARN  SELL_SKIP [US] BAIG reason=PHANTOM_POSITION phase=NONE qty=6 avgPrice=37.6000
2026-05-07 02:15:44 WARN  SELL_SKIP [US] BAIG reason=PHANTOM_POSITION phase=NONE qty=6 avgPrice=37.6000
2026-05-07 02:15:49 WARN  SELL_SKIP [US] BAIG reason=PHANTOM_POSITION phase=NONE qty=6 avgPrice=37.6000
2026-05-07 02:15:54 WARN  SELL_SKIP [US] BAIG reason=PHANTOM_POSITION phase=NONE qty=6 avgPrice=37.6000
2026-05-07 02:15:59 WARN  SELL_SKIP [US] BAIG reason=PHANTOM_POSITION phase=NONE qty=6 avgPrice=37.6000
2026-05-07 02:16:04 WARN  SELL_SKIP [US] BAIG reason=PHANTOM_POSITION phase=NONE qty=6 avgPrice=37.6000
2026-05-07 02:16:09 WARN  SELL_SKIP [US] BAIG reason=PHANTOM_POSITION phase=NONE qty=6 avgPrice=37.6000
2026-05-07 02:16:14 WARN  SELL_SKIP [US] BAIG reason=PHANTOM_POSITION phase=NONE qty=6 avgPrice=37.6000
2026-05-07 02:16:19 WARN  SELL_SKIP [US] BAIG reason=PHANTOM_POSITION phase=NONE qty=6 avgPrice=37.6000
2026-05-07 02:16:24 WARN  SELL_SKIP [US] BAIG reason=PHANTOM_POSITION phase=NONE qty=6 avgPrice=37.6000
2026-05-07 02:16:29 WARN  SELL_SKIP [US] BAIG reason=PHANTOM_POSITION phase=NONE qty=6 avgPrice=37.6000
2026-05-07 02:16:34 WARN  SELL_SKIP [US] BAIG reason=PHANTOM_POSITION phase=NONE qty=6 avgPrice=37.6000
2026-05-07 02:16:40 WARN  SELL_SKIP [US] BAIG reason=PHANTOM_POSITION phase=NONE qty=6 avgPrice=37.6000
2026-05-07 02:16:45 WARN  SELL_SKIP [US] BAIG reason=PHANTOM_POSITION phase=NONE qty=6 avgPrice=37.6000
2026-05-07 02:16:50 WARN  SELL_SKIP [US] BAIG reason=PHANTOM_POSITION phase=NONE qty=6 avgPrice=37.6000
2026-05-07 02:16:55 WARN  SELL_SKIP [US] BAIG reason=PHANTOM_POSITION phase=NONE qty=6 avgPrice=37.6000
2026-05-07 02:17:00 WARN  SELL_SKIP [US] BAIG reason=PHANTOM_POSITION phase=NONE qty=6 avgPrice=37.6000
2026-05-07 02:17:05 WARN  SELL_SKIP [US] BAIG reason=PHANTOM_POSITION phase=NONE qty=6 avgPrice=37.6000
2026-05-07 02:17:10 WARN  SELL_SKIP [US] BAIG reason=PHANTOM_POSITION phase=NONE qty=6 avgPrice=37.6000
2026-05-07 02:17:15 WARN  SELL_SKIP [US] BAIG reason=PHANTOM_POSITION phase=NONE qty=6 avgPrice=37.6000
2026-05-07 02:17:20 WARN  SELL_SKIP [US] BAIG reason=PHANTOM_POSITION phase=NONE qty=6 avgPrice=37.6000
2026-05-07 02:17:25 WARN  SELL_SKIP [US] BAIG reason=PHANTOM_POSITION phase=NONE qty=6 avgPrice=37.6000
2026-05-07 02:17:30 WARN  SELL_SKIP [US] BAIG reason=PHANTOM_POSITION phase=NONE qty=6 avgPrice=37.6000
2026-05-07 02:17:36 WARN  SELL_SKIP [US] BAIG reason=PHANTOM_POSITION phase=NONE qty=6 avgPrice=37.6000
2026-05-07 02:17:41 WARN  SELL_SKIP [US] BAIG reason=PHANTOM_POSITION phase=NONE qty=6 avgPrice=37.6000
2026-05-07 02:17:46 WARN  SELL_SKIP [US] BAIG reason=PHANTOM_POSITION phase=NONE qty=6 avgPrice=37.6000
2026-05-07 02:17:51 WARN  SELL_SKIP [US] BAIG reason=PHANTOM_POSITION phase=NONE qty=6 avgPrice=37.6000
2026-05-07 02:17:56 WARN  SELL_SKIP [US] BAIG reason=PHANTOM_POSITION phase=NONE qty=6 avgPrice=37.6000
2026-05-07 02:18:01 WARN  SELL_SKIP [US] BAIG reason=PHANTOM_POSITION phase=NONE qty=6 avgPrice=37.6000
2026-05-07 02:18:06 WARN  SELL_SKIP [US] BAIG reason=PHANTOM_POSITION phase=NONE qty=6 avgPrice=37.6000
2026-05-07 02:18:11 WARN  SELL_SKIP [US] BAIG reason=PHANTOM_POSITION phase=NONE qty=6 avgPrice=37.6000
2026-05-07 02:18:16 WARN  SELL_SKIP [US] BAIG reason=PHANTOM_POSITION phase=NONE qty=6 avgPrice=37.6000
2026-05-07 02:18:21 WARN  SELL_SKIP [US] BAIG reason=PHANTOM_POSITION phase=NONE qty=6 avgPrice=37.6000
2026-05-07 02:18:26 WARN  SELL_SKIP [US] BAIG reason=PHANTOM_POSITION phase=NONE qty=6 avgPrice=37.6000
2026-05-07 02:18:32 WARN  SELL_SKIP [US] BAIG reason=PHANTOM_POSITION phase=NONE qty=6 avgPrice=37.6000
2026-05-07 02:18:37 WARN  SELL_SKIP [US] BAIG reason=PHANTOM_POSITION phase=NONE qty=6 avgPrice=37.6000
2026-05-07 02:18:42 WARN  SELL_SKIP [US] BAIG reason=PHANTOM_POSITION phase=NONE qty=6 avgPrice=37.6000
2026-05-07 02:18:47 WARN  SELL_SKIP [US] BAIG reason=PHANTOM_POSITION phase=NONE qty=6 avgPrice=37.6000
2026-05-07 02:18:52 WARN  SELL_SKIP [US] BAIG reason=PHANTOM_POSITION phase=NONE qty=6 avgPrice=37.6000
2026-05-07 02:18:57 WARN  SELL_SKIP [US] BAIG reason=PHANTOM_POSITION phase=NONE qty=6 avgPrice=37.6000
2026-05-07 02:19:02 WARN  SELL_SKIP [US] BAIG reason=PHANTOM_POSITION phase=NONE qty=6 avgPrice=37.6000
2026-05-07 02:19:07 WARN  SELL_SKIP [US] BAIG reason=PHANTOM_POSITION phase=NONE qty=6 avgPrice=37.6000
2026-05-07 02:19:08 WARN  BUY_SKIP [US] SOXL reason=AMOUNT_TOO_SMALL amount=250.0000 size=0.8000x price=161.5200
2026-05-07 02:19:12 WARN  SELL_SKIP [US] BAIG reason=PHANTOM_POSITION phase=NONE qty=6 avgPrice=37.6000
2026-05-07 02:19:17 WARN  SELL_SKIP [US] BAIG reason=PHANTOM_POSITION phase=NONE qty=6 avgPrice=37.6000
2026-05-07 02:19:22 WARN  SELL_SKIP [US] BAIG reason=PHANTOM_POSITION phase=NONE qty=6 avgPrice=37.6000
2026-05-07 02:19:27 WARN  SELL_SKIP [US] BAIG reason=PHANTOM_POSITION phase=NONE qty=6 avgPrice=37.6000
2026-05-07 02:19:32 WARN  SELL_SKIP [US] BAIG reason=PHANTOM_POSITION phase=NONE qty=6 avgPrice=37.6000
2026-05-07 02:19:38 WARN  SELL_SKIP [US] BAIG reason=PHANTOM_POSITION phase=NONE qty=6 avgPrice=37.6000
2026-05-07 02:19:43 WARN  SELL_SKIP [US] BAIG reason=PHANTOM_POSITION phase=NONE qty=6 avgPrice=37.6000
2026-05-07 02:19:48 WARN  SELL_SKIP [US] BAIG reason=PHANTOM_POSITION phase=NONE qty=6 avgPrice=37.6000
2026-05-07 02:19:53 WARN  SELL_SKIP [US] BAIG reason=PHANTOM_POSITION phase=NONE qty=6 avgPrice=37.6000
2026-05-07 02:19:58 WARN  SELL_SKIP [US] BAIG reason=PHANTOM_POSITION phase=NONE qty=6 avgPrice=37.6000
2026-05-07 02:20:03 WARN  SELL_SKIP [US] BAIG reason=PHANTOM_POSITION phase=NONE qty=6 avgPrice=37.6000
2026-05-07 02:20:08 WARN  SELL_SKIP [US] BAIG reason=PHANTOM_POSITION phase=NONE qty=6 avgPrice=37.6000
2026-05-07 02:20:13 WARN  SELL_SKIP [US] BAIG reason=PHANTOM_POSITION phase=NONE qty=6 avgPrice=37.6000
2026-05-07 02:20:18 WARN  SELL_SKIP [US] BAIG reason=PHANTOM_POSITION phase=NONE qty=6 avgPrice=37.6000
2026-05-07 02:20:23 WARN  SELL_SKIP [US] BAIG reason=PHANTOM_POSITION phase=NONE qty=6 avgPrice=37.6000
2026-05-07 02:20:28 WARN  SELL_SKIP [US] BAIG reason=PHANTOM_POSITION phase=NONE qty=6 avgPrice=37.6000
2026-05-07 02:20:34 WARN  SELL_SKIP [US] BAIG reason=PHANTOM_POSITION phase=NONE qty=6 avgPrice=37.6000
2026-05-07 02:20:39 WARN  SELL_SKIP [US] BAIG reason=PHANTOM_POSITION phase=NONE qty=6 avgPrice=37.6000
2026-05-07 02:20:44 WARN  SELL_SKIP [US] BAIG reason=PHANTOM_POSITION phase=NONE qty=6 avgPrice=37.6000
2026-05-07 02:20:49 WARN  SELL_SKIP [US] BAIG reason=PHANTOM_POSITION phase=NONE qty=6 avgPrice=37.6000
2026-05-07 02:20:54 WARN  SELL_SKIP [US] BAIG reason=PHANTOM_POSITION phase=NONE qty=6 avgPrice=37.6000
2026-05-07 02:20:59 WARN  SELL_SKIP [US] BAIG reason=PHANTOM_POSITION phase=NONE qty=6 avgPrice=37.6000
2026-05-07 02:21:04 WARN  SELL_SKIP [US] BAIG reason=PHANTOM_POSITION phase=NONE qty=6 avgPrice=37.6000
2026-05-07 02:21:09 WARN  SELL_SKIP [US] BAIG reason=PHANTOM_POSITION phase=NONE qty=6 avgPrice=37.6000
2026-05-07 02:21:14 WARN  SELL_SKIP [US] BAIG reason=PHANTOM_POSITION phase=NONE qty=6 avgPrice=37.6000
2026-05-07 02:21:19 WARN  SELL_SKIP [US] BAIG reason=PHANTOM_POSITION phase=NONE qty=6 avgPrice=37.6000
2026-05-07 02:21:24 WARN  SELL_SKIP [US] BAIG reason=PHANTOM_POSITION phase=NONE qty=6 avgPrice=37.6000
2026-05-07 02:21:30 WARN  SELL_SKIP [US] BAIG reason=PHANTOM_POSITION phase=NONE qty=6 avgPrice=37.6000
2026-05-07 02:21:35 WARN  SELL_SKIP [US] BAIG reason=PHANTOM_POSITION phase=NONE qty=6 avgPrice=37.6000
2026-05-07 02:21:40 WARN  SELL_SKIP [US] BAIG reason=PHANTOM_POSITION phase=NONE qty=6 avgPrice=37.6000
2026-05-07 02:21:45 WARN  SELL_SKIP [US] BAIG reason=PHANTOM_POSITION phase=NONE qty=6 avgPrice=37.6000
2026-05-07 02:21:50 WARN  SELL_SKIP [US] BAIG reason=PHANTOM_POSITION phase=NONE qty=6 avgPrice=37.6000
2026-05-07 02:21:55 WARN  SELL_SKIP [US] BAIG reason=PHANTOM_POSITION phase=NONE qty=6 avgPrice=37.6000
2026-05-07 02:22:00 WARN  SELL_SKIP [US] BAIG reason=PHANTOM_POSITION phase=NONE qty=6 avgPrice=37.6000
2026-05-07 02:22:05 WARN  SELL_SKIP [US] BAIG reason=PHANTOM_POSITION phase=NONE qty=6 avgPrice=37.6000
2026-05-07 02:22:10 WARN  SELL_SKIP [US] BAIG reason=PHANTOM_POSITION phase=NONE qty=6 avgPrice=37.6000
2026-05-07 02:22:15 WARN  SELL_SKIP [US] BAIG reason=PHANTOM_POSITION phase=NONE qty=6 avgPrice=37.6000
2026-05-07 02:22:20 WARN  SELL_SKIP [US] BAIG reason=PHANTOM_POSITION phase=NONE qty=6 avgPrice=37.6000
2026-05-07 02:22:26 WARN  SELL_SKIP [US] BAIG reason=PHANTOM_POSITION phase=NONE qty=6 avgPrice=37.6000
2026-05-07 02:22:31 WARN  SELL_SKIP [US] BAIG reason=PHANTOM_POSITION phase=NONE qty=6 avgPrice=37.6000
2026-05-07 02:22:36 WARN  SELL_SKIP [US] BAIG reason=PHANTOM_POSITION phase=NONE qty=6 avgPrice=37.6000
2026-05-07 02:22:41 WARN  SELL_SKIP [US] BAIG reason=PHANTOM_POSITION phase=NONE qty=6 avgPrice=37.6000
2026-05-07 02:22:46 WARN  SELL_SKIP [US] BAIG reason=PHANTOM_POSITION phase=NONE qty=6 avgPrice=37.6000
2026-05-07 02:22:51 WARN  SELL_SKIP [US] BAIG reason=PHANTOM_POSITION phase=NONE qty=6 avgPrice=37.6000
2026-05-07 02:22:56 WARN  SELL_SKIP [US] BAIG reason=PHANTOM_POSITION phase=NONE qty=6 avgPrice=37.6000
2026-05-07 02:23:01 WARN  SELL_SKIP [US] BAIG reason=PHANTOM_POSITION phase=NONE qty=6 avgPrice=37.6000
2026-05-07 02:23:06 WARN  SELL_SKIP [US] BAIG reason=PHANTOM_POSITION phase=NONE qty=6 avgPrice=37.6000
2026-05-07 02:23:11 WARN  SELL_SKIP [US] BAIG reason=PHANTOM_POSITION phase=NONE qty=6 avgPrice=37.6000
2026-05-07 02:23:16 WARN  SELL_SKIP [US] BAIG reason=PHANTOM_POSITION phase=NONE qty=6 avgPrice=37.6000
2026-05-07 02:23:21 WARN  SELL_SKIP [US] BAIG reason=PHANTOM_POSITION phase=NONE qty=6 avgPrice=37.6000
2026-05-07 02:23:22 WARN  BUY_SKIP [US] SOXL reason=AMOUNT_TOO_SMALL amount=250.0000 size=0.8000x price=161.6000
2026-05-07 02:23:27 WARN  SELL_SKIP [US] BAIG reason=PHANTOM_POSITION phase=NONE qty=6 avgPrice=37.6000
2026-05-07 02:23:32 WARN  SELL_SKIP [US] BAIG reason=PHANTOM_POSITION phase=NONE qty=6 avgPrice=37.6000
2026-05-07 02:23:37 WARN  SELL_SKIP [US] BAIG reason=PHANTOM_POSITION phase=NONE qty=6 avgPrice=37.6000
2026-05-07 02:23:42 WARN  SELL_SKIP [US] BAIG reason=PHANTOM_POSITION phase=NONE qty=6 avgPrice=37.6000
2026-05-07 02:23:47 WARN  SELL_SKIP [US] BAIG reason=PHANTOM_POSITION phase=NONE qty=6 avgPrice=37.6000
2026-05-07 02:23:52 WARN  SELL_SKIP [US] BAIG reason=PHANTOM_POSITION phase=NONE qty=6 avgPrice=37.6000
2026-05-07 02:23:57 WARN  SELL_SKIP [US] BAIG reason=PHANTOM_POSITION phase=NONE qty=6 avgPrice=37.6000
2026-05-07 02:24:02 WARN  SELL_SKIP [US] BAIG reason=PHANTOM_POSITION phase=NONE qty=6 avgPrice=37.6000
2026-05-07 02:24:07 WARN  SELL_SKIP [US] BAIG reason=PHANTOM_POSITION phase=NONE qty=6 avgPrice=37.6000
2026-05-07 02:24:12 WARN  SELL_SKIP [US] BAIG reason=PHANTOM_POSITION phase=NONE qty=6 avgPrice=37.6000
2026-05-07 02:24:17 WARN  SELL_SKIP [US] BAIG reason=PHANTOM_POSITION phase=NONE qty=6 avgPrice=37.6000
2026-05-07 02:24:22 WARN  SELL_SKIP [US] BAIG reason=PHANTOM_POSITION phase=NONE qty=6 avgPrice=37.6000
2026-05-07 02:24:28 WARN  SELL_SKIP [US] BAIG reason=PHANTOM_POSITION phase=NONE qty=6 avgPrice=37.6000
2026-05-07 02:24:33 WARN  SELL_SKIP [US] BAIG reason=PHANTOM_POSITION phase=NONE qty=6 avgPrice=37.6000
2026-05-07 02:24:38 WARN  SELL_SKIP [US] BAIG reason=PHANTOM_POSITION phase=NONE qty=6 avgPrice=37.6000
2026-05-07 02:24:43 WARN  SELL_SKIP [US] BAIG reason=PHANTOM_POSITION phase=NONE qty=6 avgPrice=37.6000
2026-05-07 02:24:48 WARN  SELL_SKIP [US] BAIG reason=PHANTOM_POSITION phase=NONE qty=6 avgPrice=37.6000
2026-05-07 02:24:53 WARN  SELL_SKIP [US] BAIG reason=PHANTOM_POSITION phase=NONE qty=6 avgPrice=37.6000
2026-05-07 02:24:58 WARN  SELL_SKIP [US] BAIG reason=PHANTOM_POSITION phase=NONE qty=6 avgPrice=37.6000
2026-05-07 02:25:03 WARN  SELL_SKIP [US] BAIG reason=PHANTOM_POSITION phase=NONE qty=6 avgPrice=37.6000
2026-05-07 02:25:08 WARN  SELL_SKIP [US] BAIG reason=PHANTOM_POSITION phase=NONE qty=6 avgPrice=37.6000
2026-05-07 02:25:13 WARN  SELL_SKIP [US] BAIG reason=PHANTOM_POSITION phase=NONE qty=6 avgPrice=37.6000
2026-05-07 02:25:18 WARN  SELL_SKIP [US] BAIG reason=PHANTOM_POSITION phase=NONE qty=6 avgPrice=37.6000
2026-05-07 02:25:24 WARN  SELL_SKIP [US] BAIG reason=PHANTOM_POSITION phase=NONE qty=6 avgPrice=37.6000
2026-05-07 02:25:29 WARN  SELL_SKIP [US] BAIG reason=PHANTOM_POSITION phase=NONE qty=6 avgPrice=37.6000
2026-05-07 02:25:34 WARN  SELL_SKIP [US] BAIG reason=PHANTOM_POSITION phase=NONE qty=6 avgPrice=37.6000
2026-05-07 02:25:39 WARN  SELL_SKIP [US] BAIG reason=PHANTOM_POSITION phase=NONE qty=6 avgPrice=37.6000
2026-05-07 02:25:44 WARN  SELL_SKIP [US] BAIG reason=PHANTOM_POSITION phase=NONE qty=6 avgPrice=37.6000
2026-05-07 02:25:49 WARN  SELL_SKIP [US] BAIG reason=PHANTOM_POSITION phase=NONE qty=6 avgPrice=37.6000
2026-05-07 02:25:54 WARN  SELL_SKIP [US] BAIG reason=PHANTOM_POSITION phase=NONE qty=6 avgPrice=37.6000
2026-05-07 02:25:59 WARN  SELL_SKIP [US] BAIG reason=PHANTOM_POSITION phase=NONE qty=6 avgPrice=37.6000
2026-05-07 02:26:04 WARN  SELL_SKIP [US] BAIG reason=PHANTOM_POSITION phase=NONE qty=6 avgPrice=37.6000
2026-05-07 02:26:09 WARN  SELL_SKIP [US] BAIG reason=PHANTOM_POSITION phase=NONE qty=6 avgPrice=37.6000
2026-05-07 02:26:14 WARN  SELL_SKIP [US] BAIG reason=PHANTOM_POSITION phase=NONE qty=6 avgPrice=37.6000
2026-05-07 02:26:19 WARN  SELL_SKIP [US] BAIG reason=PHANTOM_POSITION phase=NONE qty=6 avgPrice=37.6000
2026-05-07 02:26:25 WARN  SELL_SKIP [US] BAIG reason=PHANTOM_POSITION phase=NONE qty=6 avgPrice=37.6000
2026-05-07 02:26:30 WARN  SELL_SKIP [US] BAIG reason=PHANTOM_POSITION phase=NONE qty=6 avgPrice=37.6000
2026-05-07 02:26:35 WARN  SELL_SKIP [US] BAIG reason=PHANTOM_POSITION phase=NONE qty=6 avgPrice=37.6000
2026-05-07 02:26:40 WARN  SELL_SKIP [US] BAIG reason=PHANTOM_POSITION phase=NONE qty=6 avgPrice=37.6000
2026-05-07 02:26:45 WARN  SELL_SKIP [US] BAIG reason=PHANTOM_POSITION phase=NONE qty=6 avgPrice=37.6000
2026-05-07 02:26:50 WARN  SELL_SKIP [US] BAIG reason=PHANTOM_POSITION phase=NONE qty=6 avgPrice=37.6000
2026-05-07 02:26:55 WARN  SELL_SKIP [US] BAIG reason=PHANTOM_POSITION phase=NONE qty=6 avgPrice=37.6000
2026-05-07 02:27:00 WARN  SELL_SKIP [US] BAIG reason=PHANTOM_POSITION phase=NONE qty=6 avgPrice=37.6000
2026-05-07 02:27:05 WARN  SELL_SKIP [US] BAIG reason=PHANTOM_POSITION phase=NONE qty=6 avgPrice=37.6000
2026-05-07 02:27:10 WARN  SELL_SKIP [US] BAIG reason=PHANTOM_POSITION phase=NONE qty=6 avgPrice=37.6000
2026-05-07 02:27:15 WARN  SELL_SKIP [US] BAIG reason=PHANTOM_POSITION phase=NONE qty=6 avgPrice=37.6000
2026-05-07 02:27:21 WARN  SELL_SKIP [US] BAIG reason=PHANTOM_POSITION phase=NONE qty=6 avgPrice=37.6000
2026-05-07 02:27:26 WARN  SELL_SKIP [US] BAIG reason=PHANTOM_POSITION phase=NONE qty=6 avgPrice=37.6000
2026-05-07 02:27:31 WARN  SELL_SKIP [US] BAIG reason=PHANTOM_POSITION phase=NONE qty=6 avgPrice=37.6000
2026-05-07 02:27:36 WARN  SELL_SKIP [US] BAIG reason=PHANTOM_POSITION phase=NONE qty=6 avgPrice=37.6000
2026-05-07 02:27:41 WARN  SELL_SKIP [US] BAIG reason=PHANTOM_POSITION phase=NONE qty=6 avgPrice=37.6000
2026-05-07 02:27:46 WARN  SELL_SKIP [US] BAIG reason=PHANTOM_POSITION phase=NONE qty=6 avgPrice=37.6000
2026-05-07 02:27:51 WARN  SELL_SKIP [US] BAIG reason=PHANTOM_POSITION phase=NONE qty=6 avgPrice=37.6000
2026-05-07 02:27:56 WARN  SELL_SKIP [US] BAIG reason=PHANTOM_POSITION phase=NONE qty=6 avgPrice=37.6000
2026-05-07 02:28:01 WARN  SELL_SKIP [US] BAIG reason=PHANTOM_POSITION phase=NONE qty=6 avgPrice=37.6000
2026-05-07 02:28:06 WARN  SELL_SKIP [US] BAIG reason=PHANTOM_POSITION phase=NONE qty=6 avgPrice=37.6000
2026-05-07 02:28:11 WARN  SELL_SKIP [US] BAIG reason=PHANTOM_POSITION phase=NONE qty=6 avgPrice=37.6000
2026-05-07 02:28:16 WARN  SELL_SKIP [US] BAIG reason=PHANTOM_POSITION phase=NONE qty=6 avgPrice=37.6000
2026-05-07 02:28:22 WARN  SELL_SKIP [US] BAIG reason=PHANTOM_POSITION phase=NONE qty=6 avgPrice=37.6000
2026-05-07 02:28:27 WARN  SELL_SKIP [US] BAIG reason=PHANTOM_POSITION phase=NONE qty=6 avgPrice=37.6000
2026-05-07 02:28:32 WARN  SELL_SKIP [US] BAIG reason=PHANTOM_POSITION phase=NONE qty=6 avgPrice=37.6000
2026-05-07 02:28:37 WARN  SELL_SKIP [US] BAIG reason=PHANTOM_POSITION phase=NONE qty=6 avgPrice=37.6000
2026-05-07 02:28:42 WARN  SELL_SKIP [US] BAIG reason=PHANTOM_POSITION phase=NONE qty=6 avgPrice=37.6000
2026-05-07 02:28:47 WARN  SELL_SKIP [US] BAIG reason=PHANTOM_POSITION phase=NONE qty=6 avgPrice=37.6000
2026-05-07 02:28:52 WARN  SELL_SKIP [US] BAIG reason=PHANTOM_POSITION phase=NONE qty=6 avgPrice=37.6000
2026-05-07 02:28:57 WARN  SELL_SKIP [US] BAIG reason=PHANTOM_POSITION phase=NONE qty=6 avgPrice=37.6000
2026-05-07 02:29:02 WARN  SELL_SKIP [US] BAIG reason=PHANTOM_POSITION phase=NONE qty=6 avgPrice=37.6000
2026-05-07 02:29:07 WARN  SELL_SKIP [US] BAIG reason=PHANTOM_POSITION phase=NONE qty=6 avgPrice=37.6000
2026-05-07 02:29:12 WARN  SELL_SKIP [US] BAIG reason=PHANTOM_POSITION phase=NONE qty=6 avgPrice=37.6000
2026-05-07 02:29:18 WARN  SELL_SKIP [US] BAIG reason=PHANTOM_POSITION phase=NONE qty=6 avgPrice=37.6000
2026-05-07 02:29:23 WARN  SELL_SKIP [US] BAIG reason=PHANTOM_POSITION phase=NONE qty=6 avgPrice=37.6000
2026-05-07 02:29:28 WARN  SELL_SKIP [US] BAIG reason=PHANTOM_POSITION phase=NONE qty=6 avgPrice=37.6000
2026-05-07 02:29:33 WARN  SELL_SKIP [US] BAIG reason=PHANTOM_POSITION phase=NONE qty=6 avgPrice=37.6000
2026-05-07 02:29:38 WARN  SELL_SKIP [US] BAIG reason=PHANTOM_POSITION phase=NONE qty=6 avgPrice=37.6000
2026-05-07 02:29:43 WARN  SELL_SKIP [US] BAIG reason=PHANTOM_POSITION phase=NONE qty=6 avgPrice=37.6000
2026-05-07 02:29:48 WARN  SELL_SKIP [US] BAIG reason=PHANTOM_POSITION phase=NONE qty=6 avgPrice=37.6000
2026-05-07 02:29:53 WARN  SELL_SKIP [US] BAIG reason=PHANTOM_POSITION phase=NONE qty=6 avgPrice=37.6000
2026-05-07 02:29:58 WARN  SELL_SKIP [US] BAIG reason=PHANTOM_POSITION phase=NONE qty=6 avgPrice=37.6000
2026-05-07 02:30:03 WARN  SELL_SKIP [US] BAIG reason=PHANTOM_POSITION phase=NONE qty=6 avgPrice=37.6000
2026-05-07 02:30:08 WARN  SELL_SKIP [US] BAIG reason=PHANTOM_POSITION phase=NONE qty=6 avgPrice=37.6000
2026-05-07 02:30:13 WARN  SELL_SKIP [US] BAIG reason=PHANTOM_POSITION phase=NONE qty=6 avgPrice=37.6000
2026-05-07 02:30:19 WARN  SELL_SKIP [US] BAIG reason=PHANTOM_POSITION phase=NONE qty=6 avgPrice=37.6000
2026-05-07 02:30:24 WARN  SELL_SKIP [US] BAIG reason=PHANTOM_POSITION phase=NONE qty=6 avgPrice=37.6000
2026-05-07 02:30:29 WARN  SELL_SKIP [US] BAIG reason=PHANTOM_POSITION phase=NONE qty=6 avgPrice=37.6000
2026-05-07 02:30:34 WARN  SELL_SKIP [US] BAIG reason=PHANTOM_POSITION phase=NONE qty=6 avgPrice=37.6000
2026-05-07 02:30:39 WARN  SELL_SKIP [US] BAIG reason=PHANTOM_POSITION phase=NONE qty=6 avgPrice=37.6000
2026-05-07 02:30:44 WARN  SELL_SKIP [US] BAIG reason=PHANTOM_POSITION phase=NONE qty=6 avgPrice=37.6000
2026-05-07 02:30:49 WARN  SELL_SKIP [US] BAIG reason=PHANTOM_POSITION phase=NONE qty=6 avgPrice=37.6000
2026-05-07 02:30:54 WARN  SELL_SKIP [US] BAIG reason=PHANTOM_POSITION phase=NONE qty=6 avgPrice=37.6000
2026-05-07 02:30:59 WARN  SELL_SKIP [US] BAIG reason=PHANTOM_POSITION phase=NONE qty=6 avgPrice=37.6000
2026-05-07 02:31:04 WARN  SELL_SKIP [US] BAIG reason=PHANTOM_POSITION phase=NONE qty=6 avgPrice=37.6000
2026-05-07 02:31:09 WARN  SELL_SKIP [US] BAIG reason=PHANTOM_POSITION phase=NONE qty=6 avgPrice=37.6000
2026-05-07 02:31:15 WARN  SELL_SKIP [US] BAIG reason=PHANTOM_POSITION phase=NONE qty=6 avgPrice=37.6000
2026-05-07 02:31:20 WARN  SELL_SKIP [US] BAIG reason=PHANTOM_POSITION phase=NONE qty=6 avgPrice=37.6000
2026-05-07 02:31:25 WARN  SELL_SKIP [US] BAIG reason=PHANTOM_POSITION phase=NONE qty=6 avgPrice=37.6000
2026-05-07 02:31:30 WARN  SELL_SKIP [US] BAIG reason=PHANTOM_POSITION phase=NONE qty=6 avgPrice=37.6000
2026-05-07 02:31:35 WARN  SELL_SKIP [US] BAIG reason=PHANTOM_POSITION phase=NONE qty=6 avgPrice=37.6000
2026-05-07 02:31:40 WARN  SELL_SKIP [US] BAIG reason=PHANTOM_POSITION phase=NONE qty=6 avgPrice=37.6000
2026-05-07 02:31:45 WARN  SELL_SKIP [US] BAIG reason=PHANTOM_POSITION phase=NONE qty=6 avgPrice=37.6000
2026-05-07 02:31:50 WARN  SELL_SKIP [US] BAIG reason=PHANTOM_POSITION phase=NONE qty=6 avgPrice=37.6000
2026-05-07 02:31:55 WARN  SELL_SKIP [US] BAIG reason=PHANTOM_POSITION phase=NONE qty=6 avgPrice=37.6000
2026-05-07 02:32:00 WARN  SELL_SKIP [US] BAIG reason=PHANTOM_POSITION phase=NONE qty=6 avgPrice=37.6000
2026-05-07 02:32:05 WARN  SELL_SKIP [US] BAIG reason=PHANTOM_POSITION phase=NONE qty=6 avgPrice=37.6000
2026-05-07 02:32:11 WARN  SELL_SKIP [US] BAIG reason=PHANTOM_POSITION phase=NONE qty=6 avgPrice=37.6000
2026-05-07 02:32:16 WARN  SELL_SKIP [US] BAIG reason=PHANTOM_POSITION phase=NONE qty=6 avgPrice=37.6000
2026-05-07 02:32:21 WARN  SELL_SKIP [US] BAIG reason=PHANTOM_POSITION phase=NONE qty=6 avgPrice=37.6000
2026-05-07 02:32:21 WARN  BUY_SKIP [US] SOXL reason=AMOUNT_TOO_SMALL amount=250.0000 size=1.0000x price=161.4500
2026-05-07 02:32:26 WARN  SELL_SKIP [US] BAIG reason=PHANTOM_POSITION phase=NONE qty=6 avgPrice=37.6000
2026-05-07 02:32:31 WARN  SELL_SKIP [US] BAIG reason=PHANTOM_POSITION phase=NONE qty=6 avgPrice=37.6000
2026-05-07 02:32:36 WARN  SELL_SKIP [US] BAIG reason=PHANTOM_POSITION phase=NONE qty=6 avgPrice=37.6000
2026-05-07 02:32:41 WARN  SELL_SKIP [US] BAIG reason=PHANTOM_POSITION phase=NONE qty=6 avgPrice=37.6000
2026-05-07 02:32:46 WARN  SELL_SKIP [US] BAIG reason=PHANTOM_POSITION phase=NONE qty=6 avgPrice=37.6000
2026-05-07 02:32:51 WARN  SELL_SKIP [US] BAIG reason=PHANTOM_POSITION phase=NONE qty=6 avgPrice=37.6000
2026-05-07 02:32:56 WARN  SELL_SKIP [US] BAIG reason=PHANTOM_POSITION phase=NONE qty=6 avgPrice=37.6000
2026-05-07 02:33:01 WARN  SELL_SKIP [US] BAIG reason=PHANTOM_POSITION phase=NONE qty=6 avgPrice=37.6000
2026-05-07 02:33:06 WARN  SELL_SKIP [US] BAIG reason=PHANTOM_POSITION phase=NONE qty=6 avgPrice=37.6000
2026-05-07 02:33:12 WARN  SELL_SKIP [US] BAIG reason=PHANTOM_POSITION phase=NONE qty=6 avgPrice=37.6000
2026-05-07 02:33:17 WARN  SELL_SKIP [US] BAIG reason=PHANTOM_POSITION phase=NONE qty=6 avgPrice=37.6000
2026-05-07 02:33:22 WARN  SELL_SKIP [US] BAIG reason=PHANTOM_POSITION phase=NONE qty=6 avgPrice=37.6000
2026-05-07 02:33:27 WARN  SELL_SKIP [US] BAIG reason=PHANTOM_POSITION phase=NONE qty=6 avgPrice=37.6000
2026-05-07 02:33:32 WARN  SELL_SKIP [US] BAIG reason=PHANTOM_POSITION phase=NONE qty=6 avgPrice=37.6000
2026-05-07 02:33:37 WARN  SELL_SKIP [US] BAIG reason=PHANTOM_POSITION phase=NONE qty=6 avgPrice=37.6000
2026-05-07 02:33:42 WARN  SELL_SKIP [US] BAIG reason=PHANTOM_POSITION phase=NONE qty=6 avgPrice=37.6000
2026-05-07 02:33:47 WARN  SELL_SKIP [US] BAIG reason=PHANTOM_POSITION phase=NONE qty=6 avgPrice=37.6000
2026-05-07 02:33:52 WARN  SELL_SKIP [US] BAIG reason=PHANTOM_POSITION phase=NONE qty=6 avgPrice=37.6000
2026-05-07 02:33:57 WARN  SELL_SKIP [US] BAIG reason=PHANTOM_POSITION phase=NONE qty=6 avgPrice=37.6000
2026-05-07 02:34:02 WARN  SELL_SKIP [US] BAIG reason=PHANTOM_POSITION phase=NONE qty=6 avgPrice=37.6000
2026-05-07 02:34:08 WARN  SELL_SKIP [US] BAIG reason=PHANTOM_POSITION phase=NONE qty=6 avgPrice=37.6000
2026-05-07 02:34:13 WARN  SELL_SKIP [US] BAIG reason=PHANTOM_POSITION phase=NONE qty=6 avgPrice=37.6000
2026-05-07 02:34:18 WARN  SELL_SKIP [US] BAIG reason=PHANTOM_POSITION phase=NONE qty=6 avgPrice=37.6000
2026-05-07 02:34:23 WARN  SELL_SKIP [US] BAIG reason=PHANTOM_POSITION phase=NONE qty=6 avgPrice=37.6000
2026-05-07 02:34:28 WARN  SELL_SKIP [US] BAIG reason=PHANTOM_POSITION phase=NONE qty=6 avgPrice=37.6000
2026-05-07 02:34:33 WARN  SELL_SKIP [US] BAIG reason=PHANTOM_POSITION phase=NONE qty=6 avgPrice=37.6000
2026-05-07 02:34:38 WARN  SELL_SKIP [US] BAIG reason=PHANTOM_POSITION phase=NONE qty=6 avgPrice=37.6000
2026-05-07 02:34:43 WARN  SELL_SKIP [US] BAIG reason=PHANTOM_POSITION phase=NONE qty=6 avgPrice=37.6000
2026-05-07 02:34:48 WARN  SELL_SKIP [US] BAIG reason=PHANTOM_POSITION phase=NONE qty=6 avgPrice=37.6000
2026-05-07 02:34:53 WARN  SELL_SKIP [US] BAIG reason=PHANTOM_POSITION phase=NONE qty=6 avgPrice=37.6000
2026-05-07 02:34:58 WARN  SELL_SKIP [US] BAIG reason=PHANTOM_POSITION phase=NONE qty=6 avgPrice=37.6000
2026-05-07 02:35:03 WARN  SELL_SKIP [US] BAIG reason=PHANTOM_POSITION phase=NONE qty=6 avgPrice=37.6000
2026-05-07 02:35:09 WARN  SELL_SKIP [US] BAIG reason=PHANTOM_POSITION phase=NONE qty=6 avgPrice=37.6000
2026-05-07 02:35:14 WARN  SELL_SKIP [US] BAIG reason=PHANTOM_POSITION phase=NONE qty=6 avgPrice=37.6000
2026-05-07 02:35:19 WARN  SELL_SKIP [US] BAIG reason=PHANTOM_POSITION phase=NONE qty=6 avgPrice=37.6000
2026-05-07 02:35:24 WARN  SELL_SKIP [US] BAIG reason=PHANTOM_POSITION phase=NONE qty=6 avgPrice=37.6000
2026-05-07 02:35:29 WARN  SELL_SKIP [US] BAIG reason=PHANTOM_POSITION phase=NONE qty=6 avgPrice=37.6000
2026-05-07 02:35:35 WARN  SELL_SKIP [US] BAIG reason=PHANTOM_POSITION phase=NONE qty=6 avgPrice=37.6000
2026-05-07 02:35:40 WARN  SELL_SKIP [US] BAIG reason=PHANTOM_POSITION phase=NONE qty=6 avgPrice=37.6000
2026-05-07 02:35:45 WARN  SELL_SKIP [US] BAIG reason=PHANTOM_POSITION phase=NONE qty=6 avgPrice=37.6000
2026-05-07 02:35:50 WARN  SELL_SKIP [US] BAIG reason=PHANTOM_POSITION phase=NONE qty=6 avgPrice=37.6000
2026-05-07 02:35:55 WARN  SELL_SKIP [US] BAIG reason=PHANTOM_POSITION phase=NONE qty=6 avgPrice=37.6000
2026-05-07 02:36:00 WARN  SELL_SKIP [US] BAIG reason=PHANTOM_POSITION phase=NONE qty=6 avgPrice=37.6000
2026-05-07 02:36:05 WARN  SELL_SKIP [US] BAIG reason=PHANTOM_POSITION phase=NONE qty=6 avgPrice=37.6000
2026-05-07 02:36:10 WARN  SELL_SKIP [US] BAIG reason=PHANTOM_POSITION phase=NONE qty=6 avgPrice=37.6000
2026-05-07 02:36:15 WARN  SELL_SKIP [US] BAIG reason=PHANTOM_POSITION phase=NONE qty=6 avgPrice=37.6000
2026-05-07 02:36:20 WARN  SELL_SKIP [US] BAIG reason=PHANTOM_POSITION phase=NONE qty=6 avgPrice=37.6000
2026-05-07 02:36:25 WARN  SELL_SKIP [US] BAIG reason=PHANTOM_POSITION phase=NONE qty=6 avgPrice=37.6000
2026-05-07 02:36:30 WARN  SELL_SKIP [US] BAIG reason=PHANTOM_POSITION phase=NONE qty=6 avgPrice=37.6000
2026-05-07 02:36:36 WARN  SELL_SKIP [US] BAIG reason=PHANTOM_POSITION phase=NONE qty=6 avgPrice=37.6000
2026-05-07 02:36:41 WARN  SELL_SKIP [US] BAIG reason=PHANTOM_POSITION phase=NONE qty=6 avgPrice=37.6000
2026-05-07 02:36:46 WARN  SELL_SKIP [US] BAIG reason=PHANTOM_POSITION phase=NONE qty=6 avgPrice=37.6000
2026-05-07 02:36:51 WARN  SELL_SKIP [US] BAIG reason=PHANTOM_POSITION phase=NONE qty=6 avgPrice=37.6000
2026-05-07 02:36:56 WARN  SELL_SKIP [US] BAIG reason=PHANTOM_POSITION phase=NONE qty=6 avgPrice=37.6000
2026-05-07 02:37:01 WARN  SELL_SKIP [US] BAIG reason=PHANTOM_POSITION phase=NONE qty=6 avgPrice=37.6000
2026-05-07 02:37:06 WARN  SELL_SKIP [US] BAIG reason=PHANTOM_POSITION phase=NONE qty=6 avgPrice=37.6000
2026-05-07 02:37:11 WARN  SELL_SKIP [US] BAIG reason=PHANTOM_POSITION phase=NONE qty=6 avgPrice=37.6000
2026-05-07 02:37:16 WARN  SELL_SKIP [US] BAIG reason=PHANTOM_POSITION phase=NONE qty=6 avgPrice=37.6000
2026-05-07 02:37:21 WARN  SELL_SKIP [US] BAIG reason=PHANTOM_POSITION phase=NONE qty=6 avgPrice=37.6000
2026-05-07 02:37:26 WARN  SELL_SKIP [US] BAIG reason=PHANTOM_POSITION phase=NONE qty=6 avgPrice=37.6000
2026-05-07 02:37:31 WARN  SELL_SKIP [US] BAIG reason=PHANTOM_POSITION phase=NONE qty=6 avgPrice=37.6000
2026-05-07 02:37:37 WARN  SELL_SKIP [US] BAIG reason=PHANTOM_POSITION phase=NONE qty=6 avgPrice=37.6000
2026-05-07 02:37:42 WARN  SELL_SKIP [US] BAIG reason=PHANTOM_POSITION phase=NONE qty=6 avgPrice=37.6000
2026-05-07 02:37:47 WARN  SELL_SKIP [US] BAIG reason=PHANTOM_POSITION phase=NONE qty=6 avgPrice=37.6000
2026-05-07 02:37:52 WARN  SELL_SKIP [US] BAIG reason=PHANTOM_POSITION phase=NONE qty=6 avgPrice=37.6000
2026-05-07 02:38:02 WARN  SELL_SKIP [US] BAIG reason=PHANTOM_POSITION phase=NONE qty=6 avgPrice=37.6000
2026-05-07 02:38:07 WARN  SELL_SKIP [US] BAIG reason=PHANTOM_POSITION phase=NONE qty=6 avgPrice=37.6000
2026-05-07 02:38:12 WARN  SELL_SKIP [US] BAIG reason=PHANTOM_POSITION phase=NONE qty=6 avgPrice=37.6000
2026-05-07 02:38:17 WARN  SELL_SKIP [US] BAIG reason=PHANTOM_POSITION phase=NONE qty=6 avgPrice=37.6000
2026-05-07 02:38:22 WARN  SELL_SKIP [US] BAIG reason=PHANTOM_POSITION phase=NONE qty=6 avgPrice=37.6000
2026-05-07 02:38:27 WARN  SELL_SKIP [US] BAIG reason=PHANTOM_POSITION phase=NONE qty=6 avgPrice=37.6000
2026-05-07 02:38:32 WARN  SELL_SKIP [US] BAIG reason=PHANTOM_POSITION phase=NONE qty=6 avgPrice=37.6000
2026-05-07 02:38:38 WARN  SELL_SKIP [US] BAIG reason=PHANTOM_POSITION phase=NONE qty=6 avgPrice=37.6000
2026-05-07 02:38:43 WARN  SELL_SKIP [US] BAIG reason=PHANTOM_POSITION phase=NONE qty=6 avgPrice=37.6000
2026-05-07 02:38:48 WARN  SELL_SKIP [US] BAIG reason=PHANTOM_POSITION phase=NONE qty=6 avgPrice=37.6000
2026-05-07 02:38:53 WARN  SELL_SKIP [US] BAIG reason=PHANTOM_POSITION phase=NONE qty=6 avgPrice=37.6000
2026-05-07 02:38:58 WARN  SELL_SKIP [US] BAIG reason=PHANTOM_POSITION phase=NONE qty=6 avgPrice=37.6000
2026-05-07 02:39:03 WARN  SELL_SKIP [US] BAIG reason=PHANTOM_POSITION phase=NONE qty=6 avgPrice=37.6000
2026-05-07 02:39:08 WARN  SELL_SKIP [US] BAIG reason=PHANTOM_POSITION phase=NONE qty=6 avgPrice=37.6000
2026-05-07 02:39:13 WARN  SELL_SKIP [US] BAIG reason=PHANTOM_POSITION phase=NONE qty=6 avgPrice=37.6000
2026-05-07 02:39:18 WARN  SELL_SKIP [US] BAIG reason=PHANTOM_POSITION phase=NONE qty=6 avgPrice=37.6000
2026-05-07 02:39:23 WARN  SELL_SKIP [US] BAIG reason=PHANTOM_POSITION phase=NONE qty=6 avgPrice=37.6000
2026-05-07 02:39:28 WARN  SELL_SKIP [US] BAIG reason=PHANTOM_POSITION phase=NONE qty=6 avgPrice=37.6000
2026-05-07 02:39:33 WARN  SELL_SKIP [US] BAIG reason=PHANTOM_POSITION phase=NONE qty=6 avgPrice=37.6000
2026-05-07 02:39:39 WARN  SELL_SKIP [US] BAIG reason=PHANTOM_POSITION phase=NONE qty=6 avgPrice=37.6000
2026-05-07 02:39:44 WARN  SELL_SKIP [US] BAIG reason=PHANTOM_POSITION phase=NONE qty=6 avgPrice=37.6000
2026-05-07 02:39:49 WARN  SELL_SKIP [US] BAIG reason=PHANTOM_POSITION phase=NONE qty=6 avgPrice=37.6000
2026-05-07 02:39:54 WARN  SELL_SKIP [US] BAIG reason=PHANTOM_POSITION phase=NONE qty=6 avgPrice=37.6000
2026-05-07 02:40:04 WARN  SELL_SKIP [US] BAIG reason=PHANTOM_POSITION phase=NONE qty=6 avgPrice=37.6000
2026-05-07 02:40:09 WARN  SELL_SKIP [US] BAIG reason=PHANTOM_POSITION phase=NONE qty=6 avgPrice=37.6000
2026-05-07 02:40:14 WARN  SELL_SKIP [US] BAIG reason=PHANTOM_POSITION phase=NONE qty=6 avgPrice=37.6000
2026-05-07 02:40:19 WARN  SELL_SKIP [US] BAIG reason=PHANTOM_POSITION phase=NONE qty=6 avgPrice=37.6000
2026-05-07 02:40:24 WARN  SELL_SKIP [US] BAIG reason=PHANTOM_POSITION phase=NONE qty=6 avgPrice=37.6000
2026-05-07 02:40:29 WARN  SELL_SKIP [US] BAIG reason=PHANTOM_POSITION phase=NONE qty=6 avgPrice=37.6000
2026-05-07 02:40:35 WARN  SELL_SKIP [US] BAIG reason=PHANTOM_POSITION phase=NONE qty=6 avgPrice=37.6000
2026-05-07 02:40:40 WARN  SELL_SKIP [US] BAIG reason=PHANTOM_POSITION phase=NONE qty=6 avgPrice=37.6000
2026-05-07 02:40:45 WARN  SELL_SKIP [US] BAIG reason=PHANTOM_POSITION phase=NONE qty=6 avgPrice=37.6000
2026-05-07 02:40:50 WARN  SELL_SKIP [US] BAIG reason=PHANTOM_POSITION phase=NONE qty=6 avgPrice=37.6000
2026-05-07 02:40:55 WARN  SELL_SKIP [US] BAIG reason=PHANTOM_POSITION phase=NONE qty=6 avgPrice=37.6000
2026-05-07 02:41:00 WARN  SELL_SKIP [US] BAIG reason=PHANTOM_POSITION phase=NONE qty=6 avgPrice=37.6000
2026-05-07 02:41:05 WARN  SELL_SKIP [US] BAIG reason=PHANTOM_POSITION phase=NONE qty=6 avgPrice=37.6000
2026-05-07 02:41:10 WARN  SELL_SKIP [US] BAIG reason=PHANTOM_POSITION phase=NONE qty=6 avgPrice=37.6000
2026-05-07 02:41:15 WARN  SELL_SKIP [US] BAIG reason=PHANTOM_POSITION phase=NONE qty=6 avgPrice=37.6000
2026-05-07 02:41:20 WARN  SELL_SKIP [US] BAIG reason=PHANTOM_POSITION phase=NONE qty=6 avgPrice=37.6000
2026-05-07 02:41:25 WARN  SELL_SKIP [US] BAIG reason=PHANTOM_POSITION phase=NONE qty=6 avgPrice=37.6000
2026-05-07 02:41:30 WARN  SELL_SKIP [US] BAIG reason=PHANTOM_POSITION phase=NONE qty=6 avgPrice=37.6000
2026-05-07 02:41:35 WARN  SELL_SKIP [US] BAIG reason=PHANTOM_POSITION phase=NONE qty=6 avgPrice=37.6000
2026-05-07 02:41:41 WARN  SELL_SKIP [US] BAIG reason=PHANTOM_POSITION phase=NONE qty=6 avgPrice=37.6000
2026-05-07 02:41:46 WARN  SELL_SKIP [US] BAIG reason=PHANTOM_POSITION phase=NONE qty=6 avgPrice=37.6000
2026-05-07 02:41:51 WARN  SELL_SKIP [US] BAIG reason=PHANTOM_POSITION phase=NONE qty=6 avgPrice=37.6000
2026-05-07 02:41:56 WARN  SELL_SKIP [US] BAIG reason=PHANTOM_POSITION phase=NONE qty=6 avgPrice=37.6000
2026-05-07 02:42:01 WARN  SELL_SKIP [US] BAIG reason=PHANTOM_POSITION phase=NONE qty=6 avgPrice=37.6000
2026-05-07 02:42:06 WARN  SELL_SKIP [US] BAIG reason=PHANTOM_POSITION phase=NONE qty=6 avgPrice=37.6000
2026-05-07 02:42:11 WARN  SELL_SKIP [US] BAIG reason=PHANTOM_POSITION phase=NONE qty=6 avgPrice=37.6000
2026-05-07 02:42:16 WARN  SELL_SKIP [US] BAIG reason=PHANTOM_POSITION phase=NONE qty=6 avgPrice=37.6000
2026-05-07 02:42:21 WARN  SELL_SKIP [US] BAIG reason=PHANTOM_POSITION phase=NONE qty=6 avgPrice=37.6000
2026-05-07 02:42:26 WARN  SELL_SKIP [US] BAIG reason=PHANTOM_POSITION phase=NONE qty=6 avgPrice=37.6000
2026-05-07 02:42:31 WARN  SELL_SKIP [US] BAIG reason=PHANTOM_POSITION phase=NONE qty=6 avgPrice=37.6000
2026-05-07 02:42:37 WARN  SELL_SKIP [US] BAIG reason=PHANTOM_POSITION phase=NONE qty=6 avgPrice=37.6000
2026-05-07 02:42:42 WARN  SELL_SKIP [US] BAIG reason=PHANTOM_POSITION phase=NONE qty=6 avgPrice=37.6000
2026-05-07 02:42:47 WARN  SELL_SKIP [US] BAIG reason=PHANTOM_POSITION phase=NONE qty=6 avgPrice=37.6000
2026-05-07 02:42:52 WARN  SELL_SKIP [US] BAIG reason=PHANTOM_POSITION phase=NONE qty=6 avgPrice=37.6000
2026-05-07 02:42:57 WARN  SELL_SKIP [US] BAIG reason=PHANTOM_POSITION phase=NONE qty=6 avgPrice=37.6000
2026-05-07 02:43:02 WARN  SELL_SKIP [US] BAIG reason=PHANTOM_POSITION phase=NONE qty=6 avgPrice=37.6000
2026-05-07 02:43:07 WARN  SELL_SKIP [US] BAIG reason=PHANTOM_POSITION phase=NONE qty=6 avgPrice=37.6000
2026-05-07 02:43:12 WARN  SELL_SKIP [US] BAIG reason=PHANTOM_POSITION phase=NONE qty=6 avgPrice=37.6000
2026-05-07 02:43:17 WARN  SELL_SKIP [US] BAIG reason=PHANTOM_POSITION phase=NONE qty=6 avgPrice=37.6000
2026-05-07 02:43:22 WARN  SELL_SKIP [US] BAIG reason=PHANTOM_POSITION phase=NONE qty=6 avgPrice=37.6000
2026-05-07 02:43:27 WARN  SELL_SKIP [US] BAIG reason=PHANTOM_POSITION phase=NONE qty=6 avgPrice=37.6000
2026-05-07 02:43:32 WARN  SELL_SKIP [US] BAIG reason=PHANTOM_POSITION phase=NONE qty=6 avgPrice=37.6000
2026-05-07 02:43:38 WARN  SELL_SKIP [US] BAIG reason=PHANTOM_POSITION phase=NONE qty=6 avgPrice=37.6000
2026-05-07 02:43:43 WARN  SELL_SKIP [US] BAIG reason=PHANTOM_POSITION phase=NONE qty=6 avgPrice=37.6000
2026-05-07 02:43:48 WARN  SELL_SKIP [US] BAIG reason=PHANTOM_POSITION phase=NONE qty=6 avgPrice=37.6000
2026-05-07 02:43:53 WARN  SELL_SKIP [US] BAIG reason=PHANTOM_POSITION phase=NONE qty=6 avgPrice=37.6000
2026-05-07 02:43:58 WARN  SELL_SKIP [US] BAIG reason=PHANTOM_POSITION phase=NONE qty=6 avgPrice=37.6000
2026-05-07 02:44:03 WARN  SELL_SKIP [US] BAIG reason=PHANTOM_POSITION phase=NONE qty=6 avgPrice=37.6000
2026-05-07 02:44:08 WARN  SELL_SKIP [US] BAIG reason=PHANTOM_POSITION phase=NONE qty=6 avgPrice=37.6000
2026-05-07 02:44:13 WARN  SELL_SKIP [US] BAIG reason=PHANTOM_POSITION phase=NONE qty=6 avgPrice=37.6000
2026-05-07 02:44:18 WARN  SELL_SKIP [US] BAIG reason=PHANTOM_POSITION phase=NONE qty=6 avgPrice=37.6000
2026-05-07 02:44:23 WARN  SELL_SKIP [US] BAIG reason=PHANTOM_POSITION phase=NONE qty=6 avgPrice=37.6000
2026-05-07 02:44:28 WARN  SELL_SKIP [US] BAIG reason=PHANTOM_POSITION phase=NONE qty=6 avgPrice=37.6000
2026-05-07 02:44:34 WARN  SELL_SKIP [US] BAIG reason=PHANTOM_POSITION phase=NONE qty=6 avgPrice=37.6000
2026-05-07 02:44:39 WARN  SELL_SKIP [US] BAIG reason=PHANTOM_POSITION phase=NONE qty=6 avgPrice=37.6000
2026-05-07 02:44:44 WARN  SELL_SKIP [US] BAIG reason=PHANTOM_POSITION phase=NONE qty=6 avgPrice=37.6000
2026-05-07 02:44:49 WARN  SELL_SKIP [US] BAIG reason=PHANTOM_POSITION phase=NONE qty=6 avgPrice=37.6000
2026-05-07 02:44:54 WARN  SELL_SKIP [US] BAIG reason=PHANTOM_POSITION phase=NONE qty=6 avgPrice=37.6000
2026-05-07 02:44:59 WARN  SELL_SKIP [US] BAIG reason=PHANTOM_POSITION phase=NONE qty=6 avgPrice=37.6000
2026-05-07 02:45:04 WARN  SELL_SKIP [US] BAIG reason=PHANTOM_POSITION phase=NONE qty=6 avgPrice=37.6000
2026-05-07 02:45:09 WARN  SELL_SKIP [US] BAIG reason=PHANTOM_POSITION phase=NONE qty=6 avgPrice=37.6000
2026-05-07 02:45:19 WARN  SELL_SKIP [US] BAIG reason=PHANTOM_POSITION phase=NONE qty=6 avgPrice=37.6000
2026-05-07 02:45:24 WARN  SELL_SKIP [US] BAIG reason=PHANTOM_POSITION phase=NONE qty=6 avgPrice=37.6000
2026-05-07 02:45:30 WARN  SELL_SKIP [US] BAIG reason=PHANTOM_POSITION phase=NONE qty=6 avgPrice=37.6000
2026-05-07 02:45:35 WARN  SELL_SKIP [US] BAIG reason=PHANTOM_POSITION phase=NONE qty=6 avgPrice=37.6000
2026-05-07 02:45:40 WARN  SELL_SKIP [US] BAIG reason=PHANTOM_POSITION phase=NONE qty=6 avgPrice=37.6000
2026-05-07 02:45:45 WARN  SELL_SKIP [US] BAIG reason=PHANTOM_POSITION phase=NONE qty=6 avgPrice=37.6000
2026-05-07 02:45:50 WARN  SELL_SKIP [US] BAIG reason=PHANTOM_POSITION phase=NONE qty=6 avgPrice=37.6000
2026-05-07 02:45:55 WARN  SELL_SKIP [US] BAIG reason=PHANTOM_POSITION phase=NONE qty=6 avgPrice=37.6000
2026-05-07 02:46:00 WARN  SELL_SKIP [US] BAIG reason=PHANTOM_POSITION phase=NONE qty=6 avgPrice=37.6000
2026-05-07 02:46:05 WARN  SELL_SKIP [US] BAIG reason=PHANTOM_POSITION phase=NONE qty=6 avgPrice=37.6000
2026-05-07 02:46:10 WARN  SELL_SKIP [US] BAIG reason=PHANTOM_POSITION phase=NONE qty=6 avgPrice=37.6000
2026-05-07 02:46:15 WARN  SELL_SKIP [US] BAIG reason=PHANTOM_POSITION phase=NONE qty=6 avgPrice=37.6000
2026-05-07 02:46:20 WARN  SELL_SKIP [US] BAIG reason=PHANTOM_POSITION phase=NONE qty=6 avgPrice=37.6000
2026-05-07 02:46:25 WARN  SELL_SKIP [US] BAIG reason=PHANTOM_POSITION phase=NONE qty=6 avgPrice=37.6000
2026-05-07 02:46:31 WARN  SELL_SKIP [US] BAIG reason=PHANTOM_POSITION phase=NONE qty=6 avgPrice=37.6000
2026-05-07 02:46:36 WARN  SELL_SKIP [US] BAIG reason=PHANTOM_POSITION phase=NONE qty=6 avgPrice=37.6000
2026-05-07 02:46:41 WARN  SELL_SKIP [US] BAIG reason=PHANTOM_POSITION phase=NONE qty=6 avgPrice=37.6000
2026-05-07 02:46:46 WARN  SELL_SKIP [US] BAIG reason=PHANTOM_POSITION phase=NONE qty=6 avgPrice=37.6000
2026-05-07 02:46:51 WARN  SELL_SKIP [US] BAIG reason=PHANTOM_POSITION phase=NONE qty=6 avgPrice=37.6000
2026-05-07 02:46:56 WARN  SELL_SKIP [US] BAIG reason=PHANTOM_POSITION phase=NONE qty=6 avgPrice=37.6000
2026-05-07 02:47:01 WARN  SELL_SKIP [US] BAIG reason=PHANTOM_POSITION phase=NONE qty=6 avgPrice=37.6000
2026-05-07 02:47:06 WARN  SELL_SKIP [US] BAIG reason=PHANTOM_POSITION phase=NONE qty=6 avgPrice=37.6000
2026-05-07 02:47:11 WARN  SELL_SKIP [US] BAIG reason=PHANTOM_POSITION phase=NONE qty=6 avgPrice=37.6000
2026-05-07 02:47:16 WARN  SELL_SKIP [US] BAIG reason=PHANTOM_POSITION phase=NONE qty=6 avgPrice=37.6000
2026-05-07 02:47:21 WARN  SELL_SKIP [US] BAIG reason=PHANTOM_POSITION phase=NONE qty=6 avgPrice=37.6000
2026-05-07 02:47:26 WARN  SELL_SKIP [US] BAIG reason=PHANTOM_POSITION phase=NONE qty=6 avgPrice=37.6000
2026-05-07 02:47:32 WARN  SELL_SKIP [US] BAIG reason=PHANTOM_POSITION phase=NONE qty=6 avgPrice=37.6000
2026-05-07 02:47:37 WARN  SELL_SKIP [US] BAIG reason=PHANTOM_POSITION phase=NONE qty=6 avgPrice=37.6000
2026-05-07 02:47:42 WARN  SELL_SKIP [US] BAIG reason=PHANTOM_POSITION phase=NONE qty=6 avgPrice=37.6000
2026-05-07 02:47:47 WARN  SELL_SKIP [US] BAIG reason=PHANTOM_POSITION phase=NONE qty=6 avgPrice=37.6000
2026-05-07 02:47:52 WARN  SELL_SKIP [US] BAIG reason=PHANTOM_POSITION phase=NONE qty=6 avgPrice=37.6000
2026-05-07 02:47:57 WARN  SELL_SKIP [US] BAIG reason=PHANTOM_POSITION phase=NONE qty=6 avgPrice=37.6000
2026-05-07 02:48:02 WARN  SELL_SKIP [US] BAIG reason=PHANTOM_POSITION phase=NONE qty=6 avgPrice=37.6000
2026-05-07 02:48:07 WARN  SELL_SKIP [US] BAIG reason=PHANTOM_POSITION phase=NONE qty=6 avgPrice=37.6000
2026-05-07 02:48:12 WARN  SELL_SKIP [US] BAIG reason=PHANTOM_POSITION phase=NONE qty=6 avgPrice=37.6000
2026-05-07 02:48:17 WARN  SELL_SKIP [US] BAIG reason=PHANTOM_POSITION phase=NONE qty=6 avgPrice=37.6000
2026-05-07 02:48:22 WARN  SELL_SKIP [US] BAIG reason=PHANTOM_POSITION phase=NONE qty=6 avgPrice=37.6000
2026-05-07 02:48:27 WARN  SELL_SKIP [US] BAIG reason=PHANTOM_POSITION phase=NONE qty=6 avgPrice=37.6000
2026-05-07 02:48:33 WARN  SELL_SKIP [US] BAIG reason=PHANTOM_POSITION phase=NONE qty=6 avgPrice=37.6000
2026-05-07 02:48:38 WARN  SELL_SKIP [US] BAIG reason=PHANTOM_POSITION phase=NONE qty=6 avgPrice=37.6000
2026-05-07 02:48:43 WARN  SELL_SKIP [US] BAIG reason=PHANTOM_POSITION phase=NONE qty=6 avgPrice=37.6000
2026-05-07 02:48:48 WARN  SELL_SKIP [US] BAIG reason=PHANTOM_POSITION phase=NONE qty=6 avgPrice=37.6000
2026-05-07 02:48:53 WARN  SELL_SKIP [US] BAIG reason=PHANTOM_POSITION phase=NONE qty=6 avgPrice=37.6000
2026-05-07 02:48:58 WARN  SELL_SKIP [US] BAIG reason=PHANTOM_POSITION phase=NONE qty=6 avgPrice=37.6000
2026-05-07 02:49:03 WARN  SELL_SKIP [US] BAIG reason=PHANTOM_POSITION phase=NONE qty=6 avgPrice=37.6000
2026-05-07 02:49:08 WARN  SELL_SKIP [US] BAIG reason=PHANTOM_POSITION phase=NONE qty=6 avgPrice=37.6000
2026-05-07 02:49:13 WARN  SELL_SKIP [US] BAIG reason=PHANTOM_POSITION phase=NONE qty=6 avgPrice=37.6000
2026-05-07 02:49:18 WARN  SELL_SKIP [US] BAIG reason=PHANTOM_POSITION phase=NONE qty=6 avgPrice=37.6000
2026-05-07 02:49:23 WARN  SELL_SKIP [US] BAIG reason=PHANTOM_POSITION phase=NONE qty=6 avgPrice=37.6000
2026-05-07 02:49:29 WARN  SELL_SKIP [US] BAIG reason=PHANTOM_POSITION phase=NONE qty=6 avgPrice=37.6000
2026-05-07 02:49:34 WARN  SELL_SKIP [US] BAIG reason=PHANTOM_POSITION phase=NONE qty=6 avgPrice=37.6000
2026-05-07 02:49:39 WARN  SELL_SKIP [US] BAIG reason=PHANTOM_POSITION phase=NONE qty=6 avgPrice=37.6000
2026-05-07 02:49:44 WARN  SELL_SKIP [US] BAIG reason=PHANTOM_POSITION phase=NONE qty=6 avgPrice=37.6000
2026-05-07 02:49:49 WARN  SELL_SKIP [US] BAIG reason=PHANTOM_POSITION phase=NONE qty=6 avgPrice=37.6000
2026-05-07 02:49:54 WARN  SELL_SKIP [US] BAIG reason=PHANTOM_POSITION phase=NONE qty=6 avgPrice=37.6000
2026-05-07 02:49:59 WARN  SELL_SKIP [US] BAIG reason=PHANTOM_POSITION phase=NONE qty=6 avgPrice=37.6000
2026-05-07 02:50:04 WARN  SELL_SKIP [US] BAIG reason=PHANTOM_POSITION phase=NONE qty=6 avgPrice=37.6000
2026-05-07 02:50:09 WARN  SELL_SKIP [US] BAIG reason=PHANTOM_POSITION phase=NONE qty=6 avgPrice=37.6000
2026-05-07 02:50:14 WARN  SELL_SKIP [US] BAIG reason=PHANTOM_POSITION phase=NONE qty=6 avgPrice=37.6000
2026-05-07 02:50:19 WARN  SELL_SKIP [US] BAIG reason=PHANTOM_POSITION phase=NONE qty=6 avgPrice=37.6000
2026-05-07 02:50:25 WARN  SELL_SKIP [US] BAIG reason=PHANTOM_POSITION phase=NONE qty=6 avgPrice=37.6000
2026-05-07 02:50:30 WARN  SELL_SKIP [US] BAIG reason=PHANTOM_POSITION phase=NONE qty=6 avgPrice=37.6000
2026-05-07 02:50:35 WARN  SELL_SKIP [US] BAIG reason=PHANTOM_POSITION phase=NONE qty=6 avgPrice=37.6000
2026-05-07 02:50:40 WARN  SELL_SKIP [US] BAIG reason=PHANTOM_POSITION phase=NONE qty=6 avgPrice=37.6000
2026-05-07 02:50:45 WARN  SELL_SKIP [US] BAIG reason=PHANTOM_POSITION phase=NONE qty=6 avgPrice=37.6000
2026-05-07 02:50:50 WARN  SELL_SKIP [US] BAIG reason=PHANTOM_POSITION phase=NONE qty=6 avgPrice=37.6000
2026-05-07 02:50:55 WARN  SELL_SKIP [US] BAIG reason=PHANTOM_POSITION phase=NONE qty=6 avgPrice=37.6000
2026-05-07 02:51:00 WARN  SELL_SKIP [US] BAIG reason=PHANTOM_POSITION phase=NONE qty=6 avgPrice=37.6000
2026-05-07 02:51:05 WARN  SELL_SKIP [US] BAIG reason=PHANTOM_POSITION phase=NONE qty=6 avgPrice=37.6000
2026-05-07 02:51:10 WARN  SELL_SKIP [US] BAIG reason=PHANTOM_POSITION phase=NONE qty=6 avgPrice=37.6000
2026-05-07 02:51:15 WARN  SELL_SKIP [US] BAIG reason=PHANTOM_POSITION phase=NONE qty=6 avgPrice=37.6000
2026-05-07 02:51:21 WARN  SELL_SKIP [US] BAIG reason=PHANTOM_POSITION phase=NONE qty=6 avgPrice=37.6000
2026-05-07 02:51:26 WARN  SELL_SKIP [US] BAIG reason=PHANTOM_POSITION phase=NONE qty=6 avgPrice=37.6000
2026-05-07 02:51:31 WARN  SELL_SKIP [US] BAIG reason=PHANTOM_POSITION phase=NONE qty=6 avgPrice=37.6000
2026-05-07 02:51:36 WARN  SELL_SKIP [US] BAIG reason=PHANTOM_POSITION phase=NONE qty=6 avgPrice=37.6000
2026-05-07 02:51:41 WARN  SELL_SKIP [US] BAIG reason=PHANTOM_POSITION phase=NONE qty=6 avgPrice=37.6000
2026-05-07 02:51:46 WARN  SELL_SKIP [US] BAIG reason=PHANTOM_POSITION phase=NONE qty=6 avgPrice=37.6000
2026-05-07 02:51:51 WARN  SELL_SKIP [US] BAIG reason=PHANTOM_POSITION phase=NONE qty=6 avgPrice=37.6000
2026-05-07 02:51:56 WARN  SELL_SKIP [US] BAIG reason=PHANTOM_POSITION phase=NONE qty=6 avgPrice=37.6000
2026-05-07 02:52:01 WARN  SELL_SKIP [US] BAIG reason=PHANTOM_POSITION phase=NONE qty=6 avgPrice=37.6000
2026-05-07 02:52:06 WARN  SELL_SKIP [US] BAIG reason=PHANTOM_POSITION phase=NONE qty=6 avgPrice=37.6000
2026-05-07 02:52:11 WARN  SELL_SKIP [US] BAIG reason=PHANTOM_POSITION phase=NONE qty=6 avgPrice=37.6000
2026-05-07 02:52:16 WARN  SELL_SKIP [US] BAIG reason=PHANTOM_POSITION phase=NONE qty=6 avgPrice=37.6000
2026-05-07 02:52:22 WARN  SELL_SKIP [US] BAIG reason=PHANTOM_POSITION phase=NONE qty=6 avgPrice=37.6000
2026-05-07 02:52:27 WARN  SELL_SKIP [US] BAIG reason=PHANTOM_POSITION phase=NONE qty=6 avgPrice=37.6000
2026-05-07 02:52:32 WARN  SELL_SKIP [US] BAIG reason=PHANTOM_POSITION phase=NONE qty=6 avgPrice=37.6000
2026-05-07 02:52:37 WARN  SELL_SKIP [US] BAIG reason=PHANTOM_POSITION phase=NONE qty=6 avgPrice=37.6000
2026-05-07 02:52:42 WARN  SELL_SKIP [US] BAIG reason=PHANTOM_POSITION phase=NONE qty=6 avgPrice=37.6000
2026-05-07 02:52:47 WARN  SELL_SKIP [US] BAIG reason=PHANTOM_POSITION phase=NONE qty=6 avgPrice=37.6000
2026-05-07 02:52:52 WARN  SELL_SKIP [US] BAIG reason=PHANTOM_POSITION phase=NONE qty=6 avgPrice=37.6000
2026-05-07 02:52:57 WARN  SELL_SKIP [US] BAIG reason=PHANTOM_POSITION phase=NONE qty=6 avgPrice=37.6000
2026-05-07 02:53:02 WARN  SELL_SKIP [US] BAIG reason=PHANTOM_POSITION phase=NONE qty=6 avgPrice=37.6000
2026-05-07 02:53:07 WARN  SELL_SKIP [US] BAIG reason=PHANTOM_POSITION phase=NONE qty=6 avgPrice=37.6000
2026-05-07 02:53:12 WARN  SELL_SKIP [US] BAIG reason=PHANTOM_POSITION phase=NONE qty=6 avgPrice=37.6000
2026-05-07 02:53:17 WARN  SELL_SKIP [US] BAIG reason=PHANTOM_POSITION phase=NONE qty=6 avgPrice=37.6000
2026-05-07 02:53:23 WARN  SELL_SKIP [US] BAIG reason=PHANTOM_POSITION phase=NONE qty=6 avgPrice=37.6000
2026-05-07 02:53:28 WARN  SELL_SKIP [US] BAIG reason=PHANTOM_POSITION phase=NONE qty=6 avgPrice=37.6000
2026-05-07 02:53:33 WARN  SELL_SKIP [US] BAIG reason=PHANTOM_POSITION phase=NONE qty=6 avgPrice=37.6000
2026-05-07 02:53:38 WARN  SELL_SKIP [US] BAIG reason=PHANTOM_POSITION phase=NONE qty=6 avgPrice=37.6000
2026-05-07 02:53:43 WARN  SELL_SKIP [US] BAIG reason=PHANTOM_POSITION phase=NONE qty=6 avgPrice=37.6000
2026-05-07 02:53:48 WARN  SELL_SKIP [US] BAIG reason=PHANTOM_POSITION phase=NONE qty=6 avgPrice=37.6000
2026-05-07 02:53:53 WARN  SELL_SKIP [US] BAIG reason=PHANTOM_POSITION phase=NONE qty=6 avgPrice=37.6000
2026-05-07 02:53:58 WARN  SELL_SKIP [US] BAIG reason=PHANTOM_POSITION phase=NONE qty=6 avgPrice=37.6000
2026-05-07 02:54:03 WARN  SELL_SKIP [US] BAIG reason=PHANTOM_POSITION phase=NONE qty=6 avgPrice=37.6000
2026-05-07 02:54:08 WARN  SELL_SKIP [US] BAIG reason=PHANTOM_POSITION phase=NONE qty=6 avgPrice=37.6000
2026-05-07 02:54:13 WARN  SELL_SKIP [US] BAIG reason=PHANTOM_POSITION phase=NONE qty=6 avgPrice=37.6000
2026-05-07 02:54:18 WARN  SELL_SKIP [US] BAIG reason=PHANTOM_POSITION phase=NONE qty=6 avgPrice=37.6000
2026-05-07 02:54:24 WARN  SELL_SKIP [US] BAIG reason=PHANTOM_POSITION phase=NONE qty=6 avgPrice=37.6000
2026-05-07 02:54:29 WARN  SELL_SKIP [US] BAIG reason=PHANTOM_POSITION phase=NONE qty=6 avgPrice=37.6000
2026-05-07 02:54:34 WARN  SELL_SKIP [US] BAIG reason=PHANTOM_POSITION phase=NONE qty=6 avgPrice=37.6000
2026-05-07 02:54:39 WARN  SELL_SKIP [US] BAIG reason=PHANTOM_POSITION phase=NONE qty=6 avgPrice=37.6000
2026-05-07 02:54:44 WARN  SELL_SKIP [US] BAIG reason=PHANTOM_POSITION phase=NONE qty=6 avgPrice=37.6000
2026-05-07 02:54:49 WARN  SELL_SKIP [US] BAIG reason=PHANTOM_POSITION phase=NONE qty=6 avgPrice=37.6000
2026-05-07 02:54:54 WARN  SELL_SKIP [US] BAIG reason=PHANTOM_POSITION phase=NONE qty=6 avgPrice=37.6000
2026-05-07 02:54:59 WARN  SELL_SKIP [US] BAIG reason=PHANTOM_POSITION phase=NONE qty=6 avgPrice=37.6000
2026-05-07 02:55:04 WARN  SELL_SKIP [US] BAIG reason=PHANTOM_POSITION phase=NONE qty=6 avgPrice=37.6000
2026-05-07 02:55:09 WARN  SELL_SKIP [US] BAIG reason=PHANTOM_POSITION phase=NONE qty=6 avgPrice=37.6000
2026-05-07 02:55:14 WARN  SELL_SKIP [US] BAIG reason=PHANTOM_POSITION phase=NONE qty=6 avgPrice=37.6000
2026-05-07 02:55:20 WARN  SELL_SKIP [US] BAIG reason=PHANTOM_POSITION phase=NONE qty=6 avgPrice=37.6000
2026-05-07 02:55:25 WARN  SELL_SKIP [US] BAIG reason=PHANTOM_POSITION phase=NONE qty=6 avgPrice=37.6000
2026-05-07 02:55:30 WARN  SELL_SKIP [US] BAIG reason=PHANTOM_POSITION phase=NONE qty=6 avgPrice=37.6000
2026-05-07 02:55:35 WARN  SELL_SKIP [US] BAIG reason=PHANTOM_POSITION phase=NONE qty=6 avgPrice=37.6000
2026-05-07 02:55:40 WARN  SELL_SKIP [US] BAIG reason=PHANTOM_POSITION phase=NONE qty=6 avgPrice=37.6000
2026-05-07 02:55:45 WARN  SELL_SKIP [US] BAIG reason=PHANTOM_POSITION phase=NONE qty=6 avgPrice=37.6000
2026-05-07 02:55:50 WARN  SELL_SKIP [US] BAIG reason=PHANTOM_POSITION phase=NONE qty=6 avgPrice=37.6000
2026-05-07 02:55:55 WARN  SELL_SKIP [US] BAIG reason=PHANTOM_POSITION phase=NONE qty=6 avgPrice=37.6000
2026-05-07 02:56:00 WARN  SELL_SKIP [US] BAIG reason=PHANTOM_POSITION phase=NONE qty=6 avgPrice=37.6000
2026-05-07 02:56:05 WARN  SELL_SKIP [US] BAIG reason=PHANTOM_POSITION phase=NONE qty=6 avgPrice=37.6000
2026-05-07 02:56:10 WARN  SELL_SKIP [US] BAIG reason=PHANTOM_POSITION phase=NONE qty=6 avgPrice=37.6000
2026-05-07 02:56:15 WARN  SELL_SKIP [US] BAIG reason=PHANTOM_POSITION phase=NONE qty=6 avgPrice=37.6000
2026-05-07 02:56:21 WARN  SELL_SKIP [US] BAIG reason=PHANTOM_POSITION phase=NONE qty=6 avgPrice=37.6000
2026-05-07 02:56:26 WARN  SELL_SKIP [US] BAIG reason=PHANTOM_POSITION phase=NONE qty=6 avgPrice=37.6000
2026-05-07 02:56:31 WARN  SELL_SKIP [US] BAIG reason=PHANTOM_POSITION phase=NONE qty=6 avgPrice=37.6000
2026-05-07 02:56:36 WARN  SELL_SKIP [US] BAIG reason=PHANTOM_POSITION phase=NONE qty=6 avgPrice=37.6000
2026-05-07 02:56:41 WARN  SELL_SKIP [US] BAIG reason=PHANTOM_POSITION phase=NONE qty=6 avgPrice=37.6000
2026-05-07 02:56:46 WARN  SELL_SKIP [US] BAIG reason=PHANTOM_POSITION phase=NONE qty=6 avgPrice=37.6000
2026-05-07 02:56:51 WARN  SELL_SKIP [US] BAIG reason=PHANTOM_POSITION phase=NONE qty=6 avgPrice=37.6000
2026-05-07 02:56:56 WARN  SELL_SKIP [US] BAIG reason=PHANTOM_POSITION phase=NONE qty=6 avgPrice=37.6000
2026-05-07 02:57:11 WARN  SELL_SKIP [US] BAIG reason=PHANTOM_POSITION phase=NONE qty=6 avgPrice=37.6000
2026-05-07 02:57:16 WARN  SELL_SKIP [US] BAIG reason=PHANTOM_POSITION phase=NONE qty=6 avgPrice=37.6000
2026-05-07 02:57:22 WARN  SELL_SKIP [US] BAIG reason=PHANTOM_POSITION phase=NONE qty=6 avgPrice=37.6000
2026-05-07 02:57:27 WARN  SELL_SKIP [US] BAIG reason=PHANTOM_POSITION phase=NONE qty=6 avgPrice=37.6000
2026-05-07 02:57:32 WARN  SELL_SKIP [US] BAIG reason=PHANTOM_POSITION phase=NONE qty=6 avgPrice=37.6000
2026-05-07 02:57:37 WARN  SELL_SKIP [US] BAIG reason=PHANTOM_POSITION phase=NONE qty=6 avgPrice=37.6000
2026-05-07 02:57:42 WARN  SELL_SKIP [US] BAIG reason=PHANTOM_POSITION phase=NONE qty=6 avgPrice=37.6000
2026-05-07 02:57:47 WARN  SELL_SKIP [US] BAIG reason=PHANTOM_POSITION phase=NONE qty=6 avgPrice=37.6000
2026-05-07 02:57:52 WARN  SELL_SKIP [US] BAIG reason=PHANTOM_POSITION phase=NONE qty=6 avgPrice=37.6000
2026-05-07 02:57:57 WARN  SELL_SKIP [US] BAIG reason=PHANTOM_POSITION phase=NONE qty=6 avgPrice=37.6000
2026-05-07 02:58:02 WARN  SELL_SKIP [US] BAIG reason=PHANTOM_POSITION phase=NONE qty=6 avgPrice=37.6000
2026-05-07 02:58:07 WARN  SELL_SKIP [US] BAIG reason=PHANTOM_POSITION phase=NONE qty=6 avgPrice=37.6000
2026-05-07 02:58:12 WARN  SELL_SKIP [US] BAIG reason=PHANTOM_POSITION phase=NONE qty=6 avgPrice=37.6000
2026-05-07 02:58:18 WARN  SELL_SKIP [US] BAIG reason=PHANTOM_POSITION phase=NONE qty=6 avgPrice=37.6000
2026-05-07 02:58:23 WARN  SELL_SKIP [US] BAIG reason=PHANTOM_POSITION phase=NONE qty=6 avgPrice=37.6000
2026-05-07 02:58:28 WARN  SELL_SKIP [US] BAIG reason=PHANTOM_POSITION phase=NONE qty=6 avgPrice=37.6000
2026-05-07 02:58:33 WARN  SELL_SKIP [US] BAIG reason=PHANTOM_POSITION phase=NONE qty=6 avgPrice=37.6000
2026-05-07 02:58:38 WARN  SELL_SKIP [US] BAIG reason=PHANTOM_POSITION phase=NONE qty=6 avgPrice=37.6000
2026-05-07 02:58:43 WARN  SELL_SKIP [US] BAIG reason=PHANTOM_POSITION phase=NONE qty=6 avgPrice=37.6000
2026-05-07 02:58:48 WARN  SELL_SKIP [US] BAIG reason=PHANTOM_POSITION phase=NONE qty=6 avgPrice=37.6000
2026-05-07 02:58:53 WARN  SELL_SKIP [US] BAIG reason=PHANTOM_POSITION phase=NONE qty=6 avgPrice=37.6000
2026-05-07 02:58:58 WARN  SELL_SKIP [US] BAIG reason=PHANTOM_POSITION phase=NONE qty=6 avgPrice=37.6000
2026-05-07 02:59:03 WARN  SELL_SKIP [US] BAIG reason=PHANTOM_POSITION phase=NONE qty=6 avgPrice=37.6000
2026-05-07 02:59:08 WARN  SELL_SKIP [US] BAIG reason=PHANTOM_POSITION phase=NONE qty=6 avgPrice=37.6000
2026-05-07 02:59:09 WARN  BUY_SKIP [US] SOXL reason=AMOUNT_TOO_SMALL amount=250.0000 size=0.8000x price=161.6200
2026-05-07 02:59:13 WARN  SELL_SKIP [US] BAIG reason=PHANTOM_POSITION phase=NONE qty=6 avgPrice=37.6000
2026-05-07 02:59:19 WARN  SELL_SKIP [US] BAIG reason=PHANTOM_POSITION phase=NONE qty=6 avgPrice=37.6000
2026-05-07 02:59:24 WARN  SELL_SKIP [US] BAIG reason=PHANTOM_POSITION phase=NONE qty=6 avgPrice=37.6000
2026-05-07 02:59:29 WARN  SELL_SKIP [US] BAIG reason=PHANTOM_POSITION phase=NONE qty=6 avgPrice=37.6000
2026-05-07 02:59:34 WARN  SELL_SKIP [US] BAIG reason=PHANTOM_POSITION phase=NONE qty=6 avgPrice=37.6000
2026-05-07 02:59:39 WARN  SELL_SKIP [US] BAIG reason=PHANTOM_POSITION phase=NONE qty=6 avgPrice=37.6000
2026-05-07 02:59:44 WARN  SELL_SKIP [US] BAIG reason=PHANTOM_POSITION phase=NONE qty=6 avgPrice=37.6000
2026-05-07 02:59:49 WARN  SELL_SKIP [US] BAIG reason=PHANTOM_POSITION phase=NONE qty=6 avgPrice=37.6000
2026-05-07 02:59:54 WARN  SELL_SKIP [US] BAIG reason=PHANTOM_POSITION phase=NONE qty=6 avgPrice=37.6000
2026-05-07 02:59:59 WARN  SELL_SKIP [US] BAIG reason=PHANTOM_POSITION phase=NONE qty=6 avgPrice=37.6000
2026-05-07 03:00:05 WARN  SELL_SKIP [US] BAIG reason=PHANTOM_POSITION phase=NONE qty=6 avgPrice=37.6000
2026-05-07 03:00:10 WARN  SELL_SKIP [US] BAIG reason=PHANTOM_POSITION phase=NONE qty=6 avgPrice=37.6000
2026-05-07 03:00:15 WARN  SELL_SKIP [US] BAIG reason=PHANTOM_POSITION phase=NONE qty=6 avgPrice=37.6000
2026-05-07 03:00:20 WARN  SELL_SKIP [US] BAIG reason=PHANTOM_POSITION phase=NONE qty=6 avgPrice=37.6000
2026-05-07 03:00:25 WARN  SELL_SKIP [US] BAIG reason=PHANTOM_POSITION phase=NONE qty=6 avgPrice=37.6000
2026-05-07 03:00:30 WARN  SELL_SKIP [US] BAIG reason=PHANTOM_POSITION phase=NONE qty=6 avgPrice=37.6000
2026-05-07 03:00:35 WARN  SELL_SKIP [US] BAIG reason=PHANTOM_POSITION phase=NONE qty=6 avgPrice=37.6000
2026-05-07 03:00:40 WARN  SELL_SKIP [US] BAIG reason=PHANTOM_POSITION phase=NONE qty=6 avgPrice=37.6000
2026-05-07 03:00:45 WARN  SELL_SKIP [US] BAIG reason=PHANTOM_POSITION phase=NONE qty=6 avgPrice=37.6000
2026-05-07 03:00:50 WARN  SELL_SKIP [US] BAIG reason=PHANTOM_POSITION phase=NONE qty=6 avgPrice=37.6000
2026-05-07 03:00:55 WARN  SELL_SKIP [US] BAIG reason=PHANTOM_POSITION phase=NONE qty=6 avgPrice=37.6000
2026-05-07 03:01:00 WARN  SELL_SKIP [US] BAIG reason=PHANTOM_POSITION phase=NONE qty=6 avgPrice=37.6000
2026-05-07 03:01:05 WARN  SELL_SKIP [US] BAIG reason=PHANTOM_POSITION phase=NONE qty=6 avgPrice=37.6000
2026-05-07 03:01:11 WARN  SELL_SKIP [US] BAIG reason=PHANTOM_POSITION phase=NONE qty=6 avgPrice=37.6000
2026-05-07 03:01:16 WARN  SELL_SKIP [US] BAIG reason=PHANTOM_POSITION phase=NONE qty=6 avgPrice=37.6000
2026-05-07 03:01:21 WARN  SELL_SKIP [US] BAIG reason=PHANTOM_POSITION phase=NONE qty=6 avgPrice=37.6000
2026-05-07 03:01:26 WARN  SELL_SKIP [US] BAIG reason=PHANTOM_POSITION phase=NONE qty=6 avgPrice=37.6000
2026-05-07 03:01:31 WARN  SELL_SKIP [US] BAIG reason=PHANTOM_POSITION phase=NONE qty=6 avgPrice=37.6000
2026-05-07 03:01:36 WARN  SELL_SKIP [US] BAIG reason=PHANTOM_POSITION phase=NONE qty=6 avgPrice=37.6000
2026-05-07 03:01:41 WARN  SELL_SKIP [US] BAIG reason=PHANTOM_POSITION phase=NONE qty=6 avgPrice=37.6000
2026-05-07 03:01:46 WARN  SELL_SKIP [US] BAIG reason=PHANTOM_POSITION phase=NONE qty=6 avgPrice=37.6000
2026-05-07 03:01:51 WARN  SELL_SKIP [US] BAIG reason=PHANTOM_POSITION phase=NONE qty=6 avgPrice=37.6000
2026-05-07 03:01:56 WARN  SELL_SKIP [US] BAIG reason=PHANTOM_POSITION phase=NONE qty=6 avgPrice=37.6000
2026-05-07 03:02:01 WARN  SELL_SKIP [US] BAIG reason=PHANTOM_POSITION phase=NONE qty=6 avgPrice=37.6000
2026-05-07 03:02:07 WARN  SELL_SKIP [US] BAIG reason=PHANTOM_POSITION phase=NONE qty=6 avgPrice=37.6000
2026-05-07 03:02:12 WARN  SELL_SKIP [US] BAIG reason=PHANTOM_POSITION phase=NONE qty=6 avgPrice=37.6000
2026-05-07 03:02:17 WARN  SELL_SKIP [US] BAIG reason=PHANTOM_POSITION phase=NONE qty=6 avgPrice=37.6000
2026-05-07 03:02:22 WARN  SELL_SKIP [US] BAIG reason=PHANTOM_POSITION phase=NONE qty=6 avgPrice=37.6000
2026-05-07 03:02:27 WARN  SELL_SKIP [US] BAIG reason=PHANTOM_POSITION phase=NONE qty=6 avgPrice=37.6000
2026-05-07 03:02:32 WARN  SELL_SKIP [US] BAIG reason=PHANTOM_POSITION phase=NONE qty=6 avgPrice=37.6000
2026-05-07 03:02:37 WARN  SELL_SKIP [US] BAIG reason=PHANTOM_POSITION phase=NONE qty=6 avgPrice=37.6000
2026-05-07 03:02:42 WARN  SELL_SKIP [US] BAIG reason=PHANTOM_POSITION phase=NONE qty=6 avgPrice=37.6000
2026-05-07 03:02:47 WARN  SELL_SKIP [US] BAIG reason=PHANTOM_POSITION phase=NONE qty=6 avgPrice=37.6000
2026-05-07 03:02:52 WARN  SELL_SKIP [US] BAIG reason=PHANTOM_POSITION phase=NONE qty=6 avgPrice=37.6000
2026-05-07 03:02:57 WARN  SELL_SKIP [US] BAIG reason=PHANTOM_POSITION phase=NONE qty=6 avgPrice=37.6000
2026-05-07 03:03:03 WARN  SELL_SKIP [US] BAIG reason=PHANTOM_POSITION phase=NONE qty=6 avgPrice=37.6000
2026-05-07 03:03:08 WARN  SELL_SKIP [US] BAIG reason=PHANTOM_POSITION phase=NONE qty=6 avgPrice=37.6000
2026-05-07 03:03:13 WARN  SELL_SKIP [US] BAIG reason=PHANTOM_POSITION phase=NONE qty=6 avgPrice=37.6000
2026-05-07 03:03:18 WARN  SELL_SKIP [US] BAIG reason=PHANTOM_POSITION phase=NONE qty=6 avgPrice=37.6000
2026-05-07 03:03:23 WARN  SELL_SKIP [US] BAIG reason=PHANTOM_POSITION phase=NONE qty=6 avgPrice=37.6000
2026-05-07 03:03:28 WARN  SELL_SKIP [US] BAIG reason=PHANTOM_POSITION phase=NONE qty=6 avgPrice=37.6000
2026-05-07 03:03:33 WARN  SELL_SKIP [US] BAIG reason=PHANTOM_POSITION phase=NONE qty=6 avgPrice=37.6000
2026-05-07 03:03:38 WARN  SELL_SKIP [US] BAIG reason=PHANTOM_POSITION phase=NONE qty=6 avgPrice=37.6000
2026-05-07 03:03:43 WARN  SELL_SKIP [US] BAIG reason=PHANTOM_POSITION phase=NONE qty=6 avgPrice=37.6000
2026-05-07 03:03:48 WARN  SELL_SKIP [US] BAIG reason=PHANTOM_POSITION phase=NONE qty=6 avgPrice=37.6000
2026-05-07 03:03:53 WARN  SELL_SKIP [US] BAIG reason=PHANTOM_POSITION phase=NONE qty=6 avgPrice=37.6000
2026-05-07 03:03:58 WARN  SELL_SKIP [US] BAIG reason=PHANTOM_POSITION phase=NONE qty=6 avgPrice=37.6000
2026-05-07 03:04:04 WARN  SELL_SKIP [US] BAIG reason=PHANTOM_POSITION phase=NONE qty=6 avgPrice=37.6000
2026-05-07 03:04:09 WARN  SELL_SKIP [US] BAIG reason=PHANTOM_POSITION phase=NONE qty=6 avgPrice=37.6000
2026-05-07 03:04:14 WARN  SELL_SKIP [US] BAIG reason=PHANTOM_POSITION phase=NONE qty=6 avgPrice=37.6000
2026-05-07 03:04:19 WARN  SELL_SKIP [US] BAIG reason=PHANTOM_POSITION phase=NONE qty=6 avgPrice=37.6000
2026-05-07 03:04:24 WARN  SELL_SKIP [US] BAIG reason=PHANTOM_POSITION phase=NONE qty=6 avgPrice=37.6000
2026-05-07 03:04:34 WARN  SELL_SKIP [US] BAIG reason=PHANTOM_POSITION phase=NONE qty=6 avgPrice=37.6000
2026-05-07 03:04:39 WARN  SELL_SKIP [US] BAIG reason=PHANTOM_POSITION phase=NONE qty=6 avgPrice=37.6000
2026-05-07 03:04:44 WARN  SELL_SKIP [US] BAIG reason=PHANTOM_POSITION phase=NONE qty=6 avgPrice=37.6000
2026-05-07 03:04:49 WARN  SELL_SKIP [US] BAIG reason=PHANTOM_POSITION phase=NONE qty=6 avgPrice=37.6000
2026-05-07 03:04:54 WARN  SELL_SKIP [US] BAIG reason=PHANTOM_POSITION phase=NONE qty=6 avgPrice=37.6000
2026-05-07 03:05:00 WARN  SELL_SKIP [US] BAIG reason=PHANTOM_POSITION phase=NONE qty=6 avgPrice=37.6000
2026-05-07 03:05:05 WARN  SELL_SKIP [US] BAIG reason=PHANTOM_POSITION phase=NONE qty=6 avgPrice=37.6000
2026-05-07 03:05:10 WARN  SELL_SKIP [US] BAIG reason=PHANTOM_POSITION phase=NONE qty=6 avgPrice=37.6000
2026-05-07 03:05:15 WARN  SELL_SKIP [US] BAIG reason=PHANTOM_POSITION phase=NONE qty=6 avgPrice=37.6000
2026-05-07 03:05:20 WARN  SELL_SKIP [US] BAIG reason=PHANTOM_POSITION phase=NONE qty=6 avgPrice=37.6000
2026-05-07 03:05:25 WARN  SELL_SKIP [US] BAIG reason=PHANTOM_POSITION phase=NONE qty=6 avgPrice=37.6000
2026-05-07 03:05:30 WARN  SELL_SKIP [US] BAIG reason=PHANTOM_POSITION phase=NONE qty=6 avgPrice=37.6000
2026-05-07 03:05:35 WARN  SELL_SKIP [US] BAIG reason=PHANTOM_POSITION phase=NONE qty=6 avgPrice=37.6000
2026-05-07 03:05:40 WARN  SELL_SKIP [US] BAIG reason=PHANTOM_POSITION phase=NONE qty=6 avgPrice=37.6000
2026-05-07 03:05:45 WARN  SELL_SKIP [US] BAIG reason=PHANTOM_POSITION phase=NONE qty=6 avgPrice=37.6000
2026-05-07 03:05:50 WARN  SELL_SKIP [US] BAIG reason=PHANTOM_POSITION phase=NONE qty=6 avgPrice=37.6000
2026-05-07 03:05:55 WARN  SELL_SKIP [US] BAIG reason=PHANTOM_POSITION phase=NONE qty=6 avgPrice=37.6000
2026-05-07 03:06:01 WARN  SELL_SKIP [US] BAIG reason=PHANTOM_POSITION phase=NONE qty=6 avgPrice=37.6000
2026-05-07 03:06:06 WARN  SELL_SKIP [US] BAIG reason=PHANTOM_POSITION phase=NONE qty=6 avgPrice=37.6000
2026-05-07 03:06:11 WARN  SELL_SKIP [US] BAIG reason=PHANTOM_POSITION phase=NONE qty=6 avgPrice=37.6000
2026-05-07 03:06:16 WARN  SELL_SKIP [US] BAIG reason=PHANTOM_POSITION phase=NONE qty=6 avgPrice=37.6000
2026-05-07 03:06:21 WARN  SELL_SKIP [US] BAIG reason=PHANTOM_POSITION phase=NONE qty=6 avgPrice=37.6000
2026-05-07 03:06:26 WARN  SELL_SKIP [US] BAIG reason=PHANTOM_POSITION phase=NONE qty=6 avgPrice=37.6000
2026-05-07 03:06:31 WARN  SELL_SKIP [US] BAIG reason=PHANTOM_POSITION phase=NONE qty=6 avgPrice=37.6000
2026-05-07 03:06:36 WARN  SELL_SKIP [US] BAIG reason=PHANTOM_POSITION phase=NONE qty=6 avgPrice=37.6000
2026-05-07 03:06:41 WARN  SELL_SKIP [US] BAIG reason=PHANTOM_POSITION phase=NONE qty=6 avgPrice=37.6000
2026-05-07 03:06:46 WARN  SELL_SKIP [US] BAIG reason=PHANTOM_POSITION phase=NONE qty=6 avgPrice=37.6000
2026-05-07 03:06:51 WARN  SELL_SKIP [US] BAIG reason=PHANTOM_POSITION phase=NONE qty=6 avgPrice=37.6000
2026-05-07 03:06:56 WARN  SELL_SKIP [US] BAIG reason=PHANTOM_POSITION phase=NONE qty=6 avgPrice=37.6000
2026-05-07 03:07:02 WARN  SELL_SKIP [US] BAIG reason=PHANTOM_POSITION phase=NONE qty=6 avgPrice=37.6000
2026-05-07 03:07:07 WARN  SELL_SKIP [US] BAIG reason=PHANTOM_POSITION phase=NONE qty=6 avgPrice=37.6000
2026-05-07 03:07:12 WARN  SELL_SKIP [US] BAIG reason=PHANTOM_POSITION phase=NONE qty=6 avgPrice=37.6000
2026-05-07 03:07:32 WARN  SELL_SKIP [US] BAIG reason=PHANTOM_POSITION phase=NONE qty=6 avgPrice=37.6000
2026-05-07 03:07:37 WARN  SELL_SKIP [US] BAIG reason=PHANTOM_POSITION phase=NONE qty=6 avgPrice=37.6000
2026-05-07 03:07:42 WARN  SELL_SKIP [US] BAIG reason=PHANTOM_POSITION phase=NONE qty=6 avgPrice=37.6000
2026-05-07 03:07:47 WARN  SELL_SKIP [US] BAIG reason=PHANTOM_POSITION phase=NONE qty=6 avgPrice=37.6000
2026-05-07 03:07:52 WARN  SELL_SKIP [US] BAIG reason=PHANTOM_POSITION phase=NONE qty=6 avgPrice=37.6000
2026-05-07 03:07:57 WARN  SELL_SKIP [US] BAIG reason=PHANTOM_POSITION phase=NONE qty=6 avgPrice=37.6000
2026-05-07 03:08:02 WARN  SELL_SKIP [US] BAIG reason=PHANTOM_POSITION phase=NONE qty=6 avgPrice=37.6000
2026-05-07 03:08:08 WARN  SELL_SKIP [US] BAIG reason=PHANTOM_POSITION phase=NONE qty=6 avgPrice=37.6000
2026-05-07 03:08:08 INFO  BUY [US] TSLL mode=BREAKOUT price=13.6200 qty=14 size=0.8000x score=85(CONV) | WHY: strongBreakout retestOK multiUp vol(1.56x) | VWAP: 0.72%(ABOVE slope=UP) | TREND: score=3 vel=0.33%/0.48%/0.78% | VOL: 36956175.0000/23616248.3000 TO: 503158322.6250/319134892.7456 | entryNo=2
2026-05-07 03:08:08 WARN  BUY_REJECTED TSLL phase=NONE
2026-05-07 03:08:13 WARN  SELL_SKIP [US] BAIG reason=PHANTOM_POSITION phase=NONE qty=6 avgPrice=37.6000
2026-05-07 03:08:18 WARN  SELL_SKIP [US] BAIG reason=PHANTOM_POSITION phase=NONE qty=6 avgPrice=37.6000
2026-05-07 03:08:23 WARN  SELL_SKIP [US] BAIG reason=PHANTOM_POSITION phase=NONE qty=6 avgPrice=37.6000
2026-05-07 03:08:28 WARN  SELL_SKIP [US] BAIG reason=PHANTOM_POSITION phase=NONE qty=6 avgPrice=37.6000
2026-05-07 03:08:33 WARN  SELL_SKIP [US] BAIG reason=PHANTOM_POSITION phase=NONE qty=6 avgPrice=37.6000
2026-05-07 03:08:38 WARN  SELL_SKIP [US] BAIG reason=PHANTOM_POSITION phase=NONE qty=6 avgPrice=37.6000
2026-05-07 03:08:43 WARN  SELL_SKIP [US] BAIG reason=PHANTOM_POSITION phase=NONE qty=6 avgPrice=37.6000
2026-05-07 03:08:48 WARN  SELL_SKIP [US] BAIG reason=PHANTOM_POSITION phase=NONE qty=6 avgPrice=37.6000
2026-05-07 03:08:53 WARN  SELL_SKIP [US] BAIG reason=PHANTOM_POSITION phase=NONE qty=6 avgPrice=37.6000
2026-05-07 03:08:58 WARN  SELL_SKIP [US] BAIG reason=PHANTOM_POSITION phase=NONE qty=6 avgPrice=37.6000
2026-05-07 03:09:03 WARN  SELL_SKIP [US] BAIG reason=PHANTOM_POSITION phase=NONE qty=6 avgPrice=37.6000
2026-05-07 03:09:09 WARN  SELL_SKIP [US] BAIG reason=PHANTOM_POSITION phase=NONE qty=6 avgPrice=37.6000
2026-05-07 03:09:09 WARN  BUY_SKIP [US] SOXL reason=AMOUNT_TOO_SMALL amount=250.0000 size=0.8000x price=162.0200
2026-05-07 03:09:14 WARN  SELL_SKIP [US] BAIG reason=PHANTOM_POSITION phase=NONE qty=6 avgPrice=37.6000
2026-05-07 03:09:19 WARN  SELL_SKIP [US] BAIG reason=PHANTOM_POSITION phase=NONE qty=6 avgPrice=37.6000
2026-05-07 03:09:24 WARN  SELL_SKIP [US] BAIG reason=PHANTOM_POSITION phase=NONE qty=6 avgPrice=37.6000
2026-05-07 03:09:29 WARN  SELL_SKIP [US] BAIG reason=PHANTOM_POSITION phase=NONE qty=6 avgPrice=37.6000
2026-05-07 03:09:34 WARN  SELL_SKIP [US] BAIG reason=PHANTOM_POSITION phase=NONE qty=6 avgPrice=37.6000
2026-05-07 03:09:39 WARN  SELL_SKIP [US] BAIG reason=PHANTOM_POSITION phase=NONE qty=6 avgPrice=37.6000
2026-05-07 03:09:44 WARN  SELL_SKIP [US] BAIG reason=PHANTOM_POSITION phase=NONE qty=6 avgPrice=37.6000
2026-05-07 03:09:49 WARN  SELL_SKIP [US] BAIG reason=PHANTOM_POSITION phase=NONE qty=6 avgPrice=37.6000
2026-05-07 03:09:54 WARN  SELL_SKIP [US] BAIG reason=PHANTOM_POSITION phase=NONE qty=6 avgPrice=37.6000
2026-05-07 03:09:59 WARN  SELL_SKIP [US] BAIG reason=PHANTOM_POSITION phase=NONE qty=6 avgPrice=37.6000
2026-05-07 03:10:04 WARN  SELL_SKIP [US] BAIG reason=PHANTOM_POSITION phase=NONE qty=6 avgPrice=37.6000
2026-05-07 03:10:10 WARN  SELL_SKIP [US] BAIG reason=PHANTOM_POSITION phase=NONE qty=6 avgPrice=37.6000
2026-05-07 03:10:15 WARN  SELL_SKIP [US] BAIG reason=PHANTOM_POSITION phase=NONE qty=6 avgPrice=37.6000
2026-05-07 03:10:20 WARN  SELL_SKIP [US] BAIG reason=PHANTOM_POSITION phase=NONE qty=6 avgPrice=37.6000
2026-05-07 03:10:25 WARN  SELL_SKIP [US] BAIG reason=PHANTOM_POSITION phase=NONE qty=6 avgPrice=37.6000
2026-05-07 03:10:30 WARN  SELL_SKIP [US] BAIG reason=PHANTOM_POSITION phase=NONE qty=6 avgPrice=37.6000
2026-05-07 03:10:35 WARN  SELL_SKIP [US] BAIG reason=PHANTOM_POSITION phase=NONE qty=6 avgPrice=37.6000
2026-05-07 03:10:40 WARN  SELL_SKIP [US] BAIG reason=PHANTOM_POSITION phase=NONE qty=6 avgPrice=37.6000
2026-05-07 03:10:50 WARN  SELL_SKIP [US] BAIG reason=PHANTOM_POSITION phase=NONE qty=6 avgPrice=37.6000
2026-05-07 03:10:55 WARN  SELL_SKIP [US] BAIG reason=PHANTOM_POSITION phase=NONE qty=6 avgPrice=37.6000
2026-05-07 03:11:00 WARN  SELL_SKIP [US] BAIG reason=PHANTOM_POSITION phase=NONE qty=6 avgPrice=37.6000
2026-05-07 03:11:06 WARN  SELL_SKIP [US] BAIG reason=PHANTOM_POSITION phase=NONE qty=6 avgPrice=37.6000
2026-05-07 03:11:06 WARN  BUY_SKIP [US] SOXL reason=AMOUNT_TOO_SMALL amount=250.0000 size=0.8000x price=161.9700
2026-05-07 03:11:11 WARN  SELL_SKIP [US] BAIG reason=PHANTOM_POSITION phase=NONE qty=6 avgPrice=37.6000
2026-05-07 03:11:16 WARN  SELL_SKIP [US] BAIG reason=PHANTOM_POSITION phase=NONE qty=6 avgPrice=37.6000
2026-05-07 03:11:21 WARN  SELL_SKIP [US] BAIG reason=PHANTOM_POSITION phase=NONE qty=6 avgPrice=37.6000
2026-05-07 03:11:26 WARN  SELL_SKIP [US] BAIG reason=PHANTOM_POSITION phase=NONE qty=6 avgPrice=37.6000
2026-05-07 03:11:31 WARN  SELL_SKIP [US] BAIG reason=PHANTOM_POSITION phase=NONE qty=6 avgPrice=37.6000
2026-05-07 03:11:36 WARN  SELL_SKIP [US] BAIG reason=PHANTOM_POSITION phase=NONE qty=6 avgPrice=37.6000
2026-05-07 03:11:41 WARN  SELL_SKIP [US] BAIG reason=PHANTOM_POSITION phase=NONE qty=6 avgPrice=37.6000
2026-05-07 03:11:46 WARN  SELL_SKIP [US] BAIG reason=PHANTOM_POSITION phase=NONE qty=6 avgPrice=37.6000
2026-05-07 03:11:51 WARN  SELL_SKIP [US] BAIG reason=PHANTOM_POSITION phase=NONE qty=6 avgPrice=37.6000
2026-05-07 03:11:57 WARN  SELL_SKIP [US] BAIG reason=PHANTOM_POSITION phase=NONE qty=6 avgPrice=37.6000
2026-05-07 03:12:02 WARN  SELL_SKIP [US] BAIG reason=PHANTOM_POSITION phase=NONE qty=6 avgPrice=37.6000
2026-05-07 03:12:07 WARN  SELL_SKIP [US] BAIG reason=PHANTOM_POSITION phase=NONE qty=6 avgPrice=37.6000
2026-05-07 03:12:12 WARN  SELL_SKIP [US] BAIG reason=PHANTOM_POSITION phase=NONE qty=6 avgPrice=37.6000
2026-05-07 03:12:17 WARN  SELL_SKIP [US] BAIG reason=PHANTOM_POSITION phase=NONE qty=6 avgPrice=37.6000
2026-05-07 03:12:22 WARN  SELL_SKIP [US] BAIG reason=PHANTOM_POSITION phase=NONE qty=6 avgPrice=37.6000
2026-05-07 03:12:27 WARN  SELL_SKIP [US] BAIG reason=PHANTOM_POSITION phase=NONE qty=6 avgPrice=37.6000
2026-05-07 03:12:32 WARN  SELL_SKIP [US] BAIG reason=PHANTOM_POSITION phase=NONE qty=6 avgPrice=37.6000
2026-05-07 03:12:37 WARN  SELL_SKIP [US] BAIG reason=PHANTOM_POSITION phase=NONE qty=6 avgPrice=37.6000
2026-05-07 03:12:42 WARN  SELL_SKIP [US] BAIG reason=PHANTOM_POSITION phase=NONE qty=6 avgPrice=37.6000
2026-05-07 03:12:47 WARN  SELL_SKIP [US] BAIG reason=PHANTOM_POSITION phase=NONE qty=6 avgPrice=37.6000
2026-05-07 03:12:52 WARN  SELL_SKIP [US] BAIG reason=PHANTOM_POSITION phase=NONE qty=6 avgPrice=37.6000
2026-05-07 03:12:58 WARN  SELL_SKIP [US] BAIG reason=PHANTOM_POSITION phase=NONE qty=6 avgPrice=37.6000
2026-05-07 03:13:03 WARN  SELL_SKIP [US] BAIG reason=PHANTOM_POSITION phase=NONE qty=6 avgPrice=37.6000
2026-05-07 03:13:08 WARN  SELL_SKIP [US] BAIG reason=PHANTOM_POSITION phase=NONE qty=6 avgPrice=37.6000
2026-05-07 03:13:13 WARN  SELL_SKIP [US] BAIG reason=PHANTOM_POSITION phase=NONE qty=6 avgPrice=37.6000
2026-05-07 03:13:18 WARN  SELL_SKIP [US] BAIG reason=PHANTOM_POSITION phase=NONE qty=6 avgPrice=37.6000
2026-05-07 03:13:28 WARN  SELL_SKIP [US] BAIG reason=PHANTOM_POSITION phase=NONE qty=6 avgPrice=37.6000
2026-05-07 03:13:33 WARN  SELL_SKIP [US] BAIG reason=PHANTOM_POSITION phase=NONE qty=6 avgPrice=37.6000
2026-05-07 03:13:43 WARN  SELL_SKIP [US] BAIG reason=PHANTOM_POSITION phase=NONE qty=6 avgPrice=37.6000
2026-05-07 03:13:48 WARN  SELL_SKIP [US] BAIG reason=PHANTOM_POSITION phase=NONE qty=6 avgPrice=37.6000
2026-05-07 03:13:53 WARN  SELL_SKIP [US] BAIG reason=PHANTOM_POSITION phase=NONE qty=6 avgPrice=37.6000
2026-05-07 03:13:58 WARN  SELL_SKIP [US] BAIG reason=PHANTOM_POSITION phase=NONE qty=6 avgPrice=37.6000
2026-05-07 03:14:04 WARN  SELL_SKIP [US] BAIG reason=PHANTOM_POSITION phase=NONE qty=6 avgPrice=37.6000
2026-05-07 03:14:09 WARN  SELL_SKIP [US] BAIG reason=PHANTOM_POSITION phase=NONE qty=6 avgPrice=37.6000
2026-05-07 03:14:14 WARN  SELL_SKIP [US] BAIG reason=PHANTOM_POSITION phase=NONE qty=6 avgPrice=37.6000
2026-05-07 03:14:19 WARN  SELL_SKIP [US] BAIG reason=PHANTOM_POSITION phase=NONE qty=6 avgPrice=37.6000
2026-05-07 03:14:24 WARN  SELL_SKIP [US] BAIG reason=PHANTOM_POSITION phase=NONE qty=6 avgPrice=37.6000
2026-05-07 03:14:29 WARN  SELL_SKIP [US] BAIG reason=PHANTOM_POSITION phase=NONE qty=6 avgPrice=37.6000
2026-05-07 03:14:34 WARN  SELL_SKIP [US] BAIG reason=PHANTOM_POSITION phase=NONE qty=6 avgPrice=37.6000
2026-05-07 03:14:39 WARN  SELL_SKIP [US] BAIG reason=PHANTOM_POSITION phase=NONE qty=6 avgPrice=37.6000
2026-05-07 03:14:44 WARN  SELL_SKIP [US] BAIG reason=PHANTOM_POSITION phase=NONE qty=6 avgPrice=37.6000
2026-05-07 03:14:49 WARN  SELL_SKIP [US] BAIG reason=PHANTOM_POSITION phase=NONE qty=6 avgPrice=37.6000
2026-05-07 03:14:54 WARN  SELL_SKIP [US] BAIG reason=PHANTOM_POSITION phase=NONE qty=6 avgPrice=37.6000
2026-05-07 03:14:59 WARN  SELL_SKIP [US] BAIG reason=PHANTOM_POSITION phase=NONE qty=6 avgPrice=37.6000
2026-05-07 03:15:05 WARN  SELL_SKIP [US] BAIG reason=PHANTOM_POSITION phase=NONE qty=6 avgPrice=37.6000
2026-05-07 03:15:10 WARN  SELL_SKIP [US] BAIG reason=PHANTOM_POSITION phase=NONE qty=6 avgPrice=37.6000
2026-05-07 03:15:15 WARN  SELL_SKIP [US] BAIG reason=PHANTOM_POSITION phase=NONE qty=6 avgPrice=37.6000
2026-05-07 03:15:20 WARN  SELL_SKIP [US] BAIG reason=PHANTOM_POSITION phase=NONE qty=6 avgPrice=37.6000
2026-05-07 03:15:25 WARN  SELL_SKIP [US] BAIG reason=PHANTOM_POSITION phase=NONE qty=6 avgPrice=37.6000
2026-05-07 03:15:30 WARN  SELL_SKIP [US] BAIG reason=PHANTOM_POSITION phase=NONE qty=6 avgPrice=37.6000
2026-05-07 03:15:35 WARN  SELL_SKIP [US] BAIG reason=PHANTOM_POSITION phase=NONE qty=6 avgPrice=37.6000
2026-05-07 03:15:40 WARN  SELL_SKIP [US] BAIG reason=PHANTOM_POSITION phase=NONE qty=6 avgPrice=37.6000
2026-05-07 03:15:46 WARN  SELL_SKIP [US] BAIG reason=PHANTOM_POSITION phase=NONE qty=6 avgPrice=37.6000
2026-05-07 03:15:51 WARN  SELL_SKIP [US] BAIG reason=PHANTOM_POSITION phase=NONE qty=6 avgPrice=37.6000
2026-05-07 03:15:56 WARN  SELL_SKIP [US] BAIG reason=PHANTOM_POSITION phase=NONE qty=6 avgPrice=37.6000
2026-05-07 03:16:01 WARN  SELL_SKIP [US] BAIG reason=PHANTOM_POSITION phase=NONE qty=6 avgPrice=37.6000
2026-05-07 03:16:07 WARN  SELL_SKIP [US] BAIG reason=PHANTOM_POSITION phase=NONE qty=6 avgPrice=37.6000
2026-05-07 03:16:12 WARN  SELL_SKIP [US] BAIG reason=PHANTOM_POSITION phase=NONE qty=6 avgPrice=37.6000
2026-05-07 03:16:17 WARN  SELL_SKIP [US] BAIG reason=PHANTOM_POSITION phase=NONE qty=6 avgPrice=37.6000
2026-05-07 03:16:22 WARN  SELL_SKIP [US] BAIG reason=PHANTOM_POSITION phase=NONE qty=6 avgPrice=37.6000
2026-05-07 03:16:27 WARN  SELL_SKIP [US] BAIG reason=PHANTOM_POSITION phase=NONE qty=6 avgPrice=37.6000
2026-05-07 03:16:32 WARN  SELL_SKIP [US] BAIG reason=PHANTOM_POSITION phase=NONE qty=6 avgPrice=37.6000
2026-05-07 03:16:37 WARN  SELL_SKIP [US] BAIG reason=PHANTOM_POSITION phase=NONE qty=6 avgPrice=37.6000
2026-05-07 03:16:42 WARN  SELL_SKIP [US] BAIG reason=PHANTOM_POSITION phase=NONE qty=6 avgPrice=37.6000
2026-05-07 03:16:47 WARN  SELL_SKIP [US] BAIG reason=PHANTOM_POSITION phase=NONE qty=6 avgPrice=37.6000
2026-05-07 03:16:52 WARN  SELL_SKIP [US] BAIG reason=PHANTOM_POSITION phase=NONE qty=6 avgPrice=37.6000
2026-05-07 03:16:57 WARN  SELL_SKIP [US] BAIG reason=PHANTOM_POSITION phase=NONE qty=6 avgPrice=37.6000
2026-05-07 03:17:02 WARN  SELL_SKIP [US] BAIG reason=PHANTOM_POSITION phase=NONE qty=6 avgPrice=37.6000
2026-05-07 03:17:07 WARN  SELL_SKIP [US] BAIG reason=PHANTOM_POSITION phase=NONE qty=6 avgPrice=37.6000
2026-05-07 03:17:12 WARN  SELL_SKIP [US] BAIG reason=PHANTOM_POSITION phase=NONE qty=6 avgPrice=37.6000
2026-05-07 03:17:17 WARN  SELL_SKIP [US] BAIG reason=PHANTOM_POSITION phase=NONE qty=6 avgPrice=37.6000
2026-05-07 03:17:22 WARN  SELL_SKIP [US] BAIG reason=PHANTOM_POSITION phase=NONE qty=6 avgPrice=37.6000
2026-05-07 03:17:27 WARN  SELL_SKIP [US] BAIG reason=PHANTOM_POSITION phase=NONE qty=6 avgPrice=37.6000
2026-05-07 03:17:33 WARN  SELL_SKIP [US] BAIG reason=PHANTOM_POSITION phase=NONE qty=6 avgPrice=37.6000
2026-05-07 03:17:38 WARN  SELL_SKIP [US] BAIG reason=PHANTOM_POSITION phase=NONE qty=6 avgPrice=37.6000
2026-05-07 03:17:43 WARN  SELL_SKIP [US] BAIG reason=PHANTOM_POSITION phase=NONE qty=6 avgPrice=37.6000
2026-05-07 03:17:48 WARN  SELL_SKIP [US] BAIG reason=PHANTOM_POSITION phase=NONE qty=6 avgPrice=37.6000
2026-05-07 03:17:53 WARN  SELL_SKIP [US] BAIG reason=PHANTOM_POSITION phase=NONE qty=6 avgPrice=37.6000
2026-05-07 03:17:58 WARN  SELL_SKIP [US] BAIG reason=PHANTOM_POSITION phase=NONE qty=6 avgPrice=37.6000
2026-05-07 03:18:03 WARN  SELL_SKIP [US] BAIG reason=PHANTOM_POSITION phase=NONE qty=6 avgPrice=37.6000
2026-05-07 03:18:08 WARN  SELL_SKIP [US] BAIG reason=PHANTOM_POSITION phase=NONE qty=6 avgPrice=37.6000
2026-05-07 03:18:13 WARN  SELL_SKIP [US] BAIG reason=PHANTOM_POSITION phase=NONE qty=6 avgPrice=37.6000
2026-05-07 03:18:18 WARN  SELL_SKIP [US] BAIG reason=PHANTOM_POSITION phase=NONE qty=6 avgPrice=37.6000
2026-05-07 03:18:24 WARN  SELL_SKIP [US] BAIG reason=PHANTOM_POSITION phase=NONE qty=6 avgPrice=37.6000
2026-05-07 03:18:29 WARN  SELL_SKIP [US] BAIG reason=PHANTOM_POSITION phase=NONE qty=6 avgPrice=37.6000
2026-05-07 03:18:34 WARN  SELL_SKIP [US] BAIG reason=PHANTOM_POSITION phase=NONE qty=6 avgPrice=37.6000
2026-05-07 03:18:39 WARN  SELL_SKIP [US] BAIG reason=PHANTOM_POSITION phase=NONE qty=6 avgPrice=37.6000
2026-05-07 03:18:44 WARN  SELL_SKIP [US] BAIG reason=PHANTOM_POSITION phase=NONE qty=6 avgPrice=37.6000
2026-05-07 03:18:49 WARN  SELL_SKIP [US] BAIG reason=PHANTOM_POSITION phase=NONE qty=6 avgPrice=37.6000
2026-05-07 03:18:54 WARN  SELL_SKIP [US] BAIG reason=PHANTOM_POSITION phase=NONE qty=6 avgPrice=37.6000
2026-05-07 03:18:59 WARN  SELL_SKIP [US] BAIG reason=PHANTOM_POSITION phase=NONE qty=6 avgPrice=37.6000
2026-05-07 03:19:04 WARN  SELL_SKIP [US] BAIG reason=PHANTOM_POSITION phase=NONE qty=6 avgPrice=37.6000
2026-05-07 03:19:09 WARN  SELL_SKIP [US] BAIG reason=PHANTOM_POSITION phase=NONE qty=6 avgPrice=37.6000
2026-05-07 03:19:14 WARN  SELL_SKIP [US] BAIG reason=PHANTOM_POSITION phase=NONE qty=6 avgPrice=37.6000
2026-05-07 03:19:19 WARN  SELL_SKIP [US] BAIG reason=PHANTOM_POSITION phase=NONE qty=6 avgPrice=37.6000
2026-05-07 03:19:25 WARN  SELL_SKIP [US] BAIG reason=PHANTOM_POSITION phase=NONE qty=6 avgPrice=37.6000
2026-05-07 03:19:30 WARN  SELL_SKIP [US] BAIG reason=PHANTOM_POSITION phase=NONE qty=6 avgPrice=37.6000
2026-05-07 03:19:35 WARN  SELL_SKIP [US] BAIG reason=PHANTOM_POSITION phase=NONE qty=6 avgPrice=37.6000
2026-05-07 03:19:40 WARN  SELL_SKIP [US] BAIG reason=PHANTOM_POSITION phase=NONE qty=6 avgPrice=37.6000
2026-05-07 03:19:45 WARN  SELL_SKIP [US] BAIG reason=PHANTOM_POSITION phase=NONE qty=6 avgPrice=37.6000
2026-05-07 03:19:50 WARN  SELL_SKIP [US] BAIG reason=PHANTOM_POSITION phase=NONE qty=6 avgPrice=37.6000
2026-05-07 03:19:55 WARN  SELL_SKIP [US] BAIG reason=PHANTOM_POSITION phase=NONE qty=6 avgPrice=37.6000
2026-05-07 03:20:00 WARN  SELL_SKIP [US] BAIG reason=PHANTOM_POSITION phase=NONE qty=6 avgPrice=37.6000
2026-05-07 03:20:05 WARN  SELL_SKIP [US] BAIG reason=PHANTOM_POSITION phase=NONE qty=6 avgPrice=37.6000
2026-05-07 03:20:10 WARN  SELL_SKIP [US] BAIG reason=PHANTOM_POSITION phase=NONE qty=6 avgPrice=37.6000
2026-05-07 03:20:16 WARN  SELL_SKIP [US] BAIG reason=PHANTOM_POSITION phase=NONE qty=6 avgPrice=37.6000
2026-05-07 03:20:21 WARN  SELL_SKIP [US] BAIG reason=PHANTOM_POSITION phase=NONE qty=6 avgPrice=37.6000
2026-05-07 03:20:26 WARN  SELL_SKIP [US] BAIG reason=PHANTOM_POSITION phase=NONE qty=6 avgPrice=37.6000
2026-05-07 03:20:31 WARN  SELL_SKIP [US] BAIG reason=PHANTOM_POSITION phase=NONE qty=6 avgPrice=37.6000
2026-05-07 03:20:36 WARN  SELL_SKIP [US] BAIG reason=PHANTOM_POSITION phase=NONE qty=6 avgPrice=37.6000
2026-05-07 03:20:41 WARN  SELL_SKIP [US] BAIG reason=PHANTOM_POSITION phase=NONE qty=6 avgPrice=37.6000
2026-05-07 03:20:46 WARN  SELL_SKIP [US] BAIG reason=PHANTOM_POSITION phase=NONE qty=6 avgPrice=37.6000
2026-05-07 03:20:51 WARN  SELL_SKIP [US] BAIG reason=PHANTOM_POSITION phase=NONE qty=6 avgPrice=37.6000
2026-05-07 03:20:56 WARN  SELL_SKIP [US] BAIG reason=PHANTOM_POSITION phase=NONE qty=6 avgPrice=37.6000
2026-05-07 03:21:01 WARN  SELL_SKIP [US] BAIG reason=PHANTOM_POSITION phase=NONE qty=6 avgPrice=37.6000
2026-05-07 03:21:06 WARN  SELL_SKIP [US] BAIG reason=PHANTOM_POSITION phase=NONE qty=6 avgPrice=37.6000
2026-05-07 03:21:12 WARN  SELL_SKIP [US] BAIG reason=PHANTOM_POSITION phase=NONE qty=6 avgPrice=37.6000
2026-05-07 03:21:17 WARN  SELL_SKIP [US] BAIG reason=PHANTOM_POSITION phase=NONE qty=6 avgPrice=37.6000
2026-05-07 03:21:22 WARN  SELL_SKIP [US] BAIG reason=PHANTOM_POSITION phase=NONE qty=6 avgPrice=37.6000
2026-05-07 03:21:27 WARN  SELL_SKIP [US] BAIG reason=PHANTOM_POSITION phase=NONE qty=6 avgPrice=37.6000
2026-05-07 03:21:32 WARN  SELL_SKIP [US] BAIG reason=PHANTOM_POSITION phase=NONE qty=6 avgPrice=37.6000
2026-05-07 03:21:37 WARN  SELL_SKIP [US] BAIG reason=PHANTOM_POSITION phase=NONE qty=6 avgPrice=37.6000
2026-05-07 03:21:42 WARN  SELL_SKIP [US] BAIG reason=PHANTOM_POSITION phase=NONE qty=6 avgPrice=37.6000
2026-05-07 03:21:47 WARN  SELL_SKIP [US] BAIG reason=PHANTOM_POSITION phase=NONE qty=6 avgPrice=37.6000
2026-05-07 03:21:52 WARN  SELL_SKIP [US] BAIG reason=PHANTOM_POSITION phase=NONE qty=6 avgPrice=37.6000
2026-05-07 03:21:57 WARN  SELL_SKIP [US] BAIG reason=PHANTOM_POSITION phase=NONE qty=6 avgPrice=37.6000
2026-05-07 03:22:02 WARN  SELL_SKIP [US] BAIG reason=PHANTOM_POSITION phase=NONE qty=6 avgPrice=37.6000
2026-05-07 03:22:08 WARN  SELL_SKIP [US] BAIG reason=PHANTOM_POSITION phase=NONE qty=6 avgPrice=37.6000
2026-05-07 03:22:13 WARN  SELL_SKIP [US] BAIG reason=PHANTOM_POSITION phase=NONE qty=6 avgPrice=37.6000
2026-05-07 03:22:18 WARN  SELL_SKIP [US] BAIG reason=PHANTOM_POSITION phase=NONE qty=6 avgPrice=37.6000
2026-05-07 03:22:23 WARN  SELL_SKIP [US] BAIG reason=PHANTOM_POSITION phase=NONE qty=6 avgPrice=37.6000
2026-05-07 03:22:28 WARN  SELL_SKIP [US] BAIG reason=PHANTOM_POSITION phase=NONE qty=6 avgPrice=37.6000
2026-05-07 03:22:33 WARN  SELL_SKIP [US] BAIG reason=PHANTOM_POSITION phase=NONE qty=6 avgPrice=37.6000
2026-05-07 03:22:38 WARN  SELL_SKIP [US] BAIG reason=PHANTOM_POSITION phase=NONE qty=6 avgPrice=37.6000
2026-05-07 03:22:43 WARN  SELL_SKIP [US] BAIG reason=PHANTOM_POSITION phase=NONE qty=6 avgPrice=37.6000
2026-05-07 03:22:48 WARN  SELL_SKIP [US] BAIG reason=PHANTOM_POSITION phase=NONE qty=6 avgPrice=37.6000
2026-05-07 03:22:53 WARN  SELL_SKIP [US] BAIG reason=PHANTOM_POSITION phase=NONE qty=6 avgPrice=37.6000
2026-05-07 03:22:58 WARN  SELL_SKIP [US] BAIG reason=PHANTOM_POSITION phase=NONE qty=6 avgPrice=37.6000
2026-05-07 03:23:03 WARN  SELL_SKIP [US] BAIG reason=PHANTOM_POSITION phase=NONE qty=6 avgPrice=37.6000
2026-05-07 03:23:08 WARN  SELL_SKIP [US] BAIG reason=PHANTOM_POSITION phase=NONE qty=6 avgPrice=37.6000
2026-05-07 03:23:14 WARN  SELL_SKIP [US] BAIG reason=PHANTOM_POSITION phase=NONE qty=6 avgPrice=37.6000
2026-05-07 03:23:19 WARN  SELL_SKIP [US] BAIG reason=PHANTOM_POSITION phase=NONE qty=6 avgPrice=37.6000
2026-05-07 03:23:24 WARN  SELL_SKIP [US] BAIG reason=PHANTOM_POSITION phase=NONE qty=6 avgPrice=37.6000
2026-05-07 03:23:29 WARN  SELL_SKIP [US] BAIG reason=PHANTOM_POSITION phase=NONE qty=6 avgPrice=37.6000
2026-05-07 03:23:34 WARN  SELL_SKIP [US] BAIG reason=PHANTOM_POSITION phase=NONE qty=6 avgPrice=37.6000
2026-05-07 03:23:39 WARN  SELL_SKIP [US] BAIG reason=PHANTOM_POSITION phase=NONE qty=6 avgPrice=37.6000
2026-05-07 03:23:44 WARN  SELL_SKIP [US] BAIG reason=PHANTOM_POSITION phase=NONE qty=6 avgPrice=37.6000
2026-05-07 03:23:49 WARN  SELL_SKIP [US] BAIG reason=PHANTOM_POSITION phase=NONE qty=6 avgPrice=37.6000
2026-05-07 03:23:54 WARN  SELL_SKIP [US] BAIG reason=PHANTOM_POSITION phase=NONE qty=6 avgPrice=37.6000
2026-05-07 03:23:59 WARN  SELL_SKIP [US] BAIG reason=PHANTOM_POSITION phase=NONE qty=6 avgPrice=37.6000
2026-05-07 03:24:04 WARN  SELL_SKIP [US] BAIG reason=PHANTOM_POSITION phase=NONE qty=6 avgPrice=37.6000
2026-05-07 03:24:09 WARN  SELL_SKIP [US] BAIG reason=PHANTOM_POSITION phase=NONE qty=6 avgPrice=37.6000
2026-05-07 03:24:15 WARN  SELL_SKIP [US] BAIG reason=PHANTOM_POSITION phase=NONE qty=6 avgPrice=37.6000
2026-05-07 03:24:20 WARN  SELL_SKIP [US] BAIG reason=PHANTOM_POSITION phase=NONE qty=6 avgPrice=37.6000
2026-05-07 03:24:25 WARN  SELL_SKIP [US] BAIG reason=PHANTOM_POSITION phase=NONE qty=6 avgPrice=37.6000
2026-05-07 03:24:30 WARN  SELL_SKIP [US] BAIG reason=PHANTOM_POSITION phase=NONE qty=6 avgPrice=37.6000
2026-05-07 03:24:35 WARN  SELL_SKIP [US] BAIG reason=PHANTOM_POSITION phase=NONE qty=6 avgPrice=37.6000
2026-05-07 03:24:40 WARN  SELL_SKIP [US] BAIG reason=PHANTOM_POSITION phase=NONE qty=6 avgPrice=37.6000
2026-05-07 03:24:45 WARN  SELL_SKIP [US] BAIG reason=PHANTOM_POSITION phase=NONE qty=6 avgPrice=37.6000
2026-05-07 03:24:50 WARN  SELL_SKIP [US] BAIG reason=PHANTOM_POSITION phase=NONE qty=6 avgPrice=37.6000
2026-05-07 03:24:55 WARN  SELL_SKIP [US] BAIG reason=PHANTOM_POSITION phase=NONE qty=6 avgPrice=37.6000
2026-05-07 03:25:00 WARN  SELL_SKIP [US] BAIG reason=PHANTOM_POSITION phase=NONE qty=6 avgPrice=37.6000
2026-05-07 03:25:05 WARN  SELL_SKIP [US] BAIG reason=PHANTOM_POSITION phase=NONE qty=6 avgPrice=37.6000
2026-05-07 03:25:10 WARN  SELL_SKIP [US] BAIG reason=PHANTOM_POSITION phase=NONE qty=6 avgPrice=37.6000
2026-05-07 03:25:16 WARN  SELL_SKIP [US] BAIG reason=PHANTOM_POSITION phase=NONE qty=6 avgPrice=37.6000
2026-05-07 03:25:21 WARN  SELL_SKIP [US] BAIG reason=PHANTOM_POSITION phase=NONE qty=6 avgPrice=37.6000
2026-05-07 03:25:26 WARN  SELL_SKIP [US] BAIG reason=PHANTOM_POSITION phase=NONE qty=6 avgPrice=37.6000
2026-05-07 03:25:31 WARN  SELL_SKIP [US] BAIG reason=PHANTOM_POSITION phase=NONE qty=6 avgPrice=37.6000
2026-05-07 03:25:36 WARN  SELL_SKIP [US] BAIG reason=PHANTOM_POSITION phase=NONE qty=6 avgPrice=37.6000
2026-05-07 03:25:41 WARN  SELL_SKIP [US] BAIG reason=PHANTOM_POSITION phase=NONE qty=6 avgPrice=37.6000
2026-05-07 03:25:46 WARN  SELL_SKIP [US] BAIG reason=PHANTOM_POSITION phase=NONE qty=6 avgPrice=37.6000
2026-05-07 03:25:51 WARN  SELL_SKIP [US] BAIG reason=PHANTOM_POSITION phase=NONE qty=6 avgPrice=37.6000
2026-05-07 03:25:56 WARN  SELL_SKIP [US] BAIG reason=PHANTOM_POSITION phase=NONE qty=6 avgPrice=37.6000
2026-05-07 03:26:01 WARN  SELL_SKIP [US] BAIG reason=PHANTOM_POSITION phase=NONE qty=6 avgPrice=37.6000
2026-05-07 03:26:06 WARN  SELL_SKIP [US] BAIG reason=PHANTOM_POSITION phase=NONE qty=6 avgPrice=37.6000
2026-05-07 03:26:11 WARN  SELL_SKIP [US] BAIG reason=PHANTOM_POSITION phase=NONE qty=6 avgPrice=37.6000
2026-05-07 03:26:17 WARN  SELL_SKIP [US] BAIG reason=PHANTOM_POSITION phase=NONE qty=6 avgPrice=37.6000
2026-05-07 03:26:22 WARN  SELL_SKIP [US] BAIG reason=PHANTOM_POSITION phase=NONE qty=6 avgPrice=37.6000
2026-05-07 03:26:27 WARN  SELL_SKIP [US] BAIG reason=PHANTOM_POSITION phase=NONE qty=6 avgPrice=37.6000
2026-05-07 03:26:32 WARN  SELL_SKIP [US] BAIG reason=PHANTOM_POSITION phase=NONE qty=6 avgPrice=37.6000
2026-05-07 03:26:37 WARN  SELL_SKIP [US] BAIG reason=PHANTOM_POSITION phase=NONE qty=6 avgPrice=37.6000
2026-05-07 03:26:42 WARN  SELL_SKIP [US] BAIG reason=PHANTOM_POSITION phase=NONE qty=6 avgPrice=37.6000
2026-05-07 03:26:47 WARN  SELL_SKIP [US] BAIG reason=PHANTOM_POSITION phase=NONE qty=6 avgPrice=37.6000
2026-05-07 03:26:52 WARN  SELL_SKIP [US] BAIG reason=PHANTOM_POSITION phase=NONE qty=6 avgPrice=37.6000
2026-05-07 03:26:57 WARN  SELL_SKIP [US] BAIG reason=PHANTOM_POSITION phase=NONE qty=6 avgPrice=37.6000
2026-05-07 03:27:02 WARN  SELL_SKIP [US] BAIG reason=PHANTOM_POSITION phase=NONE qty=6 avgPrice=37.6000
2026-05-07 03:27:07 WARN  SELL_SKIP [US] BAIG reason=PHANTOM_POSITION phase=NONE qty=6 avgPrice=37.6000
2026-05-07 03:27:12 WARN  SELL_SKIP [US] BAIG reason=PHANTOM_POSITION phase=NONE qty=6 avgPrice=37.6000
2026-05-07 03:27:18 WARN  SELL_SKIP [US] BAIG reason=PHANTOM_POSITION phase=NONE qty=6 avgPrice=37.6000
2026-05-07 03:27:23 WARN  SELL_SKIP [US] BAIG reason=PHANTOM_POSITION phase=NONE qty=6 avgPrice=37.6000
2026-05-07 03:27:28 WARN  SELL_SKIP [US] BAIG reason=PHANTOM_POSITION phase=NONE qty=6 avgPrice=37.6000
2026-05-07 03:27:33 WARN  SELL_SKIP [US] BAIG reason=PHANTOM_POSITION phase=NONE qty=6 avgPrice=37.6000
2026-05-07 03:27:38 WARN  SELL_SKIP [US] BAIG reason=PHANTOM_POSITION phase=NONE qty=6 avgPrice=37.6000
2026-05-07 03:27:43 WARN  SELL_SKIP [US] BAIG reason=PHANTOM_POSITION phase=NONE qty=6 avgPrice=37.6000
2026-05-07 03:27:48 WARN  SELL_SKIP [US] BAIG reason=PHANTOM_POSITION phase=NONE qty=6 avgPrice=37.6000
2026-05-07 03:27:53 WARN  SELL_SKIP [US] BAIG reason=PHANTOM_POSITION phase=NONE qty=6 avgPrice=37.6000
2026-05-07 03:27:58 WARN  SELL_SKIP [US] BAIG reason=PHANTOM_POSITION phase=NONE qty=6 avgPrice=37.6000
2026-05-07 03:28:03 WARN  SELL_SKIP [US] BAIG reason=PHANTOM_POSITION phase=NONE qty=6 avgPrice=37.6000
2026-05-07 03:28:08 WARN  SELL_SKIP [US] BAIG reason=PHANTOM_POSITION phase=NONE qty=6 avgPrice=37.6000
2026-05-07 03:28:14 WARN  SELL_SKIP [US] BAIG reason=PHANTOM_POSITION phase=NONE qty=6 avgPrice=37.6000
2026-05-07 03:28:19 WARN  SELL_SKIP [US] BAIG reason=PHANTOM_POSITION phase=NONE qty=6 avgPrice=37.6000
2026-05-07 03:28:24 WARN  SELL_SKIP [US] BAIG reason=PHANTOM_POSITION phase=NONE qty=6 avgPrice=37.6000
2026-05-07 03:28:29 WARN  SELL_SKIP [US] BAIG reason=PHANTOM_POSITION phase=NONE qty=6 avgPrice=37.6000
2026-05-07 03:28:34 WARN  SELL_SKIP [US] BAIG reason=PHANTOM_POSITION phase=NONE qty=6 avgPrice=37.6000
2026-05-07 03:28:39 WARN  SELL_SKIP [US] BAIG reason=PHANTOM_POSITION phase=NONE qty=6 avgPrice=37.6000
2026-05-07 03:28:44 WARN  SELL_SKIP [US] BAIG reason=PHANTOM_POSITION phase=NONE qty=6 avgPrice=37.6000
2026-05-07 03:28:49 WARN  SELL_SKIP [US] BAIG reason=PHANTOM_POSITION phase=NONE qty=6 avgPrice=37.6000
2026-05-07 03:28:54 WARN  SELL_SKIP [US] BAIG reason=PHANTOM_POSITION phase=NONE qty=6 avgPrice=37.6000
2026-05-07 03:28:59 WARN  SELL_SKIP [US] BAIG reason=PHANTOM_POSITION phase=NONE qty=6 avgPrice=37.6000
2026-05-07 03:29:04 WARN  SELL_SKIP [US] BAIG reason=PHANTOM_POSITION phase=NONE qty=6 avgPrice=37.6000
2026-05-07 03:29:09 WARN  SELL_SKIP [US] BAIG reason=PHANTOM_POSITION phase=NONE qty=6 avgPrice=37.6000
2026-05-07 03:29:15 WARN  SELL_SKIP [US] BAIG reason=PHANTOM_POSITION phase=NONE qty=6 avgPrice=37.6000
2026-05-07 03:29:20 WARN  SELL_SKIP [US] BAIG reason=PHANTOM_POSITION phase=NONE qty=6 avgPrice=37.6000
2026-05-07 03:29:25 WARN  SELL_SKIP [US] BAIG reason=PHANTOM_POSITION phase=NONE qty=6 avgPrice=37.6000
2026-05-07 03:29:30 WARN  SELL_SKIP [US] BAIG reason=PHANTOM_POSITION phase=NONE qty=6 avgPrice=37.6000
2026-05-07 03:29:35 WARN  SELL_SKIP [US] BAIG reason=PHANTOM_POSITION phase=NONE qty=6 avgPrice=37.6000
2026-05-07 03:29:40 WARN  SELL_SKIP [US] BAIG reason=PHANTOM_POSITION phase=NONE qty=6 avgPrice=37.6000
2026-05-07 03:29:45 WARN  SELL_SKIP [US] BAIG reason=PHANTOM_POSITION phase=NONE qty=6 avgPrice=37.6000
2026-05-07 03:29:50 WARN  SELL_SKIP [US] BAIG reason=PHANTOM_POSITION phase=NONE qty=6 avgPrice=37.6000
2026-05-07 03:29:55 WARN  SELL_SKIP [US] BAIG reason=PHANTOM_POSITION phase=NONE qty=6 avgPrice=37.6000
2026-05-07 03:30:00 WARN  SELL_SKIP [US] BAIG reason=PHANTOM_POSITION phase=NONE qty=6 avgPrice=37.6000
2026-05-07 03:30:05 WARN  SELL_SKIP [US] BAIG reason=PHANTOM_POSITION phase=NONE qty=6 avgPrice=37.6000
2026-05-07 03:30:11 WARN  SELL_SKIP [US] BAIG reason=PHANTOM_POSITION phase=NONE qty=6 avgPrice=37.6000
2026-05-07 03:30:16 WARN  SELL_SKIP [US] BAIG reason=PHANTOM_POSITION phase=NONE qty=6 avgPrice=37.6000
2026-05-07 03:30:21 WARN  SELL_SKIP [US] BAIG reason=PHANTOM_POSITION phase=NONE qty=6 avgPrice=37.6000
2026-05-07 03:30:26 WARN  SELL_SKIP [US] BAIG reason=PHANTOM_POSITION phase=NONE qty=6 avgPrice=37.6000
2026-05-07 03:30:31 WARN  SELL_SKIP [US] BAIG reason=PHANTOM_POSITION phase=NONE qty=6 avgPrice=37.6000
2026-05-07 03:30:36 WARN  SELL_SKIP [US] BAIG reason=PHANTOM_POSITION phase=NONE qty=6 avgPrice=37.6000
2026-05-07 03:30:41 WARN  SELL_SKIP [US] BAIG reason=PHANTOM_POSITION phase=NONE qty=6 avgPrice=37.6000
2026-05-07 03:30:46 WARN  SELL_SKIP [US] BAIG reason=PHANTOM_POSITION phase=NONE qty=6 avgPrice=37.6000
2026-05-07 03:30:51 WARN  SELL_SKIP [US] BAIG reason=PHANTOM_POSITION phase=NONE qty=6 avgPrice=37.6000
2026-05-07 03:30:56 WARN  SELL_SKIP [US] BAIG reason=PHANTOM_POSITION phase=NONE qty=6 avgPrice=37.6000
2026-05-07 03:31:01 WARN  SELL_SKIP [US] BAIG reason=PHANTOM_POSITION phase=NONE qty=6 avgPrice=37.6000
2026-05-07 03:31:07 WARN  SELL_SKIP [US] BAIG reason=PHANTOM_POSITION phase=NONE qty=6 avgPrice=37.6000
2026-05-07 03:31:12 WARN  SELL_SKIP [US] BAIG reason=PHANTOM_POSITION phase=NONE qty=6 avgPrice=37.6000
2026-05-07 03:31:17 WARN  SELL_SKIP [US] BAIG reason=PHANTOM_POSITION phase=NONE qty=6 avgPrice=37.6000
2026-05-07 03:31:22 WARN  SELL_SKIP [US] BAIG reason=PHANTOM_POSITION phase=NONE qty=6 avgPrice=37.6000
2026-05-07 03:31:27 WARN  SELL_SKIP [US] BAIG reason=PHANTOM_POSITION phase=NONE qty=6 avgPrice=37.6000
2026-05-07 03:31:32 WARN  SELL_SKIP [US] BAIG reason=PHANTOM_POSITION phase=NONE qty=6 avgPrice=37.6000
2026-05-07 03:31:37 WARN  SELL_SKIP [US] BAIG reason=PHANTOM_POSITION phase=NONE qty=6 avgPrice=37.6000
2026-05-07 03:31:47 WARN  SELL_SKIP [US] BAIG reason=PHANTOM_POSITION phase=NONE qty=6 avgPrice=37.6000
2026-05-07 03:31:52 WARN  SELL_SKIP [US] BAIG reason=PHANTOM_POSITION phase=NONE qty=6 avgPrice=37.6000
2026-05-07 03:31:57 WARN  SELL_SKIP [US] BAIG reason=PHANTOM_POSITION phase=NONE qty=6 avgPrice=37.6000
2026-05-07 03:32:02 WARN  SELL_SKIP [US] BAIG reason=PHANTOM_POSITION phase=NONE qty=6 avgPrice=37.6000
2026-05-07 03:32:08 WARN  SELL_SKIP [US] BAIG reason=PHANTOM_POSITION phase=NONE qty=6 avgPrice=37.6000
2026-05-07 03:32:13 WARN  SELL_SKIP [US] BAIG reason=PHANTOM_POSITION phase=NONE qty=6 avgPrice=37.6000
2026-05-07 03:32:18 WARN  SELL_SKIP [US] BAIG reason=PHANTOM_POSITION phase=NONE qty=6 avgPrice=37.6000
2026-05-07 03:32:23 WARN  SELL_SKIP [US] BAIG reason=PHANTOM_POSITION phase=NONE qty=6 avgPrice=37.6000
2026-05-07 03:32:28 WARN  SELL_SKIP [US] BAIG reason=PHANTOM_POSITION phase=NONE qty=6 avgPrice=37.6000
2026-05-07 03:32:33 WARN  SELL_SKIP [US] BAIG reason=PHANTOM_POSITION phase=NONE qty=6 avgPrice=37.6000
2026-05-07 03:32:38 WARN  SELL_SKIP [US] BAIG reason=PHANTOM_POSITION phase=NONE qty=6 avgPrice=37.6000
2026-05-07 03:32:43 WARN  SELL_SKIP [US] BAIG reason=PHANTOM_POSITION phase=NONE qty=6 avgPrice=37.6000
2026-05-07 03:32:48 WARN  SELL_SKIP [US] BAIG reason=PHANTOM_POSITION phase=NONE qty=6 avgPrice=37.6000
2026-05-07 03:32:53 WARN  SELL_SKIP [US] BAIG reason=PHANTOM_POSITION phase=NONE qty=6 avgPrice=37.6000
2026-05-07 03:32:58 WARN  SELL_SKIP [US] BAIG reason=PHANTOM_POSITION phase=NONE qty=6 avgPrice=37.6000
2026-05-07 03:33:03 WARN  SELL_SKIP [US] BAIG reason=PHANTOM_POSITION phase=NONE qty=6 avgPrice=37.6000
2026-05-07 03:33:09 WARN  SELL_SKIP [US] BAIG reason=PHANTOM_POSITION phase=NONE qty=6 avgPrice=37.6000
2026-05-07 03:33:14 WARN  SELL_SKIP [US] BAIG reason=PHANTOM_POSITION phase=NONE qty=6 avgPrice=37.6000
2026-05-07 03:33:19 WARN  SELL_SKIP [US] BAIG reason=PHANTOM_POSITION phase=NONE qty=6 avgPrice=37.6000
2026-05-07 03:33:24 WARN  SELL_SKIP [US] BAIG reason=PHANTOM_POSITION phase=NONE qty=6 avgPrice=37.6000
2026-05-07 03:33:29 WARN  SELL_SKIP [US] BAIG reason=PHANTOM_POSITION phase=NONE qty=6 avgPrice=37.6000
2026-05-07 03:33:34 WARN  SELL_SKIP [US] BAIG reason=PHANTOM_POSITION phase=NONE qty=6 avgPrice=37.6000
2026-05-07 03:33:39 WARN  SELL_SKIP [US] BAIG reason=PHANTOM_POSITION phase=NONE qty=6 avgPrice=37.6000
2026-05-07 03:33:44 WARN  SELL_SKIP [US] BAIG reason=PHANTOM_POSITION phase=NONE qty=6 avgPrice=37.6000
2026-05-07 03:33:49 WARN  SELL_SKIP [US] BAIG reason=PHANTOM_POSITION phase=NONE qty=6 avgPrice=37.6000
2026-05-07 03:33:54 WARN  SELL_SKIP [US] BAIG reason=PHANTOM_POSITION phase=NONE qty=6 avgPrice=37.6000
2026-05-07 03:33:59 WARN  SELL_SKIP [US] BAIG reason=PHANTOM_POSITION phase=NONE qty=6 avgPrice=37.6000
2026-05-07 03:34:05 WARN  SELL_SKIP [US] BAIG reason=PHANTOM_POSITION phase=NONE qty=6 avgPrice=37.6000
2026-05-07 03:34:09 WARN  BUY_SKIP [US] SOXL reason=AMOUNT_TOO_SMALL amount=250.0000 size=0.8000x price=162.4700
2026-05-07 03:34:10 WARN  SELL_SKIP [US] BAIG reason=PHANTOM_POSITION phase=NONE qty=6 avgPrice=37.6000
2026-05-07 03:34:15 WARN  SELL_SKIP [US] BAIG reason=PHANTOM_POSITION phase=NONE qty=6 avgPrice=37.6000
2026-05-07 03:34:20 WARN  SELL_SKIP [US] BAIG reason=PHANTOM_POSITION phase=NONE qty=6 avgPrice=37.6000
2026-05-07 03:34:25 WARN  BUY_SKIP [US] SOXL reason=AMOUNT_TOO_SMALL amount=250.0000 size=0.8000x price=162.6300
2026-05-07 03:34:25 WARN  SELL_SKIP [US] BAIG reason=PHANTOM_POSITION phase=NONE qty=6 avgPrice=37.6000
2026-05-07 03:34:30 WARN  SELL_SKIP [US] BAIG reason=PHANTOM_POSITION phase=NONE qty=6 avgPrice=37.6000
2026-05-07 03:34:35 WARN  SELL_SKIP [US] BAIG reason=PHANTOM_POSITION phase=NONE qty=6 avgPrice=37.6000
2026-05-07 03:34:40 WARN  SELL_SKIP [US] BAIG reason=PHANTOM_POSITION phase=NONE qty=6 avgPrice=37.6000
2026-05-07 03:34:50 WARN  SELL_SKIP [US] BAIG reason=PHANTOM_POSITION phase=NONE qty=6 avgPrice=37.6000
2026-05-07 03:34:55 WARN  SELL_SKIP [US] BAIG reason=PHANTOM_POSITION phase=NONE qty=6 avgPrice=37.6000
2026-05-07 03:35:00 WARN  SELL_SKIP [US] BAIG reason=PHANTOM_POSITION phase=NONE qty=6 avgPrice=37.6000
2026-05-07 03:35:06 WARN  SELL_SKIP [US] BAIG reason=PHANTOM_POSITION phase=NONE qty=6 avgPrice=37.6000
2026-05-07 03:35:11 WARN  SELL_SKIP [US] BAIG reason=PHANTOM_POSITION phase=NONE qty=6 avgPrice=37.6000
2026-05-07 03:35:16 WARN  SELL_SKIP [US] BAIG reason=PHANTOM_POSITION phase=NONE qty=6 avgPrice=37.6000
2026-05-07 03:35:21 WARN  SELL_SKIP [US] BAIG reason=PHANTOM_POSITION phase=NONE qty=6 avgPrice=37.6000
2026-05-07 03:35:26 WARN  SELL_SKIP [US] BAIG reason=PHANTOM_POSITION phase=NONE qty=6 avgPrice=37.6000
2026-05-07 03:35:31 WARN  SELL_SKIP [US] BAIG reason=PHANTOM_POSITION phase=NONE qty=6 avgPrice=37.6000
2026-05-07 03:35:36 WARN  SELL_SKIP [US] BAIG reason=PHANTOM_POSITION phase=NONE qty=6 avgPrice=37.6000
2026-05-07 03:35:41 WARN  SELL_SKIP [US] BAIG reason=PHANTOM_POSITION phase=NONE qty=6 avgPrice=37.6000
2026-05-07 03:35:46 WARN  SELL_SKIP [US] BAIG reason=PHANTOM_POSITION phase=NONE qty=6 avgPrice=37.6000
2026-05-07 03:35:51 WARN  SELL_SKIP [US] BAIG reason=PHANTOM_POSITION phase=NONE qty=6 avgPrice=37.6000
2026-05-07 03:35:56 WARN  SELL_SKIP [US] BAIG reason=PHANTOM_POSITION phase=NONE qty=6 avgPrice=37.6000
2026-05-07 03:36:02 WARN  SELL_SKIP [US] BAIG reason=PHANTOM_POSITION phase=NONE qty=6 avgPrice=37.6000
2026-05-07 03:36:07 WARN  SELL_SKIP [US] BAIG reason=PHANTOM_POSITION phase=NONE qty=6 avgPrice=37.6000
2026-05-07 03:36:12 WARN  SELL_SKIP [US] BAIG reason=PHANTOM_POSITION phase=NONE qty=6 avgPrice=37.6000
2026-05-07 03:36:17 WARN  SELL_SKIP [US] BAIG reason=PHANTOM_POSITION phase=NONE qty=6 avgPrice=37.6000
2026-05-07 03:36:22 WARN  SELL_SKIP [US] BAIG reason=PHANTOM_POSITION phase=NONE qty=6 avgPrice=37.6000
2026-05-07 03:36:27 WARN  SELL_SKIP [US] BAIG reason=PHANTOM_POSITION phase=NONE qty=6 avgPrice=37.6000
2026-05-07 03:36:32 WARN  SELL_SKIP [US] BAIG reason=PHANTOM_POSITION phase=NONE qty=6 avgPrice=37.6000
2026-05-07 03:36:37 WARN  SELL_SKIP [US] BAIG reason=PHANTOM_POSITION phase=NONE qty=6 avgPrice=37.6000
2026-05-07 03:36:42 WARN  SELL_SKIP [US] BAIG reason=PHANTOM_POSITION phase=NONE qty=6 avgPrice=37.6000
2026-05-07 03:36:52 WARN  SELL_SKIP [US] BAIG reason=PHANTOM_POSITION phase=NONE qty=6 avgPrice=37.6000
2026-05-07 03:36:57 WARN  SELL_SKIP [US] BAIG reason=PHANTOM_POSITION phase=NONE qty=6 avgPrice=37.6000
2026-05-07 03:37:03 WARN  SELL_SKIP [US] BAIG reason=PHANTOM_POSITION phase=NONE qty=6 avgPrice=37.6000
2026-05-07 03:37:08 WARN  SELL_SKIP [US] BAIG reason=PHANTOM_POSITION phase=NONE qty=6 avgPrice=37.6000
2026-05-07 03:37:13 WARN  SELL_SKIP [US] BAIG reason=PHANTOM_POSITION phase=NONE qty=6 avgPrice=37.6000
2026-05-07 03:37:18 WARN  SELL_SKIP [US] BAIG reason=PHANTOM_POSITION phase=NONE qty=6 avgPrice=37.6000
2026-05-07 03:37:23 WARN  SELL_SKIP [US] BAIG reason=PHANTOM_POSITION phase=NONE qty=6 avgPrice=37.6000
2026-05-07 03:37:28 WARN  SELL_SKIP [US] BAIG reason=PHANTOM_POSITION phase=NONE qty=6 avgPrice=37.6000
2026-05-07 03:37:33 WARN  SELL_SKIP [US] BAIG reason=PHANTOM_POSITION phase=NONE qty=6 avgPrice=37.6000
2026-05-07 03:37:38 WARN  SELL_SKIP [US] BAIG reason=PHANTOM_POSITION phase=NONE qty=6 avgPrice=37.6000
2026-05-07 03:37:43 WARN  SELL_SKIP [US] BAIG reason=PHANTOM_POSITION phase=NONE qty=6 avgPrice=37.6000
2026-05-07 03:37:48 WARN  SELL_SKIP [US] BAIG reason=PHANTOM_POSITION phase=NONE qty=6 avgPrice=37.6000
2026-05-07 03:37:53 WARN  SELL_SKIP [US] BAIG reason=PHANTOM_POSITION phase=NONE qty=6 avgPrice=37.6000
2026-05-07 03:37:58 WARN  SELL_SKIP [US] BAIG reason=PHANTOM_POSITION phase=NONE qty=6 avgPrice=37.6000
2026-05-07 03:38:04 WARN  SELL_SKIP [US] BAIG reason=PHANTOM_POSITION phase=NONE qty=6 avgPrice=37.6000
2026-05-07 03:38:09 WARN  SELL_SKIP [US] BAIG reason=PHANTOM_POSITION phase=NONE qty=6 avgPrice=37.6000
2026-05-07 03:38:14 WARN  SELL_SKIP [US] BAIG reason=PHANTOM_POSITION phase=NONE qty=6 avgPrice=37.6000
2026-05-07 03:38:19 WARN  SELL_SKIP [US] BAIG reason=PHANTOM_POSITION phase=NONE qty=6 avgPrice=37.6000
2026-05-07 03:38:24 WARN  SELL_SKIP [US] BAIG reason=PHANTOM_POSITION phase=NONE qty=6 avgPrice=37.6000
2026-05-07 03:38:29 WARN  SELL_SKIP [US] BAIG reason=PHANTOM_POSITION phase=NONE qty=6 avgPrice=37.6000
2026-05-07 03:38:34 WARN  SELL_SKIP [US] BAIG reason=PHANTOM_POSITION phase=NONE qty=6 avgPrice=37.6000
2026-05-07 03:38:39 WARN  SELL_SKIP [US] BAIG reason=PHANTOM_POSITION phase=NONE qty=6 avgPrice=37.6000
2026-05-07 03:38:44 WARN  SELL_SKIP [US] BAIG reason=PHANTOM_POSITION phase=NONE qty=6 avgPrice=37.6000
2026-05-07 03:38:49 WARN  SELL_SKIP [US] BAIG reason=PHANTOM_POSITION phase=NONE qty=6 avgPrice=37.6000
2026-05-07 03:38:54 WARN  SELL_SKIP [US] BAIG reason=PHANTOM_POSITION phase=NONE qty=6 avgPrice=37.6000
2026-05-07 03:38:59 WARN  SELL_SKIP [US] BAIG reason=PHANTOM_POSITION phase=NONE qty=6 avgPrice=37.6000
2026-05-07 03:39:05 WARN  SELL_SKIP [US] BAIG reason=PHANTOM_POSITION phase=NONE qty=6 avgPrice=37.6000
2026-05-07 03:39:10 WARN  SELL_SKIP [US] BAIG reason=PHANTOM_POSITION phase=NONE qty=6 avgPrice=37.6000
2026-05-07 03:39:15 WARN  SELL_SKIP [US] BAIG reason=PHANTOM_POSITION phase=NONE qty=6 avgPrice=37.6000
2026-05-07 03:39:20 WARN  SELL_SKIP [US] BAIG reason=PHANTOM_POSITION phase=NONE qty=6 avgPrice=37.6000
2026-05-07 03:39:25 WARN  SELL_SKIP [US] BAIG reason=PHANTOM_POSITION phase=NONE qty=6 avgPrice=37.6000
2026-05-07 03:39:30 WARN  SELL_SKIP [US] BAIG reason=PHANTOM_POSITION phase=NONE qty=6 avgPrice=37.6000
2026-05-07 03:39:35 WARN  SELL_SKIP [US] BAIG reason=PHANTOM_POSITION phase=NONE qty=6 avgPrice=37.6000
2026-05-07 03:39:40 WARN  SELL_SKIP [US] BAIG reason=PHANTOM_POSITION phase=NONE qty=6 avgPrice=37.6000
2026-05-07 03:39:45 WARN  SELL_SKIP [US] BAIG reason=PHANTOM_POSITION phase=NONE qty=6 avgPrice=37.6000
2026-05-07 03:39:50 WARN  SELL_SKIP [US] BAIG reason=PHANTOM_POSITION phase=NONE qty=6 avgPrice=37.6000
2026-05-07 03:39:55 WARN  SELL_SKIP [US] BAIG reason=PHANTOM_POSITION phase=NONE qty=6 avgPrice=37.6000
2026-05-07 03:40:00 WARN  SELL_SKIP [US] BAIG reason=PHANTOM_POSITION phase=NONE qty=6 avgPrice=37.6000
2026-05-07 03:40:05 WARN  SELL_SKIP [US] BAIG reason=PHANTOM_POSITION phase=NONE qty=6 avgPrice=37.6000
2026-05-07 03:40:11 WARN  SELL_SKIP [US] BAIG reason=PHANTOM_POSITION phase=NONE qty=6 avgPrice=37.6000
2026-05-07 03:40:16 WARN  SELL_SKIP [US] BAIG reason=PHANTOM_POSITION phase=NONE qty=6 avgPrice=37.6000
2026-05-07 03:40:21 WARN  SELL_SKIP [US] BAIG reason=PHANTOM_POSITION phase=NONE qty=6 avgPrice=37.6000
2026-05-07 03:40:26 WARN  SELL_SKIP [US] BAIG reason=PHANTOM_POSITION phase=NONE qty=6 avgPrice=37.6000
2026-05-07 03:40:31 WARN  SELL_SKIP [US] BAIG reason=PHANTOM_POSITION phase=NONE qty=6 avgPrice=37.6000
2026-05-07 03:40:41 WARN  SELL_SKIP [US] BAIG reason=PHANTOM_POSITION phase=NONE qty=6 avgPrice=37.6000
2026-05-07 03:40:46 WARN  SELL_SKIP [US] BAIG reason=PHANTOM_POSITION phase=NONE qty=6 avgPrice=37.6000
2026-05-07 03:40:51 WARN  SELL_SKIP [US] BAIG reason=PHANTOM_POSITION phase=NONE qty=6 avgPrice=37.6000
2026-05-07 03:40:56 WARN  SELL_SKIP [US] BAIG reason=PHANTOM_POSITION phase=NONE qty=6 avgPrice=37.6000
2026-05-07 03:41:01 WARN  SELL_SKIP [US] BAIG reason=PHANTOM_POSITION phase=NONE qty=6 avgPrice=37.6000
2026-05-07 03:41:06 WARN  SELL_SKIP [US] BAIG reason=PHANTOM_POSITION phase=NONE qty=6 avgPrice=37.6000
2026-05-07 03:41:12 WARN  SELL_SKIP [US] BAIG reason=PHANTOM_POSITION phase=NONE qty=6 avgPrice=37.6000
2026-05-07 03:41:17 WARN  SELL_SKIP [US] BAIG reason=PHANTOM_POSITION phase=NONE qty=6 avgPrice=37.6000
2026-05-07 03:41:22 WARN  SELL_SKIP [US] BAIG reason=PHANTOM_POSITION phase=NONE qty=6 avgPrice=37.6000
2026-05-07 03:41:27 WARN  SELL_SKIP [US] BAIG reason=PHANTOM_POSITION phase=NONE qty=6 avgPrice=37.6000
2026-05-07 03:41:32 WARN  SELL_SKIP [US] BAIG reason=PHANTOM_POSITION phase=NONE qty=6 avgPrice=37.6000
2026-05-07 03:41:37 WARN  SELL_SKIP [US] BAIG reason=PHANTOM_POSITION phase=NONE qty=6 avgPrice=37.6000
2026-05-07 03:41:42 WARN  SELL_SKIP [US] BAIG reason=PHANTOM_POSITION phase=NONE qty=6 avgPrice=37.6000
2026-05-07 03:41:47 WARN  SELL_SKIP [US] BAIG reason=PHANTOM_POSITION phase=NONE qty=6 avgPrice=37.6000
2026-05-07 03:41:52 WARN  SELL_SKIP [US] BAIG reason=PHANTOM_POSITION phase=NONE qty=6 avgPrice=37.6000
2026-05-07 03:41:57 WARN  SELL_SKIP [US] BAIG reason=PHANTOM_POSITION phase=NONE qty=6 avgPrice=37.6000
2026-05-07 03:42:02 WARN  SELL_SKIP [US] BAIG reason=PHANTOM_POSITION phase=NONE qty=6 avgPrice=37.6000
2026-05-07 03:42:08 WARN  SELL_SKIP [US] BAIG reason=PHANTOM_POSITION phase=NONE qty=6 avgPrice=37.6000
2026-05-07 03:42:13 WARN  SELL_SKIP [US] BAIG reason=PHANTOM_POSITION phase=NONE qty=6 avgPrice=37.6000
2026-05-07 03:42:18 WARN  SELL_SKIP [US] BAIG reason=PHANTOM_POSITION phase=NONE qty=6 avgPrice=37.6000
2026-05-07 03:42:23 WARN  SELL_SKIP [US] BAIG reason=PHANTOM_POSITION phase=NONE qty=6 avgPrice=37.6000
2026-05-07 03:42:28 WARN  SELL_SKIP [US] BAIG reason=PHANTOM_POSITION phase=NONE qty=6 avgPrice=37.6000
2026-05-07 03:42:33 WARN  SELL_SKIP [US] BAIG reason=PHANTOM_POSITION phase=NONE qty=6 avgPrice=37.6000
2026-05-07 03:42:38 WARN  SELL_SKIP [US] BAIG reason=PHANTOM_POSITION phase=NONE qty=6 avgPrice=37.6000
2026-05-07 03:42:43 WARN  SELL_SKIP [US] BAIG reason=PHANTOM_POSITION phase=NONE qty=6 avgPrice=37.6000
2026-05-07 03:42:48 WARN  SELL_SKIP [US] BAIG reason=PHANTOM_POSITION phase=NONE qty=6 avgPrice=37.6000
2026-05-07 03:42:53 WARN  SELL_SKIP [US] BAIG reason=PHANTOM_POSITION phase=NONE qty=6 avgPrice=37.6000
2026-05-07 03:42:58 WARN  SELL_SKIP [US] BAIG reason=PHANTOM_POSITION phase=NONE qty=6 avgPrice=37.6000
2026-05-07 03:43:03 WARN  SELL_SKIP [US] BAIG reason=PHANTOM_POSITION phase=NONE qty=6 avgPrice=37.6000
2026-05-07 03:43:09 WARN  SELL_SKIP [US] BAIG reason=PHANTOM_POSITION phase=NONE qty=6 avgPrice=37.6000
2026-05-07 03:43:14 WARN  SELL_SKIP [US] BAIG reason=PHANTOM_POSITION phase=NONE qty=6 avgPrice=37.6000
2026-05-07 03:43:19 WARN  SELL_SKIP [US] BAIG reason=PHANTOM_POSITION phase=NONE qty=6 avgPrice=37.6000
2026-05-07 03:43:24 WARN  SELL_SKIP [US] BAIG reason=PHANTOM_POSITION phase=NONE qty=6 avgPrice=37.6000
2026-05-07 03:43:29 WARN  SELL_SKIP [US] BAIG reason=PHANTOM_POSITION phase=NONE qty=6 avgPrice=37.6000
2026-05-07 03:43:34 WARN  SELL_SKIP [US] BAIG reason=PHANTOM_POSITION phase=NONE qty=6 avgPrice=37.6000
2026-05-07 03:43:39 WARN  SELL_SKIP [US] BAIG reason=PHANTOM_POSITION phase=NONE qty=6 avgPrice=37.6000
2026-05-07 03:43:44 WARN  SELL_SKIP [US] BAIG reason=PHANTOM_POSITION phase=NONE qty=6 avgPrice=37.6000
2026-05-07 03:43:49 WARN  SELL_SKIP [US] BAIG reason=PHANTOM_POSITION phase=NONE qty=6 avgPrice=37.6000
2026-05-07 03:43:54 WARN  SELL_SKIP [US] BAIG reason=PHANTOM_POSITION phase=NONE qty=6 avgPrice=37.6000
2026-05-07 03:43:59 WARN  SELL_SKIP [US] BAIG reason=PHANTOM_POSITION phase=NONE qty=6 avgPrice=37.6000
2026-05-07 03:44:05 WARN  SELL_SKIP [US] BAIG reason=PHANTOM_POSITION phase=NONE qty=6 avgPrice=37.6000
2026-05-07 03:44:09 INFO  BUY [US] PLTR mode=VOLUME_BREAKOUT price=133.9500 qty=2 size=1.0000x score=82(CONV) | WHY: strongBreakout volBreakout retestOK multiUp vol(6.67x) | VWAP: 0.55%(ABOVE slope=UP) | TREND: score=2 vel=0.03%/0.02%/-0.01% | VOL: 27956420.0000/4191238.2000 TO: 3744203330.6000/561863623.1290 | entryNo=2
2026-05-07 03:44:09 WARN  BUY_REJECTED PLTR phase=NONE
2026-05-07 03:44:10 WARN  SELL_SKIP [US] BAIG reason=PHANTOM_POSITION phase=NONE qty=6 avgPrice=37.6000
2026-05-07 03:44:15 WARN  SELL_SKIP [US] BAIG reason=PHANTOM_POSITION phase=NONE qty=6 avgPrice=37.6000
2026-05-07 03:44:20 WARN  SELL_SKIP [US] BAIG reason=PHANTOM_POSITION phase=NONE qty=6 avgPrice=37.6000
2026-05-07 03:44:25 WARN  SELL_SKIP [US] BAIG reason=PHANTOM_POSITION phase=NONE qty=6 avgPrice=37.6000
2026-05-07 03:44:30 WARN  SELL_SKIP [US] BAIG reason=PHANTOM_POSITION phase=NONE qty=6 avgPrice=37.6000
2026-05-07 03:44:35 WARN  SELL_SKIP [US] BAIG reason=PHANTOM_POSITION phase=NONE qty=6 avgPrice=37.6000
2026-05-07 03:44:40 WARN  SELL_SKIP [US] BAIG reason=PHANTOM_POSITION phase=NONE qty=6 avgPrice=37.6000
2026-05-07 03:44:45 WARN  SELL_SKIP [US] BAIG reason=PHANTOM_POSITION phase=NONE qty=6 avgPrice=37.6000
2026-05-07 03:44:50 WARN  SELL_SKIP [US] BAIG reason=PHANTOM_POSITION phase=NONE qty=6 avgPrice=37.6000
2026-05-07 03:44:55 WARN  SELL_SKIP [US] BAIG reason=PHANTOM_POSITION phase=NONE qty=6 avgPrice=37.6000
2026-05-07 03:45:00 WARN  SELL_SKIP [US] BAIG reason=PHANTOM_POSITION phase=NONE qty=6 avgPrice=37.6000
2026-05-07 03:45:06 WARN  SELL_SKIP [US] BAIG reason=PHANTOM_POSITION phase=NONE qty=6 avgPrice=37.6000
2026-05-07 03:45:11 WARN  SELL_SKIP [US] BAIG reason=PHANTOM_POSITION phase=NONE qty=6 avgPrice=37.6000
2026-05-07 03:45:16 WARN  SELL_SKIP [US] BAIG reason=PHANTOM_POSITION phase=NONE qty=6 avgPrice=37.6000
2026-05-07 03:45:21 WARN  SELL_SKIP [US] BAIG reason=PHANTOM_POSITION phase=NONE qty=6 avgPrice=37.6000
2026-05-07 03:45:26 WARN  SELL_SKIP [US] BAIG reason=PHANTOM_POSITION phase=NONE qty=6 avgPrice=37.6000
2026-05-07 03:45:31 WARN  SELL_SKIP [US] BAIG reason=PHANTOM_POSITION phase=NONE qty=6 avgPrice=37.6000
2026-05-07 03:45:36 WARN  SELL_SKIP [US] BAIG reason=PHANTOM_POSITION phase=NONE qty=6 avgPrice=37.6000
2026-05-07 03:45:41 WARN  SELL_SKIP [US] BAIG reason=PHANTOM_POSITION phase=NONE qty=6 avgPrice=37.6000
2026-05-07 03:45:51 WARN  SELL_SKIP [US] BAIG reason=PHANTOM_POSITION phase=NONE qty=6 avgPrice=37.6000
2026-05-07 03:45:56 WARN  SELL_SKIP [US] BAIG reason=PHANTOM_POSITION phase=NONE qty=6 avgPrice=37.6000
2026-05-07 03:46:01 WARN  SELL_SKIP [US] BAIG reason=PHANTOM_POSITION phase=NONE qty=6 avgPrice=37.6000
2026-05-07 03:46:07 WARN  SELL_SKIP [US] BAIG reason=PHANTOM_POSITION phase=NONE qty=6 avgPrice=37.6000
2026-05-07 03:46:12 WARN  SELL_SKIP [US] BAIG reason=PHANTOM_POSITION phase=NONE qty=6 avgPrice=37.6000
2026-05-07 03:46:17 WARN  SELL_SKIP [US] BAIG reason=PHANTOM_POSITION phase=NONE qty=6 avgPrice=37.6000
2026-05-07 03:46:22 WARN  SELL_SKIP [US] BAIG reason=PHANTOM_POSITION phase=NONE qty=6 avgPrice=37.6000
2026-05-07 03:46:27 WARN  SELL_SKIP [US] BAIG reason=PHANTOM_POSITION phase=NONE qty=6 avgPrice=37.6000
2026-05-07 03:46:32 WARN  SELL_SKIP [US] BAIG reason=PHANTOM_POSITION phase=NONE qty=6 avgPrice=37.6000
2026-05-07 03:46:37 WARN  SELL_SKIP [US] BAIG reason=PHANTOM_POSITION phase=NONE qty=6 avgPrice=37.6000
2026-05-07 03:46:42 WARN  SELL_SKIP [US] BAIG reason=PHANTOM_POSITION phase=NONE qty=6 avgPrice=37.6000
2026-05-07 03:46:47 WARN  SELL_SKIP [US] BAIG reason=PHANTOM_POSITION phase=NONE qty=6 avgPrice=37.6000
2026-05-07 03:46:52 WARN  SELL_SKIP [US] BAIG reason=PHANTOM_POSITION phase=NONE qty=6 avgPrice=37.6000
2026-05-07 03:46:57 WARN  SELL_SKIP [US] BAIG reason=PHANTOM_POSITION phase=NONE qty=6 avgPrice=37.6000
2026-05-07 03:47:02 WARN  SELL_SKIP [US] BAIG reason=PHANTOM_POSITION phase=NONE qty=6 avgPrice=37.6000
2026-05-07 03:47:08 WARN  SELL_SKIP [US] BAIG reason=PHANTOM_POSITION phase=NONE qty=6 avgPrice=37.6000
2026-05-07 03:47:13 WARN  SELL_SKIP [US] BAIG reason=PHANTOM_POSITION phase=NONE qty=6 avgPrice=37.6000
2026-05-07 03:47:18 WARN  SELL_SKIP [US] BAIG reason=PHANTOM_POSITION phase=NONE qty=6 avgPrice=37.6000
2026-05-07 03:47:23 WARN  SELL_SKIP [US] BAIG reason=PHANTOM_POSITION phase=NONE qty=6 avgPrice=37.6000
2026-05-07 03:47:28 WARN  SELL_SKIP [US] BAIG reason=PHANTOM_POSITION phase=NONE qty=6 avgPrice=37.6000
2026-05-07 03:47:33 WARN  SELL_SKIP [US] BAIG reason=PHANTOM_POSITION phase=NONE qty=6 avgPrice=37.6000
2026-05-07 03:47:38 WARN  SELL_SKIP [US] BAIG reason=PHANTOM_POSITION phase=NONE qty=6 avgPrice=37.6000
2026-05-07 03:47:43 WARN  SELL_SKIP [US] BAIG reason=PHANTOM_POSITION phase=NONE qty=6 avgPrice=37.6000
2026-05-07 03:47:48 WARN  SELL_SKIP [US] BAIG reason=PHANTOM_POSITION phase=NONE qty=6 avgPrice=37.6000
2026-05-07 03:47:53 WARN  SELL_SKIP [US] BAIG reason=PHANTOM_POSITION phase=NONE qty=6 avgPrice=37.6000
2026-05-07 03:47:58 WARN  SELL_SKIP [US] BAIG reason=PHANTOM_POSITION phase=NONE qty=6 avgPrice=37.6000
2026-05-07 03:48:03 WARN  SELL_SKIP [US] BAIG reason=PHANTOM_POSITION phase=NONE qty=6 avgPrice=37.6000
2026-05-07 03:48:09 WARN  SELL_SKIP [US] BAIG reason=PHANTOM_POSITION phase=NONE qty=6 avgPrice=37.6000
2026-05-07 03:48:14 WARN  SELL_SKIP [US] BAIG reason=PHANTOM_POSITION phase=NONE qty=6 avgPrice=37.6000
2026-05-07 03:48:19 WARN  SELL_SKIP [US] BAIG reason=PHANTOM_POSITION phase=NONE qty=6 avgPrice=37.6000
2026-05-07 03:48:24 WARN  SELL_SKIP [US] BAIG reason=PHANTOM_POSITION phase=NONE qty=6 avgPrice=37.6000
2026-05-07 03:48:29 WARN  SELL_SKIP [US] BAIG reason=PHANTOM_POSITION phase=NONE qty=6 avgPrice=37.6000
2026-05-07 03:48:34 WARN  SELL_SKIP [US] BAIG reason=PHANTOM_POSITION phase=NONE qty=6 avgPrice=37.6000
2026-05-07 03:48:39 WARN  SELL_SKIP [US] BAIG reason=PHANTOM_POSITION phase=NONE qty=6 avgPrice=37.6000
2026-05-07 03:48:44 WARN  SELL_SKIP [US] BAIG reason=PHANTOM_POSITION phase=NONE qty=6 avgPrice=37.6000
2026-05-07 03:48:49 WARN  SELL_SKIP [US] BAIG reason=PHANTOM_POSITION phase=NONE qty=6 avgPrice=37.6000
2026-05-07 03:48:54 WARN  SELL_SKIP [US] BAIG reason=PHANTOM_POSITION phase=NONE qty=6 avgPrice=37.6000
2026-05-07 03:49:00 WARN  SELL_SKIP [US] BAIG reason=PHANTOM_POSITION phase=NONE qty=6 avgPrice=37.6000
2026-05-07 03:49:05 WARN  SELL_SKIP [US] BAIG reason=PHANTOM_POSITION phase=NONE qty=6 avgPrice=37.6000
2026-05-07 03:49:10 WARN  SELL_SKIP [US] BAIG reason=PHANTOM_POSITION phase=NONE qty=6 avgPrice=37.6000
2026-05-07 03:49:15 WARN  SELL_SKIP [US] BAIG reason=PHANTOM_POSITION phase=NONE qty=6 avgPrice=37.6000
2026-05-07 03:49:20 WARN  SELL_SKIP [US] BAIG reason=PHANTOM_POSITION phase=NONE qty=6 avgPrice=37.6000
2026-05-07 03:49:25 WARN  SELL_SKIP [US] BAIG reason=PHANTOM_POSITION phase=NONE qty=6 avgPrice=37.6000
2026-05-07 03:49:30 WARN  SELL_SKIP [US] BAIG reason=PHANTOM_POSITION phase=NONE qty=6 avgPrice=37.6000
2026-05-07 03:49:35 WARN  SELL_SKIP [US] BAIG reason=PHANTOM_POSITION phase=NONE qty=6 avgPrice=37.6000
2026-05-07 03:49:40 WARN  SELL_SKIP [US] BAIG reason=PHANTOM_POSITION phase=NONE qty=6 avgPrice=37.6000
2026-05-07 03:49:45 WARN  SELL_SKIP [US] BAIG reason=PHANTOM_POSITION phase=NONE qty=6 avgPrice=37.6000
2026-05-07 03:49:50 WARN  SELL_SKIP [US] BAIG reason=PHANTOM_POSITION phase=NONE qty=6 avgPrice=37.6000
2026-05-07 03:49:55 WARN  SELL_SKIP [US] BAIG reason=PHANTOM_POSITION phase=NONE qty=6 avgPrice=37.6000
2026-05-07 03:50:01 WARN  SELL_SKIP [US] BAIG reason=PHANTOM_POSITION phase=NONE qty=6 avgPrice=37.6000
2026-05-07 03:50:06 WARN  SELL_SKIP [US] BAIG reason=PHANTOM_POSITION phase=NONE qty=6 avgPrice=37.6000
2026-05-07 03:50:11 WARN  SELL_SKIP [US] BAIG reason=PHANTOM_POSITION phase=NONE qty=6 avgPrice=37.6000
2026-05-07 03:50:16 WARN  SELL_SKIP [US] BAIG reason=PHANTOM_POSITION phase=NONE qty=6 avgPrice=37.6000
2026-05-07 03:50:21 WARN  SELL_SKIP [US] BAIG reason=PHANTOM_POSITION phase=NONE qty=6 avgPrice=37.6000
2026-05-07 03:50:26 WARN  SELL_SKIP [US] BAIG reason=PHANTOM_POSITION phase=NONE qty=6 avgPrice=37.6000
2026-05-07 03:50:31 WARN  SELL_SKIP [US] BAIG reason=PHANTOM_POSITION phase=NONE qty=6 avgPrice=37.6000
2026-05-07 03:50:36 WARN  SELL_SKIP [US] BAIG reason=PHANTOM_POSITION phase=NONE qty=6 avgPrice=37.6000
2026-05-07 03:50:46 WARN  SELL_SKIP [US] BAIG reason=PHANTOM_POSITION phase=NONE qty=6 avgPrice=37.6000
2026-05-07 03:50:51 WARN  SELL_SKIP [US] BAIG reason=PHANTOM_POSITION phase=NONE qty=6 avgPrice=37.6000
2026-05-07 03:50:56 WARN  SELL_SKIP [US] BAIG reason=PHANTOM_POSITION phase=NONE qty=6 avgPrice=37.6000
2026-05-07 03:51:02 WARN  SELL_SKIP [US] BAIG reason=PHANTOM_POSITION phase=NONE qty=6 avgPrice=37.6000
2026-05-07 03:51:07 WARN  SELL_SKIP [US] BAIG reason=PHANTOM_POSITION phase=NONE qty=6 avgPrice=37.6000
2026-05-07 03:51:12 WARN  SELL_SKIP [US] BAIG reason=PHANTOM_POSITION phase=NONE qty=6 avgPrice=37.6000
2026-05-07 03:51:17 WARN  SELL_SKIP [US] BAIG reason=PHANTOM_POSITION phase=NONE qty=6 avgPrice=37.6000
2026-05-07 03:51:22 WARN  SELL_SKIP [US] BAIG reason=PHANTOM_POSITION phase=NONE qty=6 avgPrice=37.6000
2026-05-07 03:51:27 WARN  SELL_SKIP [US] BAIG reason=PHANTOM_POSITION phase=NONE qty=6 avgPrice=37.6000
2026-05-07 03:51:32 WARN  SELL_SKIP [US] BAIG reason=PHANTOM_POSITION phase=NONE qty=6 avgPrice=37.6000
2026-05-07 03:51:37 WARN  SELL_SKIP [US] BAIG reason=PHANTOM_POSITION phase=NONE qty=6 avgPrice=37.6000
2026-05-07 03:51:42 WARN  SELL_SKIP [US] BAIG reason=PHANTOM_POSITION phase=NONE qty=6 avgPrice=37.6000
2026-05-07 03:51:47 WARN  SELL_SKIP [US] BAIG reason=PHANTOM_POSITION phase=NONE qty=6 avgPrice=37.6000
2026-05-07 03:51:52 WARN  SELL_SKIP [US] BAIG reason=PHANTOM_POSITION phase=NONE qty=6 avgPrice=37.6000
2026-05-07 03:51:57 WARN  SELL_SKIP [US] BAIG reason=PHANTOM_POSITION phase=NONE qty=6 avgPrice=37.6000
2026-05-07 03:52:02 WARN  SELL_SKIP [US] BAIG reason=PHANTOM_POSITION phase=NONE qty=6 avgPrice=37.6000
2026-05-07 03:52:08 WARN  SELL_SKIP [US] BAIG reason=PHANTOM_POSITION phase=NONE qty=6 avgPrice=37.6000
2026-05-07 03:52:13 WARN  SELL_SKIP [US] BAIG reason=PHANTOM_POSITION phase=NONE qty=6 avgPrice=37.6000
2026-05-07 03:52:18 WARN  SELL_SKIP [US] BAIG reason=PHANTOM_POSITION phase=NONE qty=6 avgPrice=37.6000
2026-05-07 03:52:23 WARN  SELL_SKIP [US] BAIG reason=PHANTOM_POSITION phase=NONE qty=6 avgPrice=37.6000
2026-05-07 03:52:28 WARN  SELL_SKIP [US] BAIG reason=PHANTOM_POSITION phase=NONE qty=6 avgPrice=37.6000
2026-05-07 03:52:33 WARN  SELL_SKIP [US] BAIG reason=PHANTOM_POSITION phase=NONE qty=6 avgPrice=37.6000
2026-05-07 03:52:38 WARN  SELL_SKIP [US] BAIG reason=PHANTOM_POSITION phase=NONE qty=6 avgPrice=37.6000
2026-05-07 03:52:43 WARN  SELL_SKIP [US] BAIG reason=PHANTOM_POSITION phase=NONE qty=6 avgPrice=37.6000
2026-05-07 03:52:48 WARN  SELL_SKIP [US] BAIG reason=PHANTOM_POSITION phase=NONE qty=6 avgPrice=37.6000
2026-05-07 03:52:53 WARN  SELL_SKIP [US] BAIG reason=PHANTOM_POSITION phase=NONE qty=6 avgPrice=37.6000
2026-05-07 03:52:59 WARN  SELL_SKIP [US] BAIG reason=PHANTOM_POSITION phase=NONE qty=6 avgPrice=37.6000
2026-05-07 03:53:04 WARN  SELL_SKIP [US] BAIG reason=PHANTOM_POSITION phase=NONE qty=6 avgPrice=37.6000
2026-05-07 03:53:09 WARN  SELL_SKIP [US] BAIG reason=PHANTOM_POSITION phase=NONE qty=6 avgPrice=37.6000
2026-05-07 03:53:14 WARN  SELL_SKIP [US] BAIG reason=PHANTOM_POSITION phase=NONE qty=6 avgPrice=37.6000
2026-05-07 03:53:19 WARN  SELL_SKIP [US] BAIG reason=PHANTOM_POSITION phase=NONE qty=6 avgPrice=37.6000
2026-05-07 03:53:24 WARN  SELL_SKIP [US] BAIG reason=PHANTOM_POSITION phase=NONE qty=6 avgPrice=37.6000
2026-05-07 03:53:29 WARN  SELL_SKIP [US] BAIG reason=PHANTOM_POSITION phase=NONE qty=6 avgPrice=37.6000
2026-05-07 03:53:34 WARN  SELL_SKIP [US] BAIG reason=PHANTOM_POSITION phase=NONE qty=6 avgPrice=37.6000
2026-05-07 03:53:39 WARN  SELL_SKIP [US] BAIG reason=PHANTOM_POSITION phase=NONE qty=6 avgPrice=37.6000
2026-05-07 03:53:44 WARN  SELL_SKIP [US] BAIG reason=PHANTOM_POSITION phase=NONE qty=6 avgPrice=37.6000
2026-05-07 03:53:49 WARN  SELL_SKIP [US] BAIG reason=PHANTOM_POSITION phase=NONE qty=6 avgPrice=37.6000
2026-05-07 03:53:54 WARN  SELL_SKIP [US] BAIG reason=PHANTOM_POSITION phase=NONE qty=6 avgPrice=37.6000
2026-05-07 03:53:59 WARN  SELL_SKIP [US] BAIG reason=PHANTOM_POSITION phase=NONE qty=6 avgPrice=37.6000
2026-05-07 03:54:05 WARN  SELL_SKIP [US] BAIG reason=PHANTOM_POSITION phase=NONE qty=6 avgPrice=37.6000
2026-05-07 03:54:10 WARN  SELL_SKIP [US] BAIG reason=PHANTOM_POSITION phase=NONE qty=6 avgPrice=37.6000
2026-05-07 03:54:15 WARN  SELL_SKIP [US] BAIG reason=PHANTOM_POSITION phase=NONE qty=6 avgPrice=37.6000
2026-05-07 03:54:20 WARN  SELL_SKIP [US] BAIG reason=PHANTOM_POSITION phase=NONE qty=6 avgPrice=37.6000
2026-05-07 03:54:25 WARN  SELL_SKIP [US] BAIG reason=PHANTOM_POSITION phase=NONE qty=6 avgPrice=37.6000
2026-05-07 03:54:30 WARN  SELL_SKIP [US] BAIG reason=PHANTOM_POSITION phase=NONE qty=6 avgPrice=37.6000
2026-05-07 03:54:35 WARN  SELL_SKIP [US] BAIG reason=PHANTOM_POSITION phase=NONE qty=6 avgPrice=37.6000
2026-05-07 03:54:40 WARN  SELL_SKIP [US] BAIG reason=PHANTOM_POSITION phase=NONE qty=6 avgPrice=37.6000
2026-05-07 03:54:45 WARN  SELL_SKIP [US] BAIG reason=PHANTOM_POSITION phase=NONE qty=6 avgPrice=37.6000
2026-05-07 03:54:50 WARN  SELL_SKIP [US] BAIG reason=PHANTOM_POSITION phase=NONE qty=6 avgPrice=37.6000
2026-05-07 03:54:55 WARN  SELL_SKIP [US] BAIG reason=PHANTOM_POSITION phase=NONE qty=6 avgPrice=37.6000
2026-05-07 03:55:00 WARN  SELL_SKIP [US] BAIG reason=PHANTOM_POSITION phase=NONE qty=6 avgPrice=37.6000
2026-05-07 03:55:06 WARN  SELL_SKIP [US] BAIG reason=PHANTOM_POSITION phase=NONE qty=6 avgPrice=37.6000
2026-05-07 03:55:11 WARN  SELL_SKIP [US] BAIG reason=PHANTOM_POSITION phase=NONE qty=6 avgPrice=37.6000
2026-05-07 03:55:16 WARN  SELL_SKIP [US] BAIG reason=PHANTOM_POSITION phase=NONE qty=6 avgPrice=37.6000
2026-05-07 03:55:21 WARN  SELL_SKIP [US] BAIG reason=PHANTOM_POSITION phase=NONE qty=6 avgPrice=37.6000
2026-05-07 03:55:26 WARN  SELL_SKIP [US] BAIG reason=PHANTOM_POSITION phase=NONE qty=6 avgPrice=37.6000
2026-05-07 03:55:31 WARN  SELL_SKIP [US] BAIG reason=PHANTOM_POSITION phase=NONE qty=6 avgPrice=37.6000
2026-05-07 03:55:36 WARN  SELL_SKIP [US] BAIG reason=PHANTOM_POSITION phase=NONE qty=6 avgPrice=37.6000
2026-05-07 03:55:46 WARN  SELL_SKIP [US] BAIG reason=PHANTOM_POSITION phase=NONE qty=6 avgPrice=37.6000
2026-05-07 03:55:51 WARN  SELL_SKIP [US] BAIG reason=PHANTOM_POSITION phase=NONE qty=6 avgPrice=37.6000
2026-05-07 03:55:56 WARN  SELL_SKIP [US] BAIG reason=PHANTOM_POSITION phase=NONE qty=6 avgPrice=37.6000
2026-05-07 03:56:02 WARN  SELL_SKIP [US] BAIG reason=PHANTOM_POSITION phase=NONE qty=6 avgPrice=37.6000
2026-05-07 03:56:07 WARN  SELL_SKIP [US] BAIG reason=PHANTOM_POSITION phase=NONE qty=6 avgPrice=37.6000
2026-05-07 03:56:12 WARN  SELL_SKIP [US] BAIG reason=PHANTOM_POSITION phase=NONE qty=6 avgPrice=37.6000
2026-05-07 03:56:17 WARN  SELL_SKIP [US] BAIG reason=PHANTOM_POSITION phase=NONE qty=6 avgPrice=37.6000
2026-05-07 03:56:22 WARN  SELL_SKIP [US] BAIG reason=PHANTOM_POSITION phase=NONE qty=6 avgPrice=37.6000
2026-05-07 03:56:27 WARN  SELL_SKIP [US] BAIG reason=PHANTOM_POSITION phase=NONE qty=6 avgPrice=37.6000
2026-05-07 03:56:32 WARN  SELL_SKIP [US] BAIG reason=PHANTOM_POSITION phase=NONE qty=6 avgPrice=37.6000
2026-05-07 03:56:37 WARN  SELL_SKIP [US] BAIG reason=PHANTOM_POSITION phase=NONE qty=6 avgPrice=37.6000
2026-05-07 03:56:42 WARN  SELL_SKIP [US] BAIG reason=PHANTOM_POSITION phase=NONE qty=6 avgPrice=37.6000
2026-05-07 03:56:47 WARN  SELL_SKIP [US] BAIG reason=PHANTOM_POSITION phase=NONE qty=6 avgPrice=37.6000
2026-05-07 03:56:52 WARN  SELL_SKIP [US] BAIG reason=PHANTOM_POSITION phase=NONE qty=6 avgPrice=37.6000
2026-05-07 03:56:58 WARN  SELL_SKIP [US] BAIG reason=PHANTOM_POSITION phase=NONE qty=6 avgPrice=37.6000
2026-05-07 03:57:03 WARN  SELL_SKIP [US] BAIG reason=PHANTOM_POSITION phase=NONE qty=6 avgPrice=37.6000
2026-05-07 03:57:08 WARN  SELL_SKIP [US] BAIG reason=PHANTOM_POSITION phase=NONE qty=6 avgPrice=37.6000
2026-05-07 03:57:13 WARN  SELL_SKIP [US] BAIG reason=PHANTOM_POSITION phase=NONE qty=6 avgPrice=37.6000
2026-05-07 03:57:18 WARN  SELL_SKIP [US] BAIG reason=PHANTOM_POSITION phase=NONE qty=6 avgPrice=37.6000
2026-05-07 03:57:23 WARN  SELL_SKIP [US] BAIG reason=PHANTOM_POSITION phase=NONE qty=6 avgPrice=37.6000
2026-05-07 03:57:28 WARN  SELL_SKIP [US] BAIG reason=PHANTOM_POSITION phase=NONE qty=6 avgPrice=37.6000
2026-05-07 03:57:33 WARN  SELL_SKIP [US] BAIG reason=PHANTOM_POSITION phase=NONE qty=6 avgPrice=37.6000
2026-05-07 03:57:38 WARN  SELL_SKIP [US] BAIG reason=PHANTOM_POSITION phase=NONE qty=6 avgPrice=37.6000
2026-05-07 03:57:43 WARN  SELL_SKIP [US] BAIG reason=PHANTOM_POSITION phase=NONE qty=6 avgPrice=37.6000
2026-05-07 03:57:48 WARN  SELL_SKIP [US] BAIG reason=PHANTOM_POSITION phase=NONE qty=6 avgPrice=37.6000
2026-05-07 03:57:53 WARN  SELL_SKIP [US] BAIG reason=PHANTOM_POSITION phase=NONE qty=6 avgPrice=37.6000
2026-05-07 03:57:59 WARN  SELL_SKIP [US] BAIG reason=PHANTOM_POSITION phase=NONE qty=6 avgPrice=37.6000
2026-05-07 03:58:04 WARN  SELL_SKIP [US] BAIG reason=PHANTOM_POSITION phase=NONE qty=6 avgPrice=37.6000
2026-05-07 03:58:09 WARN  SELL_SKIP [US] BAIG reason=PHANTOM_POSITION phase=NONE qty=6 avgPrice=37.6000
2026-05-07 03:58:14 WARN  SELL_SKIP [US] BAIG reason=PHANTOM_POSITION phase=NONE qty=6 avgPrice=37.6000
2026-05-07 03:58:19 WARN  SELL_SKIP [US] BAIG reason=PHANTOM_POSITION phase=NONE qty=6 avgPrice=37.6000
2026-05-07 03:58:24 WARN  SELL_SKIP [US] BAIG reason=PHANTOM_POSITION phase=NONE qty=6 avgPrice=37.6000
2026-05-07 03:58:29 WARN  SELL_SKIP [US] BAIG reason=PHANTOM_POSITION phase=NONE qty=6 avgPrice=37.6000
2026-05-07 03:58:34 WARN  SELL_SKIP [US] BAIG reason=PHANTOM_POSITION phase=NONE qty=6 avgPrice=37.6000
2026-05-07 03:58:39 WARN  SELL_SKIP [US] BAIG reason=PHANTOM_POSITION phase=NONE qty=6 avgPrice=37.6000
2026-05-07 03:58:44 WARN  SELL_SKIP [US] BAIG reason=PHANTOM_POSITION phase=NONE qty=6 avgPrice=37.6000
2026-05-07 03:58:50 WARN  SELL_SKIP [US] BAIG reason=PHANTOM_POSITION phase=NONE qty=6 avgPrice=37.6000
2026-05-07 03:58:55 WARN  SELL_SKIP [US] BAIG reason=PHANTOM_POSITION phase=NONE qty=6 avgPrice=37.6000
2026-05-07 03:59:00 WARN  SELL_SKIP [US] BAIG reason=PHANTOM_POSITION phase=NONE qty=6 avgPrice=37.6000
2026-05-07 03:59:05 WARN  SELL_SKIP [US] BAIG reason=PHANTOM_POSITION phase=NONE qty=6 avgPrice=37.6000
2026-05-07 03:59:10 WARN  SELL_SKIP [US] BAIG reason=PHANTOM_POSITION phase=NONE qty=6 avgPrice=37.6000
2026-05-07 03:59:15 WARN  SELL_SKIP [US] BAIG reason=PHANTOM_POSITION phase=NONE qty=6 avgPrice=37.6000
2026-05-07 03:59:20 WARN  SELL_SKIP [US] BAIG reason=PHANTOM_POSITION phase=NONE qty=6 avgPrice=37.6000
2026-05-07 03:59:25 WARN  SELL_SKIP [US] BAIG reason=PHANTOM_POSITION phase=NONE qty=6 avgPrice=37.6000
2026-05-07 03:59:30 WARN  SELL_SKIP [US] BAIG reason=PHANTOM_POSITION phase=NONE qty=6 avgPrice=37.6000
2026-05-07 03:59:35 WARN  SELL_SKIP [US] BAIG reason=PHANTOM_POSITION phase=NONE qty=6 avgPrice=37.6000
2026-05-07 03:59:40 WARN  SELL_SKIP [US] BAIG reason=PHANTOM_POSITION phase=NONE qty=6 avgPrice=37.6000
2026-05-07 03:59:45 WARN  SELL_SKIP [US] BAIG reason=PHANTOM_POSITION phase=NONE qty=6 avgPrice=37.6000
2026-05-07 03:59:51 WARN  SELL_SKIP [US] BAIG reason=PHANTOM_POSITION phase=NONE qty=6 avgPrice=37.6000
2026-05-07 03:59:56 WARN  SELL_SKIP [US] BAIG reason=PHANTOM_POSITION phase=NONE qty=6 avgPrice=37.6000
2026-05-07 04:00:01 WARN  SELL_SKIP [US] BAIG reason=PHANTOM_POSITION phase=NONE qty=6 avgPrice=37.6000
2026-05-07 04:00:06 WARN  SELL_SKIP [US] BAIG reason=PHANTOM_POSITION phase=NONE qty=6 avgPrice=37.6000
2026-05-07 04:00:16 WARN  SELL_SKIP [US] BAIG reason=PHANTOM_POSITION phase=NONE qty=6 avgPrice=37.6000
2026-05-07 04:00:21 WARN  SELL_SKIP [US] BAIG reason=PHANTOM_POSITION phase=NONE qty=6 avgPrice=37.6000
2026-05-07 04:00:26 WARN  SELL_SKIP [US] BAIG reason=PHANTOM_POSITION phase=NONE qty=6 avgPrice=37.6000
2026-05-07 04:00:31 WARN  SELL_SKIP [US] BAIG reason=PHANTOM_POSITION phase=NONE qty=6 avgPrice=37.6000
2026-05-07 04:00:36 WARN  SELL_SKIP [US] BAIG reason=PHANTOM_POSITION phase=NONE qty=6 avgPrice=37.6000
2026-05-07 04:00:41 WARN  SELL_SKIP [US] BAIG reason=PHANTOM_POSITION phase=NONE qty=6 avgPrice=37.6000
2026-05-07 04:00:46 WARN  SELL_SKIP [US] BAIG reason=PHANTOM_POSITION phase=NONE qty=6 avgPrice=37.6000
2026-05-07 04:00:52 WARN  SELL_SKIP [US] BAIG reason=PHANTOM_POSITION phase=NONE qty=6 avgPrice=37.6000
2026-05-07 04:00:57 WARN  SELL_SKIP [US] BAIG reason=PHANTOM_POSITION phase=NONE qty=6 avgPrice=37.6000
2026-05-07 04:01:02 WARN  SELL_SKIP [US] BAIG reason=PHANTOM_POSITION phase=NONE qty=6 avgPrice=37.6000
2026-05-07 04:01:07 WARN  SELL_SKIP [US] BAIG reason=PHANTOM_POSITION phase=NONE qty=6 avgPrice=37.6000
2026-05-07 04:01:12 WARN  SELL_SKIP [US] BAIG reason=PHANTOM_POSITION phase=NONE qty=6 avgPrice=37.6000
2026-05-07 04:01:22 WARN  SELL_SKIP [US] BAIG reason=PHANTOM_POSITION phase=NONE qty=6 avgPrice=37.6000
2026-05-07 04:01:27 WARN  SELL_SKIP [US] BAIG reason=PHANTOM_POSITION phase=NONE qty=6 avgPrice=37.6000
2026-05-07 04:01:32 WARN  SELL_SKIP [US] BAIG reason=PHANTOM_POSITION phase=NONE qty=6 avgPrice=37.6000
2026-05-07 04:01:37 WARN  SELL_SKIP [US] BAIG reason=PHANTOM_POSITION phase=NONE qty=6 avgPrice=37.6000
2026-05-07 04:01:42 WARN  SELL_SKIP [US] BAIG reason=PHANTOM_POSITION phase=NONE qty=6 avgPrice=37.6000
2026-05-07 04:01:47 WARN  SELL_SKIP [US] BAIG reason=PHANTOM_POSITION phase=NONE qty=6 avgPrice=37.6000
2026-05-07 04:01:53 WARN  SELL_SKIP [US] BAIG reason=PHANTOM_POSITION phase=NONE qty=6 avgPrice=37.6000
2026-05-07 04:01:58 WARN  SELL_SKIP [US] BAIG reason=PHANTOM_POSITION phase=NONE qty=6 avgPrice=37.6000
2026-05-07 04:02:03 WARN  SELL_SKIP [US] BAIG reason=PHANTOM_POSITION phase=NONE qty=6 avgPrice=37.6000
2026-05-07 04:02:08 WARN  SELL_SKIP [US] BAIG reason=PHANTOM_POSITION phase=NONE qty=6 avgPrice=37.6000
2026-05-07 04:02:13 WARN  SELL_SKIP [US] BAIG reason=PHANTOM_POSITION phase=NONE qty=6 avgPrice=37.6000
2026-05-07 04:02:23 WARN  SELL_SKIP [US] BAIG reason=PHANTOM_POSITION phase=NONE qty=6 avgPrice=37.6000
2026-05-07 04:02:28 WARN  SELL_SKIP [US] BAIG reason=PHANTOM_POSITION phase=NONE qty=6 avgPrice=37.6000
2026-05-07 04:02:33 WARN  SELL_SKIP [US] BAIG reason=PHANTOM_POSITION phase=NONE qty=6 avgPrice=37.6000
2026-05-07 04:02:38 WARN  SELL_SKIP [US] BAIG reason=PHANTOM_POSITION phase=NONE qty=6 avgPrice=37.6000
2026-05-07 04:02:43 WARN  SELL_SKIP [US] BAIG reason=PHANTOM_POSITION phase=NONE qty=6 avgPrice=37.6000
2026-05-07 04:02:48 WARN  SELL_SKIP [US] BAIG reason=PHANTOM_POSITION phase=NONE qty=6 avgPrice=37.6000
2026-05-07 04:02:54 WARN  SELL_SKIP [US] BAIG reason=PHANTOM_POSITION phase=NONE qty=6 avgPrice=37.6000
2026-05-07 04:02:59 WARN  SELL_SKIP [US] BAIG reason=PHANTOM_POSITION phase=NONE qty=6 avgPrice=37.6000
2026-05-07 04:03:04 WARN  SELL_SKIP [US] BAIG reason=PHANTOM_POSITION phase=NONE qty=6 avgPrice=37.6000
2026-05-07 04:03:09 WARN  SELL_SKIP [US] BAIG reason=PHANTOM_POSITION phase=NONE qty=6 avgPrice=37.6000
2026-05-07 04:03:14 WARN  SELL_SKIP [US] BAIG reason=PHANTOM_POSITION phase=NONE qty=6 avgPrice=37.6000
2026-05-07 04:03:19 WARN  SELL_SKIP [US] BAIG reason=PHANTOM_POSITION phase=NONE qty=6 avgPrice=37.6000
2026-05-07 04:03:24 WARN  SELL_SKIP [US] BAIG reason=PHANTOM_POSITION phase=NONE qty=6 avgPrice=37.6000
2026-05-07 04:03:29 WARN  SELL_SKIP [US] BAIG reason=PHANTOM_POSITION phase=NONE qty=6 avgPrice=37.6000
2026-05-07 04:03:34 WARN  SELL_SKIP [US] BAIG reason=PHANTOM_POSITION phase=NONE qty=6 avgPrice=37.6000
2026-05-07 04:03:39 WARN  SELL_SKIP [US] BAIG reason=PHANTOM_POSITION phase=NONE qty=6 avgPrice=37.6000
2026-05-07 04:03:44 WARN  SELL_SKIP [US] BAIG reason=PHANTOM_POSITION phase=NONE qty=6 avgPrice=37.6000
2026-05-07 04:03:50 WARN  SELL_SKIP [US] BAIG reason=PHANTOM_POSITION phase=NONE qty=6 avgPrice=37.6000
2026-05-07 04:03:55 WARN  SELL_SKIP [US] BAIG reason=PHANTOM_POSITION phase=NONE qty=6 avgPrice=37.6000
2026-05-07 04:04:00 WARN  SELL_SKIP [US] BAIG reason=PHANTOM_POSITION phase=NONE qty=6 avgPrice=37.6000
2026-05-07 04:04:05 WARN  SELL_SKIP [US] BAIG reason=PHANTOM_POSITION phase=NONE qty=6 avgPrice=37.6000
2026-05-07 04:04:10 WARN  SELL_SKIP [US] BAIG reason=PHANTOM_POSITION phase=NONE qty=6 avgPrice=37.6000
2026-05-07 04:04:15 WARN  SELL_SKIP [US] BAIG reason=PHANTOM_POSITION phase=NONE qty=6 avgPrice=37.6000
2026-05-07 04:04:20 WARN  SELL_SKIP [US] BAIG reason=PHANTOM_POSITION phase=NONE qty=6 avgPrice=37.6000
2026-05-07 04:04:25 WARN  SELL_SKIP [US] BAIG reason=PHANTOM_POSITION phase=NONE qty=6 avgPrice=37.6000
2026-05-07 04:04:30 WARN  SELL_SKIP [US] BAIG reason=PHANTOM_POSITION phase=NONE qty=6 avgPrice=37.6000
2026-05-07 04:04:35 WARN  SELL_SKIP [US] BAIG reason=PHANTOM_POSITION phase=NONE qty=6 avgPrice=37.6000
2026-05-07 04:04:40 WARN  SELL_SKIP [US] BAIG reason=PHANTOM_POSITION phase=NONE qty=6 avgPrice=37.6000
2026-05-07 04:04:45 WARN  SELL_SKIP [US] BAIG reason=PHANTOM_POSITION phase=NONE qty=6 avgPrice=37.6000
2026-05-07 04:04:50 WARN  SELL_SKIP [US] BAIG reason=PHANTOM_POSITION phase=NONE qty=6 avgPrice=37.6000
2026-05-07 04:04:56 WARN  SELL_SKIP [US] BAIG reason=PHANTOM_POSITION phase=NONE qty=6 avgPrice=37.6000
2026-05-07 04:05:01 WARN  SELL_SKIP [US] BAIG reason=PHANTOM_POSITION phase=NONE qty=6 avgPrice=37.6000
2026-05-07 04:05:06 WARN  SELL_SKIP [US] BAIG reason=PHANTOM_POSITION phase=NONE qty=6 avgPrice=37.6000
2026-05-07 04:05:11 WARN  SELL_SKIP [US] BAIG reason=PHANTOM_POSITION phase=NONE qty=6 avgPrice=37.6000
2026-05-07 04:05:16 WARN  SELL_SKIP [US] BAIG reason=PHANTOM_POSITION phase=NONE qty=6 avgPrice=37.6000
2026-05-07 04:05:21 WARN  SELL_SKIP [US] BAIG reason=PHANTOM_POSITION phase=NONE qty=6 avgPrice=37.6000
2026-05-07 04:05:26 WARN  SELL_SKIP [US] BAIG reason=PHANTOM_POSITION phase=NONE qty=6 avgPrice=37.6000
2026-05-07 04:05:31 WARN  SELL_SKIP [US] BAIG reason=PHANTOM_POSITION phase=NONE qty=6 avgPrice=37.6000
2026-05-07 04:05:36 WARN  SELL_SKIP [US] BAIG reason=PHANTOM_POSITION phase=NONE qty=6 avgPrice=37.6000
2026-05-07 04:05:41 WARN  SELL_SKIP [US] BAIG reason=PHANTOM_POSITION phase=NONE qty=6 avgPrice=37.6000
2026-05-07 04:05:46 WARN  SELL_SKIP [US] BAIG reason=PHANTOM_POSITION phase=NONE qty=6 avgPrice=37.6000
2026-05-07 04:05:52 WARN  SELL_SKIP [US] BAIG reason=PHANTOM_POSITION phase=NONE qty=6 avgPrice=37.6000
2026-05-07 04:05:57 WARN  SELL_SKIP [US] BAIG reason=PHANTOM_POSITION phase=NONE qty=6 avgPrice=37.6000
2026-05-07 04:06:02 WARN  SELL_SKIP [US] BAIG reason=PHANTOM_POSITION phase=NONE qty=6 avgPrice=37.6000
2026-05-07 04:06:07 WARN  SELL_SKIP [US] BAIG reason=PHANTOM_POSITION phase=NONE qty=6 avgPrice=37.6000
2026-05-07 04:06:12 WARN  SELL_SKIP [US] BAIG reason=PHANTOM_POSITION phase=NONE qty=6 avgPrice=37.6000
2026-05-07 04:06:17 WARN  SELL_SKIP [US] BAIG reason=PHANTOM_POSITION phase=NONE qty=6 avgPrice=37.6000
2026-05-07 04:06:32 WARN  SELL_SKIP [US] BAIG reason=PHANTOM_POSITION phase=NONE qty=6 avgPrice=37.6000
2026-05-07 04:06:37 WARN  SELL_SKIP [US] BAIG reason=PHANTOM_POSITION phase=NONE qty=6 avgPrice=37.6000
2026-05-07 04:06:42 WARN  SELL_SKIP [US] BAIG reason=PHANTOM_POSITION phase=NONE qty=6 avgPrice=37.6000
2026-05-07 04:06:47 WARN  SELL_SKIP [US] BAIG reason=PHANTOM_POSITION phase=NONE qty=6 avgPrice=37.6000
2026-05-07 04:06:52 WARN  SELL_SKIP [US] BAIG reason=PHANTOM_POSITION phase=NONE qty=6 avgPrice=37.6000
2026-05-07 04:06:58 WARN  SELL_SKIP [US] BAIG reason=PHANTOM_POSITION phase=NONE qty=6 avgPrice=37.6000
2026-05-07 04:07:03 WARN  SELL_SKIP [US] BAIG reason=PHANTOM_POSITION phase=NONE qty=6 avgPrice=37.6000
2026-05-07 04:07:08 WARN  SELL_SKIP [US] BAIG reason=PHANTOM_POSITION phase=NONE qty=6 avgPrice=37.6000
2026-05-07 04:07:13 WARN  SELL_SKIP [US] BAIG reason=PHANTOM_POSITION phase=NONE qty=6 avgPrice=37.6000
2026-05-07 04:07:18 WARN  SELL_SKIP [US] BAIG reason=PHANTOM_POSITION phase=NONE qty=6 avgPrice=37.6000
2026-05-07 04:07:23 WARN  SELL_SKIP [US] BAIG reason=PHANTOM_POSITION phase=NONE qty=6 avgPrice=37.6000
2026-05-07 04:07:28 WARN  SELL_SKIP [US] BAIG reason=PHANTOM_POSITION phase=NONE qty=6 avgPrice=37.6000
2026-05-07 04:07:33 WARN  SELL_SKIP [US] BAIG reason=PHANTOM_POSITION phase=NONE qty=6 avgPrice=37.6000
2026-05-07 04:07:38 WARN  SELL_SKIP [US] BAIG reason=PHANTOM_POSITION phase=NONE qty=6 avgPrice=37.6000
2026-05-07 04:07:43 WARN  SELL_SKIP [US] BAIG reason=PHANTOM_POSITION phase=NONE qty=6 avgPrice=37.6000
2026-05-07 04:07:48 WARN  SELL_SKIP [US] BAIG reason=PHANTOM_POSITION phase=NONE qty=6 avgPrice=37.6000
2026-05-07 04:07:54 WARN  SELL_SKIP [US] BAIG reason=PHANTOM_POSITION phase=NONE qty=6 avgPrice=37.6000
2026-05-07 04:07:59 WARN  SELL_SKIP [US] BAIG reason=PHANTOM_POSITION phase=NONE qty=6 avgPrice=37.6000
2026-05-07 04:08:04 WARN  SELL_SKIP [US] BAIG reason=PHANTOM_POSITION phase=NONE qty=6 avgPrice=37.6000
2026-05-07 04:08:09 WARN  SELL_SKIP [US] BAIG reason=PHANTOM_POSITION phase=NONE qty=6 avgPrice=37.6000
2026-05-07 04:08:15 WARN  SELL_SKIP [US] BAIG reason=PHANTOM_POSITION phase=NONE qty=6 avgPrice=37.6000
2026-05-07 04:08:20 WARN  SELL_SKIP [US] BAIG reason=PHANTOM_POSITION phase=NONE qty=6 avgPrice=37.6000
2026-05-07 04:08:25 WARN  SELL_SKIP [US] BAIG reason=PHANTOM_POSITION phase=NONE qty=6 avgPrice=37.6000
2026-05-07 04:08:30 WARN  SELL_SKIP [US] BAIG reason=PHANTOM_POSITION phase=NONE qty=6 avgPrice=37.6000
2026-05-07 04:08:35 WARN  SELL_SKIP [US] BAIG reason=PHANTOM_POSITION phase=NONE qty=6 avgPrice=37.6000
2026-05-07 04:08:40 WARN  SELL_SKIP [US] BAIG reason=PHANTOM_POSITION phase=NONE qty=6 avgPrice=37.6000
2026-05-07 04:08:45 WARN  SELL_SKIP [US] BAIG reason=PHANTOM_POSITION phase=NONE qty=6 avgPrice=37.6000
2026-05-07 04:08:50 WARN  SELL_SKIP [US] BAIG reason=PHANTOM_POSITION phase=NONE qty=6 avgPrice=37.6000
2026-05-07 04:08:55 WARN  SELL_SKIP [US] BAIG reason=PHANTOM_POSITION phase=NONE qty=6 avgPrice=37.6000
2026-05-07 04:09:00 WARN  SELL_SKIP [US] BAIG reason=PHANTOM_POSITION phase=NONE qty=6 avgPrice=37.6000
2026-05-07 04:09:05 WARN  SELL_SKIP [US] BAIG reason=PHANTOM_POSITION phase=NONE qty=6 avgPrice=37.6000
2026-05-07 04:09:10 WARN  SELL_SKIP [US] BAIG reason=PHANTOM_POSITION phase=NONE qty=6 avgPrice=37.6000
2026-05-07 04:09:15 WARN  SELL_SKIP [US] BAIG reason=PHANTOM_POSITION phase=NONE qty=6 avgPrice=37.6000
2026-05-07 04:09:20 WARN  SELL_SKIP [US] BAIG reason=PHANTOM_POSITION phase=NONE qty=6 avgPrice=37.6000
2026-05-07 04:09:25 WARN  SELL_SKIP [US] BAIG reason=PHANTOM_POSITION phase=NONE qty=6 avgPrice=37.6000
2026-05-07 04:09:30 WARN  SELL_SKIP [US] BAIG reason=PHANTOM_POSITION phase=NONE qty=6 avgPrice=37.6000
2026-05-07 04:09:35 WARN  SELL_SKIP [US] BAIG reason=PHANTOM_POSITION phase=NONE qty=6 avgPrice=37.6000
2026-05-07 04:09:41 WARN  SELL_SKIP [US] BAIG reason=PHANTOM_POSITION phase=NONE qty=6 avgPrice=37.6000
2026-05-07 04:09:46 WARN  SELL_SKIP [US] BAIG reason=PHANTOM_POSITION phase=NONE qty=6 avgPrice=37.6000
2026-05-07 04:09:51 WARN  SELL_SKIP [US] BAIG reason=PHANTOM_POSITION phase=NONE qty=6 avgPrice=37.6000
2026-05-07 04:09:56 WARN  SELL_SKIP [US] BAIG reason=PHANTOM_POSITION phase=NONE qty=6 avgPrice=37.6000
2026-05-07 04:10:01 WARN  SELL_SKIP [US] BAIG reason=PHANTOM_POSITION phase=NONE qty=6 avgPrice=37.6000
2026-05-07 04:10:06 WARN  SELL_SKIP [US] BAIG reason=PHANTOM_POSITION phase=NONE qty=6 avgPrice=37.6000
2026-05-07 04:10:11 WARN  SELL_SKIP [US] BAIG reason=PHANTOM_POSITION phase=NONE qty=6 avgPrice=37.6000
2026-05-07 04:10:16 WARN  SELL_SKIP [US] BAIG reason=PHANTOM_POSITION phase=NONE qty=6 avgPrice=37.6000
2026-05-07 04:10:21 WARN  SELL_SKIP [US] BAIG reason=PHANTOM_POSITION phase=NONE qty=6 avgPrice=37.6000
2026-05-07 04:10:26 WARN  SELL_SKIP [US] BAIG reason=PHANTOM_POSITION phase=NONE qty=6 avgPrice=37.6000
2026-05-07 04:10:31 WARN  SELL_SKIP [US] BAIG reason=PHANTOM_POSITION phase=NONE qty=6 avgPrice=37.6000
2026-05-07 04:10:37 WARN  SELL_SKIP [US] BAIG reason=PHANTOM_POSITION phase=NONE qty=6 avgPrice=37.6000
2026-05-07 04:10:42 WARN  SELL_SKIP [US] BAIG reason=PHANTOM_POSITION phase=NONE qty=6 avgPrice=37.6000
2026-05-07 04:10:47 WARN  SELL_SKIP [US] BAIG reason=PHANTOM_POSITION phase=NONE qty=6 avgPrice=37.6000
2026-05-07 04:10:52 WARN  SELL_SKIP [US] BAIG reason=PHANTOM_POSITION phase=NONE qty=6 avgPrice=37.6000
2026-05-07 04:10:57 WARN  SELL_SKIP [US] BAIG reason=PHANTOM_POSITION phase=NONE qty=6 avgPrice=37.6000
2026-05-07 04:11:02 WARN  SELL_SKIP [US] BAIG reason=PHANTOM_POSITION phase=NONE qty=6 avgPrice=37.6000
2026-05-07 04:11:07 WARN  SELL_SKIP [US] BAIG reason=PHANTOM_POSITION phase=NONE qty=6 avgPrice=37.6000
2026-05-07 04:11:12 WARN  SELL_SKIP [US] BAIG reason=PHANTOM_POSITION phase=NONE qty=6 avgPrice=37.6000
2026-05-07 04:11:17 WARN  SELL_SKIP [US] BAIG reason=PHANTOM_POSITION phase=NONE qty=6 avgPrice=37.6000
2026-05-07 04:11:22 WARN  SELL_SKIP [US] BAIG reason=PHANTOM_POSITION phase=NONE qty=6 avgPrice=37.6000
2026-05-07 04:11:27 WARN  SELL_SKIP [US] BAIG reason=PHANTOM_POSITION phase=NONE qty=6 avgPrice=37.6000
2026-05-07 04:11:32 WARN  SELL_SKIP [US] BAIG reason=PHANTOM_POSITION phase=NONE qty=6 avgPrice=37.6000
2026-05-07 04:11:38 WARN  SELL_SKIP [US] BAIG reason=PHANTOM_POSITION phase=NONE qty=6 avgPrice=37.6000
2026-05-07 04:11:43 WARN  SELL_SKIP [US] BAIG reason=PHANTOM_POSITION phase=NONE qty=6 avgPrice=37.6000
2026-05-07 04:11:48 WARN  SELL_SKIP [US] BAIG reason=PHANTOM_POSITION phase=NONE qty=6 avgPrice=37.6000
2026-05-07 04:11:53 WARN  SELL_SKIP [US] BAIG reason=PHANTOM_POSITION phase=NONE qty=6 avgPrice=37.6000
2026-05-07 04:11:58 WARN  SELL_SKIP [US] BAIG reason=PHANTOM_POSITION phase=NONE qty=6 avgPrice=37.6000
2026-05-07 04:12:03 WARN  SELL_SKIP [US] BAIG reason=PHANTOM_POSITION phase=NONE qty=6 avgPrice=37.6000
2026-05-07 04:12:08 WARN  SELL_SKIP [US] BAIG reason=PHANTOM_POSITION phase=NONE qty=6 avgPrice=37.6000
2026-05-07 04:12:13 WARN  SELL_SKIP [US] BAIG reason=PHANTOM_POSITION phase=NONE qty=6 avgPrice=37.6000
2026-05-07 04:12:18 WARN  SELL_SKIP [US] BAIG reason=PHANTOM_POSITION phase=NONE qty=6 avgPrice=37.6000
2026-05-07 04:12:23 WARN  SELL_SKIP [US] BAIG reason=PHANTOM_POSITION phase=NONE qty=6 avgPrice=37.6000
2026-05-07 04:12:28 WARN  SELL_SKIP [US] BAIG reason=PHANTOM_POSITION phase=NONE qty=6 avgPrice=37.6000
2026-05-07 04:12:33 WARN  SELL_SKIP [US] BAIG reason=PHANTOM_POSITION phase=NONE qty=6 avgPrice=37.6000
2026-05-07 04:12:38 WARN  SELL_SKIP [US] BAIG reason=PHANTOM_POSITION phase=NONE qty=6 avgPrice=37.6000
2026-05-07 04:12:43 WARN  SELL_SKIP [US] BAIG reason=PHANTOM_POSITION phase=NONE qty=6 avgPrice=37.6000
2026-05-07 04:12:49 WARN  SELL_SKIP [US] BAIG reason=PHANTOM_POSITION phase=NONE qty=6 avgPrice=37.6000
2026-05-07 04:12:54 WARN  SELL_SKIP [US] BAIG reason=PHANTOM_POSITION phase=NONE qty=6 avgPrice=37.6000
2026-05-07 04:12:59 WARN  SELL_SKIP [US] BAIG reason=PHANTOM_POSITION phase=NONE qty=6 avgPrice=37.6000
2026-05-07 04:13:04 WARN  SELL_SKIP [US] BAIG reason=PHANTOM_POSITION phase=NONE qty=6 avgPrice=37.6000
2026-05-07 04:13:09 WARN  BUY_SKIP [US] SOXL reason=AMOUNT_TOO_SMALL amount=250.0000 size=0.8000x price=163.3500
2026-05-07 04:13:09 WARN  SELL_SKIP [US] BAIG reason=PHANTOM_POSITION phase=NONE qty=6 avgPrice=37.6000
2026-05-07 04:13:14 WARN  SELL_SKIP [US] BAIG reason=PHANTOM_POSITION phase=NONE qty=6 avgPrice=37.6000
2026-05-07 04:13:19 WARN  SELL_SKIP [US] BAIG reason=PHANTOM_POSITION phase=NONE qty=6 avgPrice=37.6000
2026-05-07 04:13:24 WARN  BUY_SKIP [US] SOXL reason=AMOUNT_TOO_SMALL amount=250.0000 size=0.8000x price=163.4000
2026-05-07 04:13:24 WARN  SELL_SKIP [US] BAIG reason=PHANTOM_POSITION phase=NONE qty=6 avgPrice=37.6000
2026-05-07 04:13:29 WARN  SELL_SKIP [US] BAIG reason=PHANTOM_POSITION phase=NONE qty=6 avgPrice=37.6000
2026-05-07 04:13:34 WARN  SELL_SKIP [US] BAIG reason=PHANTOM_POSITION phase=NONE qty=6 avgPrice=37.6000
2026-05-07 04:13:39 WARN  SELL_SKIP [US] BAIG reason=PHANTOM_POSITION phase=NONE qty=6 avgPrice=37.6000
2026-05-07 04:13:44 WARN  SELL_SKIP [US] BAIG reason=PHANTOM_POSITION phase=NONE qty=6 avgPrice=37.6000
2026-05-07 04:13:50 WARN  SELL_SKIP [US] BAIG reason=PHANTOM_POSITION phase=NONE qty=6 avgPrice=37.6000
2026-05-07 04:13:55 WARN  SELL_SKIP [US] BAIG reason=PHANTOM_POSITION phase=NONE qty=6 avgPrice=37.6000
2026-05-07 04:14:00 WARN  SELL_SKIP [US] BAIG reason=PHANTOM_POSITION phase=NONE qty=6 avgPrice=37.6000
2026-05-07 04:14:05 WARN  SELL_SKIP [US] BAIG reason=PHANTOM_POSITION phase=NONE qty=6 avgPrice=37.6000
2026-05-07 04:14:10 WARN  SELL_SKIP [US] BAIG reason=PHANTOM_POSITION phase=NONE qty=6 avgPrice=37.6000
2026-05-07 04:14:15 WARN  SELL_SKIP [US] BAIG reason=PHANTOM_POSITION phase=NONE qty=6 avgPrice=37.6000
2026-05-07 04:14:20 WARN  SELL_SKIP [US] BAIG reason=PHANTOM_POSITION phase=NONE qty=6 avgPrice=37.6000
2026-05-07 04:14:25 WARN  SELL_SKIP [US] BAIG reason=PHANTOM_POSITION phase=NONE qty=6 avgPrice=37.6000
2026-05-07 04:14:30 WARN  SELL_SKIP [US] BAIG reason=PHANTOM_POSITION phase=NONE qty=6 avgPrice=37.6000
2026-05-07 04:14:40 WARN  SELL_SKIP [US] BAIG reason=PHANTOM_POSITION phase=NONE qty=6 avgPrice=37.6000
2026-05-07 04:14:45 WARN  SELL_SKIP [US] BAIG reason=PHANTOM_POSITION phase=NONE qty=6 avgPrice=37.6000
2026-05-07 04:14:51 WARN  SELL_SKIP [US] BAIG reason=PHANTOM_POSITION phase=NONE qty=6 avgPrice=37.6000
2026-05-07 04:14:56 WARN  SELL_SKIP [US] BAIG reason=PHANTOM_POSITION phase=NONE qty=6 avgPrice=37.6000
2026-05-07 04:15:01 WARN  SELL_SKIP [US] BAIG reason=PHANTOM_POSITION phase=NONE qty=6 avgPrice=37.6000
2026-05-07 04:15:06 WARN  SELL_SKIP [US] BAIG reason=PHANTOM_POSITION phase=NONE qty=6 avgPrice=37.6000
2026-05-07 04:15:06 WARN  BUY_SKIP [US] MRVL reason=AMOUNT_TOO_SMALL amount=300.0000 size=0.8000x price=169.9400
2026-05-07 04:15:11 WARN  SELL_SKIP [US] BAIG reason=PHANTOM_POSITION phase=NONE qty=6 avgPrice=37.6000
2026-05-07 04:15:16 WARN  SELL_SKIP [US] BAIG reason=PHANTOM_POSITION phase=NONE qty=6 avgPrice=37.6000
2026-05-07 04:15:21 WARN  SELL_SKIP [US] BAIG reason=PHANTOM_POSITION phase=NONE qty=6 avgPrice=37.6000
2026-05-07 04:15:21 WARN  BUY_SKIP [US] MRVL reason=AMOUNT_TOO_SMALL amount=300.0000 size=0.8000x price=170.0900
2026-05-07 04:15:26 WARN  SELL_SKIP [US] BAIG reason=PHANTOM_POSITION phase=NONE qty=6 avgPrice=37.6000
2026-05-07 04:15:31 WARN  SELL_SKIP [US] BAIG reason=PHANTOM_POSITION phase=NONE qty=6 avgPrice=37.6000
2026-05-07 04:15:36 WARN  SELL_SKIP [US] BAIG reason=PHANTOM_POSITION phase=NONE qty=6 avgPrice=37.6000
2026-05-07 04:15:41 WARN  SELL_SKIP [US] BAIG reason=PHANTOM_POSITION phase=NONE qty=6 avgPrice=37.6000
2026-05-07 04:15:47 WARN  SELL_SKIP [US] BAIG reason=PHANTOM_POSITION phase=NONE qty=6 avgPrice=37.6000
2026-05-07 04:15:52 WARN  SELL_SKIP [US] BAIG reason=PHANTOM_POSITION phase=NONE qty=6 avgPrice=37.6000
2026-05-07 04:15:57 WARN  SELL_SKIP [US] BAIG reason=PHANTOM_POSITION phase=NONE qty=6 avgPrice=37.6000
2026-05-07 04:16:02 WARN  SELL_SKIP [US] BAIG reason=PHANTOM_POSITION phase=NONE qty=6 avgPrice=37.6000
2026-05-07 04:16:07 WARN  SELL_SKIP [US] BAIG reason=PHANTOM_POSITION phase=NONE qty=6 avgPrice=37.6000
2026-05-07 04:16:12 WARN  SELL_SKIP [US] BAIG reason=PHANTOM_POSITION phase=NONE qty=6 avgPrice=37.6000
2026-05-07 04:16:17 WARN  SELL_SKIP [US] BAIG reason=PHANTOM_POSITION phase=NONE qty=6 avgPrice=37.6000
2026-05-07 04:16:22 WARN  SELL_SKIP [US] BAIG reason=PHANTOM_POSITION phase=NONE qty=6 avgPrice=37.6000
2026-05-07 04:16:22 WARN  BUY_SKIP [US] MRVL reason=AMOUNT_TOO_SMALL amount=300.0000 size=0.8000x price=170.0700
2026-05-07 04:16:27 WARN  SELL_SKIP [US] BAIG reason=PHANTOM_POSITION phase=NONE qty=6 avgPrice=37.6000
2026-05-07 04:16:32 WARN  SELL_SKIP [US] BAIG reason=PHANTOM_POSITION phase=NONE qty=6 avgPrice=37.6000
2026-05-07 04:16:37 WARN  SELL_SKIP [US] BAIG reason=PHANTOM_POSITION phase=NONE qty=6 avgPrice=37.6000
2026-05-07 04:16:42 WARN  SELL_SKIP [US] BAIG reason=PHANTOM_POSITION phase=NONE qty=6 avgPrice=37.6000
2026-05-07 04:16:48 WARN  SELL_SKIP [US] BAIG reason=PHANTOM_POSITION phase=NONE qty=6 avgPrice=37.6000
2026-05-07 04:16:53 WARN  SELL_SKIP [US] BAIG reason=PHANTOM_POSITION phase=NONE qty=6 avgPrice=37.6000
2026-05-07 04:16:58 WARN  SELL_SKIP [US] BAIG reason=PHANTOM_POSITION phase=NONE qty=6 avgPrice=37.6000
2026-05-07 04:17:03 WARN  SELL_SKIP [US] BAIG reason=PHANTOM_POSITION phase=NONE qty=6 avgPrice=37.6000
2026-05-07 04:17:08 WARN  SELL_SKIP [US] BAIG reason=PHANTOM_POSITION phase=NONE qty=6 avgPrice=37.6000
2026-05-07 04:17:13 WARN  SELL_SKIP [US] BAIG reason=PHANTOM_POSITION phase=NONE qty=6 avgPrice=37.6000
2026-05-07 04:17:18 WARN  SELL_SKIP [US] BAIG reason=PHANTOM_POSITION phase=NONE qty=6 avgPrice=37.6000
2026-05-07 04:17:23 WARN  SELL_SKIP [US] BAIG reason=PHANTOM_POSITION phase=NONE qty=6 avgPrice=37.6000
2026-05-07 04:17:28 WARN  SELL_SKIP [US] BAIG reason=PHANTOM_POSITION phase=NONE qty=6 avgPrice=37.6000
2026-05-07 04:17:33 WARN  SELL_SKIP [US] BAIG reason=PHANTOM_POSITION phase=NONE qty=6 avgPrice=37.6000
2026-05-07 04:17:38 WARN  SELL_SKIP [US] BAIG reason=PHANTOM_POSITION phase=NONE qty=6 avgPrice=37.6000
2026-05-07 04:17:43 WARN  SELL_SKIP [US] BAIG reason=PHANTOM_POSITION phase=NONE qty=6 avgPrice=37.6000
2026-05-07 04:17:49 WARN  SELL_SKIP [US] BAIG reason=PHANTOM_POSITION phase=NONE qty=6 avgPrice=37.6000
2026-05-07 04:17:54 WARN  SELL_SKIP [US] BAIG reason=PHANTOM_POSITION phase=NONE qty=6 avgPrice=37.6000
2026-05-07 04:17:59 WARN  SELL_SKIP [US] BAIG reason=PHANTOM_POSITION phase=NONE qty=6 avgPrice=37.6000
2026-05-07 04:18:04 WARN  SELL_SKIP [US] BAIG reason=PHANTOM_POSITION phase=NONE qty=6 avgPrice=37.6000
2026-05-07 04:18:09 WARN  SELL_SKIP [US] BAIG reason=PHANTOM_POSITION phase=NONE qty=6 avgPrice=37.6000
2026-05-07 04:18:14 WARN  SELL_SKIP [US] BAIG reason=PHANTOM_POSITION phase=NONE qty=6 avgPrice=37.6000
2026-05-07 04:18:19 WARN  SELL_SKIP [US] BAIG reason=PHANTOM_POSITION phase=NONE qty=6 avgPrice=37.6000
2026-05-07 04:18:24 WARN  SELL_SKIP [US] BAIG reason=PHANTOM_POSITION phase=NONE qty=6 avgPrice=37.6000
2026-05-07 04:18:29 WARN  SELL_SKIP [US] BAIG reason=PHANTOM_POSITION phase=NONE qty=6 avgPrice=37.6000
2026-05-07 04:18:34 WARN  SELL_SKIP [US] BAIG reason=PHANTOM_POSITION phase=NONE qty=6 avgPrice=37.6000
2026-05-07 04:18:39 WARN  SELL_SKIP [US] BAIG reason=PHANTOM_POSITION phase=NONE qty=6 avgPrice=37.6000
2026-05-07 04:18:45 WARN  SELL_SKIP [US] BAIG reason=PHANTOM_POSITION phase=NONE qty=6 avgPrice=37.6000
2026-05-07 04:18:50 WARN  SELL_SKIP [US] BAIG reason=PHANTOM_POSITION phase=NONE qty=6 avgPrice=37.6000
2026-05-07 04:18:55 WARN  SELL_SKIP [US] BAIG reason=PHANTOM_POSITION phase=NONE qty=6 avgPrice=37.6000
2026-05-07 04:19:00 WARN  SELL_SKIP [US] BAIG reason=PHANTOM_POSITION phase=NONE qty=6 avgPrice=37.6000
2026-05-07 04:19:05 WARN  SELL_SKIP [US] BAIG reason=PHANTOM_POSITION phase=NONE qty=6 avgPrice=37.6000
2026-05-07 04:19:10 WARN  SELL_SKIP [US] BAIG reason=PHANTOM_POSITION phase=NONE qty=6 avgPrice=37.6000
2026-05-07 04:19:15 WARN  SELL_SKIP [US] BAIG reason=PHANTOM_POSITION phase=NONE qty=6 avgPrice=37.6000
2026-05-07 04:19:20 WARN  SELL_SKIP [US] BAIG reason=PHANTOM_POSITION phase=NONE qty=6 avgPrice=37.6000
2026-05-07 04:19:25 WARN  SELL_SKIP [US] BAIG reason=PHANTOM_POSITION phase=NONE qty=6 avgPrice=37.6000
2026-05-07 04:19:30 WARN  SELL_SKIP [US] BAIG reason=PHANTOM_POSITION phase=NONE qty=6 avgPrice=37.6000
2026-05-07 04:19:35 WARN  SELL_SKIP [US] BAIG reason=PHANTOM_POSITION phase=NONE qty=6 avgPrice=37.6000
2026-05-07 04:19:40 WARN  SELL_SKIP [US] BAIG reason=PHANTOM_POSITION phase=NONE qty=6 avgPrice=37.6000
2026-05-07 04:19:46 WARN  SELL_SKIP [US] BAIG reason=PHANTOM_POSITION phase=NONE qty=6 avgPrice=37.6000
2026-05-07 04:19:51 WARN  SELL_SKIP [US] BAIG reason=PHANTOM_POSITION phase=NONE qty=6 avgPrice=37.6000
2026-05-07 04:19:56 WARN  SELL_SKIP [US] BAIG reason=PHANTOM_POSITION phase=NONE qty=6 avgPrice=37.6000
2026-05-07 04:20:01 WARN  SELL_SKIP [US] BAIG reason=PHANTOM_POSITION phase=NONE qty=6 avgPrice=37.6000
2026-05-07 04:20:06 WARN  SELL_SKIP [US] BAIG reason=PHANTOM_POSITION phase=NONE qty=6 avgPrice=37.6000
2026-05-07 04:20:11 WARN  SELL_SKIP [US] BAIG reason=PHANTOM_POSITION phase=NONE qty=6 avgPrice=37.6000
2026-05-07 04:20:16 WARN  SELL_SKIP [US] BAIG reason=PHANTOM_POSITION phase=NONE qty=6 avgPrice=37.6000
2026-05-07 04:20:21 WARN  SELL_SKIP [US] BAIG reason=PHANTOM_POSITION phase=NONE qty=6 avgPrice=37.6000
2026-05-07 04:20:26 WARN  SELL_SKIP [US] BAIG reason=PHANTOM_POSITION phase=NONE qty=6 avgPrice=37.6000
2026-05-07 04:20:31 WARN  SELL_SKIP [US] BAIG reason=PHANTOM_POSITION phase=NONE qty=6 avgPrice=37.6000
2026-05-07 04:20:36 WARN  SELL_SKIP [US] BAIG reason=PHANTOM_POSITION phase=NONE qty=6 avgPrice=37.6000
2026-05-07 04:20:41 WARN  SELL_SKIP [US] BAIG reason=PHANTOM_POSITION phase=NONE qty=6 avgPrice=37.6000
2026-05-07 04:20:47 WARN  SELL_SKIP [US] BAIG reason=PHANTOM_POSITION phase=NONE qty=6 avgPrice=37.6000
2026-05-07 04:20:52 WARN  SELL_SKIP [US] BAIG reason=PHANTOM_POSITION phase=NONE qty=6 avgPrice=37.6000
2026-05-07 04:20:57 WARN  SELL_SKIP [US] BAIG reason=PHANTOM_POSITION phase=NONE qty=6 avgPrice=37.6000
2026-05-07 04:21:02 WARN  SELL_SKIP [US] BAIG reason=PHANTOM_POSITION phase=NONE qty=6 avgPrice=37.6000
2026-05-07 04:21:07 WARN  SELL_SKIP [US] BAIG reason=PHANTOM_POSITION phase=NONE qty=6 avgPrice=37.6000
2026-05-07 04:21:12 WARN  SELL_SKIP [US] BAIG reason=PHANTOM_POSITION phase=NONE qty=6 avgPrice=37.6000
2026-05-07 04:21:17 WARN  SELL_SKIP [US] BAIG reason=PHANTOM_POSITION phase=NONE qty=6 avgPrice=37.6000
2026-05-07 04:21:22 WARN  SELL_SKIP [US] BAIG reason=PHANTOM_POSITION phase=NONE qty=6 avgPrice=37.6000
2026-05-07 04:21:27 WARN  SELL_SKIP [US] BAIG reason=PHANTOM_POSITION phase=NONE qty=6 avgPrice=37.6000
2026-05-07 04:21:32 WARN  SELL_SKIP [US] BAIG reason=PHANTOM_POSITION phase=NONE qty=6 avgPrice=37.6000
2026-05-07 04:21:37 WARN  SELL_SKIP [US] BAIG reason=PHANTOM_POSITION phase=NONE qty=6 avgPrice=37.6000
2026-05-07 04:21:42 WARN  SELL_SKIP [US] BAIG reason=PHANTOM_POSITION phase=NONE qty=6 avgPrice=37.6000
2026-05-07 04:21:48 WARN  SELL_SKIP [US] BAIG reason=PHANTOM_POSITION phase=NONE qty=6 avgPrice=37.6000
2026-05-07 04:21:53 WARN  SELL_SKIP [US] BAIG reason=PHANTOM_POSITION phase=NONE qty=6 avgPrice=37.6000
2026-05-07 04:21:58 WARN  SELL_SKIP [US] BAIG reason=PHANTOM_POSITION phase=NONE qty=6 avgPrice=37.6000
2026-05-07 04:22:03 WARN  SELL_SKIP [US] BAIG reason=PHANTOM_POSITION phase=NONE qty=6 avgPrice=37.6000
2026-05-07 04:22:08 WARN  SELL_SKIP [US] BAIG reason=PHANTOM_POSITION phase=NONE qty=6 avgPrice=37.6000
2026-05-07 04:22:13 WARN  SELL_SKIP [US] BAIG reason=PHANTOM_POSITION phase=NONE qty=6 avgPrice=37.6000
2026-05-07 04:22:18 WARN  SELL_SKIP [US] BAIG reason=PHANTOM_POSITION phase=NONE qty=6 avgPrice=37.6000
2026-05-07 04:22:23 WARN  SELL_SKIP [US] BAIG reason=PHANTOM_POSITION phase=NONE qty=6 avgPrice=37.6000
2026-05-07 04:22:28 WARN  SELL_SKIP [US] BAIG reason=PHANTOM_POSITION phase=NONE qty=6 avgPrice=37.6000
2026-05-07 04:22:33 WARN  SELL_SKIP [US] BAIG reason=PHANTOM_POSITION phase=NONE qty=6 avgPrice=37.6000
2026-05-07 04:22:38 WARN  SELL_SKIP [US] BAIG reason=PHANTOM_POSITION phase=NONE qty=6 avgPrice=37.6000
2026-05-07 04:22:43 WARN  SELL_SKIP [US] BAIG reason=PHANTOM_POSITION phase=NONE qty=6 avgPrice=37.6000
2026-05-07 04:22:48 WARN  SELL_SKIP [US] BAIG reason=PHANTOM_POSITION phase=NONE qty=6 avgPrice=37.6000
2026-05-07 04:22:54 WARN  SELL_SKIP [US] BAIG reason=PHANTOM_POSITION phase=NONE qty=6 avgPrice=37.6000
2026-05-07 04:22:59 WARN  SELL_SKIP [US] BAIG reason=PHANTOM_POSITION phase=NONE qty=6 avgPrice=37.6000
2026-05-07 04:23:04 WARN  SELL_SKIP [US] BAIG reason=PHANTOM_POSITION phase=NONE qty=6 avgPrice=37.6000
2026-05-07 04:23:09 WARN  SELL_SKIP [US] BAIG reason=PHANTOM_POSITION phase=NONE qty=6 avgPrice=37.6000
2026-05-07 04:23:14 WARN  SELL_SKIP [US] BAIG reason=PHANTOM_POSITION phase=NONE qty=6 avgPrice=37.6000
2026-05-07 04:23:19 WARN  SELL_SKIP [US] BAIG reason=PHANTOM_POSITION phase=NONE qty=6 avgPrice=37.6000
2026-05-07 04:23:24 WARN  SELL_SKIP [US] BAIG reason=PHANTOM_POSITION phase=NONE qty=6 avgPrice=37.6000
2026-05-07 04:23:29 WARN  SELL_SKIP [US] BAIG reason=PHANTOM_POSITION phase=NONE qty=6 avgPrice=37.6000
2026-05-07 04:23:34 WARN  SELL_SKIP [US] BAIG reason=PHANTOM_POSITION phase=NONE qty=6 avgPrice=37.6000
2026-05-07 04:23:39 WARN  SELL_SKIP [US] BAIG reason=PHANTOM_POSITION phase=NONE qty=6 avgPrice=37.6000
2026-05-07 04:23:44 WARN  SELL_SKIP [US] BAIG reason=PHANTOM_POSITION phase=NONE qty=6 avgPrice=37.6000
2026-05-07 04:23:50 WARN  SELL_SKIP [US] BAIG reason=PHANTOM_POSITION phase=NONE qty=6 avgPrice=37.6000
2026-05-07 04:23:55 WARN  SELL_SKIP [US] BAIG reason=PHANTOM_POSITION phase=NONE qty=6 avgPrice=37.6000
2026-05-07 04:24:00 WARN  SELL_SKIP [US] BAIG reason=PHANTOM_POSITION phase=NONE qty=6 avgPrice=37.6000
2026-05-07 04:24:05 WARN  SELL_SKIP [US] BAIG reason=PHANTOM_POSITION phase=NONE qty=6 avgPrice=37.6000
2026-05-07 04:24:10 WARN  SELL_SKIP [US] BAIG reason=PHANTOM_POSITION phase=NONE qty=6 avgPrice=37.6000
2026-05-07 04:24:15 WARN  SELL_SKIP [US] BAIG reason=PHANTOM_POSITION phase=NONE qty=6 avgPrice=37.6000
2026-05-07 04:24:20 WARN  SELL_SKIP [US] BAIG reason=PHANTOM_POSITION phase=NONE qty=6 avgPrice=37.6000
2026-05-07 04:24:25 WARN  SELL_SKIP [US] BAIG reason=PHANTOM_POSITION phase=NONE qty=6 avgPrice=37.6000
2026-05-07 04:24:30 WARN  SELL_SKIP [US] BAIG reason=PHANTOM_POSITION phase=NONE qty=6 avgPrice=37.6000
2026-05-07 04:24:35 WARN  SELL_SKIP [US] BAIG reason=PHANTOM_POSITION phase=NONE qty=6 avgPrice=37.6000
2026-05-07 04:24:40 WARN  SELL_SKIP [US] BAIG reason=PHANTOM_POSITION phase=NONE qty=6 avgPrice=37.6000
2026-05-07 04:24:45 WARN  SELL_SKIP [US] BAIG reason=PHANTOM_POSITION phase=NONE qty=6 avgPrice=37.6000
2026-05-07 04:24:51 WARN  SELL_SKIP [US] BAIG reason=PHANTOM_POSITION phase=NONE qty=6 avgPrice=37.6000
2026-05-07 04:24:56 WARN  SELL_SKIP [US] BAIG reason=PHANTOM_POSITION phase=NONE qty=6 avgPrice=37.6000
2026-05-07 04:25:01 WARN  SELL_SKIP [US] BAIG reason=PHANTOM_POSITION phase=NONE qty=6 avgPrice=37.6000
2026-05-07 04:25:06 WARN  SELL_SKIP [US] BAIG reason=PHANTOM_POSITION phase=NONE qty=6 avgPrice=37.6000
2026-05-07 04:25:11 WARN  SELL_SKIP [US] BAIG reason=PHANTOM_POSITION phase=NONE qty=6 avgPrice=37.6000
2026-05-07 04:25:16 WARN  SELL_SKIP [US] BAIG reason=PHANTOM_POSITION phase=NONE qty=6 avgPrice=37.6000
2026-05-07 04:25:21 WARN  SELL_SKIP [US] BAIG reason=PHANTOM_POSITION phase=NONE qty=6 avgPrice=37.6000
2026-05-07 04:25:26 WARN  SELL_SKIP [US] BAIG reason=PHANTOM_POSITION phase=NONE qty=6 avgPrice=37.6000
2026-05-07 04:25:31 WARN  SELL_SKIP [US] BAIG reason=PHANTOM_POSITION phase=NONE qty=6 avgPrice=37.6000
2026-05-07 04:25:36 WARN  SELL_SKIP [US] BAIG reason=PHANTOM_POSITION phase=NONE qty=6 avgPrice=37.6000
2026-05-07 04:25:41 WARN  SELL_SKIP [US] BAIG reason=PHANTOM_POSITION phase=NONE qty=6 avgPrice=37.6000
2026-05-07 04:25:46 WARN  SELL_SKIP [US] BAIG reason=PHANTOM_POSITION phase=NONE qty=6 avgPrice=37.6000
2026-05-07 04:25:52 WARN  SELL_SKIP [US] BAIG reason=PHANTOM_POSITION phase=NONE qty=6 avgPrice=37.6000
2026-05-07 04:25:57 WARN  SELL_SKIP [US] BAIG reason=PHANTOM_POSITION phase=NONE qty=6 avgPrice=37.6000
2026-05-07 04:26:02 WARN  SELL_SKIP [US] BAIG reason=PHANTOM_POSITION phase=NONE qty=6 avgPrice=37.6000
2026-05-07 04:26:07 WARN  SELL_SKIP [US] BAIG reason=PHANTOM_POSITION phase=NONE qty=6 avgPrice=37.6000
2026-05-07 04:26:12 WARN  SELL_SKIP [US] BAIG reason=PHANTOM_POSITION phase=NONE qty=6 avgPrice=37.6000
2026-05-07 04:26:17 WARN  SELL_SKIP [US] BAIG reason=PHANTOM_POSITION phase=NONE qty=6 avgPrice=37.6000
2026-05-07 04:26:22 WARN  SELL_SKIP [US] BAIG reason=PHANTOM_POSITION phase=NONE qty=6 avgPrice=37.6000
2026-05-07 04:26:27 WARN  SELL_SKIP [US] BAIG reason=PHANTOM_POSITION phase=NONE qty=6 avgPrice=37.6000
2026-05-07 04:26:32 WARN  SELL_SKIP [US] BAIG reason=PHANTOM_POSITION phase=NONE qty=6 avgPrice=37.6000
2026-05-07 04:26:37 WARN  SELL_SKIP [US] BAIG reason=PHANTOM_POSITION phase=NONE qty=6 avgPrice=37.6000
2026-05-07 04:26:42 WARN  SELL_SKIP [US] BAIG reason=PHANTOM_POSITION phase=NONE qty=6 avgPrice=37.6000
2026-05-07 04:26:48 WARN  SELL_SKIP [US] BAIG reason=PHANTOM_POSITION phase=NONE qty=6 avgPrice=37.6000
2026-05-07 04:26:53 WARN  SELL_SKIP [US] BAIG reason=PHANTOM_POSITION phase=NONE qty=6 avgPrice=37.6000
2026-05-07 04:26:58 WARN  SELL_SKIP [US] BAIG reason=PHANTOM_POSITION phase=NONE qty=6 avgPrice=37.6000
2026-05-07 04:27:03 WARN  SELL_SKIP [US] BAIG reason=PHANTOM_POSITION phase=NONE qty=6 avgPrice=37.6000
2026-05-07 04:27:08 WARN  SELL_SKIP [US] BAIG reason=PHANTOM_POSITION phase=NONE qty=6 avgPrice=37.6000
2026-05-07 04:27:13 WARN  SELL_SKIP [US] BAIG reason=PHANTOM_POSITION phase=NONE qty=6 avgPrice=37.6000
2026-05-07 04:27:18 WARN  SELL_SKIP [US] BAIG reason=PHANTOM_POSITION phase=NONE qty=6 avgPrice=37.6000
2026-05-07 04:27:23 WARN  SELL_SKIP [US] BAIG reason=PHANTOM_POSITION phase=NONE qty=6 avgPrice=37.6000
2026-05-07 04:27:28 WARN  SELL_SKIP [US] BAIG reason=PHANTOM_POSITION phase=NONE qty=6 avgPrice=37.6000
2026-05-07 04:27:33 WARN  SELL_SKIP [US] BAIG reason=PHANTOM_POSITION phase=NONE qty=6 avgPrice=37.6000
2026-05-07 04:27:38 WARN  SELL_SKIP [US] BAIG reason=PHANTOM_POSITION phase=NONE qty=6 avgPrice=37.6000
2026-05-07 04:27:44 WARN  SELL_SKIP [US] BAIG reason=PHANTOM_POSITION phase=NONE qty=6 avgPrice=37.6000
2026-05-07 04:27:49 WARN  SELL_SKIP [US] BAIG reason=PHANTOM_POSITION phase=NONE qty=6 avgPrice=37.6000
2026-05-07 04:27:54 WARN  SELL_SKIP [US] BAIG reason=PHANTOM_POSITION phase=NONE qty=6 avgPrice=37.6000
2026-05-07 04:27:59 WARN  SELL_SKIP [US] BAIG reason=PHANTOM_POSITION phase=NONE qty=6 avgPrice=37.6000
2026-05-07 04:28:04 WARN  SELL_SKIP [US] BAIG reason=PHANTOM_POSITION phase=NONE qty=6 avgPrice=37.6000
2026-05-07 04:28:09 WARN  SELL_SKIP [US] BAIG reason=PHANTOM_POSITION phase=NONE qty=6 avgPrice=37.6000
2026-05-07 04:28:14 WARN  SELL_SKIP [US] BAIG reason=PHANTOM_POSITION phase=NONE qty=6 avgPrice=37.6000
2026-05-07 04:28:19 WARN  SELL_SKIP [US] BAIG reason=PHANTOM_POSITION phase=NONE qty=6 avgPrice=37.6000
2026-05-07 04:28:24 WARN  SELL_SKIP [US] BAIG reason=PHANTOM_POSITION phase=NONE qty=6 avgPrice=37.6000
2026-05-07 04:28:24 WARN  BUY_SKIP [US] MRVL reason=AMOUNT_TOO_SMALL amount=300.0000 size=0.8000x price=171.2800
2026-05-07 04:28:29 WARN  SELL_SKIP [US] BAIG reason=PHANTOM_POSITION phase=NONE qty=6 avgPrice=37.6000
2026-05-07 04:28:34 WARN  SELL_SKIP [US] BAIG reason=PHANTOM_POSITION phase=NONE qty=6 avgPrice=37.6000
2026-05-07 04:28:40 WARN  SELL_SKIP [US] BAIG reason=PHANTOM_POSITION phase=NONE qty=6 avgPrice=37.6000
2026-05-07 04:28:45 WARN  SELL_SKIP [US] BAIG reason=PHANTOM_POSITION phase=NONE qty=6 avgPrice=37.6000
2026-05-07 04:28:50 WARN  SELL_SKIP [US] BAIG reason=PHANTOM_POSITION phase=NONE qty=6 avgPrice=37.6000
2026-05-07 04:28:55 WARN  SELL_SKIP [US] BAIG reason=PHANTOM_POSITION phase=NONE qty=6 avgPrice=37.6000
2026-05-07 04:29:00 WARN  SELL_SKIP [US] BAIG reason=PHANTOM_POSITION phase=NONE qty=6 avgPrice=37.6000
2026-05-07 04:29:05 WARN  SELL_SKIP [US] BAIG reason=PHANTOM_POSITION phase=NONE qty=6 avgPrice=37.6000
2026-05-07 04:29:10 WARN  SELL_SKIP [US] BAIG reason=PHANTOM_POSITION phase=NONE qty=6 avgPrice=37.6000
2026-05-07 04:29:15 WARN  SELL_SKIP [US] BAIG reason=PHANTOM_POSITION phase=NONE qty=6 avgPrice=37.6000
2026-05-07 04:29:20 WARN  SELL_SKIP [US] BAIG reason=PHANTOM_POSITION phase=NONE qty=6 avgPrice=37.6000
2026-05-07 04:29:25 WARN  SELL_SKIP [US] BAIG reason=PHANTOM_POSITION phase=NONE qty=6 avgPrice=37.6000
2026-05-07 04:29:31 WARN  SELL_SKIP [US] BAIG reason=PHANTOM_POSITION phase=NONE qty=6 avgPrice=37.6000
2026-05-07 04:29:36 WARN  SELL_SKIP [US] BAIG reason=PHANTOM_POSITION phase=NONE qty=6 avgPrice=37.6000
2026-05-07 04:29:41 WARN  SELL_SKIP [US] BAIG reason=PHANTOM_POSITION phase=NONE qty=6 avgPrice=37.6000
2026-05-07 04:29:46 WARN  SELL_SKIP [US] BAIG reason=PHANTOM_POSITION phase=NONE qty=6 avgPrice=37.6000
2026-05-07 04:29:51 WARN  SELL_SKIP [US] BAIG reason=PHANTOM_POSITION phase=NONE qty=6 avgPrice=37.6000
2026-05-07 04:29:56 WARN  SELL_SKIP [US] BAIG reason=PHANTOM_POSITION phase=NONE qty=6 avgPrice=37.6000
2026-05-07 04:30:01 WARN  SELL_SKIP [US] BAIG reason=PHANTOM_POSITION phase=NONE qty=6 avgPrice=37.6000
2026-05-07 04:30:07 WARN  SELL_SKIP [US] BAIG reason=PHANTOM_POSITION phase=NONE qty=6 avgPrice=37.6000
2026-05-07 04:30:12 WARN  SELL_SKIP [US] BAIG reason=PHANTOM_POSITION phase=NONE qty=6 avgPrice=37.6000
2026-05-07 04:30:17 WARN  SELL_SKIP [US] BAIG reason=PHANTOM_POSITION phase=NONE qty=6 avgPrice=37.6000
2026-05-07 04:30:22 WARN  SELL_SKIP [US] BAIG reason=PHANTOM_POSITION phase=NONE qty=6 avgPrice=37.6000
2026-05-07 04:30:27 WARN  SELL_SKIP [US] BAIG reason=PHANTOM_POSITION phase=NONE qty=6 avgPrice=37.6000
2026-05-07 04:30:32 WARN  SELL_SKIP [US] BAIG reason=PHANTOM_POSITION phase=NONE qty=6 avgPrice=37.6000
2026-05-07 04:30:37 WARN  SELL_SKIP [US] BAIG reason=PHANTOM_POSITION phase=NONE qty=6 avgPrice=37.6000
2026-05-07 04:30:42 WARN  SELL_SKIP [US] BAIG reason=PHANTOM_POSITION phase=NONE qty=6 avgPrice=37.6000
2026-05-07 04:30:47 WARN  SELL_SKIP [US] BAIG reason=PHANTOM_POSITION phase=NONE qty=6 avgPrice=37.6000
2026-05-07 04:30:52 WARN  SELL_SKIP [US] BAIG reason=PHANTOM_POSITION phase=NONE qty=6 avgPrice=37.6000
2026-05-07 04:30:57 WARN  SELL_SKIP [US] BAIG reason=PHANTOM_POSITION phase=NONE qty=6 avgPrice=37.6000
2026-05-07 04:31:02 WARN  SELL_SKIP [US] BAIG reason=PHANTOM_POSITION phase=NONE qty=6 avgPrice=37.6000
2026-05-07 04:31:07 WARN  SELL_SKIP [US] BAIG reason=PHANTOM_POSITION phase=NONE qty=6 avgPrice=37.6000
2026-05-07 04:31:12 WARN  SELL_SKIP [US] BAIG reason=PHANTOM_POSITION phase=NONE qty=6 avgPrice=37.6000
2026-05-07 04:31:17 WARN  SELL_SKIP [US] BAIG reason=PHANTOM_POSITION phase=NONE qty=6 avgPrice=37.6000
2026-05-07 04:31:22 WARN  SELL_SKIP [US] BAIG reason=PHANTOM_POSITION phase=NONE qty=6 avgPrice=37.6000
2026-05-07 04:31:28 WARN  SELL_SKIP [US] BAIG reason=PHANTOM_POSITION phase=NONE qty=6 avgPrice=37.6000
2026-05-07 04:31:33 WARN  SELL_SKIP [US] BAIG reason=PHANTOM_POSITION phase=NONE qty=6 avgPrice=37.6000
2026-05-07 04:31:38 WARN  SELL_SKIP [US] BAIG reason=PHANTOM_POSITION phase=NONE qty=6 avgPrice=37.6000
2026-05-07 04:31:43 WARN  SELL_SKIP [US] BAIG reason=PHANTOM_POSITION phase=NONE qty=6 avgPrice=37.6000
2026-05-07 04:31:48 WARN  SELL_SKIP [US] BAIG reason=PHANTOM_POSITION phase=NONE qty=6 avgPrice=37.6000
2026-05-07 04:31:53 WARN  SELL_SKIP [US] BAIG reason=PHANTOM_POSITION phase=NONE qty=6 avgPrice=37.6000
2026-05-07 04:31:58 WARN  SELL_SKIP [US] BAIG reason=PHANTOM_POSITION phase=NONE qty=6 avgPrice=37.6000
2026-05-07 04:32:03 WARN  SELL_SKIP [US] BAIG reason=PHANTOM_POSITION phase=NONE qty=6 avgPrice=37.6000
2026-05-07 04:32:09 WARN  SELL_SKIP [US] BAIG reason=PHANTOM_POSITION phase=NONE qty=6 avgPrice=37.6000
2026-05-07 04:32:14 WARN  SELL_SKIP [US] BAIG reason=PHANTOM_POSITION phase=NONE qty=6 avgPrice=37.6000
2026-05-07 04:32:19 WARN  SELL_SKIP [US] BAIG reason=PHANTOM_POSITION phase=NONE qty=6 avgPrice=37.6000
2026-05-07 04:32:24 WARN  SELL_SKIP [US] BAIG reason=PHANTOM_POSITION phase=NONE qty=6 avgPrice=37.6000
2026-05-07 04:32:29 WARN  SELL_SKIP [US] BAIG reason=PHANTOM_POSITION phase=NONE qty=6 avgPrice=37.6000
2026-05-07 04:32:34 WARN  SELL_SKIP [US] BAIG reason=PHANTOM_POSITION phase=NONE qty=6 avgPrice=37.6000
2026-05-07 04:32:39 WARN  SELL_SKIP [US] BAIG reason=PHANTOM_POSITION phase=NONE qty=6 avgPrice=37.6000
2026-05-07 04:32:44 WARN  SELL_SKIP [US] BAIG reason=PHANTOM_POSITION phase=NONE qty=6 avgPrice=37.6000
2026-05-07 04:32:49 WARN  SELL_SKIP [US] BAIG reason=PHANTOM_POSITION phase=NONE qty=6 avgPrice=37.6000
2026-05-07 04:32:59 WARN  SELL_SKIP [US] BAIG reason=PHANTOM_POSITION phase=NONE qty=6 avgPrice=37.6000
2026-05-07 04:33:04 WARN  SELL_SKIP [US] BAIG reason=PHANTOM_POSITION phase=NONE qty=6 avgPrice=37.6000
2026-05-07 04:33:09 WARN  SELL_SKIP [US] BAIG reason=PHANTOM_POSITION phase=NONE qty=6 avgPrice=37.6000
2026-05-07 04:33:15 WARN  SELL_SKIP [US] BAIG reason=PHANTOM_POSITION phase=NONE qty=6 avgPrice=37.6000
2026-05-07 04:33:20 WARN  SELL_SKIP [US] BAIG reason=PHANTOM_POSITION phase=NONE qty=6 avgPrice=37.6000
2026-05-07 04:33:25 WARN  SELL_SKIP [US] BAIG reason=PHANTOM_POSITION phase=NONE qty=6 avgPrice=37.6000
2026-05-07 04:33:30 WARN  SELL_SKIP [US] BAIG reason=PHANTOM_POSITION phase=NONE qty=6 avgPrice=37.6000
2026-05-07 04:33:35 WARN  SELL_SKIP [US] BAIG reason=PHANTOM_POSITION phase=NONE qty=6 avgPrice=37.6000
2026-05-07 04:33:40 WARN  SELL_SKIP [US] BAIG reason=PHANTOM_POSITION phase=NONE qty=6 avgPrice=37.6000
2026-05-07 04:33:45 WARN  SELL_SKIP [US] BAIG reason=PHANTOM_POSITION phase=NONE qty=6 avgPrice=37.6000
2026-05-07 04:33:50 WARN  SELL_SKIP [US] BAIG reason=PHANTOM_POSITION phase=NONE qty=6 avgPrice=37.6000
2026-05-07 04:33:55 WARN  SELL_SKIP [US] BAIG reason=PHANTOM_POSITION phase=NONE qty=6 avgPrice=37.6000
2026-05-07 04:34:00 WARN  SELL_SKIP [US] BAIG reason=PHANTOM_POSITION phase=NONE qty=6 avgPrice=37.6000
2026-05-07 04:34:05 WARN  SELL_SKIP [US] BAIG reason=PHANTOM_POSITION phase=NONE qty=6 avgPrice=37.6000
2026-05-07 04:34:10 WARN  SELL_SKIP [US] BAIG reason=PHANTOM_POSITION phase=NONE qty=6 avgPrice=37.6000
2026-05-07 04:34:16 WARN  SELL_SKIP [US] BAIG reason=PHANTOM_POSITION phase=NONE qty=6 avgPrice=37.6000
2026-05-07 04:34:23 WARN  SELL_SKIP [US] BAIG reason=PHANTOM_POSITION phase=NONE qty=6 avgPrice=37.6000
2026-05-07 04:34:33 WARN  SELL_SKIP [US] BAIG reason=PHANTOM_POSITION phase=NONE qty=6 avgPrice=37.6000
2026-05-07 04:34:38 WARN  SELL_SKIP [US] BAIG reason=PHANTOM_POSITION phase=NONE qty=6 avgPrice=37.6000
2026-05-07 04:34:43 WARN  SELL_SKIP [US] BAIG reason=PHANTOM_POSITION phase=NONE qty=6 avgPrice=37.6000
2026-05-07 04:34:48 WARN  SELL_SKIP [US] BAIG reason=PHANTOM_POSITION phase=NONE qty=6 avgPrice=37.6000
2026-05-07 04:34:53 WARN  SELL_SKIP [US] BAIG reason=PHANTOM_POSITION phase=NONE qty=6 avgPrice=37.6000
2026-05-07 04:34:59 WARN  SELL_SKIP [US] BAIG reason=PHANTOM_POSITION phase=NONE qty=6 avgPrice=37.6000
2026-05-07 04:35:04 WARN  SELL_SKIP [US] BAIG reason=PHANTOM_POSITION phase=NONE qty=6 avgPrice=37.6000
2026-05-07 04:35:09 WARN  SELL_SKIP [US] BAIG reason=PHANTOM_POSITION phase=NONE qty=6 avgPrice=37.6000
2026-05-07 04:35:09 INFO  BUY [US] AXTI mode=BREAKOUT price=104.4300 qty=2 size=0.8000x score=85(CONV) | WHY: strongBreakout retestOK multiUp vol(1.56x) | VWAP: 0.49%(ABOVE slope=UP) | TREND: score=3 vel=0.57%/0.58%/0.84% | VOL: 8803083.0000/5658986.7000 TO: 918865803.5400/587426490.9009 | entryNo=2
2026-05-07 04:35:10 WARN  BUY_REJECTED AXTI phase=NONE
2026-05-07 04:35:14 WARN  SELL_SKIP [US] BAIG reason=PHANTOM_POSITION phase=NONE qty=6 avgPrice=37.6000
2026-05-07 04:35:19 WARN  SELL_SKIP [US] BAIG reason=PHANTOM_POSITION phase=NONE qty=6 avgPrice=37.6000
2026-05-07 04:35:24 WARN  SELL_SKIP [US] BAIG reason=PHANTOM_POSITION phase=NONE qty=6 avgPrice=37.6000
2026-05-07 04:35:29 WARN  SELL_SKIP [US] BAIG reason=PHANTOM_POSITION phase=NONE qty=6 avgPrice=37.6000
2026-05-07 04:35:34 WARN  SELL_SKIP [US] BAIG reason=PHANTOM_POSITION phase=NONE qty=6 avgPrice=37.6000
2026-05-07 04:35:39 WARN  SELL_SKIP [US] BAIG reason=PHANTOM_POSITION phase=NONE qty=6 avgPrice=37.6000
2026-05-07 04:35:44 WARN  SELL_SKIP [US] BAIG reason=PHANTOM_POSITION phase=NONE qty=6 avgPrice=37.6000
2026-05-07 04:35:49 WARN  SELL_SKIP [US] BAIG reason=PHANTOM_POSITION phase=NONE qty=6 avgPrice=37.6000
2026-05-07 04:35:54 WARN  SELL_SKIP [US] BAIG reason=PHANTOM_POSITION phase=NONE qty=6 avgPrice=37.6000
2026-05-07 04:35:59 WARN  SELL_SKIP [US] BAIG reason=PHANTOM_POSITION phase=NONE qty=6 avgPrice=37.6000
2026-05-07 04:36:05 WARN  SELL_SKIP [US] BAIG reason=PHANTOM_POSITION phase=NONE qty=6 avgPrice=37.6000
2026-05-07 04:36:10 WARN  SELL_SKIP [US] BAIG reason=PHANTOM_POSITION phase=NONE qty=6 avgPrice=37.6000
2026-05-07 04:36:15 WARN  SELL_SKIP [US] BAIG reason=PHANTOM_POSITION phase=NONE qty=6 avgPrice=37.6000
2026-05-07 04:36:20 WARN  SELL_SKIP [US] BAIG reason=PHANTOM_POSITION phase=NONE qty=6 avgPrice=37.6000
2026-05-07 04:36:25 WARN  SELL_SKIP [US] BAIG reason=PHANTOM_POSITION phase=NONE qty=6 avgPrice=37.6000
2026-05-07 04:36:30 WARN  SELL_SKIP [US] BAIG reason=PHANTOM_POSITION phase=NONE qty=6 avgPrice=37.6000
2026-05-07 04:36:35 WARN  SELL_SKIP [US] BAIG reason=PHANTOM_POSITION phase=NONE qty=6 avgPrice=37.6000
2026-05-07 04:36:40 WARN  SELL_SKIP [US] BAIG reason=PHANTOM_POSITION phase=NONE qty=6 avgPrice=37.6000
2026-05-07 04:36:45 WARN  SELL_SKIP [US] BAIG reason=PHANTOM_POSITION phase=NONE qty=6 avgPrice=37.6000
2026-05-07 04:36:50 WARN  SELL_SKIP [US] BAIG reason=PHANTOM_POSITION phase=NONE qty=6 avgPrice=37.6000
2026-05-07 04:36:55 WARN  SELL_SKIP [US] BAIG reason=PHANTOM_POSITION phase=NONE qty=6 avgPrice=37.6000
2026-05-07 04:37:01 WARN  SELL_SKIP [US] BAIG reason=PHANTOM_POSITION phase=NONE qty=6 avgPrice=37.6000
2026-05-07 04:37:06 WARN  SELL_SKIP [US] BAIG reason=PHANTOM_POSITION phase=NONE qty=6 avgPrice=37.6000
2026-05-07 04:37:11 WARN  SELL_SKIP [US] BAIG reason=PHANTOM_POSITION phase=NONE qty=6 avgPrice=37.6000
2026-05-07 04:37:16 WARN  SELL_SKIP [US] BAIG reason=PHANTOM_POSITION phase=NONE qty=6 avgPrice=37.6000
2026-05-07 04:37:21 WARN  SELL_SKIP [US] BAIG reason=PHANTOM_POSITION phase=NONE qty=6 avgPrice=37.6000
2026-05-07 04:37:26 WARN  SELL_SKIP [US] BAIG reason=PHANTOM_POSITION phase=NONE qty=6 avgPrice=37.6000
2026-05-07 04:37:31 WARN  SELL_SKIP [US] BAIG reason=PHANTOM_POSITION phase=NONE qty=6 avgPrice=37.6000
2026-05-07 04:37:36 WARN  SELL_SKIP [US] BAIG reason=PHANTOM_POSITION phase=NONE qty=6 avgPrice=37.6000
2026-05-07 04:37:41 WARN  SELL_SKIP [US] BAIG reason=PHANTOM_POSITION phase=NONE qty=6 avgPrice=37.6000
2026-05-07 04:37:46 WARN  SELL_SKIP [US] BAIG reason=PHANTOM_POSITION phase=NONE qty=6 avgPrice=37.6000
2026-05-07 04:37:51 WARN  SELL_SKIP [US] BAIG reason=PHANTOM_POSITION phase=NONE qty=6 avgPrice=37.6000
2026-05-07 04:37:57 WARN  SELL_SKIP [US] BAIG reason=PHANTOM_POSITION phase=NONE qty=6 avgPrice=37.6000
2026-05-07 04:38:02 WARN  SELL_SKIP [US] BAIG reason=PHANTOM_POSITION phase=NONE qty=6 avgPrice=37.6000
2026-05-07 04:38:07 WARN  SELL_SKIP [US] BAIG reason=PHANTOM_POSITION phase=NONE qty=6 avgPrice=37.6000
2026-05-07 04:38:12 WARN  SELL_SKIP [US] BAIG reason=PHANTOM_POSITION phase=NONE qty=6 avgPrice=37.6000
2026-05-07 04:38:17 WARN  SELL_SKIP [US] BAIG reason=PHANTOM_POSITION phase=NONE qty=6 avgPrice=37.6000
2026-05-07 04:38:22 WARN  SELL_SKIP [US] BAIG reason=PHANTOM_POSITION phase=NONE qty=6 avgPrice=37.6000
2026-05-07 04:38:27 WARN  SELL_SKIP [US] BAIG reason=PHANTOM_POSITION phase=NONE qty=6 avgPrice=37.6000
2026-05-07 04:38:32 WARN  SELL_SKIP [US] BAIG reason=PHANTOM_POSITION phase=NONE qty=6 avgPrice=37.6000
2026-05-07 04:38:37 WARN  SELL_SKIP [US] BAIG reason=PHANTOM_POSITION phase=NONE qty=6 avgPrice=37.6000
2026-05-07 04:38:42 WARN  SELL_SKIP [US] BAIG reason=PHANTOM_POSITION phase=NONE qty=6 avgPrice=37.6000
2026-05-07 04:38:47 WARN  SELL_SKIP [US] BAIG reason=PHANTOM_POSITION phase=NONE qty=6 avgPrice=37.6000
2026-05-07 04:38:52 WARN  SELL_SKIP [US] BAIG reason=PHANTOM_POSITION phase=NONE qty=6 avgPrice=37.6000
2026-05-07 04:38:58 WARN  SELL_SKIP [US] BAIG reason=PHANTOM_POSITION phase=NONE qty=6 avgPrice=37.6000
2026-05-07 04:39:03 WARN  SELL_SKIP [US] BAIG reason=PHANTOM_POSITION phase=NONE qty=6 avgPrice=37.6000
2026-05-07 04:39:08 WARN  SELL_SKIP [US] BAIG reason=PHANTOM_POSITION phase=NONE qty=6 avgPrice=37.6000
2026-05-07 04:39:13 WARN  SELL_SKIP [US] BAIG reason=PHANTOM_POSITION phase=NONE qty=6 avgPrice=37.6000
2026-05-07 04:39:18 WARN  SELL_SKIP [US] BAIG reason=PHANTOM_POSITION phase=NONE qty=6 avgPrice=37.6000
2026-05-07 04:39:23 WARN  SELL_SKIP [US] BAIG reason=PHANTOM_POSITION phase=NONE qty=6 avgPrice=37.6000
2026-05-07 04:39:28 WARN  SELL_SKIP [US] BAIG reason=PHANTOM_POSITION phase=NONE qty=6 avgPrice=37.6000
2026-05-07 04:39:33 WARN  SELL_SKIP [US] BAIG reason=PHANTOM_POSITION phase=NONE qty=6 avgPrice=37.6000
2026-05-07 04:39:38 WARN  SELL_SKIP [US] BAIG reason=PHANTOM_POSITION phase=NONE qty=6 avgPrice=37.6000
2026-05-07 04:39:43 WARN  SELL_SKIP [US] BAIG reason=PHANTOM_POSITION phase=NONE qty=6 avgPrice=37.6000
2026-05-07 04:39:48 WARN  SELL_SKIP [US] BAIG reason=PHANTOM_POSITION phase=NONE qty=6 avgPrice=37.6000
2026-05-07 04:39:54 WARN  SELL_SKIP [US] BAIG reason=PHANTOM_POSITION phase=NONE qty=6 avgPrice=37.6000
2026-05-07 04:39:59 WARN  SELL_SKIP [US] BAIG reason=PHANTOM_POSITION phase=NONE qty=6 avgPrice=37.6000
2026-05-07 04:40:04 WARN  SELL_SKIP [US] BAIG reason=PHANTOM_POSITION phase=NONE qty=6 avgPrice=37.6000
2026-05-07 04:40:09 WARN  SELL_SKIP [US] BAIG reason=PHANTOM_POSITION phase=NONE qty=6 avgPrice=37.6000
2026-05-07 04:40:09 WARN  BUY_SKIP [US] MRVL reason=AMOUNT_TOO_SMALL amount=300.0000 size=1.0000x price=171.5200
2026-05-07 04:40:14 WARN  SELL_SKIP [US] BAIG reason=PHANTOM_POSITION phase=NONE qty=6 avgPrice=37.6000
2026-05-07 04:40:19 WARN  SELL_SKIP [US] BAIG reason=PHANTOM_POSITION phase=NONE qty=6 avgPrice=37.6000
2026-05-07 04:40:24 WARN  SELL_SKIP [US] BAIG reason=PHANTOM_POSITION phase=NONE qty=6 avgPrice=37.6000
2026-05-07 04:40:25 WARN  BUY_SKIP [US] MRVL reason=AMOUNT_TOO_SMALL amount=300.0000 size=1.0000x price=171.5500
2026-05-07 04:40:29 WARN  SELL_SKIP [US] BAIG reason=PHANTOM_POSITION phase=NONE qty=6 avgPrice=37.6000
2026-05-07 04:40:34 WARN  SELL_SKIP [US] BAIG reason=PHANTOM_POSITION phase=NONE qty=6 avgPrice=37.6000
2026-05-07 04:40:39 WARN  SELL_SKIP [US] BAIG reason=PHANTOM_POSITION phase=NONE qty=6 avgPrice=37.6000
2026-05-07 04:40:44 WARN  SELL_SKIP [US] BAIG reason=PHANTOM_POSITION phase=NONE qty=6 avgPrice=37.6000
2026-05-07 04:40:49 WARN  SELL_SKIP [US] BAIG reason=PHANTOM_POSITION phase=NONE qty=6 avgPrice=37.6000
2026-05-07 04:40:55 WARN  SELL_SKIP [US] BAIG reason=PHANTOM_POSITION phase=NONE qty=6 avgPrice=37.6000
2026-05-07 04:41:00 WARN  SELL_SKIP [US] BAIG reason=PHANTOM_POSITION phase=NONE qty=6 avgPrice=37.6000
2026-05-07 04:41:05 WARN  SELL_SKIP [US] BAIG reason=PHANTOM_POSITION phase=NONE qty=6 avgPrice=37.6000
2026-05-07 04:41:10 WARN  SELL_SKIP [US] BAIG reason=PHANTOM_POSITION phase=NONE qty=6 avgPrice=37.6000
2026-05-07 04:41:15 WARN  SELL_SKIP [US] BAIG reason=PHANTOM_POSITION phase=NONE qty=6 avgPrice=37.6000
2026-05-07 04:41:20 WARN  SELL_SKIP [US] BAIG reason=PHANTOM_POSITION phase=NONE qty=6 avgPrice=37.6000
2026-05-07 04:41:25 WARN  SELL_SKIP [US] BAIG reason=PHANTOM_POSITION phase=NONE qty=6 avgPrice=37.6000
2026-05-07 04:41:30 WARN  SELL_SKIP [US] BAIG reason=PHANTOM_POSITION phase=NONE qty=6 avgPrice=37.6000
2026-05-07 04:41:35 WARN  SELL_SKIP [US] BAIG reason=PHANTOM_POSITION phase=NONE qty=6 avgPrice=37.6000
2026-05-07 04:41:40 WARN  SELL_SKIP [US] BAIG reason=PHANTOM_POSITION phase=NONE qty=6 avgPrice=37.6000
2026-05-07 04:41:45 WARN  SELL_SKIP [US] BAIG reason=PHANTOM_POSITION phase=NONE qty=6 avgPrice=37.6000
2026-05-07 04:41:50 WARN  SELL_SKIP [US] BAIG reason=PHANTOM_POSITION phase=NONE qty=6 avgPrice=37.6000
2026-05-07 04:41:56 WARN  SELL_SKIP [US] BAIG reason=PHANTOM_POSITION phase=NONE qty=6 avgPrice=37.6000
2026-05-07 04:42:01 WARN  SELL_SKIP [US] BAIG reason=PHANTOM_POSITION phase=NONE qty=6 avgPrice=37.6000
2026-05-07 04:42:06 WARN  SELL_SKIP [US] BAIG reason=PHANTOM_POSITION phase=NONE qty=6 avgPrice=37.6000
2026-05-07 04:42:11 WARN  SELL_SKIP [US] BAIG reason=PHANTOM_POSITION phase=NONE qty=6 avgPrice=37.6000
2026-05-07 04:42:16 WARN  SELL_SKIP [US] BAIG reason=PHANTOM_POSITION phase=NONE qty=6 avgPrice=37.6000
2026-05-07 04:42:21 WARN  SELL_SKIP [US] BAIG reason=PHANTOM_POSITION phase=NONE qty=6 avgPrice=37.6000
2026-05-07 04:42:26 WARN  SELL_SKIP [US] BAIG reason=PHANTOM_POSITION phase=NONE qty=6 avgPrice=37.6000
2026-05-07 04:42:31 WARN  SELL_SKIP [US] BAIG reason=PHANTOM_POSITION phase=NONE qty=6 avgPrice=37.6000
2026-05-07 04:42:36 WARN  SELL_SKIP [US] BAIG reason=PHANTOM_POSITION phase=NONE qty=6 avgPrice=37.6000
2026-05-07 04:42:41 WARN  SELL_SKIP [US] BAIG reason=PHANTOM_POSITION phase=NONE qty=6 avgPrice=37.6000
2026-05-07 04:42:46 WARN  SELL_SKIP [US] BAIG reason=PHANTOM_POSITION phase=NONE qty=6 avgPrice=37.6000
2026-05-07 04:42:52 WARN  SELL_SKIP [US] BAIG reason=PHANTOM_POSITION phase=NONE qty=6 avgPrice=37.6000
2026-05-07 04:42:57 WARN  SELL_SKIP [US] BAIG reason=PHANTOM_POSITION phase=NONE qty=6 avgPrice=37.6000
2026-05-07 04:43:02 WARN  SELL_SKIP [US] BAIG reason=PHANTOM_POSITION phase=NONE qty=6 avgPrice=37.6000
2026-05-07 04:43:07 WARN  SELL_SKIP [US] BAIG reason=PHANTOM_POSITION phase=NONE qty=6 avgPrice=37.6000
2026-05-07 04:43:12 WARN  SELL_SKIP [US] BAIG reason=PHANTOM_POSITION phase=NONE qty=6 avgPrice=37.6000
2026-05-07 04:43:17 WARN  SELL_SKIP [US] BAIG reason=PHANTOM_POSITION phase=NONE qty=6 avgPrice=37.6000
2026-05-07 04:43:22 WARN  SELL_SKIP [US] BAIG reason=PHANTOM_POSITION phase=NONE qty=6 avgPrice=37.6000
2026-05-07 04:43:27 WARN  SELL_SKIP [US] BAIG reason=PHANTOM_POSITION phase=NONE qty=6 avgPrice=37.6000
2026-05-07 04:43:32 WARN  SELL_SKIP [US] BAIG reason=PHANTOM_POSITION phase=NONE qty=6 avgPrice=37.6000
2026-05-07 04:43:37 WARN  SELL_SKIP [US] BAIG reason=PHANTOM_POSITION phase=NONE qty=6 avgPrice=37.6000
2026-05-07 04:43:42 WARN  SELL_SKIP [US] BAIG reason=PHANTOM_POSITION phase=NONE qty=6 avgPrice=37.6000
2026-05-07 04:43:48 WARN  SELL_SKIP [US] BAIG reason=PHANTOM_POSITION phase=NONE qty=6 avgPrice=37.6000
2026-05-07 04:43:53 WARN  SELL_SKIP [US] BAIG reason=PHANTOM_POSITION phase=NONE qty=6 avgPrice=37.6000
2026-05-07 04:43:58 WARN  SELL_SKIP [US] BAIG reason=PHANTOM_POSITION phase=NONE qty=6 avgPrice=37.6000
2026-05-07 04:44:03 WARN  SELL_SKIP [US] BAIG reason=PHANTOM_POSITION phase=NONE qty=6 avgPrice=37.6000
2026-05-07 04:44:08 WARN  SELL_SKIP [US] BAIG reason=PHANTOM_POSITION phase=NONE qty=6 avgPrice=37.6000
2026-05-07 04:44:13 WARN  SELL_SKIP [US] BAIG reason=PHANTOM_POSITION phase=NONE qty=6 avgPrice=37.6000
2026-05-07 04:44:18 WARN  SELL_SKIP [US] BAIG reason=PHANTOM_POSITION phase=NONE qty=6 avgPrice=37.6000
2026-05-07 04:44:23 WARN  SELL_SKIP [US] BAIG reason=PHANTOM_POSITION phase=NONE qty=6 avgPrice=37.6000
2026-05-07 04:44:28 WARN  SELL_SKIP [US] BAIG reason=PHANTOM_POSITION phase=NONE qty=6 avgPrice=37.6000
2026-05-07 04:44:33 WARN  SELL_SKIP [US] BAIG reason=PHANTOM_POSITION phase=NONE qty=6 avgPrice=37.6000
2026-05-07 04:44:38 WARN  SELL_SKIP [US] BAIG reason=PHANTOM_POSITION phase=NONE qty=6 avgPrice=37.6000
2026-05-07 04:44:43 WARN  SELL_SKIP [US] BAIG reason=PHANTOM_POSITION phase=NONE qty=6 avgPrice=37.6000
2026-05-07 04:44:49 WARN  SELL_SKIP [US] BAIG reason=PHANTOM_POSITION phase=NONE qty=6 avgPrice=37.6000
2026-05-07 04:44:54 WARN  SELL_SKIP [US] BAIG reason=PHANTOM_POSITION phase=NONE qty=6 avgPrice=37.6000
2026-05-07 04:44:59 WARN  SELL_SKIP [US] BAIG reason=PHANTOM_POSITION phase=NONE qty=6 avgPrice=37.6000
2026-05-07 04:45:04 WARN  SELL_SKIP [US] BAIG reason=PHANTOM_POSITION phase=NONE qty=6 avgPrice=37.6000
2026-05-07 04:45:09 WARN  SELL_SKIP [US] BAIG reason=PHANTOM_POSITION phase=NONE qty=6 avgPrice=37.6000
2026-05-07 04:45:14 WARN  SELL_SKIP [US] BAIG reason=PHANTOM_POSITION phase=NONE qty=6 avgPrice=37.6000
2026-05-07 04:45:19 WARN  SELL_SKIP [US] BAIG reason=PHANTOM_POSITION phase=NONE qty=6 avgPrice=37.6000
2026-05-07 04:45:24 WARN  SELL_SKIP [US] BAIG reason=PHANTOM_POSITION phase=NONE qty=6 avgPrice=37.6000
2026-05-07 04:45:29 WARN  SELL_SKIP [US] BAIG reason=PHANTOM_POSITION phase=NONE qty=6 avgPrice=37.6000
2026-05-07 04:45:34 WARN  SELL_SKIP [US] BAIG reason=PHANTOM_POSITION phase=NONE qty=6 avgPrice=37.6000
2026-05-07 04:45:40 WARN  SELL_SKIP [US] BAIG reason=PHANTOM_POSITION phase=NONE qty=6 avgPrice=37.6000
2026-05-07 04:45:45 WARN  SELL_SKIP [US] BAIG reason=PHANTOM_POSITION phase=NONE qty=6 avgPrice=37.6000
2026-05-07 04:45:50 WARN  SELL_SKIP [US] BAIG reason=PHANTOM_POSITION phase=NONE qty=6 avgPrice=37.6000
2026-05-07 04:45:55 WARN  SELL_SKIP [US] BAIG reason=PHANTOM_POSITION phase=NONE qty=6 avgPrice=37.6000
2026-05-07 04:46:00 WARN  SELL_SKIP [US] BAIG reason=PHANTOM_POSITION phase=NONE qty=6 avgPrice=37.6000
2026-05-07 04:46:05 WARN  SELL_SKIP [US] BAIG reason=PHANTOM_POSITION phase=NONE qty=6 avgPrice=37.6000
2026-05-07 04:46:10 WARN  SELL_SKIP [US] BAIG reason=PHANTOM_POSITION phase=NONE qty=6 avgPrice=37.6000
2026-05-07 04:46:15 WARN  SELL_SKIP [US] BAIG reason=PHANTOM_POSITION phase=NONE qty=6 avgPrice=37.6000
2026-05-07 04:46:20 WARN  SELL_SKIP [US] BAIG reason=PHANTOM_POSITION phase=NONE qty=6 avgPrice=37.6000
2026-05-07 04:46:25 WARN  SELL_SKIP [US] BAIG reason=PHANTOM_POSITION phase=NONE qty=6 avgPrice=37.6000
2026-05-07 04:46:30 WARN  SELL_SKIP [US] BAIG reason=PHANTOM_POSITION phase=NONE qty=6 avgPrice=37.6000
2026-05-07 04:46:35 WARN  SELL_SKIP [US] BAIG reason=PHANTOM_POSITION phase=NONE qty=6 avgPrice=37.6000
2026-05-07 04:46:40 WARN  SELL_SKIP [US] BAIG reason=PHANTOM_POSITION phase=NONE qty=6 avgPrice=37.6000
2026-05-07 04:46:46 WARN  SELL_SKIP [US] BAIG reason=PHANTOM_POSITION phase=NONE qty=6 avgPrice=37.6000
2026-05-07 04:46:51 WARN  SELL_SKIP [US] BAIG reason=PHANTOM_POSITION phase=NONE qty=6 avgPrice=37.6000
2026-05-07 04:46:56 WARN  SELL_SKIP [US] BAIG reason=PHANTOM_POSITION phase=NONE qty=6 avgPrice=37.6000
2026-05-07 04:47:01 WARN  SELL_SKIP [US] BAIG reason=PHANTOM_POSITION phase=NONE qty=6 avgPrice=37.6000
2026-05-07 04:47:06 WARN  SELL_SKIP [US] BAIG reason=PHANTOM_POSITION phase=NONE qty=6 avgPrice=37.6000
2026-05-07 04:47:11 WARN  SELL_SKIP [US] BAIG reason=PHANTOM_POSITION phase=NONE qty=6 avgPrice=37.6000
2026-05-07 04:47:16 WARN  SELL_SKIP [US] BAIG reason=PHANTOM_POSITION phase=NONE qty=6 avgPrice=37.6000
2026-05-07 04:47:21 WARN  SELL_SKIP [US] BAIG reason=PHANTOM_POSITION phase=NONE qty=6 avgPrice=37.6000
2026-05-07 04:47:26 WARN  SELL_SKIP [US] BAIG reason=PHANTOM_POSITION phase=NONE qty=6 avgPrice=37.6000
2026-05-07 04:47:31 WARN  SELL_SKIP [US] BAIG reason=PHANTOM_POSITION phase=NONE qty=6 avgPrice=37.6000
2026-05-07 04:47:36 WARN  SELL_SKIP [US] BAIG reason=PHANTOM_POSITION phase=NONE qty=6 avgPrice=37.6000
2026-05-07 04:47:42 WARN  SELL_SKIP [US] BAIG reason=PHANTOM_POSITION phase=NONE qty=6 avgPrice=37.6000
2026-05-07 04:47:47 WARN  SELL_SKIP [US] BAIG reason=PHANTOM_POSITION phase=NONE qty=6 avgPrice=37.6000
2026-05-07 04:47:52 WARN  SELL_SKIP [US] BAIG reason=PHANTOM_POSITION phase=NONE qty=6 avgPrice=37.6000
2026-05-07 04:47:57 WARN  SELL_SKIP [US] BAIG reason=PHANTOM_POSITION phase=NONE qty=6 avgPrice=37.6000
2026-05-07 04:48:02 WARN  SELL_SKIP [US] BAIG reason=PHANTOM_POSITION phase=NONE qty=6 avgPrice=37.6000
2026-05-07 04:48:07 WARN  SELL_SKIP [US] BAIG reason=PHANTOM_POSITION phase=NONE qty=6 avgPrice=37.6000
2026-05-07 04:48:12 WARN  SELL_SKIP [US] BAIG reason=PHANTOM_POSITION phase=NONE qty=6 avgPrice=37.6000
2026-05-07 04:48:17 WARN  SELL_SKIP [US] BAIG reason=PHANTOM_POSITION phase=NONE qty=6 avgPrice=37.6000
2026-05-07 04:48:22 WARN  SELL_SKIP [US] BAIG reason=PHANTOM_POSITION phase=NONE qty=6 avgPrice=37.6000
2026-05-07 04:48:27 WARN  SELL_SKIP [US] BAIG reason=PHANTOM_POSITION phase=NONE qty=6 avgPrice=37.6000
2026-05-07 04:48:32 WARN  SELL_SKIP [US] BAIG reason=PHANTOM_POSITION phase=NONE qty=6 avgPrice=37.6000
2026-05-07 04:48:37 WARN  SELL_SKIP [US] BAIG reason=PHANTOM_POSITION phase=NONE qty=6 avgPrice=37.6000
2026-05-07 04:48:43 WARN  SELL_SKIP [US] BAIG reason=PHANTOM_POSITION phase=NONE qty=6 avgPrice=37.6000
2026-05-07 04:48:48 WARN  SELL_SKIP [US] BAIG reason=PHANTOM_POSITION phase=NONE qty=6 avgPrice=37.6000
2026-05-07 04:48:53 WARN  SELL_SKIP [US] BAIG reason=PHANTOM_POSITION phase=NONE qty=6 avgPrice=37.6000
2026-05-07 04:48:58 WARN  SELL_SKIP [US] BAIG reason=PHANTOM_POSITION phase=NONE qty=6 avgPrice=37.6000
2026-05-07 04:49:03 WARN  SELL_SKIP [US] BAIG reason=PHANTOM_POSITION phase=NONE qty=6 avgPrice=37.6000
2026-05-07 04:49:08 WARN  SELL_SKIP [US] BAIG reason=PHANTOM_POSITION phase=NONE qty=6 avgPrice=37.6000
2026-05-07 04:49:13 WARN  SELL_SKIP [US] BAIG reason=PHANTOM_POSITION phase=NONE qty=6 avgPrice=37.6000
2026-05-07 04:49:18 WARN  SELL_SKIP [US] BAIG reason=PHANTOM_POSITION phase=NONE qty=6 avgPrice=37.6000
2026-05-07 04:49:23 WARN  SELL_SKIP [US] BAIG reason=PHANTOM_POSITION phase=NONE qty=6 avgPrice=37.6000
2026-05-07 04:49:28 WARN  SELL_SKIP [US] BAIG reason=PHANTOM_POSITION phase=NONE qty=6 avgPrice=37.6000
2026-05-07 04:49:33 WARN  SELL_SKIP [US] BAIG reason=PHANTOM_POSITION phase=NONE qty=6 avgPrice=37.6000
2026-05-07 04:49:39 WARN  SELL_SKIP [US] BAIG reason=PHANTOM_POSITION phase=NONE qty=6 avgPrice=37.6000
2026-05-07 04:49:44 WARN  SELL_SKIP [US] BAIG reason=PHANTOM_POSITION phase=NONE qty=6 avgPrice=37.6000
2026-05-07 04:49:49 WARN  SELL_SKIP [US] BAIG reason=PHANTOM_POSITION phase=NONE qty=6 avgPrice=37.6000
2026-05-07 04:49:54 WARN  SELL_SKIP [US] BAIG reason=PHANTOM_POSITION phase=NONE qty=6 avgPrice=37.6000
2026-05-07 04:49:59 WARN  SELL_SKIP [US] BAIG reason=PHANTOM_POSITION phase=NONE qty=6 avgPrice=37.6000
2026-05-07 04:50:04 WARN  SELL_SKIP [US] BAIG reason=PHANTOM_POSITION phase=NONE qty=6 avgPrice=37.6000
2026-05-07 04:50:09 WARN  SELL_SKIP [US] BAIG reason=PHANTOM_POSITION phase=NONE qty=6 avgPrice=37.6000
2026-05-07 04:50:10 WARN  BUY_SKIP [US] MRVL reason=AMOUNT_TOO_SMALL amount=300.0000 size=0.8000x price=170.9800
2026-05-07 04:50:14 WARN  SELL_SKIP [US] BAIG reason=PHANTOM_POSITION phase=NONE qty=6 avgPrice=37.6000
2026-05-07 04:50:19 WARN  SELL_SKIP [US] BAIG reason=PHANTOM_POSITION phase=NONE qty=6 avgPrice=37.6000
2026-05-07 04:50:24 WARN  SELL_SKIP [US] BAIG reason=PHANTOM_POSITION phase=NONE qty=6 avgPrice=37.6000
2026-05-07 04:50:25 WARN  BUY_SKIP [US] MRVL reason=AMOUNT_TOO_SMALL amount=300.0000 size=0.8000x price=170.9000
2026-05-07 04:50:29 WARN  SELL_SKIP [US] BAIG reason=PHANTOM_POSITION phase=NONE qty=6 avgPrice=37.6000
2026-05-07 04:50:34 WARN  SELL_SKIP [US] BAIG reason=PHANTOM_POSITION phase=NONE qty=6 avgPrice=37.6000
2026-05-07 04:50:40 WARN  SELL_SKIP [US] BAIG reason=PHANTOM_POSITION phase=NONE qty=6 avgPrice=37.6000
2026-05-07 04:50:45 WARN  SELL_SKIP [US] BAIG reason=PHANTOM_POSITION phase=NONE qty=6 avgPrice=37.6000
2026-05-07 04:50:50 WARN  SELL_SKIP [US] BAIG reason=PHANTOM_POSITION phase=NONE qty=6 avgPrice=37.6000
2026-05-07 04:50:55 WARN  SELL_SKIP [US] BAIG reason=PHANTOM_POSITION phase=NONE qty=6 avgPrice=37.6000
2026-05-07 04:51:00 WARN  SELL_SKIP [US] BAIG reason=PHANTOM_POSITION phase=NONE qty=6 avgPrice=37.6000
2026-05-07 04:51:05 WARN  SELL_SKIP [US] BAIG reason=PHANTOM_POSITION phase=NONE qty=6 avgPrice=37.6000
2026-05-07 04:51:10 WARN  SELL_SKIP [US] BAIG reason=PHANTOM_POSITION phase=NONE qty=6 avgPrice=37.6000
2026-05-07 04:51:15 WARN  SELL_SKIP [US] BAIG reason=PHANTOM_POSITION phase=NONE qty=6 avgPrice=37.6000
2026-05-07 04:51:20 WARN  SELL_SKIP [US] BAIG reason=PHANTOM_POSITION phase=NONE qty=6 avgPrice=37.6000
2026-05-07 04:51:25 WARN  SELL_SKIP [US] BAIG reason=PHANTOM_POSITION phase=NONE qty=6 avgPrice=37.6000
2026-05-07 04:51:30 WARN  SELL_SKIP [US] BAIG reason=PHANTOM_POSITION phase=NONE qty=6 avgPrice=37.6000
2026-05-07 04:51:35 WARN  SELL_SKIP [US] BAIG reason=PHANTOM_POSITION phase=NONE qty=6 avgPrice=37.6000
2026-05-07 04:51:40 WARN  SELL_SKIP [US] BAIG reason=PHANTOM_POSITION phase=NONE qty=6 avgPrice=37.6000
2026-05-07 04:51:46 WARN  SELL_SKIP [US] BAIG reason=PHANTOM_POSITION phase=NONE qty=6 avgPrice=37.6000
2026-05-07 04:51:51 WARN  SELL_SKIP [US] BAIG reason=PHANTOM_POSITION phase=NONE qty=6 avgPrice=37.6000
2026-05-07 04:51:56 WARN  SELL_SKIP [US] BAIG reason=PHANTOM_POSITION phase=NONE qty=6 avgPrice=37.6000
2026-05-07 04:52:01 WARN  SELL_SKIP [US] BAIG reason=PHANTOM_POSITION phase=NONE qty=6 avgPrice=37.6000
2026-05-07 04:52:06 WARN  SELL_SKIP [US] BAIG reason=PHANTOM_POSITION phase=NONE qty=6 avgPrice=37.6000
2026-05-07 04:52:11 WARN  SELL_SKIP [US] BAIG reason=PHANTOM_POSITION phase=NONE qty=6 avgPrice=37.6000
2026-05-07 04:52:16 WARN  SELL_SKIP [US] BAIG reason=PHANTOM_POSITION phase=NONE qty=6 avgPrice=37.6000
2026-05-07 04:52:21 WARN  SELL_SKIP [US] BAIG reason=PHANTOM_POSITION phase=NONE qty=6 avgPrice=37.6000
2026-05-07 04:52:26 WARN  SELL_SKIP [US] BAIG reason=PHANTOM_POSITION phase=NONE qty=6 avgPrice=37.6000
2026-05-07 04:52:31 WARN  SELL_SKIP [US] BAIG reason=PHANTOM_POSITION phase=NONE qty=6 avgPrice=37.6000
2026-05-07 04:52:36 WARN  SELL_SKIP [US] BAIG reason=PHANTOM_POSITION phase=NONE qty=6 avgPrice=37.6000
2026-05-07 04:52:41 WARN  SELL_SKIP [US] BAIG reason=PHANTOM_POSITION phase=NONE qty=6 avgPrice=37.6000
2026-05-07 04:52:47 WARN  SELL_SKIP [US] BAIG reason=PHANTOM_POSITION phase=NONE qty=6 avgPrice=37.6000
2026-05-07 04:52:52 WARN  SELL_SKIP [US] BAIG reason=PHANTOM_POSITION phase=NONE qty=6 avgPrice=37.6000
2026-05-07 04:52:57 WARN  SELL_SKIP [US] BAIG reason=PHANTOM_POSITION phase=NONE qty=6 avgPrice=37.6000
2026-05-07 04:53:02 WARN  SELL_SKIP [US] BAIG reason=PHANTOM_POSITION phase=NONE qty=6 avgPrice=37.6000
2026-05-07 04:53:07 WARN  SELL_SKIP [US] BAIG reason=PHANTOM_POSITION phase=NONE qty=6 avgPrice=37.6000
2026-05-07 04:53:12 WARN  SELL_SKIP [US] BAIG reason=PHANTOM_POSITION phase=NONE qty=6 avgPrice=37.6000
2026-05-07 04:53:17 WARN  SELL_SKIP [US] BAIG reason=PHANTOM_POSITION phase=NONE qty=6 avgPrice=37.6000
2026-05-07 04:53:22 WARN  SELL_SKIP [US] BAIG reason=PHANTOM_POSITION phase=NONE qty=6 avgPrice=37.6000
2026-05-07 04:53:27 WARN  SELL_SKIP [US] BAIG reason=PHANTOM_POSITION phase=NONE qty=6 avgPrice=37.6000
2026-05-07 04:53:32 WARN  SELL_SKIP [US] BAIG reason=PHANTOM_POSITION phase=NONE qty=6 avgPrice=37.6000
2026-05-07 04:53:37 WARN  SELL_SKIP [US] BAIG reason=PHANTOM_POSITION phase=NONE qty=6 avgPrice=37.6000
2026-05-07 04:53:42 WARN  SELL_SKIP [US] BAIG reason=PHANTOM_POSITION phase=NONE qty=6 avgPrice=37.6000
2026-05-07 04:53:48 WARN  SELL_SKIP [US] BAIG reason=PHANTOM_POSITION phase=NONE qty=6 avgPrice=37.6000
2026-05-07 04:53:53 WARN  SELL_SKIP [US] BAIG reason=PHANTOM_POSITION phase=NONE qty=6 avgPrice=37.6000
2026-05-07 04:53:58 WARN  SELL_SKIP [US] BAIG reason=PHANTOM_POSITION phase=NONE qty=6 avgPrice=37.6000
2026-05-07 04:54:03 WARN  SELL_SKIP [US] BAIG reason=PHANTOM_POSITION phase=NONE qty=6 avgPrice=37.6000
2026-05-07 04:54:08 WARN  SELL_SKIP [US] BAIG reason=PHANTOM_POSITION phase=NONE qty=6 avgPrice=37.6000
2026-05-07 04:54:13 WARN  SELL_SKIP [US] BAIG reason=PHANTOM_POSITION phase=NONE qty=6 avgPrice=37.6000
2026-05-07 04:54:18 WARN  SELL_SKIP [US] BAIG reason=PHANTOM_POSITION phase=NONE qty=6 avgPrice=37.6000
2026-05-07 04:54:23 WARN  SELL_SKIP [US] BAIG reason=PHANTOM_POSITION phase=NONE qty=6 avgPrice=37.6000
2026-05-07 04:54:28 WARN  SELL_SKIP [US] BAIG reason=PHANTOM_POSITION phase=NONE qty=6 avgPrice=37.6000
2026-05-07 04:54:33 WARN  SELL_SKIP [US] BAIG reason=PHANTOM_POSITION phase=NONE qty=6 avgPrice=37.6000
2026-05-07 04:54:38 WARN  SELL_SKIP [US] BAIG reason=PHANTOM_POSITION phase=NONE qty=6 avgPrice=37.6000
2026-05-07 04:54:44 WARN  SELL_SKIP [US] BAIG reason=PHANTOM_POSITION phase=NONE qty=6 avgPrice=37.6000
2026-05-07 04:54:49 WARN  SELL_SKIP [US] BAIG reason=PHANTOM_POSITION phase=NONE qty=6 avgPrice=37.6000
2026-05-07 04:54:54 WARN  SELL_SKIP [US] BAIG reason=PHANTOM_POSITION phase=NONE qty=6 avgPrice=37.6000
2026-05-07 04:54:59 WARN  SELL_SKIP [US] BAIG reason=PHANTOM_POSITION phase=NONE qty=6 avgPrice=37.6000
2026-05-07 04:55:04 WARN  SELL_SKIP [US] BAIG reason=PHANTOM_POSITION phase=NONE qty=6 avgPrice=37.6000
2026-05-07 04:55:09 WARN  SELL_SKIP [US] BAIG reason=PHANTOM_POSITION phase=NONE qty=6 avgPrice=37.6000
2026-05-07 04:55:14 WARN  SELL_SKIP [US] BAIG reason=PHANTOM_POSITION phase=NONE qty=6 avgPrice=37.6000
2026-05-07 04:55:19 WARN  SELL_SKIP [US] BAIG reason=PHANTOM_POSITION phase=NONE qty=6 avgPrice=37.6000
2026-05-07 04:55:24 WARN  SELL_SKIP [US] BAIG reason=PHANTOM_POSITION phase=NONE qty=6 avgPrice=37.6000
2026-05-07 04:55:29 WARN  SELL_SKIP [US] BAIG reason=PHANTOM_POSITION phase=NONE qty=6 avgPrice=37.6000
2026-05-07 04:55:35 WARN  SELL_SKIP [US] BAIG reason=PHANTOM_POSITION phase=NONE qty=6 avgPrice=37.6000
2026-05-07 04:55:40 WARN  SELL_SKIP [US] BAIG reason=PHANTOM_POSITION phase=NONE qty=6 avgPrice=37.6000
2026-05-07 04:55:45 WARN  SELL_SKIP [US] BAIG reason=PHANTOM_POSITION phase=NONE qty=6 avgPrice=37.6000
2026-05-07 04:55:50 WARN  SELL_SKIP [US] BAIG reason=PHANTOM_POSITION phase=NONE qty=6 avgPrice=37.6000
2026-05-07 04:55:55 WARN  SELL_SKIP [US] BAIG reason=PHANTOM_POSITION phase=NONE qty=6 avgPrice=37.6000
2026-05-07 04:56:00 WARN  SELL_SKIP [US] BAIG reason=PHANTOM_POSITION phase=NONE qty=6 avgPrice=37.6000
2026-05-07 04:56:05 WARN  SELL_SKIP [US] BAIG reason=PHANTOM_POSITION phase=NONE qty=6 avgPrice=37.6000
2026-05-07 04:56:10 WARN  SELL_SKIP [US] BAIG reason=PHANTOM_POSITION phase=NONE qty=6 avgPrice=37.6000
2026-05-07 04:56:15 WARN  SELL_SKIP [US] BAIG reason=PHANTOM_POSITION phase=NONE qty=6 avgPrice=37.6000
2026-05-07 04:56:20 WARN  SELL_SKIP [US] BAIG reason=PHANTOM_POSITION phase=NONE qty=6 avgPrice=37.6000
2026-05-07 04:56:25 WARN  SELL_SKIP [US] BAIG reason=PHANTOM_POSITION phase=NONE qty=6 avgPrice=37.6000
2026-05-07 04:56:30 WARN  SELL_SKIP [US] BAIG reason=PHANTOM_POSITION phase=NONE qty=6 avgPrice=37.6000
2026-05-07 04:56:36 WARN  SELL_SKIP [US] BAIG reason=PHANTOM_POSITION phase=NONE qty=6 avgPrice=37.6000
2026-05-07 04:56:41 WARN  SELL_SKIP [US] BAIG reason=PHANTOM_POSITION phase=NONE qty=6 avgPrice=37.6000
2026-05-07 04:56:46 WARN  SELL_SKIP [US] BAIG reason=PHANTOM_POSITION phase=NONE qty=6 avgPrice=37.6000
2026-05-07 04:56:51 WARN  SELL_SKIP [US] BAIG reason=PHANTOM_POSITION phase=NONE qty=6 avgPrice=37.6000
2026-05-07 04:56:56 WARN  SELL_SKIP [US] BAIG reason=PHANTOM_POSITION phase=NONE qty=6 avgPrice=37.6000
2026-05-07 04:57:01 WARN  SELL_SKIP [US] BAIG reason=PHANTOM_POSITION phase=NONE qty=6 avgPrice=37.6000
2026-05-07 04:57:06 INFO  BUY [US] IBIT mode=VOLUME_BREAKOUT price=46.1900 qty=6 size=1.0000x score=82(CONV) | WHY: strongBreakout volBreakout retestOK multiUp vol(5.04x) | VWAP: 0.12%(ABOVE slope=UP) | TREND: score=2 vel=0.02%/0.00%/0.00% | VOL: 16587778.0000/3291876.5500 TO: 766023588.0400/151990714.5235 | entryNo=2
2026-05-07 04:57:06 WARN  BUY_REJECTED IBIT phase=NONE
2026-05-07 04:57:06 WARN  SELL_SKIP [US] BAIG reason=PHANTOM_POSITION phase=NONE qty=6 avgPrice=37.6000
2026-05-07 04:57:11 WARN  SELL_SKIP [US] BAIG reason=PHANTOM_POSITION phase=NONE qty=6 avgPrice=37.6000
2026-05-07 04:57:16 WARN  SELL_SKIP [US] BAIG reason=PHANTOM_POSITION phase=NONE qty=6 avgPrice=37.6000
2026-05-07 04:57:21 WARN  SELL_SKIP [US] BAIG reason=PHANTOM_POSITION phase=NONE qty=6 avgPrice=37.6000
2026-05-07 04:57:26 WARN  SELL_SKIP [US] BAIG reason=PHANTOM_POSITION phase=NONE qty=6 avgPrice=37.6000
2026-05-07 04:57:31 WARN  SELL_SKIP [US] BAIG reason=PHANTOM_POSITION phase=NONE qty=6 avgPrice=37.6000
2026-05-07 04:57:37 WARN  SELL_SKIP [US] BAIG reason=PHANTOM_POSITION phase=NONE qty=6 avgPrice=37.6000
2026-05-07 04:57:42 WARN  SELL_SKIP [US] BAIG reason=PHANTOM_POSITION phase=NONE qty=6 avgPrice=37.6000
2026-05-07 04:57:47 WARN  SELL_SKIP [US] BAIG reason=PHANTOM_POSITION phase=NONE qty=6 avgPrice=37.6000
2026-05-07 04:57:52 WARN  SELL_SKIP [US] BAIG reason=PHANTOM_POSITION phase=NONE qty=6 avgPrice=37.6000
2026-05-07 04:57:57 WARN  SELL_SKIP [US] BAIG reason=PHANTOM_POSITION phase=NONE qty=6 avgPrice=37.6000
2026-05-07 04:58:02 WARN  SELL_SKIP [US] BAIG reason=PHANTOM_POSITION phase=NONE qty=6 avgPrice=37.6000
2026-05-07 04:58:07 WARN  SELL_SKIP [US] BAIG reason=PHANTOM_POSITION phase=NONE qty=6 avgPrice=37.6000
2026-05-07 04:58:07 WARN  BUY_SKIP [US] MRVL reason=AMOUNT_TOO_SMALL amount=300.0000 size=1.0000x price=171.9500
2026-05-07 04:58:12 WARN  SELL_SKIP [US] BAIG reason=PHANTOM_POSITION phase=NONE qty=6 avgPrice=37.6000
2026-05-07 04:58:17 WARN  SELL_SKIP [US] BAIG reason=PHANTOM_POSITION phase=NONE qty=6 avgPrice=37.6000
2026-05-07 04:58:22 WARN  SELL_SKIP [US] BAIG reason=PHANTOM_POSITION phase=NONE qty=6 avgPrice=37.6000
2026-05-07 04:58:27 WARN  SELL_SKIP [US] BAIG reason=PHANTOM_POSITION phase=NONE qty=6 avgPrice=37.6000
2026-05-07 04:58:32 WARN  SELL_SKIP [US] BAIG reason=PHANTOM_POSITION phase=NONE qty=6 avgPrice=37.6000
2026-05-07 04:58:38 WARN  SELL_SKIP [US] BAIG reason=PHANTOM_POSITION phase=NONE qty=6 avgPrice=37.6000
2026-05-07 04:58:43 WARN  SELL_SKIP [US] BAIG reason=PHANTOM_POSITION phase=NONE qty=6 avgPrice=37.6000
2026-05-07 04:58:48 WARN  SELL_SKIP [US] BAIG reason=PHANTOM_POSITION phase=NONE qty=6 avgPrice=37.6000
2026-05-07 04:58:53 WARN  SELL_SKIP [US] BAIG reason=PHANTOM_POSITION phase=NONE qty=6 avgPrice=37.6000
2026-05-07 04:58:58 WARN  SELL_SKIP [US] BAIG reason=PHANTOM_POSITION phase=NONE qty=6 avgPrice=37.6000
2026-05-07 04:59:03 WARN  SELL_SKIP [US] BAIG reason=PHANTOM_POSITION phase=NONE qty=6 avgPrice=37.6000
2026-05-07 04:59:08 WARN  SELL_SKIP [US] BAIG reason=PHANTOM_POSITION phase=NONE qty=6 avgPrice=37.6000
2026-05-07 04:59:13 WARN  SELL_SKIP [US] BAIG reason=PHANTOM_POSITION phase=NONE qty=6 avgPrice=37.6000
2026-05-07 04:59:18 WARN  SELL_SKIP [US] BAIG reason=PHANTOM_POSITION phase=NONE qty=6 avgPrice=37.6000
2026-05-07 04:59:23 WARN  SELL_SKIP [US] BAIG reason=PHANTOM_POSITION phase=NONE qty=6 avgPrice=37.6000
2026-05-07 04:59:28 WARN  SELL_SKIP [US] BAIG reason=PHANTOM_POSITION phase=NONE qty=6 avgPrice=37.6000
2026-05-07 04:59:34 WARN  SELL_SKIP [US] BAIG reason=PHANTOM_POSITION phase=NONE qty=6 avgPrice=37.6000
2026-05-07 04:59:39 WARN  SELL_SKIP [US] BAIG reason=PHANTOM_POSITION phase=NONE qty=6 avgPrice=37.6000
2026-05-07 04:59:44 WARN  SELL_SKIP [US] BAIG reason=PHANTOM_POSITION phase=NONE qty=6 avgPrice=37.6000
2026-05-07 04:59:49 WARN  SELL_SKIP [US] BAIG reason=PHANTOM_POSITION phase=NONE qty=6 avgPrice=37.6000
2026-05-07 04:59:54 WARN  SELL_SKIP [US] BAIG reason=PHANTOM_POSITION phase=NONE qty=6 avgPrice=37.6000
2026-05-07 04:59:59 WARN  SELL_SKIP [US] BAIG reason=PHANTOM_POSITION phase=NONE qty=6 avgPrice=37.6000
2026-05-07 05:00:04 WARN  SELL_SKIP [US] BAIG reason=PHANTOM_POSITION phase=NONE qty=6 avgPrice=37.6000
2026-05-07 05:00:09 WARN  SELL_SKIP [US] BAIG reason=PHANTOM_POSITION phase=NONE qty=6 avgPrice=37.6000
2026-05-07 05:00:14 WARN  SELL_SKIP [US] BAIG reason=PHANTOM_POSITION phase=NONE qty=6 avgPrice=37.6000
2026-05-07 05:00:19 WARN  SELL_SKIP [US] BAIG reason=PHANTOM_POSITION phase=NONE qty=6 avgPrice=37.6000
2026-05-07 05:00:24 WARN  SELL_SKIP [US] BAIG reason=PHANTOM_POSITION phase=NONE qty=6 avgPrice=37.6000
2026-05-07 05:00:29 WARN  SELL_SKIP [US] BAIG reason=PHANTOM_POSITION phase=NONE qty=6 avgPrice=37.6000
2026-05-07 05:00:35 WARN  SELL_SKIP [US] BAIG reason=PHANTOM_POSITION phase=NONE qty=6 avgPrice=37.6000
2026-05-07 05:00:40 WARN  SELL_SKIP [US] BAIG reason=PHANTOM_POSITION phase=NONE qty=6 avgPrice=37.6000
2026-05-07 05:00:45 WARN  SELL_SKIP [US] BAIG reason=PHANTOM_POSITION phase=NONE qty=6 avgPrice=37.6000
2026-05-07 05:00:50 WARN  SELL_SKIP [US] BAIG reason=PHANTOM_POSITION phase=NONE qty=6 avgPrice=37.6000
2026-05-07 05:00:55 WARN  SELL_SKIP [US] BAIG reason=PHANTOM_POSITION phase=NONE qty=6 avgPrice=37.6000
2026-05-07 05:01:00 WARN  SELL_SKIP [US] BAIG reason=PHANTOM_POSITION phase=NONE qty=6 avgPrice=37.6000
2026-05-07 05:01:05 WARN  SELL_SKIP [US] BAIG reason=PHANTOM_POSITION phase=NONE qty=6 avgPrice=37.6000
2026-05-07 05:01:10 WARN  SELL_SKIP [US] BAIG reason=PHANTOM_POSITION phase=NONE qty=6 avgPrice=37.6000
2026-05-07 05:01:15 WARN  SELL_SKIP [US] BAIG reason=PHANTOM_POSITION phase=NONE qty=6 avgPrice=37.6000
2026-05-07 05:01:20 WARN  SELL_SKIP [US] BAIG reason=PHANTOM_POSITION phase=NONE qty=6 avgPrice=37.6000
2026-05-07 05:01:25 WARN  SELL_SKIP [US] BAIG reason=PHANTOM_POSITION phase=NONE qty=6 avgPrice=37.6000
2026-05-07 05:01:30 WARN  SELL_SKIP [US] BAIG reason=PHANTOM_POSITION phase=NONE qty=6 avgPrice=37.6000
2026-05-07 05:01:36 WARN  SELL_SKIP [US] BAIG reason=PHANTOM_POSITION phase=NONE qty=6 avgPrice=37.6000
2026-05-07 05:01:41 WARN  SELL_SKIP [US] BAIG reason=PHANTOM_POSITION phase=NONE qty=6 avgPrice=37.6000
2026-05-07 05:01:46 WARN  SELL_SKIP [US] BAIG reason=PHANTOM_POSITION phase=NONE qty=6 avgPrice=37.6000
2026-05-07 05:01:51 WARN  SELL_SKIP [US] BAIG reason=PHANTOM_POSITION phase=NONE qty=6 avgPrice=37.6000
2026-05-07 05:01:56 WARN  SELL_SKIP [US] BAIG reason=PHANTOM_POSITION phase=NONE qty=6 avgPrice=37.6000
2026-05-07 05:02:01 WARN  SELL_SKIP [US] BAIG reason=PHANTOM_POSITION phase=NONE qty=6 avgPrice=37.6000
2026-05-07 05:02:06 WARN  SELL_SKIP [US] BAIG reason=PHANTOM_POSITION phase=NONE qty=6 avgPrice=37.6000
2026-05-07 05:02:06 WARN  BUY_SKIP [US] MRVL reason=AMOUNT_TOO_SMALL amount=300.0000 size=1.0000x price=172.1100
2026-05-07 05:02:11 WARN  SELL_SKIP [US] BAIG reason=PHANTOM_POSITION phase=NONE qty=6 avgPrice=37.6000
2026-05-07 05:02:16 WARN  SELL_SKIP [US] BAIG reason=PHANTOM_POSITION phase=NONE qty=6 avgPrice=37.6000
2026-05-07 05:02:21 WARN  SELL_SKIP [US] BAIG reason=PHANTOM_POSITION phase=NONE qty=6 avgPrice=37.6000
2026-05-07 05:02:26 WARN  SELL_SKIP [US] BAIG reason=PHANTOM_POSITION phase=NONE qty=6 avgPrice=37.6000
2026-05-07 05:02:31 WARN  SELL_SKIP [US] BAIG reason=PHANTOM_POSITION phase=NONE qty=6 avgPrice=37.6000
2026-05-07 05:02:37 WARN  SELL_SKIP [US] BAIG reason=PHANTOM_POSITION phase=NONE qty=6 avgPrice=37.6000
2026-05-07 05:02:42 WARN  SELL_SKIP [US] BAIG reason=PHANTOM_POSITION phase=NONE qty=6 avgPrice=37.6000
2026-05-07 05:02:47 WARN  SELL_SKIP [US] BAIG reason=PHANTOM_POSITION phase=NONE qty=6 avgPrice=37.6000
2026-05-07 05:02:52 WARN  SELL_SKIP [US] BAIG reason=PHANTOM_POSITION phase=NONE qty=6 avgPrice=37.6000
2026-05-07 05:02:57 WARN  SELL_SKIP [US] BAIG reason=PHANTOM_POSITION phase=NONE qty=6 avgPrice=37.6000
2026-05-07 05:03:02 WARN  SELL_SKIP [US] BAIG reason=PHANTOM_POSITION phase=NONE qty=6 avgPrice=37.6000
2026-05-07 05:03:07 WARN  SELL_SKIP [US] BAIG reason=PHANTOM_POSITION phase=NONE qty=6 avgPrice=37.6000
2026-05-07 05:03:07 WARN  BUY_SKIP [US] MRVL reason=AMOUNT_TOO_SMALL amount=300.0000 size=1.0000x price=172.2300
2026-05-07 05:03:12 WARN  SELL_SKIP [US] BAIG reason=PHANTOM_POSITION phase=NONE qty=6 avgPrice=37.6000
2026-05-07 05:03:17 WARN  SELL_SKIP [US] BAIG reason=PHANTOM_POSITION phase=NONE qty=6 avgPrice=37.6000
2026-05-07 05:03:22 WARN  SELL_SKIP [US] BAIG reason=PHANTOM_POSITION phase=NONE qty=6 avgPrice=37.6000
2026-05-07 05:03:23 WARN  BUY_SKIP [US] MRVL reason=AMOUNT_TOO_SMALL amount=300.0000 size=1.0000x price=172.1100
2026-05-07 05:03:27 WARN  SELL_SKIP [US] BAIG reason=PHANTOM_POSITION phase=NONE qty=6 avgPrice=37.6000
2026-05-07 05:03:33 WARN  SELL_SKIP [US] BAIG reason=PHANTOM_POSITION phase=NONE qty=6 avgPrice=37.6000
2026-05-07 05:03:38 WARN  SELL_SKIP [US] BAIG reason=PHANTOM_POSITION phase=NONE qty=6 avgPrice=37.6000
2026-05-07 05:03:48 WARN  SELL_SKIP [US] BAIG reason=PHANTOM_POSITION phase=NONE qty=6 avgPrice=37.6000
2026-05-07 05:03:58 WARN  SELL_SKIP [US] BAIG reason=PHANTOM_POSITION phase=NONE qty=6 avgPrice=37.6000
2026-05-07 05:04:03 WARN  SELL_SKIP [US] BAIG reason=PHANTOM_POSITION phase=NONE qty=6 avgPrice=37.6000
2026-05-07 05:04:08 WARN  SELL_SKIP [US] BAIG reason=PHANTOM_POSITION phase=NONE qty=6 avgPrice=37.6000
2026-05-07 05:04:13 WARN  SELL_SKIP [US] BAIG reason=PHANTOM_POSITION phase=NONE qty=6 avgPrice=37.6000
2026-05-07 05:04:18 WARN  SELL_SKIP [US] BAIG reason=PHANTOM_POSITION phase=NONE qty=6 avgPrice=37.6000
2026-05-07 05:04:23 WARN  SELL_SKIP [US] BAIG reason=PHANTOM_POSITION phase=NONE qty=6 avgPrice=37.6000
2026-05-07 05:04:28 WARN  SELL_SKIP [US] BAIG reason=PHANTOM_POSITION phase=NONE qty=6 avgPrice=37.6000
2026-05-07 05:04:33 WARN  SELL_SKIP [US] BAIG reason=PHANTOM_POSITION phase=NONE qty=6 avgPrice=37.6000
2026-05-07 05:04:44 WARN  SELL_SKIP [US] BAIG reason=PHANTOM_POSITION phase=NONE qty=6 avgPrice=37.6000
2026-05-07 05:04:49 WARN  SELL_SKIP [US] BAIG reason=PHANTOM_POSITION phase=NONE qty=6 avgPrice=37.6000
2026-05-07 05:04:54 WARN  SELL_SKIP [US] BAIG reason=PHANTOM_POSITION phase=NONE qty=6 avgPrice=37.6000
2026-05-07 05:04:59 WARN  SELL_SKIP [US] BAIG reason=PHANTOM_POSITION phase=NONE qty=6 avgPrice=37.6000
2026-05-07 05:05:09 WARN  SELL_SKIP [US] BAIG reason=PHANTOM_POSITION phase=NONE qty=6 avgPrice=37.6000
2026-05-07 05:05:14 WARN  SELL_SKIP [US] BAIG reason=PHANTOM_POSITION phase=NONE qty=6 avgPrice=37.6000
2026-05-07 05:05:19 WARN  SELL_SKIP [US] BAIG reason=PHANTOM_POSITION phase=NONE qty=6 avgPrice=37.6000
2026-05-07 05:05:24 WARN  SELL_SKIP [US] BAIG reason=PHANTOM_POSITION phase=NONE qty=6 avgPrice=37.6000
2026-05-07 05:05:29 WARN  SELL_SKIP [US] BAIG reason=PHANTOM_POSITION phase=NONE qty=6 avgPrice=37.6000
2026-05-07 05:05:34 WARN  SELL_SKIP [US] BAIG reason=PHANTOM_POSITION phase=NONE qty=6 avgPrice=37.6000
2026-05-07 05:05:40 WARN  SELL_SKIP [US] BAIG reason=PHANTOM_POSITION phase=NONE qty=6 avgPrice=37.6000
2026-05-07 05:05:45 WARN  SELL_SKIP [US] BAIG reason=PHANTOM_POSITION phase=NONE qty=6 avgPrice=37.6000
2026-05-07 05:05:50 WARN  SELL_SKIP [US] BAIG reason=PHANTOM_POSITION phase=NONE qty=6 avgPrice=37.6000
2026-05-07 05:05:55 WARN  SELL_SKIP [US] BAIG reason=PHANTOM_POSITION phase=NONE qty=6 avgPrice=37.6000
2026-05-07 05:06:00 WARN  SELL_SKIP [US] BAIG reason=PHANTOM_POSITION phase=NONE qty=6 avgPrice=37.6000
2026-05-07 05:06:05 WARN  SELL_SKIP [US] BAIG reason=PHANTOM_POSITION phase=NONE qty=6 avgPrice=37.6000
2026-05-07 05:06:10 WARN  SELL_SKIP [US] BAIG reason=PHANTOM_POSITION phase=NONE qty=6 avgPrice=37.6000
2026-05-07 05:06:15 WARN  SELL_SKIP [US] BAIG reason=PHANTOM_POSITION phase=NONE qty=6 avgPrice=37.6000
2026-05-07 05:06:20 WARN  SELL_SKIP [US] BAIG reason=PHANTOM_POSITION phase=NONE qty=6 avgPrice=37.6000
2026-05-07 05:06:25 WARN  SELL_SKIP [US] BAIG reason=PHANTOM_POSITION phase=NONE qty=6 avgPrice=37.6000
2026-05-07 05:06:30 WARN  SELL_SKIP [US] BAIG reason=PHANTOM_POSITION phase=NONE qty=6 avgPrice=37.6000
2026-05-07 05:06:35 WARN  SELL_SKIP [US] BAIG reason=PHANTOM_POSITION phase=NONE qty=6 avgPrice=37.6000
2026-05-07 05:06:41 WARN  SELL_SKIP [US] BAIG reason=PHANTOM_POSITION phase=NONE qty=6 avgPrice=37.6000
2026-05-07 05:06:46 WARN  SELL_SKIP [US] BAIG reason=PHANTOM_POSITION phase=NONE qty=6 avgPrice=37.6000
2026-05-07 05:06:51 WARN  SELL_SKIP [US] BAIG reason=PHANTOM_POSITION phase=NONE qty=6 avgPrice=37.6000
2026-05-07 05:06:56 WARN  SELL_SKIP [US] BAIG reason=PHANTOM_POSITION phase=NONE qty=6 avgPrice=37.6000
2026-05-07 05:07:01 WARN  SELL_SKIP [US] BAIG reason=PHANTOM_POSITION phase=NONE qty=6 avgPrice=37.6000
2026-05-07 05:07:06 WARN  SELL_SKIP [US] BAIG reason=PHANTOM_POSITION phase=NONE qty=6 avgPrice=37.6000
2026-05-07 05:07:11 WARN  SELL_SKIP [US] BAIG reason=PHANTOM_POSITION phase=NONE qty=6 avgPrice=37.6000
2026-05-07 05:07:16 WARN  SELL_SKIP [US] BAIG reason=PHANTOM_POSITION phase=NONE qty=6 avgPrice=37.6000
2026-05-07 05:07:21 WARN  SELL_SKIP [US] BAIG reason=PHANTOM_POSITION phase=NONE qty=6 avgPrice=37.6000
2026-05-07 05:07:26 WARN  SELL_SKIP [US] BAIG reason=PHANTOM_POSITION phase=NONE qty=6 avgPrice=37.6000
2026-05-07 05:07:31 WARN  SELL_SKIP [US] BAIG reason=PHANTOM_POSITION phase=NONE qty=6 avgPrice=37.6000
2026-05-07 05:07:36 WARN  SELL_SKIP [US] BAIG reason=PHANTOM_POSITION phase=NONE qty=6 avgPrice=37.6000
2026-05-07 05:07:42 WARN  SELL_SKIP [US] BAIG reason=PHANTOM_POSITION phase=NONE qty=6 avgPrice=37.6000
2026-05-07 05:07:52 WARN  SELL_SKIP [US] BAIG reason=PHANTOM_POSITION phase=NONE qty=6 avgPrice=37.6000
2026-05-07 05:07:57 WARN  SELL_SKIP [US] BAIG reason=PHANTOM_POSITION phase=NONE qty=6 avgPrice=37.6000
2026-05-07 05:08:02 WARN  SELL_SKIP [US] BAIG reason=PHANTOM_POSITION phase=NONE qty=6 avgPrice=37.6000
2026-05-07 05:08:07 WARN  SELL_SKIP [US] BAIG reason=PHANTOM_POSITION phase=NONE qty=6 avgPrice=37.6000
2026-05-07 05:08:12 WARN  SELL_SKIP [US] BAIG reason=PHANTOM_POSITION phase=NONE qty=6 avgPrice=37.6000
2026-05-07 05:08:17 WARN  SELL_SKIP [US] BAIG reason=PHANTOM_POSITION phase=NONE qty=6 avgPrice=37.6000
2026-05-07 05:08:22 WARN  SELL_SKIP [US] BAIG reason=PHANTOM_POSITION phase=NONE qty=6 avgPrice=37.6000
2026-05-07 05:08:27 WARN  SELL_SKIP [US] BAIG reason=PHANTOM_POSITION phase=NONE qty=6 avgPrice=37.6000
2026-05-07 05:08:32 WARN  SELL_SKIP [US] BAIG reason=PHANTOM_POSITION phase=NONE qty=6 avgPrice=37.6000
2026-05-07 05:08:38 WARN  SELL_SKIP [US] BAIG reason=PHANTOM_POSITION phase=NONE qty=6 avgPrice=37.6000
2026-05-07 05:08:43 WARN  SELL_SKIP [US] BAIG reason=PHANTOM_POSITION phase=NONE qty=6 avgPrice=37.6000
2026-05-07 05:08:53 WARN  SELL_SKIP [US] BAIG reason=PHANTOM_POSITION phase=NONE qty=6 avgPrice=37.6000
2026-05-07 05:08:58 WARN  SELL_SKIP [US] BAIG reason=PHANTOM_POSITION phase=NONE qty=6 avgPrice=37.6000
2026-05-07 05:09:03 WARN  SELL_SKIP [US] BAIG reason=PHANTOM_POSITION phase=NONE qty=6 avgPrice=37.6000
2026-05-07 05:09:08 WARN  SELL_SKIP [US] BAIG reason=PHANTOM_POSITION phase=NONE qty=6 avgPrice=37.6000
2026-05-07 05:09:13 WARN  SELL_SKIP [US] BAIG reason=PHANTOM_POSITION phase=NONE qty=6 avgPrice=37.6000
2026-05-07 05:09:18 WARN  SELL_SKIP [US] BAIG reason=PHANTOM_POSITION phase=NONE qty=6 avgPrice=37.6000
2026-05-07 05:09:23 WARN  SELL_SKIP [US] BAIG reason=PHANTOM_POSITION phase=NONE qty=6 avgPrice=37.6000
2026-05-07 05:09:28 WARN  SELL_SKIP [US] BAIG reason=PHANTOM_POSITION phase=NONE qty=6 avgPrice=37.6000
2026-05-07 05:09:33 WARN  SELL_SKIP [US] BAIG reason=PHANTOM_POSITION phase=NONE qty=6 avgPrice=37.6000
2026-05-07 05:09:38 WARN  SELL_SKIP [US] BAIG reason=PHANTOM_POSITION phase=NONE qty=6 avgPrice=37.6000
2026-05-07 05:09:44 WARN  SELL_SKIP [US] BAIG reason=PHANTOM_POSITION phase=NONE qty=6 avgPrice=37.6000
2026-05-07 05:09:49 WARN  SELL_SKIP [US] BAIG reason=PHANTOM_POSITION phase=NONE qty=6 avgPrice=37.6000
2026-05-07 05:09:54 WARN  SELL_SKIP [US] BAIG reason=PHANTOM_POSITION phase=NONE qty=6 avgPrice=37.6000
2026-05-07 05:09:59 WARN  SELL_SKIP [US] BAIG reason=PHANTOM_POSITION phase=NONE qty=6 avgPrice=37.6000
2026-05-07 05:10:04 WARN  SELL_SKIP [US] BAIG reason=PHANTOM_POSITION phase=NONE qty=6 avgPrice=37.6000
2026-05-07 05:10:09 WARN  SELL_SKIP [US] BAIG reason=PHANTOM_POSITION phase=NONE qty=6 avgPrice=37.6000
2026-05-07 05:10:10 WARN  BUY_SKIP [US] SOXL reason=AMOUNT_TOO_SMALL amount=250.0000 size=0.8000x price=165.8000
2026-05-07 05:10:14 WARN  SELL_SKIP [US] BAIG reason=PHANTOM_POSITION phase=NONE qty=6 avgPrice=37.6000
2026-05-07 05:10:19 WARN  SELL_SKIP [US] BAIG reason=PHANTOM_POSITION phase=NONE qty=6 avgPrice=37.6000
2026-05-07 05:10:24 WARN  SELL_SKIP [US] BAIG reason=PHANTOM_POSITION phase=NONE qty=6 avgPrice=37.6000
2026-05-07 05:10:25 WARN  BUY_SKIP [US] SOXL reason=AMOUNT_TOO_SMALL amount=250.0000 size=0.8000x price=165.8500
2026-05-07 05:10:29 WARN  SELL_SKIP [US] BAIG reason=PHANTOM_POSITION phase=NONE qty=6 avgPrice=37.6000
2026-05-07 05:10:34 WARN  SELL_SKIP [US] BAIG reason=PHANTOM_POSITION phase=NONE qty=6 avgPrice=37.6000
2026-05-07 05:10:39 WARN  SELL_SKIP [US] BAIG reason=PHANTOM_POSITION phase=NONE qty=6 avgPrice=37.6000
2026-05-07 05:10:45 WARN  SELL_SKIP [US] BAIG reason=PHANTOM_POSITION phase=NONE qty=6 avgPrice=37.6000
2026-05-07 05:10:50 WARN  SELL_SKIP [US] BAIG reason=PHANTOM_POSITION phase=NONE qty=6 avgPrice=37.6000
2026-05-07 05:10:55 WARN  SELL_SKIP [US] BAIG reason=PHANTOM_POSITION phase=NONE qty=6 avgPrice=37.6000
2026-05-07 05:11:00 WARN  SELL_SKIP [US] BAIG reason=PHANTOM_POSITION phase=NONE qty=6 avgPrice=37.6000
2026-05-07 05:11:05 WARN  SELL_SKIP [US] BAIG reason=PHANTOM_POSITION phase=NONE qty=6 avgPrice=37.6000
2026-05-07 05:11:06 WARN  BUY_SKIP [US] SOXL reason=AMOUNT_TOO_SMALL amount=250.0000 size=1.0000x price=166.0000
2026-05-07 05:11:10 WARN  SELL_SKIP [US] BAIG reason=PHANTOM_POSITION phase=NONE qty=6 avgPrice=37.6000
2026-05-07 05:11:15 WARN  SELL_SKIP [US] BAIG reason=PHANTOM_POSITION phase=NONE qty=6 avgPrice=37.6000
2026-05-07 05:11:20 WARN  SELL_SKIP [US] BAIG reason=PHANTOM_POSITION phase=NONE qty=6 avgPrice=37.6000
2026-05-07 05:11:21 WARN  BUY_SKIP [US] SOXL reason=AMOUNT_TOO_SMALL amount=250.0000 size=1.0000x price=165.9000
2026-05-07 05:11:25 WARN  SELL_SKIP [US] BAIG reason=PHANTOM_POSITION phase=NONE qty=6 avgPrice=37.6000
2026-05-07 05:11:30 WARN  SELL_SKIP [US] BAIG reason=PHANTOM_POSITION phase=NONE qty=6 avgPrice=37.6000
2026-05-07 05:11:35 WARN  SELL_SKIP [US] BAIG reason=PHANTOM_POSITION phase=NONE qty=6 avgPrice=37.6000
2026-05-07 05:11:41 WARN  SELL_SKIP [US] BAIG reason=PHANTOM_POSITION phase=NONE qty=6 avgPrice=37.6000
2026-05-07 05:11:46 WARN  SELL_SKIP [US] BAIG reason=PHANTOM_POSITION phase=NONE qty=6 avgPrice=37.6000
2026-05-07 05:11:51 WARN  SELL_SKIP [US] BAIG reason=PHANTOM_POSITION phase=NONE qty=6 avgPrice=37.6000
2026-05-07 05:11:56 WARN  SELL_SKIP [US] BAIG reason=PHANTOM_POSITION phase=NONE qty=6 avgPrice=37.6000
2026-05-07 05:12:01 WARN  SELL_SKIP [US] BAIG reason=PHANTOM_POSITION phase=NONE qty=6 avgPrice=37.6000
2026-05-07 05:12:06 WARN  SELL_SKIP [US] BAIG reason=PHANTOM_POSITION phase=NONE qty=6 avgPrice=37.6000
2026-05-07 05:12:07 WARN  BUY_SKIP [US] SOXL reason=AMOUNT_TOO_SMALL amount=250.0000 size=0.8000x price=166.0000
2026-05-07 05:12:11 WARN  SELL_SKIP [US] BAIG reason=PHANTOM_POSITION phase=NONE qty=6 avgPrice=37.6000
2026-05-07 05:12:16 WARN  SELL_SKIP [US] BAIG reason=PHANTOM_POSITION phase=NONE qty=6 avgPrice=37.6000
2026-05-07 05:12:21 WARN  SELL_SKIP [US] BAIG reason=PHANTOM_POSITION phase=NONE qty=6 avgPrice=37.6000
2026-05-07 05:12:22 WARN  BUY_SKIP [US] SOXL reason=AMOUNT_TOO_SMALL amount=250.0000 size=0.8000x price=166.2000
2026-05-07 05:12:26 WARN  SELL_SKIP [US] BAIG reason=PHANTOM_POSITION phase=NONE qty=6 avgPrice=37.6000
2026-05-07 05:12:31 WARN  SELL_SKIP [US] BAIG reason=PHANTOM_POSITION phase=NONE qty=6 avgPrice=37.6000
2026-05-07 05:12:37 WARN  SELL_SKIP [US] BAIG reason=PHANTOM_POSITION phase=NONE qty=6 avgPrice=37.6000
2026-05-07 05:12:42 WARN  SELL_SKIP [US] BAIG reason=PHANTOM_POSITION phase=NONE qty=6 avgPrice=37.6000
2026-05-07 05:12:47 WARN  SELL_SKIP [US] BAIG reason=PHANTOM_POSITION phase=NONE qty=6 avgPrice=37.6000
2026-05-07 05:12:52 WARN  SELL_SKIP [US] BAIG reason=PHANTOM_POSITION phase=NONE qty=6 avgPrice=37.6000
2026-05-07 05:12:57 WARN  SELL_SKIP [US] BAIG reason=PHANTOM_POSITION phase=NONE qty=6 avgPrice=37.6000
2026-05-07 05:13:02 WARN  SELL_SKIP [US] BAIG reason=PHANTOM_POSITION phase=NONE qty=6 avgPrice=37.6000
2026-05-07 05:13:07 WARN  SELL_SKIP [US] BAIG reason=PHANTOM_POSITION phase=NONE qty=6 avgPrice=37.6000
2026-05-07 05:13:12 WARN  SELL_SKIP [US] BAIG reason=PHANTOM_POSITION phase=NONE qty=6 avgPrice=37.6000
2026-05-07 05:13:17 WARN  SELL_SKIP [US] BAIG reason=PHANTOM_POSITION phase=NONE qty=6 avgPrice=37.6000
2026-05-07 05:13:22 WARN  SELL_SKIP [US] BAIG reason=PHANTOM_POSITION phase=NONE qty=6 avgPrice=37.6000
2026-05-07 05:13:27 WARN  SELL_SKIP [US] BAIG reason=PHANTOM_POSITION phase=NONE qty=6 avgPrice=37.6000
2026-05-07 05:13:33 WARN  SELL_SKIP [US] BAIG reason=PHANTOM_POSITION phase=NONE qty=6 avgPrice=37.6000
2026-05-07 05:13:38 WARN  SELL_SKIP [US] BAIG reason=PHANTOM_POSITION phase=NONE qty=6 avgPrice=37.6000
2026-05-07 05:13:43 WARN  SELL_SKIP [US] BAIG reason=PHANTOM_POSITION phase=NONE qty=6 avgPrice=37.6000
2026-05-07 05:13:48 WARN  SELL_SKIP [US] BAIG reason=PHANTOM_POSITION phase=NONE qty=6 avgPrice=37.6000
2026-05-07 05:13:53 WARN  SELL_SKIP [US] BAIG reason=PHANTOM_POSITION phase=NONE qty=6 avgPrice=37.6000
2026-05-07 05:13:58 WARN  SELL_SKIP [US] BAIG reason=PHANTOM_POSITION phase=NONE qty=6 avgPrice=37.6000
2026-05-07 05:14:03 WARN  SELL_SKIP [US] BAIG reason=PHANTOM_POSITION phase=NONE qty=6 avgPrice=37.6000
2026-05-07 05:14:08 WARN  SELL_SKIP [US] BAIG reason=PHANTOM_POSITION phase=NONE qty=6 avgPrice=37.6000
2026-05-07 05:14:18 WARN  SELL_SKIP [US] BAIG reason=PHANTOM_POSITION phase=NONE qty=6 avgPrice=37.6000
2026-05-07 05:14:23 WARN  SELL_SKIP [US] BAIG reason=PHANTOM_POSITION phase=NONE qty=6 avgPrice=37.6000
2026-05-07 05:14:28 WARN  SELL_SKIP [US] BAIG reason=PHANTOM_POSITION phase=NONE qty=6 avgPrice=37.6000
2026-05-07 05:14:34 WARN  SELL_SKIP [US] BAIG reason=PHANTOM_POSITION phase=NONE qty=6 avgPrice=37.6000
2026-05-07 05:14:39 WARN  SELL_SKIP [US] BAIG reason=PHANTOM_POSITION phase=NONE qty=6 avgPrice=37.6000
2026-05-07 05:14:44 WARN  SELL_SKIP [US] BAIG reason=PHANTOM_POSITION phase=NONE qty=6 avgPrice=37.6000
2026-05-07 05:14:49 WARN  SELL_SKIP [US] BAIG reason=PHANTOM_POSITION phase=NONE qty=6 avgPrice=37.6000
2026-05-07 05:14:54 WARN  SELL_SKIP [US] BAIG reason=PHANTOM_POSITION phase=NONE qty=6 avgPrice=37.6000
2026-05-07 05:14:59 WARN  SELL_SKIP [US] BAIG reason=PHANTOM_POSITION phase=NONE qty=6 avgPrice=37.6000
2026-05-07 05:15:04 WARN  SELL_SKIP [US] BAIG reason=PHANTOM_POSITION phase=NONE qty=6 avgPrice=37.6000
2026-05-07 05:15:09 WARN  SELL_SKIP [US] BAIG reason=PHANTOM_POSITION phase=NONE qty=6 avgPrice=37.6000
2026-05-07 05:15:14 WARN  SELL_SKIP [US] BAIG reason=PHANTOM_POSITION phase=NONE qty=6 avgPrice=37.6000
2026-05-07 05:15:19 WARN  SELL_SKIP [US] BAIG reason=PHANTOM_POSITION phase=NONE qty=6 avgPrice=37.6000
2026-05-07 05:15:24 WARN  SELL_SKIP [US] BAIG reason=PHANTOM_POSITION phase=NONE qty=6 avgPrice=37.6000
2026-05-07 05:15:29 WARN  SELL_SKIP [US] BAIG reason=PHANTOM_POSITION phase=NONE qty=6 avgPrice=37.6000
2026-05-07 05:15:35 WARN  SELL_SKIP [US] BAIG reason=PHANTOM_POSITION phase=NONE qty=6 avgPrice=37.6000
2026-05-07 05:15:40 WARN  SELL_SKIP [US] BAIG reason=PHANTOM_POSITION phase=NONE qty=6 avgPrice=37.6000
2026-05-07 05:15:50 WARN  SELL_SKIP [US] BAIG reason=PHANTOM_POSITION phase=NONE qty=6 avgPrice=37.6000
2026-05-07 05:15:55 WARN  SELL_SKIP [US] BAIG reason=PHANTOM_POSITION phase=NONE qty=6 avgPrice=37.6000
2026-05-07 05:16:00 WARN  SELL_SKIP [US] BAIG reason=PHANTOM_POSITION phase=NONE qty=6 avgPrice=37.6000
2026-05-07 05:16:05 WARN  SELL_SKIP [US] BAIG reason=PHANTOM_POSITION phase=NONE qty=6 avgPrice=37.6000
2026-05-07 05:16:10 WARN  SELL_SKIP [US] BAIG reason=PHANTOM_POSITION phase=NONE qty=6 avgPrice=37.6000
2026-05-07 05:16:15 WARN  SELL_SKIP [US] BAIG reason=PHANTOM_POSITION phase=NONE qty=6 avgPrice=37.6000
2026-05-07 05:16:20 WARN  SELL_SKIP [US] BAIG reason=PHANTOM_POSITION phase=NONE qty=6 avgPrice=37.6000
2026-05-07 05:16:25 WARN  SELL_SKIP [US] BAIG reason=PHANTOM_POSITION phase=NONE qty=6 avgPrice=37.6000
2026-05-07 05:16:30 WARN  SELL_SKIP [US] BAIG reason=PHANTOM_POSITION phase=NONE qty=6 avgPrice=37.6000
2026-05-07 05:16:36 WARN  SELL_SKIP [US] BAIG reason=PHANTOM_POSITION phase=NONE qty=6 avgPrice=37.6000
2026-05-07 05:16:41 WARN  SELL_SKIP [US] BAIG reason=PHANTOM_POSITION phase=NONE qty=6 avgPrice=37.6000
2026-05-07 05:16:46 WARN  SELL_SKIP [US] BAIG reason=PHANTOM_POSITION phase=NONE qty=6 avgPrice=37.6000
2026-05-07 05:16:51 WARN  SELL_SKIP [US] BAIG reason=PHANTOM_POSITION phase=NONE qty=6 avgPrice=37.6000
2026-05-07 05:16:56 WARN  SELL_SKIP [US] BAIG reason=PHANTOM_POSITION phase=NONE qty=6 avgPrice=37.6000
2026-05-07 05:17:01 WARN  SELL_SKIP [US] BAIG reason=PHANTOM_POSITION phase=NONE qty=6 avgPrice=37.6000
2026-05-07 05:17:06 WARN  SELL_SKIP [US] BAIG reason=PHANTOM_POSITION phase=NONE qty=6 avgPrice=37.6000
2026-05-07 05:17:11 WARN  SELL_SKIP [US] BAIG reason=PHANTOM_POSITION phase=NONE qty=6 avgPrice=37.6000
2026-05-07 05:17:16 WARN  SELL_SKIP [US] BAIG reason=PHANTOM_POSITION phase=NONE qty=6 avgPrice=37.6000
2026-05-07 05:17:21 WARN  SELL_SKIP [US] BAIG reason=PHANTOM_POSITION phase=NONE qty=6 avgPrice=37.6000
2026-05-07 05:17:26 WARN  SELL_SKIP [US] BAIG reason=PHANTOM_POSITION phase=NONE qty=6 avgPrice=37.6000
2026-05-07 05:17:31 WARN  SELL_SKIP [US] BAIG reason=PHANTOM_POSITION phase=NONE qty=6 avgPrice=37.6000
2026-05-07 05:17:37 WARN  SELL_SKIP [US] BAIG reason=PHANTOM_POSITION phase=NONE qty=6 avgPrice=37.6000
2026-05-07 05:17:42 WARN  SELL_SKIP [US] BAIG reason=PHANTOM_POSITION phase=NONE qty=6 avgPrice=37.6000
2026-05-07 05:17:47 WARN  SELL_SKIP [US] BAIG reason=PHANTOM_POSITION phase=NONE qty=6 avgPrice=37.6000
2026-05-07 05:17:52 WARN  SELL_SKIP [US] BAIG reason=PHANTOM_POSITION phase=NONE qty=6 avgPrice=37.6000
2026-05-07 05:17:57 WARN  SELL_SKIP [US] BAIG reason=PHANTOM_POSITION phase=NONE qty=6 avgPrice=37.6000
2026-05-07 05:18:02 WARN  SELL_SKIP [US] BAIG reason=PHANTOM_POSITION phase=NONE qty=6 avgPrice=37.6000
2026-05-07 05:18:07 WARN  SELL_SKIP [US] BAIG reason=PHANTOM_POSITION phase=NONE qty=6 avgPrice=37.6000
2026-05-07 05:18:12 WARN  SELL_SKIP [US] BAIG reason=PHANTOM_POSITION phase=NONE qty=6 avgPrice=37.6000
2026-05-07 05:18:17 WARN  SELL_SKIP [US] BAIG reason=PHANTOM_POSITION phase=NONE qty=6 avgPrice=37.6000
2026-05-07 05:18:22 WARN  SELL_SKIP [US] BAIG reason=PHANTOM_POSITION phase=NONE qty=6 avgPrice=37.6000
2026-05-07 05:18:27 WARN  SELL_SKIP [US] BAIG reason=PHANTOM_POSITION phase=NONE qty=6 avgPrice=37.6000
2026-05-07 05:18:32 WARN  SELL_SKIP [US] BAIG reason=PHANTOM_POSITION phase=NONE qty=6 avgPrice=37.6000
2026-05-07 05:18:37 WARN  SELL_SKIP [US] BAIG reason=PHANTOM_POSITION phase=NONE qty=6 avgPrice=37.6000
2026-05-07 05:18:43 WARN  SELL_SKIP [US] BAIG reason=PHANTOM_POSITION phase=NONE qty=6 avgPrice=37.6000
2026-05-07 05:18:48 WARN  SELL_SKIP [US] BAIG reason=PHANTOM_POSITION phase=NONE qty=6 avgPrice=37.6000
2026-05-07 05:18:53 WARN  SELL_SKIP [US] BAIG reason=PHANTOM_POSITION phase=NONE qty=6 avgPrice=37.6000
2026-05-07 05:18:58 WARN  SELL_SKIP [US] BAIG reason=PHANTOM_POSITION phase=NONE qty=6 avgPrice=37.6000
2026-05-07 05:19:08 WARN  SELL_SKIP [US] BAIG reason=PHANTOM_POSITION phase=NONE qty=6 avgPrice=37.6000
2026-05-07 05:19:13 WARN  SELL_SKIP [US] BAIG reason=PHANTOM_POSITION phase=NONE qty=6 avgPrice=37.6000
2026-05-07 05:19:18 WARN  SELL_SKIP [US] BAIG reason=PHANTOM_POSITION phase=NONE qty=6 avgPrice=37.6000
2026-05-07 05:19:23 WARN  SELL_SKIP [US] BAIG reason=PHANTOM_POSITION phase=NONE qty=6 avgPrice=37.6000
2026-05-07 05:19:28 WARN  SELL_SKIP [US] BAIG reason=PHANTOM_POSITION phase=NONE qty=6 avgPrice=37.6000
2026-05-07 05:19:33 WARN  SELL_SKIP [US] BAIG reason=PHANTOM_POSITION phase=NONE qty=6 avgPrice=37.6000
2026-05-07 05:19:39 WARN  SELL_SKIP [US] BAIG reason=PHANTOM_POSITION phase=NONE qty=6 avgPrice=37.6000
2026-05-07 05:19:49 WARN  SELL_SKIP [US] BAIG reason=PHANTOM_POSITION phase=NONE qty=6 avgPrice=37.6000
2026-05-07 05:19:54 WARN  SELL_SKIP [US] BAIG reason=PHANTOM_POSITION phase=NONE qty=6 avgPrice=37.6000
2026-05-07 05:19:59 WARN  SELL_SKIP [US] BAIG reason=PHANTOM_POSITION phase=NONE qty=6 avgPrice=37.6000
2026-05-07 05:20:04 WARN  SELL_SKIP [US] BAIG reason=PHANTOM_POSITION phase=NONE qty=6 avgPrice=37.6000
2026-05-07 05:20:09 WARN  SELL_SKIP [US] BAIG reason=PHANTOM_POSITION phase=NONE qty=6 avgPrice=37.6000
2026-05-07 05:20:14 WARN  SELL_SKIP [US] BAIG reason=PHANTOM_POSITION phase=NONE qty=6 avgPrice=37.6000
2026-05-07 05:20:19 WARN  SELL_SKIP [US] BAIG reason=PHANTOM_POSITION phase=NONE qty=6 avgPrice=37.6000
2026-05-07 05:20:24 WARN  SELL_SKIP [US] BAIG reason=PHANTOM_POSITION phase=NONE qty=6 avgPrice=37.6000
2026-05-07 05:20:29 WARN  SELL_SKIP [US] BAIG reason=PHANTOM_POSITION phase=NONE qty=6 avgPrice=37.6000
2026-05-07 05:20:35 WARN  SELL_SKIP [US] BAIG reason=PHANTOM_POSITION phase=NONE qty=6 avgPrice=37.6000
2026-05-07 05:20:40 WARN  SELL_SKIP [US] BAIG reason=PHANTOM_POSITION phase=NONE qty=6 avgPrice=37.6000
2026-05-07 05:20:45 WARN  SELL_SKIP [US] BAIG reason=PHANTOM_POSITION phase=NONE qty=6 avgPrice=37.6000
2026-05-07 05:20:50 WARN  SELL_SKIP [US] BAIG reason=PHANTOM_POSITION phase=NONE qty=6 avgPrice=37.6000
2026-05-07 05:20:55 WARN  SELL_SKIP [US] BAIG reason=PHANTOM_POSITION phase=NONE qty=6 avgPrice=37.6000
2026-05-07 05:21:05 WARN  SELL_SKIP [US] BAIG reason=PHANTOM_POSITION phase=NONE qty=6 avgPrice=37.6000
2026-05-07 05:21:10 WARN  SELL_SKIP [US] BAIG reason=PHANTOM_POSITION phase=NONE qty=6 avgPrice=37.6000
2026-05-07 05:21:15 WARN  SELL_SKIP [US] BAIG reason=PHANTOM_POSITION phase=NONE qty=6 avgPrice=37.6000
2026-05-07 05:21:20 WARN  SELL_SKIP [US] BAIG reason=PHANTOM_POSITION phase=NONE qty=6 avgPrice=37.6000
2026-05-07 05:21:25 WARN  SELL_SKIP [US] BAIG reason=PHANTOM_POSITION phase=NONE qty=6 avgPrice=37.6000
2026-05-07 05:21:30 WARN  SELL_SKIP [US] BAIG reason=PHANTOM_POSITION phase=NONE qty=6 avgPrice=37.6000
2026-05-07 05:21:36 WARN  SELL_SKIP [US] BAIG reason=PHANTOM_POSITION phase=NONE qty=6 avgPrice=37.6000
2026-05-07 05:21:41 WARN  SELL_SKIP [US] BAIG reason=PHANTOM_POSITION phase=NONE qty=6 avgPrice=37.6000
2026-05-07 05:21:46 WARN  SELL_SKIP [US] BAIG reason=PHANTOM_POSITION phase=NONE qty=6 avgPrice=37.6000
2026-05-07 05:21:51 WARN  SELL_SKIP [US] BAIG reason=PHANTOM_POSITION phase=NONE qty=6 avgPrice=37.6000
2026-05-07 05:21:56 WARN  SELL_SKIP [US] BAIG reason=PHANTOM_POSITION phase=NONE qty=6 avgPrice=37.6000
2026-05-07 05:22:01 WARN  SELL_SKIP [US] BAIG reason=PHANTOM_POSITION phase=NONE qty=6 avgPrice=37.6000
2026-05-07 05:22:06 WARN  SELL_SKIP [US] BAIG reason=PHANTOM_POSITION phase=NONE qty=6 avgPrice=37.6000
2026-05-07 05:22:07 WARN  BUY_SKIP [US] SOXL reason=AMOUNT_TOO_SMALL amount=250.0000 size=0.8000x price=167.7700
2026-05-07 05:22:11 WARN  SELL_SKIP [US] BAIG reason=PHANTOM_POSITION phase=NONE qty=6 avgPrice=37.6000
2026-05-07 05:22:16 WARN  SELL_SKIP [US] BAIG reason=PHANTOM_POSITION phase=NONE qty=6 avgPrice=37.6000
2026-05-07 05:22:21 WARN  SELL_SKIP [US] BAIG reason=PHANTOM_POSITION phase=NONE qty=6 avgPrice=37.6000
2026-05-07 05:22:26 WARN  SELL_SKIP [US] BAIG reason=PHANTOM_POSITION phase=NONE qty=6 avgPrice=37.6000
2026-05-07 05:22:32 WARN  SELL_SKIP [US] BAIG reason=PHANTOM_POSITION phase=NONE qty=6 avgPrice=37.6000
2026-05-07 05:22:37 WARN  SELL_SKIP [US] BAIG reason=PHANTOM_POSITION phase=NONE qty=6 avgPrice=37.6000
2026-05-07 05:22:47 WARN  SELL_SKIP [US] BAIG reason=PHANTOM_POSITION phase=NONE qty=6 avgPrice=37.6000
2026-05-07 05:22:52 WARN  SELL_SKIP [US] BAIG reason=PHANTOM_POSITION phase=NONE qty=6 avgPrice=37.6000
2026-05-07 05:22:57 WARN  SELL_SKIP [US] BAIG reason=PHANTOM_POSITION phase=NONE qty=6 avgPrice=37.6000
2026-05-07 05:23:02 WARN  SELL_SKIP [US] BAIG reason=PHANTOM_POSITION phase=NONE qty=6 avgPrice=37.6000
2026-05-07 05:23:07 WARN  SELL_SKIP [US] BAIG reason=PHANTOM_POSITION phase=NONE qty=6 avgPrice=37.6000
2026-05-07 05:23:08 WARN  BUY_SKIP [US] SOXL reason=AMOUNT_TOO_SMALL amount=250.0000 size=0.8000x price=167.8600
2026-05-07 05:23:12 WARN  SELL_SKIP [US] BAIG reason=PHANTOM_POSITION phase=NONE qty=6 avgPrice=37.6000
2026-05-07 05:23:17 WARN  SELL_SKIP [US] BAIG reason=PHANTOM_POSITION phase=NONE qty=6 avgPrice=37.6000
2026-05-07 05:23:22 WARN  SELL_SKIP [US] BAIG reason=PHANTOM_POSITION phase=NONE qty=6 avgPrice=37.6000
2026-05-07 05:23:27 WARN  SELL_SKIP [US] BAIG reason=PHANTOM_POSITION phase=NONE qty=6 avgPrice=37.6000
2026-05-07 05:23:32 WARN  SELL_SKIP [US] BAIG reason=PHANTOM_POSITION phase=NONE qty=6 avgPrice=37.6000
2026-05-07 05:23:38 WARN  SELL_SKIP [US] BAIG reason=PHANTOM_POSITION phase=NONE qty=6 avgPrice=37.6000
2026-05-07 05:23:43 WARN  SELL_SKIP [US] BAIG reason=PHANTOM_POSITION phase=NONE qty=6 avgPrice=37.6000
2026-05-07 05:23:48 WARN  SELL_SKIP [US] BAIG reason=PHANTOM_POSITION phase=NONE qty=6 avgPrice=37.6000
2026-05-07 05:23:53 WARN  SELL_SKIP [US] BAIG reason=PHANTOM_POSITION phase=NONE qty=6 avgPrice=37.6000
2026-05-07 05:23:58 WARN  SELL_SKIP [US] BAIG reason=PHANTOM_POSITION phase=NONE qty=6 avgPrice=37.6000
2026-05-07 05:24:03 WARN  SELL_SKIP [US] BAIG reason=PHANTOM_POSITION phase=NONE qty=6 avgPrice=37.6000
2026-05-07 05:24:08 WARN  SELL_SKIP [US] BAIG reason=PHANTOM_POSITION phase=NONE qty=6 avgPrice=37.6000
2026-05-07 05:24:13 WARN  SELL_SKIP [US] BAIG reason=PHANTOM_POSITION phase=NONE qty=6 avgPrice=37.6000
2026-05-07 05:24:18 WARN  SELL_SKIP [US] BAIG reason=PHANTOM_POSITION phase=NONE qty=6 avgPrice=37.6000
2026-05-07 05:24:23 WARN  SELL_SKIP [US] BAIG reason=PHANTOM_POSITION phase=NONE qty=6 avgPrice=37.6000
2026-05-07 05:24:28 WARN  SELL_SKIP [US] BAIG reason=PHANTOM_POSITION phase=NONE qty=6 avgPrice=37.6000
2026-05-07 05:24:33 WARN  SELL_SKIP [US] BAIG reason=PHANTOM_POSITION phase=NONE qty=6 avgPrice=37.6000
2026-05-07 05:24:39 WARN  SELL_SKIP [US] BAIG reason=PHANTOM_POSITION phase=NONE qty=6 avgPrice=37.6000
2026-05-07 05:24:44 WARN  SELL_SKIP [US] BAIG reason=PHANTOM_POSITION phase=NONE qty=6 avgPrice=37.6000
2026-05-07 05:24:49 WARN  SELL_SKIP [US] BAIG reason=PHANTOM_POSITION phase=NONE qty=6 avgPrice=37.6000
2026-05-07 05:24:54 WARN  SELL_SKIP [US] BAIG reason=PHANTOM_POSITION phase=NONE qty=6 avgPrice=37.6000
2026-05-07 05:24:59 WARN  SELL_SKIP [US] BAIG reason=PHANTOM_POSITION phase=NONE qty=6 avgPrice=37.6000
2026-05-07 05:25:04 WARN  SELL_SKIP [US] BAIG reason=PHANTOM_POSITION phase=NONE qty=6 avgPrice=37.6000
2026-05-07 05:25:14 WARN  SELL_SKIP [US] BAIG reason=PHANTOM_POSITION phase=NONE qty=6 avgPrice=37.6000
2026-05-07 05:25:19 WARN  SELL_SKIP [US] BAIG reason=PHANTOM_POSITION phase=NONE qty=6 avgPrice=37.6000
2026-05-07 05:25:24 WARN  SELL_SKIP [US] BAIG reason=PHANTOM_POSITION phase=NONE qty=6 avgPrice=37.6000
2026-05-07 05:25:29 WARN  SELL_SKIP [US] BAIG reason=PHANTOM_POSITION phase=NONE qty=6 avgPrice=37.6000
2026-05-07 05:25:34 WARN  SELL_SKIP [US] BAIG reason=PHANTOM_POSITION phase=NONE qty=6 avgPrice=37.6000
2026-05-07 05:25:40 WARN  SELL_SKIP [US] BAIG reason=PHANTOM_POSITION phase=NONE qty=6 avgPrice=37.6000
2026-05-07 05:25:45 WARN  SELL_SKIP [US] BAIG reason=PHANTOM_POSITION phase=NONE qty=6 avgPrice=37.6000
2026-05-07 05:25:50 WARN  SELL_SKIP [US] BAIG reason=PHANTOM_POSITION phase=NONE qty=6 avgPrice=37.6000
2026-05-07 05:25:55 WARN  SELL_SKIP [US] BAIG reason=PHANTOM_POSITION phase=NONE qty=6 avgPrice=37.6000
2026-05-07 05:26:00 WARN  SELL_SKIP [US] BAIG reason=PHANTOM_POSITION phase=NONE qty=6 avgPrice=37.6000
2026-05-07 05:26:05 WARN  SELL_SKIP [US] BAIG reason=PHANTOM_POSITION phase=NONE qty=6 avgPrice=37.6000
2026-05-07 05:26:10 WARN  SELL_SKIP [US] BAIG reason=PHANTOM_POSITION phase=NONE qty=6 avgPrice=37.6000
2026-05-07 05:26:15 WARN  SELL_SKIP [US] BAIG reason=PHANTOM_POSITION phase=NONE qty=6 avgPrice=37.6000
2026-05-07 05:26:20 WARN  SELL_SKIP [US] BAIG reason=PHANTOM_POSITION phase=NONE qty=6 avgPrice=37.6000
2026-05-07 05:26:25 WARN  SELL_SKIP [US] BAIG reason=PHANTOM_POSITION phase=NONE qty=6 avgPrice=37.6000
2026-05-07 05:26:30 WARN  SELL_SKIP [US] BAIG reason=PHANTOM_POSITION phase=NONE qty=6 avgPrice=37.6000
2026-05-07 05:26:35 WARN  SELL_SKIP [US] BAIG reason=PHANTOM_POSITION phase=NONE qty=6 avgPrice=37.6000
2026-05-07 05:26:40 WARN  SELL_SKIP [US] BAIG reason=PHANTOM_POSITION phase=NONE qty=6 avgPrice=37.6000
2026-05-07 05:26:46 WARN  SELL_SKIP [US] BAIG reason=PHANTOM_POSITION phase=NONE qty=6 avgPrice=37.6000
2026-05-07 05:26:56 WARN  SELL_SKIP [US] BAIG reason=PHANTOM_POSITION phase=NONE qty=6 avgPrice=37.6000
2026-05-07 05:27:01 WARN  SELL_SKIP [US] BAIG reason=PHANTOM_POSITION phase=NONE qty=6 avgPrice=37.6000
2026-05-07 05:27:06 WARN  SELL_SKIP [US] BAIG reason=PHANTOM_POSITION phase=NONE qty=6 avgPrice=37.6000
2026-05-07 05:27:11 WARN  SELL_SKIP [US] BAIG reason=PHANTOM_POSITION phase=NONE qty=6 avgPrice=37.6000
2026-05-07 05:27:16 WARN  SELL_SKIP [US] BAIG reason=PHANTOM_POSITION phase=NONE qty=6 avgPrice=37.6000
2026-05-07 05:27:21 WARN  SELL_SKIP [US] BAIG reason=PHANTOM_POSITION phase=NONE qty=6 avgPrice=37.6000
2026-05-07 05:27:26 WARN  SELL_SKIP [US] BAIG reason=PHANTOM_POSITION phase=NONE qty=6 avgPrice=37.6000
2026-05-07 05:27:31 WARN  SELL_SKIP [US] BAIG reason=PHANTOM_POSITION phase=NONE qty=6 avgPrice=37.6000
2026-05-07 05:27:36 WARN  SELL_SKIP [US] BAIG reason=PHANTOM_POSITION phase=NONE qty=6 avgPrice=37.6000
2026-05-07 05:27:41 WARN  SELL_SKIP [US] BAIG reason=PHANTOM_POSITION phase=NONE qty=6 avgPrice=37.6000
2026-05-07 05:27:47 WARN  SELL_SKIP [US] BAIG reason=PHANTOM_POSITION phase=NONE qty=6 avgPrice=37.6000
2026-05-07 05:27:52 WARN  SELL_SKIP [US] BAIG reason=PHANTOM_POSITION phase=NONE qty=6 avgPrice=37.6000
2026-05-07 05:27:57 WARN  SELL_SKIP [US] BAIG reason=PHANTOM_POSITION phase=NONE qty=6 avgPrice=37.6000
2026-05-07 05:28:02 WARN  SELL_SKIP [US] BAIG reason=PHANTOM_POSITION phase=NONE qty=6 avgPrice=37.6000
2026-05-07 05:28:07 WARN  SELL_SKIP [US] BAIG reason=PHANTOM_POSITION phase=NONE qty=6 avgPrice=37.6000
2026-05-07 05:28:12 WARN  SELL_SKIP [US] BAIG reason=PHANTOM_POSITION phase=NONE qty=6 avgPrice=37.6000
2026-05-07 05:28:17 WARN  SELL_SKIP [US] BAIG reason=PHANTOM_POSITION phase=NONE qty=6 avgPrice=37.6000
2026-05-07 05:28:22 WARN  SELL_SKIP [US] BAIG reason=PHANTOM_POSITION phase=NONE qty=6 avgPrice=37.6000
2026-05-07 05:28:27 WARN  SELL_SKIP [US] BAIG reason=PHANTOM_POSITION phase=NONE qty=6 avgPrice=37.6000
2026-05-07 05:28:32 WARN  SELL_SKIP [US] BAIG reason=PHANTOM_POSITION phase=NONE qty=6 avgPrice=37.6000
2026-05-07 05:28:37 WARN  SELL_SKIP [US] BAIG reason=PHANTOM_POSITION phase=NONE qty=6 avgPrice=37.6000
2026-05-07 05:28:43 WARN  SELL_SKIP [US] BAIG reason=PHANTOM_POSITION phase=NONE qty=6 avgPrice=37.6000
2026-05-07 05:28:48 WARN  SELL_SKIP [US] BAIG reason=PHANTOM_POSITION phase=NONE qty=6 avgPrice=37.6000
2026-05-07 05:28:53 WARN  SELL_SKIP [US] BAIG reason=PHANTOM_POSITION phase=NONE qty=6 avgPrice=37.6000
2026-05-07 05:28:58 WARN  SELL_SKIP [US] BAIG reason=PHANTOM_POSITION phase=NONE qty=6 avgPrice=37.6000
2026-05-07 05:29:03 WARN  SELL_SKIP [US] BAIG reason=PHANTOM_POSITION phase=NONE qty=6 avgPrice=37.6000
2026-05-07 05:29:08 WARN  SELL_SKIP [US] BAIG reason=PHANTOM_POSITION phase=NONE qty=6 avgPrice=37.6000
2026-05-07 05:29:13 WARN  SELL_SKIP [US] BAIG reason=PHANTOM_POSITION phase=NONE qty=6 avgPrice=37.6000
2026-05-07 05:29:18 WARN  SELL_SKIP [US] BAIG reason=PHANTOM_POSITION phase=NONE qty=6 avgPrice=37.6000
2026-05-07 05:29:23 WARN  SELL_SKIP [US] BAIG reason=PHANTOM_POSITION phase=NONE qty=6 avgPrice=37.6000
2026-05-07 05:29:28 WARN  SELL_SKIP [US] BAIG reason=PHANTOM_POSITION phase=NONE qty=6 avgPrice=37.6000
2026-05-07 05:29:33 WARN  SELL_SKIP [US] BAIG reason=PHANTOM_POSITION phase=NONE qty=6 avgPrice=37.6000
2026-05-07 05:29:38 WARN  SELL_SKIP [US] BAIG reason=PHANTOM_POSITION phase=NONE qty=6 avgPrice=37.6000
2026-05-07 05:29:44 WARN  SELL_SKIP [US] BAIG reason=PHANTOM_POSITION phase=NONE qty=6 avgPrice=37.6000
2026-05-07 05:29:49 WARN  SELL_SKIP [US] BAIG reason=PHANTOM_POSITION phase=NONE qty=6 avgPrice=37.6000
2026-05-07 05:29:54 WARN  SELL_SKIP [US] BAIG reason=PHANTOM_POSITION phase=NONE qty=6 avgPrice=37.6000
2026-05-07 05:29:59 WARN  SELL_SKIP [US] BAIG reason=PHANTOM_POSITION phase=NONE qty=6 avgPrice=37.6000
2026-05-07 05:30:04 WARN  SELL_SKIP [US] BAIG reason=PHANTOM_POSITION phase=NONE qty=6 avgPrice=37.6000
2026-05-07 05:30:09 WARN  SELL_SKIP [US] BAIG reason=PHANTOM_POSITION phase=NONE qty=6 avgPrice=37.6000
2026-05-07 05:30:14 WARN  SELL_SKIP [US] BAIG reason=PHANTOM_POSITION phase=NONE qty=6 avgPrice=37.6000
2026-05-07 05:30:19 WARN  SELL_SKIP [US] BAIG reason=PHANTOM_POSITION phase=NONE qty=6 avgPrice=37.6000
2026-05-07 05:30:24 WARN  SELL_SKIP [US] BAIG reason=PHANTOM_POSITION phase=NONE qty=6 avgPrice=37.6000
2026-05-07 05:30:29 WARN  SELL_SKIP [US] BAIG reason=PHANTOM_POSITION phase=NONE qty=6 avgPrice=37.6000
2026-05-07 05:30:34 WARN  SELL_SKIP [US] BAIG reason=PHANTOM_POSITION phase=NONE qty=6 avgPrice=37.6000
2026-05-07 05:30:40 WARN  SELL_SKIP [US] BAIG reason=PHANTOM_POSITION phase=NONE qty=6 avgPrice=37.6000
2026-05-07 05:30:45 WARN  SELL_SKIP [US] BAIG reason=PHANTOM_POSITION phase=NONE qty=6 avgPrice=37.6000
2026-05-07 05:30:50 WARN  SELL_SKIP [US] BAIG reason=PHANTOM_POSITION phase=NONE qty=6 avgPrice=37.6000
2026-05-07 05:30:55 WARN  SELL_SKIP [US] BAIG reason=PHANTOM_POSITION phase=NONE qty=6 avgPrice=37.6000
2026-05-07 05:31:00 WARN  SELL_SKIP [US] BAIG reason=PHANTOM_POSITION phase=NONE qty=6 avgPrice=37.6000
2026-05-07 05:31:10 WARN  SELL_SKIP [US] BAIG reason=PHANTOM_POSITION phase=NONE qty=6 avgPrice=37.6000
2026-05-07 05:31:15 WARN  SELL_SKIP [US] BAIG reason=PHANTOM_POSITION phase=NONE qty=6 avgPrice=37.6000
2026-05-07 05:31:20 WARN  SELL_SKIP [US] BAIG reason=PHANTOM_POSITION phase=NONE qty=6 avgPrice=37.6000
2026-05-07 05:31:25 WARN  SELL_SKIP [US] BAIG reason=PHANTOM_POSITION phase=NONE qty=6 avgPrice=37.6000
2026-05-07 05:31:30 WARN  SELL_SKIP [US] BAIG reason=PHANTOM_POSITION phase=NONE qty=6 avgPrice=37.6000
2026-05-07 05:31:35 WARN  SELL_SKIP [US] BAIG reason=PHANTOM_POSITION phase=NONE qty=6 avgPrice=37.6000
2026-05-07 05:31:41 WARN  SELL_SKIP [US] BAIG reason=PHANTOM_POSITION phase=NONE qty=6 avgPrice=37.6000
2026-05-07 05:31:46 WARN  SELL_SKIP [US] BAIG reason=PHANTOM_POSITION phase=NONE qty=6 avgPrice=37.6000
2026-05-07 05:31:51 WARN  SELL_SKIP [US] BAIG reason=PHANTOM_POSITION phase=NONE qty=6 avgPrice=37.6000
2026-05-07 05:31:56 WARN  SELL_SKIP [US] BAIG reason=PHANTOM_POSITION phase=NONE qty=6 avgPrice=37.6000
2026-05-07 05:32:01 WARN  SELL_SKIP [US] BAIG reason=PHANTOM_POSITION phase=NONE qty=6 avgPrice=37.6000
2026-05-07 05:32:06 WARN  SELL_SKIP [US] BAIG reason=PHANTOM_POSITION phase=NONE qty=6 avgPrice=37.6000
2026-05-07 05:32:11 WARN  SELL_SKIP [US] BAIG reason=PHANTOM_POSITION phase=NONE qty=6 avgPrice=37.6000
2026-05-07 05:32:16 WARN  SELL_SKIP [US] BAIG reason=PHANTOM_POSITION phase=NONE qty=6 avgPrice=37.6000
2026-05-07 05:32:21 WARN  SELL_SKIP [US] BAIG reason=PHANTOM_POSITION phase=NONE qty=6 avgPrice=37.6000
2026-05-07 05:32:26 WARN  SELL_SKIP [US] BAIG reason=PHANTOM_POSITION phase=NONE qty=6 avgPrice=37.6000
2026-05-07 05:32:31 WARN  SELL_SKIP [US] BAIG reason=PHANTOM_POSITION phase=NONE qty=6 avgPrice=37.6000
2026-05-07 05:32:37 WARN  SELL_SKIP [US] BAIG reason=PHANTOM_POSITION phase=NONE qty=6 avgPrice=37.6000
2026-05-07 05:32:42 WARN  SELL_SKIP [US] BAIG reason=PHANTOM_POSITION phase=NONE qty=6 avgPrice=37.6000
2026-05-07 05:32:47 WARN  SELL_SKIP [US] BAIG reason=PHANTOM_POSITION phase=NONE qty=6 avgPrice=37.6000
2026-05-07 05:32:52 WARN  SELL_SKIP [US] BAIG reason=PHANTOM_POSITION phase=NONE qty=6 avgPrice=37.6000
2026-05-07 05:32:57 WARN  SELL_SKIP [US] BAIG reason=PHANTOM_POSITION phase=NONE qty=6 avgPrice=37.6000
2026-05-07 05:33:02 WARN  SELL_SKIP [US] BAIG reason=PHANTOM_POSITION phase=NONE qty=6 avgPrice=37.6000
2026-05-07 05:33:07 WARN  SELL_SKIP [US] BAIG reason=PHANTOM_POSITION phase=NONE qty=6 avgPrice=37.6000
2026-05-07 05:33:12 WARN  SELL_SKIP [US] BAIG reason=PHANTOM_POSITION phase=NONE qty=6 avgPrice=37.6000
2026-05-07 05:33:17 WARN  SELL_SKIP [US] BAIG reason=PHANTOM_POSITION phase=NONE qty=6 avgPrice=37.6000
2026-05-07 05:33:22 WARN  SELL_SKIP [US] BAIG reason=PHANTOM_POSITION phase=NONE qty=6 avgPrice=37.6000
2026-05-07 05:33:27 WARN  SELL_SKIP [US] BAIG reason=PHANTOM_POSITION phase=NONE qty=6 avgPrice=37.6000
2026-05-07 05:33:32 WARN  SELL_SKIP [US] BAIG reason=PHANTOM_POSITION phase=NONE qty=6 avgPrice=37.6000
2026-05-07 05:33:38 WARN  SELL_SKIP [US] BAIG reason=PHANTOM_POSITION phase=NONE qty=6 avgPrice=37.6000
2026-05-07 05:33:43 WARN  SELL_SKIP [US] BAIG reason=PHANTOM_POSITION phase=NONE qty=6 avgPrice=37.6000
2026-05-07 05:33:48 WARN  SELL_SKIP [US] BAIG reason=PHANTOM_POSITION phase=NONE qty=6 avgPrice=37.6000
2026-05-07 05:33:53 WARN  SELL_SKIP [US] BAIG reason=PHANTOM_POSITION phase=NONE qty=6 avgPrice=37.6000
2026-05-07 05:33:58 WARN  SELL_SKIP [US] BAIG reason=PHANTOM_POSITION phase=NONE qty=6 avgPrice=37.6000
2026-05-07 05:34:03 WARN  SELL_SKIP [US] BAIG reason=PHANTOM_POSITION phase=NONE qty=6 avgPrice=37.6000
2026-05-07 05:34:08 WARN  SELL_SKIP [US] BAIG reason=PHANTOM_POSITION phase=NONE qty=6 avgPrice=37.6000
2026-05-07 05:34:13 WARN  SELL_SKIP [US] BAIG reason=PHANTOM_POSITION phase=NONE qty=6 avgPrice=37.6000
2026-05-07 05:34:18 WARN  SELL_SKIP [US] BAIG reason=PHANTOM_POSITION phase=NONE qty=6 avgPrice=37.6000
2026-05-07 05:34:23 WARN  SELL_SKIP [US] BAIG reason=PHANTOM_POSITION phase=NONE qty=6 avgPrice=37.6000
2026-05-07 05:34:28 WARN  SELL_SKIP [US] BAIG reason=PHANTOM_POSITION phase=NONE qty=6 avgPrice=37.6000
2026-05-07 05:34:33 WARN  SELL_SKIP [US] BAIG reason=PHANTOM_POSITION phase=NONE qty=6 avgPrice=37.6000
2026-05-07 05:34:38 WARN  SELL_SKIP [US] BAIG reason=PHANTOM_POSITION phase=NONE qty=6 avgPrice=37.6000
2026-05-07 05:34:44 WARN  SELL_SKIP [US] BAIG reason=PHANTOM_POSITION phase=NONE qty=6 avgPrice=37.6000
2026-05-07 05:34:49 WARN  SELL_SKIP [US] BAIG reason=PHANTOM_POSITION phase=NONE qty=6 avgPrice=37.6000
2026-05-07 05:34:54 WARN  SELL_SKIP [US] BAIG reason=PHANTOM_POSITION phase=NONE qty=6 avgPrice=37.6000
2026-05-07 05:34:59 WARN  SELL_SKIP [US] BAIG reason=PHANTOM_POSITION phase=NONE qty=6 avgPrice=37.6000
2026-05-07 05:35:04 WARN  SELL_SKIP [US] BAIG reason=PHANTOM_POSITION phase=NONE qty=6 avgPrice=37.6000
2026-05-07 05:35:09 WARN  SELL_SKIP [US] BAIG reason=PHANTOM_POSITION phase=NONE qty=6 avgPrice=37.6000
2026-05-07 05:35:14 WARN  SELL_SKIP [US] BAIG reason=PHANTOM_POSITION phase=NONE qty=6 avgPrice=37.6000
2026-05-07 05:35:24 WARN  SELL_SKIP [US] BAIG reason=PHANTOM_POSITION phase=NONE qty=6 avgPrice=37.6000
2026-05-07 05:35:29 WARN  SELL_SKIP [US] BAIG reason=PHANTOM_POSITION phase=NONE qty=6 avgPrice=37.6000
2026-05-07 05:35:34 WARN  SELL_SKIP [US] BAIG reason=PHANTOM_POSITION phase=NONE qty=6 avgPrice=37.6000
2026-05-07 05:35:40 WARN  SELL_SKIP [US] BAIG reason=PHANTOM_POSITION phase=NONE qty=6 avgPrice=37.6000
2026-05-07 05:35:45 WARN  SELL_SKIP [US] BAIG reason=PHANTOM_POSITION phase=NONE qty=6 avgPrice=37.6000
2026-05-07 05:35:50 WARN  SELL_SKIP [US] BAIG reason=PHANTOM_POSITION phase=NONE qty=6 avgPrice=37.6000
2026-05-07 05:35:55 WARN  SELL_SKIP [US] BAIG reason=PHANTOM_POSITION phase=NONE qty=6 avgPrice=37.6000
2026-05-07 05:36:00 WARN  SELL_SKIP [US] BAIG reason=PHANTOM_POSITION phase=NONE qty=6 avgPrice=37.6000
2026-05-07 05:36:05 WARN  SELL_SKIP [US] BAIG reason=PHANTOM_POSITION phase=NONE qty=6 avgPrice=37.6000
2026-05-07 05:36:10 WARN  SELL_SKIP [US] BAIG reason=PHANTOM_POSITION phase=NONE qty=6 avgPrice=37.6000
2026-05-07 05:36:15 WARN  SELL_SKIP [US] BAIG reason=PHANTOM_POSITION phase=NONE qty=6 avgPrice=37.6000
2026-05-07 05:36:20 WARN  SELL_SKIP [US] BAIG reason=PHANTOM_POSITION phase=NONE qty=6 avgPrice=37.6000
2026-05-07 05:36:25 WARN  SELL_SKIP [US] BAIG reason=PHANTOM_POSITION phase=NONE qty=6 avgPrice=37.6000
2026-05-07 05:36:30 WARN  SELL_SKIP [US] BAIG reason=PHANTOM_POSITION phase=NONE qty=6 avgPrice=37.6000
2026-05-07 05:36:35 WARN  SELL_SKIP [US] BAIG reason=PHANTOM_POSITION phase=NONE qty=6 avgPrice=37.6000
2026-05-07 05:36:41 WARN  SELL_SKIP [US] BAIG reason=PHANTOM_POSITION phase=NONE qty=6 avgPrice=37.6000
2026-05-07 05:36:46 WARN  SELL_SKIP [US] BAIG reason=PHANTOM_POSITION phase=NONE qty=6 avgPrice=37.6000
2026-05-07 05:36:51 WARN  SELL_SKIP [US] BAIG reason=PHANTOM_POSITION phase=NONE qty=6 avgPrice=37.6000
2026-05-07 05:36:56 WARN  SELL_SKIP [US] BAIG reason=PHANTOM_POSITION phase=NONE qty=6 avgPrice=37.6000
2026-05-07 05:37:06 WARN  SELL_SKIP [US] BAIG reason=PHANTOM_POSITION phase=NONE qty=6 avgPrice=37.6000
2026-05-07 05:37:11 WARN  SELL_SKIP [US] BAIG reason=PHANTOM_POSITION phase=NONE qty=6 avgPrice=37.6000
2026-05-07 05:37:16 WARN  SELL_SKIP [US] BAIG reason=PHANTOM_POSITION phase=NONE qty=6 avgPrice=37.6000
2026-05-07 05:37:21 WARN  SELL_SKIP [US] BAIG reason=PHANTOM_POSITION phase=NONE qty=6 avgPrice=37.6000
2026-05-07 05:37:26 WARN  SELL_SKIP [US] BAIG reason=PHANTOM_POSITION phase=NONE qty=6 avgPrice=37.6000
2026-05-07 05:37:32 WARN  SELL_SKIP [US] BAIG reason=PHANTOM_POSITION phase=NONE qty=6 avgPrice=37.6000
2026-05-07 05:37:37 WARN  SELL_SKIP [US] BAIG reason=PHANTOM_POSITION phase=NONE qty=6 avgPrice=37.6000
2026-05-07 05:37:42 WARN  SELL_SKIP [US] BAIG reason=PHANTOM_POSITION phase=NONE qty=6 avgPrice=37.6000
2026-05-07 05:37:52 WARN  SELL_SKIP [US] BAIG reason=PHANTOM_POSITION phase=NONE qty=6 avgPrice=37.6000
2026-05-07 05:37:57 WARN  SELL_SKIP [US] BAIG reason=PHANTOM_POSITION phase=NONE qty=6 avgPrice=37.6000
2026-05-07 05:38:02 WARN  SELL_SKIP [US] BAIG reason=PHANTOM_POSITION phase=NONE qty=6 avgPrice=37.6000
2026-05-07 05:38:07 WARN  SELL_SKIP [US] BAIG reason=PHANTOM_POSITION phase=NONE qty=6 avgPrice=37.6000
2026-05-07 05:38:12 WARN  SELL_SKIP [US] BAIG reason=PHANTOM_POSITION phase=NONE qty=6 avgPrice=37.6000
2026-05-07 05:38:17 WARN  SELL_SKIP [US] BAIG reason=PHANTOM_POSITION phase=NONE qty=6 avgPrice=37.6000
2026-05-07 05:38:22 WARN  SELL_SKIP [US] BAIG reason=PHANTOM_POSITION phase=NONE qty=6 avgPrice=37.6000
2026-05-07 05:38:28 WARN  SELL_SKIP [US] BAIG reason=PHANTOM_POSITION phase=NONE qty=6 avgPrice=37.6000
2026-05-07 05:38:33 WARN  SELL_SKIP [US] BAIG reason=PHANTOM_POSITION phase=NONE qty=6 avgPrice=37.6000
2026-05-07 05:38:38 WARN  SELL_SKIP [US] BAIG reason=PHANTOM_POSITION phase=NONE qty=6 avgPrice=37.6000
2026-05-07 05:38:43 WARN  SELL_SKIP [US] BAIG reason=PHANTOM_POSITION phase=NONE qty=6 avgPrice=37.6000
2026-05-07 05:38:48 WARN  SELL_SKIP [US] BAIG reason=PHANTOM_POSITION phase=NONE qty=6 avgPrice=37.6000
2026-05-07 05:38:53 WARN  SELL_SKIP [US] BAIG reason=PHANTOM_POSITION phase=NONE qty=6 avgPrice=37.6000
2026-05-07 05:38:58 WARN  SELL_SKIP [US] BAIG reason=PHANTOM_POSITION phase=NONE qty=6 avgPrice=37.6000
2026-05-07 05:39:08 WARN  SELL_SKIP [US] BAIG reason=PHANTOM_POSITION phase=NONE qty=6 avgPrice=37.6000
2026-05-07 05:39:13 WARN  SELL_SKIP [US] BAIG reason=PHANTOM_POSITION phase=NONE qty=6 avgPrice=37.6000
2026-05-07 05:39:18 WARN  SELL_SKIP [US] BAIG reason=PHANTOM_POSITION phase=NONE qty=6 avgPrice=37.6000
2026-05-07 05:39:23 WARN  SELL_SKIP [US] BAIG reason=PHANTOM_POSITION phase=NONE qty=6 avgPrice=37.6000
2026-05-07 05:39:29 WARN  SELL_SKIP [US] BAIG reason=PHANTOM_POSITION phase=NONE qty=6 avgPrice=37.6000
2026-05-07 05:39:34 WARN  SELL_SKIP [US] BAIG reason=PHANTOM_POSITION phase=NONE qty=6 avgPrice=37.6000
2026-05-07 05:39:39 WARN  SELL_SKIP [US] BAIG reason=PHANTOM_POSITION phase=NONE qty=6 avgPrice=37.6000
2026-05-07 05:39:49 WARN  SELL_SKIP [US] BAIG reason=PHANTOM_POSITION phase=NONE qty=6 avgPrice=37.6000
2026-05-07 05:39:54 WARN  SELL_SKIP [US] BAIG reason=PHANTOM_POSITION phase=NONE qty=6 avgPrice=37.6000
2026-05-07 05:39:59 WARN  SELL_SKIP [US] BAIG reason=PHANTOM_POSITION phase=NONE qty=6 avgPrice=37.6000
2026-05-07 05:40:05 WARN  SELL_SKIP [US] BAIG reason=PHANTOM_POSITION phase=NONE qty=6 avgPrice=37.6000
2026-05-07 05:40:10 WARN  SELL_SKIP [US] BAIG reason=PHANTOM_POSITION phase=NONE qty=6 avgPrice=37.6000
2026-05-07 05:40:15 WARN  SELL_SKIP [US] BAIG reason=PHANTOM_POSITION phase=NONE qty=6 avgPrice=37.6000
2026-05-07 05:40:20 WARN  SELL_SKIP [US] BAIG reason=PHANTOM_POSITION phase=NONE qty=6 avgPrice=37.6000
2026-05-07 05:40:25 WARN  SELL_SKIP [US] BAIG reason=PHANTOM_POSITION phase=NONE qty=6 avgPrice=37.6000
2026-05-07 05:40:30 WARN  SELL_SKIP [US] BAIG reason=PHANTOM_POSITION phase=NONE qty=6 avgPrice=37.6000
2026-05-07 05:40:35 WARN  SELL_SKIP [US] BAIG reason=PHANTOM_POSITION phase=NONE qty=6 avgPrice=37.6000
2026-05-07 05:40:40 WARN  SELL_SKIP [US] BAIG reason=PHANTOM_POSITION phase=NONE qty=6 avgPrice=37.6000
2026-05-07 05:40:45 WARN  SELL_SKIP [US] BAIG reason=PHANTOM_POSITION phase=NONE qty=6 avgPrice=37.6000
2026-05-07 05:40:50 WARN  SELL_SKIP [US] BAIG reason=PHANTOM_POSITION phase=NONE qty=6 avgPrice=37.6000
2026-05-07 05:41:00 WARN  SELL_SKIP [US] BAIG reason=PHANTOM_POSITION phase=NONE qty=6 avgPrice=37.6000
2026-05-07 05:41:05 WARN  SELL_SKIP [US] BAIG reason=PHANTOM_POSITION phase=NONE qty=6 avgPrice=37.6000
2026-05-07 05:41:10 WARN  SELL_SKIP [US] BAIG reason=PHANTOM_POSITION phase=NONE qty=6 avgPrice=37.6000
2026-05-07 05:41:16 WARN  SELL_SKIP [US] BAIG reason=PHANTOM_POSITION phase=NONE qty=6 avgPrice=37.6000
2026-05-07 05:41:21 WARN  SELL_SKIP [US] BAIG reason=PHANTOM_POSITION phase=NONE qty=6 avgPrice=37.6000
2026-05-07 05:41:31 WARN  SELL_SKIP [US] BAIG reason=PHANTOM_POSITION phase=NONE qty=6 avgPrice=37.6000
2026-05-07 05:41:36 WARN  SELL_SKIP [US] BAIG reason=PHANTOM_POSITION phase=NONE qty=6 avgPrice=37.6000
2026-05-07 05:41:41 WARN  SELL_SKIP [US] BAIG reason=PHANTOM_POSITION phase=NONE qty=6 avgPrice=37.6000
2026-05-07 05:41:46 WARN  SELL_SKIP [US] BAIG reason=PHANTOM_POSITION phase=NONE qty=6 avgPrice=37.6000
2026-05-07 05:41:56 WARN  SELL_SKIP [US] BAIG reason=PHANTOM_POSITION phase=NONE qty=6 avgPrice=37.6000
2026-05-07 05:42:01 WARN  SELL_SKIP [US] BAIG reason=PHANTOM_POSITION phase=NONE qty=6 avgPrice=37.6000
2026-05-07 05:42:12 WARN  SELL_SKIP [US] BAIG reason=PHANTOM_POSITION phase=NONE qty=6 avgPrice=37.6000
2026-05-07 05:42:17 WARN  SELL_SKIP [US] BAIG reason=PHANTOM_POSITION phase=NONE qty=6 avgPrice=37.6000
2026-05-07 05:42:22 WARN  SELL_SKIP [US] BAIG reason=PHANTOM_POSITION phase=NONE qty=6 avgPrice=37.6000
2026-05-07 05:42:27 WARN  SELL_SKIP [US] BAIG reason=PHANTOM_POSITION phase=NONE qty=6 avgPrice=37.6000
2026-05-07 05:42:32 WARN  SELL_SKIP [US] BAIG reason=PHANTOM_POSITION phase=NONE qty=6 avgPrice=37.6000
2026-05-07 05:42:42 WARN  SELL_SKIP [US] BAIG reason=PHANTOM_POSITION phase=NONE qty=6 avgPrice=37.6000
2026-05-07 05:42:47 WARN  SELL_SKIP [US] BAIG reason=PHANTOM_POSITION phase=NONE qty=6 avgPrice=37.6000
2026-05-07 05:42:52 WARN  SELL_SKIP [US] BAIG reason=PHANTOM_POSITION phase=NONE qty=6 avgPrice=37.6000
2026-05-07 05:42:57 WARN  SELL_SKIP [US] BAIG reason=PHANTOM_POSITION phase=NONE qty=6 avgPrice=37.6000
2026-05-07 05:43:02 WARN  SELL_SKIP [US] BAIG reason=PHANTOM_POSITION phase=NONE qty=6 avgPrice=37.6000
2026-05-07 05:43:08 WARN  SELL_SKIP [US] BAIG reason=PHANTOM_POSITION phase=NONE qty=6 avgPrice=37.6000
2026-05-07 05:43:13 WARN  SELL_SKIP [US] BAIG reason=PHANTOM_POSITION phase=NONE qty=6 avgPrice=37.6000
2026-05-07 05:43:18 WARN  SELL_SKIP [US] BAIG reason=PHANTOM_POSITION phase=NONE qty=6 avgPrice=37.6000
2026-05-07 05:43:23 WARN  SELL_SKIP [US] BAIG reason=PHANTOM_POSITION phase=NONE qty=6 avgPrice=37.6000
2026-05-07 05:43:28 WARN  SELL_SKIP [US] BAIG reason=PHANTOM_POSITION phase=NONE qty=6 avgPrice=37.6000
2026-05-07 05:43:33 WARN  SELL_SKIP [US] BAIG reason=PHANTOM_POSITION phase=NONE qty=6 avgPrice=37.6000
2026-05-07 05:43:43 WARN  SELL_SKIP [US] BAIG reason=PHANTOM_POSITION phase=NONE qty=6 avgPrice=37.6000
2026-05-07 05:43:48 WARN  SELL_SKIP [US] BAIG reason=PHANTOM_POSITION phase=NONE qty=6 avgPrice=37.6000
2026-05-07 05:43:53 WARN  SELL_SKIP [US] BAIG reason=PHANTOM_POSITION phase=NONE qty=6 avgPrice=37.6000
2026-05-07 05:43:58 WARN  SELL_SKIP [US] BAIG reason=PHANTOM_POSITION phase=NONE qty=6 avgPrice=37.6000
2026-05-07 05:44:04 WARN  SELL_SKIP [US] BAIG reason=PHANTOM_POSITION phase=NONE qty=6 avgPrice=37.6000
2026-05-07 05:44:09 WARN  SELL_SKIP [US] BAIG reason=PHANTOM_POSITION phase=NONE qty=6 avgPrice=37.6000
2026-05-07 05:44:14 WARN  SELL_SKIP [US] BAIG reason=PHANTOM_POSITION phase=NONE qty=6 avgPrice=37.6000
2026-05-07 05:44:24 WARN  SELL_SKIP [US] BAIG reason=PHANTOM_POSITION phase=NONE qty=6 avgPrice=37.6000
2026-05-07 05:44:29 WARN  SELL_SKIP [US] BAIG reason=PHANTOM_POSITION phase=NONE qty=6 avgPrice=37.6000
2026-05-07 05:44:34 WARN  SELL_SKIP [US] BAIG reason=PHANTOM_POSITION phase=NONE qty=6 avgPrice=37.6000
2026-05-07 05:44:39 WARN  SELL_SKIP [US] BAIG reason=PHANTOM_POSITION phase=NONE qty=6 avgPrice=37.6000
2026-05-07 05:44:44 WARN  SELL_SKIP [US] BAIG reason=PHANTOM_POSITION phase=NONE qty=6 avgPrice=37.6000
2026-05-07 05:44:50 WARN  SELL_SKIP [US] BAIG reason=PHANTOM_POSITION phase=NONE qty=6 avgPrice=37.6000
2026-05-07 05:44:55 WARN  SELL_SKIP [US] BAIG reason=PHANTOM_POSITION phase=NONE qty=6 avgPrice=37.6000
2026-05-07 05:45:00 WARN  SELL_SKIP [US] BAIG reason=PHANTOM_POSITION phase=NONE qty=6 avgPrice=37.6000
2026-05-07 05:45:05 WARN  SELL_SKIP [US] BAIG reason=PHANTOM_POSITION phase=NONE qty=6 avgPrice=37.6000
2026-05-07 05:45:30 WARN  SELL_SKIP [US] BAIG reason=PHANTOM_POSITION phase=NONE qty=6 avgPrice=37.6000
2026-05-07 05:45:35 WARN  SELL_SKIP [US] BAIG reason=PHANTOM_POSITION phase=NONE qty=6 avgPrice=37.6000
2026-05-07 05:45:40 WARN  SELL_SKIP [US] BAIG reason=PHANTOM_POSITION phase=NONE qty=6 avgPrice=37.6000
2026-05-07 05:45:46 WARN  SELL_SKIP [US] BAIG reason=PHANTOM_POSITION phase=NONE qty=6 avgPrice=37.6000
2026-05-07 05:45:51 WARN  SELL_SKIP [US] BAIG reason=PHANTOM_POSITION phase=NONE qty=6 avgPrice=37.6000
2026-05-07 05:46:01 WARN  SELL_SKIP [US] BAIG reason=PHANTOM_POSITION phase=NONE qty=6 avgPrice=37.6000
2026-05-07 05:46:06 WARN  SELL_SKIP [US] BAIG reason=PHANTOM_POSITION phase=NONE qty=6 avgPrice=37.6000
2026-05-07 05:46:11 WARN  SELL_SKIP [US] BAIG reason=PHANTOM_POSITION phase=NONE qty=6 avgPrice=37.6000
2026-05-07 05:46:16 WARN  SELL_SKIP [US] BAIG reason=PHANTOM_POSITION phase=NONE qty=6 avgPrice=37.6000
2026-05-07 05:46:21 WARN  SELL_SKIP [US] BAIG reason=PHANTOM_POSITION phase=NONE qty=6 avgPrice=37.6000
2026-05-07 05:46:26 WARN  SELL_SKIP [US] BAIG reason=PHANTOM_POSITION phase=NONE qty=6 avgPrice=37.6000
2026-05-07 05:46:31 WARN  SELL_SKIP [US] BAIG reason=PHANTOM_POSITION phase=NONE qty=6 avgPrice=37.6000
2026-05-07 05:46:36 WARN  SELL_SKIP [US] BAIG reason=PHANTOM_POSITION phase=NONE qty=6 avgPrice=37.6000
2026-05-07 05:46:42 WARN  SELL_SKIP [US] BAIG reason=PHANTOM_POSITION phase=NONE qty=6 avgPrice=37.6000
2026-05-07 05:46:47 WARN  SELL_SKIP [US] BAIG reason=PHANTOM_POSITION phase=NONE qty=6 avgPrice=37.6000
2026-05-07 05:46:52 WARN  SELL_SKIP [US] BAIG reason=PHANTOM_POSITION phase=NONE qty=6 avgPrice=37.6000
2026-05-07 05:46:57 WARN  SELL_SKIP [US] BAIG reason=PHANTOM_POSITION phase=NONE qty=6 avgPrice=37.6000
2026-05-07 05:47:02 WARN  SELL_SKIP [US] BAIG reason=PHANTOM_POSITION phase=NONE qty=6 avgPrice=37.6000
2026-05-07 05:47:07 WARN  SELL_SKIP [US] BAIG reason=PHANTOM_POSITION phase=NONE qty=6 avgPrice=37.6000
2026-05-07 05:47:12 WARN  SELL_SKIP [US] BAIG reason=PHANTOM_POSITION phase=NONE qty=6 avgPrice=37.6000
2026-05-07 05:47:17 WARN  SELL_SKIP [US] BAIG reason=PHANTOM_POSITION phase=NONE qty=6 avgPrice=37.6000
2026-05-07 05:47:22 WARN  SELL_SKIP [US] BAIG reason=PHANTOM_POSITION phase=NONE qty=6 avgPrice=37.6000
2026-05-07 05:47:27 WARN  SELL_SKIP [US] BAIG reason=PHANTOM_POSITION phase=NONE qty=6 avgPrice=37.6000
2026-05-07 05:47:32 WARN  SELL_SKIP [US] BAIG reason=PHANTOM_POSITION phase=NONE qty=6 avgPrice=37.6000
2026-05-07 05:47:38 WARN  SELL_SKIP [US] BAIG reason=PHANTOM_POSITION phase=NONE qty=6 avgPrice=37.6000
2026-05-07 05:47:43 WARN  SELL_SKIP [US] BAIG reason=PHANTOM_POSITION phase=NONE qty=6 avgPrice=37.6000
2026-05-07 05:47:48 WARN  SELL_SKIP [US] BAIG reason=PHANTOM_POSITION phase=NONE qty=6 avgPrice=37.6000
2026-05-07 05:47:53 WARN  SELL_SKIP [US] BAIG reason=PHANTOM_POSITION phase=NONE qty=6 avgPrice=37.6000
2026-05-07 05:47:58 WARN  SELL_SKIP [US] BAIG reason=PHANTOM_POSITION phase=NONE qty=6 avgPrice=37.6000
2026-05-07 05:48:03 WARN  SELL_SKIP [US] BAIG reason=PHANTOM_POSITION phase=NONE qty=6 avgPrice=37.6000
2026-05-07 05:48:08 WARN  SELL_SKIP [US] BAIG reason=PHANTOM_POSITION phase=NONE qty=6 avgPrice=37.6000
2026-05-07 05:48:13 WARN  SELL_SKIP [US] BAIG reason=PHANTOM_POSITION phase=NONE qty=6 avgPrice=37.6000
2026-05-07 05:48:18 WARN  SELL_SKIP [US] BAIG reason=PHANTOM_POSITION phase=NONE qty=6 avgPrice=37.6000
2026-05-07 05:48:23 WARN  SELL_SKIP [US] BAIG reason=PHANTOM_POSITION phase=NONE qty=6 avgPrice=37.6000
2026-05-07 05:48:28 WARN  SELL_SKIP [US] BAIG reason=PHANTOM_POSITION phase=NONE qty=6 avgPrice=37.6000
2026-05-07 05:48:33 WARN  SELL_SKIP [US] BAIG reason=PHANTOM_POSITION phase=NONE qty=6 avgPrice=37.6000
2026-05-07 05:48:38 WARN  SELL_SKIP [US] BAIG reason=PHANTOM_POSITION phase=NONE qty=6 avgPrice=37.6000
2026-05-07 05:48:43 WARN  SELL_SKIP [US] BAIG reason=PHANTOM_POSITION phase=NONE qty=6 avgPrice=37.6000
2026-05-07 05:48:48 WARN  SELL_SKIP [US] BAIG reason=PHANTOM_POSITION phase=NONE qty=6 avgPrice=37.6000
2026-05-07 05:48:54 WARN  SELL_SKIP [US] BAIG reason=PHANTOM_POSITION phase=NONE qty=6 avgPrice=37.6000
2026-05-07 05:48:59 WARN  SELL_SKIP [US] BAIG reason=PHANTOM_POSITION phase=NONE qty=6 avgPrice=37.6000
2026-05-07 05:49:04 WARN  SELL_SKIP [US] BAIG reason=PHANTOM_POSITION phase=NONE qty=6 avgPrice=37.6000
2026-05-07 05:49:09 WARN  SELL_SKIP [US] BAIG reason=PHANTOM_POSITION phase=NONE qty=6 avgPrice=37.6000
2026-05-07 05:49:14 WARN  SELL_SKIP [US] BAIG reason=PHANTOM_POSITION phase=NONE qty=6 avgPrice=37.6000
2026-05-07 05:49:24 WARN  SELL_SKIP [US] BAIG reason=PHANTOM_POSITION phase=NONE qty=6 avgPrice=37.6000
2026-05-07 05:49:29 WARN  SELL_SKIP [US] BAIG reason=PHANTOM_POSITION phase=NONE qty=6 avgPrice=37.6000
2026-05-07 05:49:34 WARN  SELL_SKIP [US] BAIG reason=PHANTOM_POSITION phase=NONE qty=6 avgPrice=37.6000
2026-05-07 05:49:39 WARN  SELL_SKIP [US] BAIG reason=PHANTOM_POSITION phase=NONE qty=6 avgPrice=37.6000
2026-05-07 05:49:45 WARN  SELL_SKIP [US] BAIG reason=PHANTOM_POSITION phase=NONE qty=6 avgPrice=37.6000
2026-05-07 05:49:50 WARN  SELL_SKIP [US] BAIG reason=PHANTOM_POSITION phase=NONE qty=6 avgPrice=37.6000
2026-05-07 05:49:55 WARN  SELL_SKIP [US] BAIG reason=PHANTOM_POSITION phase=NONE qty=6 avgPrice=37.6000
2026-05-07 05:50:00 WARN  SELL_SKIP [US] BAIG reason=PHANTOM_POSITION phase=NONE qty=6 avgPrice=37.6000
2026-05-07 05:50:05 WARN  SELL_SKIP [US] BAIG reason=PHANTOM_POSITION phase=NONE qty=6 avgPrice=37.6000
2026-05-07 05:50:10 WARN  SELL_SKIP [US] BAIG reason=PHANTOM_POSITION phase=NONE qty=6 avgPrice=37.6000
2026-05-07 05:50:20 WARN  SELL_SKIP [US] BAIG reason=PHANTOM_POSITION phase=NONE qty=6 avgPrice=37.6000
2026-05-07 05:50:30 WARN  SELL_SKIP [US] BAIG reason=PHANTOM_POSITION phase=NONE qty=6 avgPrice=37.6000
2026-05-07 05:50:35 WARN  SELL_SKIP [US] BAIG reason=PHANTOM_POSITION phase=NONE qty=6 avgPrice=37.6000
2026-05-07 05:50:40 WARN  SELL_SKIP [US] BAIG reason=PHANTOM_POSITION phase=NONE qty=6 avgPrice=37.6000
2026-05-07 05:50:45 WARN  SELL_SKIP [US] BAIG reason=PHANTOM_POSITION phase=NONE qty=6 avgPrice=37.6000
2026-05-07 05:50:51 WARN  SELL_SKIP [US] BAIG reason=PHANTOM_POSITION phase=NONE qty=6 avgPrice=37.6000
2026-05-07 05:50:56 WARN  SELL_SKIP [US] BAIG reason=PHANTOM_POSITION phase=NONE qty=6 avgPrice=37.6000
2026-05-07 05:51:01 WARN  SELL_SKIP [US] BAIG reason=PHANTOM_POSITION phase=NONE qty=6 avgPrice=37.6000
2026-05-07 05:51:06 WARN  SELL_SKIP [US] BAIG reason=PHANTOM_POSITION phase=NONE qty=6 avgPrice=37.6000
2026-05-07 05:51:11 WARN  SELL_SKIP [US] BAIG reason=PHANTOM_POSITION phase=NONE qty=6 avgPrice=37.6000
2026-05-07 05:51:16 WARN  SELL_SKIP [US] BAIG reason=PHANTOM_POSITION phase=NONE qty=6 avgPrice=37.6000
2026-05-07 05:51:21 WARN  SELL_SKIP [US] BAIG reason=PHANTOM_POSITION phase=NONE qty=6 avgPrice=37.6000
2026-05-07 05:51:26 WARN  SELL_SKIP [US] BAIG reason=PHANTOM_POSITION phase=NONE qty=6 avgPrice=37.6000
2026-05-07 05:51:31 WARN  SELL_SKIP [US] BAIG reason=PHANTOM_POSITION phase=NONE qty=6 avgPrice=37.6000
2026-05-07 05:51:37 WARN  SELL_SKIP [US] BAIG reason=PHANTOM_POSITION phase=NONE qty=6 avgPrice=37.6000
2026-05-07 05:51:42 WARN  SELL_SKIP [US] BAIG reason=PHANTOM_POSITION phase=NONE qty=6 avgPrice=37.6000
2026-05-07 05:51:47 WARN  SELL_SKIP [US] BAIG reason=PHANTOM_POSITION phase=NONE qty=6 avgPrice=37.6000
2026-05-07 05:51:52 WARN  SELL_SKIP [US] BAIG reason=PHANTOM_POSITION phase=NONE qty=6 avgPrice=37.6000
2026-05-07 05:51:57 WARN  SELL_SKIP [US] BAIG reason=PHANTOM_POSITION phase=NONE qty=6 avgPrice=37.6000
2026-05-07 05:52:02 WARN  SELL_SKIP [US] BAIG reason=PHANTOM_POSITION phase=NONE qty=6 avgPrice=37.6000
2026-05-07 05:52:07 WARN  SELL_SKIP [US] BAIG reason=PHANTOM_POSITION phase=NONE qty=6 avgPrice=37.6000
2026-05-07 05:52:12 WARN  SELL_SKIP [US] BAIG reason=PHANTOM_POSITION phase=NONE qty=6 avgPrice=37.6000
2026-05-07 05:52:17 WARN  SELL_SKIP [US] BAIG reason=PHANTOM_POSITION phase=NONE qty=6 avgPrice=37.6000
2026-05-07 05:52:22 WARN  SELL_SKIP [US] BAIG reason=PHANTOM_POSITION phase=NONE qty=6 avgPrice=37.6000
2026-05-07 05:52:27 WARN  SELL_SKIP [US] BAIG reason=PHANTOM_POSITION phase=NONE qty=6 avgPrice=37.6000
2026-05-07 05:52:32 WARN  SELL_SKIP [US] BAIG reason=PHANTOM_POSITION phase=NONE qty=6 avgPrice=37.6000
2026-05-07 05:52:37 WARN  SELL_SKIP [US] BAIG reason=PHANTOM_POSITION phase=NONE qty=6 avgPrice=37.6000
2026-05-07 05:52:42 WARN  SELL_SKIP [US] BAIG reason=PHANTOM_POSITION phase=NONE qty=6 avgPrice=37.6000
2026-05-07 05:52:48 WARN  SELL_SKIP [US] BAIG reason=PHANTOM_POSITION phase=NONE qty=6 avgPrice=37.6000
2026-05-07 05:52:53 WARN  SELL_SKIP [US] BAIG reason=PHANTOM_POSITION phase=NONE qty=6 avgPrice=37.6000
2026-05-07 05:52:58 WARN  SELL_SKIP [US] BAIG reason=PHANTOM_POSITION phase=NONE qty=6 avgPrice=37.6000
2026-05-07 05:53:03 WARN  SELL_SKIP [US] BAIG reason=PHANTOM_POSITION phase=NONE qty=6 avgPrice=37.6000
2026-05-07 05:53:08 WARN  SELL_SKIP [US] BAIG reason=PHANTOM_POSITION phase=NONE qty=6 avgPrice=37.6000
2026-05-07 05:53:13 WARN  SELL_SKIP [US] BAIG reason=PHANTOM_POSITION phase=NONE qty=6 avgPrice=37.6000
2026-05-07 05:53:18 WARN  SELL_SKIP [US] BAIG reason=PHANTOM_POSITION phase=NONE qty=6 avgPrice=37.6000
2026-05-07 05:53:23 WARN  SELL_SKIP [US] BAIG reason=PHANTOM_POSITION phase=NONE qty=6 avgPrice=37.6000
2026-05-07 05:53:28 WARN  SELL_SKIP [US] BAIG reason=PHANTOM_POSITION phase=NONE qty=6 avgPrice=37.6000
2026-05-07 05:53:33 WARN  SELL_SKIP [US] BAIG reason=PHANTOM_POSITION phase=NONE qty=6 avgPrice=37.6000
2026-05-07 05:53:38 WARN  SELL_SKIP [US] BAIG reason=PHANTOM_POSITION phase=NONE qty=6 avgPrice=37.6000
2026-05-07 05:53:43 WARN  SELL_SKIP [US] BAIG reason=PHANTOM_POSITION phase=NONE qty=6 avgPrice=37.6000
2026-05-07 05:53:49 WARN  SELL_SKIP [US] BAIG reason=PHANTOM_POSITION phase=NONE qty=6 avgPrice=37.6000
2026-05-07 05:53:54 WARN  SELL_SKIP [US] BAIG reason=PHANTOM_POSITION phase=NONE qty=6 avgPrice=37.6000
2026-05-07 05:53:59 WARN  SELL_SKIP [US] BAIG reason=PHANTOM_POSITION phase=NONE qty=6 avgPrice=37.6000
2026-05-07 05:54:04 WARN  SELL_SKIP [US] BAIG reason=PHANTOM_POSITION phase=NONE qty=6 avgPrice=37.6000
2026-05-07 05:54:09 WARN  SELL_SKIP [US] BAIG reason=PHANTOM_POSITION phase=NONE qty=6 avgPrice=37.6000
2026-05-07 05:54:14 WARN  SELL_SKIP [US] BAIG reason=PHANTOM_POSITION phase=NONE qty=6 avgPrice=37.6000
2026-05-07 05:54:19 WARN  SELL_SKIP [US] BAIG reason=PHANTOM_POSITION phase=NONE qty=6 avgPrice=37.6000
2026-05-07 05:54:24 WARN  SELL_SKIP [US] BAIG reason=PHANTOM_POSITION phase=NONE qty=6 avgPrice=37.6000
2026-05-07 05:54:29 WARN  SELL_SKIP [US] BAIG reason=PHANTOM_POSITION phase=NONE qty=6 avgPrice=37.6000
2026-05-07 05:54:34 WARN  SELL_SKIP [US] BAIG reason=PHANTOM_POSITION phase=NONE qty=6 avgPrice=37.6000
2026-05-07 05:54:39 WARN  SELL_SKIP [US] BAIG reason=PHANTOM_POSITION phase=NONE qty=6 avgPrice=37.6000
2026-05-07 05:54:45 WARN  SELL_SKIP [US] BAIG reason=PHANTOM_POSITION phase=NONE qty=6 avgPrice=37.6000
2026-05-07 05:54:50 WARN  SELL_SKIP [US] BAIG reason=PHANTOM_POSITION phase=NONE qty=6 avgPrice=37.6000
2026-05-07 05:54:55 WARN  SELL_SKIP [US] BAIG reason=PHANTOM_POSITION phase=NONE qty=6 avgPrice=37.6000
2026-05-07 05:55:05 WARN  SELL_SKIP [US] BAIG reason=PHANTOM_POSITION phase=NONE qty=6 avgPrice=37.6000
2026-05-07 05:55:10 WARN  SELL_SKIP [US] BAIG reason=PHANTOM_POSITION phase=NONE qty=6 avgPrice=37.6000
2026-05-07 05:55:15 WARN  SELL_SKIP [US] BAIG reason=PHANTOM_POSITION phase=NONE qty=6 avgPrice=37.6000
2026-05-07 05:55:20 WARN  SELL_SKIP [US] BAIG reason=PHANTOM_POSITION phase=NONE qty=6 avgPrice=37.6000
2026-05-07 05:55:25 WARN  SELL_SKIP [US] BAIG reason=PHANTOM_POSITION phase=NONE qty=6 avgPrice=37.6000
2026-05-07 05:55:30 WARN  SELL_SKIP [US] BAIG reason=PHANTOM_POSITION phase=NONE qty=6 avgPrice=37.6000
2026-05-07 05:55:35 WARN  SELL_SKIP [US] BAIG reason=PHANTOM_POSITION phase=NONE qty=6 avgPrice=37.6000
2026-05-07 05:55:40 WARN  SELL_SKIP [US] BAIG reason=PHANTOM_POSITION phase=NONE qty=6 avgPrice=37.6000
2026-05-07 05:55:45 WARN  SELL_SKIP [US] BAIG reason=PHANTOM_POSITION phase=NONE qty=6 avgPrice=37.6000
2026-05-07 05:55:51 WARN  SELL_SKIP [US] BAIG reason=PHANTOM_POSITION phase=NONE qty=6 avgPrice=37.6000
2026-05-07 05:55:56 WARN  SELL_SKIP [US] BAIG reason=PHANTOM_POSITION phase=NONE qty=6 avgPrice=37.6000
2026-05-07 05:56:01 WARN  SELL_SKIP [US] BAIG reason=PHANTOM_POSITION phase=NONE qty=6 avgPrice=37.6000
2026-05-07 05:56:06 WARN  SELL_SKIP [US] BAIG reason=PHANTOM_POSITION phase=NONE qty=6 avgPrice=37.6000
2026-05-07 05:56:11 WARN  SELL_SKIP [US] BAIG reason=PHANTOM_POSITION phase=NONE qty=6 avgPrice=37.6000
2026-05-07 05:56:16 WARN  SELL_SKIP [US] BAIG reason=PHANTOM_POSITION phase=NONE qty=6 avgPrice=37.6000
2026-05-07 05:56:21 WARN  SELL_SKIP [US] BAIG reason=PHANTOM_POSITION phase=NONE qty=6 avgPrice=37.6000
2026-05-07 05:56:26 WARN  SELL_SKIP [US] BAIG reason=PHANTOM_POSITION phase=NONE qty=6 avgPrice=37.6000
2026-05-07 05:56:31 WARN  SELL_SKIP [US] BAIG reason=PHANTOM_POSITION phase=NONE qty=6 avgPrice=37.6000
2026-05-07 05:56:36 WARN  SELL_SKIP [US] BAIG reason=PHANTOM_POSITION phase=NONE qty=6 avgPrice=37.6000
2026-05-07 05:56:41 WARN  SELL_SKIP [US] BAIG reason=PHANTOM_POSITION phase=NONE qty=6 avgPrice=37.6000
2026-05-07 05:56:46 WARN  SELL_SKIP [US] BAIG reason=PHANTOM_POSITION phase=NONE qty=6 avgPrice=37.6000
2026-05-07 05:56:52 WARN  SELL_SKIP [US] BAIG reason=PHANTOM_POSITION phase=NONE qty=6 avgPrice=37.6000
2026-05-07 05:56:57 WARN  SELL_SKIP [US] BAIG reason=PHANTOM_POSITION phase=NONE qty=6 avgPrice=37.6000
2026-05-07 05:57:02 WARN  SELL_SKIP [US] BAIG reason=PHANTOM_POSITION phase=NONE qty=6 avgPrice=37.6000
2026-05-07 05:57:07 WARN  SELL_SKIP [US] BAIG reason=PHANTOM_POSITION phase=NONE qty=6 avgPrice=37.6000
2026-05-07 05:57:12 WARN  SELL_SKIP [US] BAIG reason=PHANTOM_POSITION phase=NONE qty=6 avgPrice=37.6000
2026-05-07 05:57:17 WARN  SELL_SKIP [US] BAIG reason=PHANTOM_POSITION phase=NONE qty=6 avgPrice=37.6000
2026-05-07 05:57:27 WARN  SELL_SKIP [US] BAIG reason=PHANTOM_POSITION phase=NONE qty=6 avgPrice=37.6000
2026-05-07 05:57:32 WARN  SELL_SKIP [US] BAIG reason=PHANTOM_POSITION phase=NONE qty=6 avgPrice=37.6000
2026-05-07 05:57:37 WARN  SELL_SKIP [US] BAIG reason=PHANTOM_POSITION phase=NONE qty=6 avgPrice=37.6000
2026-05-07 05:57:42 WARN  SELL_SKIP [US] BAIG reason=PHANTOM_POSITION phase=NONE qty=6 avgPrice=37.6000
2026-05-07 05:57:47 WARN  SELL_SKIP [US] BAIG reason=PHANTOM_POSITION phase=NONE qty=6 avgPrice=37.6000
2026-05-07 05:57:53 WARN  SELL_SKIP [US] BAIG reason=PHANTOM_POSITION phase=NONE qty=6 avgPrice=37.6000
2026-05-07 05:57:58 WARN  SELL_SKIP [US] BAIG reason=PHANTOM_POSITION phase=NONE qty=6 avgPrice=37.6000
2026-05-07 05:58:03 WARN  SELL_SKIP [US] BAIG reason=PHANTOM_POSITION phase=NONE qty=6 avgPrice=37.6000
2026-05-07 05:58:08 WARN  SELL_SKIP [US] BAIG reason=PHANTOM_POSITION phase=NONE qty=6 avgPrice=37.6000
2026-05-07 05:58:13 WARN  SELL_SKIP [US] BAIG reason=PHANTOM_POSITION phase=NONE qty=6 avgPrice=37.6000
2026-05-07 05:58:18 WARN  SELL_SKIP [US] BAIG reason=PHANTOM_POSITION phase=NONE qty=6 avgPrice=37.6000
2026-05-07 05:58:23 WARN  SELL_SKIP [US] BAIG reason=PHANTOM_POSITION phase=NONE qty=6 avgPrice=37.6000
2026-05-07 05:58:28 WARN  SELL_SKIP [US] BAIG reason=PHANTOM_POSITION phase=NONE qty=6 avgPrice=37.6000
2026-05-07 05:58:33 WARN  SELL_SKIP [US] BAIG reason=PHANTOM_POSITION phase=NONE qty=6 avgPrice=37.6000
2026-05-07 05:58:38 WARN  SELL_SKIP [US] BAIG reason=PHANTOM_POSITION phase=NONE qty=6 avgPrice=37.6000
2026-05-07 05:58:43 WARN  SELL_SKIP [US] BAIG reason=PHANTOM_POSITION phase=NONE qty=6 avgPrice=37.6000
2026-05-07 05:58:48 WARN  SELL_SKIP [US] BAIG reason=PHANTOM_POSITION phase=NONE qty=6 avgPrice=37.6000
2026-05-07 05:58:54 WARN  SELL_SKIP [US] BAIG reason=PHANTOM_POSITION phase=NONE qty=6 avgPrice=37.6000
2026-05-07 05:58:59 WARN  SELL_SKIP [US] BAIG reason=PHANTOM_POSITION phase=NONE qty=6 avgPrice=37.6000
2026-05-07 05:59:04 WARN  SELL_SKIP [US] BAIG reason=PHANTOM_POSITION phase=NONE qty=6 avgPrice=37.6000
2026-05-07 05:59:14 WARN  SELL_SKIP [US] BAIG reason=PHANTOM_POSITION phase=NONE qty=6 avgPrice=37.6000
2026-05-07 05:59:19 WARN  SELL_SKIP [US] BAIG reason=PHANTOM_POSITION phase=NONE qty=6 avgPrice=37.6000
2026-05-07 05:59:24 WARN  SELL_SKIP [US] BAIG reason=PHANTOM_POSITION phase=NONE qty=6 avgPrice=37.6000
2026-05-07 05:59:39 WARN  SELL_SKIP [US] BAIG reason=PHANTOM_POSITION phase=NONE qty=6 avgPrice=37.6000
2026-05-07 05:59:44 WARN  SELL_SKIP [US] BAIG reason=PHANTOM_POSITION phase=NONE qty=6 avgPrice=37.6000
2026-05-07 05:59:49 WARN  SELL_SKIP [US] BAIG reason=PHANTOM_POSITION phase=NONE qty=6 avgPrice=37.6000
2026-05-07 05:59:54 WARN  SELL_SKIP [US] BAIG reason=PHANTOM_POSITION phase=NONE qty=6 avgPrice=37.6000
2026-05-07 06:00:05 WARN  SELL_SKIP [US] BAIG reason=PHANTOM_POSITION phase=NONE qty=6 avgPrice=37.6000
2026-05-07 06:00:10 WARN  SELL_SKIP [US] BAIG reason=PHANTOM_POSITION phase=NONE qty=6 avgPrice=37.6000
2026-05-07 06:00:15 WARN  SELL_SKIP [US] BAIG reason=PHANTOM_POSITION phase=NONE qty=6 avgPrice=37.6000
2026-05-07 06:00:20 WARN  SELL_SKIP [US] BAIG reason=PHANTOM_POSITION phase=NONE qty=6 avgPrice=37.6000
2026-05-07 06:00:25 WARN  SELL_SKIP [US] BAIG reason=PHANTOM_POSITION phase=NONE qty=6 avgPrice=37.6000
2026-05-07 06:00:30 WARN  SELL_SKIP [US] BAIG reason=PHANTOM_POSITION phase=NONE qty=6 avgPrice=37.6000
2026-05-07 06:00:40 WARN  SELL_SKIP [US] BAIG reason=PHANTOM_POSITION phase=NONE qty=6 avgPrice=37.6000
2026-05-07 06:00:45 WARN  SELL_SKIP [US] BAIG reason=PHANTOM_POSITION phase=NONE qty=6 avgPrice=37.6000
2026-05-07 06:00:50 WARN  SELL_SKIP [US] BAIG reason=PHANTOM_POSITION phase=NONE qty=6 avgPrice=37.6000
2026-05-07 06:00:56 WARN  SELL_SKIP [US] BAIG reason=PHANTOM_POSITION phase=NONE qty=6 avgPrice=37.6000
2026-05-07 06:01:01 WARN  SELL_SKIP [US] BAIG reason=PHANTOM_POSITION phase=NONE qty=6 avgPrice=37.6000
2026-05-07 06:01:06 WARN  SELL_SKIP [US] BAIG reason=PHANTOM_POSITION phase=NONE qty=6 avgPrice=37.6000
2026-05-07 06:01:11 WARN  SELL_SKIP [US] BAIG reason=PHANTOM_POSITION phase=NONE qty=6 avgPrice=37.6000
2026-05-07 06:01:16 WARN  SELL_SKIP [US] BAIG reason=PHANTOM_POSITION phase=NONE qty=6 avgPrice=37.6000
2026-05-07 06:01:21 WARN  SELL_SKIP [US] BAIG reason=PHANTOM_POSITION phase=NONE qty=6 avgPrice=37.6000
2026-05-07 06:01:26 WARN  SELL_SKIP [US] BAIG reason=PHANTOM_POSITION phase=NONE qty=6 avgPrice=37.6000
2026-05-07 06:01:31 WARN  SELL_SKIP [US] BAIG reason=PHANTOM_POSITION phase=NONE qty=6 avgPrice=37.6000
2026-05-07 06:01:36 WARN  SELL_SKIP [US] BAIG reason=PHANTOM_POSITION phase=NONE qty=6 avgPrice=37.6000
2026-05-07 06:01:41 WARN  SELL_SKIP [US] BAIG reason=PHANTOM_POSITION phase=NONE qty=6 avgPrice=37.6000
2026-05-07 06:01:46 WARN  SELL_SKIP [US] BAIG reason=PHANTOM_POSITION phase=NONE qty=6 avgPrice=37.6000
2026-05-07 06:01:51 WARN  SELL_SKIP [US] BAIG reason=PHANTOM_POSITION phase=NONE qty=6 avgPrice=37.6000
2026-05-07 06:01:57 WARN  SELL_SKIP [US] BAIG reason=PHANTOM_POSITION phase=NONE qty=6 avgPrice=37.6000
2026-05-07 06:02:02 WARN  SELL_SKIP [US] BAIG reason=PHANTOM_POSITION phase=NONE qty=6 avgPrice=37.6000
2026-05-07 06:02:07 WARN  SELL_SKIP [US] BAIG reason=PHANTOM_POSITION phase=NONE qty=6 avgPrice=37.6000
2026-05-07 06:02:07 WARN  BUY_SKIP [US] SOXL reason=AMOUNT_TOO_SMALL amount=250.0000 size=0.8000x price=165.0000
2026-05-07 06:02:12 WARN  SELL_SKIP [US] BAIG reason=PHANTOM_POSITION phase=NONE qty=6 avgPrice=37.6000
2026-05-07 06:02:17 WARN  SELL_SKIP [US] BAIG reason=PHANTOM_POSITION phase=NONE qty=6 avgPrice=37.6000
2026-05-07 06:02:22 WARN  SELL_SKIP [US] BAIG reason=PHANTOM_POSITION phase=NONE qty=6 avgPrice=37.6000
2026-05-07 06:02:22 WARN  BUY_SKIP [US] SOXL reason=AMOUNT_TOO_SMALL amount=250.0000 size=0.8000x price=165.1600
2026-05-07 06:02:27 WARN  SELL_SKIP [US] BAIG reason=PHANTOM_POSITION phase=NONE qty=6 avgPrice=37.6000
2026-05-07 06:02:32 WARN  SELL_SKIP [US] BAIG reason=PHANTOM_POSITION phase=NONE qty=6 avgPrice=37.6000
2026-05-07 06:02:37 WARN  SELL_SKIP [US] BAIG reason=PHANTOM_POSITION phase=NONE qty=6 avgPrice=37.6000
2026-05-07 06:02:42 WARN  SELL_SKIP [US] BAIG reason=PHANTOM_POSITION phase=NONE qty=6 avgPrice=37.6000
2026-05-07 06:02:47 WARN  SELL_SKIP [US] BAIG reason=PHANTOM_POSITION phase=NONE qty=6 avgPrice=37.6000
2026-05-07 06:02:52 WARN  SELL_SKIP [US] BAIG reason=PHANTOM_POSITION phase=NONE qty=6 avgPrice=37.6000
2026-05-07 06:02:58 WARN  SELL_SKIP [US] BAIG reason=PHANTOM_POSITION phase=NONE qty=6 avgPrice=37.6000
2026-05-07 06:03:03 WARN  SELL_SKIP [US] BAIG reason=PHANTOM_POSITION phase=NONE qty=6 avgPrice=37.6000
2026-05-07 06:03:08 WARN  SELL_SKIP [US] BAIG reason=PHANTOM_POSITION phase=NONE qty=6 avgPrice=37.6000
2026-05-07 06:03:13 WARN  SELL_SKIP [US] BAIG reason=PHANTOM_POSITION phase=NONE qty=6 avgPrice=37.6000
2026-05-07 06:03:18 WARN  SELL_SKIP [US] BAIG reason=PHANTOM_POSITION phase=NONE qty=6 avgPrice=37.6000
2026-05-07 06:03:23 WARN  SELL_SKIP [US] BAIG reason=PHANTOM_POSITION phase=NONE qty=6 avgPrice=37.6000
2026-05-07 06:03:28 WARN  SELL_SKIP [US] BAIG reason=PHANTOM_POSITION phase=NONE qty=6 avgPrice=37.6000
2026-05-07 06:03:33 WARN  SELL_SKIP [US] BAIG reason=PHANTOM_POSITION phase=NONE qty=6 avgPrice=37.6000
2026-05-07 06:03:38 WARN  SELL_SKIP [US] BAIG reason=PHANTOM_POSITION phase=NONE qty=6 avgPrice=37.6000
2026-05-07 06:03:43 WARN  SELL_SKIP [US] BAIG reason=PHANTOM_POSITION phase=NONE qty=6 avgPrice=37.6000
2026-05-07 06:03:48 WARN  SELL_SKIP [US] BAIG reason=PHANTOM_POSITION phase=NONE qty=6 avgPrice=37.6000
2026-05-07 06:03:53 WARN  SELL_SKIP [US] BAIG reason=PHANTOM_POSITION phase=NONE qty=6 avgPrice=37.6000
2026-05-07 06:03:58 WARN  SELL_SKIP [US] BAIG reason=PHANTOM_POSITION phase=NONE qty=6 avgPrice=37.6000
2026-05-07 06:04:04 WARN  SELL_SKIP [US] BAIG reason=PHANTOM_POSITION phase=NONE qty=6 avgPrice=37.6000
2026-05-07 06:04:09 WARN  SELL_SKIP [US] BAIG reason=PHANTOM_POSITION phase=NONE qty=6 avgPrice=37.6000
2026-05-07 06:04:14 WARN  SELL_SKIP [US] BAIG reason=PHANTOM_POSITION phase=NONE qty=6 avgPrice=37.6000
2026-05-07 06:04:19 WARN  SELL_SKIP [US] BAIG reason=PHANTOM_POSITION phase=NONE qty=6 avgPrice=37.6000
2026-05-07 06:04:24 WARN  SELL_SKIP [US] BAIG reason=PHANTOM_POSITION phase=NONE qty=6 avgPrice=37.6000
2026-05-07 06:04:29 WARN  SELL_SKIP [US] BAIG reason=PHANTOM_POSITION phase=NONE qty=6 avgPrice=37.6000
2026-05-07 06:04:34 WARN  SELL_SKIP [US] BAIG reason=PHANTOM_POSITION phase=NONE qty=6 avgPrice=37.6000
2026-05-07 06:04:39 WARN  SELL_SKIP [US] BAIG reason=PHANTOM_POSITION phase=NONE qty=6 avgPrice=37.6000
2026-05-07 06:04:44 WARN  SELL_SKIP [US] BAIG reason=PHANTOM_POSITION phase=NONE qty=6 avgPrice=37.6000
2026-05-07 06:04:49 WARN  SELL_SKIP [US] BAIG reason=PHANTOM_POSITION phase=NONE qty=6 avgPrice=37.6000
2026-05-07 06:04:54 WARN  SELL_SKIP [US] BAIG reason=PHANTOM_POSITION phase=NONE qty=6 avgPrice=37.6000
2026-05-07 06:04:59 WARN  SELL_SKIP [US] BAIG reason=PHANTOM_POSITION phase=NONE qty=6 avgPrice=37.6000
2026-05-07 06:05:05 WARN  SELL_SKIP [US] BAIG reason=PHANTOM_POSITION phase=NONE qty=6 avgPrice=37.6000
2026-05-07 06:05:10 WARN  SELL_SKIP [US] BAIG reason=PHANTOM_POSITION phase=NONE qty=6 avgPrice=37.6000
2026-05-07 06:05:15 WARN  SELL_SKIP [US] BAIG reason=PHANTOM_POSITION phase=NONE qty=6 avgPrice=37.6000
2026-05-07 06:05:20 WARN  SELL_SKIP [US] BAIG reason=PHANTOM_POSITION phase=NONE qty=6 avgPrice=37.6000
2026-05-07 06:05:25 WARN  SELL_SKIP [US] BAIG reason=PHANTOM_POSITION phase=NONE qty=6 avgPrice=37.6000
2026-05-07 06:05:30 WARN  SELL_SKIP [US] BAIG reason=PHANTOM_POSITION phase=NONE qty=6 avgPrice=37.6000
2026-05-07 06:05:35 WARN  SELL_SKIP [US] BAIG reason=PHANTOM_POSITION phase=NONE qty=6 avgPrice=37.6000
2026-05-07 06:05:40 WARN  SELL_SKIP [US] BAIG reason=PHANTOM_POSITION phase=NONE qty=6 avgPrice=37.6000
2026-05-07 06:05:45 WARN  SELL_SKIP [US] BAIG reason=PHANTOM_POSITION phase=NONE qty=6 avgPrice=37.6000
2026-05-07 06:05:50 WARN  SELL_SKIP [US] BAIG reason=PHANTOM_POSITION phase=NONE qty=6 avgPrice=37.6000
2026-05-07 06:05:55 WARN  SELL_SKIP [US] BAIG reason=PHANTOM_POSITION phase=NONE qty=6 avgPrice=37.6000
2026-05-07 06:06:01 WARN  SELL_SKIP [US] BAIG reason=PHANTOM_POSITION phase=NONE qty=6 avgPrice=37.6000
2026-05-07 06:06:06 WARN  SELL_SKIP [US] BAIG reason=PHANTOM_POSITION phase=NONE qty=6 avgPrice=37.6000
2026-05-07 06:06:11 WARN  SELL_SKIP [US] BAIG reason=PHANTOM_POSITION phase=NONE qty=6 avgPrice=37.6000
2026-05-07 06:06:21 WARN  SELL_SKIP [US] BAIG reason=PHANTOM_POSITION phase=NONE qty=6 avgPrice=37.6000
2026-05-07 06:06:26 WARN  SELL_SKIP [US] BAIG reason=PHANTOM_POSITION phase=NONE qty=6 avgPrice=37.6000
2026-05-07 06:06:31 WARN  SELL_SKIP [US] BAIG reason=PHANTOM_POSITION phase=NONE qty=6 avgPrice=37.6000
2026-05-07 06:06:36 WARN  SELL_SKIP [US] BAIG reason=PHANTOM_POSITION phase=NONE qty=6 avgPrice=37.6000
2026-05-07 06:06:41 WARN  SELL_SKIP [US] BAIG reason=PHANTOM_POSITION phase=NONE qty=6 avgPrice=37.6000
2026-05-07 06:06:46 WARN  SELL_SKIP [US] BAIG reason=PHANTOM_POSITION phase=NONE qty=6 avgPrice=37.6000
2026-05-07 06:06:51 WARN  SELL_SKIP [US] BAIG reason=PHANTOM_POSITION phase=NONE qty=6 avgPrice=37.6000
2026-05-07 06:06:56 WARN  SELL_SKIP [US] BAIG reason=PHANTOM_POSITION phase=NONE qty=6 avgPrice=37.6000
2026-05-07 06:07:02 WARN  SELL_SKIP [US] BAIG reason=PHANTOM_POSITION phase=NONE qty=6 avgPrice=37.6000
2026-05-07 06:07:06 WARN  BUY_SKIP [US] MRVL reason=AMOUNT_TOO_SMALL amount=300.0000 size=0.8000x price=172.2000
2026-05-07 06:07:07 WARN  SELL_SKIP [US] BAIG reason=PHANTOM_POSITION phase=NONE qty=6 avgPrice=37.6000
2026-05-07 06:07:17 WARN  SELL_SKIP [US] BAIG reason=PHANTOM_POSITION phase=NONE qty=6 avgPrice=37.6000
2026-05-07 06:07:22 WARN  BUY_SKIP [US] MRVL reason=AMOUNT_TOO_SMALL amount=300.0000 size=0.8000x price=172.2000
2026-05-07 06:07:22 WARN  SELL_SKIP [US] BAIG reason=PHANTOM_POSITION phase=NONE qty=6 avgPrice=37.6000
2026-05-07 06:07:27 WARN  SELL_SKIP [US] BAIG reason=PHANTOM_POSITION phase=NONE qty=6 avgPrice=37.6000
2026-05-07 06:07:32 WARN  SELL_SKIP [US] BAIG reason=PHANTOM_POSITION phase=NONE qty=6 avgPrice=37.6000
2026-05-07 06:07:37 WARN  SELL_SKIP [US] BAIG reason=PHANTOM_POSITION phase=NONE qty=6 avgPrice=37.6000
2026-05-07 06:07:42 WARN  SELL_SKIP [US] BAIG reason=PHANTOM_POSITION phase=NONE qty=6 avgPrice=37.6000
2026-05-07 06:07:47 WARN  SELL_SKIP [US] BAIG reason=PHANTOM_POSITION phase=NONE qty=6 avgPrice=37.6000
2026-05-07 06:07:52 WARN  SELL_SKIP [US] BAIG reason=PHANTOM_POSITION phase=NONE qty=6 avgPrice=37.6000
2026-05-07 06:07:57 WARN  SELL_SKIP [US] BAIG reason=PHANTOM_POSITION phase=NONE qty=6 avgPrice=37.6000
2026-05-07 06:08:03 WARN  SELL_SKIP [US] BAIG reason=PHANTOM_POSITION phase=NONE qty=6 avgPrice=37.6000
2026-05-07 06:08:08 WARN  BUY_SKIP [US] MRVL reason=AMOUNT_TOO_SMALL amount=300.0000 size=0.8000x price=172.0100
2026-05-07 06:08:08 WARN  SELL_SKIP [US] BAIG reason=PHANTOM_POSITION phase=NONE qty=6 avgPrice=37.6000
2026-05-07 06:08:18 WARN  SELL_SKIP [US] BAIG reason=PHANTOM_POSITION phase=NONE qty=6 avgPrice=37.6000
2026-05-07 06:08:23 WARN  BUY_SKIP [US] MRVL reason=AMOUNT_TOO_SMALL amount=300.0000 size=0.8000x price=172.3000
2026-05-07 06:08:28 WARN  SELL_SKIP [US] BAIG reason=PHANTOM_POSITION phase=NONE qty=6 avgPrice=37.6000
2026-05-07 06:08:38 WARN  SELL_SKIP [US] BAIG reason=PHANTOM_POSITION phase=NONE qty=6 avgPrice=37.6000
2026-05-07 06:08:43 WARN  SELL_SKIP [US] BAIG reason=PHANTOM_POSITION phase=NONE qty=6 avgPrice=37.6000
2026-05-07 06:08:48 WARN  SELL_SKIP [US] BAIG reason=PHANTOM_POSITION phase=NONE qty=6 avgPrice=37.6000
2026-05-07 06:08:53 WARN  SELL_SKIP [US] BAIG reason=PHANTOM_POSITION phase=NONE qty=6 avgPrice=37.6000
2026-05-07 06:08:58 WARN  SELL_SKIP [US] BAIG reason=PHANTOM_POSITION phase=NONE qty=6 avgPrice=37.6000
2026-05-07 06:09:04 WARN  SELL_SKIP [US] BAIG reason=PHANTOM_POSITION phase=NONE qty=6 avgPrice=37.6000
2026-05-07 06:09:09 WARN  SELL_SKIP [US] BAIG reason=PHANTOM_POSITION phase=NONE qty=6 avgPrice=37.6000
2026-05-07 06:09:14 WARN  SELL_SKIP [US] BAIG reason=PHANTOM_POSITION phase=NONE qty=6 avgPrice=37.6000
2026-05-07 06:09:19 WARN  SELL_SKIP [US] BAIG reason=PHANTOM_POSITION phase=NONE qty=6 avgPrice=37.6000
2026-05-07 06:09:24 WARN  SELL_SKIP [US] BAIG reason=PHANTOM_POSITION phase=NONE qty=6 avgPrice=37.6000
2026-05-07 06:09:29 WARN  SELL_SKIP [US] BAIG reason=PHANTOM_POSITION phase=NONE qty=6 avgPrice=37.6000
2026-05-07 06:09:34 WARN  SELL_SKIP [US] BAIG reason=PHANTOM_POSITION phase=NONE qty=6 avgPrice=37.6000
2026-05-07 06:09:39 WARN  SELL_SKIP [US] BAIG reason=PHANTOM_POSITION phase=NONE qty=6 avgPrice=37.6000
2026-05-07 06:09:44 WARN  SELL_SKIP [US] BAIG reason=PHANTOM_POSITION phase=NONE qty=6 avgPrice=37.6000
2026-05-07 06:09:49 WARN  SELL_SKIP [US] BAIG reason=PHANTOM_POSITION phase=NONE qty=6 avgPrice=37.6000
2026-05-07 06:09:54 WARN  SELL_SKIP [US] BAIG reason=PHANTOM_POSITION phase=NONE qty=6 avgPrice=37.6000
2026-05-07 06:09:59 WARN  SELL_SKIP [US] BAIG reason=PHANTOM_POSITION phase=NONE qty=6 avgPrice=37.6000
2026-05-07 06:10:05 WARN  SELL_SKIP [US] BAIG reason=PHANTOM_POSITION phase=NONE qty=6 avgPrice=37.6000
2026-05-07 06:10:10 WARN  BUY_SKIP [US] MRVL reason=AMOUNT_TOO_SMALL amount=300.0000 size=1.0000x price=172.3700
2026-05-07 06:10:10 WARN  SELL_SKIP [US] BAIG reason=PHANTOM_POSITION phase=NONE qty=6 avgPrice=37.6000
2026-05-07 06:10:15 WARN  SELL_SKIP [US] BAIG reason=PHANTOM_POSITION phase=NONE qty=6 avgPrice=37.6000
2026-05-07 06:10:20 WARN  SELL_SKIP [US] BAIG reason=PHANTOM_POSITION phase=NONE qty=6 avgPrice=37.6000
2026-05-07 06:10:25 WARN  BUY_SKIP [US] MRVL reason=AMOUNT_TOO_SMALL amount=300.0000 size=1.0000x price=172.0300
2026-05-07 06:10:30 WARN  SELL_SKIP [US] BAIG reason=PHANTOM_POSITION phase=NONE qty=6 avgPrice=37.6000
2026-05-07 06:10:40 WARN  SELL_SKIP [US] BAIG reason=PHANTOM_POSITION phase=NONE qty=6 avgPrice=37.6000
2026-05-07 06:10:45 WARN  SELL_SKIP [US] BAIG reason=PHANTOM_POSITION phase=NONE qty=6 avgPrice=37.6000
2026-05-07 06:10:50 WARN  SELL_SKIP [US] BAIG reason=PHANTOM_POSITION phase=NONE qty=6 avgPrice=37.6000
2026-05-07 06:10:55 WARN  SELL_SKIP [US] BAIG reason=PHANTOM_POSITION phase=NONE qty=6 avgPrice=37.6000
2026-05-07 06:11:01 WARN  SELL_SKIP [US] BAIG reason=PHANTOM_POSITION phase=NONE qty=6 avgPrice=37.6000
2026-05-07 06:11:06 WARN  SELL_SKIP [US] BAIG reason=PHANTOM_POSITION phase=NONE qty=6 avgPrice=37.6000
2026-05-07 06:11:11 WARN  SELL_SKIP [US] BAIG reason=PHANTOM_POSITION phase=NONE qty=6 avgPrice=37.6000
2026-05-07 06:11:16 WARN  SELL_SKIP [US] BAIG reason=PHANTOM_POSITION phase=NONE qty=6 avgPrice=37.6000
2026-05-07 06:11:21 WARN  SELL_SKIP [US] BAIG reason=PHANTOM_POSITION phase=NONE qty=6 avgPrice=37.6000
2026-05-07 06:11:26 WARN  SELL_SKIP [US] BAIG reason=PHANTOM_POSITION phase=NONE qty=6 avgPrice=37.6000
2026-05-07 06:11:36 WARN  SELL_SKIP [US] BAIG reason=PHANTOM_POSITION phase=NONE qty=6 avgPrice=37.6000
2026-05-07 06:11:41 WARN  SELL_SKIP [US] BAIG reason=PHANTOM_POSITION phase=NONE qty=6 avgPrice=37.6000
2026-05-07 06:11:46 WARN  SELL_SKIP [US] BAIG reason=PHANTOM_POSITION phase=NONE qty=6 avgPrice=37.6000
2026-05-07 06:11:51 WARN  SELL_SKIP [US] BAIG reason=PHANTOM_POSITION phase=NONE qty=6 avgPrice=37.6000
2026-05-07 06:11:56 WARN  SELL_SKIP [US] BAIG reason=PHANTOM_POSITION phase=NONE qty=6 avgPrice=37.6000
2026-05-07 06:12:02 WARN  SELL_SKIP [US] BAIG reason=PHANTOM_POSITION phase=NONE qty=6 avgPrice=37.6000
2026-05-07 06:12:07 WARN  SELL_SKIP [US] BAIG reason=PHANTOM_POSITION phase=NONE qty=6 avgPrice=37.6000
2026-05-07 06:12:17 WARN  SELL_SKIP [US] BAIG reason=PHANTOM_POSITION phase=NONE qty=6 avgPrice=37.6000
2026-05-07 06:12:22 WARN  SELL_SKIP [US] BAIG reason=PHANTOM_POSITION phase=NONE qty=6 avgPrice=37.6000
2026-05-07 06:12:32 WARN  SELL_SKIP [US] BAIG reason=PHANTOM_POSITION phase=NONE qty=6 avgPrice=37.6000
2026-05-07 06:12:37 WARN  SELL_SKIP [US] BAIG reason=PHANTOM_POSITION phase=NONE qty=6 avgPrice=37.6000
2026-05-07 06:12:42 WARN  SELL_SKIP [US] BAIG reason=PHANTOM_POSITION phase=NONE qty=6 avgPrice=37.6000
2026-05-07 06:12:47 WARN  SELL_SKIP [US] BAIG reason=PHANTOM_POSITION phase=NONE qty=6 avgPrice=37.6000
2026-05-07 06:12:52 WARN  SELL_SKIP [US] BAIG reason=PHANTOM_POSITION phase=NONE qty=6 avgPrice=37.6000
2026-05-07 06:12:57 WARN  SELL_SKIP [US] BAIG reason=PHANTOM_POSITION phase=NONE qty=6 avgPrice=37.6000
2026-05-07 06:13:03 WARN  SELL_SKIP [US] BAIG reason=PHANTOM_POSITION phase=NONE qty=6 avgPrice=37.6000
2026-05-07 06:13:08 WARN  SELL_SKIP [US] BAIG reason=PHANTOM_POSITION phase=NONE qty=6 avgPrice=37.6000
2026-05-07 06:13:13 WARN  SELL_SKIP [US] BAIG reason=PHANTOM_POSITION phase=NONE qty=6 avgPrice=37.6000
2026-05-07 06:13:18 WARN  SELL_SKIP [US] BAIG reason=PHANTOM_POSITION phase=NONE qty=6 avgPrice=37.6000
2026-05-07 06:13:23 WARN  SELL_SKIP [US] BAIG reason=PHANTOM_POSITION phase=NONE qty=6 avgPrice=37.6000
2026-05-07 06:13:28 WARN  SELL_SKIP [US] BAIG reason=PHANTOM_POSITION phase=NONE qty=6 avgPrice=37.6000
2026-05-07 06:13:33 WARN  SELL_SKIP [US] BAIG reason=PHANTOM_POSITION phase=NONE qty=6 avgPrice=37.6000
2026-05-07 06:13:38 WARN  SELL_SKIP [US] BAIG reason=PHANTOM_POSITION phase=NONE qty=6 avgPrice=37.6000
2026-05-07 06:13:43 WARN  SELL_SKIP [US] BAIG reason=PHANTOM_POSITION phase=NONE qty=6 avgPrice=37.6000
2026-05-07 06:13:48 WARN  SELL_SKIP [US] BAIG reason=PHANTOM_POSITION phase=NONE qty=6 avgPrice=37.6000
2026-05-07 06:13:54 WARN  SELL_SKIP [US] BAIG reason=PHANTOM_POSITION phase=NONE qty=6 avgPrice=37.6000
2026-05-07 06:13:59 WARN  SELL_SKIP [US] BAIG reason=PHANTOM_POSITION phase=NONE qty=6 avgPrice=37.6000
2026-05-07 06:14:04 WARN  SELL_SKIP [US] BAIG reason=PHANTOM_POSITION phase=NONE qty=6 avgPrice=37.6000
2026-05-07 06:14:09 WARN  SELL_SKIP [US] BAIG reason=PHANTOM_POSITION phase=NONE qty=6 avgPrice=37.6000
2026-05-07 06:14:14 WARN  SELL_SKIP [US] BAIG reason=PHANTOM_POSITION phase=NONE qty=6 avgPrice=37.6000
2026-05-07 06:14:19 WARN  SELL_SKIP [US] BAIG reason=PHANTOM_POSITION phase=NONE qty=6 avgPrice=37.6000
2026-05-07 06:14:24 WARN  SELL_SKIP [US] BAIG reason=PHANTOM_POSITION phase=NONE qty=6 avgPrice=37.6000
2026-05-07 06:14:29 WARN  SELL_SKIP [US] BAIG reason=PHANTOM_POSITION phase=NONE qty=6 avgPrice=37.6000
2026-05-07 06:14:34 WARN  SELL_SKIP [US] BAIG reason=PHANTOM_POSITION phase=NONE qty=6 avgPrice=37.6000
2026-05-07 06:14:39 WARN  SELL_SKIP [US] BAIG reason=PHANTOM_POSITION phase=NONE qty=6 avgPrice=37.6000
2026-05-07 06:14:44 WARN  SELL_SKIP [US] BAIG reason=PHANTOM_POSITION phase=NONE qty=6 avgPrice=37.6000
2026-05-07 06:14:49 WARN  SELL_SKIP [US] BAIG reason=PHANTOM_POSITION phase=NONE qty=6 avgPrice=37.6000
2026-05-07 06:14:55 WARN  SELL_SKIP [US] BAIG reason=PHANTOM_POSITION phase=NONE qty=6 avgPrice=37.6000
2026-05-07 06:15:00 WARN  SELL_SKIP [US] BAIG reason=PHANTOM_POSITION phase=NONE qty=6 avgPrice=37.6000
2026-05-07 06:15:05 WARN  SELL_SKIP [US] BAIG reason=PHANTOM_POSITION phase=NONE qty=6 avgPrice=37.6000
2026-05-07 06:15:10 WARN  SELL_SKIP [US] BAIG reason=PHANTOM_POSITION phase=NONE qty=6 avgPrice=37.6000
2026-05-07 06:15:15 WARN  SELL_SKIP [US] BAIG reason=PHANTOM_POSITION phase=NONE qty=6 avgPrice=37.6000
2026-05-07 06:15:20 WARN  SELL_SKIP [US] BAIG reason=PHANTOM_POSITION phase=NONE qty=6 avgPrice=37.6000
2026-05-07 06:15:25 WARN  SELL_SKIP [US] BAIG reason=PHANTOM_POSITION phase=NONE qty=6 avgPrice=37.6000
2026-05-07 06:15:30 WARN  SELL_SKIP [US] BAIG reason=PHANTOM_POSITION phase=NONE qty=6 avgPrice=37.6000
2026-05-07 06:15:35 WARN  SELL_SKIP [US] BAIG reason=PHANTOM_POSITION phase=NONE qty=6 avgPrice=37.6000
2026-05-07 06:15:40 WARN  SELL_SKIP [US] BAIG reason=PHANTOM_POSITION phase=NONE qty=6 avgPrice=37.6000
2026-05-07 06:15:45 WARN  SELL_SKIP [US] BAIG reason=PHANTOM_POSITION phase=NONE qty=6 avgPrice=37.6000
2026-05-07 06:15:50 WARN  SELL_SKIP [US] BAIG reason=PHANTOM_POSITION phase=NONE qty=6 avgPrice=37.6000
2026-05-07 06:15:56 WARN  SELL_SKIP [US] BAIG reason=PHANTOM_POSITION phase=NONE qty=6 avgPrice=37.6000
2026-05-07 06:16:01 WARN  SELL_SKIP [US] BAIG reason=PHANTOM_POSITION phase=NONE qty=6 avgPrice=37.6000
2026-05-07 06:16:11 WARN  SELL_SKIP [US] BAIG reason=PHANTOM_POSITION phase=NONE qty=6 avgPrice=37.6000
2026-05-07 06:16:16 WARN  SELL_SKIP [US] BAIG reason=PHANTOM_POSITION phase=NONE qty=6 avgPrice=37.6000
2026-05-07 06:16:21 WARN  SELL_SKIP [US] BAIG reason=PHANTOM_POSITION phase=NONE qty=6 avgPrice=37.6000
2026-05-07 06:16:26 WARN  SELL_SKIP [US] BAIG reason=PHANTOM_POSITION phase=NONE qty=6 avgPrice=37.6000
2026-05-07 06:16:31 WARN  SELL_SKIP [US] BAIG reason=PHANTOM_POSITION phase=NONE qty=6 avgPrice=37.6000
2026-05-07 06:16:36 WARN  SELL_SKIP [US] BAIG reason=PHANTOM_POSITION phase=NONE qty=6 avgPrice=37.6000
2026-05-07 06:16:41 WARN  SELL_SKIP [US] BAIG reason=PHANTOM_POSITION phase=NONE qty=6 avgPrice=37.6000
2026-05-07 06:16:46 WARN  SELL_SKIP [US] BAIG reason=PHANTOM_POSITION phase=NONE qty=6 avgPrice=37.6000
2026-05-07 06:16:51 WARN  SELL_SKIP [US] BAIG reason=PHANTOM_POSITION phase=NONE qty=6 avgPrice=37.6000
2026-05-07 06:16:57 WARN  SELL_SKIP [US] BAIG reason=PHANTOM_POSITION phase=NONE qty=6 avgPrice=37.6000
2026-05-07 06:17:02 WARN  SELL_SKIP [US] BAIG reason=PHANTOM_POSITION phase=NONE qty=6 avgPrice=37.6000
2026-05-07 06:17:07 WARN  SELL_SKIP [US] BAIG reason=PHANTOM_POSITION phase=NONE qty=6 avgPrice=37.6000
2026-05-07 06:17:17 WARN  SELL_SKIP [US] BAIG reason=PHANTOM_POSITION phase=NONE qty=6 avgPrice=37.6000
2026-05-07 06:17:22 WARN  SELL_SKIP [US] BAIG reason=PHANTOM_POSITION phase=NONE qty=6 avgPrice=37.6000
2026-05-07 06:17:27 WARN  SELL_SKIP [US] BAIG reason=PHANTOM_POSITION phase=NONE qty=6 avgPrice=37.6000
2026-05-07 06:17:37 WARN  SELL_SKIP [US] BAIG reason=PHANTOM_POSITION phase=NONE qty=6 avgPrice=37.6000
2026-05-07 06:17:42 WARN  SELL_SKIP [US] BAIG reason=PHANTOM_POSITION phase=NONE qty=6 avgPrice=37.6000
2026-05-07 06:17:47 WARN  SELL_SKIP [US] BAIG reason=PHANTOM_POSITION phase=NONE qty=6 avgPrice=37.6000
2026-05-07 06:17:53 WARN  SELL_SKIP [US] BAIG reason=PHANTOM_POSITION phase=NONE qty=6 avgPrice=37.6000
2026-05-07 06:17:58 WARN  SELL_SKIP [US] BAIG reason=PHANTOM_POSITION phase=NONE qty=6 avgPrice=37.6000
2026-05-07 06:18:03 WARN  SELL_SKIP [US] BAIG reason=PHANTOM_POSITION phase=NONE qty=6 avgPrice=37.6000
2026-05-07 06:18:08 WARN  SELL_SKIP [US] BAIG reason=PHANTOM_POSITION phase=NONE qty=6 avgPrice=37.6000
2026-05-07 06:18:18 WARN  SELL_SKIP [US] BAIG reason=PHANTOM_POSITION phase=NONE qty=6 avgPrice=37.6000
2026-05-07 06:18:28 WARN  SELL_SKIP [US] BAIG reason=PHANTOM_POSITION phase=NONE qty=6 avgPrice=37.6000
2026-05-07 06:18:33 WARN  SELL_SKIP [US] BAIG reason=PHANTOM_POSITION phase=NONE qty=6 avgPrice=37.6000
2026-05-07 06:18:38 WARN  SELL_SKIP [US] BAIG reason=PHANTOM_POSITION phase=NONE qty=6 avgPrice=37.6000
2026-05-07 06:18:44 WARN  SELL_SKIP [US] BAIG reason=PHANTOM_POSITION phase=NONE qty=6 avgPrice=37.6000
2026-05-07 06:18:54 WARN  SELL_SKIP [US] BAIG reason=PHANTOM_POSITION phase=NONE qty=6 avgPrice=37.6000
2026-05-07 06:18:59 WARN  SELL_SKIP [US] BAIG reason=PHANTOM_POSITION phase=NONE qty=6 avgPrice=37.6000
2026-05-07 06:19:09 WARN  SELL_SKIP [US] BAIG reason=PHANTOM_POSITION phase=NONE qty=6 avgPrice=37.6000
2026-05-07 06:19:24 WARN  SELL_SKIP [US] BAIG reason=PHANTOM_POSITION phase=NONE qty=6 avgPrice=37.6000
2026-05-07 06:19:29 WARN  SELL_SKIP [US] BAIG reason=PHANTOM_POSITION phase=NONE qty=6 avgPrice=37.6000
2026-05-07 06:19:34 WARN  SELL_SKIP [US] BAIG reason=PHANTOM_POSITION phase=NONE qty=6 avgPrice=37.6000
2026-05-07 06:19:40 WARN  SELL_SKIP [US] BAIG reason=PHANTOM_POSITION phase=NONE qty=6 avgPrice=37.6000
2026-05-07 06:19:45 WARN  SELL_SKIP [US] BAIG reason=PHANTOM_POSITION phase=NONE qty=6 avgPrice=37.6000
2026-05-07 06:19:50 WARN  SELL_SKIP [US] BAIG reason=PHANTOM_POSITION phase=NONE qty=6 avgPrice=37.6000
2026-05-07 06:19:55 WARN  SELL_SKIP [US] BAIG reason=PHANTOM_POSITION phase=NONE qty=6 avgPrice=37.6000
2026-05-07 06:20:00 WARN  SELL_SKIP [US] BAIG reason=PHANTOM_POSITION phase=NONE qty=6 avgPrice=37.6000
2026-05-07 06:20:05 WARN  SELL_SKIP [US] BAIG reason=PHANTOM_POSITION phase=NONE qty=6 avgPrice=37.6000
2026-05-07 06:20:10 WARN  SELL_SKIP [US] BAIG reason=PHANTOM_POSITION phase=NONE qty=6 avgPrice=37.6000
2026-05-07 06:20:15 WARN  SELL_SKIP [US] BAIG reason=PHANTOM_POSITION phase=NONE qty=6 avgPrice=37.6000
2026-05-07 06:20:20 WARN  SELL_SKIP [US] BAIG reason=PHANTOM_POSITION phase=NONE qty=6 avgPrice=37.6000
2026-05-07 06:20:25 WARN  SELL_SKIP [US] BAIG reason=PHANTOM_POSITION phase=NONE qty=6 avgPrice=37.6000
2026-05-07 06:20:30 WARN  SELL_SKIP [US] BAIG reason=PHANTOM_POSITION phase=NONE qty=6 avgPrice=37.6000
2026-05-07 06:20:35 WARN  SELL_SKIP [US] BAIG reason=PHANTOM_POSITION phase=NONE qty=6 avgPrice=37.6000
2026-05-07 06:20:41 WARN  SELL_SKIP [US] BAIG reason=PHANTOM_POSITION phase=NONE qty=6 avgPrice=37.6000
2026-05-07 06:20:46 WARN  SELL_SKIP [US] BAIG reason=PHANTOM_POSITION phase=NONE qty=6 avgPrice=37.6000
2026-05-07 06:20:51 WARN  SELL_SKIP [US] BAIG reason=PHANTOM_POSITION phase=NONE qty=6 avgPrice=37.6000
2026-05-07 06:20:56 WARN  SELL_SKIP [US] BAIG reason=PHANTOM_POSITION phase=NONE qty=6 avgPrice=37.6000
2026-05-07 06:21:06 WARN  SELL_SKIP [US] BAIG reason=PHANTOM_POSITION phase=NONE qty=6 avgPrice=37.6000
2026-05-07 06:21:11 WARN  SELL_SKIP [US] BAIG reason=PHANTOM_POSITION phase=NONE qty=6 avgPrice=37.6000
2026-05-07 06:21:16 WARN  SELL_SKIP [US] BAIG reason=PHANTOM_POSITION phase=NONE qty=6 avgPrice=37.6000
2026-05-07 06:21:21 WARN  SELL_SKIP [US] BAIG reason=PHANTOM_POSITION phase=NONE qty=6 avgPrice=37.6000
2026-05-07 06:21:26 WARN  SELL_SKIP [US] BAIG reason=PHANTOM_POSITION phase=NONE qty=6 avgPrice=37.6000
2026-05-07 06:21:32 WARN  SELL_SKIP [US] BAIG reason=PHANTOM_POSITION phase=NONE qty=6 avgPrice=37.6000
2026-05-07 06:21:37 WARN  SELL_SKIP [US] BAIG reason=PHANTOM_POSITION phase=NONE qty=6 avgPrice=37.6000
2026-05-07 06:21:42 WARN  SELL_SKIP [US] BAIG reason=PHANTOM_POSITION phase=NONE qty=6 avgPrice=37.6000
2026-05-07 06:21:47 WARN  SELL_SKIP [US] BAIG reason=PHANTOM_POSITION phase=NONE qty=6 avgPrice=37.6000
2026-05-07 06:21:52 WARN  SELL_SKIP [US] BAIG reason=PHANTOM_POSITION phase=NONE qty=6 avgPrice=37.6000
2026-05-07 06:21:57 WARN  SELL_SKIP [US] BAIG reason=PHANTOM_POSITION phase=NONE qty=6 avgPrice=37.6000
2026-05-07 06:22:02 WARN  SELL_SKIP [US] BAIG reason=PHANTOM_POSITION phase=NONE qty=6 avgPrice=37.6000
2026-05-07 06:22:07 WARN  SELL_SKIP [US] BAIG reason=PHANTOM_POSITION phase=NONE qty=6 avgPrice=37.6000
2026-05-07 06:22:12 WARN  SELL_SKIP [US] BAIG reason=PHANTOM_POSITION phase=NONE qty=6 avgPrice=37.6000
2026-05-07 06:22:17 WARN  SELL_SKIP [US] BAIG reason=PHANTOM_POSITION phase=NONE qty=6 avgPrice=37.6000
2026-05-07 06:22:22 WARN  SELL_SKIP [US] BAIG reason=PHANTOM_POSITION phase=NONE qty=6 avgPrice=37.6000
2026-05-07 06:22:27 WARN  SELL_SKIP [US] BAIG reason=PHANTOM_POSITION phase=NONE qty=6 avgPrice=37.6000
2026-05-07 06:22:33 WARN  SELL_SKIP [US] BAIG reason=PHANTOM_POSITION phase=NONE qty=6 avgPrice=37.6000
2026-05-07 06:22:38 WARN  SELL_SKIP [US] BAIG reason=PHANTOM_POSITION phase=NONE qty=6 avgPrice=37.6000
2026-05-07 06:22:43 WARN  SELL_SKIP [US] BAIG reason=PHANTOM_POSITION phase=NONE qty=6 avgPrice=37.6000
2026-05-07 06:22:48 WARN  SELL_SKIP [US] BAIG reason=PHANTOM_POSITION phase=NONE qty=6 avgPrice=37.6000
2026-05-07 06:22:53 WARN  SELL_SKIP [US] BAIG reason=PHANTOM_POSITION phase=NONE qty=6 avgPrice=37.6000
2026-05-07 06:22:58 WARN  SELL_SKIP [US] BAIG reason=PHANTOM_POSITION phase=NONE qty=6 avgPrice=37.6000
2026-05-07 06:23:03 WARN  SELL_SKIP [US] BAIG reason=PHANTOM_POSITION phase=NONE qty=6 avgPrice=37.6000
2026-05-07 06:23:08 WARN  SELL_SKIP [US] BAIG reason=PHANTOM_POSITION phase=NONE qty=6 avgPrice=37.6000
2026-05-07 06:23:13 WARN  SELL_SKIP [US] BAIG reason=PHANTOM_POSITION phase=NONE qty=6 avgPrice=37.6000
2026-05-07 06:23:18 WARN  SELL_SKIP [US] BAIG reason=PHANTOM_POSITION phase=NONE qty=6 avgPrice=37.6000
2026-05-07 06:23:23 WARN  SELL_SKIP [US] BAIG reason=PHANTOM_POSITION phase=NONE qty=6 avgPrice=37.6000
2026-05-07 06:23:28 WARN  SELL_SKIP [US] BAIG reason=PHANTOM_POSITION phase=NONE qty=6 avgPrice=37.6000
2026-05-07 06:23:34 WARN  SELL_SKIP [US] BAIG reason=PHANTOM_POSITION phase=NONE qty=6 avgPrice=37.6000
2026-05-07 06:23:39 WARN  SELL_SKIP [US] BAIG reason=PHANTOM_POSITION phase=NONE qty=6 avgPrice=37.6000
2026-05-07 06:23:44 WARN  SELL_SKIP [US] BAIG reason=PHANTOM_POSITION phase=NONE qty=6 avgPrice=37.6000
2026-05-07 06:23:49 WARN  SELL_SKIP [US] BAIG reason=PHANTOM_POSITION phase=NONE qty=6 avgPrice=37.6000
2026-05-07 06:23:54 WARN  SELL_SKIP [US] BAIG reason=PHANTOM_POSITION phase=NONE qty=6 avgPrice=37.6000
2026-05-07 06:23:59 WARN  SELL_SKIP [US] BAIG reason=PHANTOM_POSITION phase=NONE qty=6 avgPrice=37.6000
2026-05-07 06:24:14 WARN  SELL_SKIP [US] BAIG reason=PHANTOM_POSITION phase=NONE qty=6 avgPrice=37.6000
2026-05-07 06:24:19 WARN  SELL_SKIP [US] BAIG reason=PHANTOM_POSITION phase=NONE qty=6 avgPrice=37.6000
2026-05-07 06:24:24 WARN  SELL_SKIP [US] BAIG reason=PHANTOM_POSITION phase=NONE qty=6 avgPrice=37.6000
2026-05-07 06:24:29 WARN  SELL_SKIP [US] BAIG reason=PHANTOM_POSITION phase=NONE qty=6 avgPrice=37.6000
2026-05-07 06:24:35 WARN  SELL_SKIP [US] BAIG reason=PHANTOM_POSITION phase=NONE qty=6 avgPrice=37.6000
2026-05-07 06:24:40 WARN  SELL_SKIP [US] BAIG reason=PHANTOM_POSITION phase=NONE qty=6 avgPrice=37.6000
2026-05-07 06:24:45 WARN  SELL_SKIP [US] BAIG reason=PHANTOM_POSITION phase=NONE qty=6 avgPrice=37.6000
2026-05-07 06:24:50 WARN  SELL_SKIP [US] BAIG reason=PHANTOM_POSITION phase=NONE qty=6 avgPrice=37.6000
2026-05-07 06:24:55 WARN  SELL_SKIP [US] BAIG reason=PHANTOM_POSITION phase=NONE qty=6 avgPrice=37.6000
2026-05-07 06:25:00 WARN  SELL_SKIP [US] BAIG reason=PHANTOM_POSITION phase=NONE qty=6 avgPrice=37.6000
2026-05-07 06:25:05 WARN  SELL_SKIP [US] BAIG reason=PHANTOM_POSITION phase=NONE qty=6 avgPrice=37.6000
2026-05-07 06:25:10 WARN  SELL_SKIP [US] BAIG reason=PHANTOM_POSITION phase=NONE qty=6 avgPrice=37.6000
2026-05-07 06:25:15 WARN  SELL_SKIP [US] BAIG reason=PHANTOM_POSITION phase=NONE qty=6 avgPrice=37.6000
2026-05-07 06:25:20 WARN  SELL_SKIP [US] BAIG reason=PHANTOM_POSITION phase=NONE qty=6 avgPrice=37.6000
2026-05-07 06:25:25 WARN  SELL_SKIP [US] BAIG reason=PHANTOM_POSITION phase=NONE qty=6 avgPrice=37.6000
2026-05-07 06:25:31 WARN  SELL_SKIP [US] BAIG reason=PHANTOM_POSITION phase=NONE qty=6 avgPrice=37.6000
2026-05-07 06:25:36 WARN  SELL_SKIP [US] BAIG reason=PHANTOM_POSITION phase=NONE qty=6 avgPrice=37.6000
2026-05-07 06:25:41 WARN  SELL_SKIP [US] BAIG reason=PHANTOM_POSITION phase=NONE qty=6 avgPrice=37.6000
2026-05-07 06:25:46 WARN  SELL_SKIP [US] BAIG reason=PHANTOM_POSITION phase=NONE qty=6 avgPrice=37.6000
2026-05-07 06:25:51 WARN  SELL_SKIP [US] BAIG reason=PHANTOM_POSITION phase=NONE qty=6 avgPrice=37.6000
2026-05-07 06:25:56 WARN  SELL_SKIP [US] BAIG reason=PHANTOM_POSITION phase=NONE qty=6 avgPrice=37.6000
2026-05-07 06:26:06 WARN  SELL_SKIP [US] BAIG reason=PHANTOM_POSITION phase=NONE qty=6 avgPrice=37.6000
2026-05-07 06:26:11 WARN  SELL_SKIP [US] BAIG reason=PHANTOM_POSITION phase=NONE qty=6 avgPrice=37.6000
2026-05-07 06:26:16 WARN  SELL_SKIP [US] BAIG reason=PHANTOM_POSITION phase=NONE qty=6 avgPrice=37.6000
2026-05-07 06:26:21 WARN  SELL_SKIP [US] BAIG reason=PHANTOM_POSITION phase=NONE qty=6 avgPrice=37.6000
2026-05-07 06:26:26 WARN  SELL_SKIP [US] BAIG reason=PHANTOM_POSITION phase=NONE qty=6 avgPrice=37.6000
2026-05-07 06:26:32 WARN  SELL_SKIP [US] BAIG reason=PHANTOM_POSITION phase=NONE qty=6 avgPrice=37.6000
2026-05-07 06:26:37 WARN  SELL_SKIP [US] BAIG reason=PHANTOM_POSITION phase=NONE qty=6 avgPrice=37.6000
2026-05-07 06:26:42 WARN  SELL_SKIP [US] BAIG reason=PHANTOM_POSITION phase=NONE qty=6 avgPrice=37.6000
2026-05-07 06:26:47 WARN  SELL_SKIP [US] BAIG reason=PHANTOM_POSITION phase=NONE qty=6 avgPrice=37.6000
2026-05-07 06:26:52 WARN  SELL_SKIP [US] BAIG reason=PHANTOM_POSITION phase=NONE qty=6 avgPrice=37.6000
2026-05-07 06:26:57 WARN  SELL_SKIP [US] BAIG reason=PHANTOM_POSITION phase=NONE qty=6 avgPrice=37.6000
2026-05-07 06:27:02 WARN  SELL_SKIP [US] BAIG reason=PHANTOM_POSITION phase=NONE qty=6 avgPrice=37.6000
2026-05-07 06:27:12 WARN  SELL_SKIP [US] BAIG reason=PHANTOM_POSITION phase=NONE qty=6 avgPrice=37.6000
2026-05-07 06:27:17 WARN  SELL_SKIP [US] BAIG reason=PHANTOM_POSITION phase=NONE qty=6 avgPrice=37.6000
2026-05-07 06:27:22 WARN  SELL_SKIP [US] BAIG reason=PHANTOM_POSITION phase=NONE qty=6 avgPrice=37.6000
2026-05-07 06:27:27 WARN  SELL_SKIP [US] BAIG reason=PHANTOM_POSITION phase=NONE qty=6 avgPrice=37.6000
2026-05-07 06:27:33 WARN  SELL_SKIP [US] BAIG reason=PHANTOM_POSITION phase=NONE qty=6 avgPrice=37.6000
2026-05-07 06:27:38 WARN  SELL_SKIP [US] BAIG reason=PHANTOM_POSITION phase=NONE qty=6 avgPrice=37.6000
2026-05-07 06:27:43 WARN  SELL_SKIP [US] BAIG reason=PHANTOM_POSITION phase=NONE qty=6 avgPrice=37.6000
2026-05-07 06:27:48 WARN  SELL_SKIP [US] BAIG reason=PHANTOM_POSITION phase=NONE qty=6 avgPrice=37.6000
2026-05-07 06:27:58 WARN  SELL_SKIP [US] BAIG reason=PHANTOM_POSITION phase=NONE qty=6 avgPrice=37.6000
2026-05-07 06:28:03 WARN  SELL_SKIP [US] BAIG reason=PHANTOM_POSITION phase=NONE qty=6 avgPrice=37.6000
2026-05-07 06:28:13 WARN  SELL_SKIP [US] BAIG reason=PHANTOM_POSITION phase=NONE qty=6 avgPrice=37.6000
2026-05-07 06:28:18 WARN  SELL_SKIP [US] BAIG reason=PHANTOM_POSITION phase=NONE qty=6 avgPrice=37.6000
2026-05-07 06:28:23 WARN  SELL_SKIP [US] BAIG reason=PHANTOM_POSITION phase=NONE qty=6 avgPrice=37.6000
2026-05-07 06:28:29 WARN  SELL_SKIP [US] BAIG reason=PHANTOM_POSITION phase=NONE qty=6 avgPrice=37.6000
2026-05-07 06:28:34 WARN  SELL_SKIP [US] BAIG reason=PHANTOM_POSITION phase=NONE qty=6 avgPrice=37.6000
2026-05-07 06:28:39 WARN  SELL_SKIP [US] BAIG reason=PHANTOM_POSITION phase=NONE qty=6 avgPrice=37.6000
2026-05-07 06:28:44 WARN  SELL_SKIP [US] BAIG reason=PHANTOM_POSITION phase=NONE qty=6 avgPrice=37.6000
2026-05-07 06:28:49 WARN  SELL_SKIP [US] BAIG reason=PHANTOM_POSITION phase=NONE qty=6 avgPrice=37.6000
2026-05-07 06:28:54 WARN  SELL_SKIP [US] BAIG reason=PHANTOM_POSITION phase=NONE qty=6 avgPrice=37.6000
2026-05-07 08:12:24 WARN  BUY_SKIP [US] SOXL reason=AMOUNT_TOO_SMALL amount=250.0000 size=0.8000x price=162.8800
2026-05-07 08:13:09 WARN  BUY_SKIP [US] SOXL reason=AMOUNT_TOO_SMALL amount=250.0000 size=1.0000x price=163.0900
2026-05-07 08:14:05 WARN  BUY_SKIP [US] SOXL reason=AMOUNT_TOO_SMALL amount=250.0000 size=1.0000x price=163.0000
2026-05-07 08:17:09 INFO  BUY [US] SMCI mode=BREAKOUT price=34.1300 qty=7 size=0.8000x score=85(CONV) | WHY: strongBreakout retestOK multiUp vol(1.54x) | VWAP: 0.49%(ABOVE slope=UP) | TREND: score=3 vel=0.08%/0.15%/0.16% | VOL: 87664571.0000/56969569.3000 TO: 2996375036.7800/1943730790.0948 | entryNo=2
2026-05-07 08:21:08 WARN  BUY_SKIP [US] SOXL reason=AMOUNT_TOO_SMALL amount=250.0000 size=1.0000x price=163.5100
2026-05-07 08:21:23 WARN  BUY_SKIP [US] SOXL reason=AMOUNT_TOO_SMALL amount=250.0000 size=1.0000x price=163.7000
2026-05-07 08:22:09 WARN  BUY_SKIP [US] SOXL reason=AMOUNT_TOO_SMALL amount=250.0000 size=0.8000x price=163.5500
2026-05-07 08:22:10 WARN  BUY_SKIP [US] MRVL reason=AMOUNT_TOO_SMALL amount=300.0000 size=0.8000x price=170.7900
2026-05-07 08:22:10 INFO  BUY [US] IREN mode=BREAKOUT price=59.9400 qty=4 size=0.8000x score=85(CONV) | WHY: strongBreakout retestOK multiUp vol(1.54x) | VWAP: 0.38%(ABOVE slope=UP) | TREND: score=3 vel=0.13%/0.38%/0.54% | VOL: 42919298.0000/27891809.2000 TO: 2574299494.0400/1666527712.7231 | entryNo=2
2026-05-07 08:22:24 WARN  BUY_SKIP [US] SOXL reason=AMOUNT_TOO_SMALL amount=250.0000 size=0.8000x price=163.6500
2026-05-07 08:24:06 WARN  BUY_SKIP [US] SOXL reason=AMOUNT_TOO_SMALL amount=250.0000 size=0.8000x price=163.8000
2026-05-07 08:31:14 WARN  BUY_SKIP [US] MRVL reason=AMOUNT_TOO_SMALL amount=300.0000 size=1.0000x price=170.5000
2026-05-07 08:31:29 WARN  BUY_SKIP [US] MRVL reason=AMOUNT_TOO_SMALL amount=300.0000 size=1.0000x price=170.5000
2026-05-07 08:34:07 WARN  BUY_SKIP [US] MRVL reason=AMOUNT_TOO_SMALL amount=300.0000 size=0.8000x price=170.7400
2026-05-07 08:34:22 WARN  BUY_SKIP [US] MRVL reason=AMOUNT_TOO_SMALL amount=300.0000 size=0.8000x price=170.7400
2026-05-07 08:42:05 WARN  BUY_SKIP [US] SOXL reason=AMOUNT_TOO_SMALL amount=250.0000 size=1.0000x price=163.5700
2026-05-07 08:42:20 WARN  BUY_SKIP [US] SOXL reason=AMOUNT_TOO_SMALL amount=250.0000 size=1.0000x price=163.4200
2026-05-07 08:44:07 WARN  BUY_SKIP [US] MRVL reason=AMOUNT_TOO_SMALL amount=300.0000 size=0.8000x price=170.6500
2026-05-07 08:44:22 WARN  BUY_SKIP [US] MRVL reason=AMOUNT_TOO_SMALL amount=300.0000 size=0.8000x price=170.6500
2026-05-07 09:27:06 INFO  BUY amount set for 010170: 450000.00
2026-05-07 09:27:06 INFO  BUY amount set for 078150: 450000.00
2026-05-07 09:27:06 INFO  BUY amount set for 006910: 450000.00
2026-05-07 09:27:06 INFO  BUY amount set for 037030: 450000.00
2026-05-07 09:27:06 INFO  BUY amount set for 042940: 450000.00
2026-05-07 09:27:06 INFO  BUY amount set for 013310: 450000.00
2026-05-07 09:27:06 INFO  BUY amount set for 038060: 450000.00
2026-05-07 09:27:06 INFO  BUY amount set for 037440: 450000.00
2026-05-07 09:27:06 INFO  BUY amount set for 079190: 450000.00
2026-05-07 09:27:06 INFO  BUY amount set for 025950: 450000.00
2026-05-07 09:44:05 INFO  BUY [KRX] 038060 mode=PULLBACK price=1810.0000 qty=298 size=1.2000x score=80(CONV) | WHY: zone(-1.52%fromHigh) vel+ priceAboveAvg vol(0.91x) | VWAP: 0.88%(ABOVE slope=UP) | TREND: score=2 vel=0.83%/0.78%/-0.33% | VOL: 76235.0000/83665.4118 TO: 138137820.0000/150273385.8235 | entryNo=1
2026-05-07 09:44:05 WARN  BUY_REJECTED 038060 phase=NONE
2026-05-07 09:47:53 INFO  BUY amount set for 010170: 45000.00
2026-05-07 09:47:53 INFO  BUY amount set for 006910: 45000.00
2026-05-07 09:47:53 INFO  BUY amount set for 078150: 45000.00
2026-05-07 09:47:53 INFO  BUY amount set for 037030: 45000.00
2026-05-07 09:47:53 INFO  BUY amount set for 042940: 45000.00
2026-05-07 09:47:53 INFO  BUY amount set for 013310: 45000.00
2026-05-07 09:47:53 INFO  BUY amount set for 038060: 45000.00
2026-05-07 09:47:53 INFO  BUY amount set for 037440: 45000.00
2026-05-07 09:47:53 INFO  BUY amount set for 025950: 45000.00
2026-05-07 09:47:53 INFO  BUY amount set for 079190: 45000.00
2026-05-07 09:50:07 INFO  BUY [KRX] 037440 mode=VOLUME_BREAKOUT price=6320.0000 qty=7 size=1.0000x score=95(CONV) | WHY: strongBreakout volBreakout retestOK multiUp vol(4.61x) | VWAP: 2.18%(ABOVE slope=UP) | TREND: score=3 vel=1.94%/1.77%/1.77% | VOL: 47458.0000/10283.4500 TO: 299934560.0000/63808329.5000 | entryNo=1
2026-05-07 09:50:08 INFO  BUY_FILLED 037440 phase=HOLDING
2026-05-07 09:50:12 INFO  BUY_FILLED 037440 phase=HOLDING
2026-05-07 09:50:17 INFO  BUY_FILLED 037440 phase=HOLDING
2026-05-07 09:50:22 INFO  BUY_FILLED 037440 phase=HOLDING
2026-05-07 09:50:27 INFO  BUY_FILLED 037440 phase=HOLDING
2026-05-07 09:50:32 INFO  BUY_FILLED 037440 phase=HOLDING
2026-05-07 09:50:38 INFO  BUY_FILLED 037440 phase=HOLDING
2026-05-07 09:50:43 INFO  BUY_FILLED 037440 phase=HOLDING
2026-05-07 09:50:48 INFO  BUY_FILLED 037440 phase=HOLDING
2026-05-07 09:50:53 INFO  BUY_FILLED 037440 phase=HOLDING
2026-05-07 09:50:58 INFO  BUY_FILLED 037440 phase=HOLDING
2026-05-07 09:51:03 INFO  BUY_FILLED 037440 phase=HOLDING
2026-05-07 09:51:08 INFO  BUY_FILLED 037440 phase=HOLDING
2026-05-07 09:51:13 INFO  BUY_FILLED 037440 phase=HOLDING
2026-05-07 09:51:18 INFO  BUY_FILLED 037440 phase=HOLDING
2026-05-07 09:51:23 INFO  BUY_FILLED 037440 phase=HOLDING
2026-05-07 09:51:29 INFO  BUY_FILLED 037440 phase=HOLDING
2026-05-07 09:51:39 INFO  BUY_FILLED 037440 phase=HOLDING
2026-05-07 09:51:44 INFO  BUY_FILLED 037440 phase=HOLDING
2026-05-07 09:51:49 INFO  BUY_FILLED 037440 phase=HOLDING
2026-05-07 09:51:54 INFO  BUY_FILLED 037440 phase=HOLDING
2026-05-07 09:51:59 INFO  BUY_FILLED 037440 phase=HOLDING
2026-05-07 09:52:04 INFO  BUY_FILLED 037440 phase=HOLDING
2026-05-07 09:52:09 INFO  BUY_FILLED 037440 phase=HOLDING
2026-05-07 09:52:14 INFO  BUY_FILLED 037440 phase=HOLDING
2026-05-07 09:52:19 INFO  BUY_FILLED 037440 phase=HOLDING
2026-05-07 09:52:25 INFO  BUY_FILLED 037440 phase=HOLDING
2026-05-07 09:52:30 INFO  BUY_FILLED 037440 phase=HOLDING
2026-05-07 09:52:40 INFO  BUY_FILLED 037440 phase=HOLDING
2026-05-07 09:52:45 INFO  BUY_FILLED 037440 phase=HOLDING
2026-05-07 09:52:50 INFO  BUY_FILLED 037440 phase=HOLDING
2026-05-07 09:52:55 INFO  BUY_FILLED 037440 phase=HOLDING
2026-05-07 09:53:00 INFO  BUY_FILLED 037440 phase=HOLDING
2026-05-07 09:53:05 INFO  BUY_FILLED 037440 phase=HOLDING
2026-05-07 09:53:10 INFO  BUY_FILLED 037440 phase=HOLDING
2026-05-07 09:53:15 INFO  BUY_FILLED 037440 phase=HOLDING
2026-05-07 09:53:21 INFO  BUY_FILLED 037440 phase=HOLDING
2026-05-07 09:53:26 INFO  BUY_FILLED 037440 phase=HOLDING
2026-05-07 09:53:31 INFO  BUY_FILLED 037440 phase=HOLDING
2026-05-07 09:53:36 INFO  BUY_FILLED 037440 phase=HOLDING
2026-05-07 09:53:41 INFO  BUY_FILLED 037440 phase=HOLDING
2026-05-07 09:53:46 INFO  BUY_FILLED 037440 phase=HOLDING
2026-05-07 09:53:51 INFO  BUY_FILLED 037440 phase=HOLDING
2026-05-07 09:53:56 INFO  BUY_FILLED 037440 phase=HOLDING
2026-05-07 09:54:01 INFO  BUY_FILLED 037440 phase=HOLDING
2026-05-07 09:54:06 INFO  BUY_FILLED 037440 phase=HOLDING
2026-05-07 09:54:11 INFO  BUY_FILLED 037440 phase=HOLDING
2026-05-07 09:54:17 INFO  BUY_FILLED 037440 phase=HOLDING
2026-05-07 09:54:22 INFO  BUY_FILLED 037440 phase=HOLDING
2026-05-07 09:54:27 INFO  BUY_FILLED 037440 phase=HOLDING
2026-05-07 09:54:32 INFO  BUY_FILLED 037440 phase=HOLDING
2026-05-07 09:54:37 INFO  BUY_FILLED 037440 phase=HOLDING
2026-05-07 09:54:42 INFO  BUY_FILLED 037440 phase=HOLDING
2026-05-07 09:54:47 INFO  BUY_FILLED 037440 phase=HOLDING
2026-05-07 09:54:52 INFO  BUY_FILLED 037440 phase=HOLDING
2026-05-07 09:54:57 INFO  BUY_FILLED 037440 phase=HOLDING
2026-05-07 09:55:02 INFO  BUY_FILLED 037440 phase=HOLDING
2026-05-07 09:55:07 INFO  BUY_FILLED 037440 phase=HOLDING
2026-05-07 09:55:13 INFO  BUY_FILLED 037440 phase=HOLDING
2026-05-07 09:55:13 INFO  SELL_EXECUTED [KRX] 037440 mode=VOLUME_BREAKOUT phase=EXITING exitType=TIMESTOP price=6290.0000 qty=7 reason=TIME_STOP_SOFT pnl=-0.47% peakPnl=0.47% holdMs=304644 high=6350.0000 avgPrice=6320.0000 weightedPnl=-0.47% dailyPnl=-0.47%
2026-05-07 09:55:13 WARN  SELL_REJECTED 037440 reason=TIME_STOP_SOFT rolledBack=partialDone:false phase=HOLDING
2026-05-07 09:55:18 INFO  BUY_FILLED 037440 phase=HOLDING
2026-05-07 09:55:18 INFO  SELL_EXECUTED [KRX] 037440 mode=VOLUME_BREAKOUT phase=EXITING exitType=TIMESTOP price=6280.0000 qty=7 reason=TIME_STOP_SOFT pnl=-0.63% peakPnl=0.47% holdMs=309774 high=6350.0000 avgPrice=6320.0000 weightedPnl=-0.62% dailyPnl=-0.62%
2026-05-07 09:55:23 INFO  BUY_FILLED 037440 phase=HOLDING
2026-05-07 09:55:28 INFO  BUY_FILLED 037440 phase=HOLDING
2026-05-07 09:55:33 INFO  BUY_FILLED 037440 phase=HOLDING
2026-05-07 09:55:33 WARN  SELL pending timeout cleared for 037440
2026-05-07 09:55:33 INFO  SELL_EXECUTED [KRX] 037440 mode=VOLUME_BREAKOUT phase=EXITING exitType=TIMESTOP price=6285.0000 qty=7 reason=TIME_STOP_SOFT pnl=-0.55% peakPnl=0.47% holdMs=325008 high=6350.0000 avgPrice=6320.0000 weightedPnl=-0.54% dailyPnl=-0.54%
2026-05-07 09:55:38 INFO  BUY_FILLED 037440 phase=HOLDING
2026-05-07 09:55:43 INFO  BUY_FILLED 037440 phase=HOLDING
2026-05-07 09:55:48 INFO  BUY_FILLED 037440 phase=HOLDING
2026-05-07 09:55:48 WARN  SELL pending timeout cleared for 037440
2026-05-07 09:55:48 INFO  SELL_EXECUTED [KRX] 037440 mode=VOLUME_BREAKOUT phase=EXITING exitType=TIMESTOP price=6280.0000 qty=7 reason=TIME_STOP_SOFT pnl=-0.63% peakPnl=0.47% holdMs=340294 high=6350.0000 avgPrice=6320.0000 weightedPnl=-0.62% dailyPnl=-0.62%
2026-05-07 09:55:49 INFO  SELL_FILLED 037440 reason=TIME_STOP_SOFT remainingQty=0 phase=NONE exitType=TIMESTOP partialDone=false
2026-05-07 10:16:10 INFO  BUY [KRX] 042940 mode=VOLUME_BREAKOUT price=11500.0000 qty=3 size=1.0000x score=95(CONV) | WHY: strongBreakout volBreakout retestOK multiUp vol(2.69x) | VWAP: 2.40%(ABOVE slope=UP) | TREND: score=3 vel=1.95%/2.77%/2.68% | VOL: 21335.0000/7923.0500 TO: 245139150.0000/88569924.5000 | entryNo=1
2026-05-07 10:19:03 INFO  BUY_FILLED 042940 phase=HOLDING
2026-05-07 10:19:08 INFO  BUY_FILLED 042940 phase=HOLDING
2026-05-07 10:19:13 INFO  BUY_FILLED 042940 phase=HOLDING
2026-05-07 10:19:18 INFO  BUY_FILLED 042940 phase=HOLDING
2026-05-07 10:19:23 INFO  BUY_FILLED 042940 phase=HOLDING
2026-05-07 10:19:28 INFO  BUY_FILLED 042940 phase=HOLDING
2026-05-07 10:19:33 INFO  BUY_FILLED 042940 phase=HOLDING
2026-05-07 10:19:38 INFO  BUY_FILLED 042940 phase=HOLDING
2026-05-07 10:19:43 INFO  BUY_FILLED 042940 phase=HOLDING
2026-05-07 10:19:48 INFO  BUY_FILLED 042940 phase=HOLDING
2026-05-07 10:19:54 INFO  BUY_FILLED 042940 phase=HOLDING
2026-05-07 10:19:59 INFO  BUY_FILLED 042940 phase=HOLDING
2026-05-07 10:20:04 INFO  BUY_FILLED 042940 phase=HOLDING
2026-05-07 10:20:09 INFO  BUY_FILLED 042940 phase=HOLDING
2026-05-07 10:20:14 INFO  BUY_FILLED 042940 phase=HOLDING
2026-05-07 10:20:19 INFO  BUY_FILLED 042940 phase=HOLDING
2026-05-07 10:20:24 INFO  BUY_FILLED 042940 phase=HOLDING
2026-05-07 10:20:29 INFO  BUY_FILLED 042940 phase=HOLDING
2026-05-07 10:20:34 INFO  BUY_FILLED 042940 phase=HOLDING
2026-05-07 10:20:40 INFO  BUY_FILLED 042940 phase=HOLDING
2026-05-07 10:20:45 INFO  BUY_FILLED 042940 phase=HOLDING
2026-05-07 10:20:50 INFO  BUY_FILLED 042940 phase=HOLDING
2026-05-07 10:20:55 INFO  BUY_FILLED 042940 phase=HOLDING
2026-05-07 10:21:10 INFO  BUY_FILLED 042940 phase=HOLDING
2026-05-07 10:21:15 INFO  BUY_FILLED 042940 phase=HOLDING
2026-05-07 10:21:20 INFO  BUY_FILLED 042940 phase=HOLDING
2026-05-07 10:21:25 INFO  BUY_FILLED 042940 phase=HOLDING
2026-05-07 10:21:36 INFO  BUY_FILLED 042940 phase=HOLDING
2026-05-07 10:21:41 INFO  BUY_FILLED 042940 phase=HOLDING
2026-05-07 10:21:46 INFO  BUY_FILLED 042940 phase=HOLDING
2026-05-07 10:21:51 INFO  BUY_FILLED 042940 phase=HOLDING
2026-05-07 10:21:56 INFO  BUY_FILLED 042940 phase=HOLDING
2026-05-07 10:22:01 INFO  BUY_FILLED 042940 phase=HOLDING
2026-05-07 10:22:06 INFO  BUY_FILLED 042940 phase=HOLDING
2026-05-07 10:22:11 INFO  BUY_FILLED 042940 phase=HOLDING
2026-05-07 10:22:16 INFO  BUY_FILLED 042940 phase=HOLDING
2026-05-07 10:22:21 INFO  BUY_FILLED 042940 phase=HOLDING
2026-05-07 10:22:26 INFO  BUY_FILLED 042940 phase=HOLDING
2026-05-07 10:22:31 INFO  BUY_FILLED 042940 phase=HOLDING
2026-05-07 10:22:37 INFO  BUY_FILLED 042940 phase=HOLDING
2026-05-07 10:22:42 INFO  BUY_FILLED 042940 phase=HOLDING
2026-05-07 10:22:47 INFO  BUY_FILLED 042940 phase=HOLDING
2026-05-07 10:22:52 INFO  BUY_FILLED 042940 phase=HOLDING
2026-05-07 10:22:57 INFO  BUY_FILLED 042940 phase=HOLDING
2026-05-07 10:23:02 INFO  BUY_FILLED 042940 phase=HOLDING
2026-05-07 10:23:02 INFO  SELL_EXECUTED [KRX] 042940 mode=VOLUME_BREAKOUT phase=EXITING exitType=PROFIT price=11750.0000 qty=3 reason=TAKE_PROFIT_VOLUME_BREAKOUT pnl=2.09% peakPnl=2.09% holdMs=239357 high=11740.0000 avgPrice=11500.0000 weightedPnl=1.60% dailyPnl=0.98%
2026-05-07 10:23:03 INFO  SELL_FILLED 042940 reason=TAKE_PROFIT_VOLUME_BREAKOUT remainingQty=0 phase=NONE exitType=PROFIT partialDone=false
2026-05-07 10:26:55 INFO  BUY amount set for 010170: 450000.00
2026-05-07 10:26:55 INFO  BUY amount set for 006910: 450000.00
2026-05-07 10:26:55 INFO  BUY amount set for 078150: 450000.00
2026-05-07 10:26:55 INFO  BUY amount set for 037030: 450000.00
2026-05-07 10:26:55 INFO  BUY amount set for 042940: 450000.00
2026-05-07 10:26:55 INFO  BUY amount set for 013310: 450000.00
2026-05-07 10:26:55 INFO  BUY amount set for 038060: 450000.00
2026-05-07 10:26:55 INFO  BUY amount set for 037440: 450000.00
2026-05-07 10:26:55 INFO  BUY amount set for 025950: 450000.00
2026-05-07 10:26:55 INFO  BUY amount set for 079190: 450000.00
2026-05-07 10:27:20 INFO  BUY amount set for 010170: 500000.00
2026-05-07 10:27:20 INFO  BUY amount set for 006910: 500000.00
2026-05-07 10:27:20 INFO  BUY amount set for 078150: 500000.00
2026-05-07 10:27:20 INFO  BUY amount set for 037030: 500000.00
2026-05-07 10:27:20 INFO  BUY amount set for 042940: 500000.00
2026-05-07 10:27:20 INFO  BUY amount set for 013310: 500000.00
2026-05-07 10:27:20 INFO  BUY amount set for 038060: 500000.00
2026-05-07 10:27:20 INFO  BUY amount set for 037440: 500000.00
2026-05-07 10:27:20 INFO  BUY amount set for 025950: 500000.00
2026-05-07 10:27:20 INFO  BUY amount set for 079190: 500000.00
2026-05-07 10:29:06 INFO  BUY [KRX] 013310 mode=BREAKOUT price=4195.0000 qty=95 size=0.8000x score=85(CONV) | WHY: strongBreakout retestOK multiUp vol(1.60x) | VWAP: 0.69%(ABOVE slope=UP) | TREND: score=3 vel=0.72%/0.72%/0.84% | VOL: 21376.0000/13400.9500 TO: 89672320.0000/55664538.5000 | entryNo=1
2026-05-07 10:29:07 INFO  BUY_FILLED 013310 phase=HOLDING
2026-05-07 10:29:11 INFO  BUY_FILLED 013310 phase=HOLDING
2026-05-07 10:29:16 INFO  BUY_FILLED 013310 phase=HOLDING
2026-05-07 10:29:21 INFO  BUY_FILLED 013310 phase=HOLDING
2026-05-07 10:29:26 INFO  BUY_FILLED 013310 phase=HOLDING
2026-05-07 10:29:31 INFO  BUY_FILLED 013310 phase=HOLDING
2026-05-07 10:29:36 INFO  BUY_FILLED 013310 phase=HOLDING
2026-05-07 10:29:42 INFO  BUY_FILLED 013310 phase=HOLDING
2026-05-07 10:29:47 INFO  BUY_FILLED 013310 phase=HOLDING
2026-05-07 10:29:52 INFO  BUY_FILLED 013310 phase=HOLDING
2026-05-07 10:29:57 INFO  BUY_FILLED 013310 phase=HOLDING
2026-05-07 10:30:02 INFO  BUY_FILLED 013310 phase=HOLDING
2026-05-07 10:30:07 INFO  BUY_FILLED 013310 phase=HOLDING
2026-05-07 10:30:12 INFO  BUY_FILLED 013310 phase=HOLDING
2026-05-07 10:30:17 INFO  BUY_FILLED 013310 phase=HOLDING
2026-05-07 10:30:22 INFO  BUY_FILLED 013310 phase=HOLDING
2026-05-07 10:30:28 INFO  BUY_FILLED 013310 phase=HOLDING
2026-05-07 10:30:33 INFO  BUY_FILLED 013310 phase=HOLDING
2026-05-07 10:30:38 INFO  BUY_FILLED 013310 phase=HOLDING
2026-05-07 10:30:48 INFO  BUY_FILLED 013310 phase=HOLDING
2026-05-07 10:30:53 INFO  BUY_FILLED 013310 phase=HOLDING
2026-05-07 10:31:03 INFO  BUY_FILLED 013310 phase=HOLDING
2026-05-07 10:31:08 INFO  BUY_FILLED 013310 phase=HOLDING
2026-05-07 10:31:13 INFO  BUY_FILLED 013310 phase=HOLDING
2026-05-07 10:31:19 INFO  BUY_FILLED 013310 phase=HOLDING
2026-05-07 10:31:29 INFO  BUY_FILLED 013310 phase=HOLDING
2026-05-07 10:31:34 INFO  BUY_FILLED 013310 phase=HOLDING
2026-05-07 10:31:39 INFO  BUY_FILLED 013310 phase=HOLDING
2026-05-07 10:31:44 INFO  BUY_FILLED 013310 phase=HOLDING
2026-05-07 10:31:49 INFO  BUY_FILLED 013310 phase=HOLDING
2026-05-07 10:31:54 INFO  BUY_FILLED 013310 phase=HOLDING
2026-05-07 10:31:59 INFO  BUY_FILLED 013310 phase=HOLDING
2026-05-07 10:32:04 INFO  BUY_FILLED 013310 phase=HOLDING
2026-05-07 10:32:10 INFO  BUY_FILLED 013310 phase=HOLDING
2026-05-07 10:32:15 INFO  BUY_FILLED 013310 phase=HOLDING
2026-05-07 10:32:20 INFO  BUY_FILLED 013310 phase=HOLDING
2026-05-07 10:32:25 INFO  BUY_FILLED 013310 phase=HOLDING
2026-05-07 10:32:30 INFO  BUY_FILLED 013310 phase=HOLDING
2026-05-07 10:32:35 INFO  BUY_FILLED 013310 phase=HOLDING
2026-05-07 10:32:40 INFO  BUY_FILLED 013310 phase=HOLDING
2026-05-07 10:32:45 INFO  BUY_FILLED 013310 phase=HOLDING
2026-05-07 10:32:50 INFO  BUY_FILLED 013310 phase=HOLDING
2026-05-07 10:32:55 INFO  BUY_FILLED 013310 phase=HOLDING
2026-05-07 10:33:00 INFO  BUY_FILLED 013310 phase=HOLDING
2026-05-07 10:33:05 INFO  BUY_FILLED 013310 phase=HOLDING
2026-05-07 10:33:11 INFO  BUY_FILLED 013310 phase=HOLDING
2026-05-07 10:33:16 INFO  BUY_FILLED 013310 phase=HOLDING
2026-05-07 10:33:21 INFO  BUY_FILLED 013310 phase=HOLDING
2026-05-07 10:33:26 INFO  BUY_FILLED 013310 phase=HOLDING
2026-05-07 10:33:36 INFO  BUY_FILLED 013310 phase=HOLDING
2026-05-07 10:33:41 INFO  BUY_FILLED 013310 phase=HOLDING
2026-05-07 10:33:46 INFO  BUY_FILLED 013310 phase=HOLDING
2026-05-07 10:33:51 INFO  BUY_FILLED 013310 phase=HOLDING
2026-05-07 10:33:56 INFO  BUY_FILLED 013310 phase=HOLDING
2026-05-07 10:34:01 INFO  BUY_FILLED 013310 phase=HOLDING
2026-05-07 10:34:17 INFO  BUY_FILLED 013310 phase=HOLDING
2026-05-07 10:34:17 INFO  SELL_EXECUTED [KRX] 013310 mode=BREAKOUT phase=EXITING exitType=TIMESTOP price=4160.0000 qty=95 reason=TIME_STOP_SOFT pnl=-0.83% peakPnl=0.24% holdMs=310010 high=4205.0000 avgPrice=4195.0000 weightedPnl=-0.67% dailyPnl=0.31%
2026-05-07 10:34:17 INFO  SELL_FILLED 013310 reason=TIME_STOP_SOFT remainingQty=0 phase=NONE exitType=TIMESTOP partialDone=false
2026-05-07 10:44:28 INFO  BUY [KRX] 037030 mode=VOLUME_BREAKOUT price=8430.0000 qty=47 size=0.8000x score=95(CONV) | WHY: strongBreakout volBreakout retestOK multiUp vol(1.78x) | VWAP: 0.90%(ABOVE slope=UP) | TREND: score=3 vel=1.08%/0.72%/1.20% | VOL: 18907.0000/10626.4500 TO: 159196940.0000/88457839.5000 | entryNo=1
2026-05-07 10:44:29 INFO  BUY_FILLED 037030 phase=HOLDING
2026-05-07 10:44:33 INFO  BUY_FILLED 037030 phase=HOLDING
2026-05-07 10:44:38 INFO  BUY_FILLED 037030 phase=HOLDING
2026-05-07 10:44:43 INFO  BUY_FILLED 037030 phase=HOLDING
2026-05-07 10:44:48 INFO  BUY_FILLED 037030 phase=HOLDING
2026-05-07 10:44:54 INFO  BUY_FILLED 037030 phase=HOLDING
2026-05-07 10:44:59 INFO  BUY_FILLED 037030 phase=HOLDING
2026-05-07 10:45:04 INFO  BUY_FILLED 037030 phase=HOLDING
2026-05-07 10:45:09 INFO  BUY_FILLED 037030 phase=HOLDING
2026-05-07 10:45:14 INFO  BUY_FILLED 037030 phase=HOLDING
2026-05-07 10:45:19 INFO  BUY_FILLED 037030 phase=HOLDING
2026-05-07 10:45:24 INFO  BUY_FILLED 037030 phase=HOLDING
2026-05-07 10:45:29 INFO  BUY_FILLED 037030 phase=HOLDING
2026-05-07 10:45:34 INFO  BUY_FILLED 037030 phase=HOLDING
2026-05-07 10:45:39 INFO  BUY_FILLED 037030 phase=HOLDING
2026-05-07 10:45:45 INFO  BUY_FILLED 037030 phase=HOLDING
2026-05-07 10:45:55 INFO  BUY_FILLED 037030 phase=HOLDING
2026-05-07 10:46:00 INFO  BUY_FILLED 037030 phase=HOLDING
2026-05-07 10:46:05 INFO  BUY_FILLED 037030 phase=HOLDING
2026-05-07 10:46:10 INFO  BUY_FILLED 037030 phase=HOLDING
2026-05-07 10:46:15 INFO  BUY_FILLED 037030 phase=HOLDING
2026-05-07 10:46:20 INFO  BUY_FILLED 037030 phase=HOLDING
2026-05-07 10:46:25 INFO  BUY_FILLED 037030 phase=HOLDING
2026-05-07 10:46:30 INFO  BUY_FILLED 037030 phase=HOLDING
2026-05-07 10:46:36 INFO  BUY_FILLED 037030 phase=HOLDING
2026-05-07 10:46:41 INFO  BUY_FILLED 037030 phase=HOLDING
2026-05-07 10:46:46 INFO  BUY_FILLED 037030 phase=HOLDING
2026-05-07 10:46:51 INFO  BUY_FILLED 037030 phase=HOLDING
2026-05-07 10:46:56 INFO  BUY_FILLED 037030 phase=HOLDING
2026-05-07 10:47:06 INFO  BUY_FILLED 037030 phase=HOLDING
2026-05-07 10:47:11 INFO  BUY_FILLED 037030 phase=HOLDING
2026-05-07 10:47:16 INFO  BUY_FILLED 037030 phase=HOLDING
2026-05-07 10:47:21 INFO  BUY_FILLED 037030 phase=HOLDING
2026-05-07 10:47:26 INFO  BUY_FILLED 037030 phase=HOLDING
2026-05-07 10:47:31 INFO  BUY_FILLED 037030 phase=HOLDING
2026-05-07 10:47:36 INFO  BUY_FILLED 037030 phase=HOLDING
2026-05-07 10:47:41 INFO  BUY_FILLED 037030 phase=HOLDING
2026-05-07 10:47:46 INFO  BUY_FILLED 037030 phase=HOLDING
2026-05-07 10:47:52 INFO  BUY_FILLED 037030 phase=HOLDING
2026-05-07 10:47:57 INFO  BUY_FILLED 037030 phase=HOLDING
2026-05-07 10:48:02 INFO  BUY_FILLED 037030 phase=HOLDING
2026-05-07 10:48:07 INFO  BUY_FILLED 037030 phase=HOLDING
2026-05-07 10:48:12 INFO  BUY_FILLED 037030 phase=HOLDING
2026-05-07 10:48:17 INFO  BUY_FILLED 037030 phase=HOLDING
2026-05-07 10:48:22 INFO  BUY_FILLED 037030 phase=HOLDING
2026-05-07 10:48:27 INFO  BUY_FILLED 037030 phase=HOLDING
2026-05-07 10:48:32 INFO  BUY_FILLED 037030 phase=HOLDING
2026-05-07 10:48:37 INFO  BUY_FILLED 037030 phase=HOLDING
2026-05-07 10:48:43 INFO  BUY_FILLED 037030 phase=HOLDING
2026-05-07 10:48:48 INFO  BUY_FILLED 037030 phase=HOLDING
2026-05-07 10:48:53 INFO  BUY_FILLED 037030 phase=HOLDING
2026-05-07 10:48:58 INFO  BUY_FILLED 037030 phase=HOLDING
2026-05-07 10:49:03 INFO  BUY_FILLED 037030 phase=HOLDING
2026-05-07 10:49:08 INFO  BUY_FILLED 037030 phase=HOLDING
2026-05-07 10:49:13 INFO  BUY_FILLED 037030 phase=HOLDING
2026-05-07 10:49:18 INFO  BUY_FILLED 037030 phase=HOLDING
2026-05-07 10:49:23 INFO  BUY_FILLED 037030 phase=HOLDING
2026-05-07 10:49:28 INFO  BUY_FILLED 037030 phase=HOLDING
2026-05-07 10:49:33 INFO  BUY_FILLED 037030 phase=HOLDING
2026-05-07 10:49:33 INFO  SELL [BREAKEVEN_GUARD] 037030 pnl=-0.12% peakPnl=0.83% holdMs=304412
2026-05-07 10:49:33 INFO  SELL_EXECUTED [KRX] 037030 mode=VOLUME_BREAKOUT phase=EXITING exitType=TRAIL price=8420.0000 qty=47 reason=BREAKEVEN_GUARD pnl=-0.12% peakPnl=0.83% holdMs=304412 high=8500.0000 avgPrice=8430.0000 weightedPnl=-0.09% dailyPnl=0.22%
2026-05-07 10:49:34 INFO  SELL_FILLED 037030 reason=BREAKEVEN_GUARD remainingQty=0 phase=NONE exitType=TRAIL partialDone=false
2026-05-07 10:50:55 WARN  SELL_SKIP [KRX] 037030 reason=PHANTOM_POSITION phase=NONE qty=57 avgPrice=8440.0000
2026-05-07 10:51:00 WARN  SELL_SKIP [KRX] 037030 reason=PHANTOM_POSITION phase=NONE qty=57 avgPrice=8440.0000
2026-05-07 10:51:05 WARN  SELL_SKIP [KRX] 037030 reason=PHANTOM_POSITION phase=NONE qty=57 avgPrice=8440.0000
2026-05-07 10:51:10 WARN  SELL_SKIP [KRX] 037030 reason=PHANTOM_POSITION phase=NONE qty=57 avgPrice=8440.0000
2026-05-07 10:51:15 WARN  SELL_SKIP [KRX] 037030 reason=PHANTOM_POSITION phase=NONE qty=57 avgPrice=8440.0000
2026-05-07 10:51:21 WARN  SELL_SKIP [KRX] 037030 reason=PHANTOM_POSITION phase=NONE qty=57 avgPrice=8440.0000
2026-05-07 10:51:26 WARN  SELL_SKIP [KRX] 037030 reason=PHANTOM_POSITION phase=NONE qty=57 avgPrice=8440.0000
2026-05-07 10:51:31 WARN  SELL_SKIP [KRX] 037030 reason=PHANTOM_POSITION phase=NONE qty=57 avgPrice=8440.0000
2026-05-07 10:51:36 WARN  SELL_SKIP [KRX] 037030 reason=PHANTOM_POSITION phase=NONE qty=57 avgPrice=8440.0000
2026-05-07 10:51:41 WARN  SELL_SKIP [KRX] 037030 reason=PHANTOM_POSITION phase=NONE qty=57 avgPrice=8440.0000
2026-05-07 10:51:46 WARN  SELL_SKIP [KRX] 037030 reason=PHANTOM_POSITION phase=NONE qty=57 avgPrice=8440.0000
2026-05-07 10:51:51 WARN  SELL_SKIP [KRX] 037030 reason=PHANTOM_POSITION phase=NONE qty=57 avgPrice=8440.0000
2026-05-07 10:51:56 WARN  SELL_SKIP [KRX] 037030 reason=PHANTOM_POSITION phase=NONE qty=57 avgPrice=8440.0000
2026-05-07 10:52:01 WARN  SELL_SKIP [KRX] 037030 reason=PHANTOM_POSITION phase=NONE qty=57 avgPrice=8440.0000
2026-05-07 10:52:06 WARN  SELL_SKIP [KRX] 037030 reason=PHANTOM_POSITION phase=NONE qty=57 avgPrice=8440.0000
2026-05-07 10:52:11 WARN  SELL_SKIP [KRX] 037030 reason=PHANTOM_POSITION phase=NONE qty=57 avgPrice=8440.0000
2026-05-07 10:52:16 WARN  SELL_SKIP [KRX] 037030 reason=PHANTOM_POSITION phase=NONE qty=57 avgPrice=8440.0000
2026-05-07 10:52:22 WARN  SELL_SKIP [KRX] 037030 reason=PHANTOM_POSITION phase=NONE qty=57 avgPrice=8440.0000
2026-05-07 10:52:27 WARN  SELL_SKIP [KRX] 037030 reason=PHANTOM_POSITION phase=NONE qty=57 avgPrice=8440.0000
2026-05-07 10:52:37 WARN  SELL_SKIP [KRX] 037030 reason=PHANTOM_POSITION phase=NONE qty=57 avgPrice=8440.0000
2026-05-07 10:52:42 WARN  SELL_SKIP [KRX] 037030 reason=PHANTOM_POSITION phase=NONE qty=57 avgPrice=8440.0000
2026-05-07 10:52:47 WARN  SELL_SKIP [KRX] 037030 reason=PHANTOM_POSITION phase=NONE qty=57 avgPrice=8440.0000
2026-05-07 10:52:52 WARN  SELL_SKIP [KRX] 037030 reason=PHANTOM_POSITION phase=NONE qty=57 avgPrice=8440.0000
2026-05-07 10:52:57 WARN  SELL_SKIP [KRX] 037030 reason=PHANTOM_POSITION phase=NONE qty=57 avgPrice=8440.0000
2026-05-07 10:53:02 WARN  SELL_SKIP [KRX] 037030 reason=PHANTOM_POSITION phase=NONE qty=57 avgPrice=8440.0000
2026-05-07 10:53:07 WARN  SELL_SKIP [KRX] 037030 reason=PHANTOM_POSITION phase=NONE qty=57 avgPrice=8440.0000
2026-05-07 10:53:12 WARN  SELL_SKIP [KRX] 037030 reason=PHANTOM_POSITION phase=NONE qty=57 avgPrice=8440.0000
2026-05-07 10:53:18 WARN  SELL_SKIP [KRX] 037030 reason=PHANTOM_POSITION phase=NONE qty=57 avgPrice=8440.0000
2026-05-07 10:53:23 WARN  SELL_SKIP [KRX] 037030 reason=PHANTOM_POSITION phase=NONE qty=57 avgPrice=8440.0000
2026-05-07 10:53:28 WARN  SELL_SKIP [KRX] 037030 reason=PHANTOM_POSITION phase=NONE qty=57 avgPrice=8440.0000
2026-05-07 10:53:33 WARN  SELL_SKIP [KRX] 037030 reason=PHANTOM_POSITION phase=NONE qty=57 avgPrice=8440.0000
2026-05-07 10:53:38 WARN  SELL_SKIP [KRX] 037030 reason=PHANTOM_POSITION phase=NONE qty=57 avgPrice=8440.0000
2026-05-07 10:53:43 WARN  SELL_SKIP [KRX] 037030 reason=PHANTOM_POSITION phase=NONE qty=57 avgPrice=8440.0000
2026-05-07 10:53:48 WARN  SELL_SKIP [KRX] 037030 reason=PHANTOM_POSITION phase=NONE qty=57 avgPrice=8440.0000
2026-05-07 10:53:53 WARN  SELL_SKIP [KRX] 037030 reason=PHANTOM_POSITION phase=NONE qty=57 avgPrice=8440.0000
2026-05-07 10:53:58 WARN  SELL_SKIP [KRX] 037030 reason=PHANTOM_POSITION phase=NONE qty=57 avgPrice=8440.0000
2026-05-07 10:54:03 WARN  SELL_SKIP [KRX] 037030 reason=PHANTOM_POSITION phase=NONE qty=57 avgPrice=8440.0000
2026-05-07 10:54:08 WARN  SELL_SKIP [KRX] 037030 reason=PHANTOM_POSITION phase=NONE qty=57 avgPrice=8440.0000
2026-05-07 10:54:14 WARN  SELL_SKIP [KRX] 037030 reason=PHANTOM_POSITION phase=NONE qty=57 avgPrice=8440.0000
2026-05-07 10:54:19 WARN  SELL_SKIP [KRX] 037030 reason=PHANTOM_POSITION phase=NONE qty=57 avgPrice=8440.0000
2026-05-07 10:54:29 WARN  SELL_SKIP [KRX] 037030 reason=PHANTOM_POSITION phase=NONE qty=57 avgPrice=8440.0000
2026-05-07 10:54:34 WARN  SELL_SKIP [KRX] 037030 reason=PHANTOM_POSITION phase=NONE qty=57 avgPrice=8440.0000
2026-05-07 10:54:39 WARN  SELL_SKIP [KRX] 037030 reason=PHANTOM_POSITION phase=NONE qty=57 avgPrice=8440.0000
2026-05-07 10:54:44 WARN  SELL_SKIP [KRX] 037030 reason=PHANTOM_POSITION phase=NONE qty=57 avgPrice=8440.0000
2026-05-07 10:54:49 WARN  SELL_SKIP [KRX] 037030 reason=PHANTOM_POSITION phase=NONE qty=57 avgPrice=8440.0000
2026-05-07 10:54:54 WARN  SELL_SKIP [KRX] 037030 reason=PHANTOM_POSITION phase=NONE qty=57 avgPrice=8440.0000
2026-05-07 10:54:59 WARN  SELL_SKIP [KRX] 037030 reason=PHANTOM_POSITION phase=NONE qty=57 avgPrice=8440.0000
2026-05-07 10:55:04 WARN  SELL_SKIP [KRX] 037030 reason=PHANTOM_POSITION phase=NONE qty=57 avgPrice=8440.0000
2026-05-07 10:55:10 WARN  SELL_SKIP [KRX] 037030 reason=PHANTOM_POSITION phase=NONE qty=57 avgPrice=8440.0000
2026-05-07 10:55:15 WARN  SELL_SKIP [KRX] 037030 reason=PHANTOM_POSITION phase=NONE qty=57 avgPrice=8440.0000
2026-05-07 10:55:20 WARN  SELL_SKIP [KRX] 037030 reason=PHANTOM_POSITION phase=NONE qty=57 avgPrice=8440.0000
2026-05-07 10:55:25 WARN  SELL_SKIP [KRX] 037030 reason=PHANTOM_POSITION phase=NONE qty=57 avgPrice=8440.0000
2026-05-07 10:55:30 WARN  SELL_SKIP [KRX] 037030 reason=PHANTOM_POSITION phase=NONE qty=57 avgPrice=8440.0000
2026-05-07 10:55:35 WARN  SELL_SKIP [KRX] 037030 reason=PHANTOM_POSITION phase=NONE qty=57 avgPrice=8440.0000
2026-05-07 10:55:40 WARN  SELL_SKIP [KRX] 037030 reason=PHANTOM_POSITION phase=NONE qty=57 avgPrice=8440.0000
2026-05-07 10:55:45 WARN  SELL_SKIP [KRX] 037030 reason=PHANTOM_POSITION phase=NONE qty=57 avgPrice=8440.0000
2026-05-07 10:55:50 WARN  SELL_SKIP [KRX] 037030 reason=PHANTOM_POSITION phase=NONE qty=57 avgPrice=8440.0000
2026-05-07 10:55:55 WARN  SELL_SKIP [KRX] 037030 reason=PHANTOM_POSITION phase=NONE qty=57 avgPrice=8440.0000
2026-05-07 10:56:00 WARN  SELL_SKIP [KRX] 037030 reason=PHANTOM_POSITION phase=NONE qty=57 avgPrice=8440.0000
2026-05-07 10:56:06 WARN  SELL_SKIP [KRX] 037030 reason=PHANTOM_POSITION phase=NONE qty=57 avgPrice=8440.0000
2026-05-07 10:56:11 WARN  SELL_SKIP [KRX] 037030 reason=PHANTOM_POSITION phase=NONE qty=57 avgPrice=8440.0000
2026-05-07 10:56:16 WARN  SELL_SKIP [KRX] 037030 reason=PHANTOM_POSITION phase=NONE qty=57 avgPrice=8440.0000
2026-05-07 10:56:21 WARN  SELL_SKIP [KRX] 037030 reason=PHANTOM_POSITION phase=NONE qty=57 avgPrice=8440.0000
2026-05-07 10:56:26 WARN  SELL_SKIP [KRX] 037030 reason=PHANTOM_POSITION phase=NONE qty=57 avgPrice=8440.0000
2026-05-07 10:56:31 WARN  SELL_SKIP [KRX] 037030 reason=PHANTOM_POSITION phase=NONE qty=57 avgPrice=8440.0000
2026-05-07 10:56:36 WARN  SELL_SKIP [KRX] 037030 reason=PHANTOM_POSITION phase=NONE qty=57 avgPrice=8440.0000
2026-05-07 10:56:41 WARN  SELL_SKIP [KRX] 037030 reason=PHANTOM_POSITION phase=NONE qty=57 avgPrice=8440.0000
2026-05-07 10:56:46 WARN  SELL_SKIP [KRX] 037030 reason=PHANTOM_POSITION phase=NONE qty=57 avgPrice=8440.0000
2026-05-07 10:56:51 WARN  SELL_SKIP [KRX] 037030 reason=PHANTOM_POSITION phase=NONE qty=57 avgPrice=8440.0000
2026-05-07 10:56:56 WARN  SELL_SKIP [KRX] 037030 reason=PHANTOM_POSITION phase=NONE qty=57 avgPrice=8440.0000
2026-05-07 10:57:02 WARN  SELL_SKIP [KRX] 037030 reason=PHANTOM_POSITION phase=NONE qty=57 avgPrice=8440.0000
2026-05-07 10:57:07 WARN  SELL_SKIP [KRX] 037030 reason=PHANTOM_POSITION phase=NONE qty=57 avgPrice=8440.0000
2026-05-07 10:57:12 WARN  SELL_SKIP [KRX] 037030 reason=PHANTOM_POSITION phase=NONE qty=57 avgPrice=8440.0000
2026-05-07 10:57:17 WARN  SELL_SKIP [KRX] 037030 reason=PHANTOM_POSITION phase=NONE qty=57 avgPrice=8440.0000
2026-05-07 10:57:22 WARN  SELL_SKIP [KRX] 037030 reason=PHANTOM_POSITION phase=NONE qty=57 avgPrice=8440.0000
2026-05-07 10:57:27 WARN  SELL_SKIP [KRX] 037030 reason=PHANTOM_POSITION phase=NONE qty=57 avgPrice=8440.0000
2026-05-07 10:57:32 WARN  SELL_SKIP [KRX] 037030 reason=PHANTOM_POSITION phase=NONE qty=57 avgPrice=8440.0000
2026-05-07 10:57:37 WARN  SELL_SKIP [KRX] 037030 reason=PHANTOM_POSITION phase=NONE qty=57 avgPrice=8440.0000
2026-05-07 10:57:42 WARN  SELL_SKIP [KRX] 037030 reason=PHANTOM_POSITION phase=NONE qty=57 avgPrice=8440.0000
2026-05-07 10:57:47 WARN  SELL_SKIP [KRX] 037030 reason=PHANTOM_POSITION phase=NONE qty=57 avgPrice=8440.0000
2026-05-07 10:57:52 WARN  SELL_SKIP [KRX] 037030 reason=PHANTOM_POSITION phase=NONE qty=57 avgPrice=8440.0000
2026-05-07 10:57:57 WARN  SELL_SKIP [KRX] 037030 reason=PHANTOM_POSITION phase=NONE qty=57 avgPrice=8440.0000
2026-05-07 10:58:03 WARN  SELL_SKIP [KRX] 037030 reason=PHANTOM_POSITION phase=NONE qty=57 avgPrice=8440.0000
2026-05-07 10:58:18 WARN  SELL_SKIP [KRX] 037030 reason=PHANTOM_POSITION phase=NONE qty=57 avgPrice=8440.0000
2026-05-07 10:58:28 WARN  SELL_SKIP [KRX] 037030 reason=PHANTOM_POSITION phase=NONE qty=57 avgPrice=8440.0000
2026-05-07 10:58:33 WARN  SELL_SKIP [KRX] 037030 reason=PHANTOM_POSITION phase=NONE qty=57 avgPrice=8440.0000
2026-05-07 10:58:38 WARN  SELL_SKIP [KRX] 037030 reason=PHANTOM_POSITION phase=NONE qty=57 avgPrice=8440.0000
2026-05-07 10:58:49 WARN  SELL_SKIP [KRX] 037030 reason=PHANTOM_POSITION phase=NONE qty=57 avgPrice=8440.0000
2026-05-07 10:58:54 WARN  SELL_SKIP [KRX] 037030 reason=PHANTOM_POSITION phase=NONE qty=57 avgPrice=8440.0000
2026-05-07 10:58:59 WARN  SELL_SKIP [KRX] 037030 reason=PHANTOM_POSITION phase=NONE qty=57 avgPrice=8440.0000
2026-05-07 10:59:04 WARN  SELL_SKIP [KRX] 037030 reason=PHANTOM_POSITION phase=NONE qty=57 avgPrice=8440.0000
2026-05-07 10:59:09 WARN  SELL_SKIP [KRX] 037030 reason=PHANTOM_POSITION phase=NONE qty=57 avgPrice=8440.0000
2026-05-07 10:59:14 WARN  SELL_SKIP [KRX] 037030 reason=PHANTOM_POSITION phase=NONE qty=57 avgPrice=8440.0000
2026-05-07 10:59:19 WARN  SELL_SKIP [KRX] 037030 reason=PHANTOM_POSITION phase=NONE qty=57 avgPrice=8440.0000
2026-05-07 10:59:24 WARN  SELL_SKIP [KRX] 037030 reason=PHANTOM_POSITION phase=NONE qty=57 avgPrice=8440.0000
2026-05-07 10:59:29 WARN  SELL_SKIP [KRX] 037030 reason=PHANTOM_POSITION phase=NONE qty=57 avgPrice=8440.0000
2026-05-07 10:59:34 WARN  SELL_SKIP [KRX] 037030 reason=PHANTOM_POSITION phase=NONE qty=57 avgPrice=8440.0000
2026-05-07 10:59:40 WARN  SELL_SKIP [KRX] 037030 reason=PHANTOM_POSITION phase=NONE qty=57 avgPrice=8440.0000
2026-05-07 10:59:45 WARN  SELL_SKIP [KRX] 037030 reason=PHANTOM_POSITION phase=NONE qty=57 avgPrice=8440.0000
2026-05-07 10:59:55 WARN  SELL_SKIP [KRX] 037030 reason=PHANTOM_POSITION phase=NONE qty=57 avgPrice=8440.0000
2026-05-07 11:00:00 WARN  SELL_SKIP [KRX] 037030 reason=PHANTOM_POSITION phase=NONE qty=57 avgPrice=8440.0000
2026-05-07 11:00:05 WARN  SELL_SKIP [KRX] 037030 reason=PHANTOM_POSITION phase=NONE qty=57 avgPrice=8440.0000
2026-05-07 11:00:10 WARN  SELL_SKIP [KRX] 037030 reason=PHANTOM_POSITION phase=NONE qty=57 avgPrice=8440.0000
2026-05-07 11:00:15 WARN  SELL_SKIP [KRX] 037030 reason=PHANTOM_POSITION phase=NONE qty=57 avgPrice=8440.0000
2026-05-07 11:00:20 WARN  SELL_SKIP [KRX] 037030 reason=PHANTOM_POSITION phase=NONE qty=57 avgPrice=8440.0000
2026-05-07 11:00:25 WARN  SELL_SKIP [KRX] 037030 reason=PHANTOM_POSITION phase=NONE qty=57 avgPrice=8440.0000
2026-05-07 11:00:30 WARN  SELL_SKIP [KRX] 037030 reason=PHANTOM_POSITION phase=NONE qty=57 avgPrice=8440.0000
2026-05-07 11:00:35 WARN  SELL_SKIP [KRX] 037030 reason=PHANTOM_POSITION phase=NONE qty=57 avgPrice=8440.0000
2026-05-07 11:00:41 WARN  SELL_SKIP [KRX] 037030 reason=PHANTOM_POSITION phase=NONE qty=57 avgPrice=8440.0000
2026-05-07 11:00:46 WARN  SELL_SKIP [KRX] 037030 reason=PHANTOM_POSITION phase=NONE qty=57 avgPrice=8440.0000
2026-05-07 11:00:51 WARN  SELL_SKIP [KRX] 037030 reason=PHANTOM_POSITION phase=NONE qty=57 avgPrice=8440.0000
2026-05-07 11:00:56 WARN  SELL_SKIP [KRX] 037030 reason=PHANTOM_POSITION phase=NONE qty=57 avgPrice=8440.0000
2026-05-07 11:01:01 WARN  SELL_SKIP [KRX] 037030 reason=PHANTOM_POSITION phase=NONE qty=57 avgPrice=8440.0000
2026-05-07 11:01:06 WARN  SELL_SKIP [KRX] 037030 reason=PHANTOM_POSITION phase=NONE qty=57 avgPrice=8440.0000
2026-05-07 11:01:11 WARN  SELL_SKIP [KRX] 037030 reason=PHANTOM_POSITION phase=NONE qty=57 avgPrice=8440.0000
2026-05-07 11:01:16 WARN  SELL_SKIP [KRX] 037030 reason=PHANTOM_POSITION phase=NONE qty=57 avgPrice=8440.0000
2026-05-07 11:01:21 WARN  SELL_SKIP [KRX] 037030 reason=PHANTOM_POSITION phase=NONE qty=57 avgPrice=8440.0000
2026-05-07 11:01:26 WARN  SELL_SKIP [KRX] 037030 reason=PHANTOM_POSITION phase=NONE qty=57 avgPrice=8440.0000
2026-05-07 11:01:31 WARN  SELL_SKIP [KRX] 037030 reason=PHANTOM_POSITION phase=NONE qty=57 avgPrice=8440.0000
2026-05-07 11:01:36 WARN  SELL_SKIP [KRX] 037030 reason=PHANTOM_POSITION phase=NONE qty=57 avgPrice=8440.0000
2026-05-07 11:01:41 WARN  SELL_SKIP [KRX] 037030 reason=PHANTOM_POSITION phase=NONE qty=57 avgPrice=8440.0000
2026-05-07 11:01:47 WARN  SELL_SKIP [KRX] 037030 reason=PHANTOM_POSITION phase=NONE qty=57 avgPrice=8440.0000
2026-05-07 11:01:52 WARN  SELL_SKIP [KRX] 037030 reason=PHANTOM_POSITION phase=NONE qty=57 avgPrice=8440.0000
2026-05-07 11:01:57 WARN  SELL_SKIP [KRX] 037030 reason=PHANTOM_POSITION phase=NONE qty=57 avgPrice=8440.0000
2026-05-07 11:02:02 WARN  SELL_SKIP [KRX] 037030 reason=PHANTOM_POSITION phase=NONE qty=57 avgPrice=8440.0000
2026-05-07 11:02:07 WARN  SELL_SKIP [KRX] 037030 reason=PHANTOM_POSITION phase=NONE qty=57 avgPrice=8440.0000
2026-05-07 11:02:12 WARN  SELL_SKIP [KRX] 037030 reason=PHANTOM_POSITION phase=NONE qty=57 avgPrice=8440.0000
2026-05-07 11:02:17 WARN  SELL_SKIP [KRX] 037030 reason=PHANTOM_POSITION phase=NONE qty=57 avgPrice=8440.0000
2026-05-07 11:02:22 WARN  SELL_SKIP [KRX] 037030 reason=PHANTOM_POSITION phase=NONE qty=57 avgPrice=8440.0000
2026-05-07 11:02:27 WARN  SELL_SKIP [KRX] 037030 reason=PHANTOM_POSITION phase=NONE qty=57 avgPrice=8440.0000
2026-05-07 11:02:32 WARN  SELL_SKIP [KRX] 037030 reason=PHANTOM_POSITION phase=NONE qty=57 avgPrice=8440.0000
2026-05-07 11:02:38 WARN  SELL_SKIP [KRX] 037030 reason=PHANTOM_POSITION phase=NONE qty=57 avgPrice=8440.0000
2026-05-07 11:02:43 WARN  SELL_SKIP [KRX] 037030 reason=PHANTOM_POSITION phase=NONE qty=57 avgPrice=8440.0000
2026-05-07 11:02:48 WARN  SELL_SKIP [KRX] 037030 reason=PHANTOM_POSITION phase=NONE qty=57 avgPrice=8440.0000
2026-05-07 11:02:53 WARN  SELL_SKIP [KRX] 037030 reason=PHANTOM_POSITION phase=NONE qty=57 avgPrice=8440.0000
2026-05-07 11:02:58 WARN  SELL_SKIP [KRX] 037030 reason=PHANTOM_POSITION phase=NONE qty=57 avgPrice=8440.0000
2026-05-07 11:03:03 WARN  SELL_SKIP [KRX] 037030 reason=PHANTOM_POSITION phase=NONE qty=57 avgPrice=8440.0000
2026-05-07 11:03:08 WARN  SELL_SKIP [KRX] 037030 reason=PHANTOM_POSITION phase=NONE qty=57 avgPrice=8440.0000
2026-05-07 11:03:09 INFO  BUY [KRX] 006910 mode=VOLUME_BREAKOUT price=15500.0000 qty=32 size=1.0000x score=95(CONV) | WHY: strongBreakout volBreakout retestOK multiUp vol(2.35x) | VWAP: 0.42%(ABOVE slope=UP) | TREND: score=3 vel=0.45%/0.45%/0.45% | VOL: 31823.0000/13534.9500 TO: 493256500.0000/208558605.5000 | entryNo=1
2026-05-07 11:03:09 WARN  BUY_REJECTED 006910 phase=NONE
2026-05-07 11:03:13 WARN  SELL_SKIP [KRX] 037030 reason=PHANTOM_POSITION phase=NONE qty=57 avgPrice=8440.0000
2026-05-07 11:03:18 WARN  SELL_SKIP [KRX] 037030 reason=PHANTOM_POSITION phase=NONE qty=57 avgPrice=8440.0000
2026-05-07 11:03:27 WARN  SELL_SKIP [KRX] 037030 reason=PHANTOM_POSITION phase=NONE qty=57 avgPrice=8440.0000
2026-05-07 11:03:32 WARN  SELL_SKIP [KRX] 037030 reason=PHANTOM_POSITION phase=NONE qty=57 avgPrice=8440.0000
2026-05-07 11:03:37 WARN  SELL_SKIP [KRX] 037030 reason=PHANTOM_POSITION phase=NONE qty=57 avgPrice=8440.0000
2026-05-07 11:03:42 WARN  SELL_SKIP [KRX] 037030 reason=PHANTOM_POSITION phase=NONE qty=57 avgPrice=8440.0000
2026-05-07 11:03:47 WARN  SELL_SKIP [KRX] 037030 reason=PHANTOM_POSITION phase=NONE qty=57 avgPrice=8440.0000
2026-05-07 11:03:52 WARN  SELL_SKIP [KRX] 037030 reason=PHANTOM_POSITION phase=NONE qty=57 avgPrice=8440.0000
2026-05-07 11:03:58 WARN  SELL_SKIP [KRX] 037030 reason=PHANTOM_POSITION phase=NONE qty=57 avgPrice=8440.0000
2026-05-07 11:04:03 WARN  SELL_SKIP [KRX] 037030 reason=PHANTOM_POSITION phase=NONE qty=57 avgPrice=8440.0000
2026-05-07 11:04:08 WARN  SELL_SKIP [KRX] 037030 reason=PHANTOM_POSITION phase=NONE qty=57 avgPrice=8440.0000
2026-05-07 11:04:13 WARN  SELL_SKIP [KRX] 037030 reason=PHANTOM_POSITION phase=NONE qty=57 avgPrice=8440.0000
2026-05-07 11:04:18 WARN  SELL_SKIP [KRX] 037030 reason=PHANTOM_POSITION phase=NONE qty=57 avgPrice=8440.0000
2026-05-07 11:04:23 WARN  SELL_SKIP [KRX] 037030 reason=PHANTOM_POSITION phase=NONE qty=57 avgPrice=8440.0000
2026-05-07 11:04:28 WARN  SELL_SKIP [KRX] 037030 reason=PHANTOM_POSITION phase=NONE qty=57 avgPrice=8440.0000
2026-05-07 11:04:33 WARN  SELL_SKIP [KRX] 037030 reason=PHANTOM_POSITION phase=NONE qty=57 avgPrice=8440.0000
2026-05-07 11:04:38 WARN  SELL_SKIP [KRX] 037030 reason=PHANTOM_POSITION phase=NONE qty=57 avgPrice=8440.0000
2026-05-07 11:04:43 WARN  SELL_SKIP [KRX] 037030 reason=PHANTOM_POSITION phase=NONE qty=57 avgPrice=8440.0000
2026-05-07 11:04:48 WARN  SELL_SKIP [KRX] 037030 reason=PHANTOM_POSITION phase=NONE qty=57 avgPrice=8440.0000
2026-05-07 11:04:53 WARN  SELL_SKIP [KRX] 037030 reason=PHANTOM_POSITION phase=NONE qty=57 avgPrice=8440.0000
2026-05-07 11:04:59 WARN  SELL_SKIP [KRX] 037030 reason=PHANTOM_POSITION phase=NONE qty=57 avgPrice=8440.0000
2026-05-07 11:05:04 WARN  SELL_SKIP [KRX] 037030 reason=PHANTOM_POSITION phase=NONE qty=57 avgPrice=8440.0000
2026-05-07 11:05:09 WARN  SELL_SKIP [KRX] 037030 reason=PHANTOM_POSITION phase=NONE qty=57 avgPrice=8440.0000
2026-05-07 11:05:14 WARN  SELL_SKIP [KRX] 037030 reason=PHANTOM_POSITION phase=NONE qty=57 avgPrice=8440.0000
2026-05-07 11:05:19 WARN  SELL_SKIP [KRX] 037030 reason=PHANTOM_POSITION phase=NONE qty=57 avgPrice=8440.0000
2026-05-07 11:05:24 WARN  SELL_SKIP [KRX] 037030 reason=PHANTOM_POSITION phase=NONE qty=57 avgPrice=8440.0000
2026-05-07 11:05:29 WARN  SELL_SKIP [KRX] 037030 reason=PHANTOM_POSITION phase=NONE qty=57 avgPrice=8440.0000
2026-05-07 11:05:34 WARN  SELL_SKIP [KRX] 037030 reason=PHANTOM_POSITION phase=NONE qty=57 avgPrice=8440.0000
2026-05-07 11:05:39 WARN  SELL_SKIP [KRX] 037030 reason=PHANTOM_POSITION phase=NONE qty=57 avgPrice=8440.0000
2026-05-07 11:05:44 WARN  SELL_SKIP [KRX] 037030 reason=PHANTOM_POSITION phase=NONE qty=57 avgPrice=8440.0000
2026-05-07 11:05:49 WARN  SELL_SKIP [KRX] 037030 reason=PHANTOM_POSITION phase=NONE qty=57 avgPrice=8440.0000
2026-05-07 11:05:54 WARN  SELL_SKIP [KRX] 037030 reason=PHANTOM_POSITION phase=NONE qty=57 avgPrice=8440.0000
2026-05-07 11:06:00 WARN  SELL_SKIP [KRX] 037030 reason=PHANTOM_POSITION phase=NONE qty=57 avgPrice=8440.0000
2026-05-07 11:06:10 WARN  SELL_SKIP [KRX] 037030 reason=PHANTOM_POSITION phase=NONE qty=57 avgPrice=8440.0000
2026-05-07 11:06:15 WARN  SELL_SKIP [KRX] 037030 reason=PHANTOM_POSITION phase=NONE qty=57 avgPrice=8440.0000
2026-05-07 11:06:20 WARN  SELL_SKIP [KRX] 037030 reason=PHANTOM_POSITION phase=NONE qty=57 avgPrice=8440.0000
2026-05-07 11:06:25 WARN  SELL_SKIP [KRX] 037030 reason=PHANTOM_POSITION phase=NONE qty=57 avgPrice=8440.0000
2026-05-07 11:06:30 WARN  SELL_SKIP [KRX] 037030 reason=PHANTOM_POSITION phase=NONE qty=57 avgPrice=8440.0000
2026-05-07 11:06:35 WARN  SELL_SKIP [KRX] 037030 reason=PHANTOM_POSITION phase=NONE qty=57 avgPrice=8440.0000
2026-05-07 11:06:40 WARN  SELL_SKIP [KRX] 037030 reason=PHANTOM_POSITION phase=NONE qty=57 avgPrice=8440.0000
2026-05-07 11:06:45 WARN  SELL_SKIP [KRX] 037030 reason=PHANTOM_POSITION phase=NONE qty=57 avgPrice=8440.0000
2026-05-07 11:06:51 WARN  SELL_SKIP [KRX] 037030 reason=PHANTOM_POSITION phase=NONE qty=57 avgPrice=8440.0000
2026-05-07 11:06:56 WARN  SELL_SKIP [KRX] 037030 reason=PHANTOM_POSITION phase=NONE qty=57 avgPrice=8440.0000
2026-05-07 11:07:01 WARN  SELL_SKIP [KRX] 037030 reason=PHANTOM_POSITION phase=NONE qty=57 avgPrice=8440.0000
2026-05-07 11:07:11 WARN  SELL_SKIP [KRX] 037030 reason=PHANTOM_POSITION phase=NONE qty=57 avgPrice=8440.0000
2026-05-07 11:07:16 WARN  SELL_SKIP [KRX] 037030 reason=PHANTOM_POSITION phase=NONE qty=57 avgPrice=8440.0000
2026-05-07 11:07:21 WARN  SELL_SKIP [KRX] 037030 reason=PHANTOM_POSITION phase=NONE qty=57 avgPrice=8440.0000
2026-05-07 11:07:26 WARN  SELL_SKIP [KRX] 037030 reason=PHANTOM_POSITION phase=NONE qty=57 avgPrice=8440.0000
2026-05-07 11:07:31 WARN  SELL_SKIP [KRX] 037030 reason=PHANTOM_POSITION phase=NONE qty=57 avgPrice=8440.0000
2026-05-07 11:07:36 WARN  SELL_SKIP [KRX] 037030 reason=PHANTOM_POSITION phase=NONE qty=57 avgPrice=8440.0000
2026-05-07 11:07:41 WARN  SELL_SKIP [KRX] 037030 reason=PHANTOM_POSITION phase=NONE qty=57 avgPrice=8440.0000
2026-05-07 11:07:46 WARN  SELL_SKIP [KRX] 037030 reason=PHANTOM_POSITION phase=NONE qty=57 avgPrice=8440.0000
2026-05-07 11:07:52 WARN  SELL_SKIP [KRX] 037030 reason=PHANTOM_POSITION phase=NONE qty=57 avgPrice=8440.0000
2026-05-07 11:07:57 WARN  SELL_SKIP [KRX] 037030 reason=PHANTOM_POSITION phase=NONE qty=57 avgPrice=8440.0000
2026-05-07 11:08:02 WARN  SELL_SKIP [KRX] 037030 reason=PHANTOM_POSITION phase=NONE qty=57 avgPrice=8440.0000
2026-05-07 11:08:07 WARN  SELL_SKIP [KRX] 037030 reason=PHANTOM_POSITION phase=NONE qty=57 avgPrice=8440.0000
2026-05-07 11:08:12 WARN  SELL_SKIP [KRX] 037030 reason=PHANTOM_POSITION phase=NONE qty=57 avgPrice=8440.0000
2026-05-07 11:08:17 WARN  SELL_SKIP [KRX] 037030 reason=PHANTOM_POSITION phase=NONE qty=57 avgPrice=8440.0000
2026-05-07 11:08:22 WARN  SELL_SKIP [KRX] 037030 reason=PHANTOM_POSITION phase=NONE qty=57 avgPrice=8440.0000
2026-05-07 11:08:27 WARN  SELL_SKIP [KRX] 037030 reason=PHANTOM_POSITION phase=NONE qty=57 avgPrice=8440.0000
2026-05-07 11:08:32 WARN  SELL_SKIP [KRX] 037030 reason=PHANTOM_POSITION phase=NONE qty=57 avgPrice=8440.0000
2026-05-07 11:08:37 WARN  SELL_SKIP [KRX] 037030 reason=PHANTOM_POSITION phase=NONE qty=57 avgPrice=8440.0000
2026-05-07 11:08:42 WARN  SELL_SKIP [KRX] 037030 reason=PHANTOM_POSITION phase=NONE qty=57 avgPrice=8440.0000
2026-05-07 11:08:48 WARN  SELL_SKIP [KRX] 037030 reason=PHANTOM_POSITION phase=NONE qty=57 avgPrice=8440.0000
2026-05-07 11:08:53 WARN  SELL_SKIP [KRX] 037030 reason=PHANTOM_POSITION phase=NONE qty=57 avgPrice=8440.0000
2026-05-07 11:08:58 WARN  SELL_SKIP [KRX] 037030 reason=PHANTOM_POSITION phase=NONE qty=57 avgPrice=8440.0000
2026-05-07 11:09:03 WARN  SELL_SKIP [KRX] 037030 reason=PHANTOM_POSITION phase=NONE qty=57 avgPrice=8440.0000
2026-05-07 11:09:08 WARN  SELL_SKIP [KRX] 037030 reason=PHANTOM_POSITION phase=NONE qty=57 avgPrice=8440.0000
2026-05-07 11:09:13 WARN  SELL_SKIP [KRX] 037030 reason=PHANTOM_POSITION phase=NONE qty=57 avgPrice=8440.0000
2026-05-07 11:09:18 WARN  SELL_SKIP [KRX] 037030 reason=PHANTOM_POSITION phase=NONE qty=57 avgPrice=8440.0000
2026-05-07 11:09:23 WARN  SELL_SKIP [KRX] 037030 reason=PHANTOM_POSITION phase=NONE qty=57 avgPrice=8440.0000
2026-05-07 11:09:28 WARN  SELL_SKIP [KRX] 037030 reason=PHANTOM_POSITION phase=NONE qty=57 avgPrice=8440.0000
2026-05-07 11:09:33 WARN  SELL_SKIP [KRX] 037030 reason=PHANTOM_POSITION phase=NONE qty=57 avgPrice=8440.0000
2026-05-07 11:09:38 WARN  SELL_SKIP [KRX] 037030 reason=PHANTOM_POSITION phase=NONE qty=57 avgPrice=8440.0000
2026-05-07 11:09:44 WARN  SELL_SKIP [KRX] 037030 reason=PHANTOM_POSITION phase=NONE qty=57 avgPrice=8440.0000
2026-05-07 11:09:49 WARN  SELL_SKIP [KRX] 037030 reason=PHANTOM_POSITION phase=NONE qty=57 avgPrice=8440.0000
2026-05-07 11:09:54 WARN  SELL_SKIP [KRX] 037030 reason=PHANTOM_POSITION phase=NONE qty=57 avgPrice=8440.0000
2026-05-07 11:09:59 WARN  SELL_SKIP [KRX] 037030 reason=PHANTOM_POSITION phase=NONE qty=57 avgPrice=8440.0000
2026-05-07 11:10:04 WARN  SELL_SKIP [KRX] 037030 reason=PHANTOM_POSITION phase=NONE qty=57 avgPrice=8440.0000
2026-05-07 11:10:09 WARN  SELL_SKIP [KRX] 037030 reason=PHANTOM_POSITION phase=NONE qty=57 avgPrice=8440.0000
2026-05-07 11:10:19 WARN  SELL_SKIP [KRX] 037030 reason=PHANTOM_POSITION phase=NONE qty=57 avgPrice=8440.0000
2026-05-07 11:10:24 WARN  SELL_SKIP [KRX] 037030 reason=PHANTOM_POSITION phase=NONE qty=57 avgPrice=8440.0000
2026-05-07 11:10:29 WARN  SELL_SKIP [KRX] 037030 reason=PHANTOM_POSITION phase=NONE qty=57 avgPrice=8440.0000
2026-05-07 11:10:34 WARN  SELL_SKIP [KRX] 037030 reason=PHANTOM_POSITION phase=NONE qty=57 avgPrice=8440.0000
2026-05-07 11:10:39 WARN  SELL_SKIP [KRX] 037030 reason=PHANTOM_POSITION phase=NONE qty=57 avgPrice=8440.0000
2026-05-07 11:10:55 WARN  SELL_SKIP [KRX] 037030 reason=PHANTOM_POSITION phase=NONE qty=57 avgPrice=8440.0000
2026-05-07 11:11:00 WARN  SELL_SKIP [KRX] 037030 reason=PHANTOM_POSITION phase=NONE qty=57 avgPrice=8440.0000
2026-05-07 11:11:05 WARN  SELL_SKIP [KRX] 037030 reason=PHANTOM_POSITION phase=NONE qty=57 avgPrice=8440.0000
2026-05-07 11:11:10 WARN  SELL_SKIP [KRX] 037030 reason=PHANTOM_POSITION phase=NONE qty=57 avgPrice=8440.0000
2026-05-07 11:11:15 WARN  SELL_SKIP [KRX] 037030 reason=PHANTOM_POSITION phase=NONE qty=57 avgPrice=8440.0000
2026-05-07 11:11:20 WARN  SELL_SKIP [KRX] 037030 reason=PHANTOM_POSITION phase=NONE qty=57 avgPrice=8440.0000
2026-05-07 11:11:25 WARN  SELL_SKIP [KRX] 037030 reason=PHANTOM_POSITION phase=NONE qty=57 avgPrice=8440.0000
2026-05-07 11:11:36 WARN  SELL_SKIP [KRX] 037030 reason=PHANTOM_POSITION phase=NONE qty=57 avgPrice=8440.0000
2026-05-07 11:11:51 WARN  SELL_SKIP [KRX] 037030 reason=PHANTOM_POSITION phase=NONE qty=57 avgPrice=8440.0000
2026-05-07 11:11:56 WARN  SELL_SKIP [KRX] 037030 reason=PHANTOM_POSITION phase=NONE qty=57 avgPrice=8440.0000
2026-05-07 11:12:01 WARN  SELL_SKIP [KRX] 037030 reason=PHANTOM_POSITION phase=NONE qty=57 avgPrice=8440.0000
2026-05-07 11:12:06 WARN  SELL_SKIP [KRX] 037030 reason=PHANTOM_POSITION phase=NONE qty=57 avgPrice=8440.0000
2026-05-07 11:12:11 WARN  SELL_SKIP [KRX] 037030 reason=PHANTOM_POSITION phase=NONE qty=57 avgPrice=8440.0000
2026-05-07 11:12:16 WARN  SELL_SKIP [KRX] 037030 reason=PHANTOM_POSITION phase=NONE qty=57 avgPrice=8440.0000
2026-05-07 11:12:21 WARN  SELL_SKIP [KRX] 037030 reason=PHANTOM_POSITION phase=NONE qty=57 avgPrice=8440.0000
2026-05-07 11:12:26 WARN  SELL_SKIP [KRX] 037030 reason=PHANTOM_POSITION phase=NONE qty=57 avgPrice=8440.0000
2026-05-07 11:12:32 WARN  SELL_SKIP [KRX] 037030 reason=PHANTOM_POSITION phase=NONE qty=57 avgPrice=8440.0000
2026-05-07 11:12:37 WARN  SELL_SKIP [KRX] 037030 reason=PHANTOM_POSITION phase=NONE qty=57 avgPrice=8440.0000
2026-05-07 11:12:42 WARN  SELL_SKIP [KRX] 037030 reason=PHANTOM_POSITION phase=NONE qty=57 avgPrice=8440.0000
2026-05-07 11:12:47 WARN  SELL_SKIP [KRX] 037030 reason=PHANTOM_POSITION phase=NONE qty=57 avgPrice=8440.0000
2026-05-07 11:12:52 WARN  SELL_SKIP [KRX] 037030 reason=PHANTOM_POSITION phase=NONE qty=57 avgPrice=8440.0000
2026-05-07 11:12:57 WARN  SELL_SKIP [KRX] 037030 reason=PHANTOM_POSITION phase=NONE qty=57 avgPrice=8440.0000
2026-05-07 11:13:02 WARN  SELL_SKIP [KRX] 037030 reason=PHANTOM_POSITION phase=NONE qty=57 avgPrice=8440.0000
2026-05-07 11:13:07 WARN  SELL_SKIP [KRX] 037030 reason=PHANTOM_POSITION phase=NONE qty=57 avgPrice=8440.0000
2026-05-07 11:13:12 WARN  SELL_SKIP [KRX] 037030 reason=PHANTOM_POSITION phase=NONE qty=57 avgPrice=8440.0000
2026-05-07 11:13:17 WARN  SELL_SKIP [KRX] 037030 reason=PHANTOM_POSITION phase=NONE qty=57 avgPrice=8440.0000
2026-05-07 11:13:22 WARN  SELL_SKIP [KRX] 037030 reason=PHANTOM_POSITION phase=NONE qty=57 avgPrice=8440.0000
2026-05-07 11:13:27 WARN  SELL_SKIP [KRX] 037030 reason=PHANTOM_POSITION phase=NONE qty=57 avgPrice=8440.0000
2026-05-07 11:13:33 WARN  SELL_SKIP [KRX] 037030 reason=PHANTOM_POSITION phase=NONE qty=57 avgPrice=8440.0000
2026-05-07 11:13:38 WARN  SELL_SKIP [KRX] 037030 reason=PHANTOM_POSITION phase=NONE qty=57 avgPrice=8440.0000
2026-05-07 11:13:43 WARN  SELL_SKIP [KRX] 037030 reason=PHANTOM_POSITION phase=NONE qty=57 avgPrice=8440.0000
2026-05-07 11:13:48 WARN  SELL_SKIP [KRX] 037030 reason=PHANTOM_POSITION phase=NONE qty=57 avgPrice=8440.0000
2026-05-07 11:13:54 WARN  SELL_SKIP [KRX] 037030 reason=PHANTOM_POSITION phase=NONE qty=57 avgPrice=8440.0000
2026-05-07 11:13:59 WARN  SELL_SKIP [KRX] 037030 reason=PHANTOM_POSITION phase=NONE qty=57 avgPrice=8440.0000
2026-05-07 11:14:04 WARN  SELL_SKIP [KRX] 037030 reason=PHANTOM_POSITION phase=NONE qty=57 avgPrice=8440.0000
2026-05-07 11:14:09 WARN  SELL_SKIP [KRX] 037030 reason=PHANTOM_POSITION phase=NONE qty=57 avgPrice=8440.0000
2026-05-07 11:14:14 WARN  SELL_SKIP [KRX] 037030 reason=PHANTOM_POSITION phase=NONE qty=57 avgPrice=8440.0000
2026-05-07 11:14:19 WARN  SELL_SKIP [KRX] 037030 reason=PHANTOM_POSITION phase=NONE qty=57 avgPrice=8440.0000
2026-05-07 11:14:24 WARN  SELL_SKIP [KRX] 037030 reason=PHANTOM_POSITION phase=NONE qty=57 avgPrice=8440.0000
2026-05-07 11:14:29 WARN  SELL_SKIP [KRX] 037030 reason=PHANTOM_POSITION phase=NONE qty=57 avgPrice=8440.0000
2026-05-07 11:14:34 WARN  SELL_SKIP [KRX] 037030 reason=PHANTOM_POSITION phase=NONE qty=57 avgPrice=8440.0000
2026-05-07 11:14:39 WARN  SELL_SKIP [KRX] 037030 reason=PHANTOM_POSITION phase=NONE qty=57 avgPrice=8440.0000
2026-05-07 11:14:44 WARN  SELL_SKIP [KRX] 037030 reason=PHANTOM_POSITION phase=NONE qty=57 avgPrice=8440.0000
2026-05-07 11:14:50 WARN  SELL_SKIP [KRX] 037030 reason=PHANTOM_POSITION phase=NONE qty=57 avgPrice=8440.0000
2026-05-07 11:14:55 WARN  SELL_SKIP [KRX] 037030 reason=PHANTOM_POSITION phase=NONE qty=57 avgPrice=8440.0000
2026-05-07 11:15:05 WARN  SELL_SKIP [KRX] 037030 reason=PHANTOM_POSITION phase=NONE qty=57 avgPrice=8440.0000
2026-05-07 11:15:10 WARN  SELL_SKIP [KRX] 037030 reason=PHANTOM_POSITION phase=NONE qty=57 avgPrice=8440.0000
2026-05-07 11:15:15 WARN  SELL_SKIP [KRX] 037030 reason=PHANTOM_POSITION phase=NONE qty=57 avgPrice=8440.0000
2026-05-07 11:15:20 WARN  SELL_SKIP [KRX] 037030 reason=PHANTOM_POSITION phase=NONE qty=57 avgPrice=8440.0000
2026-05-07 11:15:25 WARN  SELL_SKIP [KRX] 037030 reason=PHANTOM_POSITION phase=NONE qty=57 avgPrice=8440.0000
2026-05-07 11:15:30 WARN  SELL_SKIP [KRX] 037030 reason=PHANTOM_POSITION phase=NONE qty=57 avgPrice=8440.0000
2026-05-07 11:15:35 WARN  SELL_SKIP [KRX] 037030 reason=PHANTOM_POSITION phase=NONE qty=57 avgPrice=8440.0000
2026-05-07 11:15:40 WARN  SELL_SKIP [KRX] 037030 reason=PHANTOM_POSITION phase=NONE qty=57 avgPrice=8440.0000
2026-05-07 11:15:45 WARN  SELL_SKIP [KRX] 037030 reason=PHANTOM_POSITION phase=NONE qty=57 avgPrice=8440.0000
2026-05-07 11:15:51 WARN  SELL_SKIP [KRX] 037030 reason=PHANTOM_POSITION phase=NONE qty=57 avgPrice=8440.0000
2026-05-07 11:15:56 WARN  SELL_SKIP [KRX] 037030 reason=PHANTOM_POSITION phase=NONE qty=57 avgPrice=8440.0000
2026-05-07 11:16:01 WARN  SELL_SKIP [KRX] 037030 reason=PHANTOM_POSITION phase=NONE qty=57 avgPrice=8440.0000
2026-05-07 11:16:06 WARN  SELL_SKIP [KRX] 037030 reason=PHANTOM_POSITION phase=NONE qty=57 avgPrice=8440.0000
2026-05-07 11:16:11 WARN  SELL_SKIP [KRX] 037030 reason=PHANTOM_POSITION phase=NONE qty=57 avgPrice=8440.0000
2026-05-07 11:16:16 WARN  SELL_SKIP [KRX] 037030 reason=PHANTOM_POSITION phase=NONE qty=57 avgPrice=8440.0000
2026-05-07 11:16:21 WARN  SELL_SKIP [KRX] 037030 reason=PHANTOM_POSITION phase=NONE qty=57 avgPrice=8440.0000
2026-05-07 11:16:26 WARN  SELL_SKIP [KRX] 037030 reason=PHANTOM_POSITION phase=NONE qty=57 avgPrice=8440.0000
2026-05-07 11:16:31 WARN  SELL_SKIP [KRX] 037030 reason=PHANTOM_POSITION phase=NONE qty=57 avgPrice=8440.0000
2026-05-07 11:16:36 WARN  SELL_SKIP [KRX] 037030 reason=PHANTOM_POSITION phase=NONE qty=57 avgPrice=8440.0000
2026-05-07 11:16:41 WARN  SELL_SKIP [KRX] 037030 reason=PHANTOM_POSITION phase=NONE qty=57 avgPrice=8440.0000
2026-05-07 11:16:47 WARN  SELL_SKIP [KRX] 037030 reason=PHANTOM_POSITION phase=NONE qty=57 avgPrice=8440.0000
2026-05-07 11:16:52 WARN  SELL_SKIP [KRX] 037030 reason=PHANTOM_POSITION phase=NONE qty=57 avgPrice=8440.0000
2026-05-07 11:16:57 WARN  SELL_SKIP [KRX] 037030 reason=PHANTOM_POSITION phase=NONE qty=57 avgPrice=8440.0000
2026-05-07 11:17:02 WARN  SELL_SKIP [KRX] 037030 reason=PHANTOM_POSITION phase=NONE qty=57 avgPrice=8440.0000
2026-05-07 11:17:07 WARN  SELL_SKIP [KRX] 037030 reason=PHANTOM_POSITION phase=NONE qty=57 avgPrice=8440.0000
2026-05-07 11:17:12 WARN  SELL_SKIP [KRX] 037030 reason=PHANTOM_POSITION phase=NONE qty=57 avgPrice=8440.0000
2026-05-07 11:17:17 WARN  SELL_SKIP [KRX] 037030 reason=PHANTOM_POSITION phase=NONE qty=57 avgPrice=8440.0000
2026-05-07 11:17:22 WARN  SELL_SKIP [KRX] 037030 reason=PHANTOM_POSITION phase=NONE qty=57 avgPrice=8440.0000
2026-05-07 11:17:27 WARN  SELL_SKIP [KRX] 037030 reason=PHANTOM_POSITION phase=NONE qty=57 avgPrice=8440.0000
2026-05-07 11:17:32 WARN  SELL_SKIP [KRX] 037030 reason=PHANTOM_POSITION phase=NONE qty=57 avgPrice=8440.0000
2026-05-07 11:17:37 WARN  SELL_SKIP [KRX] 037030 reason=PHANTOM_POSITION phase=NONE qty=57 avgPrice=8440.0000
2026-05-07 11:17:43 WARN  SELL_SKIP [KRX] 037030 reason=PHANTOM_POSITION phase=NONE qty=57 avgPrice=8440.0000
2026-05-07 11:17:48 WARN  SELL_SKIP [KRX] 037030 reason=PHANTOM_POSITION phase=NONE qty=57 avgPrice=8440.0000
2026-05-07 11:17:53 WARN  SELL_SKIP [KRX] 037030 reason=PHANTOM_POSITION phase=NONE qty=57 avgPrice=8440.0000
2026-05-07 11:17:58 WARN  SELL_SKIP [KRX] 037030 reason=PHANTOM_POSITION phase=NONE qty=57 avgPrice=8440.0000
2026-05-07 11:18:03 WARN  SELL_SKIP [KRX] 037030 reason=PHANTOM_POSITION phase=NONE qty=57 avgPrice=8440.0000
2026-05-07 11:18:08 WARN  SELL_SKIP [KRX] 037030 reason=PHANTOM_POSITION phase=NONE qty=57 avgPrice=8440.0000
2026-05-07 11:18:13 WARN  SELL_SKIP [KRX] 037030 reason=PHANTOM_POSITION phase=NONE qty=57 avgPrice=8440.0000
2026-05-07 11:18:18 WARN  SELL_SKIP [KRX] 037030 reason=PHANTOM_POSITION phase=NONE qty=57 avgPrice=8440.0000
2026-05-07 11:18:23 WARN  SELL_SKIP [KRX] 037030 reason=PHANTOM_POSITION phase=NONE qty=57 avgPrice=8440.0000
2026-05-07 11:18:28 WARN  SELL_SKIP [KRX] 037030 reason=PHANTOM_POSITION phase=NONE qty=57 avgPrice=8440.0000
2026-05-07 11:18:34 WARN  SELL_SKIP [KRX] 037030 reason=PHANTOM_POSITION phase=NONE qty=57 avgPrice=8440.0000
2026-05-07 11:18:39 WARN  SELL_SKIP [KRX] 037030 reason=PHANTOM_POSITION phase=NONE qty=57 avgPrice=8440.0000
2026-05-07 11:18:45 WARN  SELL_SKIP [KRX] 037030 reason=PHANTOM_POSITION phase=NONE qty=57 avgPrice=8440.0000
2026-05-07 11:18:50 WARN  SELL_SKIP [KRX] 037030 reason=PHANTOM_POSITION phase=NONE qty=57 avgPrice=8440.0000
2026-05-07 11:18:55 WARN  SELL_SKIP [KRX] 037030 reason=PHANTOM_POSITION phase=NONE qty=57 avgPrice=8440.0000
2026-05-07 11:19:00 WARN  SELL_SKIP [KRX] 037030 reason=PHANTOM_POSITION phase=NONE qty=57 avgPrice=8440.0000
2026-05-07 11:19:05 WARN  SELL_SKIP [KRX] 037030 reason=PHANTOM_POSITION phase=NONE qty=57 avgPrice=8440.0000
2026-05-07 11:19:11 WARN  SELL_SKIP [KRX] 037030 reason=PHANTOM_POSITION phase=NONE qty=57 avgPrice=8440.0000
2026-05-07 11:19:26 WARN  SELL_SKIP [KRX] 037030 reason=PHANTOM_POSITION phase=NONE qty=57 avgPrice=8440.0000
2026-05-07 11:19:31 WARN  SELL_SKIP [KRX] 037030 reason=PHANTOM_POSITION phase=NONE qty=57 avgPrice=8440.0000
2026-05-07 11:19:36 WARN  SELL_SKIP [KRX] 037030 reason=PHANTOM_POSITION phase=NONE qty=57 avgPrice=8440.0000
2026-05-07 11:19:41 WARN  SELL_SKIP [KRX] 037030 reason=PHANTOM_POSITION phase=NONE qty=57 avgPrice=8440.0000
2026-05-07 11:19:46 WARN  SELL_SKIP [KRX] 037030 reason=PHANTOM_POSITION phase=NONE qty=57 avgPrice=8440.0000
2026-05-07 11:19:51 WARN  SELL_SKIP [KRX] 037030 reason=PHANTOM_POSITION phase=NONE qty=57 avgPrice=8440.0000
2026-05-07 11:19:56 WARN  SELL_SKIP [KRX] 037030 reason=PHANTOM_POSITION phase=NONE qty=57 avgPrice=8440.0000
2026-05-07 11:20:01 WARN  SELL_SKIP [KRX] 037030 reason=PHANTOM_POSITION phase=NONE qty=57 avgPrice=8440.0000
2026-05-07 11:20:07 WARN  SELL_SKIP [KRX] 037030 reason=PHANTOM_POSITION phase=NONE qty=57 avgPrice=8440.0000
2026-05-07 11:20:17 WARN  SELL_SKIP [KRX] 037030 reason=PHANTOM_POSITION phase=NONE qty=57 avgPrice=8440.0000
2026-05-07 11:20:22 WARN  SELL_SKIP [KRX] 037030 reason=PHANTOM_POSITION phase=NONE qty=57 avgPrice=8440.0000
2026-05-07 11:20:27 WARN  SELL_SKIP [KRX] 037030 reason=PHANTOM_POSITION phase=NONE qty=57 avgPrice=8440.0000
2026-05-07 11:20:32 WARN  SELL_SKIP [KRX] 037030 reason=PHANTOM_POSITION phase=NONE qty=57 avgPrice=8440.0000
2026-05-07 11:20:37 WARN  SELL_SKIP [KRX] 037030 reason=PHANTOM_POSITION phase=NONE qty=57 avgPrice=8440.0000
2026-05-07 11:20:42 WARN  SELL_SKIP [KRX] 037030 reason=PHANTOM_POSITION phase=NONE qty=57 avgPrice=8440.0000
2026-05-07 11:20:47 WARN  SELL_SKIP [KRX] 037030 reason=PHANTOM_POSITION phase=NONE qty=57 avgPrice=8440.0000
2026-05-07 11:20:52 WARN  SELL_SKIP [KRX] 037030 reason=PHANTOM_POSITION phase=NONE qty=57 avgPrice=8440.0000
2026-05-07 11:20:58 WARN  SELL_SKIP [KRX] 037030 reason=PHANTOM_POSITION phase=NONE qty=57 avgPrice=8440.0000
2026-05-07 11:21:03 WARN  SELL_SKIP [KRX] 037030 reason=PHANTOM_POSITION phase=NONE qty=57 avgPrice=8440.0000
2026-05-07 11:21:08 WARN  SELL_SKIP [KRX] 037030 reason=PHANTOM_POSITION phase=NONE qty=57 avgPrice=8440.0000
2026-05-07 11:21:13 WARN  SELL_SKIP [KRX] 037030 reason=PHANTOM_POSITION phase=NONE qty=57 avgPrice=8440.0000
2026-05-07 11:21:18 WARN  SELL_SKIP [KRX] 037030 reason=PHANTOM_POSITION phase=NONE qty=57 avgPrice=8440.0000
2026-05-07 11:21:23 WARN  SELL_SKIP [KRX] 037030 reason=PHANTOM_POSITION phase=NONE qty=57 avgPrice=8440.0000
2026-05-07 11:21:33 WARN  SELL_SKIP [KRX] 037030 reason=PHANTOM_POSITION phase=NONE qty=57 avgPrice=8440.0000
2026-05-07 11:21:38 WARN  SELL_SKIP [KRX] 037030 reason=PHANTOM_POSITION phase=NONE qty=57 avgPrice=8440.0000
2026-05-07 11:21:43 WARN  SELL_SKIP [KRX] 037030 reason=PHANTOM_POSITION phase=NONE qty=57 avgPrice=8440.0000
2026-05-07 11:21:48 WARN  SELL_SKIP [KRX] 037030 reason=PHANTOM_POSITION phase=NONE qty=57 avgPrice=8440.0000
2026-05-07 11:21:53 WARN  SELL_SKIP [KRX] 037030 reason=PHANTOM_POSITION phase=NONE qty=57 avgPrice=8440.0000
2026-05-07 11:21:59 WARN  SELL_SKIP [KRX] 037030 reason=PHANTOM_POSITION phase=NONE qty=57 avgPrice=8440.0000
2026-05-07 11:22:04 WARN  SELL_SKIP [KRX] 037030 reason=PHANTOM_POSITION phase=NONE qty=57 avgPrice=8440.0000
2026-05-07 11:22:14 WARN  SELL_SKIP [KRX] 037030 reason=PHANTOM_POSITION phase=NONE qty=57 avgPrice=8440.0000
2026-05-07 11:22:19 WARN  SELL_SKIP [KRX] 037030 reason=PHANTOM_POSITION phase=NONE qty=57 avgPrice=8440.0000
2026-05-07 11:22:24 WARN  SELL_SKIP [KRX] 037030 reason=PHANTOM_POSITION phase=NONE qty=57 avgPrice=8440.0000
2026-05-07 11:22:29 WARN  SELL_SKIP [KRX] 037030 reason=PHANTOM_POSITION phase=NONE qty=57 avgPrice=8440.0000
2026-05-07 11:22:34 WARN  SELL_SKIP [KRX] 037030 reason=PHANTOM_POSITION phase=NONE qty=57 avgPrice=8440.0000
2026-05-07 11:22:39 WARN  SELL_SKIP [KRX] 037030 reason=PHANTOM_POSITION phase=NONE qty=57 avgPrice=8440.0000
2026-05-07 11:22:44 WARN  SELL_SKIP [KRX] 037030 reason=PHANTOM_POSITION phase=NONE qty=57 avgPrice=8440.0000
2026-05-07 11:22:49 WARN  SELL_SKIP [KRX] 037030 reason=PHANTOM_POSITION phase=NONE qty=57 avgPrice=8440.0000
2026-05-07 11:22:55 WARN  SELL_SKIP [KRX] 037030 reason=PHANTOM_POSITION phase=NONE qty=57 avgPrice=8440.0000
2026-05-07 11:23:00 WARN  SELL_SKIP [KRX] 037030 reason=PHANTOM_POSITION phase=NONE qty=57 avgPrice=8440.0000
2026-05-07 11:23:05 WARN  SELL_SKIP [KRX] 037030 reason=PHANTOM_POSITION phase=NONE qty=57 avgPrice=8440.0000
2026-05-07 11:23:10 WARN  SELL_SKIP [KRX] 037030 reason=PHANTOM_POSITION phase=NONE qty=57 avgPrice=8440.0000
2026-05-07 11:23:15 WARN  SELL_SKIP [KRX] 037030 reason=PHANTOM_POSITION phase=NONE qty=57 avgPrice=8440.0000
2026-05-07 11:23:20 WARN  SELL_SKIP [KRX] 037030 reason=PHANTOM_POSITION phase=NONE qty=57 avgPrice=8440.0000
2026-05-07 11:23:25 WARN  SELL_SKIP [KRX] 037030 reason=PHANTOM_POSITION phase=NONE qty=57 avgPrice=8440.0000
2026-05-07 11:23:30 WARN  SELL_SKIP [KRX] 037030 reason=PHANTOM_POSITION phase=NONE qty=57 avgPrice=8440.0000
2026-05-07 11:23:35 WARN  SELL_SKIP [KRX] 037030 reason=PHANTOM_POSITION phase=NONE qty=57 avgPrice=8440.0000
2026-05-07 11:23:40 WARN  SELL_SKIP [KRX] 037030 reason=PHANTOM_POSITION phase=NONE qty=57 avgPrice=8440.0000
2026-05-07 11:23:45 WARN  SELL_SKIP [KRX] 037030 reason=PHANTOM_POSITION phase=NONE qty=57 avgPrice=8440.0000
2026-05-07 11:23:51 WARN  SELL_SKIP [KRX] 037030 reason=PHANTOM_POSITION phase=NONE qty=57 avgPrice=8440.0000
2026-05-07 11:23:56 WARN  SELL_SKIP [KRX] 037030 reason=PHANTOM_POSITION phase=NONE qty=57 avgPrice=8440.0000
2026-05-07 11:24:01 WARN  SELL_SKIP [KRX] 037030 reason=PHANTOM_POSITION phase=NONE qty=57 avgPrice=8440.0000
2026-05-07 11:24:06 WARN  SELL_SKIP [KRX] 037030 reason=PHANTOM_POSITION phase=NONE qty=57 avgPrice=8440.0000
2026-05-07 11:24:16 WARN  SELL_SKIP [KRX] 037030 reason=PHANTOM_POSITION phase=NONE qty=57 avgPrice=8440.0000
2026-05-07 11:24:21 WARN  SELL_SKIP [KRX] 037030 reason=PHANTOM_POSITION phase=NONE qty=57 avgPrice=8440.0000
2026-05-07 11:24:26 WARN  SELL_SKIP [KRX] 037030 reason=PHANTOM_POSITION phase=NONE qty=57 avgPrice=8440.0000
2026-05-07 11:24:31 WARN  SELL_SKIP [KRX] 037030 reason=PHANTOM_POSITION phase=NONE qty=57 avgPrice=8440.0000
2026-05-07 11:24:36 WARN  SELL_SKIP [KRX] 037030 reason=PHANTOM_POSITION phase=NONE qty=57 avgPrice=8440.0000
2026-05-07 11:24:41 WARN  SELL_SKIP [KRX] 037030 reason=PHANTOM_POSITION phase=NONE qty=57 avgPrice=8440.0000
2026-05-07 11:24:47 WARN  SELL_SKIP [KRX] 037030 reason=PHANTOM_POSITION phase=NONE qty=57 avgPrice=8440.0000
2026-05-07 11:24:52 WARN  SELL_SKIP [KRX] 037030 reason=PHANTOM_POSITION phase=NONE qty=57 avgPrice=8440.0000
2026-05-07 11:24:57 WARN  SELL_SKIP [KRX] 037030 reason=PHANTOM_POSITION phase=NONE qty=57 avgPrice=8440.0000
2026-05-07 11:25:02 WARN  SELL_SKIP [KRX] 037030 reason=PHANTOM_POSITION phase=NONE qty=57 avgPrice=8440.0000
2026-05-07 11:25:07 WARN  SELL_SKIP [KRX] 037030 reason=PHANTOM_POSITION phase=NONE qty=57 avgPrice=8440.0000
2026-05-07 11:25:12 WARN  SELL_SKIP [KRX] 037030 reason=PHANTOM_POSITION phase=NONE qty=57 avgPrice=8440.0000
2026-05-07 11:25:17 WARN  SELL_SKIP [KRX] 037030 reason=PHANTOM_POSITION phase=NONE qty=57 avgPrice=8440.0000
2026-05-07 11:25:22 WARN  SELL_SKIP [KRX] 037030 reason=PHANTOM_POSITION phase=NONE qty=57 avgPrice=8440.0000
2026-05-07 11:25:27 WARN  SELL_SKIP [KRX] 037030 reason=PHANTOM_POSITION phase=NONE qty=57 avgPrice=8440.0000
2026-05-07 11:25:32 WARN  SELL_SKIP [KRX] 037030 reason=PHANTOM_POSITION phase=NONE qty=57 avgPrice=8440.0000
2026-05-07 11:25:37 WARN  SELL_SKIP [KRX] 037030 reason=PHANTOM_POSITION phase=NONE qty=57 avgPrice=8440.0000
2026-05-07 11:25:43 WARN  SELL_SKIP [KRX] 037030 reason=PHANTOM_POSITION phase=NONE qty=57 avgPrice=8440.0000
2026-05-07 11:25:48 WARN  SELL_SKIP [KRX] 037030 reason=PHANTOM_POSITION phase=NONE qty=57 avgPrice=8440.0000
2026-05-07 11:25:53 WARN  SELL_SKIP [KRX] 037030 reason=PHANTOM_POSITION phase=NONE qty=57 avgPrice=8440.0000
2026-05-07 11:25:58 WARN  SELL_SKIP [KRX] 037030 reason=PHANTOM_POSITION phase=NONE qty=57 avgPrice=8440.0000
2026-05-07 11:26:03 WARN  SELL_SKIP [KRX] 037030 reason=PHANTOM_POSITION phase=NONE qty=57 avgPrice=8440.0000
2026-05-07 11:26:13 WARN  SELL_SKIP [KRX] 037030 reason=PHANTOM_POSITION phase=NONE qty=57 avgPrice=8440.0000
2026-05-07 11:26:18 WARN  SELL_SKIP [KRX] 037030 reason=PHANTOM_POSITION phase=NONE qty=57 avgPrice=8440.0000
2026-05-07 11:26:23 WARN  SELL_SKIP [KRX] 037030 reason=PHANTOM_POSITION phase=NONE qty=57 avgPrice=8440.0000
2026-05-07 11:26:28 WARN  SELL_SKIP [KRX] 037030 reason=PHANTOM_POSITION phase=NONE qty=57 avgPrice=8440.0000
2026-05-07 11:26:33 WARN  SELL_SKIP [KRX] 037030 reason=PHANTOM_POSITION phase=NONE qty=57 avgPrice=8440.0000
2026-05-07 11:26:39 WARN  SELL_SKIP [KRX] 037030 reason=PHANTOM_POSITION phase=NONE qty=57 avgPrice=8440.0000
2026-05-07 11:26:44 WARN  SELL_SKIP [KRX] 037030 reason=PHANTOM_POSITION phase=NONE qty=57 avgPrice=8440.0000
2026-05-07 11:26:49 WARN  SELL_SKIP [KRX] 037030 reason=PHANTOM_POSITION phase=NONE qty=57 avgPrice=8440.0000
2026-05-07 11:26:54 WARN  SELL_SKIP [KRX] 037030 reason=PHANTOM_POSITION phase=NONE qty=57 avgPrice=8440.0000
2026-05-07 11:26:59 WARN  SELL_SKIP [KRX] 037030 reason=PHANTOM_POSITION phase=NONE qty=57 avgPrice=8440.0000
2026-05-07 11:27:04 WARN  SELL_SKIP [KRX] 037030 reason=PHANTOM_POSITION phase=NONE qty=57 avgPrice=8440.0000
2026-05-07 11:27:09 WARN  SELL_SKIP [KRX] 037030 reason=PHANTOM_POSITION phase=NONE qty=57 avgPrice=8440.0000
2026-05-07 11:27:14 WARN  SELL_SKIP [KRX] 037030 reason=PHANTOM_POSITION phase=NONE qty=57 avgPrice=8440.0000
2026-05-07 11:27:19 WARN  SELL_SKIP [KRX] 037030 reason=PHANTOM_POSITION phase=NONE qty=57 avgPrice=8440.0000
2026-05-07 11:27:24 WARN  SELL_SKIP [KRX] 037030 reason=PHANTOM_POSITION phase=NONE qty=57 avgPrice=8440.0000
2026-05-07 11:27:30 WARN  SELL_SKIP [KRX] 037030 reason=PHANTOM_POSITION phase=NONE qty=57 avgPrice=8440.0000
2026-05-07 11:27:40 WARN  SELL_SKIP [KRX] 037030 reason=PHANTOM_POSITION phase=NONE qty=57 avgPrice=8440.0000
2026-05-07 11:27:45 WARN  SELL_SKIP [KRX] 037030 reason=PHANTOM_POSITION phase=NONE qty=57 avgPrice=8440.0000
2026-05-07 11:27:50 WARN  SELL_SKIP [KRX] 037030 reason=PHANTOM_POSITION phase=NONE qty=57 avgPrice=8440.0000
2026-05-07 11:27:55 WARN  SELL_SKIP [KRX] 037030 reason=PHANTOM_POSITION phase=NONE qty=57 avgPrice=8440.0000
2026-05-07 11:28:00 WARN  SELL_SKIP [KRX] 037030 reason=PHANTOM_POSITION phase=NONE qty=57 avgPrice=8440.0000
2026-05-07 11:28:05 WARN  SELL_SKIP [KRX] 037030 reason=PHANTOM_POSITION phase=NONE qty=57 avgPrice=8440.0000
2026-05-07 11:28:10 WARN  SELL_SKIP [KRX] 037030 reason=PHANTOM_POSITION phase=NONE qty=57 avgPrice=8440.0000
2026-05-07 11:28:15 WARN  SELL_SKIP [KRX] 037030 reason=PHANTOM_POSITION phase=NONE qty=57 avgPrice=8440.0000
2026-05-07 11:28:20 WARN  SELL_SKIP [KRX] 037030 reason=PHANTOM_POSITION phase=NONE qty=57 avgPrice=8440.0000
2026-05-07 11:28:26 WARN  SELL_SKIP [KRX] 037030 reason=PHANTOM_POSITION phase=NONE qty=57 avgPrice=8440.0000
2026-05-07 11:28:31 WARN  SELL_SKIP [KRX] 037030 reason=PHANTOM_POSITION phase=NONE qty=57 avgPrice=8440.0000
2026-05-07 11:28:46 WARN  SELL_SKIP [KRX] 037030 reason=PHANTOM_POSITION phase=NONE qty=57 avgPrice=8440.0000
2026-05-07 11:28:51 WARN  SELL_SKIP [KRX] 037030 reason=PHANTOM_POSITION phase=NONE qty=57 avgPrice=8440.0000
2026-05-07 11:28:56 WARN  SELL_SKIP [KRX] 037030 reason=PHANTOM_POSITION phase=NONE qty=57 avgPrice=8440.0000
2026-05-07 11:29:01 WARN  SELL_SKIP [KRX] 037030 reason=PHANTOM_POSITION phase=NONE qty=57 avgPrice=8440.0000
2026-05-07 11:29:06 WARN  SELL_SKIP [KRX] 037030 reason=PHANTOM_POSITION phase=NONE qty=57 avgPrice=8440.0000
2026-05-07 11:29:11 WARN  SELL_SKIP [KRX] 037030 reason=PHANTOM_POSITION phase=NONE qty=57 avgPrice=8440.0000
2026-05-07 11:29:16 WARN  SELL_SKIP [KRX] 037030 reason=PHANTOM_POSITION phase=NONE qty=57 avgPrice=8440.0000
2026-05-07 11:29:22 WARN  SELL_SKIP [KRX] 037030 reason=PHANTOM_POSITION phase=NONE qty=57 avgPrice=8440.0000
2026-05-07 11:29:27 WARN  SELL_SKIP [KRX] 037030 reason=PHANTOM_POSITION phase=NONE qty=57 avgPrice=8440.0000
2026-05-07 11:29:32 WARN  SELL_SKIP [KRX] 037030 reason=PHANTOM_POSITION phase=NONE qty=57 avgPrice=8440.0000
2026-05-07 11:29:37 WARN  SELL_SKIP [KRX] 037030 reason=PHANTOM_POSITION phase=NONE qty=57 avgPrice=8440.0000
2026-05-07 11:29:47 WARN  SELL_SKIP [KRX] 037030 reason=PHANTOM_POSITION phase=NONE qty=57 avgPrice=8440.0000
2026-05-07 11:29:52 WARN  SELL_SKIP [KRX] 037030 reason=PHANTOM_POSITION phase=NONE qty=57 avgPrice=8440.0000
2026-05-07 11:29:57 WARN  SELL_SKIP [KRX] 037030 reason=PHANTOM_POSITION phase=NONE qty=57 avgPrice=8440.0000
2026-05-07 11:30:02 WARN  SELL_SKIP [KRX] 037030 reason=PHANTOM_POSITION phase=NONE qty=57 avgPrice=8440.0000
2026-05-07 11:30:08 WARN  SELL_SKIP [KRX] 037030 reason=PHANTOM_POSITION phase=NONE qty=57 avgPrice=8440.0000
2026-05-07 11:30:13 WARN  SELL_SKIP [KRX] 037030 reason=PHANTOM_POSITION phase=NONE qty=57 avgPrice=8440.0000
2026-05-07 11:30:18 WARN  SELL_SKIP [KRX] 037030 reason=PHANTOM_POSITION phase=NONE qty=57 avgPrice=8440.0000
2026-05-07 11:30:23 WARN  SELL_SKIP [KRX] 037030 reason=PHANTOM_POSITION phase=NONE qty=57 avgPrice=8440.0000
2026-05-07 11:30:28 WARN  SELL_SKIP [KRX] 037030 reason=PHANTOM_POSITION phase=NONE qty=57 avgPrice=8440.0000
2026-05-07 11:30:33 WARN  SELL_SKIP [KRX] 037030 reason=PHANTOM_POSITION phase=NONE qty=57 avgPrice=8440.0000
2026-05-07 11:30:38 WARN  SELL_SKIP [KRX] 037030 reason=PHANTOM_POSITION phase=NONE qty=57 avgPrice=8440.0000
2026-05-07 11:30:43 WARN  SELL_SKIP [KRX] 037030 reason=PHANTOM_POSITION phase=NONE qty=57 avgPrice=8440.0000
2026-05-07 11:30:48 WARN  SELL_SKIP [KRX] 037030 reason=PHANTOM_POSITION phase=NONE qty=57 avgPrice=8440.0000
2026-05-07 11:30:53 WARN  SELL_SKIP [KRX] 037030 reason=PHANTOM_POSITION phase=NONE qty=57 avgPrice=8440.0000
2026-05-07 11:30:58 WARN  SELL_SKIP [KRX] 037030 reason=PHANTOM_POSITION phase=NONE qty=57 avgPrice=8440.0000
2026-05-07 11:31:04 WARN  SELL_SKIP [KRX] 037030 reason=PHANTOM_POSITION phase=NONE qty=57 avgPrice=8440.0000
2026-05-07 11:31:09 WARN  SELL_SKIP [KRX] 037030 reason=PHANTOM_POSITION phase=NONE qty=57 avgPrice=8440.0000
2026-05-07 11:31:14 WARN  SELL_SKIP [KRX] 037030 reason=PHANTOM_POSITION phase=NONE qty=57 avgPrice=8440.0000
2026-05-07 11:31:24 WARN  SELL_SKIP [KRX] 037030 reason=PHANTOM_POSITION phase=NONE qty=57 avgPrice=8440.0000
2026-05-07 11:31:29 WARN  SELL_SKIP [KRX] 037030 reason=PHANTOM_POSITION phase=NONE qty=57 avgPrice=8440.0000
2026-05-07 11:31:34 WARN  SELL_SKIP [KRX] 037030 reason=PHANTOM_POSITION phase=NONE qty=57 avgPrice=8440.0000
2026-05-07 11:31:39 WARN  SELL_SKIP [KRX] 037030 reason=PHANTOM_POSITION phase=NONE qty=57 avgPrice=8440.0000
2026-05-07 11:31:44 WARN  SELL_SKIP [KRX] 037030 reason=PHANTOM_POSITION phase=NONE qty=57 avgPrice=8440.0000
2026-05-07 11:31:49 WARN  SELL_SKIP [KRX] 037030 reason=PHANTOM_POSITION phase=NONE qty=57 avgPrice=8440.0000
2026-05-07 11:31:54 WARN  SELL_SKIP [KRX] 037030 reason=PHANTOM_POSITION phase=NONE qty=57 avgPrice=8440.0000
2026-05-07 11:32:05 WARN  SELL_SKIP [KRX] 037030 reason=PHANTOM_POSITION phase=NONE qty=57 avgPrice=8440.0000
2026-05-07 11:32:10 WARN  SELL_SKIP [KRX] 037030 reason=PHANTOM_POSITION phase=NONE qty=57 avgPrice=8440.0000
2026-05-07 11:32:15 WARN  SELL_SKIP [KRX] 037030 reason=PHANTOM_POSITION phase=NONE qty=57 avgPrice=8440.0000
2026-05-07 11:32:25 WARN  SELL_SKIP [KRX] 037030 reason=PHANTOM_POSITION phase=NONE qty=57 avgPrice=8440.0000
2026-05-07 11:32:30 WARN  SELL_SKIP [KRX] 037030 reason=PHANTOM_POSITION phase=NONE qty=57 avgPrice=8440.0000
2026-05-07 11:32:35 WARN  SELL_SKIP [KRX] 037030 reason=PHANTOM_POSITION phase=NONE qty=57 avgPrice=8440.0000
2026-05-07 11:32:40 WARN  SELL_SKIP [KRX] 037030 reason=PHANTOM_POSITION phase=NONE qty=57 avgPrice=8440.0000
2026-05-07 11:32:50 WARN  SELL_SKIP [KRX] 037030 reason=PHANTOM_POSITION phase=NONE qty=57 avgPrice=8440.0000
2026-05-07 11:33:01 WARN  SELL_SKIP [KRX] 037030 reason=PHANTOM_POSITION phase=NONE qty=57 avgPrice=8440.0000
2026-05-07 11:33:06 WARN  SELL_SKIP [KRX] 037030 reason=PHANTOM_POSITION phase=NONE qty=57 avgPrice=8440.0000
2026-05-07 11:33:11 WARN  SELL_SKIP [KRX] 037030 reason=PHANTOM_POSITION phase=NONE qty=57 avgPrice=8440.0000
2026-05-07 11:33:16 WARN  SELL_SKIP [KRX] 037030 reason=PHANTOM_POSITION phase=NONE qty=57 avgPrice=8440.0000
2026-05-07 11:33:21 WARN  SELL_SKIP [KRX] 037030 reason=PHANTOM_POSITION phase=NONE qty=57 avgPrice=8440.0000
2026-05-07 11:33:26 WARN  SELL_SKIP [KRX] 037030 reason=PHANTOM_POSITION phase=NONE qty=57 avgPrice=8440.0000
2026-05-07 11:33:31 WARN  SELL_SKIP [KRX] 037030 reason=PHANTOM_POSITION phase=NONE qty=57 avgPrice=8440.0000
2026-05-07 11:33:36 WARN  SELL_SKIP [KRX] 037030 reason=PHANTOM_POSITION phase=NONE qty=57 avgPrice=8440.0000
2026-05-07 11:33:41 WARN  SELL_SKIP [KRX] 037030 reason=PHANTOM_POSITION phase=NONE qty=57 avgPrice=8440.0000
2026-05-07 11:33:47 WARN  SELL_SKIP [KRX] 037030 reason=PHANTOM_POSITION phase=NONE qty=57 avgPrice=8440.0000
2026-05-07 11:33:52 WARN  SELL_SKIP [KRX] 037030 reason=PHANTOM_POSITION phase=NONE qty=57 avgPrice=8440.0000
2026-05-07 11:34:02 WARN  SELL_SKIP [KRX] 037030 reason=PHANTOM_POSITION phase=NONE qty=57 avgPrice=8440.0000
2026-05-07 11:34:07 WARN  SELL_SKIP [KRX] 037030 reason=PHANTOM_POSITION phase=NONE qty=57 avgPrice=8440.0000
2026-05-07 11:34:12 WARN  SELL_SKIP [KRX] 037030 reason=PHANTOM_POSITION phase=NONE qty=57 avgPrice=8440.0000
2026-05-07 11:34:22 WARN  SELL_SKIP [KRX] 037030 reason=PHANTOM_POSITION phase=NONE qty=57 avgPrice=8440.0000
2026-05-07 11:34:27 WARN  SELL_SKIP [KRX] 037030 reason=PHANTOM_POSITION phase=NONE qty=57 avgPrice=8440.0000
2026-05-07 11:34:32 WARN  SELL_SKIP [KRX] 037030 reason=PHANTOM_POSITION phase=NONE qty=57 avgPrice=8440.0000
2026-05-07 11:34:37 WARN  SELL_SKIP [KRX] 037030 reason=PHANTOM_POSITION phase=NONE qty=57 avgPrice=8440.0000
2026-05-07 11:34:42 WARN  SELL_SKIP [KRX] 037030 reason=PHANTOM_POSITION phase=NONE qty=57 avgPrice=8440.0000
2026-05-07 11:34:48 WARN  SELL_SKIP [KRX] 037030 reason=PHANTOM_POSITION phase=NONE qty=57 avgPrice=8440.0000
2026-05-07 11:34:53 WARN  SELL_SKIP [KRX] 037030 reason=PHANTOM_POSITION phase=NONE qty=57 avgPrice=8440.0000
2026-05-07 11:34:58 WARN  SELL_SKIP [KRX] 037030 reason=PHANTOM_POSITION phase=NONE qty=57 avgPrice=8440.0000
2026-05-07 11:35:03 WARN  SELL_SKIP [KRX] 037030 reason=PHANTOM_POSITION phase=NONE qty=57 avgPrice=8440.0000
2026-05-07 11:35:08 WARN  SELL_SKIP [KRX] 037030 reason=PHANTOM_POSITION phase=NONE qty=57 avgPrice=8440.0000
2026-05-07 11:35:13 WARN  SELL_SKIP [KRX] 037030 reason=PHANTOM_POSITION phase=NONE qty=57 avgPrice=8440.0000
2026-05-07 11:35:18 WARN  SELL_SKIP [KRX] 037030 reason=PHANTOM_POSITION phase=NONE qty=57 avgPrice=8440.0000
2026-05-07 11:35:23 WARN  SELL_SKIP [KRX] 037030 reason=PHANTOM_POSITION phase=NONE qty=57 avgPrice=8440.0000
2026-05-07 11:35:28 WARN  SELL_SKIP [KRX] 037030 reason=PHANTOM_POSITION phase=NONE qty=57 avgPrice=8440.0000
2026-05-07 11:35:33 WARN  SELL_SKIP [KRX] 037030 reason=PHANTOM_POSITION phase=NONE qty=57 avgPrice=8440.0000
2026-05-07 11:35:38 WARN  SELL_SKIP [KRX] 037030 reason=PHANTOM_POSITION phase=NONE qty=57 avgPrice=8440.0000
2026-05-07 11:35:43 WARN  SELL_SKIP [KRX] 037030 reason=PHANTOM_POSITION phase=NONE qty=57 avgPrice=8440.0000
2026-05-07 11:35:49 WARN  SELL_SKIP [KRX] 037030 reason=PHANTOM_POSITION phase=NONE qty=57 avgPrice=8440.0000
2026-05-07 11:35:54 WARN  SELL_SKIP [KRX] 037030 reason=PHANTOM_POSITION phase=NONE qty=57 avgPrice=8440.0000
2026-05-07 11:35:59 WARN  SELL_SKIP [KRX] 037030 reason=PHANTOM_POSITION phase=NONE qty=57 avgPrice=8440.0000
2026-05-07 11:36:04 WARN  SELL_SKIP [KRX] 037030 reason=PHANTOM_POSITION phase=NONE qty=57 avgPrice=8440.0000
2026-05-07 11:36:09 WARN  SELL_SKIP [KRX] 037030 reason=PHANTOM_POSITION phase=NONE qty=57 avgPrice=8440.0000
2026-05-07 11:36:14 WARN  SELL_SKIP [KRX] 037030 reason=PHANTOM_POSITION phase=NONE qty=57 avgPrice=8440.0000
2026-05-07 11:36:19 WARN  SELL_SKIP [KRX] 037030 reason=PHANTOM_POSITION phase=NONE qty=57 avgPrice=8440.0000
2026-05-07 11:36:24 WARN  SELL_SKIP [KRX] 037030 reason=PHANTOM_POSITION phase=NONE qty=57 avgPrice=8440.0000
2026-05-07 11:36:29 WARN  SELL_SKIP [KRX] 037030 reason=PHANTOM_POSITION phase=NONE qty=57 avgPrice=8440.0000
2026-05-07 11:36:34 WARN  SELL_SKIP [KRX] 037030 reason=PHANTOM_POSITION phase=NONE qty=57 avgPrice=8440.0000
2026-05-07 11:36:39 WARN  SELL_SKIP [KRX] 037030 reason=PHANTOM_POSITION phase=NONE qty=57 avgPrice=8440.0000
2026-05-07 11:36:44 WARN  SELL_SKIP [KRX] 037030 reason=PHANTOM_POSITION phase=NONE qty=57 avgPrice=8440.0000
2026-05-07 11:36:50 WARN  SELL_SKIP [KRX] 037030 reason=PHANTOM_POSITION phase=NONE qty=57 avgPrice=8440.0000
2026-05-07 11:36:55 WARN  SELL_SKIP [KRX] 037030 reason=PHANTOM_POSITION phase=NONE qty=57 avgPrice=8440.0000
2026-05-07 11:37:05 WARN  SELL_SKIP [KRX] 037030 reason=PHANTOM_POSITION phase=NONE qty=57 avgPrice=8440.0000
2026-05-07 11:37:10 WARN  SELL_SKIP [KRX] 037030 reason=PHANTOM_POSITION phase=NONE qty=57 avgPrice=8440.0000
2026-05-07 11:37:15 WARN  SELL_SKIP [KRX] 037030 reason=PHANTOM_POSITION phase=NONE qty=57 avgPrice=8440.0000
2026-05-07 11:37:20 WARN  SELL_SKIP [KRX] 037030 reason=PHANTOM_POSITION phase=NONE qty=57 avgPrice=8440.0000
2026-05-07 11:37:25 WARN  SELL_SKIP [KRX] 037030 reason=PHANTOM_POSITION phase=NONE qty=57 avgPrice=8440.0000
2026-05-07 11:37:30 WARN  SELL_SKIP [KRX] 037030 reason=PHANTOM_POSITION phase=NONE qty=57 avgPrice=8440.0000
2026-05-07 11:37:35 WARN  SELL_SKIP [KRX] 037030 reason=PHANTOM_POSITION phase=NONE qty=57 avgPrice=8440.0000
2026-05-07 11:37:40 WARN  SELL_SKIP [KRX] 037030 reason=PHANTOM_POSITION phase=NONE qty=57 avgPrice=8440.0000
2026-05-07 11:37:46 WARN  SELL_SKIP [KRX] 037030 reason=PHANTOM_POSITION phase=NONE qty=57 avgPrice=8440.0000
2026-05-07 11:37:51 WARN  SELL_SKIP [KRX] 037030 reason=PHANTOM_POSITION phase=NONE qty=57 avgPrice=8440.0000
2026-05-07 11:38:01 WARN  SELL_SKIP [KRX] 037030 reason=PHANTOM_POSITION phase=NONE qty=57 avgPrice=8440.0000
2026-05-07 11:38:06 WARN  SELL_SKIP [KRX] 037030 reason=PHANTOM_POSITION phase=NONE qty=57 avgPrice=8440.0000
2026-05-07 11:38:11 WARN  SELL_SKIP [KRX] 037030 reason=PHANTOM_POSITION phase=NONE qty=57 avgPrice=8440.0000
2026-05-07 11:38:16 WARN  SELL_SKIP [KRX] 037030 reason=PHANTOM_POSITION phase=NONE qty=57 avgPrice=8440.0000
2026-05-07 11:38:21 WARN  SELL_SKIP [KRX] 037030 reason=PHANTOM_POSITION phase=NONE qty=57 avgPrice=8440.0000
2026-05-07 11:38:26 WARN  SELL_SKIP [KRX] 037030 reason=PHANTOM_POSITION phase=NONE qty=57 avgPrice=8440.0000
2026-05-07 11:38:31 WARN  SELL_SKIP [KRX] 037030 reason=PHANTOM_POSITION phase=NONE qty=57 avgPrice=8440.0000
2026-05-07 11:38:36 WARN  SELL_SKIP [KRX] 037030 reason=PHANTOM_POSITION phase=NONE qty=57 avgPrice=8440.0000
2026-05-07 11:38:42 WARN  SELL_SKIP [KRX] 037030 reason=PHANTOM_POSITION phase=NONE qty=57 avgPrice=8440.0000
2026-05-07 11:38:47 WARN  SELL_SKIP [KRX] 037030 reason=PHANTOM_POSITION phase=NONE qty=57 avgPrice=8440.0000
2026-05-07 11:38:52 WARN  SELL_SKIP [KRX] 037030 reason=PHANTOM_POSITION phase=NONE qty=57 avgPrice=8440.0000
2026-05-07 11:39:02 WARN  SELL_SKIP [KRX] 037030 reason=PHANTOM_POSITION phase=NONE qty=57 avgPrice=8440.0000
2026-05-07 11:39:07 WARN  SELL_SKIP [KRX] 037030 reason=PHANTOM_POSITION phase=NONE qty=57 avgPrice=8440.0000
2026-05-07 11:39:12 WARN  SELL_SKIP [KRX] 037030 reason=PHANTOM_POSITION phase=NONE qty=57 avgPrice=8440.0000
2026-05-07 11:39:17 WARN  SELL_SKIP [KRX] 037030 reason=PHANTOM_POSITION phase=NONE qty=57 avgPrice=8440.0000
2026-05-07 11:39:22 WARN  SELL_SKIP [KRX] 037030 reason=PHANTOM_POSITION phase=NONE qty=57 avgPrice=8440.0000
2026-05-07 11:39:27 WARN  SELL_SKIP [KRX] 037030 reason=PHANTOM_POSITION phase=NONE qty=57 avgPrice=8440.0000
2026-05-07 11:39:33 WARN  SELL_SKIP [KRX] 037030 reason=PHANTOM_POSITION phase=NONE qty=57 avgPrice=8440.0000
2026-05-07 11:39:38 WARN  SELL_SKIP [KRX] 037030 reason=PHANTOM_POSITION phase=NONE qty=57 avgPrice=8440.0000
2026-05-07 11:39:43 WARN  SELL_SKIP [KRX] 037030 reason=PHANTOM_POSITION phase=NONE qty=57 avgPrice=8440.0000
2026-05-07 11:39:48 WARN  SELL_SKIP [KRX] 037030 reason=PHANTOM_POSITION phase=NONE qty=57 avgPrice=8440.0000
2026-05-07 11:39:53 WARN  SELL_SKIP [KRX] 037030 reason=PHANTOM_POSITION phase=NONE qty=57 avgPrice=8440.0000
2026-05-07 11:39:58 WARN  SELL_SKIP [KRX] 037030 reason=PHANTOM_POSITION phase=NONE qty=57 avgPrice=8440.0000
2026-05-07 11:40:03 WARN  SELL_SKIP [KRX] 037030 reason=PHANTOM_POSITION phase=NONE qty=57 avgPrice=8440.0000
2026-05-07 11:40:08 WARN  SELL_SKIP [KRX] 037030 reason=PHANTOM_POSITION phase=NONE qty=57 avgPrice=8440.0000
2026-05-07 11:40:13 WARN  SELL_SKIP [KRX] 037030 reason=PHANTOM_POSITION phase=NONE qty=57 avgPrice=8440.0000
2026-05-07 11:40:18 WARN  SELL_SKIP [KRX] 037030 reason=PHANTOM_POSITION phase=NONE qty=57 avgPrice=8440.0000
2026-05-07 11:40:23 WARN  SELL_SKIP [KRX] 037030 reason=PHANTOM_POSITION phase=NONE qty=57 avgPrice=8440.0000
2026-05-07 11:40:28 WARN  SELL_SKIP [KRX] 037030 reason=PHANTOM_POSITION phase=NONE qty=57 avgPrice=8440.0000
2026-05-07 11:40:34 WARN  SELL_SKIP [KRX] 037030 reason=PHANTOM_POSITION phase=NONE qty=57 avgPrice=8440.0000
2026-05-07 11:40:54 WARN  SELL_SKIP [KRX] 037030 reason=PHANTOM_POSITION phase=NONE qty=57 avgPrice=8440.0000
2026-05-07 11:40:59 WARN  SELL_SKIP [KRX] 037030 reason=PHANTOM_POSITION phase=NONE qty=57 avgPrice=8440.0000
2026-05-07 11:41:04 WARN  SELL_SKIP [KRX] 037030 reason=PHANTOM_POSITION phase=NONE qty=57 avgPrice=8440.0000
2026-05-07 11:41:09 WARN  SELL_SKIP [KRX] 037030 reason=PHANTOM_POSITION phase=NONE qty=57 avgPrice=8440.0000
2026-05-07 11:41:14 WARN  SELL_SKIP [KRX] 037030 reason=PHANTOM_POSITION phase=NONE qty=57 avgPrice=8440.0000
2026-05-07 11:41:19 WARN  SELL_SKIP [KRX] 037030 reason=PHANTOM_POSITION phase=NONE qty=57 avgPrice=8440.0000
2026-05-07 11:41:25 WARN  SELL_SKIP [KRX] 037030 reason=PHANTOM_POSITION phase=NONE qty=57 avgPrice=8440.0000
2026-05-07 11:41:30 WARN  SELL_SKIP [KRX] 037030 reason=PHANTOM_POSITION phase=NONE qty=57 avgPrice=8440.0000
2026-05-07 11:41:40 WARN  SELL_SKIP [KRX] 037030 reason=PHANTOM_POSITION phase=NONE qty=57 avgPrice=8440.0000
2026-05-07 11:41:55 WARN  SELL_SKIP [KRX] 037030 reason=PHANTOM_POSITION phase=NONE qty=57 avgPrice=8440.0000
2026-05-07 11:42:00 WARN  SELL_SKIP [KRX] 037030 reason=PHANTOM_POSITION phase=NONE qty=57 avgPrice=8440.0000
2026-05-07 11:42:05 WARN  SELL_SKIP [KRX] 037030 reason=PHANTOM_POSITION phase=NONE qty=57 avgPrice=8440.0000
2026-05-07 11:42:10 WARN  SELL_SKIP [KRX] 037030 reason=PHANTOM_POSITION phase=NONE qty=57 avgPrice=8440.0000
2026-05-07 11:42:15 WARN  SELL_SKIP [KRX] 037030 reason=PHANTOM_POSITION phase=NONE qty=57 avgPrice=8440.0000
2026-05-07 11:42:21 WARN  SELL_SKIP [KRX] 037030 reason=PHANTOM_POSITION phase=NONE qty=57 avgPrice=8440.0000
2026-05-07 11:42:26 WARN  SELL_SKIP [KRX] 037030 reason=PHANTOM_POSITION phase=NONE qty=57 avgPrice=8440.0000
2026-05-07 11:42:31 WARN  SELL_SKIP [KRX] 037030 reason=PHANTOM_POSITION phase=NONE qty=57 avgPrice=8440.0000
2026-05-07 11:42:36 WARN  SELL_SKIP [KRX] 037030 reason=PHANTOM_POSITION phase=NONE qty=57 avgPrice=8440.0000
2026-05-07 11:42:41 WARN  SELL_SKIP [KRX] 037030 reason=PHANTOM_POSITION phase=NONE qty=57 avgPrice=8440.0000
2026-05-07 11:42:46 WARN  SELL_SKIP [KRX] 037030 reason=PHANTOM_POSITION phase=NONE qty=57 avgPrice=8440.0000
2026-05-07 11:42:51 WARN  SELL_SKIP [KRX] 037030 reason=PHANTOM_POSITION phase=NONE qty=57 avgPrice=8440.0000
2026-05-07 11:42:56 WARN  SELL_SKIP [KRX] 037030 reason=PHANTOM_POSITION phase=NONE qty=57 avgPrice=8440.0000
2026-05-07 11:43:01 WARN  SELL_SKIP [KRX] 037030 reason=PHANTOM_POSITION phase=NONE qty=57 avgPrice=8440.0000
2026-05-07 11:43:06 WARN  SELL_SKIP [KRX] 037030 reason=PHANTOM_POSITION phase=NONE qty=57 avgPrice=8440.0000
2026-05-07 11:43:11 WARN  SELL_SKIP [KRX] 037030 reason=PHANTOM_POSITION phase=NONE qty=57 avgPrice=8440.0000
2026-05-07 11:43:16 WARN  SELL_SKIP [KRX] 037030 reason=PHANTOM_POSITION phase=NONE qty=57 avgPrice=8440.0000
2026-05-07 11:43:22 WARN  SELL_SKIP [KRX] 037030 reason=PHANTOM_POSITION phase=NONE qty=57 avgPrice=8440.0000
2026-05-07 11:43:27 WARN  SELL_SKIP [KRX] 037030 reason=PHANTOM_POSITION phase=NONE qty=57 avgPrice=8440.0000
2026-05-07 11:43:32 WARN  SELL_SKIP [KRX] 037030 reason=PHANTOM_POSITION phase=NONE qty=57 avgPrice=8440.0000
2026-05-07 11:43:37 WARN  SELL_SKIP [KRX] 037030 reason=PHANTOM_POSITION phase=NONE qty=57 avgPrice=8440.0000
2026-05-07 11:43:42 WARN  SELL_SKIP [KRX] 037030 reason=PHANTOM_POSITION phase=NONE qty=57 avgPrice=8440.0000
2026-05-07 11:43:47 WARN  SELL_SKIP [KRX] 037030 reason=PHANTOM_POSITION phase=NONE qty=57 avgPrice=8440.0000
2026-05-07 11:43:52 WARN  SELL_SKIP [KRX] 037030 reason=PHANTOM_POSITION phase=NONE qty=57 avgPrice=8440.0000
2026-05-07 11:43:57 WARN  SELL_SKIP [KRX] 037030 reason=PHANTOM_POSITION phase=NONE qty=57 avgPrice=8440.0000
2026-05-07 11:44:02 WARN  SELL_SKIP [KRX] 037030 reason=PHANTOM_POSITION phase=NONE qty=57 avgPrice=8440.0000
2026-05-07 11:44:07 WARN  SELL_SKIP [KRX] 037030 reason=PHANTOM_POSITION phase=NONE qty=57 avgPrice=8440.0000
2026-05-07 11:44:12 WARN  SELL_SKIP [KRX] 037030 reason=PHANTOM_POSITION phase=NONE qty=57 avgPrice=8440.0000
2026-05-07 11:44:17 WARN  SELL_SKIP [KRX] 037030 reason=PHANTOM_POSITION phase=NONE qty=57 avgPrice=8440.0000
2026-05-07 11:44:23 WARN  SELL_SKIP [KRX] 037030 reason=PHANTOM_POSITION phase=NONE qty=57 avgPrice=8440.0000
2026-05-07 11:44:28 WARN  SELL_SKIP [KRX] 037030 reason=PHANTOM_POSITION phase=NONE qty=57 avgPrice=8440.0000
2026-05-07 11:44:33 WARN  SELL_SKIP [KRX] 037030 reason=PHANTOM_POSITION phase=NONE qty=57 avgPrice=8440.0000
2026-05-07 11:44:38 WARN  SELL_SKIP [KRX] 037030 reason=PHANTOM_POSITION phase=NONE qty=57 avgPrice=8440.0000
2026-05-07 11:44:43 WARN  SELL_SKIP [KRX] 037030 reason=PHANTOM_POSITION phase=NONE qty=57 avgPrice=8440.0000
2026-05-07 11:44:48 WARN  SELL_SKIP [KRX] 037030 reason=PHANTOM_POSITION phase=NONE qty=57 avgPrice=8440.0000
2026-05-07 11:44:53 WARN  SELL_SKIP [KRX] 037030 reason=PHANTOM_POSITION phase=NONE qty=57 avgPrice=8440.0000
2026-05-07 11:44:58 WARN  SELL_SKIP [KRX] 037030 reason=PHANTOM_POSITION phase=NONE qty=57 avgPrice=8440.0000
2026-05-07 11:45:03 WARN  SELL_SKIP [KRX] 037030 reason=PHANTOM_POSITION phase=NONE qty=57 avgPrice=8440.0000
2026-05-07 11:45:08 WARN  SELL_SKIP [KRX] 037030 reason=PHANTOM_POSITION phase=NONE qty=57 avgPrice=8440.0000
2026-05-07 11:45:13 WARN  SELL_SKIP [KRX] 037030 reason=PHANTOM_POSITION phase=NONE qty=57 avgPrice=8440.0000
2026-05-07 11:45:19 WARN  SELL_SKIP [KRX] 037030 reason=PHANTOM_POSITION phase=NONE qty=57 avgPrice=8440.0000
2026-05-07 11:45:24 WARN  SELL_SKIP [KRX] 037030 reason=PHANTOM_POSITION phase=NONE qty=57 avgPrice=8440.0000
2026-05-07 11:45:29 WARN  SELL_SKIP [KRX] 037030 reason=PHANTOM_POSITION phase=NONE qty=57 avgPrice=8440.0000
2026-05-07 11:45:39 WARN  SELL_SKIP [KRX] 037030 reason=PHANTOM_POSITION phase=NONE qty=57 avgPrice=8440.0000
2026-05-07 11:45:49 WARN  SELL_SKIP [KRX] 037030 reason=PHANTOM_POSITION phase=NONE qty=57 avgPrice=8440.0000
2026-05-07 11:45:54 WARN  SELL_SKIP [KRX] 037030 reason=PHANTOM_POSITION phase=NONE qty=57 avgPrice=8440.0000
2026-05-07 11:45:59 WARN  SELL_SKIP [KRX] 037030 reason=PHANTOM_POSITION phase=NONE qty=57 avgPrice=8440.0000
2026-05-07 11:46:04 WARN  SELL_SKIP [KRX] 037030 reason=PHANTOM_POSITION phase=NONE qty=57 avgPrice=8440.0000
2026-05-07 11:46:09 WARN  SELL_SKIP [KRX] 037030 reason=PHANTOM_POSITION phase=NONE qty=57 avgPrice=8440.0000
2026-05-07 11:46:15 WARN  SELL_SKIP [KRX] 037030 reason=PHANTOM_POSITION phase=NONE qty=57 avgPrice=8440.0000
2026-05-07 11:46:25 WARN  SELL_SKIP [KRX] 037030 reason=PHANTOM_POSITION phase=NONE qty=57 avgPrice=8440.0000
2026-05-07 11:46:30 WARN  SELL_SKIP [KRX] 037030 reason=PHANTOM_POSITION phase=NONE qty=57 avgPrice=8440.0000
2026-05-07 11:46:35 WARN  SELL_SKIP [KRX] 037030 reason=PHANTOM_POSITION phase=NONE qty=57 avgPrice=8440.0000
2026-05-07 11:46:40 WARN  SELL_SKIP [KRX] 037030 reason=PHANTOM_POSITION phase=NONE qty=57 avgPrice=8440.0000
2026-05-07 11:46:45 WARN  SELL_SKIP [KRX] 037030 reason=PHANTOM_POSITION phase=NONE qty=57 avgPrice=8440.0000
2026-05-07 11:46:50 WARN  SELL_SKIP [KRX] 037030 reason=PHANTOM_POSITION phase=NONE qty=57 avgPrice=8440.0000
2026-05-07 11:46:55 WARN  SELL_SKIP [KRX] 037030 reason=PHANTOM_POSITION phase=NONE qty=57 avgPrice=8440.0000
2026-05-07 11:47:00 WARN  SELL_SKIP [KRX] 037030 reason=PHANTOM_POSITION phase=NONE qty=57 avgPrice=8440.0000
2026-05-07 11:47:06 WARN  SELL_SKIP [KRX] 037030 reason=PHANTOM_POSITION phase=NONE qty=57 avgPrice=8440.0000
2026-05-07 11:47:11 WARN  SELL_SKIP [KRX] 037030 reason=PHANTOM_POSITION phase=NONE qty=57 avgPrice=8440.0000
2026-05-07 11:47:16 WARN  SELL_SKIP [KRX] 037030 reason=PHANTOM_POSITION phase=NONE qty=57 avgPrice=8440.0000
2026-05-07 11:47:21 WARN  SELL_SKIP [KRX] 037030 reason=PHANTOM_POSITION phase=NONE qty=57 avgPrice=8440.0000
2026-05-07 11:47:26 WARN  SELL_SKIP [KRX] 037030 reason=PHANTOM_POSITION phase=NONE qty=57 avgPrice=8440.0000
2026-05-07 11:47:31 WARN  SELL_SKIP [KRX] 037030 reason=PHANTOM_POSITION phase=NONE qty=57 avgPrice=8440.0000
2026-05-07 11:47:36 WARN  SELL_SKIP [KRX] 037030 reason=PHANTOM_POSITION phase=NONE qty=57 avgPrice=8440.0000
2026-05-07 11:47:41 WARN  SELL_SKIP [KRX] 037030 reason=PHANTOM_POSITION phase=NONE qty=57 avgPrice=8440.0000
2026-05-07 11:47:46 WARN  SELL_SKIP [KRX] 037030 reason=PHANTOM_POSITION phase=NONE qty=57 avgPrice=8440.0000
2026-05-07 11:47:51 WARN  SELL_SKIP [KRX] 037030 reason=PHANTOM_POSITION phase=NONE qty=57 avgPrice=8440.0000
2026-05-07 11:47:56 WARN  SELL_SKIP [KRX] 037030 reason=PHANTOM_POSITION phase=NONE qty=57 avgPrice=8440.0000
2026-05-07 11:48:02 WARN  SELL_SKIP [KRX] 037030 reason=PHANTOM_POSITION phase=NONE qty=57 avgPrice=8440.0000
2026-05-07 11:48:07 WARN  SELL_SKIP [KRX] 037030 reason=PHANTOM_POSITION phase=NONE qty=57 avgPrice=8440.0000
2026-05-07 11:48:12 WARN  SELL_SKIP [KRX] 037030 reason=PHANTOM_POSITION phase=NONE qty=57 avgPrice=8440.0000
2026-05-07 11:48:17 WARN  SELL_SKIP [KRX] 037030 reason=PHANTOM_POSITION phase=NONE qty=57 avgPrice=8440.0000
2026-05-07 11:48:22 WARN  SELL_SKIP [KRX] 037030 reason=PHANTOM_POSITION phase=NONE qty=57 avgPrice=8440.0000
2026-05-07 11:48:27 WARN  SELL_SKIP [KRX] 037030 reason=PHANTOM_POSITION phase=NONE qty=57 avgPrice=8440.0000
2026-05-07 11:48:32 WARN  SELL_SKIP [KRX] 037030 reason=PHANTOM_POSITION phase=NONE qty=57 avgPrice=8440.0000
2026-05-07 11:48:37 WARN  SELL_SKIP [KRX] 037030 reason=PHANTOM_POSITION phase=NONE qty=57 avgPrice=8440.0000
2026-05-07 11:48:42 WARN  SELL_SKIP [KRX] 037030 reason=PHANTOM_POSITION phase=NONE qty=57 avgPrice=8440.0000
2026-05-07 11:48:47 WARN  SELL_SKIP [KRX] 037030 reason=PHANTOM_POSITION phase=NONE qty=57 avgPrice=8440.0000
2026-05-07 11:48:52 WARN  SELL_SKIP [KRX] 037030 reason=PHANTOM_POSITION phase=NONE qty=57 avgPrice=8440.0000
2026-05-07 11:48:57 WARN  SELL_SKIP [KRX] 037030 reason=PHANTOM_POSITION phase=NONE qty=57 avgPrice=8440.0000
2026-05-07 11:49:08 WARN  SELL_SKIP [KRX] 037030 reason=PHANTOM_POSITION phase=NONE qty=57 avgPrice=8440.0000
2026-05-07 11:49:13 WARN  SELL_SKIP [KRX] 037030 reason=PHANTOM_POSITION phase=NONE qty=57 avgPrice=8440.0000
2026-05-07 11:49:18 WARN  SELL_SKIP [KRX] 037030 reason=PHANTOM_POSITION phase=NONE qty=57 avgPrice=8440.0000
2026-05-07 11:49:28 WARN  SELL_SKIP [KRX] 037030 reason=PHANTOM_POSITION phase=NONE qty=57 avgPrice=8440.0000
2026-05-07 11:49:33 WARN  SELL_SKIP [KRX] 037030 reason=PHANTOM_POSITION phase=NONE qty=57 avgPrice=8440.0000
2026-05-07 11:49:38 WARN  SELL_SKIP [KRX] 037030 reason=PHANTOM_POSITION phase=NONE qty=57 avgPrice=8440.0000
2026-05-07 11:49:43 WARN  SELL_SKIP [KRX] 037030 reason=PHANTOM_POSITION phase=NONE qty=57 avgPrice=8440.0000
2026-05-07 11:49:48 WARN  SELL_SKIP [KRX] 037030 reason=PHANTOM_POSITION phase=NONE qty=57 avgPrice=8440.0000
2026-05-07 11:49:53 WARN  SELL_SKIP [KRX] 037030 reason=PHANTOM_POSITION phase=NONE qty=57 avgPrice=8440.0000
2026-05-07 11:49:59 WARN  SELL_SKIP [KRX] 037030 reason=PHANTOM_POSITION phase=NONE qty=57 avgPrice=8440.0000
2026-05-07 11:50:04 WARN  SELL_SKIP [KRX] 037030 reason=PHANTOM_POSITION phase=NONE qty=57 avgPrice=8440.0000
2026-05-07 11:50:09 INFO  BUY [KRX] 010170 mode=VOLUME_BREAKOUT price=20900.0000 qty=19 size=0.8000x score=95(CONV) | WHY: strongBreakout volBreakout retestOK multiUp vol(1.69x) | VWAP: 0.40%(ABOVE slope=UP) | TREND: score=3 vel=0.48%/0.24%/0.48% | VOL: 73014.0000/43208.2000 TO: 1525992600.0000/897592835.0000 | entryNo=1
2026-05-07 11:50:09 WARN  BUY_REJECTED 010170 phase=NONE
2026-05-07 11:50:09 WARN  SELL_SKIP [KRX] 037030 reason=PHANTOM_POSITION phase=NONE qty=57 avgPrice=8440.0000
2026-05-07 11:50:14 WARN  SELL_SKIP [KRX] 037030 reason=PHANTOM_POSITION phase=NONE qty=57 avgPrice=8440.0000
2026-05-07 11:50:19 WARN  SELL_SKIP [KRX] 037030 reason=PHANTOM_POSITION phase=NONE qty=57 avgPrice=8440.0000
2026-05-07 11:50:24 WARN  SELL_SKIP [KRX] 037030 reason=PHANTOM_POSITION phase=NONE qty=57 avgPrice=8440.0000
2026-05-07 11:50:29 WARN  SELL_SKIP [KRX] 037030 reason=PHANTOM_POSITION phase=NONE qty=57 avgPrice=8440.0000
2026-05-07 11:50:34 WARN  SELL_SKIP [KRX] 037030 reason=PHANTOM_POSITION phase=NONE qty=57 avgPrice=8440.0000
2026-05-07 11:50:39 WARN  SELL_SKIP [KRX] 037030 reason=PHANTOM_POSITION phase=NONE qty=57 avgPrice=8440.0000
2026-05-07 11:50:44 WARN  SELL_SKIP [KRX] 037030 reason=PHANTOM_POSITION phase=NONE qty=57 avgPrice=8440.0000
2026-05-07 11:50:49 WARN  SELL_SKIP [KRX] 037030 reason=PHANTOM_POSITION phase=NONE qty=57 avgPrice=8440.0000
2026-05-07 11:50:55 WARN  SELL_SKIP [KRX] 037030 reason=PHANTOM_POSITION phase=NONE qty=57 avgPrice=8440.0000
2026-05-07 11:51:00 WARN  SELL_SKIP [KRX] 037030 reason=PHANTOM_POSITION phase=NONE qty=57 avgPrice=8440.0000
2026-05-07 11:51:05 WARN  SELL_SKIP [KRX] 037030 reason=PHANTOM_POSITION phase=NONE qty=57 avgPrice=8440.0000
2026-05-07 11:51:10 WARN  SELL_SKIP [KRX] 037030 reason=PHANTOM_POSITION phase=NONE qty=57 avgPrice=8440.0000
2026-05-07 11:51:15 WARN  SELL_SKIP [KRX] 037030 reason=PHANTOM_POSITION phase=NONE qty=57 avgPrice=8440.0000
2026-05-07 11:51:20 WARN  SELL_SKIP [KRX] 037030 reason=PHANTOM_POSITION phase=NONE qty=57 avgPrice=8440.0000
2026-05-07 11:51:25 WARN  SELL_SKIP [KRX] 037030 reason=PHANTOM_POSITION phase=NONE qty=57 avgPrice=8440.0000
2026-05-07 11:51:30 WARN  SELL_SKIP [KRX] 037030 reason=PHANTOM_POSITION phase=NONE qty=57 avgPrice=8440.0000
2026-05-07 11:51:35 WARN  SELL_SKIP [KRX] 037030 reason=PHANTOM_POSITION phase=NONE qty=57 avgPrice=8440.0000
2026-05-07 11:51:40 WARN  SELL_SKIP [KRX] 037030 reason=PHANTOM_POSITION phase=NONE qty=57 avgPrice=8440.0000
2026-05-07 11:51:45 WARN  SELL_SKIP [KRX] 037030 reason=PHANTOM_POSITION phase=NONE qty=57 avgPrice=8440.0000
2026-05-07 11:51:51 WARN  SELL_SKIP [KRX] 037030 reason=PHANTOM_POSITION phase=NONE qty=57 avgPrice=8440.0000
2026-05-07 11:51:56 WARN  SELL_SKIP [KRX] 037030 reason=PHANTOM_POSITION phase=NONE qty=57 avgPrice=8440.0000
2026-05-07 11:52:01 WARN  SELL_SKIP [KRX] 037030 reason=PHANTOM_POSITION phase=NONE qty=57 avgPrice=8440.0000
2026-05-07 11:52:06 WARN  SELL_SKIP [KRX] 037030 reason=PHANTOM_POSITION phase=NONE qty=57 avgPrice=8440.0000
2026-05-07 11:52:11 WARN  SELL_SKIP [KRX] 037030 reason=PHANTOM_POSITION phase=NONE qty=57 avgPrice=8440.0000
2026-05-07 11:52:16 WARN  SELL_SKIP [KRX] 037030 reason=PHANTOM_POSITION phase=NONE qty=57 avgPrice=8440.0000
2026-05-07 11:52:21 WARN  SELL_SKIP [KRX] 037030 reason=PHANTOM_POSITION phase=NONE qty=57 avgPrice=8440.0000
2026-05-07 11:52:26 WARN  SELL_SKIP [KRX] 037030 reason=PHANTOM_POSITION phase=NONE qty=57 avgPrice=8440.0000
2026-05-07 11:52:37 WARN  SELL_SKIP [KRX] 037030 reason=PHANTOM_POSITION phase=NONE qty=57 avgPrice=8440.0000
2026-05-07 11:52:42 WARN  SELL_SKIP [KRX] 037030 reason=PHANTOM_POSITION phase=NONE qty=57 avgPrice=8440.0000
2026-05-07 11:52:47 WARN  SELL_SKIP [KRX] 037030 reason=PHANTOM_POSITION phase=NONE qty=57 avgPrice=8440.0000
2026-05-07 11:52:52 WARN  SELL_SKIP [KRX] 037030 reason=PHANTOM_POSITION phase=NONE qty=57 avgPrice=8440.0000
2026-05-07 11:52:57 WARN  SELL_SKIP [KRX] 037030 reason=PHANTOM_POSITION phase=NONE qty=57 avgPrice=8440.0000
2026-05-07 11:53:02 WARN  SELL_SKIP [KRX] 037030 reason=PHANTOM_POSITION phase=NONE qty=57 avgPrice=8440.0000
2026-05-07 11:53:07 WARN  SELL_SKIP [KRX] 037030 reason=PHANTOM_POSITION phase=NONE qty=57 avgPrice=8440.0000
2026-05-07 11:53:13 WARN  SELL_SKIP [KRX] 037030 reason=PHANTOM_POSITION phase=NONE qty=57 avgPrice=8440.0000
2026-05-07 11:53:18 WARN  SELL_SKIP [KRX] 037030 reason=PHANTOM_POSITION phase=NONE qty=57 avgPrice=8440.0000
2026-05-07 11:53:23 WARN  SELL_SKIP [KRX] 037030 reason=PHANTOM_POSITION phase=NONE qty=57 avgPrice=8440.0000
2026-05-07 11:53:28 WARN  SELL_SKIP [KRX] 037030 reason=PHANTOM_POSITION phase=NONE qty=57 avgPrice=8440.0000
2026-05-07 11:53:33 WARN  SELL_SKIP [KRX] 037030 reason=PHANTOM_POSITION phase=NONE qty=57 avgPrice=8440.0000
2026-05-07 11:53:38 WARN  SELL_SKIP [KRX] 037030 reason=PHANTOM_POSITION phase=NONE qty=57 avgPrice=8440.0000
2026-05-07 11:53:43 WARN  SELL_SKIP [KRX] 037030 reason=PHANTOM_POSITION phase=NONE qty=57 avgPrice=8440.0000
2026-05-07 11:53:48 WARN  SELL_SKIP [KRX] 037030 reason=PHANTOM_POSITION phase=NONE qty=57 avgPrice=8440.0000
2026-05-07 11:53:53 WARN  SELL_SKIP [KRX] 037030 reason=PHANTOM_POSITION phase=NONE qty=57 avgPrice=8440.0000
2026-05-07 11:53:58 WARN  SELL_SKIP [KRX] 037030 reason=PHANTOM_POSITION phase=NONE qty=57 avgPrice=8440.0000
2026-05-07 11:54:03 WARN  SELL_SKIP [KRX] 037030 reason=PHANTOM_POSITION phase=NONE qty=57 avgPrice=8440.0000
2026-05-07 11:54:14 WARN  SELL_SKIP [KRX] 037030 reason=PHANTOM_POSITION phase=NONE qty=57 avgPrice=8440.0000
2026-05-07 11:54:24 WARN  SELL_SKIP [KRX] 037030 reason=PHANTOM_POSITION phase=NONE qty=57 avgPrice=8440.0000
2026-05-07 11:54:29 WARN  SELL_SKIP [KRX] 037030 reason=PHANTOM_POSITION phase=NONE qty=57 avgPrice=8440.0000
2026-05-07 11:54:34 WARN  SELL_SKIP [KRX] 037030 reason=PHANTOM_POSITION phase=NONE qty=57 avgPrice=8440.0000
2026-05-07 11:54:39 WARN  SELL_SKIP [KRX] 037030 reason=PHANTOM_POSITION phase=NONE qty=57 avgPrice=8440.0000
2026-05-07 11:54:44 WARN  SELL_SKIP [KRX] 037030 reason=PHANTOM_POSITION phase=NONE qty=57 avgPrice=8440.0000
2026-05-07 11:54:49 WARN  SELL_SKIP [KRX] 037030 reason=PHANTOM_POSITION phase=NONE qty=57 avgPrice=8440.0000
2026-05-07 11:54:54 WARN  SELL_SKIP [KRX] 037030 reason=PHANTOM_POSITION phase=NONE qty=57 avgPrice=8440.0000
2026-05-07 11:55:00 WARN  SELL_SKIP [KRX] 037030 reason=PHANTOM_POSITION phase=NONE qty=57 avgPrice=8440.0000
2026-05-07 11:55:10 WARN  SELL_SKIP [KRX] 037030 reason=PHANTOM_POSITION phase=NONE qty=57 avgPrice=8440.0000
2026-05-07 11:55:15 WARN  SELL_SKIP [KRX] 037030 reason=PHANTOM_POSITION phase=NONE qty=57 avgPrice=8440.0000
2026-05-07 11:55:20 WARN  SELL_SKIP [KRX] 037030 reason=PHANTOM_POSITION phase=NONE qty=57 avgPrice=8440.0000
2026-05-07 11:55:25 WARN  SELL_SKIP [KRX] 037030 reason=PHANTOM_POSITION phase=NONE qty=57 avgPrice=8440.0000
2026-05-07 11:55:30 WARN  SELL_SKIP [KRX] 037030 reason=PHANTOM_POSITION phase=NONE qty=57 avgPrice=8440.0000
2026-05-07 11:55:35 WARN  SELL_SKIP [KRX] 037030 reason=PHANTOM_POSITION phase=NONE qty=57 avgPrice=8440.0000
2026-05-07 11:55:40 WARN  SELL_SKIP [KRX] 037030 reason=PHANTOM_POSITION phase=NONE qty=57 avgPrice=8440.0000
2026-05-07 11:55:46 WARN  SELL_SKIP [KRX] 037030 reason=PHANTOM_POSITION phase=NONE qty=57 avgPrice=8440.0000
2026-05-07 11:55:51 WARN  SELL_SKIP [KRX] 037030 reason=PHANTOM_POSITION phase=NONE qty=57 avgPrice=8440.0000
2026-05-07 11:55:56 WARN  SELL_SKIP [KRX] 037030 reason=PHANTOM_POSITION phase=NONE qty=57 avgPrice=8440.0000
2026-05-07 11:56:01 WARN  SELL_SKIP [KRX] 037030 reason=PHANTOM_POSITION phase=NONE qty=57 avgPrice=8440.0000
2026-05-07 11:56:06 WARN  SELL_SKIP [KRX] 037030 reason=PHANTOM_POSITION phase=NONE qty=57 avgPrice=8440.0000
2026-05-07 11:56:11 WARN  SELL_SKIP [KRX] 037030 reason=PHANTOM_POSITION phase=NONE qty=57 avgPrice=8440.0000
2026-05-07 11:56:16 WARN  SELL_SKIP [KRX] 037030 reason=PHANTOM_POSITION phase=NONE qty=57 avgPrice=8440.0000
2026-05-07 11:56:21 WARN  SELL_SKIP [KRX] 037030 reason=PHANTOM_POSITION phase=NONE qty=57 avgPrice=8440.0000
2026-05-07 11:56:26 WARN  SELL_SKIP [KRX] 037030 reason=PHANTOM_POSITION phase=NONE qty=57 avgPrice=8440.0000
2026-05-07 11:56:31 WARN  SELL_SKIP [KRX] 037030 reason=PHANTOM_POSITION phase=NONE qty=57 avgPrice=8440.0000
2026-05-07 11:56:36 WARN  SELL_SKIP [KRX] 037030 reason=PHANTOM_POSITION phase=NONE qty=57 avgPrice=8440.0000
2026-05-07 11:56:41 WARN  SELL_SKIP [KRX] 037030 reason=PHANTOM_POSITION phase=NONE qty=57 avgPrice=8440.0000
2026-05-07 11:56:47 WARN  SELL_SKIP [KRX] 037030 reason=PHANTOM_POSITION phase=NONE qty=57 avgPrice=8440.0000
2026-05-07 11:56:52 WARN  SELL_SKIP [KRX] 037030 reason=PHANTOM_POSITION phase=NONE qty=57 avgPrice=8440.0000
2026-05-07 11:56:57 WARN  SELL_SKIP [KRX] 037030 reason=PHANTOM_POSITION phase=NONE qty=57 avgPrice=8440.0000
2026-05-07 11:57:02 WARN  SELL_SKIP [KRX] 037030 reason=PHANTOM_POSITION phase=NONE qty=57 avgPrice=8440.0000
2026-05-07 11:57:07 WARN  SELL_SKIP [KRX] 037030 reason=PHANTOM_POSITION phase=NONE qty=57 avgPrice=8440.0000
2026-05-07 11:57:12 WARN  SELL_SKIP [KRX] 037030 reason=PHANTOM_POSITION phase=NONE qty=57 avgPrice=8440.0000
2026-05-07 11:57:17 WARN  SELL_SKIP [KRX] 037030 reason=PHANTOM_POSITION phase=NONE qty=57 avgPrice=8440.0000
2026-05-07 11:57:22 WARN  SELL_SKIP [KRX] 037030 reason=PHANTOM_POSITION phase=NONE qty=57 avgPrice=8440.0000
2026-05-07 11:57:27 WARN  SELL_SKIP [KRX] 037030 reason=PHANTOM_POSITION phase=NONE qty=57 avgPrice=8440.0000
2026-05-07 11:57:32 WARN  SELL_SKIP [KRX] 037030 reason=PHANTOM_POSITION phase=NONE qty=57 avgPrice=8440.0000
2026-05-07 11:57:37 WARN  SELL_SKIP [KRX] 037030 reason=PHANTOM_POSITION phase=NONE qty=57 avgPrice=8440.0000
2026-05-07 11:57:43 WARN  SELL_SKIP [KRX] 037030 reason=PHANTOM_POSITION phase=NONE qty=57 avgPrice=8440.0000
2026-05-07 11:57:48 WARN  SELL_SKIP [KRX] 037030 reason=PHANTOM_POSITION phase=NONE qty=57 avgPrice=8440.0000
2026-05-07 11:57:53 WARN  SELL_SKIP [KRX] 037030 reason=PHANTOM_POSITION phase=NONE qty=57 avgPrice=8440.0000
2026-05-07 11:57:58 WARN  SELL_SKIP [KRX] 037030 reason=PHANTOM_POSITION phase=NONE qty=57 avgPrice=8440.0000
2026-05-07 11:58:03 WARN  SELL_SKIP [KRX] 037030 reason=PHANTOM_POSITION phase=NONE qty=57 avgPrice=8440.0000
2026-05-07 11:58:08 WARN  SELL_SKIP [KRX] 037030 reason=PHANTOM_POSITION phase=NONE qty=57 avgPrice=8440.0000
2026-05-07 11:58:13 WARN  SELL_SKIP [KRX] 037030 reason=PHANTOM_POSITION phase=NONE qty=57 avgPrice=8440.0000
2026-05-07 11:58:18 WARN  SELL_SKIP [KRX] 037030 reason=PHANTOM_POSITION phase=NONE qty=57 avgPrice=8440.0000
2026-05-07 11:58:23 WARN  SELL_SKIP [KRX] 037030 reason=PHANTOM_POSITION phase=NONE qty=57 avgPrice=8440.0000
2026-05-07 11:58:28 WARN  SELL_SKIP [KRX] 037030 reason=PHANTOM_POSITION phase=NONE qty=57 avgPrice=8440.0000
2026-05-07 11:58:34 WARN  SELL_SKIP [KRX] 037030 reason=PHANTOM_POSITION phase=NONE qty=57 avgPrice=8440.0000
2026-05-07 11:58:39 WARN  SELL_SKIP [KRX] 037030 reason=PHANTOM_POSITION phase=NONE qty=57 avgPrice=8440.0000
2026-05-07 11:58:49 WARN  SELL_SKIP [KRX] 037030 reason=PHANTOM_POSITION phase=NONE qty=57 avgPrice=8440.0000
2026-05-07 11:58:54 WARN  SELL_SKIP [KRX] 037030 reason=PHANTOM_POSITION phase=NONE qty=57 avgPrice=8440.0000
2026-05-07 11:58:59 WARN  SELL_SKIP [KRX] 037030 reason=PHANTOM_POSITION phase=NONE qty=57 avgPrice=8440.0000
2026-05-07 11:59:04 WARN  SELL_SKIP [KRX] 037030 reason=PHANTOM_POSITION phase=NONE qty=57 avgPrice=8440.0000
2026-05-07 11:59:09 WARN  SELL_SKIP [KRX] 037030 reason=PHANTOM_POSITION phase=NONE qty=57 avgPrice=8440.0000
2026-05-07 11:59:14 WARN  SELL_SKIP [KRX] 037030 reason=PHANTOM_POSITION phase=NONE qty=57 avgPrice=8440.0000
2026-05-07 11:59:19 WARN  SELL_SKIP [KRX] 037030 reason=PHANTOM_POSITION phase=NONE qty=57 avgPrice=8440.0000
2026-05-07 11:59:24 WARN  SELL_SKIP [KRX] 037030 reason=PHANTOM_POSITION phase=NONE qty=57 avgPrice=8440.0000
2026-05-07 11:59:29 WARN  SELL_SKIP [KRX] 037030 reason=PHANTOM_POSITION phase=NONE qty=57 avgPrice=8440.0000
2026-05-07 11:59:45 WARN  SELL_SKIP [KRX] 037030 reason=PHANTOM_POSITION phase=NONE qty=57 avgPrice=8440.0000
2026-05-07 11:59:50 WARN  SELL_SKIP [KRX] 037030 reason=PHANTOM_POSITION phase=NONE qty=57 avgPrice=8440.0000
2026-05-07 11:59:55 WARN  SELL_SKIP [KRX] 037030 reason=PHANTOM_POSITION phase=NONE qty=57 avgPrice=8440.0000
2026-05-07 12:00:00 WARN  SELL_SKIP [KRX] 037030 reason=PHANTOM_POSITION phase=NONE qty=57 avgPrice=8440.0000
2026-05-07 12:00:05 WARN  SELL_SKIP [KRX] 037030 reason=PHANTOM_POSITION phase=NONE qty=57 avgPrice=8440.0000
2026-05-07 12:00:10 WARN  SELL_SKIP [KRX] 037030 reason=PHANTOM_POSITION phase=NONE qty=57 avgPrice=8440.0000
2026-05-07 12:00:15 WARN  SELL_SKIP [KRX] 037030 reason=PHANTOM_POSITION phase=NONE qty=57 avgPrice=8440.0000
2026-05-07 12:00:20 WARN  SELL_SKIP [KRX] 037030 reason=PHANTOM_POSITION phase=NONE qty=57 avgPrice=8440.0000
2026-05-07 12:00:25 WARN  SELL_SKIP [KRX] 037030 reason=PHANTOM_POSITION phase=NONE qty=57 avgPrice=8440.0000
2026-05-07 12:00:30 WARN  SELL_SKIP [KRX] 037030 reason=PHANTOM_POSITION phase=NONE qty=57 avgPrice=8440.0000
2026-05-07 12:00:36 WARN  SELL_SKIP [KRX] 037030 reason=PHANTOM_POSITION phase=NONE qty=57 avgPrice=8440.0000
2026-05-07 12:00:51 WARN  SELL_SKIP [KRX] 037030 reason=PHANTOM_POSITION phase=NONE qty=57 avgPrice=8440.0000
2026-05-07 12:00:56 WARN  SELL_SKIP [KRX] 037030 reason=PHANTOM_POSITION phase=NONE qty=57 avgPrice=8440.0000
2026-05-07 12:01:01 WARN  SELL_SKIP [KRX] 037030 reason=PHANTOM_POSITION phase=NONE qty=57 avgPrice=8440.0000
2026-05-07 12:01:06 WARN  SELL_SKIP [KRX] 037030 reason=PHANTOM_POSITION phase=NONE qty=57 avgPrice=8440.0000
2026-05-07 12:01:11 WARN  SELL_SKIP [KRX] 037030 reason=PHANTOM_POSITION phase=NONE qty=57 avgPrice=8440.0000
2026-05-07 12:01:16 WARN  SELL_SKIP [KRX] 037030 reason=PHANTOM_POSITION phase=NONE qty=57 avgPrice=8440.0000
2026-05-07 12:01:21 WARN  SELL_SKIP [KRX] 037030 reason=PHANTOM_POSITION phase=NONE qty=57 avgPrice=8440.0000
2026-05-07 12:01:27 WARN  SELL_SKIP [KRX] 037030 reason=PHANTOM_POSITION phase=NONE qty=57 avgPrice=8440.0000
2026-05-07 12:01:32 WARN  SELL_SKIP [KRX] 037030 reason=PHANTOM_POSITION phase=NONE qty=57 avgPrice=8440.0000
2026-05-07 12:01:37 WARN  SELL_SKIP [KRX] 037030 reason=PHANTOM_POSITION phase=NONE qty=57 avgPrice=8440.0000
2026-05-07 12:01:42 WARN  SELL_SKIP [KRX] 037030 reason=PHANTOM_POSITION phase=NONE qty=57 avgPrice=8440.0000
2026-05-07 12:01:47 WARN  SELL_SKIP [KRX] 037030 reason=PHANTOM_POSITION phase=NONE qty=57 avgPrice=8440.0000
2026-05-07 12:01:52 WARN  SELL_SKIP [KRX] 037030 reason=PHANTOM_POSITION phase=NONE qty=57 avgPrice=8440.0000
2026-05-07 12:01:57 WARN  SELL_SKIP [KRX] 037030 reason=PHANTOM_POSITION phase=NONE qty=57 avgPrice=8440.0000
2026-05-07 12:02:03 WARN  SELL_SKIP [KRX] 037030 reason=PHANTOM_POSITION phase=NONE qty=57 avgPrice=8440.0000
2026-05-07 12:02:08 WARN  SELL_SKIP [KRX] 037030 reason=PHANTOM_POSITION phase=NONE qty=57 avgPrice=8440.0000
2026-05-07 12:02:13 WARN  SELL_SKIP [KRX] 037030 reason=PHANTOM_POSITION phase=NONE qty=57 avgPrice=8440.0000
2026-05-07 12:02:18 WARN  SELL_SKIP [KRX] 037030 reason=PHANTOM_POSITION phase=NONE qty=57 avgPrice=8440.0000
2026-05-07 12:02:23 WARN  SELL_SKIP [KRX] 037030 reason=PHANTOM_POSITION phase=NONE qty=57 avgPrice=8440.0000
2026-05-07 12:02:28 WARN  SELL_SKIP [KRX] 037030 reason=PHANTOM_POSITION phase=NONE qty=57 avgPrice=8440.0000
2026-05-07 12:02:33 WARN  SELL_SKIP [KRX] 037030 reason=PHANTOM_POSITION phase=NONE qty=57 avgPrice=8440.0000
2026-05-07 12:02:38 WARN  SELL_SKIP [KRX] 037030 reason=PHANTOM_POSITION phase=NONE qty=57 avgPrice=8440.0000
2026-05-07 12:02:43 WARN  SELL_SKIP [KRX] 037030 reason=PHANTOM_POSITION phase=NONE qty=57 avgPrice=8440.0000
2026-05-07 12:02:48 WARN  SELL_SKIP [KRX] 037030 reason=PHANTOM_POSITION phase=NONE qty=57 avgPrice=8440.0000
2026-05-07 12:02:53 WARN  SELL_SKIP [KRX] 037030 reason=PHANTOM_POSITION phase=NONE qty=57 avgPrice=8440.0000
2026-05-07 12:02:58 WARN  SELL_SKIP [KRX] 037030 reason=PHANTOM_POSITION phase=NONE qty=57 avgPrice=8440.0000
2026-05-07 12:03:03 WARN  SELL_SKIP [KRX] 037030 reason=PHANTOM_POSITION phase=NONE qty=57 avgPrice=8440.0000
2026-05-07 12:03:08 WARN  SELL_SKIP [KRX] 037030 reason=PHANTOM_POSITION phase=NONE qty=57 avgPrice=8440.0000
2026-05-07 12:03:14 WARN  SELL_SKIP [KRX] 037030 reason=PHANTOM_POSITION phase=NONE qty=57 avgPrice=8440.0000
2026-05-07 12:03:19 WARN  SELL_SKIP [KRX] 037030 reason=PHANTOM_POSITION phase=NONE qty=57 avgPrice=8440.0000
2026-05-07 12:03:24 WARN  SELL_SKIP [KRX] 037030 reason=PHANTOM_POSITION phase=NONE qty=57 avgPrice=8440.0000
2026-05-07 12:03:29 WARN  SELL_SKIP [KRX] 037030 reason=PHANTOM_POSITION phase=NONE qty=57 avgPrice=8440.0000
2026-05-07 12:03:34 WARN  SELL_SKIP [KRX] 037030 reason=PHANTOM_POSITION phase=NONE qty=57 avgPrice=8440.0000
2026-05-07 12:03:39 WARN  SELL_SKIP [KRX] 037030 reason=PHANTOM_POSITION phase=NONE qty=57 avgPrice=8440.0000
2026-05-07 12:03:44 WARN  SELL_SKIP [KRX] 037030 reason=PHANTOM_POSITION phase=NONE qty=57 avgPrice=8440.0000
2026-05-07 12:03:49 WARN  SELL_SKIP [KRX] 037030 reason=PHANTOM_POSITION phase=NONE qty=57 avgPrice=8440.0000
2026-05-07 12:03:54 WARN  SELL_SKIP [KRX] 037030 reason=PHANTOM_POSITION phase=NONE qty=57 avgPrice=8440.0000
2026-05-07 12:03:59 WARN  SELL_SKIP [KRX] 037030 reason=PHANTOM_POSITION phase=NONE qty=57 avgPrice=8440.0000
2026-05-07 12:04:04 WARN  SELL_SKIP [KRX] 037030 reason=PHANTOM_POSITION phase=NONE qty=57 avgPrice=8440.0000
2026-05-07 12:04:10 WARN  SELL_SKIP [KRX] 037030 reason=PHANTOM_POSITION phase=NONE qty=57 avgPrice=8440.0000
2026-05-07 12:04:15 WARN  SELL_SKIP [KRX] 037030 reason=PHANTOM_POSITION phase=NONE qty=57 avgPrice=8440.0000
2026-05-07 12:04:20 WARN  SELL_SKIP [KRX] 037030 reason=PHANTOM_POSITION phase=NONE qty=57 avgPrice=8440.0000
2026-05-07 12:04:25 WARN  SELL_SKIP [KRX] 037030 reason=PHANTOM_POSITION phase=NONE qty=57 avgPrice=8440.0000
2026-05-07 12:04:30 WARN  SELL_SKIP [KRX] 037030 reason=PHANTOM_POSITION phase=NONE qty=57 avgPrice=8440.0000
2026-05-07 12:04:35 WARN  SELL_SKIP [KRX] 037030 reason=PHANTOM_POSITION phase=NONE qty=57 avgPrice=8440.0000
2026-05-07 12:04:40 WARN  SELL_SKIP [KRX] 037030 reason=PHANTOM_POSITION phase=NONE qty=57 avgPrice=8440.0000
2026-05-07 12:04:45 WARN  SELL_SKIP [KRX] 037030 reason=PHANTOM_POSITION phase=NONE qty=57 avgPrice=8440.0000
2026-05-07 12:04:50 WARN  SELL_SKIP [KRX] 037030 reason=PHANTOM_POSITION phase=NONE qty=57 avgPrice=8440.0000
2026-05-07 12:04:55 WARN  SELL_SKIP [KRX] 037030 reason=PHANTOM_POSITION phase=NONE qty=57 avgPrice=8440.0000
2026-05-07 12:05:00 WARN  SELL_SKIP [KRX] 037030 reason=PHANTOM_POSITION phase=NONE qty=57 avgPrice=8440.0000
2026-05-07 12:05:06 WARN  SELL_SKIP [KRX] 037030 reason=PHANTOM_POSITION phase=NONE qty=57 avgPrice=8440.0000
2026-05-07 12:05:11 WARN  SELL_SKIP [KRX] 037030 reason=PHANTOM_POSITION phase=NONE qty=57 avgPrice=8440.0000
2026-05-07 12:05:16 WARN  SELL_SKIP [KRX] 037030 reason=PHANTOM_POSITION phase=NONE qty=57 avgPrice=8440.0000
2026-05-07 12:05:21 WARN  SELL_SKIP [KRX] 037030 reason=PHANTOM_POSITION phase=NONE qty=57 avgPrice=8440.0000
2026-05-07 12:05:26 WARN  SELL_SKIP [KRX] 037030 reason=PHANTOM_POSITION phase=NONE qty=57 avgPrice=8440.0000
2026-05-07 12:05:31 WARN  SELL_SKIP [KRX] 037030 reason=PHANTOM_POSITION phase=NONE qty=57 avgPrice=8440.0000
2026-05-07 12:05:36 WARN  SELL_SKIP [KRX] 037030 reason=PHANTOM_POSITION phase=NONE qty=57 avgPrice=8440.0000
2026-05-07 12:05:41 WARN  SELL_SKIP [KRX] 037030 reason=PHANTOM_POSITION phase=NONE qty=57 avgPrice=8440.0000
2026-05-07 12:05:46 WARN  SELL_SKIP [KRX] 037030 reason=PHANTOM_POSITION phase=NONE qty=57 avgPrice=8440.0000
2026-05-07 12:05:51 WARN  SELL_SKIP [KRX] 037030 reason=PHANTOM_POSITION phase=NONE qty=57 avgPrice=8440.0000
2026-05-07 12:05:57 WARN  SELL_SKIP [KRX] 037030 reason=PHANTOM_POSITION phase=NONE qty=57 avgPrice=8440.0000
2026-05-07 12:06:02 WARN  SELL_SKIP [KRX] 037030 reason=PHANTOM_POSITION phase=NONE qty=57 avgPrice=8440.0000
2026-05-07 12:06:07 WARN  SELL_SKIP [KRX] 037030 reason=PHANTOM_POSITION phase=NONE qty=57 avgPrice=8440.0000
2026-05-07 12:06:12 WARN  SELL_SKIP [KRX] 037030 reason=PHANTOM_POSITION phase=NONE qty=57 avgPrice=8440.0000
2026-05-07 12:06:17 WARN  SELL_SKIP [KRX] 037030 reason=PHANTOM_POSITION phase=NONE qty=57 avgPrice=8440.0000
2026-05-07 12:06:22 WARN  SELL_SKIP [KRX] 037030 reason=PHANTOM_POSITION phase=NONE qty=57 avgPrice=8440.0000
2026-05-07 12:06:27 WARN  SELL_SKIP [KRX] 037030 reason=PHANTOM_POSITION phase=NONE qty=57 avgPrice=8440.0000
2026-05-07 12:06:32 WARN  SELL_SKIP [KRX] 037030 reason=PHANTOM_POSITION phase=NONE qty=57 avgPrice=8440.0000
2026-05-07 12:06:37 WARN  SELL_SKIP [KRX] 037030 reason=PHANTOM_POSITION phase=NONE qty=57 avgPrice=8440.0000
2026-05-07 12:06:42 WARN  SELL_SKIP [KRX] 037030 reason=PHANTOM_POSITION phase=NONE qty=57 avgPrice=8440.0000
2026-05-07 12:06:47 WARN  SELL_SKIP [KRX] 037030 reason=PHANTOM_POSITION phase=NONE qty=57 avgPrice=8440.0000
2026-05-07 12:06:52 WARN  SELL_SKIP [KRX] 037030 reason=PHANTOM_POSITION phase=NONE qty=57 avgPrice=8440.0000
2026-05-07 12:06:57 WARN  SELL_SKIP [KRX] 037030 reason=PHANTOM_POSITION phase=NONE qty=57 avgPrice=8440.0000
2026-05-07 12:07:03 WARN  SELL_SKIP [KRX] 037030 reason=PHANTOM_POSITION phase=NONE qty=57 avgPrice=8440.0000
2026-05-07 12:07:08 WARN  SELL_SKIP [KRX] 037030 reason=PHANTOM_POSITION phase=NONE qty=57 avgPrice=8440.0000
2026-05-07 12:07:13 WARN  SELL_SKIP [KRX] 037030 reason=PHANTOM_POSITION phase=NONE qty=57 avgPrice=8440.0000
2026-05-07 12:07:18 WARN  SELL_SKIP [KRX] 037030 reason=PHANTOM_POSITION phase=NONE qty=57 avgPrice=8440.0000
2026-05-07 12:07:23 WARN  SELL_SKIP [KRX] 037030 reason=PHANTOM_POSITION phase=NONE qty=57 avgPrice=8440.0000
2026-05-07 12:07:28 WARN  SELL_SKIP [KRX] 037030 reason=PHANTOM_POSITION phase=NONE qty=57 avgPrice=8440.0000
2026-05-07 12:07:33 WARN  SELL_SKIP [KRX] 037030 reason=PHANTOM_POSITION phase=NONE qty=57 avgPrice=8440.0000
2026-05-07 12:07:38 WARN  SELL_SKIP [KRX] 037030 reason=PHANTOM_POSITION phase=NONE qty=57 avgPrice=8440.0000
2026-05-07 12:07:43 WARN  SELL_SKIP [KRX] 037030 reason=PHANTOM_POSITION phase=NONE qty=57 avgPrice=8440.0000
2026-05-07 12:07:48 WARN  SELL_SKIP [KRX] 037030 reason=PHANTOM_POSITION phase=NONE qty=57 avgPrice=8440.0000
2026-05-07 12:07:53 WARN  SELL_SKIP [KRX] 037030 reason=PHANTOM_POSITION phase=NONE qty=57 avgPrice=8440.0000
2026-05-07 12:07:58 WARN  SELL_SKIP [KRX] 037030 reason=PHANTOM_POSITION phase=NONE qty=57 avgPrice=8440.0000
2026-05-07 12:08:04 WARN  SELL_SKIP [KRX] 037030 reason=PHANTOM_POSITION phase=NONE qty=57 avgPrice=8440.0000
2026-05-07 12:08:09 WARN  SELL_SKIP [KRX] 037030 reason=PHANTOM_POSITION phase=NONE qty=57 avgPrice=8440.0000
2026-05-07 12:08:14 WARN  SELL_SKIP [KRX] 037030 reason=PHANTOM_POSITION phase=NONE qty=57 avgPrice=8440.0000
2026-05-07 12:08:19 WARN  SELL_SKIP [KRX] 037030 reason=PHANTOM_POSITION phase=NONE qty=57 avgPrice=8440.0000
2026-05-07 12:08:24 WARN  SELL_SKIP [KRX] 037030 reason=PHANTOM_POSITION phase=NONE qty=57 avgPrice=8440.0000
2026-05-07 12:08:29 WARN  SELL_SKIP [KRX] 037030 reason=PHANTOM_POSITION phase=NONE qty=57 avgPrice=8440.0000
2026-05-07 12:08:34 WARN  SELL_SKIP [KRX] 037030 reason=PHANTOM_POSITION phase=NONE qty=57 avgPrice=8440.0000
2026-05-07 12:08:39 WARN  SELL_SKIP [KRX] 037030 reason=PHANTOM_POSITION phase=NONE qty=57 avgPrice=8440.0000
2026-05-07 12:08:44 WARN  SELL_SKIP [KRX] 037030 reason=PHANTOM_POSITION phase=NONE qty=57 avgPrice=8440.0000
2026-05-07 12:08:49 WARN  SELL_SKIP [KRX] 037030 reason=PHANTOM_POSITION phase=NONE qty=57 avgPrice=8440.0000
2026-05-07 12:08:54 WARN  SELL_SKIP [KRX] 037030 reason=PHANTOM_POSITION phase=NONE qty=57 avgPrice=8440.0000
2026-05-07 12:08:59 WARN  SELL_SKIP [KRX] 037030 reason=PHANTOM_POSITION phase=NONE qty=57 avgPrice=8440.0000
2026-05-07 12:09:05 WARN  SELL_SKIP [KRX] 037030 reason=PHANTOM_POSITION phase=NONE qty=57 avgPrice=8440.0000
2026-05-07 12:09:10 WARN  SELL_SKIP [KRX] 037030 reason=PHANTOM_POSITION phase=NONE qty=57 avgPrice=8440.0000
2026-05-07 12:09:15 WARN  SELL_SKIP [KRX] 037030 reason=PHANTOM_POSITION phase=NONE qty=57 avgPrice=8440.0000
2026-05-07 12:09:20 WARN  SELL_SKIP [KRX] 037030 reason=PHANTOM_POSITION phase=NONE qty=57 avgPrice=8440.0000
2026-05-07 12:09:25 WARN  SELL_SKIP [KRX] 037030 reason=PHANTOM_POSITION phase=NONE qty=57 avgPrice=8440.0000
2026-05-07 12:09:30 WARN  SELL_SKIP [KRX] 037030 reason=PHANTOM_POSITION phase=NONE qty=57 avgPrice=8440.0000
2026-05-07 12:09:35 WARN  SELL_SKIP [KRX] 037030 reason=PHANTOM_POSITION phase=NONE qty=57 avgPrice=8440.0000
2026-05-07 12:09:40 WARN  SELL_SKIP [KRX] 037030 reason=PHANTOM_POSITION phase=NONE qty=57 avgPrice=8440.0000
2026-05-07 12:09:45 WARN  SELL_SKIP [KRX] 037030 reason=PHANTOM_POSITION phase=NONE qty=57 avgPrice=8440.0000
2026-05-07 12:09:50 WARN  SELL_SKIP [KRX] 037030 reason=PHANTOM_POSITION phase=NONE qty=57 avgPrice=8440.0000
2026-05-07 12:09:55 WARN  SELL_SKIP [KRX] 037030 reason=PHANTOM_POSITION phase=NONE qty=57 avgPrice=8440.0000
2026-05-07 12:10:01 WARN  SELL_SKIP [KRX] 037030 reason=PHANTOM_POSITION phase=NONE qty=57 avgPrice=8440.0000
2026-05-07 12:10:06 WARN  SELL_SKIP [KRX] 037030 reason=PHANTOM_POSITION phase=NONE qty=57 avgPrice=8440.0000
2026-05-07 12:10:11 WARN  SELL_SKIP [KRX] 037030 reason=PHANTOM_POSITION phase=NONE qty=57 avgPrice=8440.0000
2026-05-07 12:10:16 WARN  SELL_SKIP [KRX] 037030 reason=PHANTOM_POSITION phase=NONE qty=57 avgPrice=8440.0000
2026-05-07 12:10:21 WARN  SELL_SKIP [KRX] 037030 reason=PHANTOM_POSITION phase=NONE qty=57 avgPrice=8440.0000
2026-05-07 12:10:26 WARN  SELL_SKIP [KRX] 037030 reason=PHANTOM_POSITION phase=NONE qty=57 avgPrice=8440.0000
2026-05-07 12:10:31 WARN  SELL_SKIP [KRX] 037030 reason=PHANTOM_POSITION phase=NONE qty=57 avgPrice=8440.0000
2026-05-07 12:10:36 WARN  SELL_SKIP [KRX] 037030 reason=PHANTOM_POSITION phase=NONE qty=57 avgPrice=8440.0000
2026-05-07 12:10:41 WARN  SELL_SKIP [KRX] 037030 reason=PHANTOM_POSITION phase=NONE qty=57 avgPrice=8440.0000
2026-05-07 12:10:46 WARN  SELL_SKIP [KRX] 037030 reason=PHANTOM_POSITION phase=NONE qty=57 avgPrice=8440.0000
2026-05-07 12:10:51 WARN  SELL_SKIP [KRX] 037030 reason=PHANTOM_POSITION phase=NONE qty=57 avgPrice=8440.0000
2026-05-07 12:10:57 WARN  SELL_SKIP [KRX] 037030 reason=PHANTOM_POSITION phase=NONE qty=57 avgPrice=8440.0000
2026-05-07 12:11:02 WARN  SELL_SKIP [KRX] 037030 reason=PHANTOM_POSITION phase=NONE qty=58 avgPrice=8433.6207
2026-05-07 12:11:07 WARN  SELL_SKIP [KRX] 037030 reason=PHANTOM_POSITION phase=NONE qty=58 avgPrice=8433.6207
2026-05-07 12:11:12 WARN  SELL_SKIP [KRX] 037030 reason=PHANTOM_POSITION phase=NONE qty=58 avgPrice=8433.6207
2026-05-07 12:11:17 WARN  SELL_SKIP [KRX] 037030 reason=PHANTOM_POSITION phase=NONE qty=58 avgPrice=8433.6207
2026-05-07 12:11:22 WARN  SELL_SKIP [KRX] 037030 reason=PHANTOM_POSITION phase=NONE qty=58 avgPrice=8433.6207
2026-05-07 12:11:27 WARN  SELL_SKIP [KRX] 037030 reason=PHANTOM_POSITION phase=NONE qty=58 avgPrice=8433.6207
2026-05-07 12:11:32 WARN  SELL_SKIP [KRX] 037030 reason=PHANTOM_POSITION phase=NONE qty=58 avgPrice=8433.6207
2026-05-07 12:11:37 WARN  SELL_SKIP [KRX] 037030 reason=PHANTOM_POSITION phase=NONE qty=58 avgPrice=8433.6207
2026-05-07 12:11:42 WARN  SELL_SKIP [KRX] 037030 reason=PHANTOM_POSITION phase=NONE qty=58 avgPrice=8433.6207
2026-05-07 12:11:47 WARN  SELL_SKIP [KRX] 037030 reason=PHANTOM_POSITION phase=NONE qty=58 avgPrice=8433.6207
2026-05-07 12:11:52 WARN  SELL_SKIP [KRX] 037030 reason=PHANTOM_POSITION phase=NONE qty=58 avgPrice=8433.6207
2026-05-07 12:11:58 WARN  SELL_SKIP [KRX] 037030 reason=PHANTOM_POSITION phase=NONE qty=58 avgPrice=8433.6207
2026-05-07 12:12:03 WARN  SELL_SKIP [KRX] 037030 reason=PHANTOM_POSITION phase=NONE qty=58 avgPrice=8433.6207
2026-05-07 12:12:08 WARN  SELL_SKIP [KRX] 037030 reason=PHANTOM_POSITION phase=NONE qty=58 avgPrice=8433.6207
2026-05-07 12:12:13 WARN  SELL_SKIP [KRX] 037030 reason=PHANTOM_POSITION phase=NONE qty=58 avgPrice=8433.6207
2026-05-07 12:12:18 WARN  SELL_SKIP [KRX] 037030 reason=PHANTOM_POSITION phase=NONE qty=58 avgPrice=8433.6207
2026-05-07 12:12:23 WARN  SELL_SKIP [KRX] 037030 reason=PHANTOM_POSITION phase=NONE qty=58 avgPrice=8433.6207
2026-05-07 12:12:28 WARN  SELL_SKIP [KRX] 037030 reason=PHANTOM_POSITION phase=NONE qty=58 avgPrice=8433.6207
2026-05-07 12:12:33 WARN  SELL_SKIP [KRX] 037030 reason=PHANTOM_POSITION phase=NONE qty=58 avgPrice=8433.6207
2026-05-07 12:12:38 WARN  SELL_SKIP [KRX] 037030 reason=PHANTOM_POSITION phase=NONE qty=58 avgPrice=8433.6207
2026-05-07 12:12:43 WARN  SELL_SKIP [KRX] 037030 reason=PHANTOM_POSITION phase=NONE qty=58 avgPrice=8433.6207
2026-05-07 12:12:49 WARN  SELL_SKIP [KRX] 037030 reason=PHANTOM_POSITION phase=NONE qty=58 avgPrice=8433.6207
2026-05-07 12:12:54 WARN  SELL_SKIP [KRX] 037030 reason=PHANTOM_POSITION phase=NONE qty=58 avgPrice=8433.6207
2026-05-07 12:12:59 WARN  SELL_SKIP [KRX] 037030 reason=PHANTOM_POSITION phase=NONE qty=58 avgPrice=8433.6207
2026-05-07 12:13:04 WARN  SELL_SKIP [KRX] 037030 reason=PHANTOM_POSITION phase=NONE qty=58 avgPrice=8433.6207
2026-05-07 12:13:09 WARN  SELL_SKIP [KRX] 037030 reason=PHANTOM_POSITION phase=NONE qty=58 avgPrice=8433.6207
2026-05-07 12:13:14 WARN  SELL_SKIP [KRX] 037030 reason=PHANTOM_POSITION phase=NONE qty=58 avgPrice=8433.6207
2026-05-07 12:13:19 WARN  SELL_SKIP [KRX] 037030 reason=PHANTOM_POSITION phase=NONE qty=58 avgPrice=8433.6207
2026-05-07 12:13:24 WARN  SELL_SKIP [KRX] 037030 reason=PHANTOM_POSITION phase=NONE qty=58 avgPrice=8433.6207
2026-05-07 12:13:29 WARN  SELL_SKIP [KRX] 037030 reason=PHANTOM_POSITION phase=NONE qty=58 avgPrice=8433.6207
2026-05-07 12:13:34 WARN  SELL_SKIP [KRX] 037030 reason=PHANTOM_POSITION phase=NONE qty=58 avgPrice=8433.6207
2026-05-07 12:13:39 WARN  SELL_SKIP [KRX] 037030 reason=PHANTOM_POSITION phase=NONE qty=58 avgPrice=8433.6207
2026-05-07 12:13:45 WARN  SELL_SKIP [KRX] 037030 reason=PHANTOM_POSITION phase=NONE qty=58 avgPrice=8433.6207
2026-05-07 12:13:50 WARN  SELL_SKIP [KRX] 037030 reason=PHANTOM_POSITION phase=NONE qty=58 avgPrice=8433.6207
2026-05-07 12:13:55 WARN  SELL_SKIP [KRX] 037030 reason=PHANTOM_POSITION phase=NONE qty=58 avgPrice=8433.6207
2026-05-07 12:14:00 WARN  SELL_SKIP [KRX] 037030 reason=PHANTOM_POSITION phase=NONE qty=58 avgPrice=8433.6207
2026-05-07 12:14:05 WARN  SELL_SKIP [KRX] 037030 reason=PHANTOM_POSITION phase=NONE qty=58 avgPrice=8433.6207
2026-05-07 12:14:10 WARN  SELL_SKIP [KRX] 037030 reason=PHANTOM_POSITION phase=NONE qty=58 avgPrice=8433.6207
2026-05-07 12:14:15 WARN  SELL_SKIP [KRX] 037030 reason=PHANTOM_POSITION phase=NONE qty=58 avgPrice=8433.6207
2026-05-07 12:14:20 WARN  SELL_SKIP [KRX] 037030 reason=PHANTOM_POSITION phase=NONE qty=58 avgPrice=8433.6207
2026-05-07 12:14:25 WARN  SELL_SKIP [KRX] 037030 reason=PHANTOM_POSITION phase=NONE qty=58 avgPrice=8433.6207
2026-05-07 12:14:30 WARN  SELL_SKIP [KRX] 037030 reason=PHANTOM_POSITION phase=NONE qty=58 avgPrice=8433.6207
2026-05-07 12:14:35 WARN  SELL_SKIP [KRX] 037030 reason=PHANTOM_POSITION phase=NONE qty=58 avgPrice=8433.6207
2026-05-07 12:14:41 WARN  SELL_SKIP [KRX] 037030 reason=PHANTOM_POSITION phase=NONE qty=58 avgPrice=8433.6207
2026-05-07 12:14:46 WARN  SELL_SKIP [KRX] 037030 reason=PHANTOM_POSITION phase=NONE qty=58 avgPrice=8433.6207
2026-05-07 12:14:51 WARN  SELL_SKIP [KRX] 037030 reason=PHANTOM_POSITION phase=NONE qty=58 avgPrice=8433.6207
2026-05-07 12:14:56 WARN  SELL_SKIP [KRX] 037030 reason=PHANTOM_POSITION phase=NONE qty=58 avgPrice=8433.6207
2026-05-07 12:15:02 WARN  SELL_SKIP [KRX] 037030 reason=PHANTOM_POSITION phase=NONE qty=58 avgPrice=8433.6207
2026-05-07 12:15:07 WARN  SELL_SKIP [KRX] 037030 reason=PHANTOM_POSITION phase=NONE qty=58 avgPrice=8433.6207
2026-05-07 12:15:12 WARN  SELL_SKIP [KRX] 037030 reason=PHANTOM_POSITION phase=NONE qty=58 avgPrice=8433.6207
2026-05-07 12:15:27 WARN  SELL_SKIP [KRX] 037030 reason=PHANTOM_POSITION phase=NONE qty=58 avgPrice=8433.6207
2026-05-07 12:15:37 WARN  SELL_SKIP [KRX] 037030 reason=PHANTOM_POSITION phase=NONE qty=58 avgPrice=8433.6207
2026-05-07 12:15:42 WARN  SELL_SKIP [KRX] 037030 reason=PHANTOM_POSITION phase=NONE qty=58 avgPrice=8433.6207
2026-05-07 12:15:47 WARN  SELL_SKIP [KRX] 037030 reason=PHANTOM_POSITION phase=NONE qty=58 avgPrice=8433.6207
2026-05-07 12:15:52 WARN  SELL_SKIP [KRX] 037030 reason=PHANTOM_POSITION phase=NONE qty=58 avgPrice=8433.6207
2026-05-07 12:15:57 WARN  SELL_SKIP [KRX] 037030 reason=PHANTOM_POSITION phase=NONE qty=58 avgPrice=8433.6207
2026-05-07 12:16:02 WARN  SELL_SKIP [KRX] 037030 reason=PHANTOM_POSITION phase=NONE qty=58 avgPrice=8433.6207
2026-05-07 12:16:07 WARN  SELL_SKIP [KRX] 037030 reason=PHANTOM_POSITION phase=NONE qty=58 avgPrice=8433.6207
2026-05-07 12:16:13 WARN  SELL_SKIP [KRX] 037030 reason=PHANTOM_POSITION phase=NONE qty=58 avgPrice=8433.6207
2026-05-07 12:16:18 WARN  SELL_SKIP [KRX] 037030 reason=PHANTOM_POSITION phase=NONE qty=58 avgPrice=8433.6207
2026-05-07 12:16:23 WARN  SELL_SKIP [KRX] 037030 reason=PHANTOM_POSITION phase=NONE qty=58 avgPrice=8433.6207
2026-05-07 12:16:28 WARN  SELL_SKIP [KRX] 037030 reason=PHANTOM_POSITION phase=NONE qty=58 avgPrice=8433.6207
2026-05-07 12:16:33 WARN  SELL_SKIP [KRX] 037030 reason=PHANTOM_POSITION phase=NONE qty=58 avgPrice=8433.6207
2026-05-07 12:16:43 WARN  SELL_SKIP [KRX] 037030 reason=PHANTOM_POSITION phase=NONE qty=58 avgPrice=8433.6207
2026-05-07 12:16:48 WARN  SELL_SKIP [KRX] 037030 reason=PHANTOM_POSITION phase=NONE qty=58 avgPrice=8433.6207
2026-05-07 12:16:53 WARN  SELL_SKIP [KRX] 037030 reason=PHANTOM_POSITION phase=NONE qty=58 avgPrice=8433.6207
2026-05-07 12:16:58 WARN  SELL_SKIP [KRX] 037030 reason=PHANTOM_POSITION phase=NONE qty=58 avgPrice=8433.6207
2026-05-07 12:17:03 WARN  SELL_SKIP [KRX] 037030 reason=PHANTOM_POSITION phase=NONE qty=58 avgPrice=8433.6207
2026-05-07 12:17:09 WARN  SELL_SKIP [KRX] 037030 reason=PHANTOM_POSITION phase=NONE qty=58 avgPrice=8433.6207
2026-05-07 12:17:14 WARN  SELL_SKIP [KRX] 037030 reason=PHANTOM_POSITION phase=NONE qty=58 avgPrice=8433.6207
2026-05-07 12:17:19 WARN  SELL_SKIP [KRX] 037030 reason=PHANTOM_POSITION phase=NONE qty=58 avgPrice=8433.6207
2026-05-07 12:17:24 WARN  SELL_SKIP [KRX] 037030 reason=PHANTOM_POSITION phase=NONE qty=58 avgPrice=8433.6207
2026-05-07 12:17:29 WARN  SELL_SKIP [KRX] 037030 reason=PHANTOM_POSITION phase=NONE qty=58 avgPrice=8433.6207
2026-05-07 12:17:34 WARN  SELL_SKIP [KRX] 037030 reason=PHANTOM_POSITION phase=NONE qty=58 avgPrice=8433.6207
2026-05-07 12:17:39 WARN  SELL_SKIP [KRX] 037030 reason=PHANTOM_POSITION phase=NONE qty=58 avgPrice=8433.6207
2026-05-07 12:17:44 WARN  SELL_SKIP [KRX] 037030 reason=PHANTOM_POSITION phase=NONE qty=58 avgPrice=8433.6207
2026-05-07 12:17:49 WARN  SELL_SKIP [KRX] 037030 reason=PHANTOM_POSITION phase=NONE qty=58 avgPrice=8433.6207
2026-05-07 12:17:54 WARN  SELL_SKIP [KRX] 037030 reason=PHANTOM_POSITION phase=NONE qty=58 avgPrice=8433.6207
2026-05-07 12:17:59 WARN  SELL_SKIP [KRX] 037030 reason=PHANTOM_POSITION phase=NONE qty=58 avgPrice=8433.6207
2026-05-07 12:18:04 WARN  SELL_SKIP [KRX] 037030 reason=PHANTOM_POSITION phase=NONE qty=58 avgPrice=8433.6207
2026-05-07 12:18:10 WARN  SELL_SKIP [KRX] 037030 reason=PHANTOM_POSITION phase=NONE qty=58 avgPrice=8433.6207
2026-05-07 12:18:15 WARN  SELL_SKIP [KRX] 037030 reason=PHANTOM_POSITION phase=NONE qty=58 avgPrice=8433.6207
2026-05-07 12:18:20 WARN  SELL_SKIP [KRX] 037030 reason=PHANTOM_POSITION phase=NONE qty=58 avgPrice=8433.6207
2026-05-07 12:18:25 WARN  SELL_SKIP [KRX] 037030 reason=PHANTOM_POSITION phase=NONE qty=58 avgPrice=8433.6207
2026-05-07 12:18:30 WARN  SELL_SKIP [KRX] 037030 reason=PHANTOM_POSITION phase=NONE qty=58 avgPrice=8433.6207
2026-05-07 12:18:35 WARN  SELL_SKIP [KRX] 037030 reason=PHANTOM_POSITION phase=NONE qty=58 avgPrice=8433.6207
2026-05-07 12:18:40 WARN  SELL_SKIP [KRX] 037030 reason=PHANTOM_POSITION phase=NONE qty=58 avgPrice=8433.6207
2026-05-07 12:18:45 WARN  SELL_SKIP [KRX] 037030 reason=PHANTOM_POSITION phase=NONE qty=58 avgPrice=8433.6207
2026-05-07 12:18:50 WARN  SELL_SKIP [KRX] 037030 reason=PHANTOM_POSITION phase=NONE qty=58 avgPrice=8433.6207
2026-05-07 12:18:55 WARN  SELL_SKIP [KRX] 037030 reason=PHANTOM_POSITION phase=NONE qty=58 avgPrice=8433.6207
2026-05-07 12:19:00 WARN  SELL_SKIP [KRX] 037030 reason=PHANTOM_POSITION phase=NONE qty=58 avgPrice=8433.6207
2026-05-07 12:19:06 WARN  SELL_SKIP [KRX] 037030 reason=PHANTOM_POSITION phase=NONE qty=58 avgPrice=8433.6207
2026-05-07 12:19:11 WARN  SELL_SKIP [KRX] 037030 reason=PHANTOM_POSITION phase=NONE qty=58 avgPrice=8433.6207
2026-05-07 12:19:16 WARN  SELL_SKIP [KRX] 037030 reason=PHANTOM_POSITION phase=NONE qty=58 avgPrice=8433.6207
2026-05-07 12:19:21 WARN  SELL_SKIP [KRX] 037030 reason=PHANTOM_POSITION phase=NONE qty=58 avgPrice=8433.6207
2026-05-07 12:19:26 WARN  SELL_SKIP [KRX] 037030 reason=PHANTOM_POSITION phase=NONE qty=58 avgPrice=8433.6207
2026-05-07 12:19:31 WARN  SELL_SKIP [KRX] 037030 reason=PHANTOM_POSITION phase=NONE qty=58 avgPrice=8433.6207
2026-05-07 12:19:36 WARN  SELL_SKIP [KRX] 037030 reason=PHANTOM_POSITION phase=NONE qty=58 avgPrice=8433.6207
2026-05-07 12:19:41 WARN  SELL_SKIP [KRX] 037030 reason=PHANTOM_POSITION phase=NONE qty=58 avgPrice=8433.6207
2026-05-07 12:19:46 WARN  SELL_SKIP [KRX] 037030 reason=PHANTOM_POSITION phase=NONE qty=58 avgPrice=8433.6207
2026-05-07 12:19:51 WARN  SELL_SKIP [KRX] 037030 reason=PHANTOM_POSITION phase=NONE qty=58 avgPrice=8433.6207
2026-05-07 12:19:56 WARN  SELL_SKIP [KRX] 037030 reason=PHANTOM_POSITION phase=NONE qty=58 avgPrice=8433.6207
2026-05-07 12:20:02 WARN  SELL_SKIP [KRX] 037030 reason=PHANTOM_POSITION phase=NONE qty=58 avgPrice=8433.6207
2026-05-07 12:20:07 WARN  SELL_SKIP [KRX] 037030 reason=PHANTOM_POSITION phase=NONE qty=58 avgPrice=8433.6207
2026-05-07 12:20:12 WARN  SELL_SKIP [KRX] 037030 reason=PHANTOM_POSITION phase=NONE qty=58 avgPrice=8433.6207
2026-05-07 12:20:17 WARN  SELL_SKIP [KRX] 037030 reason=PHANTOM_POSITION phase=NONE qty=58 avgPrice=8433.6207
2026-05-07 12:20:22 WARN  SELL_SKIP [KRX] 037030 reason=PHANTOM_POSITION phase=NONE qty=58 avgPrice=8433.6207
2026-05-07 12:20:27 WARN  SELL_SKIP [KRX] 037030 reason=PHANTOM_POSITION phase=NONE qty=58 avgPrice=8433.6207
2026-05-07 12:20:32 WARN  SELL_SKIP [KRX] 037030 reason=PHANTOM_POSITION phase=NONE qty=58 avgPrice=8433.6207
2026-05-07 12:20:37 WARN  SELL_SKIP [KRX] 037030 reason=PHANTOM_POSITION phase=NONE qty=58 avgPrice=8433.6207
2026-05-07 12:20:42 WARN  SELL_SKIP [KRX] 037030 reason=PHANTOM_POSITION phase=NONE qty=58 avgPrice=8433.6207
2026-05-07 12:20:47 WARN  SELL_SKIP [KRX] 037030 reason=PHANTOM_POSITION phase=NONE qty=58 avgPrice=8433.6207
2026-05-07 12:20:52 WARN  SELL_SKIP [KRX] 037030 reason=PHANTOM_POSITION phase=NONE qty=58 avgPrice=8433.6207
2026-05-07 12:20:57 WARN  SELL_SKIP [KRX] 037030 reason=PHANTOM_POSITION phase=NONE qty=58 avgPrice=8433.6207
2026-05-07 12:21:08 WARN  SELL_SKIP [KRX] 037030 reason=PHANTOM_POSITION phase=NONE qty=58 avgPrice=8433.6207
2026-05-07 12:21:13 WARN  SELL_SKIP [KRX] 037030 reason=PHANTOM_POSITION phase=NONE qty=58 avgPrice=8433.6207
2026-05-07 12:21:18 WARN  SELL_SKIP [KRX] 037030 reason=PHANTOM_POSITION phase=NONE qty=58 avgPrice=8433.6207
2026-05-07 12:21:23 WARN  SELL_SKIP [KRX] 037030 reason=PHANTOM_POSITION phase=NONE qty=58 avgPrice=8433.6207
2026-05-07 12:21:28 WARN  SELL_SKIP [KRX] 037030 reason=PHANTOM_POSITION phase=NONE qty=58 avgPrice=8433.6207
2026-05-07 12:21:33 WARN  SELL_SKIP [KRX] 037030 reason=PHANTOM_POSITION phase=NONE qty=58 avgPrice=8433.6207
2026-05-07 12:21:38 WARN  SELL_SKIP [KRX] 037030 reason=PHANTOM_POSITION phase=NONE qty=58 avgPrice=8433.6207
2026-05-07 12:21:43 WARN  SELL_SKIP [KRX] 037030 reason=PHANTOM_POSITION phase=NONE qty=58 avgPrice=8433.6207
2026-05-07 12:21:48 WARN  SELL_SKIP [KRX] 037030 reason=PHANTOM_POSITION phase=NONE qty=58 avgPrice=8433.6207
2026-05-07 12:21:53 WARN  SELL_SKIP [KRX] 037030 reason=PHANTOM_POSITION phase=NONE qty=58 avgPrice=8433.6207
2026-05-07 12:21:58 WARN  SELL_SKIP [KRX] 037030 reason=PHANTOM_POSITION phase=NONE qty=58 avgPrice=8433.6207
2026-05-07 12:22:04 WARN  SELL_SKIP [KRX] 037030 reason=PHANTOM_POSITION phase=NONE qty=58 avgPrice=8433.6207
2026-05-07 12:22:09 WARN  SELL_SKIP [KRX] 037030 reason=PHANTOM_POSITION phase=NONE qty=58 avgPrice=8433.6207
2026-05-07 12:22:14 WARN  SELL_SKIP [KRX] 037030 reason=PHANTOM_POSITION phase=NONE qty=58 avgPrice=8433.6207
2026-05-07 12:22:19 WARN  SELL_SKIP [KRX] 037030 reason=PHANTOM_POSITION phase=NONE qty=58 avgPrice=8433.6207
2026-05-07 12:22:24 WARN  SELL_SKIP [KRX] 037030 reason=PHANTOM_POSITION phase=NONE qty=58 avgPrice=8433.6207
2026-05-07 12:22:29 WARN  SELL_SKIP [KRX] 037030 reason=PHANTOM_POSITION phase=NONE qty=58 avgPrice=8433.6207
2026-05-07 12:22:34 WARN  SELL_SKIP [KRX] 037030 reason=PHANTOM_POSITION phase=NONE qty=58 avgPrice=8433.6207
2026-05-07 12:22:39 WARN  SELL_SKIP [KRX] 037030 reason=PHANTOM_POSITION phase=NONE qty=58 avgPrice=8433.6207
2026-05-07 12:22:44 WARN  SELL_SKIP [KRX] 037030 reason=PHANTOM_POSITION phase=NONE qty=58 avgPrice=8433.6207
2026-05-07 12:22:49 WARN  SELL_SKIP [KRX] 037030 reason=PHANTOM_POSITION phase=NONE qty=58 avgPrice=8433.6207
2026-05-07 12:22:54 WARN  SELL_SKIP [KRX] 037030 reason=PHANTOM_POSITION phase=NONE qty=58 avgPrice=8433.6207
2026-05-07 12:23:05 WARN  SELL_SKIP [KRX] 037030 reason=PHANTOM_POSITION phase=NONE qty=58 avgPrice=8433.6207
2026-05-07 12:23:10 WARN  SELL_SKIP [KRX] 037030 reason=PHANTOM_POSITION phase=NONE qty=58 avgPrice=8433.6207
2026-05-07 12:23:15 WARN  SELL_SKIP [KRX] 037030 reason=PHANTOM_POSITION phase=NONE qty=58 avgPrice=8433.6207
2026-05-07 12:23:25 WARN  SELL_SKIP [KRX] 037030 reason=PHANTOM_POSITION phase=NONE qty=58 avgPrice=8433.6207
2026-05-07 12:23:30 WARN  SELL_SKIP [KRX] 037030 reason=PHANTOM_POSITION phase=NONE qty=58 avgPrice=8433.6207
2026-05-07 12:23:35 WARN  SELL_SKIP [KRX] 037030 reason=PHANTOM_POSITION phase=NONE qty=58 avgPrice=8433.6207
2026-05-07 12:23:40 WARN  SELL_SKIP [KRX] 037030 reason=PHANTOM_POSITION phase=NONE qty=58 avgPrice=8433.6207
2026-05-07 12:23:45 WARN  SELL_SKIP [KRX] 037030 reason=PHANTOM_POSITION phase=NONE qty=58 avgPrice=8433.6207
2026-05-07 12:23:51 WARN  SELL_SKIP [KRX] 037030 reason=PHANTOM_POSITION phase=NONE qty=58 avgPrice=8433.6207
2026-05-07 12:23:56 WARN  SELL_SKIP [KRX] 037030 reason=PHANTOM_POSITION phase=NONE qty=58 avgPrice=8433.6207
2026-05-07 12:24:01 WARN  SELL_SKIP [KRX] 037030 reason=PHANTOM_POSITION phase=NONE qty=58 avgPrice=8433.6207
2026-05-07 12:24:06 WARN  SELL_SKIP [KRX] 037030 reason=PHANTOM_POSITION phase=NONE qty=58 avgPrice=8433.6207
2026-05-07 12:24:11 WARN  SELL_SKIP [KRX] 037030 reason=PHANTOM_POSITION phase=NONE qty=58 avgPrice=8433.6207
2026-05-07 12:24:21 WARN  SELL_SKIP [KRX] 037030 reason=PHANTOM_POSITION phase=NONE qty=58 avgPrice=8433.6207
2026-05-07 12:24:26 WARN  SELL_SKIP [KRX] 037030 reason=PHANTOM_POSITION phase=NONE qty=58 avgPrice=8433.6207
2026-05-07 12:24:31 WARN  SELL_SKIP [KRX] 037030 reason=PHANTOM_POSITION phase=NONE qty=58 avgPrice=8433.6207
2026-05-07 12:24:36 WARN  SELL_SKIP [KRX] 037030 reason=PHANTOM_POSITION phase=NONE qty=58 avgPrice=8433.6207
2026-05-07 12:24:47 WARN  SELL_SKIP [KRX] 037030 reason=PHANTOM_POSITION phase=NONE qty=58 avgPrice=8433.6207
2026-05-07 12:24:52 WARN  SELL_SKIP [KRX] 037030 reason=PHANTOM_POSITION phase=NONE qty=58 avgPrice=8433.6207
2026-05-07 12:24:57 WARN  SELL_SKIP [KRX] 037030 reason=PHANTOM_POSITION phase=NONE qty=58 avgPrice=8433.6207
2026-05-07 12:25:02 WARN  SELL_SKIP [KRX] 037030 reason=PHANTOM_POSITION phase=NONE qty=58 avgPrice=8433.6207
2026-05-07 12:25:07 WARN  SELL_SKIP [KRX] 037030 reason=PHANTOM_POSITION phase=NONE qty=58 avgPrice=8433.6207
2026-05-07 12:25:12 WARN  SELL_SKIP [KRX] 037030 reason=PHANTOM_POSITION phase=NONE qty=58 avgPrice=8433.6207
2026-05-07 12:25:17 WARN  SELL_SKIP [KRX] 037030 reason=PHANTOM_POSITION phase=NONE qty=58 avgPrice=8433.6207
2026-05-07 12:25:22 WARN  SELL_SKIP [KRX] 037030 reason=PHANTOM_POSITION phase=NONE qty=58 avgPrice=8433.6207
2026-05-07 12:25:27 WARN  SELL_SKIP [KRX] 037030 reason=PHANTOM_POSITION phase=NONE qty=58 avgPrice=8433.6207
2026-05-07 12:25:32 WARN  SELL_SKIP [KRX] 037030 reason=PHANTOM_POSITION phase=NONE qty=58 avgPrice=8433.6207
2026-05-07 12:25:48 WARN  SELL_SKIP [KRX] 037030 reason=PHANTOM_POSITION phase=NONE qty=58 avgPrice=8433.6207
2026-05-07 12:25:53 WARN  SELL_SKIP [KRX] 037030 reason=PHANTOM_POSITION phase=NONE qty=58 avgPrice=8433.6207
2026-05-07 12:25:58 WARN  SELL_SKIP [KRX] 037030 reason=PHANTOM_POSITION phase=NONE qty=58 avgPrice=8433.6207
2026-05-07 12:26:03 WARN  SELL_SKIP [KRX] 037030 reason=PHANTOM_POSITION phase=NONE qty=58 avgPrice=8433.6207
2026-05-07 12:26:08 WARN  SELL_SKIP [KRX] 037030 reason=PHANTOM_POSITION phase=NONE qty=58 avgPrice=8433.6207
2026-05-07 12:26:13 WARN  SELL_SKIP [KRX] 037030 reason=PHANTOM_POSITION phase=NONE qty=58 avgPrice=8433.6207
2026-05-07 12:26:18 WARN  SELL_SKIP [KRX] 037030 reason=PHANTOM_POSITION phase=NONE qty=58 avgPrice=8433.6207
2026-05-07 12:26:23 WARN  SELL_SKIP [KRX] 037030 reason=PHANTOM_POSITION phase=NONE qty=58 avgPrice=8433.6207
2026-05-07 12:26:28 WARN  SELL_SKIP [KRX] 037030 reason=PHANTOM_POSITION phase=NONE qty=58 avgPrice=8433.6207
2026-05-07 12:26:33 WARN  SELL_SKIP [KRX] 037030 reason=PHANTOM_POSITION phase=NONE qty=58 avgPrice=8433.6207
2026-05-07 12:26:44 WARN  SELL_SKIP [KRX] 037030 reason=PHANTOM_POSITION phase=NONE qty=58 avgPrice=8433.6207
2026-05-07 12:26:49 WARN  SELL_SKIP [KRX] 037030 reason=PHANTOM_POSITION phase=NONE qty=58 avgPrice=8433.6207
2026-05-07 12:26:54 WARN  SELL_SKIP [KRX] 037030 reason=PHANTOM_POSITION phase=NONE qty=58 avgPrice=8433.6207
2026-05-07 12:26:59 WARN  SELL_SKIP [KRX] 037030 reason=PHANTOM_POSITION phase=NONE qty=58 avgPrice=8433.6207
2026-05-07 12:27:04 WARN  SELL_SKIP [KRX] 037030 reason=PHANTOM_POSITION phase=NONE qty=58 avgPrice=8433.6207
2026-05-07 12:27:09 WARN  SELL_SKIP [KRX] 037030 reason=PHANTOM_POSITION phase=NONE qty=58 avgPrice=8433.6207
2026-05-07 12:27:14 WARN  SELL_SKIP [KRX] 037030 reason=PHANTOM_POSITION phase=NONE qty=58 avgPrice=8433.6207
2026-05-07 12:27:19 WARN  SELL_SKIP [KRX] 037030 reason=PHANTOM_POSITION phase=NONE qty=58 avgPrice=8433.6207
2026-05-07 12:27:24 WARN  SELL_SKIP [KRX] 037030 reason=PHANTOM_POSITION phase=NONE qty=58 avgPrice=8433.6207
2026-05-07 12:27:30 WARN  SELL_SKIP [KRX] 037030 reason=PHANTOM_POSITION phase=NONE qty=58 avgPrice=8433.6207
2026-05-07 12:27:35 WARN  SELL_SKIP [KRX] 037030 reason=PHANTOM_POSITION phase=NONE qty=58 avgPrice=8433.6207
2026-05-07 12:27:40 WARN  SELL_SKIP [KRX] 037030 reason=PHANTOM_POSITION phase=NONE qty=58 avgPrice=8433.6207
2026-05-07 12:27:45 WARN  SELL_SKIP [KRX] 037030 reason=PHANTOM_POSITION phase=NONE qty=58 avgPrice=8433.6207
2026-05-07 12:27:50 WARN  SELL_SKIP [KRX] 037030 reason=PHANTOM_POSITION phase=NONE qty=58 avgPrice=8433.6207
2026-05-07 12:27:55 WARN  SELL_SKIP [KRX] 037030 reason=PHANTOM_POSITION phase=NONE qty=58 avgPrice=8433.6207
2026-05-07 12:28:00 WARN  SELL_SKIP [KRX] 037030 reason=PHANTOM_POSITION phase=NONE qty=58 avgPrice=8433.6207
2026-05-07 12:28:05 WARN  SELL_SKIP [KRX] 037030 reason=PHANTOM_POSITION phase=NONE qty=58 avgPrice=8433.6207
2026-05-07 12:28:10 WARN  SELL_SKIP [KRX] 037030 reason=PHANTOM_POSITION phase=NONE qty=58 avgPrice=8433.6207
2026-05-07 12:28:15 WARN  SELL_SKIP [KRX] 037030 reason=PHANTOM_POSITION phase=NONE qty=58 avgPrice=8433.6207
2026-05-07 12:28:20 WARN  SELL_SKIP [KRX] 037030 reason=PHANTOM_POSITION phase=NONE qty=58 avgPrice=8433.6207
2026-05-07 12:28:26 WARN  SELL_SKIP [KRX] 037030 reason=PHANTOM_POSITION phase=NONE qty=58 avgPrice=8433.6207
2026-05-07 12:28:31 WARN  SELL_SKIP [KRX] 037030 reason=PHANTOM_POSITION phase=NONE qty=58 avgPrice=8433.6207
2026-05-07 12:28:36 WARN  SELL_SKIP [KRX] 037030 reason=PHANTOM_POSITION phase=NONE qty=58 avgPrice=8433.6207
2026-05-07 12:28:41 WARN  SELL_SKIP [KRX] 037030 reason=PHANTOM_POSITION phase=NONE qty=58 avgPrice=8433.6207
2026-05-07 12:28:46 WARN  SELL_SKIP [KRX] 037030 reason=PHANTOM_POSITION phase=NONE qty=58 avgPrice=8433.6207
2026-05-07 12:28:51 WARN  SELL_SKIP [KRX] 037030 reason=PHANTOM_POSITION phase=NONE qty=58 avgPrice=8433.6207
2026-05-07 12:28:56 WARN  SELL_SKIP [KRX] 037030 reason=PHANTOM_POSITION phase=NONE qty=58 avgPrice=8433.6207
2026-05-07 12:29:01 WARN  SELL_SKIP [KRX] 037030 reason=PHANTOM_POSITION phase=NONE qty=58 avgPrice=8433.6207
2026-05-07 12:29:11 WARN  SELL_SKIP [KRX] 037030 reason=PHANTOM_POSITION phase=NONE qty=58 avgPrice=8433.6207
2026-05-07 12:29:16 WARN  SELL_SKIP [KRX] 037030 reason=PHANTOM_POSITION phase=NONE qty=58 avgPrice=8433.6207
2026-05-07 12:29:21 WARN  SELL_SKIP [KRX] 037030 reason=PHANTOM_POSITION phase=NONE qty=58 avgPrice=8433.6207
2026-05-07 12:29:27 WARN  SELL_SKIP [KRX] 037030 reason=PHANTOM_POSITION phase=NONE qty=58 avgPrice=8433.6207
2026-05-07 12:29:32 WARN  SELL_SKIP [KRX] 037030 reason=PHANTOM_POSITION phase=NONE qty=58 avgPrice=8433.6207
2026-05-07 12:29:37 WARN  SELL_SKIP [KRX] 037030 reason=PHANTOM_POSITION phase=NONE qty=58 avgPrice=8433.6207
2026-05-07 12:29:42 WARN  SELL_SKIP [KRX] 037030 reason=PHANTOM_POSITION phase=NONE qty=58 avgPrice=8433.6207
2026-05-07 12:29:47 WARN  SELL_SKIP [KRX] 037030 reason=PHANTOM_POSITION phase=NONE qty=58 avgPrice=8433.6207
2026-05-07 12:29:52 WARN  SELL_SKIP [KRX] 037030 reason=PHANTOM_POSITION phase=NONE qty=58 avgPrice=8433.6207
2026-05-07 12:29:57 WARN  SELL_SKIP [KRX] 037030 reason=PHANTOM_POSITION phase=NONE qty=58 avgPrice=8433.6207
2026-05-07 12:30:03 WARN  SELL_SKIP [KRX] 037030 reason=PHANTOM_POSITION phase=NONE qty=58 avgPrice=8433.6207
2026-05-07 12:30:13 WARN  SELL_SKIP [KRX] 037030 reason=PHANTOM_POSITION phase=NONE qty=58 avgPrice=8433.6207
2026-05-07 12:30:18 WARN  SELL_SKIP [KRX] 037030 reason=PHANTOM_POSITION phase=NONE qty=58 avgPrice=8433.6207
2026-05-07 12:30:23 WARN  SELL_SKIP [KRX] 037030 reason=PHANTOM_POSITION phase=NONE qty=58 avgPrice=8433.6207
2026-05-07 12:30:28 WARN  SELL_SKIP [KRX] 037030 reason=PHANTOM_POSITION phase=NONE qty=58 avgPrice=8433.6207
2026-05-07 12:30:33 WARN  SELL_SKIP [KRX] 037030 reason=PHANTOM_POSITION phase=NONE qty=58 avgPrice=8433.6207
2026-05-07 12:30:38 WARN  SELL_SKIP [KRX] 037030 reason=PHANTOM_POSITION phase=NONE qty=58 avgPrice=8433.6207
2026-05-07 12:30:43 WARN  SELL_SKIP [KRX] 037030 reason=PHANTOM_POSITION phase=NONE qty=58 avgPrice=8433.6207
2026-05-07 12:30:48 WARN  SELL_SKIP [KRX] 037030 reason=PHANTOM_POSITION phase=NONE qty=58 avgPrice=8433.6207
2026-05-07 12:30:53 WARN  SELL_SKIP [KRX] 037030 reason=PHANTOM_POSITION phase=NONE qty=58 avgPrice=8433.6207
2026-05-07 12:31:04 WARN  SELL_SKIP [KRX] 037030 reason=PHANTOM_POSITION phase=NONE qty=58 avgPrice=8433.6207
2026-05-07 12:31:09 WARN  SELL_SKIP [KRX] 037030 reason=PHANTOM_POSITION phase=NONE qty=58 avgPrice=8433.6207
2026-05-07 12:31:19 WARN  SELL_SKIP [KRX] 037030 reason=PHANTOM_POSITION phase=NONE qty=58 avgPrice=8433.6207
2026-05-07 12:31:24 WARN  SELL_SKIP [KRX] 037030 reason=PHANTOM_POSITION phase=NONE qty=58 avgPrice=8433.6207
2026-05-07 12:31:29 WARN  SELL_SKIP [KRX] 037030 reason=PHANTOM_POSITION phase=NONE qty=58 avgPrice=8433.6207
2026-05-07 12:31:34 WARN  SELL_SKIP [KRX] 037030 reason=PHANTOM_POSITION phase=NONE qty=58 avgPrice=8433.6207
2026-05-07 12:31:39 WARN  SELL_SKIP [KRX] 037030 reason=PHANTOM_POSITION phase=NONE qty=58 avgPrice=8433.6207
2026-05-07 12:31:44 WARN  SELL_SKIP [KRX] 037030 reason=PHANTOM_POSITION phase=NONE qty=58 avgPrice=8433.6207
2026-05-07 12:31:49 WARN  SELL_SKIP [KRX] 037030 reason=PHANTOM_POSITION phase=NONE qty=58 avgPrice=8433.6207
2026-05-07 12:31:55 WARN  SELL_SKIP [KRX] 037030 reason=PHANTOM_POSITION phase=NONE qty=58 avgPrice=8433.6207
2026-05-07 12:32:00 WARN  SELL_SKIP [KRX] 037030 reason=PHANTOM_POSITION phase=NONE qty=58 avgPrice=8433.6207
2026-05-07 12:32:05 WARN  SELL_SKIP [KRX] 037030 reason=PHANTOM_POSITION phase=NONE qty=58 avgPrice=8433.6207
2026-05-07 12:32:10 WARN  SELL_SKIP [KRX] 037030 reason=PHANTOM_POSITION phase=NONE qty=58 avgPrice=8433.6207
2026-05-07 12:32:15 WARN  SELL_SKIP [KRX] 037030 reason=PHANTOM_POSITION phase=NONE qty=58 avgPrice=8433.6207
2026-05-07 12:32:20 WARN  SELL_SKIP [KRX] 037030 reason=PHANTOM_POSITION phase=NONE qty=58 avgPrice=8433.6207
2026-05-07 12:32:25 WARN  SELL_SKIP [KRX] 037030 reason=PHANTOM_POSITION phase=NONE qty=58 avgPrice=8433.6207
2026-05-07 12:32:30 WARN  SELL_SKIP [KRX] 037030 reason=PHANTOM_POSITION phase=NONE qty=58 avgPrice=8433.6207
2026-05-07 12:32:35 WARN  SELL_SKIP [KRX] 037030 reason=PHANTOM_POSITION phase=NONE qty=58 avgPrice=8433.6207
2026-05-07 12:32:40 WARN  SELL_SKIP [KRX] 037030 reason=PHANTOM_POSITION phase=NONE qty=58 avgPrice=8433.6207
2026-05-07 12:32:45 WARN  SELL_SKIP [KRX] 037030 reason=PHANTOM_POSITION phase=NONE qty=58 avgPrice=8433.6207
2026-05-07 12:32:50 WARN  SELL_SKIP [KRX] 037030 reason=PHANTOM_POSITION phase=NONE qty=58 avgPrice=8433.6207
2026-05-07 12:32:56 WARN  SELL_SKIP [KRX] 037030 reason=PHANTOM_POSITION phase=NONE qty=58 avgPrice=8433.6207
2026-05-07 12:33:01 WARN  SELL_SKIP [KRX] 037030 reason=PHANTOM_POSITION phase=NONE qty=58 avgPrice=8433.6207
2026-05-07 12:33:06 WARN  SELL_SKIP [KRX] 037030 reason=PHANTOM_POSITION phase=NONE qty=58 avgPrice=8433.6207
2026-05-07 12:33:11 WARN  SELL_SKIP [KRX] 037030 reason=PHANTOM_POSITION phase=NONE qty=58 avgPrice=8433.6207
2026-05-07 12:33:16 WARN  SELL_SKIP [KRX] 037030 reason=PHANTOM_POSITION phase=NONE qty=58 avgPrice=8433.6207
2026-05-07 12:33:21 WARN  SELL_SKIP [KRX] 037030 reason=PHANTOM_POSITION phase=NONE qty=58 avgPrice=8433.6207
2026-05-07 12:33:26 WARN  SELL_SKIP [KRX] 037030 reason=PHANTOM_POSITION phase=NONE qty=58 avgPrice=8433.6207
2026-05-07 12:33:31 WARN  SELL_SKIP [KRX] 037030 reason=PHANTOM_POSITION phase=NONE qty=58 avgPrice=8433.6207
2026-05-07 12:33:36 WARN  SELL_SKIP [KRX] 037030 reason=PHANTOM_POSITION phase=NONE qty=58 avgPrice=8433.6207
2026-05-07 12:33:41 WARN  SELL_SKIP [KRX] 037030 reason=PHANTOM_POSITION phase=NONE qty=58 avgPrice=8433.6207
2026-05-07 12:33:46 WARN  SELL_SKIP [KRX] 037030 reason=PHANTOM_POSITION phase=NONE qty=58 avgPrice=8433.6207
2026-05-07 12:33:57 WARN  SELL_SKIP [KRX] 037030 reason=PHANTOM_POSITION phase=NONE qty=58 avgPrice=8433.6207
2026-05-07 12:34:02 WARN  SELL_SKIP [KRX] 037030 reason=PHANTOM_POSITION phase=NONE qty=58 avgPrice=8433.6207
2026-05-07 12:34:07 WARN  SELL_SKIP [KRX] 037030 reason=PHANTOM_POSITION phase=NONE qty=58 avgPrice=8433.6207
2026-05-07 12:34:12 WARN  SELL_SKIP [KRX] 037030 reason=PHANTOM_POSITION phase=NONE qty=58 avgPrice=8433.6207
2026-05-07 12:34:17 WARN  SELL_SKIP [KRX] 037030 reason=PHANTOM_POSITION phase=NONE qty=58 avgPrice=8433.6207
2026-05-07 12:34:22 WARN  SELL_SKIP [KRX] 037030 reason=PHANTOM_POSITION phase=NONE qty=58 avgPrice=8433.6207
2026-05-07 12:34:27 WARN  SELL_SKIP [KRX] 037030 reason=PHANTOM_POSITION phase=NONE qty=58 avgPrice=8433.6207
2026-05-07 12:34:32 WARN  SELL_SKIP [KRX] 037030 reason=PHANTOM_POSITION phase=NONE qty=58 avgPrice=8433.6207
2026-05-07 12:34:37 WARN  SELL_SKIP [KRX] 037030 reason=PHANTOM_POSITION phase=NONE qty=58 avgPrice=8433.6207
2026-05-07 12:34:48 WARN  SELL_SKIP [KRX] 037030 reason=PHANTOM_POSITION phase=NONE qty=58 avgPrice=8433.6207
2026-05-07 12:34:53 WARN  SELL_SKIP [KRX] 037030 reason=PHANTOM_POSITION phase=NONE qty=58 avgPrice=8433.6207
2026-05-07 12:34:58 WARN  SELL_SKIP [KRX] 037030 reason=PHANTOM_POSITION phase=NONE qty=58 avgPrice=8433.6207
2026-05-07 12:35:08 WARN  SELL_SKIP [KRX] 037030 reason=PHANTOM_POSITION phase=NONE qty=58 avgPrice=8433.6207
2026-05-07 12:35:13 WARN  SELL_SKIP [KRX] 037030 reason=PHANTOM_POSITION phase=NONE qty=58 avgPrice=8433.6207
2026-05-07 12:35:18 WARN  SELL_SKIP [KRX] 037030 reason=PHANTOM_POSITION phase=NONE qty=58 avgPrice=8433.6207
2026-05-07 12:35:23 WARN  SELL_SKIP [KRX] 037030 reason=PHANTOM_POSITION phase=NONE qty=58 avgPrice=8433.6207
2026-05-07 12:35:28 WARN  SELL_SKIP [KRX] 037030 reason=PHANTOM_POSITION phase=NONE qty=58 avgPrice=8433.6207
2026-05-07 12:35:33 WARN  SELL_SKIP [KRX] 037030 reason=PHANTOM_POSITION phase=NONE qty=58 avgPrice=8433.6207
2026-05-07 12:35:38 WARN  SELL_SKIP [KRX] 037030 reason=PHANTOM_POSITION phase=NONE qty=58 avgPrice=8433.6207
2026-05-07 12:35:44 WARN  SELL_SKIP [KRX] 037030 reason=PHANTOM_POSITION phase=NONE qty=58 avgPrice=8433.6207
2026-05-07 12:35:49 WARN  SELL_SKIP [KRX] 037030 reason=PHANTOM_POSITION phase=NONE qty=58 avgPrice=8433.6207
2026-05-07 12:35:54 WARN  SELL_SKIP [KRX] 037030 reason=PHANTOM_POSITION phase=NONE qty=58 avgPrice=8433.6207
2026-05-07 12:35:59 WARN  SELL_SKIP [KRX] 037030 reason=PHANTOM_POSITION phase=NONE qty=58 avgPrice=8433.6207
2026-05-07 12:36:04 WARN  SELL_SKIP [KRX] 037030 reason=PHANTOM_POSITION phase=NONE qty=58 avgPrice=8433.6207
2026-05-07 12:36:14 WARN  SELL_SKIP [KRX] 037030 reason=PHANTOM_POSITION phase=NONE qty=58 avgPrice=8433.6207
2026-05-07 12:36:19 WARN  SELL_SKIP [KRX] 037030 reason=PHANTOM_POSITION phase=NONE qty=58 avgPrice=8433.6207
2026-05-07 12:36:24 WARN  SELL_SKIP [KRX] 037030 reason=PHANTOM_POSITION phase=NONE qty=58 avgPrice=8433.6207
2026-05-07 12:36:29 WARN  SELL_SKIP [KRX] 037030 reason=PHANTOM_POSITION phase=NONE qty=58 avgPrice=8433.6207
2026-05-07 12:36:34 WARN  SELL_SKIP [KRX] 037030 reason=PHANTOM_POSITION phase=NONE qty=58 avgPrice=8433.6207
2026-05-07 12:36:39 WARN  SELL_SKIP [KRX] 037030 reason=PHANTOM_POSITION phase=NONE qty=58 avgPrice=8433.6207
2026-05-07 12:36:55 WARN  SELL_SKIP [KRX] 037030 reason=PHANTOM_POSITION phase=NONE qty=58 avgPrice=8433.6207
2026-05-07 12:37:00 WARN  SELL_SKIP [KRX] 037030 reason=PHANTOM_POSITION phase=NONE qty=58 avgPrice=8433.6207
2026-05-07 12:37:05 WARN  SELL_SKIP [KRX] 037030 reason=PHANTOM_POSITION phase=NONE qty=58 avgPrice=8433.6207
2026-05-07 12:37:10 WARN  SELL_SKIP [KRX] 037030 reason=PHANTOM_POSITION phase=NONE qty=58 avgPrice=8433.6207
2026-05-07 12:37:15 WARN  SELL_SKIP [KRX] 037030 reason=PHANTOM_POSITION phase=NONE qty=58 avgPrice=8433.6207
2026-05-07 12:37:20 WARN  SELL_SKIP [KRX] 037030 reason=PHANTOM_POSITION phase=NONE qty=58 avgPrice=8433.6207
2026-05-07 12:37:25 WARN  SELL_SKIP [KRX] 037030 reason=PHANTOM_POSITION phase=NONE qty=58 avgPrice=8433.6207
2026-05-07 12:37:30 WARN  SELL_SKIP [KRX] 037030 reason=PHANTOM_POSITION phase=NONE qty=58 avgPrice=8433.6207
2026-05-07 12:37:35 WARN  SELL_SKIP [KRX] 037030 reason=PHANTOM_POSITION phase=NONE qty=58 avgPrice=8433.6207
2026-05-07 12:37:41 WARN  SELL_SKIP [KRX] 037030 reason=PHANTOM_POSITION phase=NONE qty=58 avgPrice=8433.6207
2026-05-07 12:37:46 WARN  SELL_SKIP [KRX] 037030 reason=PHANTOM_POSITION phase=NONE qty=58 avgPrice=8433.6207
2026-05-07 12:37:56 WARN  SELL_SKIP [KRX] 037030 reason=PHANTOM_POSITION phase=NONE qty=58 avgPrice=8433.6207
2026-05-07 12:38:01 WARN  SELL_SKIP [KRX] 037030 reason=PHANTOM_POSITION phase=NONE qty=58 avgPrice=8433.6207
2026-05-07 12:38:06 WARN  SELL_SKIP [KRX] 037030 reason=PHANTOM_POSITION phase=NONE qty=58 avgPrice=8433.6207
2026-05-07 12:38:11 WARN  SELL_SKIP [KRX] 037030 reason=PHANTOM_POSITION phase=NONE qty=58 avgPrice=8433.6207
2026-05-07 12:38:16 WARN  SELL_SKIP [KRX] 037030 reason=PHANTOM_POSITION phase=NONE qty=58 avgPrice=8433.6207
2026-05-07 12:38:21 WARN  SELL_SKIP [KRX] 037030 reason=PHANTOM_POSITION phase=NONE qty=58 avgPrice=8433.6207
2026-05-07 12:38:26 WARN  SELL_SKIP [KRX] 037030 reason=PHANTOM_POSITION phase=NONE qty=58 avgPrice=8433.6207
2026-05-07 12:38:37 WARN  SELL_SKIP [KRX] 037030 reason=PHANTOM_POSITION phase=NONE qty=58 avgPrice=8433.6207
2026-05-07 12:38:42 WARN  SELL_SKIP [KRX] 037030 reason=PHANTOM_POSITION phase=NONE qty=58 avgPrice=8433.6207
2026-05-07 12:38:47 WARN  SELL_SKIP [KRX] 037030 reason=PHANTOM_POSITION phase=NONE qty=58 avgPrice=8433.6207
2026-05-07 12:38:52 WARN  SELL_SKIP [KRX] 037030 reason=PHANTOM_POSITION phase=NONE qty=58 avgPrice=8433.6207
2026-05-07 12:38:57 WARN  SELL_SKIP [KRX] 037030 reason=PHANTOM_POSITION phase=NONE qty=58 avgPrice=8433.6207
2026-05-07 12:39:02 WARN  SELL_SKIP [KRX] 037030 reason=PHANTOM_POSITION phase=NONE qty=58 avgPrice=8433.6207
2026-05-07 12:39:07 WARN  SELL_SKIP [KRX] 037030 reason=PHANTOM_POSITION phase=NONE qty=58 avgPrice=8433.6207
2026-05-07 12:39:12 WARN  SELL_SKIP [KRX] 037030 reason=PHANTOM_POSITION phase=NONE qty=58 avgPrice=8433.6207
2026-05-07 12:39:17 WARN  SELL_SKIP [KRX] 037030 reason=PHANTOM_POSITION phase=NONE qty=58 avgPrice=8433.6207
2026-05-07 12:39:22 WARN  SELL_SKIP [KRX] 037030 reason=PHANTOM_POSITION phase=NONE qty=58 avgPrice=8433.6207
2026-05-07 12:39:27 WARN  SELL_SKIP [KRX] 037030 reason=PHANTOM_POSITION phase=NONE qty=58 avgPrice=8433.6207
2026-05-07 12:39:32 WARN  SELL_SKIP [KRX] 037030 reason=PHANTOM_POSITION phase=NONE qty=58 avgPrice=8433.6207
2026-05-07 12:39:38 WARN  SELL_SKIP [KRX] 037030 reason=PHANTOM_POSITION phase=NONE qty=58 avgPrice=8433.6207
2026-05-07 12:39:43 WARN  SELL_SKIP [KRX] 037030 reason=PHANTOM_POSITION phase=NONE qty=58 avgPrice=8433.6207
2026-05-07 12:39:48 WARN  SELL_SKIP [KRX] 037030 reason=PHANTOM_POSITION phase=NONE qty=58 avgPrice=8433.6207
2026-05-07 12:39:53 WARN  SELL_SKIP [KRX] 037030 reason=PHANTOM_POSITION phase=NONE qty=58 avgPrice=8433.6207
2026-05-07 12:39:58 WARN  SELL_SKIP [KRX] 037030 reason=PHANTOM_POSITION phase=NONE qty=58 avgPrice=8433.6207
2026-05-07 12:40:03 WARN  SELL_SKIP [KRX] 037030 reason=PHANTOM_POSITION phase=NONE qty=58 avgPrice=8433.6207
2026-05-07 12:40:08 WARN  SELL_SKIP [KRX] 037030 reason=PHANTOM_POSITION phase=NONE qty=58 avgPrice=8433.6207
2026-05-07 12:40:13 WARN  SELL_SKIP [KRX] 037030 reason=PHANTOM_POSITION phase=NONE qty=58 avgPrice=8433.6207
2026-05-07 12:40:18 WARN  SELL_SKIP [KRX] 037030 reason=PHANTOM_POSITION phase=NONE qty=58 avgPrice=8433.6207
2026-05-07 12:40:28 WARN  SELL_SKIP [KRX] 037030 reason=PHANTOM_POSITION phase=NONE qty=58 avgPrice=8433.6207
2026-05-07 12:40:34 WARN  SELL_SKIP [KRX] 037030 reason=PHANTOM_POSITION phase=NONE qty=58 avgPrice=8433.6207
2026-05-07 12:40:39 WARN  SELL_SKIP [KRX] 037030 reason=PHANTOM_POSITION phase=NONE qty=58 avgPrice=8433.6207
2026-05-07 12:40:44 WARN  SELL_SKIP [KRX] 037030 reason=PHANTOM_POSITION phase=NONE qty=58 avgPrice=8433.6207
2026-05-07 12:40:49 WARN  SELL_SKIP [KRX] 037030 reason=PHANTOM_POSITION phase=NONE qty=58 avgPrice=8433.6207
2026-05-07 12:40:59 WARN  SELL_SKIP [KRX] 037030 reason=PHANTOM_POSITION phase=NONE qty=58 avgPrice=8433.6207
2026-05-07 12:41:04 WARN  SELL_SKIP [KRX] 037030 reason=PHANTOM_POSITION phase=NONE qty=58 avgPrice=8433.6207
2026-05-07 12:41:09 WARN  SELL_SKIP [KRX] 037030 reason=PHANTOM_POSITION phase=NONE qty=58 avgPrice=8433.6207
2026-05-07 12:41:14 WARN  SELL_SKIP [KRX] 037030 reason=PHANTOM_POSITION phase=NONE qty=58 avgPrice=8433.6207
2026-05-07 12:41:19 WARN  SELL_SKIP [KRX] 037030 reason=PHANTOM_POSITION phase=NONE qty=58 avgPrice=8433.6207
2026-05-07 12:41:24 WARN  SELL_SKIP [KRX] 037030 reason=PHANTOM_POSITION phase=NONE qty=58 avgPrice=8433.6207
2026-05-07 12:41:29 WARN  SELL_SKIP [KRX] 037030 reason=PHANTOM_POSITION phase=NONE qty=58 avgPrice=8433.6207
2026-05-07 12:41:35 WARN  SELL_SKIP [KRX] 037030 reason=PHANTOM_POSITION phase=NONE qty=58 avgPrice=8433.6207
2026-05-07 12:41:40 WARN  SELL_SKIP [KRX] 037030 reason=PHANTOM_POSITION phase=NONE qty=58 avgPrice=8433.6207
2026-05-07 12:41:55 WARN  SELL_SKIP [KRX] 037030 reason=PHANTOM_POSITION phase=NONE qty=58 avgPrice=8433.6207
2026-05-07 12:42:00 WARN  SELL_SKIP [KRX] 037030 reason=PHANTOM_POSITION phase=NONE qty=58 avgPrice=8433.6207
2026-05-07 12:42:05 WARN  SELL_SKIP [KRX] 037030 reason=PHANTOM_POSITION phase=NONE qty=58 avgPrice=8433.6207
2026-05-07 12:42:10 WARN  SELL_SKIP [KRX] 037030 reason=PHANTOM_POSITION phase=NONE qty=58 avgPrice=8433.6207
2026-05-07 12:42:36 WARN  SELL_SKIP [KRX] 037030 reason=PHANTOM_POSITION phase=NONE qty=58 avgPrice=8433.6207
2026-05-07 12:42:41 WARN  SELL_SKIP [KRX] 037030 reason=PHANTOM_POSITION phase=NONE qty=58 avgPrice=8433.6207
2026-05-07 12:42:46 WARN  SELL_SKIP [KRX] 037030 reason=PHANTOM_POSITION phase=NONE qty=58 avgPrice=8433.6207
2026-05-07 12:42:51 WARN  SELL_SKIP [KRX] 037030 reason=PHANTOM_POSITION phase=NONE qty=58 avgPrice=8433.6207
2026-05-07 12:42:56 WARN  SELL_SKIP [KRX] 037030 reason=PHANTOM_POSITION phase=NONE qty=58 avgPrice=8433.6207
2026-05-07 12:43:01 WARN  SELL_SKIP [KRX] 037030 reason=PHANTOM_POSITION phase=NONE qty=58 avgPrice=8433.6207
2026-05-07 12:43:06 WARN  SELL_SKIP [KRX] 037030 reason=PHANTOM_POSITION phase=NONE qty=58 avgPrice=8433.6207
2026-05-07 12:43:11 WARN  SELL_SKIP [KRX] 037030 reason=PHANTOM_POSITION phase=NONE qty=58 avgPrice=8433.6207
2026-05-07 12:43:17 WARN  SELL_SKIP [KRX] 037030 reason=PHANTOM_POSITION phase=NONE qty=58 avgPrice=8433.6207
2026-05-07 12:43:22 WARN  SELL_SKIP [KRX] 037030 reason=PHANTOM_POSITION phase=NONE qty=58 avgPrice=8433.6207
2026-05-07 12:43:27 WARN  SELL_SKIP [KRX] 037030 reason=PHANTOM_POSITION phase=NONE qty=58 avgPrice=8433.6207
2026-05-07 12:43:32 WARN  SELL_SKIP [KRX] 037030 reason=PHANTOM_POSITION phase=NONE qty=58 avgPrice=8433.6207
2026-05-07 12:43:37 WARN  SELL_SKIP [KRX] 037030 reason=PHANTOM_POSITION phase=NONE qty=58 avgPrice=8433.6207
2026-05-07 12:43:42 WARN  SELL_SKIP [KRX] 037030 reason=PHANTOM_POSITION phase=NONE qty=58 avgPrice=8433.6207
2026-05-07 12:43:47 WARN  SELL_SKIP [KRX] 037030 reason=PHANTOM_POSITION phase=NONE qty=58 avgPrice=8433.6207
2026-05-07 12:43:52 WARN  SELL_SKIP [KRX] 037030 reason=PHANTOM_POSITION phase=NONE qty=58 avgPrice=8433.6207
2026-05-07 12:43:57 WARN  SELL_SKIP [KRX] 037030 reason=PHANTOM_POSITION phase=NONE qty=58 avgPrice=8433.6207
2026-05-07 12:44:02 WARN  SELL_SKIP [KRX] 037030 reason=PHANTOM_POSITION phase=NONE qty=58 avgPrice=8433.6207
2026-05-07 12:44:07 WARN  SELL_SKIP [KRX] 037030 reason=PHANTOM_POSITION phase=NONE qty=58 avgPrice=8433.6207
2026-05-07 12:44:13 WARN  SELL_SKIP [KRX] 037030 reason=PHANTOM_POSITION phase=NONE qty=58 avgPrice=8433.6207
2026-05-07 12:44:23 WARN  SELL_SKIP [KRX] 037030 reason=PHANTOM_POSITION phase=NONE qty=58 avgPrice=8433.6207
2026-05-07 12:44:28 WARN  SELL_SKIP [KRX] 037030 reason=PHANTOM_POSITION phase=NONE qty=58 avgPrice=8433.6207
2026-05-07 12:44:33 WARN  SELL_SKIP [KRX] 037030 reason=PHANTOM_POSITION phase=NONE qty=58 avgPrice=8433.6207
2026-05-07 12:44:38 WARN  SELL_SKIP [KRX] 037030 reason=PHANTOM_POSITION phase=NONE qty=58 avgPrice=8433.6207
2026-05-07 12:44:43 WARN  SELL_SKIP [KRX] 037030 reason=PHANTOM_POSITION phase=NONE qty=58 avgPrice=8433.6207
2026-05-07 12:44:48 WARN  SELL_SKIP [KRX] 037030 reason=PHANTOM_POSITION phase=NONE qty=58 avgPrice=8433.6207
2026-05-07 12:44:53 WARN  SELL_SKIP [KRX] 037030 reason=PHANTOM_POSITION phase=NONE qty=58 avgPrice=8433.6207
2026-05-07 12:44:58 WARN  SELL_SKIP [KRX] 037030 reason=PHANTOM_POSITION phase=NONE qty=58 avgPrice=8433.6207
2026-05-07 12:45:03 WARN  SELL_SKIP [KRX] 037030 reason=PHANTOM_POSITION phase=NONE qty=58 avgPrice=8433.6207
2026-05-07 12:45:09 WARN  SELL_SKIP [KRX] 037030 reason=PHANTOM_POSITION phase=NONE qty=58 avgPrice=8433.6207
2026-05-07 12:45:24 WARN  SELL_SKIP [KRX] 037030 reason=PHANTOM_POSITION phase=NONE qty=58 avgPrice=8433.6207
2026-05-07 12:45:29 WARN  SELL_SKIP [KRX] 037030 reason=PHANTOM_POSITION phase=NONE qty=58 avgPrice=8433.6207
2026-05-07 12:45:34 WARN  SELL_SKIP [KRX] 037030 reason=PHANTOM_POSITION phase=NONE qty=58 avgPrice=8433.6207
2026-05-07 12:45:39 WARN  SELL_SKIP [KRX] 037030 reason=PHANTOM_POSITION phase=NONE qty=58 avgPrice=8433.6207
2026-05-07 12:45:44 WARN  SELL_SKIP [KRX] 037030 reason=PHANTOM_POSITION phase=NONE qty=58 avgPrice=8433.6207
2026-05-07 12:45:49 WARN  SELL_SKIP [KRX] 037030 reason=PHANTOM_POSITION phase=NONE qty=58 avgPrice=8433.6207
2026-05-07 12:45:54 WARN  SELL_SKIP [KRX] 037030 reason=PHANTOM_POSITION phase=NONE qty=58 avgPrice=8433.6207
2026-05-07 12:45:59 WARN  SELL_SKIP [KRX] 037030 reason=PHANTOM_POSITION phase=NONE qty=58 avgPrice=8433.6207
2026-05-07 12:46:05 WARN  SELL_SKIP [KRX] 037030 reason=PHANTOM_POSITION phase=NONE qty=58 avgPrice=8433.6207
2026-05-07 12:46:15 WARN  SELL_SKIP [KRX] 037030 reason=PHANTOM_POSITION phase=NONE qty=58 avgPrice=8433.6207
2026-05-07 12:46:20 WARN  SELL_SKIP [KRX] 037030 reason=PHANTOM_POSITION phase=NONE qty=58 avgPrice=8433.6207
2026-05-07 12:46:25 WARN  SELL_SKIP [KRX] 037030 reason=PHANTOM_POSITION phase=NONE qty=58 avgPrice=8433.6207
2026-05-07 12:46:30 WARN  SELL_SKIP [KRX] 037030 reason=PHANTOM_POSITION phase=NONE qty=58 avgPrice=8433.6207
2026-05-07 12:46:35 WARN  SELL_SKIP [KRX] 037030 reason=PHANTOM_POSITION phase=NONE qty=58 avgPrice=8433.6207
2026-05-07 12:46:40 WARN  SELL_SKIP [KRX] 037030 reason=PHANTOM_POSITION phase=NONE qty=58 avgPrice=8433.6207
2026-05-07 12:46:45 WARN  SELL_SKIP [KRX] 037030 reason=PHANTOM_POSITION phase=NONE qty=58 avgPrice=8433.6207
2026-05-07 12:46:50 WARN  SELL_SKIP [KRX] 037030 reason=PHANTOM_POSITION phase=NONE qty=58 avgPrice=8433.6207
2026-05-07 12:46:55 WARN  SELL_SKIP [KRX] 037030 reason=PHANTOM_POSITION phase=NONE qty=58 avgPrice=8433.6207
2026-05-07 12:47:01 WARN  SELL_SKIP [KRX] 037030 reason=PHANTOM_POSITION phase=NONE qty=58 avgPrice=8433.6207
2026-05-07 12:47:06 WARN  SELL_SKIP [KRX] 037030 reason=PHANTOM_POSITION phase=NONE qty=58 avgPrice=8433.6207
2026-05-07 12:47:11 WARN  SELL_SKIP [KRX] 037030 reason=PHANTOM_POSITION phase=NONE qty=58 avgPrice=8433.6207
2026-05-07 12:47:16 WARN  SELL_SKIP [KRX] 037030 reason=PHANTOM_POSITION phase=NONE qty=58 avgPrice=8433.6207
2026-05-07 12:47:21 WARN  SELL_SKIP [KRX] 037030 reason=PHANTOM_POSITION phase=NONE qty=58 avgPrice=8433.6207
2026-05-07 12:47:26 WARN  SELL_SKIP [KRX] 037030 reason=PHANTOM_POSITION phase=NONE qty=58 avgPrice=8433.6207
2026-05-07 12:47:31 WARN  SELL_SKIP [KRX] 037030 reason=PHANTOM_POSITION phase=NONE qty=58 avgPrice=8433.6207
2026-05-07 12:47:36 WARN  SELL_SKIP [KRX] 037030 reason=PHANTOM_POSITION phase=NONE qty=58 avgPrice=8433.6207
2026-05-07 12:47:41 WARN  SELL_SKIP [KRX] 037030 reason=PHANTOM_POSITION phase=NONE qty=58 avgPrice=8433.6207
2026-05-07 12:47:46 WARN  SELL_SKIP [KRX] 037030 reason=PHANTOM_POSITION phase=NONE qty=58 avgPrice=8433.6207
2026-05-07 12:47:57 WARN  SELL_SKIP [KRX] 037030 reason=PHANTOM_POSITION phase=NONE qty=58 avgPrice=8433.6207
2026-05-07 12:48:02 WARN  SELL_SKIP [KRX] 037030 reason=PHANTOM_POSITION phase=NONE qty=58 avgPrice=8433.6207
2026-05-07 12:48:07 WARN  SELL_SKIP [KRX] 037030 reason=PHANTOM_POSITION phase=NONE qty=58 avgPrice=8433.6207
2026-05-07 12:48:12 WARN  SELL_SKIP [KRX] 037030 reason=PHANTOM_POSITION phase=NONE qty=58 avgPrice=8433.6207
2026-05-07 12:48:17 WARN  SELL_SKIP [KRX] 037030 reason=PHANTOM_POSITION phase=NONE qty=58 avgPrice=8433.6207
2026-05-07 12:48:22 WARN  SELL_SKIP [KRX] 037030 reason=PHANTOM_POSITION phase=NONE qty=58 avgPrice=8433.6207
2026-05-07 12:48:27 WARN  SELL_SKIP [KRX] 037030 reason=PHANTOM_POSITION phase=NONE qty=58 avgPrice=8433.6207
2026-05-07 12:48:32 WARN  SELL_SKIP [KRX] 037030 reason=PHANTOM_POSITION phase=NONE qty=58 avgPrice=8433.6207
2026-05-07 12:48:37 WARN  SELL_SKIP [KRX] 037030 reason=PHANTOM_POSITION phase=NONE qty=58 avgPrice=8433.6207
2026-05-07 12:48:42 WARN  SELL_SKIP [KRX] 037030 reason=PHANTOM_POSITION phase=NONE qty=58 avgPrice=8433.6207
2026-05-07 12:48:47 WARN  SELL_SKIP [KRX] 037030 reason=PHANTOM_POSITION phase=NONE qty=58 avgPrice=8433.6207
2026-05-07 12:48:52 WARN  SELL_SKIP [KRX] 037030 reason=PHANTOM_POSITION phase=NONE qty=58 avgPrice=8433.6207
2026-05-07 12:48:58 WARN  SELL_SKIP [KRX] 037030 reason=PHANTOM_POSITION phase=NONE qty=58 avgPrice=8433.6207
2026-05-07 12:49:03 WARN  SELL_SKIP [KRX] 037030 reason=PHANTOM_POSITION phase=NONE qty=58 avgPrice=8433.6207
2026-05-07 12:49:08 WARN  SELL_SKIP [KRX] 037030 reason=PHANTOM_POSITION phase=NONE qty=58 avgPrice=8433.6207
2026-05-07 12:49:13 WARN  SELL_SKIP [KRX] 037030 reason=PHANTOM_POSITION phase=NONE qty=58 avgPrice=8433.6207
2026-05-07 12:49:18 WARN  SELL_SKIP [KRX] 037030 reason=PHANTOM_POSITION phase=NONE qty=58 avgPrice=8433.6207
2026-05-07 12:49:23 WARN  SELL_SKIP [KRX] 037030 reason=PHANTOM_POSITION phase=NONE qty=58 avgPrice=8433.6207
2026-05-07 12:49:28 WARN  SELL_SKIP [KRX] 037030 reason=PHANTOM_POSITION phase=NONE qty=58 avgPrice=8433.6207
2026-05-07 12:49:33 WARN  SELL_SKIP [KRX] 037030 reason=PHANTOM_POSITION phase=NONE qty=58 avgPrice=8433.6207
2026-05-07 12:49:38 WARN  SELL_SKIP [KRX] 037030 reason=PHANTOM_POSITION phase=NONE qty=58 avgPrice=8433.6207
2026-05-07 12:49:43 WARN  SELL_SKIP [KRX] 037030 reason=PHANTOM_POSITION phase=NONE qty=58 avgPrice=8433.6207
2026-05-07 12:49:48 WARN  SELL_SKIP [KRX] 037030 reason=PHANTOM_POSITION phase=NONE qty=58 avgPrice=8433.6207
2026-05-07 12:49:53 WARN  SELL_SKIP [KRX] 037030 reason=PHANTOM_POSITION phase=NONE qty=58 avgPrice=8433.6207
2026-05-07 12:49:59 WARN  SELL_SKIP [KRX] 037030 reason=PHANTOM_POSITION phase=NONE qty=58 avgPrice=8433.6207
2026-05-07 12:50:04 WARN  SELL_SKIP [KRX] 037030 reason=PHANTOM_POSITION phase=NONE qty=58 avgPrice=8433.6207
2026-05-07 12:50:09 WARN  SELL_SKIP [KRX] 037030 reason=PHANTOM_POSITION phase=NONE qty=58 avgPrice=8433.6207
2026-05-07 12:50:14 WARN  SELL_SKIP [KRX] 037030 reason=PHANTOM_POSITION phase=NONE qty=58 avgPrice=8433.6207
2026-05-07 12:50:24 WARN  SELL_SKIP [KRX] 037030 reason=PHANTOM_POSITION phase=NONE qty=58 avgPrice=8433.6207
2026-05-07 12:50:29 WARN  SELL_SKIP [KRX] 037030 reason=PHANTOM_POSITION phase=NONE qty=58 avgPrice=8433.6207
2026-05-07 12:50:34 WARN  SELL_SKIP [KRX] 037030 reason=PHANTOM_POSITION phase=NONE qty=58 avgPrice=8433.6207
2026-05-07 12:50:39 WARN  SELL_SKIP [KRX] 037030 reason=PHANTOM_POSITION phase=NONE qty=58 avgPrice=8433.6207
2026-05-07 12:50:44 WARN  SELL_SKIP [KRX] 037030 reason=PHANTOM_POSITION phase=NONE qty=58 avgPrice=8433.6207
2026-05-07 12:50:49 WARN  SELL_SKIP [KRX] 037030 reason=PHANTOM_POSITION phase=NONE qty=58 avgPrice=8433.6207
2026-05-07 12:50:54 WARN  SELL_SKIP [KRX] 037030 reason=PHANTOM_POSITION phase=NONE qty=58 avgPrice=8433.6207
2026-05-07 12:51:05 WARN  SELL_SKIP [KRX] 037030 reason=PHANTOM_POSITION phase=NONE qty=58 avgPrice=8433.6207
2026-05-07 12:51:10 WARN  SELL_SKIP [KRX] 037030 reason=PHANTOM_POSITION phase=NONE qty=58 avgPrice=8433.6207
2026-05-07 12:51:15 WARN  SELL_SKIP [KRX] 037030 reason=PHANTOM_POSITION phase=NONE qty=58 avgPrice=8433.6207
2026-05-07 12:51:20 WARN  SELL_SKIP [KRX] 037030 reason=PHANTOM_POSITION phase=NONE qty=58 avgPrice=8433.6207
2026-05-07 12:51:25 WARN  SELL_SKIP [KRX] 037030 reason=PHANTOM_POSITION phase=NONE qty=58 avgPrice=8433.6207
2026-05-07 12:51:30 WARN  SELL_SKIP [KRX] 037030 reason=PHANTOM_POSITION phase=NONE qty=58 avgPrice=8433.6207
2026-05-07 12:51:35 WARN  SELL_SKIP [KRX] 037030 reason=PHANTOM_POSITION phase=NONE qty=58 avgPrice=8433.6207
2026-05-07 12:51:40 WARN  SELL_SKIP [KRX] 037030 reason=PHANTOM_POSITION phase=NONE qty=58 avgPrice=8433.6207
2026-05-07 12:51:45 WARN  SELL_SKIP [KRX] 037030 reason=PHANTOM_POSITION phase=NONE qty=58 avgPrice=8433.6207
2026-05-07 12:51:50 WARN  SELL_SKIP [KRX] 037030 reason=PHANTOM_POSITION phase=NONE qty=58 avgPrice=8433.6207
2026-05-07 12:51:56 WARN  SELL_SKIP [KRX] 037030 reason=PHANTOM_POSITION phase=NONE qty=58 avgPrice=8433.6207
2026-05-07 12:52:01 WARN  SELL_SKIP [KRX] 037030 reason=PHANTOM_POSITION phase=NONE qty=58 avgPrice=8433.6207
2026-05-07 12:52:06 WARN  SELL_SKIP [KRX] 037030 reason=PHANTOM_POSITION phase=NONE qty=58 avgPrice=8433.6207
2026-05-07 12:52:11 WARN  SELL_SKIP [KRX] 037030 reason=PHANTOM_POSITION phase=NONE qty=58 avgPrice=8433.6207
2026-05-07 12:52:16 WARN  SELL_SKIP [KRX] 037030 reason=PHANTOM_POSITION phase=NONE qty=58 avgPrice=8433.6207
2026-05-07 12:52:21 WARN  SELL_SKIP [KRX] 037030 reason=PHANTOM_POSITION phase=NONE qty=58 avgPrice=8433.6207
2026-05-07 12:52:26 WARN  SELL_SKIP [KRX] 037030 reason=PHANTOM_POSITION phase=NONE qty=58 avgPrice=8433.6207
2026-05-07 12:52:31 WARN  SELL_SKIP [KRX] 037030 reason=PHANTOM_POSITION phase=NONE qty=58 avgPrice=8433.6207
2026-05-07 12:52:36 WARN  SELL_SKIP [KRX] 037030 reason=PHANTOM_POSITION phase=NONE qty=58 avgPrice=8433.6207
2026-05-07 12:52:41 WARN  SELL_SKIP [KRX] 037030 reason=PHANTOM_POSITION phase=NONE qty=58 avgPrice=8433.6207
2026-05-07 12:52:46 WARN  SELL_SKIP [KRX] 037030 reason=PHANTOM_POSITION phase=NONE qty=58 avgPrice=8433.6207
2026-05-07 12:52:57 WARN  SELL_SKIP [KRX] 037030 reason=PHANTOM_POSITION phase=NONE qty=58 avgPrice=8433.6207
2026-05-07 12:53:02 WARN  SELL_SKIP [KRX] 037030 reason=PHANTOM_POSITION phase=NONE qty=58 avgPrice=8433.6207
2026-05-07 12:53:07 WARN  SELL_SKIP [KRX] 037030 reason=PHANTOM_POSITION phase=NONE qty=58 avgPrice=8433.6207
2026-05-07 12:53:12 WARN  SELL_SKIP [KRX] 037030 reason=PHANTOM_POSITION phase=NONE qty=58 avgPrice=8433.6207
2026-05-07 12:53:17 WARN  SELL_SKIP [KRX] 037030 reason=PHANTOM_POSITION phase=NONE qty=58 avgPrice=8433.6207
2026-05-07 12:53:22 WARN  SELL_SKIP [KRX] 037030 reason=PHANTOM_POSITION phase=NONE qty=58 avgPrice=8433.6207
2026-05-07 12:53:27 WARN  SELL_SKIP [KRX] 037030 reason=PHANTOM_POSITION phase=NONE qty=58 avgPrice=8433.6207
2026-05-07 12:53:32 WARN  SELL_SKIP [KRX] 037030 reason=PHANTOM_POSITION phase=NONE qty=58 avgPrice=8433.6207
2026-05-07 12:53:42 WARN  SELL_SKIP [KRX] 037030 reason=PHANTOM_POSITION phase=NONE qty=58 avgPrice=8433.6207
2026-05-07 12:53:53 WARN  SELL_SKIP [KRX] 037030 reason=PHANTOM_POSITION phase=NONE qty=58 avgPrice=8433.6207
2026-05-07 12:53:58 WARN  SELL_SKIP [KRX] 037030 reason=PHANTOM_POSITION phase=NONE qty=58 avgPrice=8433.6207
2026-05-07 12:54:03 WARN  SELL_SKIP [KRX] 037030 reason=PHANTOM_POSITION phase=NONE qty=58 avgPrice=8433.6207
2026-05-07 12:54:08 WARN  SELL_SKIP [KRX] 037030 reason=PHANTOM_POSITION phase=NONE qty=58 avgPrice=8433.6207
2026-05-07 12:54:13 WARN  SELL_SKIP [KRX] 037030 reason=PHANTOM_POSITION phase=NONE qty=58 avgPrice=8433.6207
2026-05-07 12:54:18 WARN  SELL_SKIP [KRX] 037030 reason=PHANTOM_POSITION phase=NONE qty=58 avgPrice=8433.6207
2026-05-07 12:54:23 WARN  SELL_SKIP [KRX] 037030 reason=PHANTOM_POSITION phase=NONE qty=58 avgPrice=8433.6207
2026-05-07 12:54:28 WARN  SELL_SKIP [KRX] 037030 reason=PHANTOM_POSITION phase=NONE qty=58 avgPrice=8433.6207
2026-05-07 12:54:33 WARN  SELL_SKIP [KRX] 037030 reason=PHANTOM_POSITION phase=NONE qty=58 avgPrice=8433.6207
2026-05-07 12:54:38 WARN  SELL_SKIP [KRX] 037030 reason=PHANTOM_POSITION phase=NONE qty=58 avgPrice=8433.6207
2026-05-07 12:54:43 WARN  SELL_SKIP [KRX] 037030 reason=PHANTOM_POSITION phase=NONE qty=58 avgPrice=8433.6207
2026-05-07 12:54:49 WARN  SELL_SKIP [KRX] 037030 reason=PHANTOM_POSITION phase=NONE qty=58 avgPrice=8433.6207
2026-05-07 12:54:54 WARN  SELL_SKIP [KRX] 037030 reason=PHANTOM_POSITION phase=NONE qty=58 avgPrice=8433.6207
2026-05-07 12:54:59 WARN  SELL_SKIP [KRX] 037030 reason=PHANTOM_POSITION phase=NONE qty=58 avgPrice=8433.6207
2026-05-07 12:55:04 WARN  SELL_SKIP [KRX] 037030 reason=PHANTOM_POSITION phase=NONE qty=58 avgPrice=8433.6207
2026-05-07 12:55:09 WARN  SELL_SKIP [KRX] 037030 reason=PHANTOM_POSITION phase=NONE qty=58 avgPrice=8433.6207
2026-05-07 12:55:14 WARN  SELL_SKIP [KRX] 037030 reason=PHANTOM_POSITION phase=NONE qty=58 avgPrice=8433.6207
2026-05-07 12:55:19 WARN  SELL_SKIP [KRX] 037030 reason=PHANTOM_POSITION phase=NONE qty=58 avgPrice=8433.6207
2026-05-07 12:55:24 WARN  SELL_SKIP [KRX] 037030 reason=PHANTOM_POSITION phase=NONE qty=58 avgPrice=8433.6207
2026-05-07 12:55:29 WARN  SELL_SKIP [KRX] 037030 reason=PHANTOM_POSITION phase=NONE qty=58 avgPrice=8433.6207
2026-05-07 12:55:34 WARN  SELL_SKIP [KRX] 037030 reason=PHANTOM_POSITION phase=NONE qty=58 avgPrice=8433.6207
2026-05-07 12:55:39 WARN  SELL_SKIP [KRX] 037030 reason=PHANTOM_POSITION phase=NONE qty=58 avgPrice=8433.6207
2026-05-07 12:55:45 WARN  SELL_SKIP [KRX] 037030 reason=PHANTOM_POSITION phase=NONE qty=58 avgPrice=8433.6207
2026-05-07 12:55:50 WARN  SELL_SKIP [KRX] 037030 reason=PHANTOM_POSITION phase=NONE qty=58 avgPrice=8433.6207
2026-05-07 12:55:55 WARN  SELL_SKIP [KRX] 037030 reason=PHANTOM_POSITION phase=NONE qty=58 avgPrice=8433.6207
2026-05-07 12:56:00 WARN  SELL_SKIP [KRX] 037030 reason=PHANTOM_POSITION phase=NONE qty=58 avgPrice=8433.6207
2026-05-07 12:56:05 WARN  SELL_SKIP [KRX] 037030 reason=PHANTOM_POSITION phase=NONE qty=58 avgPrice=8433.6207
2026-05-07 12:56:10 WARN  SELL_SKIP [KRX] 037030 reason=PHANTOM_POSITION phase=NONE qty=58 avgPrice=8433.6207
2026-05-07 12:56:15 WARN  SELL_SKIP [KRX] 037030 reason=PHANTOM_POSITION phase=NONE qty=58 avgPrice=8433.6207
2026-05-07 12:56:20 WARN  SELL_SKIP [KRX] 037030 reason=PHANTOM_POSITION phase=NONE qty=58 avgPrice=8433.6207
2026-05-07 12:56:25 WARN  SELL_SKIP [KRX] 037030 reason=PHANTOM_POSITION phase=NONE qty=58 avgPrice=8433.6207
2026-05-07 12:56:30 WARN  SELL_SKIP [KRX] 037030 reason=PHANTOM_POSITION phase=NONE qty=58 avgPrice=8433.6207
2026-05-07 12:56:35 WARN  SELL_SKIP [KRX] 037030 reason=PHANTOM_POSITION phase=NONE qty=58 avgPrice=8433.6207
2026-05-07 12:56:40 WARN  SELL_SKIP [KRX] 037030 reason=PHANTOM_POSITION phase=NONE qty=58 avgPrice=8433.6207
2026-05-07 12:56:46 WARN  SELL_SKIP [KRX] 037030 reason=PHANTOM_POSITION phase=NONE qty=58 avgPrice=8433.6207
2026-05-07 12:56:51 WARN  SELL_SKIP [KRX] 037030 reason=PHANTOM_POSITION phase=NONE qty=58 avgPrice=8433.6207
2026-05-07 12:56:56 WARN  SELL_SKIP [KRX] 037030 reason=PHANTOM_POSITION phase=NONE qty=58 avgPrice=8433.6207
2026-05-07 12:57:01 WARN  SELL_SKIP [KRX] 037030 reason=PHANTOM_POSITION phase=NONE qty=58 avgPrice=8433.6207
2026-05-07 12:57:06 WARN  SELL_SKIP [KRX] 037030 reason=PHANTOM_POSITION phase=NONE qty=58 avgPrice=8433.6207
2026-05-07 12:57:11 WARN  SELL_SKIP [KRX] 037030 reason=PHANTOM_POSITION phase=NONE qty=58 avgPrice=8433.6207
2026-05-07 12:57:16 WARN  SELL_SKIP [KRX] 037030 reason=PHANTOM_POSITION phase=NONE qty=58 avgPrice=8433.6207
2026-05-07 12:57:21 WARN  SELL_SKIP [KRX] 037030 reason=PHANTOM_POSITION phase=NONE qty=58 avgPrice=8433.6207
2026-05-07 12:57:26 WARN  SELL_SKIP [KRX] 037030 reason=PHANTOM_POSITION phase=NONE qty=58 avgPrice=8433.6207
2026-05-07 12:57:31 WARN  SELL_SKIP [KRX] 037030 reason=PHANTOM_POSITION phase=NONE qty=58 avgPrice=8433.6207
2026-05-07 12:57:36 WARN  SELL_SKIP [KRX] 037030 reason=PHANTOM_POSITION phase=NONE qty=58 avgPrice=8433.6207
2026-05-07 12:57:41 WARN  SELL_SKIP [KRX] 037030 reason=PHANTOM_POSITION phase=NONE qty=58 avgPrice=8433.6207
2026-05-07 12:57:47 WARN  SELL_SKIP [KRX] 037030 reason=PHANTOM_POSITION phase=NONE qty=58 avgPrice=8433.6207
2026-05-07 12:57:52 WARN  SELL_SKIP [KRX] 037030 reason=PHANTOM_POSITION phase=NONE qty=58 avgPrice=8433.6207
2026-05-07 12:57:57 WARN  SELL_SKIP [KRX] 037030 reason=PHANTOM_POSITION phase=NONE qty=58 avgPrice=8433.6207
2026-05-07 12:58:07 WARN  SELL_SKIP [KRX] 037030 reason=PHANTOM_POSITION phase=NONE qty=58 avgPrice=8433.6207
2026-05-07 12:58:12 WARN  SELL_SKIP [KRX] 037030 reason=PHANTOM_POSITION phase=NONE qty=58 avgPrice=8433.6207
2026-05-07 12:58:17 WARN  SELL_SKIP [KRX] 037030 reason=PHANTOM_POSITION phase=NONE qty=58 avgPrice=8433.6207
2026-05-07 12:58:22 WARN  SELL_SKIP [KRX] 037030 reason=PHANTOM_POSITION phase=NONE qty=58 avgPrice=8433.6207
2026-05-07 12:58:32 WARN  SELL_SKIP [KRX] 037030 reason=PHANTOM_POSITION phase=NONE qty=58 avgPrice=8433.6207
2026-05-07 12:58:37 WARN  SELL_SKIP [KRX] 037030 reason=PHANTOM_POSITION phase=NONE qty=58 avgPrice=8433.6207
2026-05-07 12:58:43 WARN  SELL_SKIP [KRX] 037030 reason=PHANTOM_POSITION phase=NONE qty=58 avgPrice=8433.6207
2026-05-07 12:58:48 WARN  SELL_SKIP [KRX] 037030 reason=PHANTOM_POSITION phase=NONE qty=58 avgPrice=8433.6207
2026-05-07 12:58:53 WARN  SELL_SKIP [KRX] 037030 reason=PHANTOM_POSITION phase=NONE qty=58 avgPrice=8433.6207
2026-05-07 12:58:58 WARN  SELL_SKIP [KRX] 037030 reason=PHANTOM_POSITION phase=NONE qty=58 avgPrice=8433.6207
2026-05-07 12:59:03 WARN  SELL_SKIP [KRX] 037030 reason=PHANTOM_POSITION phase=NONE qty=58 avgPrice=8433.6207
2026-05-07 12:59:08 WARN  SELL_SKIP [KRX] 037030 reason=PHANTOM_POSITION phase=NONE qty=58 avgPrice=8433.6207
2026-05-07 12:59:13 WARN  SELL_SKIP [KRX] 037030 reason=PHANTOM_POSITION phase=NONE qty=58 avgPrice=8433.6207
2026-05-07 12:59:18 WARN  SELL_SKIP [KRX] 037030 reason=PHANTOM_POSITION phase=NONE qty=58 avgPrice=8433.6207
2026-05-07 12:59:23 WARN  SELL_SKIP [KRX] 037030 reason=PHANTOM_POSITION phase=NONE qty=58 avgPrice=8433.6207
2026-05-07 12:59:28 WARN  SELL_SKIP [KRX] 037030 reason=PHANTOM_POSITION phase=NONE qty=58 avgPrice=8433.6207
2026-05-07 12:59:33 WARN  SELL_SKIP [KRX] 037030 reason=PHANTOM_POSITION phase=NONE qty=58 avgPrice=8433.6207
2026-05-07 12:59:38 WARN  SELL_SKIP [KRX] 037030 reason=PHANTOM_POSITION phase=NONE qty=58 avgPrice=8433.6207
2026-05-07 12:59:43 WARN  SELL_SKIP [KRX] 037030 reason=PHANTOM_POSITION phase=NONE qty=58 avgPrice=8433.6207
2026-05-07 12:59:49 WARN  SELL_SKIP [KRX] 037030 reason=PHANTOM_POSITION phase=NONE qty=58 avgPrice=8433.6207
2026-05-07 12:59:54 WARN  SELL_SKIP [KRX] 037030 reason=PHANTOM_POSITION phase=NONE qty=58 avgPrice=8433.6207
2026-05-07 13:00:04 WARN  SELL_SKIP [KRX] 037030 reason=PHANTOM_POSITION phase=NONE qty=58 avgPrice=8433.6207
2026-05-07 13:00:09 WARN  SELL_SKIP [KRX] 037030 reason=PHANTOM_POSITION phase=NONE qty=58 avgPrice=8433.6207
2026-05-07 13:00:14 WARN  SELL_SKIP [KRX] 037030 reason=PHANTOM_POSITION phase=NONE qty=58 avgPrice=8433.6207
2026-05-07 13:00:19 WARN  SELL_SKIP [KRX] 037030 reason=PHANTOM_POSITION phase=NONE qty=58 avgPrice=8433.6207
2026-05-07 13:00:24 WARN  SELL_SKIP [KRX] 037030 reason=PHANTOM_POSITION phase=NONE qty=58 avgPrice=8433.6207
2026-05-07 13:00:29 WARN  SELL_SKIP [KRX] 037030 reason=PHANTOM_POSITION phase=NONE qty=58 avgPrice=8433.6207
2026-05-07 13:00:34 WARN  SELL_SKIP [KRX] 037030 reason=PHANTOM_POSITION phase=NONE qty=58 avgPrice=8433.6207
2026-05-07 13:00:39 WARN  SELL_SKIP [KRX] 037030 reason=PHANTOM_POSITION phase=NONE qty=58 avgPrice=8433.6207
2026-05-07 13:00:45 WARN  SELL_SKIP [KRX] 037030 reason=PHANTOM_POSITION phase=NONE qty=58 avgPrice=8433.6207
2026-05-07 13:00:50 WARN  SELL_SKIP [KRX] 037030 reason=PHANTOM_POSITION phase=NONE qty=58 avgPrice=8433.6207
2026-05-07 13:00:55 WARN  SELL_SKIP [KRX] 037030 reason=PHANTOM_POSITION phase=NONE qty=58 avgPrice=8433.6207
2026-05-07 13:01:00 WARN  SELL_SKIP [KRX] 037030 reason=PHANTOM_POSITION phase=NONE qty=58 avgPrice=8433.6207
2026-05-07 13:01:05 WARN  SELL_SKIP [KRX] 037030 reason=PHANTOM_POSITION phase=NONE qty=58 avgPrice=8433.6207
2026-05-07 13:01:10 WARN  SELL_SKIP [KRX] 037030 reason=PHANTOM_POSITION phase=NONE qty=58 avgPrice=8433.6207
2026-05-07 13:01:15 WARN  SELL_SKIP [KRX] 037030 reason=PHANTOM_POSITION phase=NONE qty=58 avgPrice=8433.6207
2026-05-07 13:01:20 WARN  SELL_SKIP [KRX] 037030 reason=PHANTOM_POSITION phase=NONE qty=58 avgPrice=8433.6207
2026-05-07 13:01:25 WARN  SELL_SKIP [KRX] 037030 reason=PHANTOM_POSITION phase=NONE qty=58 avgPrice=8433.6207
2026-05-07 13:01:30 WARN  SELL_SKIP [KRX] 037030 reason=PHANTOM_POSITION phase=NONE qty=58 avgPrice=8433.6207
2026-05-07 13:01:35 WARN  SELL_SKIP [KRX] 037030 reason=PHANTOM_POSITION phase=NONE qty=58 avgPrice=8433.6207
2026-05-07 13:01:40 WARN  SELL_SKIP [KRX] 037030 reason=PHANTOM_POSITION phase=NONE qty=58 avgPrice=8433.6207
2026-05-07 13:01:46 WARN  SELL_SKIP [KRX] 037030 reason=PHANTOM_POSITION phase=NONE qty=58 avgPrice=8433.6207
2026-05-07 13:01:51 WARN  SELL_SKIP [KRX] 037030 reason=PHANTOM_POSITION phase=NONE qty=58 avgPrice=8433.6207
2026-05-07 13:01:56 WARN  SELL_SKIP [KRX] 037030 reason=PHANTOM_POSITION phase=NONE qty=58 avgPrice=8433.6207
2026-05-07 13:02:01 WARN  SELL_SKIP [KRX] 037030 reason=PHANTOM_POSITION phase=NONE qty=58 avgPrice=8433.6207
2026-05-07 13:02:06 WARN  SELL_SKIP [KRX] 037030 reason=PHANTOM_POSITION phase=NONE qty=58 avgPrice=8433.6207
2026-05-07 13:02:11 WARN  SELL_SKIP [KRX] 037030 reason=PHANTOM_POSITION phase=NONE qty=58 avgPrice=8433.6207
2026-05-07 13:02:16 WARN  SELL_SKIP [KRX] 037030 reason=PHANTOM_POSITION phase=NONE qty=58 avgPrice=8433.6207
2026-05-07 13:02:21 WARN  SELL_SKIP [KRX] 037030 reason=PHANTOM_POSITION phase=NONE qty=58 avgPrice=8433.6207
2026-05-07 13:02:26 WARN  SELL_SKIP [KRX] 037030 reason=PHANTOM_POSITION phase=NONE qty=58 avgPrice=8433.6207
2026-05-07 13:02:31 WARN  SELL_SKIP [KRX] 037030 reason=PHANTOM_POSITION phase=NONE qty=58 avgPrice=8433.6207
2026-05-07 13:02:36 WARN  SELL_SKIP [KRX] 037030 reason=PHANTOM_POSITION phase=NONE qty=58 avgPrice=8433.6207
2026-05-07 13:02:41 WARN  SELL_SKIP [KRX] 037030 reason=PHANTOM_POSITION phase=NONE qty=58 avgPrice=8433.6207
2026-05-07 13:02:47 WARN  SELL_SKIP [KRX] 037030 reason=PHANTOM_POSITION phase=NONE qty=58 avgPrice=8433.6207
2026-05-07 13:02:52 WARN  SELL_SKIP [KRX] 037030 reason=PHANTOM_POSITION phase=NONE qty=58 avgPrice=8433.6207
2026-05-07 13:02:57 WARN  SELL_SKIP [KRX] 037030 reason=PHANTOM_POSITION phase=NONE qty=58 avgPrice=8433.6207
2026-05-07 13:03:02 WARN  SELL_SKIP [KRX] 037030 reason=PHANTOM_POSITION phase=NONE qty=58 avgPrice=8433.6207
2026-05-07 13:03:07 WARN  SELL_SKIP [KRX] 037030 reason=PHANTOM_POSITION phase=NONE qty=58 avgPrice=8433.6207
2026-05-07 13:03:12 WARN  SELL_SKIP [KRX] 037030 reason=PHANTOM_POSITION phase=NONE qty=58 avgPrice=8433.6207
2026-05-07 13:03:17 WARN  SELL_SKIP [KRX] 037030 reason=PHANTOM_POSITION phase=NONE qty=58 avgPrice=8433.6207
2026-05-07 13:03:22 WARN  SELL_SKIP [KRX] 037030 reason=PHANTOM_POSITION phase=NONE qty=58 avgPrice=8433.6207
2026-05-07 13:03:27 WARN  SELL_SKIP [KRX] 037030 reason=PHANTOM_POSITION phase=NONE qty=58 avgPrice=8433.6207
2026-05-07 13:03:32 WARN  SELL_SKIP [KRX] 037030 reason=PHANTOM_POSITION phase=NONE qty=58 avgPrice=8433.6207
2026-05-07 13:03:37 WARN  SELL_SKIP [KRX] 037030 reason=PHANTOM_POSITION phase=NONE qty=58 avgPrice=8433.6207
2026-05-07 13:03:43 WARN  SELL_SKIP [KRX] 037030 reason=PHANTOM_POSITION phase=NONE qty=58 avgPrice=8433.6207
2026-05-07 13:03:48 WARN  SELL_SKIP [KRX] 037030 reason=PHANTOM_POSITION phase=NONE qty=58 avgPrice=8433.6207
2026-05-07 13:03:53 WARN  SELL_SKIP [KRX] 037030 reason=PHANTOM_POSITION phase=NONE qty=58 avgPrice=8433.6207
2026-05-07 13:03:58 WARN  SELL_SKIP [KRX] 037030 reason=PHANTOM_POSITION phase=NONE qty=58 avgPrice=8433.6207
2026-05-07 13:04:03 WARN  SELL_SKIP [KRX] 037030 reason=PHANTOM_POSITION phase=NONE qty=58 avgPrice=8433.6207
2026-05-07 13:04:08 WARN  SELL_SKIP [KRX] 037030 reason=PHANTOM_POSITION phase=NONE qty=58 avgPrice=8433.6207
2026-05-07 13:04:13 WARN  SELL_SKIP [KRX] 037030 reason=PHANTOM_POSITION phase=NONE qty=58 avgPrice=8433.6207
2026-05-07 13:04:18 WARN  SELL_SKIP [KRX] 037030 reason=PHANTOM_POSITION phase=NONE qty=58 avgPrice=8433.6207
2026-05-07 13:04:23 WARN  SELL_SKIP [KRX] 037030 reason=PHANTOM_POSITION phase=NONE qty=58 avgPrice=8433.6207
2026-05-07 13:04:28 WARN  SELL_SKIP [KRX] 037030 reason=PHANTOM_POSITION phase=NONE qty=58 avgPrice=8433.6207
2026-05-07 13:04:33 WARN  SELL_SKIP [KRX] 037030 reason=PHANTOM_POSITION phase=NONE qty=58 avgPrice=8433.6207
2026-05-07 13:04:39 WARN  SELL_SKIP [KRX] 037030 reason=PHANTOM_POSITION phase=NONE qty=58 avgPrice=8433.6207
2026-05-07 13:04:44 WARN  SELL_SKIP [KRX] 037030 reason=PHANTOM_POSITION phase=NONE qty=58 avgPrice=8433.6207
2026-05-07 13:04:49 WARN  SELL_SKIP [KRX] 037030 reason=PHANTOM_POSITION phase=NONE qty=58 avgPrice=8433.6207
2026-05-07 13:04:54 WARN  SELL_SKIP [KRX] 037030 reason=PHANTOM_POSITION phase=NONE qty=58 avgPrice=8433.6207
2026-05-07 13:04:59 WARN  SELL_SKIP [KRX] 037030 reason=PHANTOM_POSITION phase=NONE qty=58 avgPrice=8433.6207
2026-05-07 13:05:04 WARN  SELL_SKIP [KRX] 037030 reason=PHANTOM_POSITION phase=NONE qty=58 avgPrice=8433.6207
2026-05-07 13:05:09 WARN  SELL_SKIP [KRX] 037030 reason=PHANTOM_POSITION phase=NONE qty=58 avgPrice=8433.6207
2026-05-07 13:05:14 WARN  SELL_SKIP [KRX] 037030 reason=PHANTOM_POSITION phase=NONE qty=58 avgPrice=8433.6207
2026-05-07 13:05:19 WARN  SELL_SKIP [KRX] 037030 reason=PHANTOM_POSITION phase=NONE qty=58 avgPrice=8433.6207
2026-05-07 13:05:24 WARN  SELL_SKIP [KRX] 037030 reason=PHANTOM_POSITION phase=NONE qty=58 avgPrice=8433.6207
2026-05-07 13:05:29 WARN  SELL_SKIP [KRX] 037030 reason=PHANTOM_POSITION phase=NONE qty=58 avgPrice=8433.6207
2026-05-07 13:05:34 WARN  SELL_SKIP [KRX] 037030 reason=PHANTOM_POSITION phase=NONE qty=58 avgPrice=8433.6207
2026-05-07 13:05:40 WARN  SELL_SKIP [KRX] 037030 reason=PHANTOM_POSITION phase=NONE qty=58 avgPrice=8433.6207
2026-05-07 13:05:45 WARN  SELL_SKIP [KRX] 037030 reason=PHANTOM_POSITION phase=NONE qty=58 avgPrice=8433.6207
2026-05-07 13:05:55 WARN  SELL_SKIP [KRX] 037030 reason=PHANTOM_POSITION phase=NONE qty=58 avgPrice=8433.6207
2026-05-07 13:06:00 WARN  SELL_SKIP [KRX] 037030 reason=PHANTOM_POSITION phase=NONE qty=58 avgPrice=8433.6207
2026-05-07 13:06:05 WARN  SELL_SKIP [KRX] 037030 reason=PHANTOM_POSITION phase=NONE qty=58 avgPrice=8433.6207
2026-05-07 13:06:10 WARN  SELL_SKIP [KRX] 037030 reason=PHANTOM_POSITION phase=NONE qty=58 avgPrice=8433.6207
2026-05-07 13:06:15 WARN  SELL_SKIP [KRX] 037030 reason=PHANTOM_POSITION phase=NONE qty=58 avgPrice=8433.6207
2026-05-07 13:06:20 WARN  SELL_SKIP [KRX] 037030 reason=PHANTOM_POSITION phase=NONE qty=58 avgPrice=8433.6207
2026-05-07 13:06:26 WARN  SELL_SKIP [KRX] 037030 reason=PHANTOM_POSITION phase=NONE qty=58 avgPrice=8433.6207
2026-05-07 13:06:31 WARN  SELL_SKIP [KRX] 037030 reason=PHANTOM_POSITION phase=NONE qty=58 avgPrice=8433.6207
2026-05-07 13:06:36 WARN  SELL_SKIP [KRX] 037030 reason=PHANTOM_POSITION phase=NONE qty=58 avgPrice=8433.6207
2026-05-07 13:06:41 WARN  SELL_SKIP [KRX] 037030 reason=PHANTOM_POSITION phase=NONE qty=58 avgPrice=8433.6207
2026-05-07 13:06:46 WARN  SELL_SKIP [KRX] 037030 reason=PHANTOM_POSITION phase=NONE qty=58 avgPrice=8433.6207
2026-05-07 13:06:51 WARN  SELL_SKIP [KRX] 037030 reason=PHANTOM_POSITION phase=NONE qty=58 avgPrice=8433.6207
2026-05-07 13:06:56 WARN  SELL_SKIP [KRX] 037030 reason=PHANTOM_POSITION phase=NONE qty=58 avgPrice=8433.6207
2026-05-07 13:07:01 WARN  SELL_SKIP [KRX] 037030 reason=PHANTOM_POSITION phase=NONE qty=58 avgPrice=8433.6207
2026-05-07 13:07:06 WARN  SELL_SKIP [KRX] 037030 reason=PHANTOM_POSITION phase=NONE qty=58 avgPrice=8433.6207
2026-05-07 13:07:11 WARN  SELL_SKIP [KRX] 037030 reason=PHANTOM_POSITION phase=NONE qty=58 avgPrice=8433.6207
2026-05-07 13:07:17 WARN  SELL_SKIP [KRX] 037030 reason=PHANTOM_POSITION phase=NONE qty=58 avgPrice=8433.6207
2026-05-07 13:07:22 WARN  SELL_SKIP [KRX] 037030 reason=PHANTOM_POSITION phase=NONE qty=58 avgPrice=8433.6207
2026-05-07 13:07:27 WARN  SELL_SKIP [KRX] 037030 reason=PHANTOM_POSITION phase=NONE qty=58 avgPrice=8433.6207
2026-05-07 13:07:32 WARN  SELL_SKIP [KRX] 037030 reason=PHANTOM_POSITION phase=NONE qty=58 avgPrice=8433.6207
2026-05-07 13:07:37 WARN  SELL_SKIP [KRX] 037030 reason=PHANTOM_POSITION phase=NONE qty=58 avgPrice=8433.6207
2026-05-07 13:07:42 WARN  SELL_SKIP [KRX] 037030 reason=PHANTOM_POSITION phase=NONE qty=58 avgPrice=8433.6207
2026-05-07 13:07:47 WARN  SELL_SKIP [KRX] 037030 reason=PHANTOM_POSITION phase=NONE qty=58 avgPrice=8433.6207
2026-05-07 13:07:52 WARN  SELL_SKIP [KRX] 037030 reason=PHANTOM_POSITION phase=NONE qty=58 avgPrice=8433.6207
2026-05-07 13:07:57 WARN  SELL_SKIP [KRX] 037030 reason=PHANTOM_POSITION phase=NONE qty=58 avgPrice=8433.6207
2026-05-07 13:08:02 WARN  SELL_SKIP [KRX] 037030 reason=PHANTOM_POSITION phase=NONE qty=58 avgPrice=8433.6207
2026-05-07 13:08:08 WARN  SELL_SKIP [KRX] 037030 reason=PHANTOM_POSITION phase=NONE qty=58 avgPrice=8433.6207
2026-05-07 13:08:13 WARN  SELL_SKIP [KRX] 037030 reason=PHANTOM_POSITION phase=NONE qty=58 avgPrice=8433.6207
2026-05-07 13:08:18 WARN  SELL_SKIP [KRX] 037030 reason=PHANTOM_POSITION phase=NONE qty=58 avgPrice=8433.6207
2026-05-07 13:08:23 WARN  SELL_SKIP [KRX] 037030 reason=PHANTOM_POSITION phase=NONE qty=58 avgPrice=8433.6207
2026-05-07 13:08:28 WARN  SELL_SKIP [KRX] 037030 reason=PHANTOM_POSITION phase=NONE qty=58 avgPrice=8433.6207
2026-05-07 13:08:33 WARN  SELL_SKIP [KRX] 037030 reason=PHANTOM_POSITION phase=NONE qty=58 avgPrice=8433.6207
2026-05-07 13:08:38 WARN  SELL_SKIP [KRX] 037030 reason=PHANTOM_POSITION phase=NONE qty=58 avgPrice=8433.6207
2026-05-07 13:08:44 WARN  SELL_SKIP [KRX] 037030 reason=PHANTOM_POSITION phase=NONE qty=58 avgPrice=8433.6207
2026-05-07 13:08:49 WARN  SELL_SKIP [KRX] 037030 reason=PHANTOM_POSITION phase=NONE qty=58 avgPrice=8433.6207
2026-05-07 13:08:59 WARN  SELL_SKIP [KRX] 037030 reason=PHANTOM_POSITION phase=NONE qty=58 avgPrice=8433.6207
2026-05-07 13:09:09 WARN  SELL_SKIP [KRX] 037030 reason=PHANTOM_POSITION phase=NONE qty=58 avgPrice=8433.6207
2026-05-07 13:09:14 WARN  SELL_SKIP [KRX] 037030 reason=PHANTOM_POSITION phase=NONE qty=58 avgPrice=8433.6207
2026-05-07 13:09:19 WARN  SELL_SKIP [KRX] 037030 reason=PHANTOM_POSITION phase=NONE qty=58 avgPrice=8433.6207
2026-05-07 13:09:24 WARN  SELL_SKIP [KRX] 037030 reason=PHANTOM_POSITION phase=NONE qty=58 avgPrice=8433.6207
2026-05-07 13:09:29 WARN  SELL_SKIP [KRX] 037030 reason=PHANTOM_POSITION phase=NONE qty=58 avgPrice=8433.6207
2026-05-07 13:09:40 WARN  SELL_SKIP [KRX] 037030 reason=PHANTOM_POSITION phase=NONE qty=58 avgPrice=8433.6207
2026-05-07 13:09:45 WARN  SELL_SKIP [KRX] 037030 reason=PHANTOM_POSITION phase=NONE qty=58 avgPrice=8433.6207
2026-05-07 13:09:50 WARN  SELL_SKIP [KRX] 037030 reason=PHANTOM_POSITION phase=NONE qty=58 avgPrice=8433.6207
2026-05-07 13:09:55 WARN  SELL_SKIP [KRX] 037030 reason=PHANTOM_POSITION phase=NONE qty=58 avgPrice=8433.6207
2026-05-07 13:10:00 WARN  SELL_SKIP [KRX] 037030 reason=PHANTOM_POSITION phase=NONE qty=58 avgPrice=8433.6207
2026-05-07 13:10:05 WARN  SELL_SKIP [KRX] 037030 reason=PHANTOM_POSITION phase=NONE qty=58 avgPrice=8433.6207
2026-05-07 13:10:10 WARN  SELL_SKIP [KRX] 037030 reason=PHANTOM_POSITION phase=NONE qty=58 avgPrice=8433.6207
2026-05-07 13:10:15 WARN  SELL_SKIP [KRX] 037030 reason=PHANTOM_POSITION phase=NONE qty=58 avgPrice=8433.6207
2026-05-07 13:10:20 WARN  SELL_SKIP [KRX] 037030 reason=PHANTOM_POSITION phase=NONE qty=58 avgPrice=8433.6207
2026-05-07 13:10:25 WARN  SELL_SKIP [KRX] 037030 reason=PHANTOM_POSITION phase=NONE qty=58 avgPrice=8433.6207
2026-05-07 13:10:36 WARN  SELL_SKIP [KRX] 037030 reason=PHANTOM_POSITION phase=NONE qty=58 avgPrice=8433.6207
2026-05-07 13:10:41 WARN  SELL_SKIP [KRX] 037030 reason=PHANTOM_POSITION phase=NONE qty=58 avgPrice=8433.6207
2026-05-07 13:10:46 WARN  SELL_SKIP [KRX] 037030 reason=PHANTOM_POSITION phase=NONE qty=58 avgPrice=8433.6207
2026-05-07 13:10:51 WARN  SELL_SKIP [KRX] 037030 reason=PHANTOM_POSITION phase=NONE qty=58 avgPrice=8433.6207
2026-05-07 13:10:56 WARN  SELL_SKIP [KRX] 037030 reason=PHANTOM_POSITION phase=NONE qty=58 avgPrice=8433.6207
2026-05-07 13:11:02 WARN  SELL_SKIP [KRX] 037030 reason=PHANTOM_POSITION phase=NONE qty=58 avgPrice=8433.6207
2026-05-07 13:11:07 WARN  SELL_SKIP [KRX] 037030 reason=PHANTOM_POSITION phase=NONE qty=58 avgPrice=8433.6207
2026-05-07 13:11:12 WARN  SELL_SKIP [KRX] 037030 reason=PHANTOM_POSITION phase=NONE qty=58 avgPrice=8433.6207
2026-05-07 13:11:17 WARN  SELL_SKIP [KRX] 037030 reason=PHANTOM_POSITION phase=NONE qty=58 avgPrice=8433.6207
2026-05-07 13:11:22 WARN  SELL_SKIP [KRX] 037030 reason=PHANTOM_POSITION phase=NONE qty=58 avgPrice=8433.6207
2026-05-07 13:11:27 WARN  SELL_SKIP [KRX] 037030 reason=PHANTOM_POSITION phase=NONE qty=58 avgPrice=8433.6207
2026-05-07 13:11:37 WARN  SELL_SKIP [KRX] 037030 reason=PHANTOM_POSITION phase=NONE qty=58 avgPrice=8433.6207
2026-05-07 13:11:42 WARN  SELL_SKIP [KRX] 037030 reason=PHANTOM_POSITION phase=NONE qty=58 avgPrice=8433.6207
2026-05-07 13:11:47 WARN  SELL_SKIP [KRX] 037030 reason=PHANTOM_POSITION phase=NONE qty=58 avgPrice=8433.6207
2026-05-07 13:11:52 WARN  SELL_SKIP [KRX] 037030 reason=PHANTOM_POSITION phase=NONE qty=58 avgPrice=8433.6207
2026-05-07 13:11:57 WARN  SELL_SKIP [KRX] 037030 reason=PHANTOM_POSITION phase=NONE qty=58 avgPrice=8433.6207
2026-05-07 13:12:02 WARN  SELL_SKIP [KRX] 037030 reason=PHANTOM_POSITION phase=NONE qty=58 avgPrice=8433.6207
2026-05-07 13:12:07 WARN  SELL_SKIP [KRX] 037030 reason=PHANTOM_POSITION phase=NONE qty=58 avgPrice=8433.6207
2026-05-07 13:12:13 WARN  SELL_SKIP [KRX] 037030 reason=PHANTOM_POSITION phase=NONE qty=58 avgPrice=8433.6207
2026-05-07 13:12:18 WARN  SELL_SKIP [KRX] 037030 reason=PHANTOM_POSITION phase=NONE qty=58 avgPrice=8433.6207
2026-05-07 13:12:23 WARN  SELL_SKIP [KRX] 037030 reason=PHANTOM_POSITION phase=NONE qty=58 avgPrice=8433.6207
2026-05-07 13:12:28 WARN  SELL_SKIP [KRX] 037030 reason=PHANTOM_POSITION phase=NONE qty=58 avgPrice=8433.6207
2026-05-07 13:12:33 WARN  SELL_SKIP [KRX] 037030 reason=PHANTOM_POSITION phase=NONE qty=58 avgPrice=8433.6207
2026-05-07 13:12:38 WARN  SELL_SKIP [KRX] 037030 reason=PHANTOM_POSITION phase=NONE qty=58 avgPrice=8433.6207
2026-05-07 13:12:43 WARN  SELL_SKIP [KRX] 037030 reason=PHANTOM_POSITION phase=NONE qty=58 avgPrice=8433.6207
2026-05-07 13:12:48 WARN  SELL_SKIP [KRX] 037030 reason=PHANTOM_POSITION phase=NONE qty=58 avgPrice=8433.6207
2026-05-07 13:12:53 WARN  SELL_SKIP [KRX] 037030 reason=PHANTOM_POSITION phase=NONE qty=58 avgPrice=8433.6207
2026-05-07 13:12:58 WARN  SELL_SKIP [KRX] 037030 reason=PHANTOM_POSITION phase=NONE qty=58 avgPrice=8433.6207
2026-05-07 13:13:03 WARN  SELL_SKIP [KRX] 037030 reason=PHANTOM_POSITION phase=NONE qty=58 avgPrice=8433.6207
2026-05-07 13:13:09 WARN  SELL_SKIP [KRX] 037030 reason=PHANTOM_POSITION phase=NONE qty=58 avgPrice=8433.6207
2026-05-07 13:13:14 WARN  SELL_SKIP [KRX] 037030 reason=PHANTOM_POSITION phase=NONE qty=58 avgPrice=8433.6207
2026-05-07 13:13:19 WARN  SELL_SKIP [KRX] 037030 reason=PHANTOM_POSITION phase=NONE qty=58 avgPrice=8433.6207
2026-05-07 13:13:24 WARN  SELL_SKIP [KRX] 037030 reason=PHANTOM_POSITION phase=NONE qty=58 avgPrice=8433.6207
2026-05-07 13:13:29 WARN  SELL_SKIP [KRX] 037030 reason=PHANTOM_POSITION phase=NONE qty=58 avgPrice=8433.6207
2026-05-07 13:13:39 WARN  SELL_SKIP [KRX] 037030 reason=PHANTOM_POSITION phase=NONE qty=58 avgPrice=8433.6207
2026-05-07 13:13:44 WARN  SELL_SKIP [KRX] 037030 reason=PHANTOM_POSITION phase=NONE qty=58 avgPrice=8433.6207
2026-05-07 13:13:49 WARN  SELL_SKIP [KRX] 037030 reason=PHANTOM_POSITION phase=NONE qty=58 avgPrice=8433.6207
2026-05-07 13:13:54 WARN  SELL_SKIP [KRX] 037030 reason=PHANTOM_POSITION phase=NONE qty=58 avgPrice=8433.6207
2026-05-07 13:13:59 WARN  SELL_SKIP [KRX] 037030 reason=PHANTOM_POSITION phase=NONE qty=58 avgPrice=8433.6207
2026-05-07 13:14:05 WARN  SELL_SKIP [KRX] 037030 reason=PHANTOM_POSITION phase=NONE qty=58 avgPrice=8433.6207
2026-05-07 13:14:10 WARN  SELL_SKIP [KRX] 037030 reason=PHANTOM_POSITION phase=NONE qty=58 avgPrice=8433.6207
2026-05-07 13:14:15 WARN  SELL_SKIP [KRX] 037030 reason=PHANTOM_POSITION phase=NONE qty=58 avgPrice=8433.6207
2026-05-07 13:14:20 WARN  SELL_SKIP [KRX] 037030 reason=PHANTOM_POSITION phase=NONE qty=58 avgPrice=8433.6207
2026-05-07 13:14:25 WARN  SELL_SKIP [KRX] 037030 reason=PHANTOM_POSITION phase=NONE qty=58 avgPrice=8433.6207
2026-05-07 13:14:30 WARN  SELL_SKIP [KRX] 037030 reason=PHANTOM_POSITION phase=NONE qty=58 avgPrice=8433.6207
2026-05-07 13:14:35 WARN  SELL_SKIP [KRX] 037030 reason=PHANTOM_POSITION phase=NONE qty=58 avgPrice=8433.6207
2026-05-07 13:14:40 WARN  SELL_SKIP [KRX] 037030 reason=PHANTOM_POSITION phase=NONE qty=58 avgPrice=8433.6207
2026-05-07 13:14:45 WARN  SELL_SKIP [KRX] 037030 reason=PHANTOM_POSITION phase=NONE qty=58 avgPrice=8433.6207
2026-05-07 13:14:50 WARN  SELL_SKIP [KRX] 037030 reason=PHANTOM_POSITION phase=NONE qty=58 avgPrice=8433.6207
2026-05-07 13:14:55 WARN  SELL_SKIP [KRX] 037030 reason=PHANTOM_POSITION phase=NONE qty=58 avgPrice=8433.6207
2026-05-07 13:15:01 WARN  SELL_SKIP [KRX] 037030 reason=PHANTOM_POSITION phase=NONE qty=58 avgPrice=8433.6207
2026-05-07 13:15:06 WARN  SELL_SKIP [KRX] 037030 reason=PHANTOM_POSITION phase=NONE qty=58 avgPrice=8433.6207
2026-05-07 13:15:11 WARN  SELL_SKIP [KRX] 037030 reason=PHANTOM_POSITION phase=NONE qty=58 avgPrice=8433.6207
2026-05-07 13:15:16 WARN  SELL_SKIP [KRX] 037030 reason=PHANTOM_POSITION phase=NONE qty=58 avgPrice=8433.6207
2026-05-07 13:15:21 WARN  SELL_SKIP [KRX] 037030 reason=PHANTOM_POSITION phase=NONE qty=58 avgPrice=8433.6207
2026-05-07 13:15:27 WARN  SELL_SKIP [KRX] 037030 reason=PHANTOM_POSITION phase=NONE qty=58 avgPrice=8433.6207
2026-05-07 13:15:32 WARN  SELL_SKIP [KRX] 037030 reason=PHANTOM_POSITION phase=NONE qty=58 avgPrice=8433.6207
2026-05-07 13:15:37 WARN  SELL_SKIP [KRX] 037030 reason=PHANTOM_POSITION phase=NONE qty=58 avgPrice=8433.6207
2026-05-07 13:15:42 WARN  SELL_SKIP [KRX] 037030 reason=PHANTOM_POSITION phase=NONE qty=58 avgPrice=8433.6207
2026-05-07 13:15:47 WARN  SELL_SKIP [KRX] 037030 reason=PHANTOM_POSITION phase=NONE qty=58 avgPrice=8433.6207
2026-05-07 13:15:52 WARN  SELL_SKIP [KRX] 037030 reason=PHANTOM_POSITION phase=NONE qty=58 avgPrice=8433.6207
2026-05-07 13:15:58 WARN  SELL_SKIP [KRX] 037030 reason=PHANTOM_POSITION phase=NONE qty=58 avgPrice=8433.6207
2026-05-07 13:16:03 WARN  SELL_SKIP [KRX] 037030 reason=PHANTOM_POSITION phase=NONE qty=58 avgPrice=8433.6207
2026-05-07 13:16:08 WARN  SELL_SKIP [KRX] 037030 reason=PHANTOM_POSITION phase=NONE qty=58 avgPrice=8433.6207
2026-05-07 13:16:13 WARN  SELL_SKIP [KRX] 037030 reason=PHANTOM_POSITION phase=NONE qty=58 avgPrice=8433.6207
2026-05-07 13:16:18 WARN  SELL_SKIP [KRX] 037030 reason=PHANTOM_POSITION phase=NONE qty=58 avgPrice=8433.6207
2026-05-07 13:16:23 WARN  SELL_SKIP [KRX] 037030 reason=PHANTOM_POSITION phase=NONE qty=58 avgPrice=8433.6207
2026-05-07 13:16:33 WARN  SELL_SKIP [KRX] 037030 reason=PHANTOM_POSITION phase=NONE qty=58 avgPrice=8433.6207
2026-05-07 13:16:38 WARN  SELL_SKIP [KRX] 037030 reason=PHANTOM_POSITION phase=NONE qty=58 avgPrice=8433.6207
2026-05-07 13:16:43 WARN  SELL_SKIP [KRX] 037030 reason=PHANTOM_POSITION phase=NONE qty=58 avgPrice=8433.6207
2026-05-07 13:16:48 WARN  SELL_SKIP [KRX] 037030 reason=PHANTOM_POSITION phase=NONE qty=58 avgPrice=8433.6207
2026-05-07 13:16:53 WARN  SELL_SKIP [KRX] 037030 reason=PHANTOM_POSITION phase=NONE qty=58 avgPrice=8433.6207
2026-05-07 13:16:58 WARN  SELL_SKIP [KRX] 037030 reason=PHANTOM_POSITION phase=NONE qty=58 avgPrice=8433.6207
2026-05-07 13:17:03 WARN  SELL_SKIP [KRX] 037030 reason=PHANTOM_POSITION phase=NONE qty=58 avgPrice=8433.6207
2026-05-07 13:17:08 WARN  SELL_SKIP [KRX] 037030 reason=PHANTOM_POSITION phase=NONE qty=58 avgPrice=8433.6207
2026-05-07 13:17:13 WARN  SELL_SKIP [KRX] 037030 reason=PHANTOM_POSITION phase=NONE qty=58 avgPrice=8433.6207
2026-05-07 13:17:18 WARN  SELL_SKIP [KRX] 037030 reason=PHANTOM_POSITION phase=NONE qty=58 avgPrice=8433.6207
2026-05-07 13:17:23 WARN  SELL_SKIP [KRX] 037030 reason=PHANTOM_POSITION phase=NONE qty=58 avgPrice=8433.6207
2026-05-07 13:17:29 WARN  SELL_SKIP [KRX] 037030 reason=PHANTOM_POSITION phase=NONE qty=58 avgPrice=8433.6207
2026-05-07 13:17:34 WARN  SELL_SKIP [KRX] 037030 reason=PHANTOM_POSITION phase=NONE qty=58 avgPrice=8433.6207
2026-05-07 13:17:44 WARN  SELL_SKIP [KRX] 037030 reason=PHANTOM_POSITION phase=NONE qty=58 avgPrice=8433.6207
2026-05-07 13:17:49 WARN  SELL_SKIP [KRX] 037030 reason=PHANTOM_POSITION phase=NONE qty=58 avgPrice=8433.6207
2026-05-07 13:17:54 WARN  SELL_SKIP [KRX] 037030 reason=PHANTOM_POSITION phase=NONE qty=58 avgPrice=8433.6207
2026-05-07 13:17:59 WARN  SELL_SKIP [KRX] 037030 reason=PHANTOM_POSITION phase=NONE qty=58 avgPrice=8433.6207
2026-05-07 13:18:04 WARN  SELL_SKIP [KRX] 037030 reason=PHANTOM_POSITION phase=NONE qty=58 avgPrice=8433.6207
2026-05-07 13:18:09 WARN  SELL_SKIP [KRX] 037030 reason=PHANTOM_POSITION phase=NONE qty=58 avgPrice=8433.6207
2026-05-07 13:18:14 WARN  SELL_SKIP [KRX] 037030 reason=PHANTOM_POSITION phase=NONE qty=58 avgPrice=8433.6207
2026-05-07 13:18:20 WARN  SELL_SKIP [KRX] 037030 reason=PHANTOM_POSITION phase=NONE qty=58 avgPrice=8433.6207
2026-05-07 13:18:25 WARN  SELL_SKIP [KRX] 037030 reason=PHANTOM_POSITION phase=NONE qty=58 avgPrice=8433.6207
2026-05-07 13:18:30 WARN  SELL_SKIP [KRX] 037030 reason=PHANTOM_POSITION phase=NONE qty=58 avgPrice=8433.6207
2026-05-07 13:18:40 WARN  SELL_SKIP [KRX] 037030 reason=PHANTOM_POSITION phase=NONE qty=58 avgPrice=8433.6207
2026-05-07 13:18:45 WARN  SELL_SKIP [KRX] 037030 reason=PHANTOM_POSITION phase=NONE qty=58 avgPrice=8433.6207
2026-05-07 13:18:50 WARN  SELL_SKIP [KRX] 037030 reason=PHANTOM_POSITION phase=NONE qty=58 avgPrice=8433.6207
2026-05-07 13:18:55 WARN  SELL_SKIP [KRX] 037030 reason=PHANTOM_POSITION phase=NONE qty=58 avgPrice=8433.6207
2026-05-07 13:19:00 WARN  SELL_SKIP [KRX] 037030 reason=PHANTOM_POSITION phase=NONE qty=58 avgPrice=8433.6207
2026-05-07 13:19:06 INFO  BUY [KRX] 013310 mode=VOLUME_BREAKOUT price=4425.0000 qty=112 size=1.0000x score=95(CONV) | WHY: strongBreakout volBreakout retestOK multiUp vol(3.90x) | VWAP: 2.02%(ABOVE slope=UP) | TREND: score=3 vel=0.80%/0.80%/1.03% | VOL: 71905.0000/18414.6500 TO: 317820100.0000/80485237.5000 | entryNo=2
2026-05-07 13:19:06 WARN  BUY_REJECTED 013310 phase=NONE
2026-05-07 13:19:11 WARN  SELL_SKIP [KRX] 037030 reason=PHANTOM_POSITION phase=NONE qty=58 avgPrice=8433.6207
2026-05-07 13:19:16 WARN  SELL_SKIP [KRX] 037030 reason=PHANTOM_POSITION phase=NONE qty=58 avgPrice=8433.6207
2026-05-07 13:19:21 WARN  SELL_SKIP [KRX] 037030 reason=PHANTOM_POSITION phase=NONE qty=58 avgPrice=8433.6207
2026-05-07 13:19:26 WARN  SELL_SKIP [KRX] 037030 reason=PHANTOM_POSITION phase=NONE qty=58 avgPrice=8433.6207
2026-05-07 13:19:31 WARN  SELL_SKIP [KRX] 037030 reason=PHANTOM_POSITION phase=NONE qty=58 avgPrice=8433.6207
2026-05-07 13:19:36 WARN  SELL_SKIP [KRX] 037030 reason=PHANTOM_POSITION phase=NONE qty=58 avgPrice=8433.6207
2026-05-07 13:19:41 WARN  SELL_SKIP [KRX] 037030 reason=PHANTOM_POSITION phase=NONE qty=58 avgPrice=8433.6207
2026-05-07 13:19:46 WARN  SELL_SKIP [KRX] 037030 reason=PHANTOM_POSITION phase=NONE qty=58 avgPrice=8433.6207
2026-05-07 13:19:51 WARN  SELL_SKIP [KRX] 037030 reason=PHANTOM_POSITION phase=NONE qty=58 avgPrice=8433.6207
2026-05-07 13:19:56 WARN  SELL_SKIP [KRX] 037030 reason=PHANTOM_POSITION phase=NONE qty=58 avgPrice=8433.6207
2026-05-07 13:20:01 WARN  SELL_SKIP [KRX] 037030 reason=PHANTOM_POSITION phase=NONE qty=58 avgPrice=8433.6207
2026-05-07 13:20:06 WARN  SELL_SKIP [KRX] 037030 reason=PHANTOM_POSITION phase=NONE qty=58 avgPrice=8433.6207
2026-05-07 13:20:11 WARN  SELL_SKIP [KRX] 037030 reason=PHANTOM_POSITION phase=NONE qty=58 avgPrice=8433.6207
2026-05-07 13:20:17 WARN  SELL_SKIP [KRX] 037030 reason=PHANTOM_POSITION phase=NONE qty=58 avgPrice=8433.6207
2026-05-07 13:20:22 WARN  SELL_SKIP [KRX] 037030 reason=PHANTOM_POSITION phase=NONE qty=58 avgPrice=8433.6207
2026-05-07 13:20:27 WARN  SELL_SKIP [KRX] 037030 reason=PHANTOM_POSITION phase=NONE qty=58 avgPrice=8433.6207
2026-05-07 13:20:32 WARN  SELL_SKIP [KRX] 037030 reason=PHANTOM_POSITION phase=NONE qty=58 avgPrice=8433.6207
2026-05-07 13:20:37 WARN  SELL_SKIP [KRX] 037030 reason=PHANTOM_POSITION phase=NONE qty=58 avgPrice=8433.6207
2026-05-07 13:20:42 WARN  SELL_SKIP [KRX] 037030 reason=PHANTOM_POSITION phase=NONE qty=58 avgPrice=8433.6207
2026-05-07 13:20:47 WARN  SELL_SKIP [KRX] 037030 reason=PHANTOM_POSITION phase=NONE qty=58 avgPrice=8433.6207
2026-05-07 13:20:52 WARN  SELL_SKIP [KRX] 037030 reason=PHANTOM_POSITION phase=NONE qty=58 avgPrice=8433.6207
2026-05-07 13:21:03 WARN  SELL_SKIP [KRX] 037030 reason=PHANTOM_POSITION phase=NONE qty=58 avgPrice=8433.6207
2026-05-07 13:21:08 WARN  SELL_SKIP [KRX] 037030 reason=PHANTOM_POSITION phase=NONE qty=58 avgPrice=8433.6207
2026-05-07 13:21:18 WARN  SELL_SKIP [KRX] 037030 reason=PHANTOM_POSITION phase=NONE qty=58 avgPrice=8433.6207
2026-05-07 13:21:23 WARN  SELL_SKIP [KRX] 037030 reason=PHANTOM_POSITION phase=NONE qty=58 avgPrice=8433.6207
2026-05-07 13:21:28 WARN  SELL_SKIP [KRX] 037030 reason=PHANTOM_POSITION phase=NONE qty=58 avgPrice=8433.6207
2026-05-07 13:21:33 WARN  SELL_SKIP [KRX] 037030 reason=PHANTOM_POSITION phase=NONE qty=58 avgPrice=8433.6207
2026-05-07 13:21:38 WARN  SELL_SKIP [KRX] 037030 reason=PHANTOM_POSITION phase=NONE qty=58 avgPrice=8433.6207
2026-05-07 13:21:43 WARN  SELL_SKIP [KRX] 037030 reason=PHANTOM_POSITION phase=NONE qty=58 avgPrice=8433.6207
2026-05-07 13:21:48 WARN  SELL_SKIP [KRX] 037030 reason=PHANTOM_POSITION phase=NONE qty=58 avgPrice=8433.6207
2026-05-07 13:21:53 WARN  SELL_SKIP [KRX] 037030 reason=PHANTOM_POSITION phase=NONE qty=58 avgPrice=8433.6207
2026-05-07 13:21:59 WARN  SELL_SKIP [KRX] 037030 reason=PHANTOM_POSITION phase=NONE qty=58 avgPrice=8433.6207
2026-05-07 13:22:04 WARN  SELL_SKIP [KRX] 037030 reason=PHANTOM_POSITION phase=NONE qty=58 avgPrice=8433.6207
2026-05-07 13:22:09 WARN  SELL_SKIP [KRX] 037030 reason=PHANTOM_POSITION phase=NONE qty=58 avgPrice=8433.6207
2026-05-07 13:22:14 WARN  SELL_SKIP [KRX] 037030 reason=PHANTOM_POSITION phase=NONE qty=58 avgPrice=8433.6207
2026-05-07 13:22:19 WARN  SELL_SKIP [KRX] 037030 reason=PHANTOM_POSITION phase=NONE qty=58 avgPrice=8433.6207
2026-05-07 13:22:24 WARN  SELL_SKIP [KRX] 037030 reason=PHANTOM_POSITION phase=NONE qty=58 avgPrice=8433.6207
2026-05-07 13:22:29 WARN  SELL_SKIP [KRX] 037030 reason=PHANTOM_POSITION phase=NONE qty=58 avgPrice=8433.6207
2026-05-07 13:22:34 WARN  SELL_SKIP [KRX] 037030 reason=PHANTOM_POSITION phase=NONE qty=58 avgPrice=8433.6207
2026-05-07 13:22:39 WARN  SELL_SKIP [KRX] 037030 reason=PHANTOM_POSITION phase=NONE qty=58 avgPrice=8433.6207
2026-05-07 13:22:44 WARN  SELL_SKIP [KRX] 037030 reason=PHANTOM_POSITION phase=NONE qty=58 avgPrice=8433.6207
2026-05-07 13:22:49 WARN  SELL_SKIP [KRX] 037030 reason=PHANTOM_POSITION phase=NONE qty=58 avgPrice=8433.6207
2026-05-07 13:22:54 WARN  SELL_SKIP [KRX] 037030 reason=PHANTOM_POSITION phase=NONE qty=58 avgPrice=8433.6207
2026-05-07 13:23:00 WARN  SELL_SKIP [KRX] 037030 reason=PHANTOM_POSITION phase=NONE qty=58 avgPrice=8433.6207
2026-05-07 13:23:05 WARN  SELL_SKIP [KRX] 037030 reason=PHANTOM_POSITION phase=NONE qty=58 avgPrice=8433.6207
2026-05-07 13:23:10 WARN  SELL_SKIP [KRX] 037030 reason=PHANTOM_POSITION phase=NONE qty=58 avgPrice=8433.6207
2026-05-07 13:23:15 WARN  SELL_SKIP [KRX] 037030 reason=PHANTOM_POSITION phase=NONE qty=58 avgPrice=8433.6207
2026-05-07 13:23:20 WARN  SELL_SKIP [KRX] 037030 reason=PHANTOM_POSITION phase=NONE qty=58 avgPrice=8433.6207
2026-05-07 13:23:25 WARN  SELL_SKIP [KRX] 037030 reason=PHANTOM_POSITION phase=NONE qty=58 avgPrice=8433.6207
2026-05-07 13:23:30 WARN  SELL_SKIP [KRX] 037030 reason=PHANTOM_POSITION phase=NONE qty=58 avgPrice=8433.6207
2026-05-07 13:23:35 WARN  SELL_SKIP [KRX] 037030 reason=PHANTOM_POSITION phase=NONE qty=58 avgPrice=8433.6207
2026-05-07 13:23:40 WARN  SELL_SKIP [KRX] 037030 reason=PHANTOM_POSITION phase=NONE qty=58 avgPrice=8433.6207
2026-05-07 13:23:50 WARN  SELL_SKIP [KRX] 037030 reason=PHANTOM_POSITION phase=NONE qty=58 avgPrice=8433.6207
2026-05-07 13:23:56 WARN  SELL_SKIP [KRX] 037030 reason=PHANTOM_POSITION phase=NONE qty=58 avgPrice=8433.6207
2026-05-07 13:24:01 WARN  SELL_SKIP [KRX] 037030 reason=PHANTOM_POSITION phase=NONE qty=58 avgPrice=8433.6207
2026-05-07 13:24:06 WARN  SELL_SKIP [KRX] 037030 reason=PHANTOM_POSITION phase=NONE qty=58 avgPrice=8433.6207
2026-05-07 13:24:11 WARN  SELL_SKIP [KRX] 037030 reason=PHANTOM_POSITION phase=NONE qty=58 avgPrice=8433.6207
2026-05-07 13:24:16 WARN  SELL_SKIP [KRX] 037030 reason=PHANTOM_POSITION phase=NONE qty=58 avgPrice=8433.6207
2026-05-07 13:24:21 WARN  SELL_SKIP [KRX] 037030 reason=PHANTOM_POSITION phase=NONE qty=58 avgPrice=8433.6207
2026-05-07 13:24:26 WARN  SELL_SKIP [KRX] 037030 reason=PHANTOM_POSITION phase=NONE qty=58 avgPrice=8433.6207
2026-05-07 13:24:31 WARN  SELL_SKIP [KRX] 037030 reason=PHANTOM_POSITION phase=NONE qty=58 avgPrice=8433.6207
2026-05-07 13:24:36 WARN  SELL_SKIP [KRX] 037030 reason=PHANTOM_POSITION phase=NONE qty=58 avgPrice=8433.6207
2026-05-07 13:24:41 WARN  SELL_SKIP [KRX] 037030 reason=PHANTOM_POSITION phase=NONE qty=58 avgPrice=8433.6207
2026-05-07 13:24:46 WARN  SELL_SKIP [KRX] 037030 reason=PHANTOM_POSITION phase=NONE qty=58 avgPrice=8433.6207
2026-05-07 13:24:51 WARN  SELL_SKIP [KRX] 037030 reason=PHANTOM_POSITION phase=NONE qty=58 avgPrice=8433.6207
2026-05-07 13:24:57 WARN  SELL_SKIP [KRX] 037030 reason=PHANTOM_POSITION phase=NONE qty=58 avgPrice=8433.6207
2026-05-07 13:25:02 WARN  SELL_SKIP [KRX] 037030 reason=PHANTOM_POSITION phase=NONE qty=58 avgPrice=8433.6207
2026-05-07 13:25:07 WARN  SELL_SKIP [KRX] 037030 reason=PHANTOM_POSITION phase=NONE qty=58 avgPrice=8433.6207
2026-05-07 13:25:12 WARN  SELL_SKIP [KRX] 037030 reason=PHANTOM_POSITION phase=NONE qty=58 avgPrice=8433.6207
2026-05-07 13:25:17 WARN  SELL_SKIP [KRX] 037030 reason=PHANTOM_POSITION phase=NONE qty=58 avgPrice=8433.6207
2026-05-07 13:25:22 WARN  SELL_SKIP [KRX] 037030 reason=PHANTOM_POSITION phase=NONE qty=58 avgPrice=8433.6207
2026-05-07 13:25:27 WARN  SELL_SKIP [KRX] 037030 reason=PHANTOM_POSITION phase=NONE qty=58 avgPrice=8433.6207
2026-05-07 13:25:32 WARN  SELL_SKIP [KRX] 037030 reason=PHANTOM_POSITION phase=NONE qty=58 avgPrice=8433.6207
2026-05-07 13:25:37 WARN  SELL_SKIP [KRX] 037030 reason=PHANTOM_POSITION phase=NONE qty=58 avgPrice=8433.6207
2026-05-07 13:25:42 WARN  SELL_SKIP [KRX] 037030 reason=PHANTOM_POSITION phase=NONE qty=58 avgPrice=8433.6207
2026-05-07 13:25:47 WARN  SELL_SKIP [KRX] 037030 reason=PHANTOM_POSITION phase=NONE qty=58 avgPrice=8433.6207
2026-05-07 13:25:52 WARN  SELL_SKIP [KRX] 037030 reason=PHANTOM_POSITION phase=NONE qty=58 avgPrice=8433.6207
2026-05-07 13:25:57 WARN  SELL_SKIP [KRX] 037030 reason=PHANTOM_POSITION phase=NONE qty=58 avgPrice=8433.6207
2026-05-07 13:26:03 WARN  SELL_SKIP [KRX] 037030 reason=PHANTOM_POSITION phase=NONE qty=58 avgPrice=8433.6207
2026-05-07 13:26:08 WARN  SELL_SKIP [KRX] 037030 reason=PHANTOM_POSITION phase=NONE qty=58 avgPrice=8433.6207
2026-05-07 13:26:13 WARN  SELL_SKIP [KRX] 037030 reason=PHANTOM_POSITION phase=NONE qty=58 avgPrice=8433.6207
2026-05-07 13:26:18 WARN  SELL_SKIP [KRX] 037030 reason=PHANTOM_POSITION phase=NONE qty=58 avgPrice=8433.6207
2026-05-07 13:26:23 WARN  SELL_SKIP [KRX] 037030 reason=PHANTOM_POSITION phase=NONE qty=58 avgPrice=8433.6207
2026-05-07 13:26:28 WARN  SELL_SKIP [KRX] 037030 reason=PHANTOM_POSITION phase=NONE qty=58 avgPrice=8433.6207
2026-05-07 13:26:33 WARN  SELL_SKIP [KRX] 037030 reason=PHANTOM_POSITION phase=NONE qty=58 avgPrice=8433.6207
2026-05-07 13:26:38 WARN  SELL_SKIP [KRX] 037030 reason=PHANTOM_POSITION phase=NONE qty=58 avgPrice=8433.6207
2026-05-07 13:26:43 WARN  SELL_SKIP [KRX] 037030 reason=PHANTOM_POSITION phase=NONE qty=58 avgPrice=8433.6207
2026-05-07 13:26:48 WARN  SELL_SKIP [KRX] 037030 reason=PHANTOM_POSITION phase=NONE qty=58 avgPrice=8433.6207
2026-05-07 13:26:53 WARN  SELL_SKIP [KRX] 037030 reason=PHANTOM_POSITION phase=NONE qty=58 avgPrice=8433.6207
2026-05-07 13:26:59 WARN  SELL_SKIP [KRX] 037030 reason=PHANTOM_POSITION phase=NONE qty=58 avgPrice=8433.6207
2026-05-07 13:27:04 WARN  SELL_SKIP [KRX] 037030 reason=PHANTOM_POSITION phase=NONE qty=58 avgPrice=8433.6207
2026-05-07 13:27:09 WARN  SELL_SKIP [KRX] 037030 reason=PHANTOM_POSITION phase=NONE qty=58 avgPrice=8433.6207
2026-05-07 13:27:14 WARN  SELL_SKIP [KRX] 037030 reason=PHANTOM_POSITION phase=NONE qty=58 avgPrice=8433.6207
2026-05-07 13:27:19 WARN  SELL_SKIP [KRX] 037030 reason=PHANTOM_POSITION phase=NONE qty=58 avgPrice=8433.6207
2026-05-07 13:27:24 WARN  SELL_SKIP [KRX] 037030 reason=PHANTOM_POSITION phase=NONE qty=58 avgPrice=8433.6207
2026-05-07 13:27:29 WARN  SELL_SKIP [KRX] 037030 reason=PHANTOM_POSITION phase=NONE qty=58 avgPrice=8433.6207
2026-05-07 13:27:34 WARN  SELL_SKIP [KRX] 037030 reason=PHANTOM_POSITION phase=NONE qty=58 avgPrice=8433.6207
2026-05-07 13:27:39 WARN  SELL_SKIP [KRX] 037030 reason=PHANTOM_POSITION phase=NONE qty=58 avgPrice=8433.6207
2026-05-07 13:27:44 WARN  SELL_SKIP [KRX] 037030 reason=PHANTOM_POSITION phase=NONE qty=58 avgPrice=8433.6207
2026-05-07 13:27:49 WARN  SELL_SKIP [KRX] 037030 reason=PHANTOM_POSITION phase=NONE qty=58 avgPrice=8433.6207
2026-05-07 13:27:55 WARN  SELL_SKIP [KRX] 037030 reason=PHANTOM_POSITION phase=NONE qty=58 avgPrice=8433.6207
2026-05-07 13:28:00 WARN  SELL_SKIP [KRX] 037030 reason=PHANTOM_POSITION phase=NONE qty=58 avgPrice=8433.6207
2026-05-07 13:28:05 WARN  SELL_SKIP [KRX] 037030 reason=PHANTOM_POSITION phase=NONE qty=58 avgPrice=8433.6207
2026-05-07 13:28:15 WARN  SELL_SKIP [KRX] 037030 reason=PHANTOM_POSITION phase=NONE qty=58 avgPrice=8433.6207
2026-05-07 13:28:20 WARN  SELL_SKIP [KRX] 037030 reason=PHANTOM_POSITION phase=NONE qty=58 avgPrice=8433.6207
2026-05-07 13:28:25 WARN  SELL_SKIP [KRX] 037030 reason=PHANTOM_POSITION phase=NONE qty=58 avgPrice=8433.6207
2026-05-07 13:28:30 WARN  SELL_SKIP [KRX] 037030 reason=PHANTOM_POSITION phase=NONE qty=58 avgPrice=8433.6207
2026-05-07 13:28:35 WARN  SELL_SKIP [KRX] 037030 reason=PHANTOM_POSITION phase=NONE qty=58 avgPrice=8433.6207
2026-05-07 13:28:40 WARN  SELL_SKIP [KRX] 037030 reason=PHANTOM_POSITION phase=NONE qty=58 avgPrice=8433.6207
2026-05-07 13:28:51 WARN  SELL_SKIP [KRX] 037030 reason=PHANTOM_POSITION phase=NONE qty=58 avgPrice=8433.6207
2026-05-07 13:28:56 WARN  SELL_SKIP [KRX] 037030 reason=PHANTOM_POSITION phase=NONE qty=58 avgPrice=8433.6207
2026-05-07 13:29:06 WARN  SELL_SKIP [KRX] 037030 reason=PHANTOM_POSITION phase=NONE qty=58 avgPrice=8433.6207
2026-05-07 13:29:11 WARN  SELL_SKIP [KRX] 037030 reason=PHANTOM_POSITION phase=NONE qty=58 avgPrice=8433.6207
2026-05-07 13:29:16 WARN  SELL_SKIP [KRX] 037030 reason=PHANTOM_POSITION phase=NONE qty=58 avgPrice=8433.6207
2026-05-07 13:29:21 WARN  SELL_SKIP [KRX] 037030 reason=PHANTOM_POSITION phase=NONE qty=58 avgPrice=8433.6207
2026-05-07 13:29:26 WARN  SELL_SKIP [KRX] 037030 reason=PHANTOM_POSITION phase=NONE qty=58 avgPrice=8433.6207
2026-05-07 13:29:31 WARN  SELL_SKIP [KRX] 037030 reason=PHANTOM_POSITION phase=NONE qty=58 avgPrice=8433.6207
2026-05-07 13:29:36 WARN  SELL_SKIP [KRX] 037030 reason=PHANTOM_POSITION phase=NONE qty=58 avgPrice=8433.6207
2026-05-07 13:29:42 WARN  SELL_SKIP [KRX] 037030 reason=PHANTOM_POSITION phase=NONE qty=58 avgPrice=8433.6207
2026-05-07 13:29:47 WARN  SELL_SKIP [KRX] 037030 reason=PHANTOM_POSITION phase=NONE qty=58 avgPrice=8433.6207
2026-05-07 13:29:52 WARN  SELL_SKIP [KRX] 037030 reason=PHANTOM_POSITION phase=NONE qty=58 avgPrice=8433.6207
2026-05-07 13:29:57 WARN  SELL_SKIP [KRX] 037030 reason=PHANTOM_POSITION phase=NONE qty=58 avgPrice=8433.6207
2026-05-07 13:30:02 WARN  SELL_SKIP [KRX] 037030 reason=PHANTOM_POSITION phase=NONE qty=58 avgPrice=8433.6207
2026-05-07 13:30:07 WARN  SELL_SKIP [KRX] 037030 reason=PHANTOM_POSITION phase=NONE qty=58 avgPrice=8433.6207
2026-05-07 13:30:12 WARN  SELL_SKIP [KRX] 037030 reason=PHANTOM_POSITION phase=NONE qty=58 avgPrice=8433.6207
2026-05-07 13:30:17 WARN  SELL_SKIP [KRX] 037030 reason=PHANTOM_POSITION phase=NONE qty=58 avgPrice=8433.6207
2026-05-07 13:30:22 WARN  SELL_SKIP [KRX] 037030 reason=PHANTOM_POSITION phase=NONE qty=58 avgPrice=8433.6207
2026-05-07 13:30:27 WARN  SELL_SKIP [KRX] 037030 reason=PHANTOM_POSITION phase=NONE qty=58 avgPrice=8433.6207
2026-05-07 13:30:32 WARN  SELL_SKIP [KRX] 037030 reason=PHANTOM_POSITION phase=NONE qty=58 avgPrice=8433.6207
2026-05-07 13:30:37 WARN  SELL_SKIP [KRX] 037030 reason=PHANTOM_POSITION phase=NONE qty=58 avgPrice=8433.6207
2026-05-07 13:30:43 WARN  SELL_SKIP [KRX] 037030 reason=PHANTOM_POSITION phase=NONE qty=58 avgPrice=8433.6207
2026-05-07 13:30:48 WARN  SELL_SKIP [KRX] 037030 reason=PHANTOM_POSITION phase=NONE qty=58 avgPrice=8433.6207
2026-05-07 13:30:53 WARN  SELL_SKIP [KRX] 037030 reason=PHANTOM_POSITION phase=NONE qty=58 avgPrice=8433.6207
2026-05-07 13:30:58 WARN  SELL_SKIP [KRX] 037030 reason=PHANTOM_POSITION phase=NONE qty=58 avgPrice=8433.6207
2026-05-07 13:31:03 WARN  SELL_SKIP [KRX] 037030 reason=PHANTOM_POSITION phase=NONE qty=58 avgPrice=8433.6207
2026-05-07 13:31:08 WARN  SELL_SKIP [KRX] 037030 reason=PHANTOM_POSITION phase=NONE qty=58 avgPrice=8433.6207
2026-05-07 13:31:13 WARN  SELL_SKIP [KRX] 037030 reason=PHANTOM_POSITION phase=NONE qty=58 avgPrice=8433.6207
2026-05-07 13:31:18 WARN  SELL_SKIP [KRX] 037030 reason=PHANTOM_POSITION phase=NONE qty=58 avgPrice=8433.6207
2026-05-07 13:31:23 WARN  SELL_SKIP [KRX] 037030 reason=PHANTOM_POSITION phase=NONE qty=58 avgPrice=8433.6207
2026-05-07 13:31:28 WARN  SELL_SKIP [KRX] 037030 reason=PHANTOM_POSITION phase=NONE qty=58 avgPrice=8433.6207
2026-05-07 13:31:33 WARN  SELL_SKIP [KRX] 037030 reason=PHANTOM_POSITION phase=NONE qty=58 avgPrice=8433.6207
2026-05-07 13:31:39 WARN  SELL_SKIP [KRX] 037030 reason=PHANTOM_POSITION phase=NONE qty=58 avgPrice=8433.6207
2026-05-07 13:31:44 WARN  SELL_SKIP [KRX] 037030 reason=PHANTOM_POSITION phase=NONE qty=58 avgPrice=8433.6207
2026-05-07 13:31:49 WARN  SELL_SKIP [KRX] 037030 reason=PHANTOM_POSITION phase=NONE qty=58 avgPrice=8433.6207
2026-05-07 13:31:54 WARN  SELL_SKIP [KRX] 037030 reason=PHANTOM_POSITION phase=NONE qty=58 avgPrice=8433.6207
2026-05-07 13:31:59 WARN  SELL_SKIP [KRX] 037030 reason=PHANTOM_POSITION phase=NONE qty=58 avgPrice=8433.6207
2026-05-07 13:32:04 WARN  SELL_SKIP [KRX] 037030 reason=PHANTOM_POSITION phase=NONE qty=58 avgPrice=8433.6207
2026-05-07 13:32:09 WARN  SELL_SKIP [KRX] 037030 reason=PHANTOM_POSITION phase=NONE qty=58 avgPrice=8433.6207
2026-05-07 13:32:14 WARN  SELL_SKIP [KRX] 037030 reason=PHANTOM_POSITION phase=NONE qty=58 avgPrice=8433.6207
2026-05-07 13:32:19 WARN  SELL_SKIP [KRX] 037030 reason=PHANTOM_POSITION phase=NONE qty=58 avgPrice=8433.6207
2026-05-07 13:32:24 WARN  SELL_SKIP [KRX] 037030 reason=PHANTOM_POSITION phase=NONE qty=58 avgPrice=8433.6207
2026-05-07 13:32:29 WARN  SELL_SKIP [KRX] 037030 reason=PHANTOM_POSITION phase=NONE qty=58 avgPrice=8433.6207
2026-05-07 13:32:34 WARN  SELL_SKIP [KRX] 037030 reason=PHANTOM_POSITION phase=NONE qty=58 avgPrice=8433.6207
2026-05-07 13:32:40 WARN  SELL_SKIP [KRX] 037030 reason=PHANTOM_POSITION phase=NONE qty=58 avgPrice=8433.6207
2026-05-07 13:32:45 WARN  SELL_SKIP [KRX] 037030 reason=PHANTOM_POSITION phase=NONE qty=58 avgPrice=8433.6207
2026-05-07 13:32:50 WARN  SELL_SKIP [KRX] 037030 reason=PHANTOM_POSITION phase=NONE qty=58 avgPrice=8433.6207
2026-05-07 13:32:55 WARN  SELL_SKIP [KRX] 037030 reason=PHANTOM_POSITION phase=NONE qty=58 avgPrice=8433.6207
2026-05-07 13:33:00 WARN  SELL_SKIP [KRX] 037030 reason=PHANTOM_POSITION phase=NONE qty=58 avgPrice=8433.6207
2026-05-07 13:33:05 WARN  SELL_SKIP [KRX] 037030 reason=PHANTOM_POSITION phase=NONE qty=58 avgPrice=8433.6207
2026-05-07 13:33:10 WARN  SELL_SKIP [KRX] 037030 reason=PHANTOM_POSITION phase=NONE qty=58 avgPrice=8433.6207
2026-05-07 13:33:15 WARN  SELL_SKIP [KRX] 037030 reason=PHANTOM_POSITION phase=NONE qty=58 avgPrice=8433.6207
2026-05-07 13:33:20 WARN  SELL_SKIP [KRX] 037030 reason=PHANTOM_POSITION phase=NONE qty=58 avgPrice=8433.6207
2026-05-07 13:33:25 WARN  SELL_SKIP [KRX] 037030 reason=PHANTOM_POSITION phase=NONE qty=58 avgPrice=8433.6207
2026-05-07 13:33:30 WARN  SELL_SKIP [KRX] 037030 reason=PHANTOM_POSITION phase=NONE qty=58 avgPrice=8433.6207
2026-05-07 13:33:36 WARN  SELL_SKIP [KRX] 037030 reason=PHANTOM_POSITION phase=NONE qty=58 avgPrice=8433.6207
2026-05-07 13:33:41 WARN  SELL_SKIP [KRX] 037030 reason=PHANTOM_POSITION phase=NONE qty=58 avgPrice=8433.6207
2026-05-07 13:33:46 WARN  SELL_SKIP [KRX] 037030 reason=PHANTOM_POSITION phase=NONE qty=58 avgPrice=8433.6207
2026-05-07 13:33:51 WARN  SELL_SKIP [KRX] 037030 reason=PHANTOM_POSITION phase=NONE qty=58 avgPrice=8433.6207
2026-05-07 13:33:56 WARN  SELL_SKIP [KRX] 037030 reason=PHANTOM_POSITION phase=NONE qty=58 avgPrice=8433.6207
2026-05-07 13:34:01 WARN  SELL_SKIP [KRX] 037030 reason=PHANTOM_POSITION phase=NONE qty=58 avgPrice=8433.6207
2026-05-07 13:34:06 WARN  SELL_SKIP [KRX] 037030 reason=PHANTOM_POSITION phase=NONE qty=58 avgPrice=8433.6207
2026-05-07 13:34:11 WARN  SELL_SKIP [KRX] 037030 reason=PHANTOM_POSITION phase=NONE qty=58 avgPrice=8433.6207
2026-05-07 13:34:16 WARN  SELL_SKIP [KRX] 037030 reason=PHANTOM_POSITION phase=NONE qty=58 avgPrice=8433.6207
2026-05-07 13:34:21 WARN  SELL_SKIP [KRX] 037030 reason=PHANTOM_POSITION phase=NONE qty=58 avgPrice=8433.6207
2026-05-07 13:34:26 WARN  SELL_SKIP [KRX] 037030 reason=PHANTOM_POSITION phase=NONE qty=58 avgPrice=8433.6207
2026-05-07 13:34:32 WARN  SELL_SKIP [KRX] 037030 reason=PHANTOM_POSITION phase=NONE qty=58 avgPrice=8433.6207
2026-05-07 13:34:37 WARN  SELL_SKIP [KRX] 037030 reason=PHANTOM_POSITION phase=NONE qty=58 avgPrice=8433.6207
2026-05-07 13:34:42 WARN  SELL_SKIP [KRX] 037030 reason=PHANTOM_POSITION phase=NONE qty=58 avgPrice=8433.6207
2026-05-07 13:34:47 WARN  SELL_SKIP [KRX] 037030 reason=PHANTOM_POSITION phase=NONE qty=58 avgPrice=8433.6207
2026-05-07 13:34:52 WARN  SELL_SKIP [KRX] 037030 reason=PHANTOM_POSITION phase=NONE qty=58 avgPrice=8433.6207
2026-05-07 13:34:57 WARN  SELL_SKIP [KRX] 037030 reason=PHANTOM_POSITION phase=NONE qty=58 avgPrice=8433.6207
2026-05-07 13:35:02 WARN  SELL_SKIP [KRX] 037030 reason=PHANTOM_POSITION phase=NONE qty=58 avgPrice=8433.6207
2026-05-07 13:35:07 WARN  SELL_SKIP [KRX] 037030 reason=PHANTOM_POSITION phase=NONE qty=58 avgPrice=8433.6207
2026-05-07 13:35:12 WARN  SELL_SKIP [KRX] 037030 reason=PHANTOM_POSITION phase=NONE qty=58 avgPrice=8433.6207
2026-05-07 13:35:17 WARN  SELL_SKIP [KRX] 037030 reason=PHANTOM_POSITION phase=NONE qty=58 avgPrice=8433.6207
2026-05-07 13:35:22 WARN  SELL_SKIP [KRX] 037030 reason=PHANTOM_POSITION phase=NONE qty=58 avgPrice=8433.6207
2026-05-07 13:35:28 WARN  SELL_SKIP [KRX] 037030 reason=PHANTOM_POSITION phase=NONE qty=58 avgPrice=8433.6207
2026-05-07 13:35:33 WARN  SELL_SKIP [KRX] 037030 reason=PHANTOM_POSITION phase=NONE qty=58 avgPrice=8433.6207
2026-05-07 13:35:38 WARN  SELL_SKIP [KRX] 037030 reason=PHANTOM_POSITION phase=NONE qty=58 avgPrice=8433.6207
2026-05-07 13:35:43 WARN  SELL_SKIP [KRX] 037030 reason=PHANTOM_POSITION phase=NONE qty=58 avgPrice=8433.6207
2026-05-07 13:35:48 WARN  SELL_SKIP [KRX] 037030 reason=PHANTOM_POSITION phase=NONE qty=58 avgPrice=8433.6207
2026-05-07 13:35:53 WARN  SELL_SKIP [KRX] 037030 reason=PHANTOM_POSITION phase=NONE qty=58 avgPrice=8433.6207
2026-05-07 13:35:58 WARN  SELL_SKIP [KRX] 037030 reason=PHANTOM_POSITION phase=NONE qty=58 avgPrice=8433.6207
2026-05-07 13:36:03 WARN  SELL_SKIP [KRX] 037030 reason=PHANTOM_POSITION phase=NONE qty=58 avgPrice=8433.6207
2026-05-07 13:36:08 WARN  SELL_SKIP [KRX] 037030 reason=PHANTOM_POSITION phase=NONE qty=58 avgPrice=8433.6207
2026-05-07 13:36:13 WARN  SELL_SKIP [KRX] 037030 reason=PHANTOM_POSITION phase=NONE qty=58 avgPrice=8433.6207
2026-05-07 13:36:18 WARN  SELL_SKIP [KRX] 037030 reason=PHANTOM_POSITION phase=NONE qty=58 avgPrice=8433.6207
2026-05-07 13:36:23 WARN  SELL_SKIP [KRX] 037030 reason=PHANTOM_POSITION phase=NONE qty=58 avgPrice=8433.6207
2026-05-07 13:36:29 WARN  SELL_SKIP [KRX] 037030 reason=PHANTOM_POSITION phase=NONE qty=58 avgPrice=8433.6207
2026-05-07 13:36:34 WARN  SELL_SKIP [KRX] 037030 reason=PHANTOM_POSITION phase=NONE qty=58 avgPrice=8433.6207
2026-05-07 13:36:39 WARN  SELL_SKIP [KRX] 037030 reason=PHANTOM_POSITION phase=NONE qty=58 avgPrice=8433.6207
2026-05-07 13:36:44 WARN  SELL_SKIP [KRX] 037030 reason=PHANTOM_POSITION phase=NONE qty=58 avgPrice=8433.6207
2026-05-07 13:36:49 WARN  SELL_SKIP [KRX] 037030 reason=PHANTOM_POSITION phase=NONE qty=58 avgPrice=8433.6207
2026-05-07 13:36:54 WARN  SELL_SKIP [KRX] 037030 reason=PHANTOM_POSITION phase=NONE qty=58 avgPrice=8433.6207
2026-05-07 13:36:59 WARN  SELL_SKIP [KRX] 037030 reason=PHANTOM_POSITION phase=NONE qty=58 avgPrice=8433.6207
2026-05-07 13:37:04 WARN  SELL_SKIP [KRX] 037030 reason=PHANTOM_POSITION phase=NONE qty=58 avgPrice=8433.6207
2026-05-07 13:37:09 WARN  SELL_SKIP [KRX] 037030 reason=PHANTOM_POSITION phase=NONE qty=58 avgPrice=8433.6207
2026-05-07 13:37:14 WARN  SELL_SKIP [KRX] 037030 reason=PHANTOM_POSITION phase=NONE qty=58 avgPrice=8433.6207
2026-05-07 13:37:19 WARN  SELL_SKIP [KRX] 037030 reason=PHANTOM_POSITION phase=NONE qty=58 avgPrice=8433.6207
2026-05-07 13:37:25 WARN  SELL_SKIP [KRX] 037030 reason=PHANTOM_POSITION phase=NONE qty=58 avgPrice=8433.6207
2026-05-07 13:37:30 WARN  SELL_SKIP [KRX] 037030 reason=PHANTOM_POSITION phase=NONE qty=58 avgPrice=8433.6207
2026-05-07 13:37:35 WARN  SELL_SKIP [KRX] 037030 reason=PHANTOM_POSITION phase=NONE qty=58 avgPrice=8433.6207
2026-05-07 13:37:40 WARN  SELL_SKIP [KRX] 037030 reason=PHANTOM_POSITION phase=NONE qty=58 avgPrice=8433.6207
2026-05-07 13:37:45 WARN  SELL_SKIP [KRX] 037030 reason=PHANTOM_POSITION phase=NONE qty=58 avgPrice=8433.6207
2026-05-07 13:37:50 WARN  SELL_SKIP [KRX] 037030 reason=PHANTOM_POSITION phase=NONE qty=58 avgPrice=8433.6207
2026-05-07 13:37:55 WARN  SELL_SKIP [KRX] 037030 reason=PHANTOM_POSITION phase=NONE qty=58 avgPrice=8433.6207
2026-05-07 13:38:00 WARN  SELL_SKIP [KRX] 037030 reason=PHANTOM_POSITION phase=NONE qty=58 avgPrice=8433.6207
2026-05-07 13:38:05 WARN  SELL_SKIP [KRX] 037030 reason=PHANTOM_POSITION phase=NONE qty=58 avgPrice=8433.6207
2026-05-07 13:38:10 WARN  SELL_SKIP [KRX] 037030 reason=PHANTOM_POSITION phase=NONE qty=58 avgPrice=8433.6207
2026-05-07 13:38:15 WARN  SELL_SKIP [KRX] 037030 reason=PHANTOM_POSITION phase=NONE qty=58 avgPrice=8433.6207
2026-05-07 13:38:20 WARN  SELL_SKIP [KRX] 037030 reason=PHANTOM_POSITION phase=NONE qty=58 avgPrice=8433.6207
2026-05-07 13:38:26 WARN  SELL_SKIP [KRX] 037030 reason=PHANTOM_POSITION phase=NONE qty=58 avgPrice=8433.6207
2026-05-07 13:38:31 WARN  SELL_SKIP [KRX] 037030 reason=PHANTOM_POSITION phase=NONE qty=58 avgPrice=8433.6207
2026-05-07 13:38:41 WARN  SELL_SKIP [KRX] 037030 reason=PHANTOM_POSITION phase=NONE qty=58 avgPrice=8433.6207
2026-05-07 13:38:46 WARN  SELL_SKIP [KRX] 037030 reason=PHANTOM_POSITION phase=NONE qty=58 avgPrice=8433.6207
2026-05-07 13:38:51 WARN  SELL_SKIP [KRX] 037030 reason=PHANTOM_POSITION phase=NONE qty=58 avgPrice=8433.6207
2026-05-07 13:38:56 WARN  SELL_SKIP [KRX] 037030 reason=PHANTOM_POSITION phase=NONE qty=58 avgPrice=8433.6207
2026-05-07 13:39:01 WARN  SELL_SKIP [KRX] 037030 reason=PHANTOM_POSITION phase=NONE qty=58 avgPrice=8433.6207
2026-05-07 13:39:06 WARN  SELL_SKIP [KRX] 037030 reason=PHANTOM_POSITION phase=NONE qty=58 avgPrice=8433.6207
2026-05-07 13:39:06 INFO  BUY [KRX] 006910 mode=BREAKOUT price=15400.0000 qty=25 size=0.8000x score=85(CONV) | WHY: strongBreakout retestOK multiUp vol(1.59x) | VWAP: 0.42%(ABOVE slope=UP) | TREND: score=3 vel=0.20%/0.33%/0.39% | VOL: 8416.0000/5277.4500 TO: 129690560.0000/81037884.0000 | entryNo=2
2026-05-07 13:39:06 WARN  BUY_REJECTED 006910 phase=NONE
2026-05-07 13:39:11 WARN  SELL_SKIP [KRX] 037030 reason=PHANTOM_POSITION phase=NONE qty=58 avgPrice=8433.6207
2026-05-07 13:39:22 WARN  SELL_SKIP [KRX] 037030 reason=PHANTOM_POSITION phase=NONE qty=58 avgPrice=8433.6207
2026-05-07 13:39:32 WARN  SELL_SKIP [KRX] 037030 reason=PHANTOM_POSITION phase=NONE qty=58 avgPrice=8433.6207
2026-05-07 13:39:37 WARN  SELL_SKIP [KRX] 037030 reason=PHANTOM_POSITION phase=NONE qty=58 avgPrice=8433.6207
2026-05-07 13:39:42 WARN  SELL_SKIP [KRX] 037030 reason=PHANTOM_POSITION phase=NONE qty=58 avgPrice=8433.6207
2026-05-07 13:39:47 WARN  SELL_SKIP [KRX] 037030 reason=PHANTOM_POSITION phase=NONE qty=58 avgPrice=8433.6207
2026-05-07 13:39:52 WARN  SELL_SKIP [KRX] 037030 reason=PHANTOM_POSITION phase=NONE qty=58 avgPrice=8433.6207
2026-05-07 13:39:57 WARN  SELL_SKIP [KRX] 037030 reason=PHANTOM_POSITION phase=NONE qty=58 avgPrice=8433.6207
2026-05-07 13:40:02 WARN  SELL_SKIP [KRX] 037030 reason=PHANTOM_POSITION phase=NONE qty=58 avgPrice=8433.6207
2026-05-07 13:40:07 WARN  SELL_SKIP [KRX] 037030 reason=PHANTOM_POSITION phase=NONE qty=58 avgPrice=8433.6207
2026-05-07 13:40:18 WARN  SELL_SKIP [KRX] 037030 reason=PHANTOM_POSITION phase=NONE qty=58 avgPrice=8433.6207
2026-05-07 13:40:23 WARN  SELL_SKIP [KRX] 037030 reason=PHANTOM_POSITION phase=NONE qty=58 avgPrice=8433.6207
2026-05-07 13:40:28 WARN  SELL_SKIP [KRX] 037030 reason=PHANTOM_POSITION phase=NONE qty=58 avgPrice=8433.6207
2026-05-07 13:40:33 WARN  SELL_SKIP [KRX] 037030 reason=PHANTOM_POSITION phase=NONE qty=58 avgPrice=8433.6207
2026-05-07 13:40:38 WARN  SELL_SKIP [KRX] 037030 reason=PHANTOM_POSITION phase=NONE qty=58 avgPrice=8433.6207
2026-05-07 13:40:43 WARN  SELL_SKIP [KRX] 037030 reason=PHANTOM_POSITION phase=NONE qty=58 avgPrice=8433.6207
2026-05-07 13:40:48 WARN  SELL_SKIP [KRX] 037030 reason=PHANTOM_POSITION phase=NONE qty=58 avgPrice=8433.6207
2026-05-07 13:40:53 WARN  SELL_SKIP [KRX] 037030 reason=PHANTOM_POSITION phase=NONE qty=58 avgPrice=8433.6207
2026-05-07 13:40:58 WARN  SELL_SKIP [KRX] 037030 reason=PHANTOM_POSITION phase=NONE qty=58 avgPrice=8433.6207
2026-05-07 13:41:09 WARN  SELL_SKIP [KRX] 037030 reason=PHANTOM_POSITION phase=NONE qty=58 avgPrice=8433.6207
2026-05-07 13:41:14 WARN  SELL_SKIP [KRX] 037030 reason=PHANTOM_POSITION phase=NONE qty=58 avgPrice=8433.6207
2026-05-07 13:41:19 WARN  SELL_SKIP [KRX] 037030 reason=PHANTOM_POSITION phase=NONE qty=58 avgPrice=8433.6207
2026-05-07 13:41:24 WARN  SELL_SKIP [KRX] 037030 reason=PHANTOM_POSITION phase=NONE qty=58 avgPrice=8433.6207
2026-05-07 13:41:29 WARN  SELL_SKIP [KRX] 037030 reason=PHANTOM_POSITION phase=NONE qty=58 avgPrice=8433.6207
2026-05-07 13:41:34 WARN  SELL_SKIP [KRX] 037030 reason=PHANTOM_POSITION phase=NONE qty=58 avgPrice=8433.6207
2026-05-07 13:41:39 WARN  SELL_SKIP [KRX] 037030 reason=PHANTOM_POSITION phase=NONE qty=58 avgPrice=8433.6207
2026-05-07 13:41:44 WARN  SELL_SKIP [KRX] 037030 reason=PHANTOM_POSITION phase=NONE qty=58 avgPrice=8433.6207
2026-05-07 13:41:49 WARN  SELL_SKIP [KRX] 037030 reason=PHANTOM_POSITION phase=NONE qty=58 avgPrice=8433.6207
2026-05-07 13:41:54 WARN  SELL_SKIP [KRX] 037030 reason=PHANTOM_POSITION phase=NONE qty=58 avgPrice=8433.6207
2026-05-07 13:41:59 WARN  SELL_SKIP [KRX] 037030 reason=PHANTOM_POSITION phase=NONE qty=58 avgPrice=8433.6207
2026-05-07 13:42:10 WARN  SELL_SKIP [KRX] 037030 reason=PHANTOM_POSITION phase=NONE qty=58 avgPrice=8433.6207
2026-05-07 13:42:15 WARN  SELL_SKIP [KRX] 037030 reason=PHANTOM_POSITION phase=NONE qty=58 avgPrice=8433.6207
2026-05-07 13:42:25 WARN  SELL_SKIP [KRX] 037030 reason=PHANTOM_POSITION phase=NONE qty=58 avgPrice=8433.6207
2026-05-07 13:42:30 WARN  SELL_SKIP [KRX] 037030 reason=PHANTOM_POSITION phase=NONE qty=58 avgPrice=8433.6207
2026-05-07 13:42:35 WARN  SELL_SKIP [KRX] 037030 reason=PHANTOM_POSITION phase=NONE qty=58 avgPrice=8433.6207
2026-05-07 13:42:40 WARN  SELL_SKIP [KRX] 037030 reason=PHANTOM_POSITION phase=NONE qty=58 avgPrice=8433.6207
2026-05-07 13:42:45 WARN  SELL_SKIP [KRX] 037030 reason=PHANTOM_POSITION phase=NONE qty=58 avgPrice=8433.6207
2026-05-07 13:42:50 WARN  SELL_SKIP [KRX] 037030 reason=PHANTOM_POSITION phase=NONE qty=58 avgPrice=8433.6207
2026-05-07 13:42:56 WARN  SELL_SKIP [KRX] 037030 reason=PHANTOM_POSITION phase=NONE qty=58 avgPrice=8433.6207
2026-05-07 13:43:01 WARN  SELL_SKIP [KRX] 037030 reason=PHANTOM_POSITION phase=NONE qty=58 avgPrice=8433.6207
2026-05-07 13:43:06 WARN  SELL_SKIP [KRX] 037030 reason=PHANTOM_POSITION phase=NONE qty=58 avgPrice=8433.6207
2026-05-07 13:43:16 WARN  SELL_SKIP [KRX] 037030 reason=PHANTOM_POSITION phase=NONE qty=58 avgPrice=8433.6207
2026-05-07 13:43:21 WARN  SELL_SKIP [KRX] 037030 reason=PHANTOM_POSITION phase=NONE qty=58 avgPrice=8433.6207
2026-05-07 13:43:26 WARN  SELL_SKIP [KRX] 037030 reason=PHANTOM_POSITION phase=NONE qty=58 avgPrice=8433.6207
2026-05-07 13:43:31 WARN  SELL_SKIP [KRX] 037030 reason=PHANTOM_POSITION phase=NONE qty=58 avgPrice=8433.6207
2026-05-07 13:43:36 WARN  SELL_SKIP [KRX] 037030 reason=PHANTOM_POSITION phase=NONE qty=58 avgPrice=8433.6207
2026-05-07 13:43:41 WARN  SELL_SKIP [KRX] 037030 reason=PHANTOM_POSITION phase=NONE qty=58 avgPrice=8433.6207
2026-05-07 13:43:47 WARN  SELL_SKIP [KRX] 037030 reason=PHANTOM_POSITION phase=NONE qty=58 avgPrice=8433.6207
2026-05-07 13:43:57 WARN  SELL_SKIP [KRX] 037030 reason=PHANTOM_POSITION phase=NONE qty=58 avgPrice=8433.6207
2026-05-07 13:44:02 WARN  SELL_SKIP [KRX] 037030 reason=PHANTOM_POSITION phase=NONE qty=58 avgPrice=8433.6207
2026-05-07 13:44:07 WARN  SELL_SKIP [KRX] 037030 reason=PHANTOM_POSITION phase=NONE qty=58 avgPrice=8433.6207
2026-05-07 13:44:12 WARN  SELL_SKIP [KRX] 037030 reason=PHANTOM_POSITION phase=NONE qty=58 avgPrice=8433.6207
2026-05-07 13:44:17 WARN  SELL_SKIP [KRX] 037030 reason=PHANTOM_POSITION phase=NONE qty=58 avgPrice=8433.6207
2026-05-07 13:44:22 WARN  SELL_SKIP [KRX] 037030 reason=PHANTOM_POSITION phase=NONE qty=58 avgPrice=8433.6207
2026-05-07 13:44:27 WARN  SELL_SKIP [KRX] 037030 reason=PHANTOM_POSITION phase=NONE qty=58 avgPrice=8433.6207
2026-05-07 13:44:32 WARN  SELL_SKIP [KRX] 037030 reason=PHANTOM_POSITION phase=NONE qty=58 avgPrice=8433.6207
2026-05-07 13:44:37 WARN  SELL_SKIP [KRX] 037030 reason=PHANTOM_POSITION phase=NONE qty=58 avgPrice=8433.6207
2026-05-07 13:44:42 WARN  SELL_SKIP [KRX] 037030 reason=PHANTOM_POSITION phase=NONE qty=58 avgPrice=8433.6207
2026-05-07 13:44:47 WARN  SELL_SKIP [KRX] 037030 reason=PHANTOM_POSITION phase=NONE qty=58 avgPrice=8433.6207
2026-05-07 13:44:52 WARN  SELL_SKIP [KRX] 037030 reason=PHANTOM_POSITION phase=NONE qty=58 avgPrice=8433.6207
2026-05-07 13:45:03 WARN  SELL_SKIP [KRX] 037030 reason=PHANTOM_POSITION phase=NONE qty=58 avgPrice=8433.6207
2026-05-07 13:45:08 WARN  SELL_SKIP [KRX] 037030 reason=PHANTOM_POSITION phase=NONE qty=58 avgPrice=8433.6207
2026-05-07 13:45:18 WARN  SELL_SKIP [KRX] 037030 reason=PHANTOM_POSITION phase=NONE qty=58 avgPrice=8433.6207
2026-05-07 13:45:28 WARN  SELL_SKIP [KRX] 037030 reason=PHANTOM_POSITION phase=NONE qty=58 avgPrice=8433.6207
2026-05-07 13:45:33 WARN  SELL_SKIP [KRX] 037030 reason=PHANTOM_POSITION phase=NONE qty=58 avgPrice=8433.6207
2026-05-07 13:45:38 WARN  SELL_SKIP [KRX] 037030 reason=PHANTOM_POSITION phase=NONE qty=58 avgPrice=8433.6207
2026-05-07 13:45:43 WARN  SELL_SKIP [KRX] 037030 reason=PHANTOM_POSITION phase=NONE qty=58 avgPrice=8433.6207
2026-05-07 13:45:48 WARN  SELL_SKIP [KRX] 037030 reason=PHANTOM_POSITION phase=NONE qty=58 avgPrice=8433.6207
2026-05-07 13:45:53 WARN  SELL_SKIP [KRX] 037030 reason=PHANTOM_POSITION phase=NONE qty=58 avgPrice=8433.6207
2026-05-07 13:45:58 WARN  SELL_SKIP [KRX] 037030 reason=PHANTOM_POSITION phase=NONE qty=58 avgPrice=8433.6207
2026-05-07 13:46:03 WARN  SELL_SKIP [KRX] 037030 reason=PHANTOM_POSITION phase=NONE qty=58 avgPrice=8433.6207
2026-05-07 13:46:08 WARN  SELL_SKIP [KRX] 037030 reason=PHANTOM_POSITION phase=NONE qty=58 avgPrice=8433.6207
2026-05-07 13:46:13 WARN  SELL_SKIP [KRX] 037030 reason=PHANTOM_POSITION phase=NONE qty=58 avgPrice=8433.6207
2026-05-07 13:46:24 WARN  SELL_SKIP [KRX] 037030 reason=PHANTOM_POSITION phase=NONE qty=58 avgPrice=8433.6207
2026-05-07 13:46:29 WARN  SELL_SKIP [KRX] 037030 reason=PHANTOM_POSITION phase=NONE qty=58 avgPrice=8433.6207
2026-05-07 13:46:34 WARN  SELL_SKIP [KRX] 037030 reason=PHANTOM_POSITION phase=NONE qty=58 avgPrice=8433.6207
2026-05-07 13:46:39 WARN  SELL_SKIP [KRX] 037030 reason=PHANTOM_POSITION phase=NONE qty=58 avgPrice=8433.6207
2026-05-07 13:46:44 WARN  SELL_SKIP [KRX] 037030 reason=PHANTOM_POSITION phase=NONE qty=58 avgPrice=8433.6207
2026-05-07 13:46:49 WARN  SELL_SKIP [KRX] 037030 reason=PHANTOM_POSITION phase=NONE qty=58 avgPrice=8433.6207
2026-05-07 13:46:54 WARN  SELL_SKIP [KRX] 037030 reason=PHANTOM_POSITION phase=NONE qty=58 avgPrice=8433.6207
2026-05-07 13:46:59 WARN  SELL_SKIP [KRX] 037030 reason=PHANTOM_POSITION phase=NONE qty=58 avgPrice=8433.6207
2026-05-07 13:47:04 WARN  SELL_SKIP [KRX] 037030 reason=PHANTOM_POSITION phase=NONE qty=58 avgPrice=8433.6207
2026-05-07 13:47:09 WARN  SELL_SKIP [KRX] 037030 reason=PHANTOM_POSITION phase=NONE qty=58 avgPrice=8433.6207
2026-05-07 13:47:20 WARN  SELL_SKIP [KRX] 037030 reason=PHANTOM_POSITION phase=NONE qty=58 avgPrice=8433.6207
2026-05-07 13:47:30 WARN  SELL_SKIP [KRX] 037030 reason=PHANTOM_POSITION phase=NONE qty=58 avgPrice=8433.6207
2026-05-07 13:47:35 WARN  SELL_SKIP [KRX] 037030 reason=PHANTOM_POSITION phase=NONE qty=58 avgPrice=8433.6207
2026-05-07 13:47:40 WARN  SELL_SKIP [KRX] 037030 reason=PHANTOM_POSITION phase=NONE qty=58 avgPrice=8433.6207
2026-05-07 13:47:45 WARN  SELL_SKIP [KRX] 037030 reason=PHANTOM_POSITION phase=NONE qty=58 avgPrice=8433.6207
2026-05-07 13:47:50 WARN  SELL_SKIP [KRX] 037030 reason=PHANTOM_POSITION phase=NONE qty=58 avgPrice=8433.6207
2026-05-07 13:47:55 WARN  SELL_SKIP [KRX] 037030 reason=PHANTOM_POSITION phase=NONE qty=58 avgPrice=8433.6207
2026-05-07 13:48:06 WARN  SELL_SKIP [KRX] 037030 reason=PHANTOM_POSITION phase=NONE qty=58 avgPrice=8433.6207
2026-05-07 13:48:16 WARN  SELL_SKIP [KRX] 037030 reason=PHANTOM_POSITION phase=NONE qty=58 avgPrice=8433.6207
2026-05-07 13:48:21 WARN  SELL_SKIP [KRX] 037030 reason=PHANTOM_POSITION phase=NONE qty=58 avgPrice=8433.6207
2026-05-07 13:48:31 WARN  SELL_SKIP [KRX] 037030 reason=PHANTOM_POSITION phase=NONE qty=58 avgPrice=8433.6207
2026-05-07 13:48:36 WARN  SELL_SKIP [KRX] 037030 reason=PHANTOM_POSITION phase=NONE qty=58 avgPrice=8433.6207
2026-05-07 13:48:41 WARN  SELL_SKIP [KRX] 037030 reason=PHANTOM_POSITION phase=NONE qty=58 avgPrice=8433.6207
2026-05-07 13:48:46 WARN  SELL_SKIP [KRX] 037030 reason=PHANTOM_POSITION phase=NONE qty=58 avgPrice=8433.6207
2026-05-07 13:48:56 WARN  SELL_SKIP [KRX] 037030 reason=PHANTOM_POSITION phase=NONE qty=58 avgPrice=8433.6207
2026-05-07 13:49:02 WARN  SELL_SKIP [KRX] 037030 reason=PHANTOM_POSITION phase=NONE qty=58 avgPrice=8433.6207
2026-05-07 13:49:07 WARN  SELL_SKIP [KRX] 037030 reason=PHANTOM_POSITION phase=NONE qty=58 avgPrice=8433.6207
2026-05-07 13:49:17 WARN  SELL_SKIP [KRX] 037030 reason=PHANTOM_POSITION phase=NONE qty=58 avgPrice=8433.6207
2026-05-07 13:49:22 WARN  SELL_SKIP [KRX] 037030 reason=PHANTOM_POSITION phase=NONE qty=58 avgPrice=8433.6207
2026-05-07 13:49:27 WARN  SELL_SKIP [KRX] 037030 reason=PHANTOM_POSITION phase=NONE qty=58 avgPrice=8433.6207
2026-05-07 13:49:32 WARN  SELL_SKIP [KRX] 037030 reason=PHANTOM_POSITION phase=NONE qty=58 avgPrice=8433.6207
2026-05-07 13:49:37 WARN  SELL_SKIP [KRX] 037030 reason=PHANTOM_POSITION phase=NONE qty=58 avgPrice=8433.6207
2026-05-07 13:49:42 WARN  SELL_SKIP [KRX] 037030 reason=PHANTOM_POSITION phase=NONE qty=58 avgPrice=8433.6207
2026-05-07 13:49:47 WARN  SELL_SKIP [KRX] 037030 reason=PHANTOM_POSITION phase=NONE qty=58 avgPrice=8433.6207
2026-05-07 13:50:08 WARN  SELL_SKIP [KRX] 037030 reason=PHANTOM_POSITION phase=NONE qty=58 avgPrice=8433.6207
2026-05-07 13:50:18 WARN  SELL_SKIP [KRX] 037030 reason=PHANTOM_POSITION phase=NONE qty=58 avgPrice=8433.6207
2026-05-07 13:50:23 WARN  SELL_SKIP [KRX] 037030 reason=PHANTOM_POSITION phase=NONE qty=58 avgPrice=8433.6207
2026-05-07 13:50:28 WARN  SELL_SKIP [KRX] 037030 reason=PHANTOM_POSITION phase=NONE qty=58 avgPrice=8433.6207
2026-05-07 13:50:33 WARN  SELL_SKIP [KRX] 037030 reason=PHANTOM_POSITION phase=NONE qty=58 avgPrice=8433.6207
2026-05-07 13:50:38 WARN  SELL_SKIP [KRX] 037030 reason=PHANTOM_POSITION phase=NONE qty=58 avgPrice=8433.6207
2026-05-07 13:50:43 WARN  SELL_SKIP [KRX] 037030 reason=PHANTOM_POSITION phase=NONE qty=58 avgPrice=8433.6207
2026-05-07 13:50:48 WARN  SELL_SKIP [KRX] 037030 reason=PHANTOM_POSITION phase=NONE qty=58 avgPrice=8433.6207
2026-05-07 13:50:54 WARN  SELL_SKIP [KRX] 037030 reason=PHANTOM_POSITION phase=NONE qty=58 avgPrice=8433.6207
2026-05-07 13:50:59 WARN  SELL_SKIP [KRX] 037030 reason=PHANTOM_POSITION phase=NONE qty=58 avgPrice=8433.6207
2026-05-07 13:51:14 WARN  SELL_SKIP [KRX] 037030 reason=PHANTOM_POSITION phase=NONE qty=58 avgPrice=8433.6207
2026-05-07 13:51:19 WARN  SELL_SKIP [KRX] 037030 reason=PHANTOM_POSITION phase=NONE qty=58 avgPrice=8433.6207
2026-05-07 13:51:24 WARN  SELL_SKIP [KRX] 037030 reason=PHANTOM_POSITION phase=NONE qty=58 avgPrice=8433.6207
2026-05-07 13:51:29 WARN  SELL_SKIP [KRX] 037030 reason=PHANTOM_POSITION phase=NONE qty=58 avgPrice=8433.6207
2026-05-07 13:51:34 WARN  SELL_SKIP [KRX] 037030 reason=PHANTOM_POSITION phase=NONE qty=58 avgPrice=8433.6207
2026-05-07 13:51:39 WARN  SELL_SKIP [KRX] 037030 reason=PHANTOM_POSITION phase=NONE qty=58 avgPrice=8433.6207
2026-05-07 13:51:44 WARN  SELL_SKIP [KRX] 037030 reason=PHANTOM_POSITION phase=NONE qty=58 avgPrice=8433.6207
2026-05-07 13:51:50 WARN  SELL_SKIP [KRX] 037030 reason=PHANTOM_POSITION phase=NONE qty=58 avgPrice=8433.6207
2026-05-07 13:51:55 WARN  SELL_SKIP [KRX] 037030 reason=PHANTOM_POSITION phase=NONE qty=58 avgPrice=8433.6207
2026-05-07 13:52:00 WARN  SELL_SKIP [KRX] 037030 reason=PHANTOM_POSITION phase=NONE qty=58 avgPrice=8433.6207
2026-05-07 13:52:05 WARN  SELL_SKIP [KRX] 037030 reason=PHANTOM_POSITION phase=NONE qty=58 avgPrice=8433.6207
2026-05-07 13:52:15 WARN  SELL_SKIP [KRX] 037030 reason=PHANTOM_POSITION phase=NONE qty=58 avgPrice=8433.6207
2026-05-07 13:52:20 WARN  SELL_SKIP [KRX] 037030 reason=PHANTOM_POSITION phase=NONE qty=58 avgPrice=8433.6207
2026-05-07 13:52:25 WARN  SELL_SKIP [KRX] 037030 reason=PHANTOM_POSITION phase=NONE qty=58 avgPrice=8433.6207
2026-05-07 13:52:30 WARN  SELL_SKIP [KRX] 037030 reason=PHANTOM_POSITION phase=NONE qty=58 avgPrice=8433.6207
2026-05-07 13:52:40 WARN  SELL_SKIP [KRX] 037030 reason=PHANTOM_POSITION phase=NONE qty=58 avgPrice=8433.6207
2026-05-07 13:52:46 WARN  SELL_SKIP [KRX] 037030 reason=PHANTOM_POSITION phase=NONE qty=58 avgPrice=8433.6207
2026-05-07 13:52:51 WARN  SELL_SKIP [KRX] 037030 reason=PHANTOM_POSITION phase=NONE qty=58 avgPrice=8433.6207
2026-05-07 13:53:01 WARN  SELL_SKIP [KRX] 037030 reason=PHANTOM_POSITION phase=NONE qty=58 avgPrice=8433.6207
2026-05-07 13:53:11 WARN  SELL_SKIP [KRX] 037030 reason=PHANTOM_POSITION phase=NONE qty=58 avgPrice=8433.6207
2026-05-07 13:53:16 WARN  SELL_SKIP [KRX] 037030 reason=PHANTOM_POSITION phase=NONE qty=58 avgPrice=8433.6207
2026-05-07 13:53:21 WARN  SELL_SKIP [KRX] 037030 reason=PHANTOM_POSITION phase=NONE qty=58 avgPrice=8433.6207
2026-05-07 13:53:26 WARN  SELL_SKIP [KRX] 037030 reason=PHANTOM_POSITION phase=NONE qty=58 avgPrice=8433.6207
2026-05-07 13:53:31 WARN  SELL_SKIP [KRX] 037030 reason=PHANTOM_POSITION phase=NONE qty=58 avgPrice=8433.6207
2026-05-07 13:53:36 WARN  SELL_SKIP [KRX] 037030 reason=PHANTOM_POSITION phase=NONE qty=58 avgPrice=8433.6207
2026-05-07 13:53:42 WARN  SELL_SKIP [KRX] 037030 reason=PHANTOM_POSITION phase=NONE qty=58 avgPrice=8433.6207
2026-05-07 13:53:47 WARN  SELL_SKIP [KRX] 037030 reason=PHANTOM_POSITION phase=NONE qty=58 avgPrice=8433.6207
2026-05-07 13:53:52 WARN  SELL_SKIP [KRX] 037030 reason=PHANTOM_POSITION phase=NONE qty=58 avgPrice=8433.6207
2026-05-07 13:53:57 WARN  SELL_SKIP [KRX] 037030 reason=PHANTOM_POSITION phase=NONE qty=58 avgPrice=8433.6207
2026-05-07 13:54:07 WARN  SELL_SKIP [KRX] 037030 reason=PHANTOM_POSITION phase=NONE qty=58 avgPrice=8433.6207
2026-05-07 13:54:12 WARN  SELL_SKIP [KRX] 037030 reason=PHANTOM_POSITION phase=NONE qty=58 avgPrice=8433.6207
2026-05-07 13:54:17 WARN  SELL_SKIP [KRX] 037030 reason=PHANTOM_POSITION phase=NONE qty=58 avgPrice=8433.6207
2026-05-07 13:54:22 WARN  SELL_SKIP [KRX] 037030 reason=PHANTOM_POSITION phase=NONE qty=58 avgPrice=8433.6207
2026-05-07 13:54:27 WARN  SELL_SKIP [KRX] 037030 reason=PHANTOM_POSITION phase=NONE qty=58 avgPrice=8433.6207
2026-05-07 13:54:38 WARN  SELL_SKIP [KRX] 037030 reason=PHANTOM_POSITION phase=NONE qty=58 avgPrice=8433.6207
2026-05-07 13:54:43 WARN  SELL_SKIP [KRX] 037030 reason=PHANTOM_POSITION phase=NONE qty=58 avgPrice=8433.6207
2026-05-07 13:54:48 WARN  SELL_SKIP [KRX] 037030 reason=PHANTOM_POSITION phase=NONE qty=58 avgPrice=8433.6207
2026-05-07 13:54:53 WARN  SELL_SKIP [KRX] 037030 reason=PHANTOM_POSITION phase=NONE qty=58 avgPrice=8433.6207
2026-05-07 13:54:58 WARN  SELL_SKIP [KRX] 037030 reason=PHANTOM_POSITION phase=NONE qty=58 avgPrice=8433.6207
2026-05-07 13:55:03 WARN  SELL_SKIP [KRX] 037030 reason=PHANTOM_POSITION phase=NONE qty=58 avgPrice=8433.6207
2026-05-07 13:55:08 WARN  SELL_SKIP [KRX] 037030 reason=PHANTOM_POSITION phase=NONE qty=58 avgPrice=8433.6207
2026-05-07 13:55:13 WARN  SELL_SKIP [KRX] 037030 reason=PHANTOM_POSITION phase=NONE qty=58 avgPrice=8433.6207
2026-05-07 13:55:18 WARN  SELL_SKIP [KRX] 037030 reason=PHANTOM_POSITION phase=NONE qty=58 avgPrice=8433.6207
2026-05-07 13:55:23 WARN  SELL_SKIP [KRX] 037030 reason=PHANTOM_POSITION phase=NONE qty=58 avgPrice=8433.6207
2026-05-07 13:55:28 WARN  SELL_SKIP [KRX] 037030 reason=PHANTOM_POSITION phase=NONE qty=58 avgPrice=8433.6207
2026-05-07 13:55:33 WARN  SELL_SKIP [KRX] 037030 reason=PHANTOM_POSITION phase=NONE qty=58 avgPrice=8433.6207
2026-05-07 13:55:39 WARN  SELL_SKIP [KRX] 037030 reason=PHANTOM_POSITION phase=NONE qty=58 avgPrice=8433.6207
2026-05-07 13:55:44 WARN  SELL_SKIP [KRX] 037030 reason=PHANTOM_POSITION phase=NONE qty=58 avgPrice=8433.6207
2026-05-07 13:55:49 WARN  SELL_SKIP [KRX] 037030 reason=PHANTOM_POSITION phase=NONE qty=58 avgPrice=8433.6207
2026-05-07 13:55:54 WARN  SELL_SKIP [KRX] 037030 reason=PHANTOM_POSITION phase=NONE qty=58 avgPrice=8433.6207
2026-05-07 13:55:59 WARN  SELL_SKIP [KRX] 037030 reason=PHANTOM_POSITION phase=NONE qty=58 avgPrice=8433.6207
2026-05-07 13:56:04 WARN  SELL_SKIP [KRX] 037030 reason=PHANTOM_POSITION phase=NONE qty=58 avgPrice=8433.6207
2026-05-07 13:56:09 WARN  SELL_SKIP [KRX] 037030 reason=PHANTOM_POSITION phase=NONE qty=58 avgPrice=8433.6207
2026-05-07 13:56:14 WARN  SELL_SKIP [KRX] 037030 reason=PHANTOM_POSITION phase=NONE qty=58 avgPrice=8433.6207
2026-05-07 13:56:19 WARN  SELL_SKIP [KRX] 037030 reason=PHANTOM_POSITION phase=NONE qty=58 avgPrice=8433.6207
2026-05-07 13:56:24 WARN  SELL_SKIP [KRX] 037030 reason=PHANTOM_POSITION phase=NONE qty=58 avgPrice=8433.6207
2026-05-07 13:56:29 WARN  SELL_SKIP [KRX] 037030 reason=PHANTOM_POSITION phase=NONE qty=58 avgPrice=8433.6207
2026-05-07 13:56:35 WARN  SELL_SKIP [KRX] 037030 reason=PHANTOM_POSITION phase=NONE qty=58 avgPrice=8433.6207
2026-05-07 13:56:40 WARN  SELL_SKIP [KRX] 037030 reason=PHANTOM_POSITION phase=NONE qty=58 avgPrice=8433.6207
2026-05-07 13:56:45 WARN  SELL_SKIP [KRX] 037030 reason=PHANTOM_POSITION phase=NONE qty=58 avgPrice=8433.6207
2026-05-07 13:56:50 WARN  SELL_SKIP [KRX] 037030 reason=PHANTOM_POSITION phase=NONE qty=58 avgPrice=8433.6207
2026-05-07 13:56:55 WARN  SELL_SKIP [KRX] 037030 reason=PHANTOM_POSITION phase=NONE qty=58 avgPrice=8433.6207
2026-05-07 13:57:00 WARN  SELL_SKIP [KRX] 037030 reason=PHANTOM_POSITION phase=NONE qty=58 avgPrice=8433.6207
2026-05-07 13:57:05 WARN  SELL_SKIP [KRX] 037030 reason=PHANTOM_POSITION phase=NONE qty=58 avgPrice=8433.6207
2026-05-07 13:57:10 WARN  SELL_SKIP [KRX] 037030 reason=PHANTOM_POSITION phase=NONE qty=58 avgPrice=8433.6207
2026-05-07 13:57:15 WARN  SELL_SKIP [KRX] 037030 reason=PHANTOM_POSITION phase=NONE qty=58 avgPrice=8433.6207
2026-05-07 13:57:20 WARN  SELL_SKIP [KRX] 037030 reason=PHANTOM_POSITION phase=NONE qty=58 avgPrice=8433.6207
2026-05-07 13:57:25 WARN  SELL_SKIP [KRX] 037030 reason=PHANTOM_POSITION phase=NONE qty=58 avgPrice=8433.6207
2026-05-07 13:57:30 WARN  SELL_SKIP [KRX] 037030 reason=PHANTOM_POSITION phase=NONE qty=58 avgPrice=8433.6207
2026-05-07 13:57:35 WARN  SELL_SKIP [KRX] 037030 reason=PHANTOM_POSITION phase=NONE qty=58 avgPrice=8433.6207
2026-05-07 13:57:40 WARN  SELL_SKIP [KRX] 037030 reason=PHANTOM_POSITION phase=NONE qty=58 avgPrice=8433.6207
2026-05-07 13:57:45 WARN  SELL_SKIP [KRX] 037030 reason=PHANTOM_POSITION phase=NONE qty=58 avgPrice=8433.6207
2026-05-07 13:57:50 WARN  SELL_SKIP [KRX] 037030 reason=PHANTOM_POSITION phase=NONE qty=58 avgPrice=8433.6207
2026-05-07 13:57:55 WARN  SELL_SKIP [KRX] 037030 reason=PHANTOM_POSITION phase=NONE qty=58 avgPrice=8433.6207
2026-05-07 13:58:01 WARN  SELL_SKIP [KRX] 037030 reason=PHANTOM_POSITION phase=NONE qty=58 avgPrice=8433.6207
2026-05-07 13:58:06 WARN  SELL_SKIP [KRX] 037030 reason=PHANTOM_POSITION phase=NONE qty=58 avgPrice=8433.6207
2026-05-07 13:58:11 WARN  SELL_SKIP [KRX] 037030 reason=PHANTOM_POSITION phase=NONE qty=58 avgPrice=8433.6207
2026-05-07 13:58:16 WARN  SELL_SKIP [KRX] 037030 reason=PHANTOM_POSITION phase=NONE qty=58 avgPrice=8433.6207
2026-05-07 13:58:21 WARN  SELL_SKIP [KRX] 037030 reason=PHANTOM_POSITION phase=NONE qty=58 avgPrice=8433.6207
2026-05-07 13:58:26 WARN  SELL_SKIP [KRX] 037030 reason=PHANTOM_POSITION phase=NONE qty=58 avgPrice=8433.6207
2026-05-07 13:58:31 WARN  SELL_SKIP [KRX] 037030 reason=PHANTOM_POSITION phase=NONE qty=58 avgPrice=8433.6207
2026-05-07 13:58:36 WARN  SELL_SKIP [KRX] 037030 reason=PHANTOM_POSITION phase=NONE qty=58 avgPrice=8433.6207
2026-05-07 13:58:41 WARN  SELL_SKIP [KRX] 037030 reason=PHANTOM_POSITION phase=NONE qty=58 avgPrice=8433.6207
2026-05-07 13:58:46 WARN  SELL_SKIP [KRX] 037030 reason=PHANTOM_POSITION phase=NONE qty=58 avgPrice=8433.6207
2026-05-07 13:58:51 WARN  SELL_SKIP [KRX] 037030 reason=PHANTOM_POSITION phase=NONE qty=58 avgPrice=8433.6207
2026-05-07 13:59:01 WARN  SELL_SKIP [KRX] 037030 reason=PHANTOM_POSITION phase=NONE qty=58 avgPrice=8433.6207
2026-05-07 13:59:06 WARN  SELL_SKIP [KRX] 037030 reason=PHANTOM_POSITION phase=NONE qty=58 avgPrice=8433.6207
2026-05-07 13:59:11 WARN  SELL_SKIP [KRX] 037030 reason=PHANTOM_POSITION phase=NONE qty=58 avgPrice=8433.6207
2026-05-07 13:59:16 WARN  SELL_SKIP [KRX] 037030 reason=PHANTOM_POSITION phase=NONE qty=58 avgPrice=8433.6207
2026-05-07 13:59:21 WARN  SELL_SKIP [KRX] 037030 reason=PHANTOM_POSITION phase=NONE qty=58 avgPrice=8433.6207
2026-05-07 13:59:37 WARN  SELL_SKIP [KRX] 037030 reason=PHANTOM_POSITION phase=NONE qty=58 avgPrice=8433.6207
2026-05-07 13:59:42 WARN  SELL_SKIP [KRX] 037030 reason=PHANTOM_POSITION phase=NONE qty=58 avgPrice=8433.6207
2026-05-07 13:59:47 WARN  SELL_SKIP [KRX] 037030 reason=PHANTOM_POSITION phase=NONE qty=58 avgPrice=8433.6207
2026-05-07 13:59:52 WARN  SELL_SKIP [KRX] 037030 reason=PHANTOM_POSITION phase=NONE qty=58 avgPrice=8433.6207
2026-05-07 13:59:57 WARN  SELL_SKIP [KRX] 037030 reason=PHANTOM_POSITION phase=NONE qty=58 avgPrice=8433.6207
2026-05-07 14:00:02 WARN  SELL_SKIP [KRX] 037030 reason=PHANTOM_POSITION phase=NONE qty=58 avgPrice=8433.6207
2026-05-07 14:00:07 WARN  SELL_SKIP [KRX] 037030 reason=PHANTOM_POSITION phase=NONE qty=58 avgPrice=8433.6207
2026-05-07 14:00:12 WARN  SELL_SKIP [KRX] 037030 reason=PHANTOM_POSITION phase=NONE qty=58 avgPrice=8433.6207
2026-05-07 14:00:17 WARN  SELL_SKIP [KRX] 037030 reason=PHANTOM_POSITION phase=NONE qty=58 avgPrice=8433.6207
2026-05-07 14:00:22 WARN  SELL_SKIP [KRX] 037030 reason=PHANTOM_POSITION phase=NONE qty=58 avgPrice=8433.6207
2026-05-07 14:00:27 WARN  SELL_SKIP [KRX] 037030 reason=PHANTOM_POSITION phase=NONE qty=58 avgPrice=8433.6207
2026-05-07 14:00:33 WARN  SELL_SKIP [KRX] 037030 reason=PHANTOM_POSITION phase=NONE qty=58 avgPrice=8433.6207
2026-05-07 14:00:38 WARN  SELL_SKIP [KRX] 037030 reason=PHANTOM_POSITION phase=NONE qty=58 avgPrice=8433.6207
2026-05-07 14:00:43 WARN  SELL_SKIP [KRX] 037030 reason=PHANTOM_POSITION phase=NONE qty=58 avgPrice=8433.6207
2026-05-07 14:00:48 WARN  SELL_SKIP [KRX] 037030 reason=PHANTOM_POSITION phase=NONE qty=58 avgPrice=8433.6207
2026-05-07 14:00:53 WARN  SELL_SKIP [KRX] 037030 reason=PHANTOM_POSITION phase=NONE qty=58 avgPrice=8433.6207
2026-05-07 14:00:58 WARN  SELL_SKIP [KRX] 037030 reason=PHANTOM_POSITION phase=NONE qty=58 avgPrice=8433.6207
2026-05-07 14:01:03 WARN  SELL_SKIP [KRX] 037030 reason=PHANTOM_POSITION phase=NONE qty=58 avgPrice=8433.6207
2026-05-07 14:01:08 WARN  SELL_SKIP [KRX] 037030 reason=PHANTOM_POSITION phase=NONE qty=58 avgPrice=8433.6207
2026-05-07 14:01:13 WARN  SELL_SKIP [KRX] 037030 reason=PHANTOM_POSITION phase=NONE qty=58 avgPrice=8433.6207
2026-05-07 14:01:18 WARN  SELL_SKIP [KRX] 037030 reason=PHANTOM_POSITION phase=NONE qty=58 avgPrice=8433.6207
2026-05-07 14:01:23 WARN  SELL_SKIP [KRX] 037030 reason=PHANTOM_POSITION phase=NONE qty=58 avgPrice=8433.6207
2026-05-07 14:01:29 WARN  SELL_SKIP [KRX] 037030 reason=PHANTOM_POSITION phase=NONE qty=58 avgPrice=8433.6207
2026-05-07 14:01:34 WARN  SELL_SKIP [KRX] 037030 reason=PHANTOM_POSITION phase=NONE qty=58 avgPrice=8433.6207
2026-05-07 14:01:44 WARN  SELL_SKIP [KRX] 037030 reason=PHANTOM_POSITION phase=NONE qty=58 avgPrice=8433.6207
2026-05-07 14:01:49 WARN  SELL_SKIP [KRX] 037030 reason=PHANTOM_POSITION phase=NONE qty=58 avgPrice=8433.6207
2026-05-07 14:01:54 WARN  SELL_SKIP [KRX] 037030 reason=PHANTOM_POSITION phase=NONE qty=58 avgPrice=8433.6207
2026-05-07 14:01:59 WARN  SELL_SKIP [KRX] 037030 reason=PHANTOM_POSITION phase=NONE qty=58 avgPrice=8433.6207
2026-05-07 14:02:04 WARN  SELL_SKIP [KRX] 037030 reason=PHANTOM_POSITION phase=NONE qty=58 avgPrice=8433.6207
2026-05-07 14:02:09 WARN  SELL_SKIP [KRX] 037030 reason=PHANTOM_POSITION phase=NONE qty=58 avgPrice=8433.6207
2026-05-07 14:02:14 WARN  SELL_SKIP [KRX] 037030 reason=PHANTOM_POSITION phase=NONE qty=58 avgPrice=8433.6207
2026-05-07 14:02:19 WARN  SELL_SKIP [KRX] 037030 reason=PHANTOM_POSITION phase=NONE qty=58 avgPrice=8433.6207
2026-05-07 14:02:25 WARN  SELL_SKIP [KRX] 037030 reason=PHANTOM_POSITION phase=NONE qty=58 avgPrice=8433.6207
2026-05-07 14:02:40 WARN  SELL_SKIP [KRX] 037030 reason=PHANTOM_POSITION phase=NONE qty=58 avgPrice=8433.6207
2026-05-07 14:02:45 WARN  SELL_SKIP [KRX] 037030 reason=PHANTOM_POSITION phase=NONE qty=58 avgPrice=8433.6207
2026-05-07 14:02:50 WARN  SELL_SKIP [KRX] 037030 reason=PHANTOM_POSITION phase=NONE qty=58 avgPrice=8433.6207
2026-05-07 14:02:55 WARN  SELL_SKIP [KRX] 037030 reason=PHANTOM_POSITION phase=NONE qty=58 avgPrice=8433.6207
2026-05-07 14:03:00 WARN  SELL_SKIP [KRX] 037030 reason=PHANTOM_POSITION phase=NONE qty=58 avgPrice=8433.6207
2026-05-07 14:03:05 WARN  SELL_SKIP [KRX] 037030 reason=PHANTOM_POSITION phase=NONE qty=58 avgPrice=8433.6207
2026-05-07 14:03:10 WARN  SELL_SKIP [KRX] 037030 reason=PHANTOM_POSITION phase=NONE qty=58 avgPrice=8433.6207
2026-05-07 14:03:15 WARN  SELL_SKIP [KRX] 037030 reason=PHANTOM_POSITION phase=NONE qty=58 avgPrice=8433.6207
2026-05-07 14:03:20 WARN  SELL_SKIP [KRX] 037030 reason=PHANTOM_POSITION phase=NONE qty=58 avgPrice=8433.6207
2026-05-07 14:03:26 WARN  SELL_SKIP [KRX] 037030 reason=PHANTOM_POSITION phase=NONE qty=58 avgPrice=8433.6207
2026-05-07 14:03:31 WARN  SELL_SKIP [KRX] 037030 reason=PHANTOM_POSITION phase=NONE qty=58 avgPrice=8433.6207
2026-05-07 14:03:36 WARN  SELL_SKIP [KRX] 037030 reason=PHANTOM_POSITION phase=NONE qty=58 avgPrice=8433.6207
2026-05-07 14:03:41 WARN  SELL_SKIP [KRX] 037030 reason=PHANTOM_POSITION phase=NONE qty=58 avgPrice=8433.6207
2026-05-07 14:03:46 WARN  SELL_SKIP [KRX] 037030 reason=PHANTOM_POSITION phase=NONE qty=58 avgPrice=8433.6207
2026-05-07 14:03:51 WARN  SELL_SKIP [KRX] 037030 reason=PHANTOM_POSITION phase=NONE qty=58 avgPrice=8433.6207
2026-05-07 14:03:56 WARN  SELL_SKIP [KRX] 037030 reason=PHANTOM_POSITION phase=NONE qty=58 avgPrice=8433.6207
2026-05-07 14:04:01 WARN  SELL_SKIP [KRX] 037030 reason=PHANTOM_POSITION phase=NONE qty=58 avgPrice=8433.6207
2026-05-07 14:04:06 WARN  SELL_SKIP [KRX] 037030 reason=PHANTOM_POSITION phase=NONE qty=58 avgPrice=8433.6207
2026-05-07 14:04:11 WARN  SELL_SKIP [KRX] 037030 reason=PHANTOM_POSITION phase=NONE qty=58 avgPrice=8433.6207
2026-05-07 14:04:22 WARN  SELL_SKIP [KRX] 037030 reason=PHANTOM_POSITION phase=NONE qty=58 avgPrice=8433.6207
2026-05-07 14:04:27 WARN  SELL_SKIP [KRX] 037030 reason=PHANTOM_POSITION phase=NONE qty=58 avgPrice=8433.6207
2026-05-07 14:04:32 WARN  SELL_SKIP [KRX] 037030 reason=PHANTOM_POSITION phase=NONE qty=58 avgPrice=8433.6207
2026-05-07 14:04:37 WARN  SELL_SKIP [KRX] 037030 reason=PHANTOM_POSITION phase=NONE qty=58 avgPrice=8433.6207
2026-05-07 14:04:42 WARN  SELL_SKIP [KRX] 037030 reason=PHANTOM_POSITION phase=NONE qty=58 avgPrice=8433.6207
2026-05-07 14:04:47 WARN  SELL_SKIP [KRX] 037030 reason=PHANTOM_POSITION phase=NONE qty=58 avgPrice=8433.6207
2026-05-07 14:04:52 WARN  SELL_SKIP [KRX] 037030 reason=PHANTOM_POSITION phase=NONE qty=58 avgPrice=8433.6207
2026-05-07 14:04:57 WARN  SELL_SKIP [KRX] 037030 reason=PHANTOM_POSITION phase=NONE qty=58 avgPrice=8433.6207
2026-05-07 14:05:02 WARN  SELL_SKIP [KRX] 037030 reason=PHANTOM_POSITION phase=NONE qty=58 avgPrice=8433.6207
2026-05-07 14:05:07 WARN  SELL_SKIP [KRX] 037030 reason=PHANTOM_POSITION phase=NONE qty=58 avgPrice=8433.6207
2026-05-07 14:05:12 WARN  SELL_SKIP [KRX] 037030 reason=PHANTOM_POSITION phase=NONE qty=58 avgPrice=8433.6207
2026-05-07 14:05:18 WARN  SELL_SKIP [KRX] 037030 reason=PHANTOM_POSITION phase=NONE qty=58 avgPrice=8433.6207
2026-05-07 14:05:23 WARN  SELL_SKIP [KRX] 037030 reason=PHANTOM_POSITION phase=NONE qty=58 avgPrice=8433.6207
2026-05-07 14:05:28 WARN  SELL_SKIP [KRX] 037030 reason=PHANTOM_POSITION phase=NONE qty=58 avgPrice=8433.6207
2026-05-07 14:05:33 WARN  SELL_SKIP [KRX] 037030 reason=PHANTOM_POSITION phase=NONE qty=58 avgPrice=8433.6207
2026-05-07 14:05:38 WARN  SELL_SKIP [KRX] 037030 reason=PHANTOM_POSITION phase=NONE qty=58 avgPrice=8433.6207
2026-05-07 14:05:43 WARN  SELL_SKIP [KRX] 037030 reason=PHANTOM_POSITION phase=NONE qty=58 avgPrice=8433.6207
2026-05-07 14:05:48 WARN  SELL_SKIP [KRX] 037030 reason=PHANTOM_POSITION phase=NONE qty=58 avgPrice=8433.6207
2026-05-07 14:05:53 WARN  SELL_SKIP [KRX] 037030 reason=PHANTOM_POSITION phase=NONE qty=58 avgPrice=8433.6207
2026-05-07 14:05:58 WARN  SELL_SKIP [KRX] 037030 reason=PHANTOM_POSITION phase=NONE qty=58 avgPrice=8433.6207
2026-05-07 14:06:03 WARN  SELL_SKIP [KRX] 037030 reason=PHANTOM_POSITION phase=NONE qty=58 avgPrice=8433.6207
2026-05-07 14:06:08 WARN  SELL_SKIP [KRX] 037030 reason=PHANTOM_POSITION phase=NONE qty=58 avgPrice=8433.6207
2026-05-07 14:06:13 WARN  SELL_SKIP [KRX] 037030 reason=PHANTOM_POSITION phase=NONE qty=58 avgPrice=8433.6207
2026-05-07 14:06:19 WARN  SELL_SKIP [KRX] 037030 reason=PHANTOM_POSITION phase=NONE qty=58 avgPrice=8433.6207
2026-05-07 14:06:24 WARN  SELL_SKIP [KRX] 037030 reason=PHANTOM_POSITION phase=NONE qty=58 avgPrice=8433.6207
2026-05-07 14:06:29 WARN  SELL_SKIP [KRX] 037030 reason=PHANTOM_POSITION phase=NONE qty=58 avgPrice=8433.6207
2026-05-07 14:06:34 WARN  SELL_SKIP [KRX] 037030 reason=PHANTOM_POSITION phase=NONE qty=58 avgPrice=8433.6207
2026-05-07 14:06:39 WARN  SELL_SKIP [KRX] 037030 reason=PHANTOM_POSITION phase=NONE qty=58 avgPrice=8433.6207
2026-05-07 14:06:44 WARN  SELL_SKIP [KRX] 037030 reason=PHANTOM_POSITION phase=NONE qty=58 avgPrice=8433.6207
2026-05-07 14:06:49 WARN  SELL_SKIP [KRX] 037030 reason=PHANTOM_POSITION phase=NONE qty=58 avgPrice=8433.6207
2026-05-07 14:06:54 WARN  SELL_SKIP [KRX] 037030 reason=PHANTOM_POSITION phase=NONE qty=58 avgPrice=8433.6207
2026-05-07 14:06:59 WARN  SELL_SKIP [KRX] 037030 reason=PHANTOM_POSITION phase=NONE qty=58 avgPrice=8433.6207
2026-05-07 14:07:04 WARN  SELL_SKIP [KRX] 037030 reason=PHANTOM_POSITION phase=NONE qty=58 avgPrice=8433.6207
2026-05-07 14:07:15 WARN  SELL_SKIP [KRX] 037030 reason=PHANTOM_POSITION phase=NONE qty=58 avgPrice=8433.6207
2026-05-07 14:07:20 WARN  SELL_SKIP [KRX] 037030 reason=PHANTOM_POSITION phase=NONE qty=58 avgPrice=8433.6207
2026-05-07 14:07:25 WARN  SELL_SKIP [KRX] 037030 reason=PHANTOM_POSITION phase=NONE qty=58 avgPrice=8433.6207
2026-05-07 14:07:30 WARN  SELL_SKIP [KRX] 037030 reason=PHANTOM_POSITION phase=NONE qty=58 avgPrice=8433.6207
2026-05-07 14:07:35 WARN  SELL_SKIP [KRX] 037030 reason=PHANTOM_POSITION phase=NONE qty=58 avgPrice=8433.6207
2026-05-07 14:07:40 WARN  SELL_SKIP [KRX] 037030 reason=PHANTOM_POSITION phase=NONE qty=58 avgPrice=8433.6207
2026-05-07 14:07:45 WARN  SELL_SKIP [KRX] 037030 reason=PHANTOM_POSITION phase=NONE qty=58 avgPrice=8433.6207
2026-05-07 14:07:50 WARN  SELL_SKIP [KRX] 037030 reason=PHANTOM_POSITION phase=NONE qty=58 avgPrice=8433.6207
2026-05-07 14:07:55 WARN  SELL_SKIP [KRX] 037030 reason=PHANTOM_POSITION phase=NONE qty=58 avgPrice=8433.6207
2026-05-07 14:08:00 WARN  SELL_SKIP [KRX] 037030 reason=PHANTOM_POSITION phase=NONE qty=58 avgPrice=8433.6207
2026-05-07 14:08:05 WARN  SELL_SKIP [KRX] 037030 reason=PHANTOM_POSITION phase=NONE qty=58 avgPrice=8433.6207
2026-05-07 14:08:11 WARN  SELL_SKIP [KRX] 037030 reason=PHANTOM_POSITION phase=NONE qty=58 avgPrice=8433.6207
2026-05-07 14:08:16 WARN  SELL_SKIP [KRX] 037030 reason=PHANTOM_POSITION phase=NONE qty=58 avgPrice=8433.6207
2026-05-07 14:08:26 WARN  SELL_SKIP [KRX] 037030 reason=PHANTOM_POSITION phase=NONE qty=58 avgPrice=8433.6207
2026-05-07 14:08:31 WARN  SELL_SKIP [KRX] 037030 reason=PHANTOM_POSITION phase=NONE qty=58 avgPrice=8433.6207
2026-05-07 14:08:36 WARN  SELL_SKIP [KRX] 037030 reason=PHANTOM_POSITION phase=NONE qty=58 avgPrice=8433.6207
2026-05-07 14:08:41 WARN  SELL_SKIP [KRX] 037030 reason=PHANTOM_POSITION phase=NONE qty=58 avgPrice=8433.6207
2026-05-07 14:08:46 WARN  SELL_SKIP [KRX] 037030 reason=PHANTOM_POSITION phase=NONE qty=58 avgPrice=8433.6207
2026-05-07 14:08:51 WARN  SELL_SKIP [KRX] 037030 reason=PHANTOM_POSITION phase=NONE qty=58 avgPrice=8433.6207
2026-05-07 14:08:56 WARN  SELL_SKIP [KRX] 037030 reason=PHANTOM_POSITION phase=NONE qty=58 avgPrice=8433.6207
2026-05-07 14:09:01 WARN  SELL_SKIP [KRX] 037030 reason=PHANTOM_POSITION phase=NONE qty=58 avgPrice=8433.6207
2026-05-07 14:09:07 WARN  SELL_SKIP [KRX] 037030 reason=PHANTOM_POSITION phase=NONE qty=58 avgPrice=8433.6207
2026-05-07 14:09:12 WARN  SELL_SKIP [KRX] 037030 reason=PHANTOM_POSITION phase=NONE qty=58 avgPrice=8433.6207
2026-05-07 14:09:17 WARN  SELL_SKIP [KRX] 037030 reason=PHANTOM_POSITION phase=NONE qty=58 avgPrice=8433.6207
2026-05-07 14:09:22 WARN  SELL_SKIP [KRX] 037030 reason=PHANTOM_POSITION phase=NONE qty=58 avgPrice=8433.6207
2026-05-07 14:09:32 WARN  SELL_SKIP [KRX] 037030 reason=PHANTOM_POSITION phase=NONE qty=58 avgPrice=8433.6207
2026-05-07 14:09:37 WARN  SELL_SKIP [KRX] 037030 reason=PHANTOM_POSITION phase=NONE qty=58 avgPrice=8433.6207
2026-05-07 14:09:42 WARN  SELL_SKIP [KRX] 037030 reason=PHANTOM_POSITION phase=NONE qty=58 avgPrice=8433.6207
2026-05-07 14:09:47 WARN  SELL_SKIP [KRX] 037030 reason=PHANTOM_POSITION phase=NONE qty=58 avgPrice=8433.6207
2026-05-07 14:09:52 WARN  SELL_SKIP [KRX] 037030 reason=PHANTOM_POSITION phase=NONE qty=58 avgPrice=8433.6207
2026-05-07 14:09:57 WARN  SELL_SKIP [KRX] 037030 reason=PHANTOM_POSITION phase=NONE qty=58 avgPrice=8433.6207
2026-05-07 14:10:02 WARN  SELL_SKIP [KRX] 037030 reason=PHANTOM_POSITION phase=NONE qty=58 avgPrice=8433.6207
2026-05-07 14:10:08 WARN  SELL_SKIP [KRX] 037030 reason=PHANTOM_POSITION phase=NONE qty=58 avgPrice=8433.6207
2026-05-07 14:10:13 WARN  SELL_SKIP [KRX] 037030 reason=PHANTOM_POSITION phase=NONE qty=58 avgPrice=8433.6207
2026-05-07 14:10:18 WARN  SELL_SKIP [KRX] 037030 reason=PHANTOM_POSITION phase=NONE qty=58 avgPrice=8433.6207
2026-05-07 14:10:23 WARN  SELL_SKIP [KRX] 037030 reason=PHANTOM_POSITION phase=NONE qty=58 avgPrice=8433.6207
2026-05-07 14:10:28 WARN  SELL_SKIP [KRX] 037030 reason=PHANTOM_POSITION phase=NONE qty=58 avgPrice=8433.6207
2026-05-07 14:10:33 WARN  SELL_SKIP [KRX] 037030 reason=PHANTOM_POSITION phase=NONE qty=58 avgPrice=8433.6207
2026-05-07 14:10:38 WARN  SELL_SKIP [KRX] 037030 reason=PHANTOM_POSITION phase=NONE qty=58 avgPrice=8433.6207
2026-05-07 14:10:43 WARN  SELL_SKIP [KRX] 037030 reason=PHANTOM_POSITION phase=NONE qty=58 avgPrice=8433.6207
2026-05-07 14:10:48 WARN  SELL_SKIP [KRX] 037030 reason=PHANTOM_POSITION phase=NONE qty=58 avgPrice=8433.6207
2026-05-07 14:10:53 WARN  SELL_SKIP [KRX] 037030 reason=PHANTOM_POSITION phase=NONE qty=58 avgPrice=8433.6207
2026-05-07 14:10:58 WARN  SELL_SKIP [KRX] 037030 reason=PHANTOM_POSITION phase=NONE qty=58 avgPrice=8433.6207
2026-05-07 14:11:04 WARN  SELL_SKIP [KRX] 037030 reason=PHANTOM_POSITION phase=NONE qty=58 avgPrice=8433.6207
2026-05-07 14:11:09 WARN  SELL_SKIP [KRX] 037030 reason=PHANTOM_POSITION phase=NONE qty=58 avgPrice=8433.6207
2026-05-07 14:11:14 WARN  SELL_SKIP [KRX] 037030 reason=PHANTOM_POSITION phase=NONE qty=58 avgPrice=8433.6207
2026-05-07 14:11:19 WARN  SELL_SKIP [KRX] 037030 reason=PHANTOM_POSITION phase=NONE qty=58 avgPrice=8433.6207
2026-05-07 14:11:24 WARN  SELL_SKIP [KRX] 037030 reason=PHANTOM_POSITION phase=NONE qty=58 avgPrice=8433.6207
2026-05-07 14:11:29 WARN  SELL_SKIP [KRX] 037030 reason=PHANTOM_POSITION phase=NONE qty=58 avgPrice=8433.6207
2026-05-07 14:11:34 WARN  SELL_SKIP [KRX] 037030 reason=PHANTOM_POSITION phase=NONE qty=58 avgPrice=8433.6207
2026-05-07 14:11:39 WARN  SELL_SKIP [KRX] 037030 reason=PHANTOM_POSITION phase=NONE qty=58 avgPrice=8433.6207
2026-05-07 14:11:44 WARN  SELL_SKIP [KRX] 037030 reason=PHANTOM_POSITION phase=NONE qty=58 avgPrice=8433.6207
2026-05-07 14:11:49 WARN  SELL_SKIP [KRX] 037030 reason=PHANTOM_POSITION phase=NONE qty=58 avgPrice=8433.6207
2026-05-07 14:11:54 WARN  SELL_SKIP [KRX] 037030 reason=PHANTOM_POSITION phase=NONE qty=58 avgPrice=8433.6207
2026-05-07 14:11:59 WARN  SELL_SKIP [KRX] 037030 reason=PHANTOM_POSITION phase=NONE qty=58 avgPrice=8433.6207
2026-05-07 14:12:05 WARN  SELL_SKIP [KRX] 037030 reason=PHANTOM_POSITION phase=NONE qty=58 avgPrice=8433.6207
2026-05-07 14:12:10 WARN  SELL_SKIP [KRX] 037030 reason=PHANTOM_POSITION phase=NONE qty=58 avgPrice=8433.6207
2026-05-07 14:12:15 WARN  SELL_SKIP [KRX] 037030 reason=PHANTOM_POSITION phase=NONE qty=58 avgPrice=8433.6207
2026-05-07 14:12:20 WARN  SELL_SKIP [KRX] 037030 reason=PHANTOM_POSITION phase=NONE qty=58 avgPrice=8433.6207
2026-05-07 14:12:25 WARN  SELL_SKIP [KRX] 037030 reason=PHANTOM_POSITION phase=NONE qty=58 avgPrice=8433.6207
2026-05-07 14:12:30 WARN  SELL_SKIP [KRX] 037030 reason=PHANTOM_POSITION phase=NONE qty=58 avgPrice=8433.6207
2026-05-07 14:12:35 WARN  SELL_SKIP [KRX] 037030 reason=PHANTOM_POSITION phase=NONE qty=58 avgPrice=8433.6207
2026-05-07 14:12:40 WARN  SELL_SKIP [KRX] 037030 reason=PHANTOM_POSITION phase=NONE qty=58 avgPrice=8433.6207
2026-05-07 14:12:45 WARN  SELL_SKIP [KRX] 037030 reason=PHANTOM_POSITION phase=NONE qty=58 avgPrice=8433.6207
2026-05-07 14:12:50 WARN  SELL_SKIP [KRX] 037030 reason=PHANTOM_POSITION phase=NONE qty=58 avgPrice=8433.6207
2026-05-07 14:12:55 WARN  SELL_SKIP [KRX] 037030 reason=PHANTOM_POSITION phase=NONE qty=58 avgPrice=8433.6207
2026-05-07 14:13:00 WARN  SELL_SKIP [KRX] 037030 reason=PHANTOM_POSITION phase=NONE qty=58 avgPrice=8433.6207
2026-05-07 14:13:06 WARN  SELL_SKIP [KRX] 037030 reason=PHANTOM_POSITION phase=NONE qty=58 avgPrice=8433.6207
2026-05-07 14:13:11 WARN  SELL_SKIP [KRX] 037030 reason=PHANTOM_POSITION phase=NONE qty=58 avgPrice=8433.6207
2026-05-07 14:13:16 WARN  SELL_SKIP [KRX] 037030 reason=PHANTOM_POSITION phase=NONE qty=58 avgPrice=8433.6207
2026-05-07 14:13:21 WARN  SELL_SKIP [KRX] 037030 reason=PHANTOM_POSITION phase=NONE qty=58 avgPrice=8433.6207
2026-05-07 14:13:26 WARN  SELL_SKIP [KRX] 037030 reason=PHANTOM_POSITION phase=NONE qty=58 avgPrice=8433.6207
2026-05-07 14:13:31 WARN  SELL_SKIP [KRX] 037030 reason=PHANTOM_POSITION phase=NONE qty=58 avgPrice=8433.6207
2026-05-07 14:13:36 WARN  SELL_SKIP [KRX] 037030 reason=PHANTOM_POSITION phase=NONE qty=58 avgPrice=8433.6207
2026-05-07 14:13:41 WARN  SELL_SKIP [KRX] 037030 reason=PHANTOM_POSITION phase=NONE qty=58 avgPrice=8433.6207
2026-05-07 14:13:46 WARN  SELL_SKIP [KRX] 037030 reason=PHANTOM_POSITION phase=NONE qty=58 avgPrice=8433.6207
2026-05-07 14:13:51 WARN  SELL_SKIP [KRX] 037030 reason=PHANTOM_POSITION phase=NONE qty=58 avgPrice=8433.6207
2026-05-07 14:13:56 WARN  SELL_SKIP [KRX] 037030 reason=PHANTOM_POSITION phase=NONE qty=58 avgPrice=8433.6207
2026-05-07 14:14:02 WARN  SELL_SKIP [KRX] 037030 reason=PHANTOM_POSITION phase=NONE qty=58 avgPrice=8433.6207
2026-05-07 14:14:07 WARN  SELL_SKIP [KRX] 037030 reason=PHANTOM_POSITION phase=NONE qty=58 avgPrice=8433.6207
2026-05-07 14:14:12 WARN  SELL_SKIP [KRX] 037030 reason=PHANTOM_POSITION phase=NONE qty=58 avgPrice=8433.6207
2026-05-07 14:14:17 WARN  SELL_SKIP [KRX] 037030 reason=PHANTOM_POSITION phase=NONE qty=58 avgPrice=8433.6207
2026-05-07 14:14:22 WARN  SELL_SKIP [KRX] 037030 reason=PHANTOM_POSITION phase=NONE qty=58 avgPrice=8433.6207
2026-05-07 14:14:27 WARN  SELL_SKIP [KRX] 037030 reason=PHANTOM_POSITION phase=NONE qty=58 avgPrice=8433.6207
2026-05-07 14:14:32 WARN  SELL_SKIP [KRX] 037030 reason=PHANTOM_POSITION phase=NONE qty=58 avgPrice=8433.6207
2026-05-07 14:14:37 WARN  SELL_SKIP [KRX] 037030 reason=PHANTOM_POSITION phase=NONE qty=58 avgPrice=8433.6207
2026-05-07 14:14:42 WARN  SELL_SKIP [KRX] 037030 reason=PHANTOM_POSITION phase=NONE qty=58 avgPrice=8433.6207
2026-05-07 14:14:47 WARN  SELL_SKIP [KRX] 037030 reason=PHANTOM_POSITION phase=NONE qty=58 avgPrice=8433.6207
2026-05-07 14:14:52 WARN  SELL_SKIP [KRX] 037030 reason=PHANTOM_POSITION phase=NONE qty=58 avgPrice=8433.6207
2026-05-07 14:14:58 WARN  SELL_SKIP [KRX] 037030 reason=PHANTOM_POSITION phase=NONE qty=58 avgPrice=8433.6207
2026-05-07 14:15:03 WARN  SELL_SKIP [KRX] 037030 reason=PHANTOM_POSITION phase=NONE qty=58 avgPrice=8433.6207
2026-05-07 14:15:08 WARN  SELL_SKIP [KRX] 037030 reason=PHANTOM_POSITION phase=NONE qty=58 avgPrice=8433.6207
2026-05-07 14:15:13 WARN  SELL_SKIP [KRX] 037030 reason=PHANTOM_POSITION phase=NONE qty=58 avgPrice=8433.6207
2026-05-07 14:15:18 WARN  SELL_SKIP [KRX] 037030 reason=PHANTOM_POSITION phase=NONE qty=58 avgPrice=8433.6207
2026-05-07 14:15:23 WARN  SELL_SKIP [KRX] 037030 reason=PHANTOM_POSITION phase=NONE qty=58 avgPrice=8433.6207
2026-05-07 14:15:28 WARN  SELL_SKIP [KRX] 037030 reason=PHANTOM_POSITION phase=NONE qty=58 avgPrice=8433.6207
2026-05-07 14:15:33 WARN  SELL_SKIP [KRX] 037030 reason=PHANTOM_POSITION phase=NONE qty=58 avgPrice=8433.6207
2026-05-07 14:15:38 WARN  SELL_SKIP [KRX] 037030 reason=PHANTOM_POSITION phase=NONE qty=58 avgPrice=8433.6207
2026-05-07 14:15:43 WARN  SELL_SKIP [KRX] 037030 reason=PHANTOM_POSITION phase=NONE qty=58 avgPrice=8433.6207
2026-05-07 14:15:48 WARN  SELL_SKIP [KRX] 037030 reason=PHANTOM_POSITION phase=NONE qty=58 avgPrice=8433.6207
2026-05-07 14:15:54 WARN  SELL_SKIP [KRX] 037030 reason=PHANTOM_POSITION phase=NONE qty=58 avgPrice=8433.6207
2026-05-07 14:15:59 WARN  SELL_SKIP [KRX] 037030 reason=PHANTOM_POSITION phase=NONE qty=58 avgPrice=8433.6207
2026-05-07 14:16:04 WARN  SELL_SKIP [KRX] 037030 reason=PHANTOM_POSITION phase=NONE qty=58 avgPrice=8433.6207
2026-05-07 14:16:09 WARN  SELL_SKIP [KRX] 037030 reason=PHANTOM_POSITION phase=NONE qty=58 avgPrice=8433.6207
2026-05-07 14:16:14 WARN  SELL_SKIP [KRX] 037030 reason=PHANTOM_POSITION phase=NONE qty=58 avgPrice=8433.6207
2026-05-07 14:16:19 WARN  SELL_SKIP [KRX] 037030 reason=PHANTOM_POSITION phase=NONE qty=58 avgPrice=8433.6207
2026-05-07 14:16:24 WARN  SELL_SKIP [KRX] 037030 reason=PHANTOM_POSITION phase=NONE qty=58 avgPrice=8433.6207
2026-05-07 14:16:29 WARN  SELL_SKIP [KRX] 037030 reason=PHANTOM_POSITION phase=NONE qty=58 avgPrice=8433.6207
2026-05-07 14:16:34 WARN  SELL_SKIP [KRX] 037030 reason=PHANTOM_POSITION phase=NONE qty=58 avgPrice=8433.6207
2026-05-07 14:16:39 WARN  SELL_SKIP [KRX] 037030 reason=PHANTOM_POSITION phase=NONE qty=58 avgPrice=8433.6207
2026-05-07 14:16:44 WARN  SELL_SKIP [KRX] 037030 reason=PHANTOM_POSITION phase=NONE qty=58 avgPrice=8433.6207
2026-05-07 14:16:49 WARN  SELL_SKIP [KRX] 037030 reason=PHANTOM_POSITION phase=NONE qty=58 avgPrice=8433.6207
2026-05-07 14:16:54 WARN  SELL_SKIP [KRX] 037030 reason=PHANTOM_POSITION phase=NONE qty=58 avgPrice=8433.6207
2026-05-07 14:16:59 WARN  SELL_SKIP [KRX] 037030 reason=PHANTOM_POSITION phase=NONE qty=58 avgPrice=8433.6207
2026-05-07 14:17:04 WARN  SELL_SKIP [KRX] 037030 reason=PHANTOM_POSITION phase=NONE qty=58 avgPrice=8433.6207
2026-05-07 14:17:09 WARN  SELL_SKIP [KRX] 037030 reason=PHANTOM_POSITION phase=NONE qty=58 avgPrice=8433.6207
2026-05-07 14:17:15 WARN  SELL_SKIP [KRX] 037030 reason=PHANTOM_POSITION phase=NONE qty=58 avgPrice=8433.6207
2026-05-07 14:17:20 WARN  SELL_SKIP [KRX] 037030 reason=PHANTOM_POSITION phase=NONE qty=58 avgPrice=8433.6207
2026-05-07 14:17:25 WARN  SELL_SKIP [KRX] 037030 reason=PHANTOM_POSITION phase=NONE qty=58 avgPrice=8433.6207
2026-05-07 14:17:30 WARN  SELL_SKIP [KRX] 037030 reason=PHANTOM_POSITION phase=NONE qty=58 avgPrice=8433.6207
2026-05-07 14:17:35 WARN  SELL_SKIP [KRX] 037030 reason=PHANTOM_POSITION phase=NONE qty=58 avgPrice=8433.6207
2026-05-07 14:17:40 WARN  SELL_SKIP [KRX] 037030 reason=PHANTOM_POSITION phase=NONE qty=58 avgPrice=8433.6207
2026-05-07 14:17:45 WARN  SELL_SKIP [KRX] 037030 reason=PHANTOM_POSITION phase=NONE qty=58 avgPrice=8433.6207
2026-05-07 14:17:50 WARN  SELL_SKIP [KRX] 037030 reason=PHANTOM_POSITION phase=NONE qty=58 avgPrice=8433.6207
2026-05-07 14:17:55 WARN  SELL_SKIP [KRX] 037030 reason=PHANTOM_POSITION phase=NONE qty=58 avgPrice=8433.6207
2026-05-07 14:18:00 WARN  SELL_SKIP [KRX] 037030 reason=PHANTOM_POSITION phase=NONE qty=58 avgPrice=8433.6207
2026-05-07 14:18:05 WARN  SELL_SKIP [KRX] 037030 reason=PHANTOM_POSITION phase=NONE qty=58 avgPrice=8433.6207
2026-05-07 14:18:11 WARN  SELL_SKIP [KRX] 037030 reason=PHANTOM_POSITION phase=NONE qty=58 avgPrice=8433.6207
2026-05-07 14:18:16 WARN  SELL_SKIP [KRX] 037030 reason=PHANTOM_POSITION phase=NONE qty=58 avgPrice=8433.6207
2026-05-07 14:18:21 WARN  SELL_SKIP [KRX] 037030 reason=PHANTOM_POSITION phase=NONE qty=58 avgPrice=8433.6207
2026-05-07 14:18:26 WARN  SELL_SKIP [KRX] 037030 reason=PHANTOM_POSITION phase=NONE qty=58 avgPrice=8433.6207
2026-05-07 14:18:31 WARN  SELL_SKIP [KRX] 037030 reason=PHANTOM_POSITION phase=NONE qty=58 avgPrice=8433.6207
2026-05-07 14:18:36 WARN  SELL_SKIP [KRX] 037030 reason=PHANTOM_POSITION phase=NONE qty=58 avgPrice=8433.6207
2026-05-07 14:18:41 WARN  SELL_SKIP [KRX] 037030 reason=PHANTOM_POSITION phase=NONE qty=58 avgPrice=8433.6207
2026-05-07 14:18:46 WARN  SELL_SKIP [KRX] 037030 reason=PHANTOM_POSITION phase=NONE qty=58 avgPrice=8433.6207
2026-05-07 14:18:51 WARN  SELL_SKIP [KRX] 037030 reason=PHANTOM_POSITION phase=NONE qty=58 avgPrice=8433.6207
2026-05-07 14:18:56 WARN  SELL_SKIP [KRX] 037030 reason=PHANTOM_POSITION phase=NONE qty=58 avgPrice=8433.6207
2026-05-07 14:19:01 WARN  SELL_SKIP [KRX] 037030 reason=PHANTOM_POSITION phase=NONE qty=58 avgPrice=8433.6207
2026-05-07 14:19:07 WARN  SELL_SKIP [KRX] 037030 reason=PHANTOM_POSITION phase=NONE qty=58 avgPrice=8433.6207
2026-05-07 14:19:12 WARN  SELL_SKIP [KRX] 037030 reason=PHANTOM_POSITION phase=NONE qty=58 avgPrice=8433.6207
2026-05-07 14:19:17 WARN  SELL_SKIP [KRX] 037030 reason=PHANTOM_POSITION phase=NONE qty=58 avgPrice=8433.6207
2026-05-07 14:19:22 WARN  SELL_SKIP [KRX] 037030 reason=PHANTOM_POSITION phase=NONE qty=58 avgPrice=8433.6207
2026-05-07 14:19:27 WARN  SELL_SKIP [KRX] 037030 reason=PHANTOM_POSITION phase=NONE qty=58 avgPrice=8433.6207
2026-05-07 14:19:32 WARN  SELL_SKIP [KRX] 037030 reason=PHANTOM_POSITION phase=NONE qty=58 avgPrice=8433.6207
2026-05-07 14:19:37 WARN  SELL_SKIP [KRX] 037030 reason=PHANTOM_POSITION phase=NONE qty=58 avgPrice=8433.6207
2026-05-07 14:19:42 WARN  SELL_SKIP [KRX] 037030 reason=PHANTOM_POSITION phase=NONE qty=58 avgPrice=8433.6207
2026-05-07 14:19:47 WARN  SELL_SKIP [KRX] 037030 reason=PHANTOM_POSITION phase=NONE qty=58 avgPrice=8433.6207
2026-05-07 14:19:52 WARN  SELL_SKIP [KRX] 037030 reason=PHANTOM_POSITION phase=NONE qty=58 avgPrice=8433.6207
2026-05-07 14:19:57 WARN  SELL_SKIP [KRX] 037030 reason=PHANTOM_POSITION phase=NONE qty=58 avgPrice=8433.6207
2026-05-07 14:20:02 WARN  SELL_SKIP [KRX] 037030 reason=PHANTOM_POSITION phase=NONE qty=58 avgPrice=8433.6207
2026-05-07 14:20:08 WARN  SELL_SKIP [KRX] 037030 reason=PHANTOM_POSITION phase=NONE qty=58 avgPrice=8433.6207
2026-05-07 14:20:13 WARN  SELL_SKIP [KRX] 037030 reason=PHANTOM_POSITION phase=NONE qty=58 avgPrice=8433.6207
2026-05-07 14:20:18 WARN  SELL_SKIP [KRX] 037030 reason=PHANTOM_POSITION phase=NONE qty=58 avgPrice=8433.6207
2026-05-07 14:20:23 WARN  SELL_SKIP [KRX] 037030 reason=PHANTOM_POSITION phase=NONE qty=58 avgPrice=8433.6207
2026-05-07 14:20:28 WARN  SELL_SKIP [KRX] 037030 reason=PHANTOM_POSITION phase=NONE qty=58 avgPrice=8433.6207
2026-05-07 14:20:33 WARN  SELL_SKIP [KRX] 037030 reason=PHANTOM_POSITION phase=NONE qty=58 avgPrice=8433.6207
2026-05-07 14:20:38 WARN  SELL_SKIP [KRX] 037030 reason=PHANTOM_POSITION phase=NONE qty=58 avgPrice=8433.6207
2026-05-07 14:20:43 WARN  SELL_SKIP [KRX] 037030 reason=PHANTOM_POSITION phase=NONE qty=58 avgPrice=8433.6207
2026-05-07 14:20:48 WARN  SELL_SKIP [KRX] 037030 reason=PHANTOM_POSITION phase=NONE qty=58 avgPrice=8433.6207
2026-05-07 14:20:53 WARN  SELL_SKIP [KRX] 037030 reason=PHANTOM_POSITION phase=NONE qty=58 avgPrice=8433.6207
2026-05-07 14:20:58 WARN  SELL_SKIP [KRX] 037030 reason=PHANTOM_POSITION phase=NONE qty=58 avgPrice=8433.6207
2026-05-07 14:21:04 WARN  SELL_SKIP [KRX] 037030 reason=PHANTOM_POSITION phase=NONE qty=58 avgPrice=8433.6207
2026-05-07 14:21:09 WARN  SELL_SKIP [KRX] 037030 reason=PHANTOM_POSITION phase=NONE qty=58 avgPrice=8433.6207
2026-05-07 14:21:14 WARN  SELL_SKIP [KRX] 037030 reason=PHANTOM_POSITION phase=NONE qty=58 avgPrice=8433.6207
2026-05-07 14:21:19 WARN  SELL_SKIP [KRX] 037030 reason=PHANTOM_POSITION phase=NONE qty=58 avgPrice=8433.6207
2026-05-07 14:21:24 WARN  SELL_SKIP [KRX] 037030 reason=PHANTOM_POSITION phase=NONE qty=58 avgPrice=8433.6207
2026-05-07 14:21:35 WARN  SELL_SKIP [KRX] 037030 reason=PHANTOM_POSITION phase=NONE qty=58 avgPrice=8433.6207
2026-05-07 14:21:45 WARN  SELL_SKIP [KRX] 037030 reason=PHANTOM_POSITION phase=NONE qty=58 avgPrice=8433.6207
2026-05-07 14:21:50 WARN  SELL_SKIP [KRX] 037030 reason=PHANTOM_POSITION phase=NONE qty=58 avgPrice=8433.6207
2026-05-07 14:21:55 WARN  SELL_SKIP [KRX] 037030 reason=PHANTOM_POSITION phase=NONE qty=58 avgPrice=8433.6207
2026-05-07 14:22:00 WARN  SELL_SKIP [KRX] 037030 reason=PHANTOM_POSITION phase=NONE qty=58 avgPrice=8433.6207
2026-05-07 14:22:05 WARN  SELL_SKIP [KRX] 037030 reason=PHANTOM_POSITION phase=NONE qty=58 avgPrice=8433.6207
2026-05-07 14:22:10 WARN  SELL_SKIP [KRX] 037030 reason=PHANTOM_POSITION phase=NONE qty=58 avgPrice=8433.6207
2026-05-07 14:22:15 WARN  SELL_SKIP [KRX] 037030 reason=PHANTOM_POSITION phase=NONE qty=58 avgPrice=8433.6207
2026-05-07 14:22:21 WARN  SELL_SKIP [KRX] 037030 reason=PHANTOM_POSITION phase=NONE qty=58 avgPrice=8433.6207
2026-05-07 14:22:26 WARN  SELL_SKIP [KRX] 037030 reason=PHANTOM_POSITION phase=NONE qty=58 avgPrice=8433.6207
2026-05-07 14:22:31 WARN  SELL_SKIP [KRX] 037030 reason=PHANTOM_POSITION phase=NONE qty=58 avgPrice=8433.6207
2026-05-07 14:22:36 WARN  SELL_SKIP [KRX] 037030 reason=PHANTOM_POSITION phase=NONE qty=58 avgPrice=8433.6207
2026-05-07 14:22:41 WARN  SELL_SKIP [KRX] 037030 reason=PHANTOM_POSITION phase=NONE qty=58 avgPrice=8433.6207
2026-05-07 14:22:46 WARN  SELL_SKIP [KRX] 037030 reason=PHANTOM_POSITION phase=NONE qty=58 avgPrice=8433.6207
2026-05-07 14:22:51 WARN  SELL_SKIP [KRX] 037030 reason=PHANTOM_POSITION phase=NONE qty=58 avgPrice=8433.6207
2026-05-07 14:22:56 WARN  SELL_SKIP [KRX] 037030 reason=PHANTOM_POSITION phase=NONE qty=58 avgPrice=8433.6207
2026-05-07 14:23:01 WARN  SELL_SKIP [KRX] 037030 reason=PHANTOM_POSITION phase=NONE qty=58 avgPrice=8433.6207
2026-05-07 14:23:06 WARN  SELL_SKIP [KRX] 037030 reason=PHANTOM_POSITION phase=NONE qty=58 avgPrice=8433.6207
2026-05-07 14:23:11 WARN  SELL_SKIP [KRX] 037030 reason=PHANTOM_POSITION phase=NONE qty=58 avgPrice=8433.6207
2026-05-07 14:23:17 WARN  SELL_SKIP [KRX] 037030 reason=PHANTOM_POSITION phase=NONE qty=58 avgPrice=8433.6207
2026-05-07 14:23:22 WARN  SELL_SKIP [KRX] 037030 reason=PHANTOM_POSITION phase=NONE qty=58 avgPrice=8433.6207
2026-05-07 14:23:27 WARN  SELL_SKIP [KRX] 037030 reason=PHANTOM_POSITION phase=NONE qty=58 avgPrice=8433.6207
2026-05-07 14:23:32 WARN  SELL_SKIP [KRX] 037030 reason=PHANTOM_POSITION phase=NONE qty=58 avgPrice=8433.6207
2026-05-07 14:23:37 WARN  SELL_SKIP [KRX] 037030 reason=PHANTOM_POSITION phase=NONE qty=58 avgPrice=8433.6207
2026-05-07 14:23:42 WARN  SELL_SKIP [KRX] 037030 reason=PHANTOM_POSITION phase=NONE qty=58 avgPrice=8433.6207
2026-05-07 14:23:47 WARN  SELL_SKIP [KRX] 037030 reason=PHANTOM_POSITION phase=NONE qty=58 avgPrice=8433.6207
2026-05-07 14:23:52 WARN  SELL_SKIP [KRX] 037030 reason=PHANTOM_POSITION phase=NONE qty=58 avgPrice=8433.6207
2026-05-07 14:23:57 WARN  SELL_SKIP [KRX] 037030 reason=PHANTOM_POSITION phase=NONE qty=58 avgPrice=8433.6207
2026-05-07 14:24:08 WARN  SELL_SKIP [KRX] 037030 reason=PHANTOM_POSITION phase=NONE qty=58 avgPrice=8433.6207
2026-05-07 14:24:13 WARN  SELL_SKIP [KRX] 037030 reason=PHANTOM_POSITION phase=NONE qty=58 avgPrice=8433.6207
2026-05-07 14:24:18 WARN  SELL_SKIP [KRX] 037030 reason=PHANTOM_POSITION phase=NONE qty=58 avgPrice=8433.6207
2026-05-07 14:24:23 WARN  SELL_SKIP [KRX] 037030 reason=PHANTOM_POSITION phase=NONE qty=58 avgPrice=8433.6207
2026-05-07 14:24:28 WARN  SELL_SKIP [KRX] 037030 reason=PHANTOM_POSITION phase=NONE qty=58 avgPrice=8433.6207
2026-05-07 14:24:33 WARN  SELL_SKIP [KRX] 037030 reason=PHANTOM_POSITION phase=NONE qty=58 avgPrice=8433.6207
2026-05-07 14:24:38 WARN  SELL_SKIP [KRX] 037030 reason=PHANTOM_POSITION phase=NONE qty=58 avgPrice=8433.6207
2026-05-07 14:24:43 WARN  SELL_SKIP [KRX] 037030 reason=PHANTOM_POSITION phase=NONE qty=58 avgPrice=8433.6207
2026-05-07 14:24:48 WARN  SELL_SKIP [KRX] 037030 reason=PHANTOM_POSITION phase=NONE qty=58 avgPrice=8433.6207
2026-05-07 14:24:53 WARN  SELL_SKIP [KRX] 037030 reason=PHANTOM_POSITION phase=NONE qty=58 avgPrice=8433.6207
2026-05-07 14:24:59 WARN  SELL_SKIP [KRX] 037030 reason=PHANTOM_POSITION phase=NONE qty=58 avgPrice=8433.6207
2026-05-07 14:25:04 WARN  SELL_SKIP [KRX] 037030 reason=PHANTOM_POSITION phase=NONE qty=58 avgPrice=8433.6207
2026-05-07 14:25:14 WARN  SELL_SKIP [KRX] 037030 reason=PHANTOM_POSITION phase=NONE qty=58 avgPrice=8433.6207
2026-05-07 14:25:19 WARN  SELL_SKIP [KRX] 037030 reason=PHANTOM_POSITION phase=NONE qty=58 avgPrice=8433.6207
2026-05-07 14:25:24 WARN  SELL_SKIP [KRX] 037030 reason=PHANTOM_POSITION phase=NONE qty=58 avgPrice=8433.6207
2026-05-07 14:25:29 WARN  SELL_SKIP [KRX] 037030 reason=PHANTOM_POSITION phase=NONE qty=58 avgPrice=8433.6207
2026-05-07 14:25:34 WARN  SELL_SKIP [KRX] 037030 reason=PHANTOM_POSITION phase=NONE qty=58 avgPrice=8433.6207
2026-05-07 14:25:39 WARN  SELL_SKIP [KRX] 037030 reason=PHANTOM_POSITION phase=NONE qty=58 avgPrice=8433.6207
2026-05-07 14:25:44 WARN  SELL_SKIP [KRX] 037030 reason=PHANTOM_POSITION phase=NONE qty=58 avgPrice=8433.6207
2026-05-07 14:25:50 WARN  SELL_SKIP [KRX] 037030 reason=PHANTOM_POSITION phase=NONE qty=58 avgPrice=8433.6207
2026-05-07 14:25:55 WARN  SELL_SKIP [KRX] 037030 reason=PHANTOM_POSITION phase=NONE qty=58 avgPrice=8433.6207
2026-05-07 14:26:00 WARN  SELL_SKIP [KRX] 037030 reason=PHANTOM_POSITION phase=NONE qty=58 avgPrice=8433.6207
2026-05-07 14:26:05 WARN  SELL_SKIP [KRX] 037030 reason=PHANTOM_POSITION phase=NONE qty=58 avgPrice=8433.6207
2026-05-07 14:26:10 WARN  SELL_SKIP [KRX] 037030 reason=PHANTOM_POSITION phase=NONE qty=58 avgPrice=8433.6207
2026-05-07 14:26:15 WARN  SELL_SKIP [KRX] 037030 reason=PHANTOM_POSITION phase=NONE qty=58 avgPrice=8433.6207
2026-05-07 14:26:20 WARN  SELL_SKIP [KRX] 037030 reason=PHANTOM_POSITION phase=NONE qty=58 avgPrice=8433.6207
2026-05-07 14:26:25 WARN  SELL_SKIP [KRX] 037030 reason=PHANTOM_POSITION phase=NONE qty=58 avgPrice=8433.6207
2026-05-07 14:26:30 WARN  SELL_SKIP [KRX] 037030 reason=PHANTOM_POSITION phase=NONE qty=58 avgPrice=8433.6207
2026-05-07 14:26:35 WARN  SELL_SKIP [KRX] 037030 reason=PHANTOM_POSITION phase=NONE qty=58 avgPrice=8433.6207
2026-05-07 14:26:40 WARN  SELL_SKIP [KRX] 037030 reason=PHANTOM_POSITION phase=NONE qty=58 avgPrice=8433.6207
2026-05-07 14:26:45 WARN  SELL_SKIP [KRX] 037030 reason=PHANTOM_POSITION phase=NONE qty=58 avgPrice=8433.6207
2026-05-07 14:26:51 WARN  SELL_SKIP [KRX] 037030 reason=PHANTOM_POSITION phase=NONE qty=58 avgPrice=8433.6207
2026-05-07 14:26:56 WARN  SELL_SKIP [KRX] 037030 reason=PHANTOM_POSITION phase=NONE qty=58 avgPrice=8433.6207
2026-05-07 14:27:01 WARN  SELL_SKIP [KRX] 037030 reason=PHANTOM_POSITION phase=NONE qty=58 avgPrice=8433.6207
2026-05-07 14:27:06 WARN  SELL_SKIP [KRX] 037030 reason=PHANTOM_POSITION phase=NONE qty=58 avgPrice=8433.6207
2026-05-07 14:27:11 WARN  SELL_SKIP [KRX] 037030 reason=PHANTOM_POSITION phase=NONE qty=58 avgPrice=8433.6207
2026-05-07 14:27:16 WARN  SELL_SKIP [KRX] 037030 reason=PHANTOM_POSITION phase=NONE qty=58 avgPrice=8433.6207
2026-05-07 14:27:21 WARN  SELL_SKIP [KRX] 037030 reason=PHANTOM_POSITION phase=NONE qty=58 avgPrice=8433.6207
2026-05-07 14:27:26 WARN  SELL_SKIP [KRX] 037030 reason=PHANTOM_POSITION phase=NONE qty=58 avgPrice=8433.6207
2026-05-07 14:27:31 WARN  SELL_SKIP [KRX] 037030 reason=PHANTOM_POSITION phase=NONE qty=58 avgPrice=8433.6207
2026-05-07 14:27:36 WARN  SELL_SKIP [KRX] 037030 reason=PHANTOM_POSITION phase=NONE qty=58 avgPrice=8433.6207
2026-05-07 14:27:41 WARN  SELL_SKIP [KRX] 037030 reason=PHANTOM_POSITION phase=NONE qty=58 avgPrice=8433.6207
2026-05-07 14:27:52 WARN  SELL_SKIP [KRX] 037030 reason=PHANTOM_POSITION phase=NONE qty=58 avgPrice=8433.6207
2026-05-07 14:27:57 WARN  SELL_SKIP [KRX] 037030 reason=PHANTOM_POSITION phase=NONE qty=58 avgPrice=8433.6207
2026-05-07 14:28:02 WARN  SELL_SKIP [KRX] 037030 reason=PHANTOM_POSITION phase=NONE qty=58 avgPrice=8433.6207
2026-05-07 14:28:07 WARN  SELL_SKIP [KRX] 037030 reason=PHANTOM_POSITION phase=NONE qty=58 avgPrice=8433.6207
2026-05-07 14:28:12 WARN  SELL_SKIP [KRX] 037030 reason=PHANTOM_POSITION phase=NONE qty=58 avgPrice=8433.6207
2026-05-07 14:28:17 WARN  SELL_SKIP [KRX] 037030 reason=PHANTOM_POSITION phase=NONE qty=58 avgPrice=8433.6207
2026-05-07 14:28:22 WARN  SELL_SKIP [KRX] 037030 reason=PHANTOM_POSITION phase=NONE qty=58 avgPrice=8433.6207
2026-05-07 14:28:27 WARN  SELL_SKIP [KRX] 037030 reason=PHANTOM_POSITION phase=NONE qty=58 avgPrice=8433.6207
2026-05-07 14:28:37 WARN  SELL_SKIP [KRX] 037030 reason=PHANTOM_POSITION phase=NONE qty=58 avgPrice=8433.6207
2026-05-07 14:28:43 WARN  SELL_SKIP [KRX] 037030 reason=PHANTOM_POSITION phase=NONE qty=58 avgPrice=8433.6207
2026-05-07 14:28:48 WARN  SELL_SKIP [KRX] 037030 reason=PHANTOM_POSITION phase=NONE qty=58 avgPrice=8433.6207
2026-05-07 14:28:53 WARN  SELL_SKIP [KRX] 037030 reason=PHANTOM_POSITION phase=NONE qty=58 avgPrice=8433.6207
2026-05-07 14:28:58 WARN  SELL_SKIP [KRX] 037030 reason=PHANTOM_POSITION phase=NONE qty=58 avgPrice=8433.6207
2026-05-07 14:29:03 WARN  SELL_SKIP [KRX] 037030 reason=PHANTOM_POSITION phase=NONE qty=58 avgPrice=8433.6207
2026-05-07 14:29:08 WARN  SELL_SKIP [KRX] 037030 reason=PHANTOM_POSITION phase=NONE qty=58 avgPrice=8433.6207
2026-05-07 14:29:14 WARN  SELL_SKIP [KRX] 037030 reason=PHANTOM_POSITION phase=NONE qty=58 avgPrice=8433.6207
2026-05-07 14:29:24 WARN  SELL_SKIP [KRX] 037030 reason=PHANTOM_POSITION phase=NONE qty=58 avgPrice=8433.6207
2026-05-07 14:29:29 WARN  SELL_SKIP [KRX] 037030 reason=PHANTOM_POSITION phase=NONE qty=58 avgPrice=8433.6207
2026-05-07 14:29:34 WARN  SELL_SKIP [KRX] 037030 reason=PHANTOM_POSITION phase=NONE qty=58 avgPrice=8433.6207
2026-05-07 14:29:39 WARN  SELL_SKIP [KRX] 037030 reason=PHANTOM_POSITION phase=NONE qty=58 avgPrice=8433.6207
2026-05-07 14:29:44 WARN  SELL_SKIP [KRX] 037030 reason=PHANTOM_POSITION phase=NONE qty=58 avgPrice=8433.6207
2026-05-07 14:29:49 WARN  SELL_SKIP [KRX] 037030 reason=PHANTOM_POSITION phase=NONE qty=58 avgPrice=8433.6207
2026-05-07 14:29:54 WARN  SELL_SKIP [KRX] 037030 reason=PHANTOM_POSITION phase=NONE qty=58 avgPrice=8433.6207
2026-05-07 14:30:05 WARN  SELL_SKIP [KRX] 037030 reason=PHANTOM_POSITION phase=NONE qty=58 avgPrice=8433.6207
2026-05-07 14:30:10 WARN  SELL_SKIP [KRX] 037030 reason=PHANTOM_POSITION phase=NONE qty=58 avgPrice=8433.6207
2026-05-07 14:30:15 WARN  SELL_SKIP [KRX] 037030 reason=PHANTOM_POSITION phase=NONE qty=58 avgPrice=8433.6207
2026-05-07 14:30:20 WARN  SELL_SKIP [KRX] 037030 reason=PHANTOM_POSITION phase=NONE qty=58 avgPrice=8433.6207
2026-05-07 14:30:25 WARN  SELL_SKIP [KRX] 037030 reason=PHANTOM_POSITION phase=NONE qty=58 avgPrice=8433.6207
2026-05-07 14:30:30 WARN  SELL_SKIP [KRX] 037030 reason=PHANTOM_POSITION phase=NONE qty=58 avgPrice=8433.6207
2026-05-07 14:30:35 WARN  SELL_SKIP [KRX] 037030 reason=PHANTOM_POSITION phase=NONE qty=58 avgPrice=8433.6207
2026-05-07 14:30:40 WARN  SELL_SKIP [KRX] 037030 reason=PHANTOM_POSITION phase=NONE qty=58 avgPrice=8433.6207
2026-05-07 14:30:45 WARN  SELL_SKIP [KRX] 037030 reason=PHANTOM_POSITION phase=NONE qty=58 avgPrice=8433.6207
2026-05-07 14:30:55 WARN  SELL_SKIP [KRX] 037030 reason=PHANTOM_POSITION phase=NONE qty=58 avgPrice=8433.6207
2026-05-07 14:31:01 WARN  SELL_SKIP [KRX] 037030 reason=PHANTOM_POSITION phase=NONE qty=58 avgPrice=8433.6207
2026-05-07 14:31:06 WARN  SELL_SKIP [KRX] 037030 reason=PHANTOM_POSITION phase=NONE qty=58 avgPrice=8433.6207
2026-05-07 14:31:11 WARN  SELL_SKIP [KRX] 037030 reason=PHANTOM_POSITION phase=NONE qty=58 avgPrice=8433.6207
2026-05-07 14:31:16 WARN  SELL_SKIP [KRX] 037030 reason=PHANTOM_POSITION phase=NONE qty=58 avgPrice=8433.6207
2026-05-07 14:31:21 WARN  SELL_SKIP [KRX] 037030 reason=PHANTOM_POSITION phase=NONE qty=58 avgPrice=8433.6207
2026-05-07 14:31:26 WARN  SELL_SKIP [KRX] 037030 reason=PHANTOM_POSITION phase=NONE qty=58 avgPrice=8433.6207
2026-05-07 14:31:31 WARN  SELL_SKIP [KRX] 037030 reason=PHANTOM_POSITION phase=NONE qty=58 avgPrice=8433.6207
2026-05-07 14:31:36 WARN  SELL_SKIP [KRX] 037030 reason=PHANTOM_POSITION phase=NONE qty=58 avgPrice=8433.6207
2026-05-07 14:31:41 WARN  SELL_SKIP [KRX] 037030 reason=PHANTOM_POSITION phase=NONE qty=58 avgPrice=8433.6207
2026-05-07 14:31:46 WARN  SELL_SKIP [KRX] 037030 reason=PHANTOM_POSITION phase=NONE qty=58 avgPrice=8433.6207
2026-05-07 14:31:51 WARN  SELL_SKIP [KRX] 037030 reason=PHANTOM_POSITION phase=NONE qty=58 avgPrice=8433.6207
2026-05-07 14:31:57 WARN  SELL_SKIP [KRX] 037030 reason=PHANTOM_POSITION phase=NONE qty=58 avgPrice=8433.6207
2026-05-07 14:32:02 WARN  SELL_SKIP [KRX] 037030 reason=PHANTOM_POSITION phase=NONE qty=58 avgPrice=8433.6207
2026-05-07 14:32:07 WARN  SELL_SKIP [KRX] 037030 reason=PHANTOM_POSITION phase=NONE qty=58 avgPrice=8433.6207
2026-05-07 14:32:12 WARN  SELL_SKIP [KRX] 037030 reason=PHANTOM_POSITION phase=NONE qty=58 avgPrice=8433.6207
2026-05-07 14:32:17 WARN  SELL_SKIP [KRX] 037030 reason=PHANTOM_POSITION phase=NONE qty=58 avgPrice=8433.6207
2026-05-07 14:32:22 WARN  SELL_SKIP [KRX] 037030 reason=PHANTOM_POSITION phase=NONE qty=58 avgPrice=8433.6207
2026-05-07 14:32:27 WARN  SELL_SKIP [KRX] 037030 reason=PHANTOM_POSITION phase=NONE qty=58 avgPrice=8433.6207
2026-05-07 14:32:32 WARN  SELL_SKIP [KRX] 037030 reason=PHANTOM_POSITION phase=NONE qty=58 avgPrice=8433.6207
2026-05-07 14:32:37 WARN  SELL_SKIP [KRX] 037030 reason=PHANTOM_POSITION phase=NONE qty=58 avgPrice=8433.6207
2026-05-07 14:32:42 WARN  SELL_SKIP [KRX] 037030 reason=PHANTOM_POSITION phase=NONE qty=58 avgPrice=8433.6207
2026-05-07 14:32:47 WARN  SELL_SKIP [KRX] 037030 reason=PHANTOM_POSITION phase=NONE qty=58 avgPrice=8433.6207
2026-05-07 14:32:52 WARN  SELL_SKIP [KRX] 037030 reason=PHANTOM_POSITION phase=NONE qty=58 avgPrice=8433.6207
2026-05-07 14:32:58 WARN  SELL_SKIP [KRX] 037030 reason=PHANTOM_POSITION phase=NONE qty=58 avgPrice=8433.6207
2026-05-07 14:33:03 WARN  SELL_SKIP [KRX] 037030 reason=PHANTOM_POSITION phase=NONE qty=58 avgPrice=8433.6207
2026-05-07 14:33:08 WARN  SELL_SKIP [KRX] 037030 reason=PHANTOM_POSITION phase=NONE qty=58 avgPrice=8433.6207
2026-05-07 14:33:13 WARN  SELL_SKIP [KRX] 037030 reason=PHANTOM_POSITION phase=NONE qty=58 avgPrice=8433.6207
2026-05-07 14:33:18 WARN  SELL_SKIP [KRX] 037030 reason=PHANTOM_POSITION phase=NONE qty=58 avgPrice=8433.6207
2026-05-07 14:33:23 WARN  SELL_SKIP [KRX] 037030 reason=PHANTOM_POSITION phase=NONE qty=58 avgPrice=8433.6207
2026-05-07 14:33:28 WARN  SELL_SKIP [KRX] 037030 reason=PHANTOM_POSITION phase=NONE qty=58 avgPrice=8433.6207
2026-05-07 14:33:33 WARN  SELL_SKIP [KRX] 037030 reason=PHANTOM_POSITION phase=NONE qty=58 avgPrice=8433.6207
2026-05-07 14:33:38 WARN  SELL_SKIP [KRX] 037030 reason=PHANTOM_POSITION phase=NONE qty=58 avgPrice=8433.6207
2026-05-07 14:33:43 WARN  SELL_SKIP [KRX] 037030 reason=PHANTOM_POSITION phase=NONE qty=58 avgPrice=8433.6207
2026-05-07 14:33:48 WARN  SELL_SKIP [KRX] 037030 reason=PHANTOM_POSITION phase=NONE qty=58 avgPrice=8433.6207
2026-05-07 14:33:54 WARN  SELL_SKIP [KRX] 037030 reason=PHANTOM_POSITION phase=NONE qty=58 avgPrice=8433.6207
2026-05-07 14:33:59 WARN  SELL_SKIP [KRX] 037030 reason=PHANTOM_POSITION phase=NONE qty=58 avgPrice=8433.6207
2026-05-07 14:34:04 WARN  SELL_SKIP [KRX] 037030 reason=PHANTOM_POSITION phase=NONE qty=58 avgPrice=8433.6207
2026-05-07 14:34:09 WARN  SELL_SKIP [KRX] 037030 reason=PHANTOM_POSITION phase=NONE qty=58 avgPrice=8433.6207
2026-05-07 14:34:14 WARN  SELL_SKIP [KRX] 037030 reason=PHANTOM_POSITION phase=NONE qty=58 avgPrice=8433.6207
2026-05-07 14:34:19 WARN  SELL_SKIP [KRX] 037030 reason=PHANTOM_POSITION phase=NONE qty=58 avgPrice=8433.6207
2026-05-07 14:34:24 WARN  SELL_SKIP [KRX] 037030 reason=PHANTOM_POSITION phase=NONE qty=58 avgPrice=8433.6207
2026-05-07 14:34:29 WARN  SELL_SKIP [KRX] 037030 reason=PHANTOM_POSITION phase=NONE qty=58 avgPrice=8433.6207
2026-05-07 14:34:34 WARN  SELL_SKIP [KRX] 037030 reason=PHANTOM_POSITION phase=NONE qty=58 avgPrice=8433.6207
2026-05-07 14:34:39 WARN  SELL_SKIP [KRX] 037030 reason=PHANTOM_POSITION phase=NONE qty=58 avgPrice=8433.6207
2026-05-07 14:34:44 WARN  SELL_SKIP [KRX] 037030 reason=PHANTOM_POSITION phase=NONE qty=58 avgPrice=8433.6207
2026-05-07 14:34:50 WARN  SELL_SKIP [KRX] 037030 reason=PHANTOM_POSITION phase=NONE qty=58 avgPrice=8433.6207
2026-05-07 14:34:55 WARN  SELL_SKIP [KRX] 037030 reason=PHANTOM_POSITION phase=NONE qty=58 avgPrice=8433.6207
2026-05-07 14:35:00 WARN  SELL_SKIP [KRX] 037030 reason=PHANTOM_POSITION phase=NONE qty=58 avgPrice=8433.6207
2026-05-07 14:35:05 WARN  SELL_SKIP [KRX] 037030 reason=PHANTOM_POSITION phase=NONE qty=58 avgPrice=8433.6207
2026-05-07 14:35:10 WARN  SELL_SKIP [KRX] 037030 reason=PHANTOM_POSITION phase=NONE qty=58 avgPrice=8433.6207
2026-05-07 14:35:15 WARN  SELL_SKIP [KRX] 037030 reason=PHANTOM_POSITION phase=NONE qty=58 avgPrice=8433.6207
2026-05-07 14:35:20 WARN  SELL_SKIP [KRX] 037030 reason=PHANTOM_POSITION phase=NONE qty=58 avgPrice=8433.6207
2026-05-07 14:35:25 WARN  SELL_SKIP [KRX] 037030 reason=PHANTOM_POSITION phase=NONE qty=58 avgPrice=8433.6207
2026-05-07 14:35:30 WARN  SELL_SKIP [KRX] 037030 reason=PHANTOM_POSITION phase=NONE qty=58 avgPrice=8433.6207
2026-05-07 14:35:35 WARN  SELL_SKIP [KRX] 037030 reason=PHANTOM_POSITION phase=NONE qty=58 avgPrice=8433.6207
2026-05-07 14:35:40 WARN  SELL_SKIP [KRX] 037030 reason=PHANTOM_POSITION phase=NONE qty=58 avgPrice=8433.6207
2026-05-07 14:35:45 WARN  SELL_SKIP [KRX] 037030 reason=PHANTOM_POSITION phase=NONE qty=58 avgPrice=8433.6207
2026-05-07 14:35:50 WARN  SELL_SKIP [KRX] 037030 reason=PHANTOM_POSITION phase=NONE qty=58 avgPrice=8433.6207
2026-05-07 14:35:56 WARN  SELL_SKIP [KRX] 037030 reason=PHANTOM_POSITION phase=NONE qty=58 avgPrice=8433.6207
2026-05-07 14:36:01 WARN  SELL_SKIP [KRX] 037030 reason=PHANTOM_POSITION phase=NONE qty=58 avgPrice=8433.6207
2026-05-07 14:36:06 WARN  SELL_SKIP [KRX] 037030 reason=PHANTOM_POSITION phase=NONE qty=58 avgPrice=8433.6207
2026-05-07 14:36:11 WARN  SELL_SKIP [KRX] 037030 reason=PHANTOM_POSITION phase=NONE qty=58 avgPrice=8433.6207
2026-05-07 14:36:16 WARN  SELL_SKIP [KRX] 037030 reason=PHANTOM_POSITION phase=NONE qty=58 avgPrice=8433.6207
2026-05-07 14:36:21 WARN  SELL_SKIP [KRX] 037030 reason=PHANTOM_POSITION phase=NONE qty=58 avgPrice=8433.6207
2026-05-07 14:36:26 WARN  SELL_SKIP [KRX] 037030 reason=PHANTOM_POSITION phase=NONE qty=58 avgPrice=8433.6207
2026-05-07 14:36:31 WARN  SELL_SKIP [KRX] 037030 reason=PHANTOM_POSITION phase=NONE qty=58 avgPrice=8433.6207
2026-05-07 14:36:36 WARN  SELL_SKIP [KRX] 037030 reason=PHANTOM_POSITION phase=NONE qty=58 avgPrice=8433.6207
2026-05-07 14:36:41 WARN  SELL_SKIP [KRX] 037030 reason=PHANTOM_POSITION phase=NONE qty=58 avgPrice=8433.6207
2026-05-07 14:36:46 WARN  SELL_SKIP [KRX] 037030 reason=PHANTOM_POSITION phase=NONE qty=58 avgPrice=8433.6207
2026-05-07 14:36:51 WARN  SELL_SKIP [KRX] 037030 reason=PHANTOM_POSITION phase=NONE qty=58 avgPrice=8433.6207
2026-05-07 14:36:56 WARN  SELL_SKIP [KRX] 037030 reason=PHANTOM_POSITION phase=NONE qty=58 avgPrice=8433.6207
2026-05-07 14:37:02 WARN  SELL_SKIP [KRX] 037030 reason=PHANTOM_POSITION phase=NONE qty=58 avgPrice=8433.6207
2026-05-07 14:37:07 WARN  SELL_SKIP [KRX] 037030 reason=PHANTOM_POSITION phase=NONE qty=58 avgPrice=8433.6207
2026-05-07 14:37:12 WARN  SELL_SKIP [KRX] 037030 reason=PHANTOM_POSITION phase=NONE qty=58 avgPrice=8433.6207
2026-05-07 14:37:17 WARN  SELL_SKIP [KRX] 037030 reason=PHANTOM_POSITION phase=NONE qty=58 avgPrice=8433.6207
2026-05-07 14:37:22 WARN  SELL_SKIP [KRX] 037030 reason=PHANTOM_POSITION phase=NONE qty=58 avgPrice=8433.6207
2026-05-07 14:37:27 WARN  SELL_SKIP [KRX] 037030 reason=PHANTOM_POSITION phase=NONE qty=58 avgPrice=8433.6207
2026-05-07 14:37:32 WARN  SELL_SKIP [KRX] 037030 reason=PHANTOM_POSITION phase=NONE qty=58 avgPrice=8433.6207
2026-05-07 14:37:37 WARN  SELL_SKIP [KRX] 037030 reason=PHANTOM_POSITION phase=NONE qty=58 avgPrice=8433.6207
2026-05-07 14:37:42 WARN  SELL_SKIP [KRX] 037030 reason=PHANTOM_POSITION phase=NONE qty=58 avgPrice=8433.6207
2026-05-07 14:37:47 WARN  SELL_SKIP [KRX] 037030 reason=PHANTOM_POSITION phase=NONE qty=58 avgPrice=8433.6207
2026-05-07 14:37:52 WARN  SELL_SKIP [KRX] 037030 reason=PHANTOM_POSITION phase=NONE qty=58 avgPrice=8433.6207
2026-05-07 14:37:57 WARN  SELL_SKIP [KRX] 037030 reason=PHANTOM_POSITION phase=NONE qty=58 avgPrice=8433.6207
2026-05-07 14:38:03 WARN  SELL_SKIP [KRX] 037030 reason=PHANTOM_POSITION phase=NONE qty=58 avgPrice=8433.6207
2026-05-07 14:38:08 WARN  SELL_SKIP [KRX] 037030 reason=PHANTOM_POSITION phase=NONE qty=58 avgPrice=8433.6207
2026-05-07 14:38:13 WARN  SELL_SKIP [KRX] 037030 reason=PHANTOM_POSITION phase=NONE qty=58 avgPrice=8433.6207
2026-05-07 14:38:18 WARN  SELL_SKIP [KRX] 037030 reason=PHANTOM_POSITION phase=NONE qty=58 avgPrice=8433.6207
2026-05-07 14:38:23 WARN  SELL_SKIP [KRX] 037030 reason=PHANTOM_POSITION phase=NONE qty=58 avgPrice=8433.6207
2026-05-07 14:38:28 WARN  SELL_SKIP [KRX] 037030 reason=PHANTOM_POSITION phase=NONE qty=58 avgPrice=8433.6207
2026-05-07 14:38:33 WARN  SELL_SKIP [KRX] 037030 reason=PHANTOM_POSITION phase=NONE qty=58 avgPrice=8433.6207
2026-05-07 14:38:38 WARN  SELL_SKIP [KRX] 037030 reason=PHANTOM_POSITION phase=NONE qty=58 avgPrice=8433.6207
2026-05-07 14:38:43 WARN  SELL_SKIP [KRX] 037030 reason=PHANTOM_POSITION phase=NONE qty=58 avgPrice=8433.6207
2026-05-07 14:38:48 WARN  SELL_SKIP [KRX] 037030 reason=PHANTOM_POSITION phase=NONE qty=58 avgPrice=8433.6207
2026-05-07 14:38:54 WARN  SELL_SKIP [KRX] 037030 reason=PHANTOM_POSITION phase=NONE qty=58 avgPrice=8433.6207
2026-05-07 14:38:59 WARN  SELL_SKIP [KRX] 037030 reason=PHANTOM_POSITION phase=NONE qty=58 avgPrice=8433.6207
2026-05-07 14:39:04 WARN  SELL_SKIP [KRX] 037030 reason=PHANTOM_POSITION phase=NONE qty=58 avgPrice=8433.6207
2026-05-07 14:39:09 WARN  SELL_SKIP [KRX] 037030 reason=PHANTOM_POSITION phase=NONE qty=58 avgPrice=8433.6207
2026-05-07 14:39:14 WARN  SELL_SKIP [KRX] 037030 reason=PHANTOM_POSITION phase=NONE qty=58 avgPrice=8433.6207
2026-05-07 14:39:19 WARN  SELL_SKIP [KRX] 037030 reason=PHANTOM_POSITION phase=NONE qty=58 avgPrice=8433.6207
2026-05-07 14:39:24 WARN  SELL_SKIP [KRX] 037030 reason=PHANTOM_POSITION phase=NONE qty=58 avgPrice=8433.6207
2026-05-07 14:39:29 WARN  SELL_SKIP [KRX] 037030 reason=PHANTOM_POSITION phase=NONE qty=58 avgPrice=8433.6207
2026-05-07 14:39:34 WARN  SELL_SKIP [KRX] 037030 reason=PHANTOM_POSITION phase=NONE qty=58 avgPrice=8433.6207
2026-05-07 14:39:39 WARN  SELL_SKIP [KRX] 037030 reason=PHANTOM_POSITION phase=NONE qty=58 avgPrice=8433.6207
2026-05-07 14:39:44 WARN  SELL_SKIP [KRX] 037030 reason=PHANTOM_POSITION phase=NONE qty=58 avgPrice=8433.6207
2026-05-07 14:39:50 WARN  SELL_SKIP [KRX] 037030 reason=PHANTOM_POSITION phase=NONE qty=58 avgPrice=8433.6207
2026-05-07 14:39:55 WARN  SELL_SKIP [KRX] 037030 reason=PHANTOM_POSITION phase=NONE qty=58 avgPrice=8433.6207
2026-05-07 14:40:00 WARN  SELL_SKIP [KRX] 037030 reason=PHANTOM_POSITION phase=NONE qty=58 avgPrice=8433.6207
2026-05-07 14:40:05 WARN  SELL_SKIP [KRX] 037030 reason=PHANTOM_POSITION phase=NONE qty=58 avgPrice=8433.6207
2026-05-07 14:40:10 WARN  SELL_SKIP [KRX] 037030 reason=PHANTOM_POSITION phase=NONE qty=58 avgPrice=8433.6207
2026-05-07 14:40:15 WARN  SELL_SKIP [KRX] 037030 reason=PHANTOM_POSITION phase=NONE qty=58 avgPrice=8433.6207
2026-05-07 14:40:20 WARN  SELL_SKIP [KRX] 037030 reason=PHANTOM_POSITION phase=NONE qty=58 avgPrice=8433.6207
2026-05-07 14:40:25 WARN  SELL_SKIP [KRX] 037030 reason=PHANTOM_POSITION phase=NONE qty=58 avgPrice=8433.6207
2026-05-07 14:40:30 WARN  SELL_SKIP [KRX] 037030 reason=PHANTOM_POSITION phase=NONE qty=58 avgPrice=8433.6207
2026-05-07 14:40:35 WARN  SELL_SKIP [KRX] 037030 reason=PHANTOM_POSITION phase=NONE qty=58 avgPrice=8433.6207
2026-05-07 14:40:41 WARN  SELL_SKIP [KRX] 037030 reason=PHANTOM_POSITION phase=NONE qty=58 avgPrice=8433.6207
2026-05-07 14:40:46 WARN  SELL_SKIP [KRX] 037030 reason=PHANTOM_POSITION phase=NONE qty=58 avgPrice=8433.6207
2026-05-07 14:40:51 WARN  SELL_SKIP [KRX] 037030 reason=PHANTOM_POSITION phase=NONE qty=58 avgPrice=8433.6207
2026-05-07 14:40:56 WARN  SELL_SKIP [KRX] 037030 reason=PHANTOM_POSITION phase=NONE qty=58 avgPrice=8433.6207
2026-05-07 14:41:01 WARN  SELL_SKIP [KRX] 037030 reason=PHANTOM_POSITION phase=NONE qty=58 avgPrice=8433.6207
2026-05-07 14:41:06 WARN  SELL_SKIP [KRX] 037030 reason=PHANTOM_POSITION phase=NONE qty=58 avgPrice=8433.6207
2026-05-07 14:41:11 WARN  SELL_SKIP [KRX] 037030 reason=PHANTOM_POSITION phase=NONE qty=58 avgPrice=8433.6207
2026-05-07 14:41:16 WARN  SELL_SKIP [KRX] 037030 reason=PHANTOM_POSITION phase=NONE qty=58 avgPrice=8433.6207
2026-05-07 14:41:21 WARN  SELL_SKIP [KRX] 037030 reason=PHANTOM_POSITION phase=NONE qty=58 avgPrice=8433.6207
2026-05-07 14:41:26 WARN  SELL_SKIP [KRX] 037030 reason=PHANTOM_POSITION phase=NONE qty=58 avgPrice=8433.6207
2026-05-07 14:41:31 WARN  SELL_SKIP [KRX] 037030 reason=PHANTOM_POSITION phase=NONE qty=58 avgPrice=8433.6207
2026-05-07 14:41:37 WARN  SELL_SKIP [KRX] 037030 reason=PHANTOM_POSITION phase=NONE qty=58 avgPrice=8433.6207
2026-05-07 14:41:42 WARN  SELL_SKIP [KRX] 037030 reason=PHANTOM_POSITION phase=NONE qty=58 avgPrice=8433.6207
2026-05-07 14:41:47 WARN  SELL_SKIP [KRX] 037030 reason=PHANTOM_POSITION phase=NONE qty=58 avgPrice=8433.6207
2026-05-07 14:41:52 WARN  SELL_SKIP [KRX] 037030 reason=PHANTOM_POSITION phase=NONE qty=58 avgPrice=8433.6207
2026-05-07 14:41:57 WARN  SELL_SKIP [KRX] 037030 reason=PHANTOM_POSITION phase=NONE qty=58 avgPrice=8433.6207
2026-05-07 14:42:02 WARN  SELL_SKIP [KRX] 037030 reason=PHANTOM_POSITION phase=NONE qty=58 avgPrice=8433.6207
2026-05-07 14:42:07 WARN  SELL_SKIP [KRX] 037030 reason=PHANTOM_POSITION phase=NONE qty=58 avgPrice=8433.6207
2026-05-07 14:42:12 WARN  SELL_SKIP [KRX] 037030 reason=PHANTOM_POSITION phase=NONE qty=58 avgPrice=8433.6207
2026-05-07 14:42:17 WARN  SELL_SKIP [KRX] 037030 reason=PHANTOM_POSITION phase=NONE qty=58 avgPrice=8433.6207
2026-05-07 14:42:22 WARN  SELL_SKIP [KRX] 037030 reason=PHANTOM_POSITION phase=NONE qty=58 avgPrice=8433.6207
2026-05-07 14:42:27 WARN  SELL_SKIP [KRX] 037030 reason=PHANTOM_POSITION phase=NONE qty=58 avgPrice=8433.6207
2026-05-07 14:42:32 WARN  SELL_SKIP [KRX] 037030 reason=PHANTOM_POSITION phase=NONE qty=58 avgPrice=8433.6207
2026-05-07 14:42:38 WARN  SELL_SKIP [KRX] 037030 reason=PHANTOM_POSITION phase=NONE qty=58 avgPrice=8433.6207
2026-05-07 14:42:43 WARN  SELL_SKIP [KRX] 037030 reason=PHANTOM_POSITION phase=NONE qty=58 avgPrice=8433.6207
2026-05-07 14:42:48 WARN  SELL_SKIP [KRX] 037030 reason=PHANTOM_POSITION phase=NONE qty=58 avgPrice=8433.6207
2026-05-07 14:42:53 WARN  SELL_SKIP [KRX] 037030 reason=PHANTOM_POSITION phase=NONE qty=58 avgPrice=8433.6207
2026-05-07 14:42:58 WARN  SELL_SKIP [KRX] 037030 reason=PHANTOM_POSITION phase=NONE qty=58 avgPrice=8433.6207
2026-05-07 14:43:03 WARN  SELL_SKIP [KRX] 037030 reason=PHANTOM_POSITION phase=NONE qty=58 avgPrice=8433.6207
2026-05-07 14:43:08 WARN  SELL_SKIP [KRX] 037030 reason=PHANTOM_POSITION phase=NONE qty=58 avgPrice=8433.6207
2026-05-07 14:43:13 WARN  SELL_SKIP [KRX] 037030 reason=PHANTOM_POSITION phase=NONE qty=58 avgPrice=8433.6207
2026-05-07 14:43:18 WARN  SELL_SKIP [KRX] 037030 reason=PHANTOM_POSITION phase=NONE qty=58 avgPrice=8433.6207
2026-05-07 14:43:23 WARN  SELL_SKIP [KRX] 037030 reason=PHANTOM_POSITION phase=NONE qty=58 avgPrice=8433.6207
2026-05-07 14:43:28 WARN  SELL_SKIP [KRX] 037030 reason=PHANTOM_POSITION phase=NONE qty=58 avgPrice=8433.6207
2026-05-07 14:43:34 WARN  SELL_SKIP [KRX] 037030 reason=PHANTOM_POSITION phase=NONE qty=58 avgPrice=8433.6207
2026-05-07 14:43:39 WARN  SELL_SKIP [KRX] 037030 reason=PHANTOM_POSITION phase=NONE qty=58 avgPrice=8433.6207
2026-05-07 14:43:44 WARN  SELL_SKIP [KRX] 037030 reason=PHANTOM_POSITION phase=NONE qty=58 avgPrice=8433.6207
2026-05-07 14:43:49 WARN  SELL_SKIP [KRX] 037030 reason=PHANTOM_POSITION phase=NONE qty=58 avgPrice=8433.6207
2026-05-07 14:43:54 WARN  SELL_SKIP [KRX] 037030 reason=PHANTOM_POSITION phase=NONE qty=58 avgPrice=8433.6207
2026-05-07 14:44:00 WARN  SELL_SKIP [KRX] 037030 reason=PHANTOM_POSITION phase=NONE qty=58 avgPrice=8433.6207
2026-05-07 14:44:05 WARN  SELL_SKIP [KRX] 037030 reason=PHANTOM_POSITION phase=NONE qty=58 avgPrice=8433.6207
2026-05-07 14:44:10 WARN  SELL_SKIP [KRX] 037030 reason=PHANTOM_POSITION phase=NONE qty=58 avgPrice=8433.6207
2026-05-07 14:44:15 WARN  SELL_SKIP [KRX] 037030 reason=PHANTOM_POSITION phase=NONE qty=58 avgPrice=8433.6207
2026-05-07 14:44:20 WARN  SELL_SKIP [KRX] 037030 reason=PHANTOM_POSITION phase=NONE qty=58 avgPrice=8433.6207
2026-05-07 14:44:25 WARN  SELL_SKIP [KRX] 037030 reason=PHANTOM_POSITION phase=NONE qty=58 avgPrice=8433.6207
2026-05-07 14:44:30 WARN  SELL_SKIP [KRX] 037030 reason=PHANTOM_POSITION phase=NONE qty=58 avgPrice=8433.6207
2026-05-07 14:44:35 WARN  SELL_SKIP [KRX] 037030 reason=PHANTOM_POSITION phase=NONE qty=58 avgPrice=8433.6207
2026-05-07 14:44:40 WARN  SELL_SKIP [KRX] 037030 reason=PHANTOM_POSITION phase=NONE qty=58 avgPrice=8433.6207
2026-05-07 14:44:45 WARN  SELL_SKIP [KRX] 037030 reason=PHANTOM_POSITION phase=NONE qty=58 avgPrice=8433.6207
2026-05-07 14:44:50 WARN  SELL_SKIP [KRX] 037030 reason=PHANTOM_POSITION phase=NONE qty=58 avgPrice=8433.6207
2026-05-07 14:44:55 WARN  SELL_SKIP [KRX] 037030 reason=PHANTOM_POSITION phase=NONE qty=58 avgPrice=8433.6207
2026-05-07 14:45:01 WARN  SELL_SKIP [KRX] 037030 reason=PHANTOM_POSITION phase=NONE qty=58 avgPrice=8433.6207
2026-05-07 14:45:06 WARN  SELL_SKIP [KRX] 037030 reason=PHANTOM_POSITION phase=NONE qty=58 avgPrice=8433.6207
2026-05-07 14:45:11 WARN  SELL_SKIP [KRX] 037030 reason=PHANTOM_POSITION phase=NONE qty=58 avgPrice=8433.6207
2026-05-07 14:45:16 WARN  SELL_SKIP [KRX] 037030 reason=PHANTOM_POSITION phase=NONE qty=58 avgPrice=8433.6207
2026-05-07 14:45:21 WARN  SELL_SKIP [KRX] 037030 reason=PHANTOM_POSITION phase=NONE qty=58 avgPrice=8433.6207
2026-05-07 14:45:26 WARN  SELL_SKIP [KRX] 037030 reason=PHANTOM_POSITION phase=NONE qty=58 avgPrice=8433.6207
2026-05-07 14:45:31 WARN  SELL_SKIP [KRX] 037030 reason=PHANTOM_POSITION phase=NONE qty=58 avgPrice=8433.6207
2026-05-07 14:45:36 WARN  SELL_SKIP [KRX] 037030 reason=PHANTOM_POSITION phase=NONE qty=58 avgPrice=8433.6207
2026-05-07 14:45:43 WARN  SELL_SKIP [KRX] 037030 reason=PHANTOM_POSITION phase=NONE qty=58 avgPrice=8433.6207
2026-05-07 14:45:48 WARN  SELL_SKIP [KRX] 037030 reason=PHANTOM_POSITION phase=NONE qty=58 avgPrice=8433.6207
2026-05-07 14:45:53 WARN  SELL_SKIP [KRX] 037030 reason=PHANTOM_POSITION phase=NONE qty=58 avgPrice=8433.6207
2026-05-07 14:45:58 WARN  SELL_SKIP [KRX] 037030 reason=PHANTOM_POSITION phase=NONE qty=58 avgPrice=8433.6207
2026-05-07 14:46:03 WARN  SELL_SKIP [KRX] 037030 reason=PHANTOM_POSITION phase=NONE qty=58 avgPrice=8433.6207
2026-05-07 14:46:08 WARN  SELL_SKIP [KRX] 037030 reason=PHANTOM_POSITION phase=NONE qty=58 avgPrice=8433.6207
2026-05-07 14:46:13 WARN  SELL_SKIP [KRX] 037030 reason=PHANTOM_POSITION phase=NONE qty=58 avgPrice=8433.6207
2026-05-07 14:46:18 WARN  SELL_SKIP [KRX] 037030 reason=PHANTOM_POSITION phase=NONE qty=58 avgPrice=8433.6207
2026-05-07 14:46:23 WARN  SELL_SKIP [KRX] 037030 reason=PHANTOM_POSITION phase=NONE qty=58 avgPrice=8433.6207
2026-05-07 14:46:28 WARN  SELL_SKIP [KRX] 037030 reason=PHANTOM_POSITION phase=NONE qty=58 avgPrice=8433.6207
2026-05-07 14:46:33 WARN  SELL_SKIP [KRX] 037030 reason=PHANTOM_POSITION phase=NONE qty=58 avgPrice=8433.6207
2026-05-07 14:46:38 WARN  SELL_SKIP [KRX] 037030 reason=PHANTOM_POSITION phase=NONE qty=58 avgPrice=8433.6207
2026-05-07 14:46:43 WARN  SELL_SKIP [KRX] 037030 reason=PHANTOM_POSITION phase=NONE qty=58 avgPrice=8433.6207
2026-05-07 14:46:48 WARN  SELL_SKIP [KRX] 037030 reason=PHANTOM_POSITION phase=NONE qty=58 avgPrice=8433.6207
2026-05-07 14:46:53 WARN  SELL_SKIP [KRX] 037030 reason=PHANTOM_POSITION phase=NONE qty=58 avgPrice=8433.6207
2026-05-07 14:46:58 WARN  SELL_SKIP [KRX] 037030 reason=PHANTOM_POSITION phase=NONE qty=58 avgPrice=8433.6207
2026-05-07 14:47:04 WARN  SELL_SKIP [KRX] 037030 reason=PHANTOM_POSITION phase=NONE qty=58 avgPrice=8433.6207
2026-05-07 14:47:09 WARN  SELL_SKIP [KRX] 037030 reason=PHANTOM_POSITION phase=NONE qty=58 avgPrice=8433.6207
2026-05-07 14:47:14 WARN  SELL_SKIP [KRX] 037030 reason=PHANTOM_POSITION phase=NONE qty=58 avgPrice=8433.6207
2026-05-07 14:47:19 WARN  SELL_SKIP [KRX] 037030 reason=PHANTOM_POSITION phase=NONE qty=58 avgPrice=8433.6207
2026-05-07 14:47:24 WARN  SELL_SKIP [KRX] 037030 reason=PHANTOM_POSITION phase=NONE qty=58 avgPrice=8433.6207
2026-05-07 14:47:29 WARN  SELL_SKIP [KRX] 037030 reason=PHANTOM_POSITION phase=NONE qty=58 avgPrice=8433.6207
2026-05-07 14:47:34 WARN  SELL_SKIP [KRX] 037030 reason=PHANTOM_POSITION phase=NONE qty=58 avgPrice=8433.6207
2026-05-07 14:47:39 WARN  SELL_SKIP [KRX] 037030 reason=PHANTOM_POSITION phase=NONE qty=58 avgPrice=8433.6207
2026-05-07 14:47:44 WARN  SELL_SKIP [KRX] 037030 reason=PHANTOM_POSITION phase=NONE qty=58 avgPrice=8433.6207
2026-05-07 14:47:49 WARN  SELL_SKIP [KRX] 037030 reason=PHANTOM_POSITION phase=NONE qty=58 avgPrice=8433.6207
2026-05-07 14:47:54 WARN  SELL_SKIP [KRX] 037030 reason=PHANTOM_POSITION phase=NONE qty=58 avgPrice=8433.6207
2026-05-07 14:47:59 WARN  SELL_SKIP [KRX] 037030 reason=PHANTOM_POSITION phase=NONE qty=58 avgPrice=8433.6207
2026-05-07 14:48:04 WARN  SELL_SKIP [KRX] 037030 reason=PHANTOM_POSITION phase=NONE qty=58 avgPrice=8433.6207
2026-05-07 14:48:09 WARN  SELL_SKIP [KRX] 037030 reason=PHANTOM_POSITION phase=NONE qty=58 avgPrice=8433.6207
2026-05-07 14:48:14 WARN  SELL_SKIP [KRX] 037030 reason=PHANTOM_POSITION phase=NONE qty=58 avgPrice=8433.6207
2026-05-07 14:48:19 WARN  SELL_SKIP [KRX] 037030 reason=PHANTOM_POSITION phase=NONE qty=58 avgPrice=8433.6207
2026-05-07 14:48:24 WARN  SELL_SKIP [KRX] 037030 reason=PHANTOM_POSITION phase=NONE qty=58 avgPrice=8433.6207
2026-05-07 14:48:29 WARN  SELL_SKIP [KRX] 037030 reason=PHANTOM_POSITION phase=NONE qty=58 avgPrice=8433.6207
2026-05-07 14:48:34 WARN  SELL_SKIP [KRX] 037030 reason=PHANTOM_POSITION phase=NONE qty=58 avgPrice=8433.6207
2026-05-07 14:48:39 WARN  SELL_SKIP [KRX] 037030 reason=PHANTOM_POSITION phase=NONE qty=58 avgPrice=8433.6207
2026-05-07 14:48:44 WARN  SELL_SKIP [KRX] 037030 reason=PHANTOM_POSITION phase=NONE qty=58 avgPrice=8433.6207
2026-05-07 14:48:49 WARN  SELL_SKIP [KRX] 037030 reason=PHANTOM_POSITION phase=NONE qty=58 avgPrice=8433.6207
2026-05-07 14:48:54 WARN  SELL_SKIP [KRX] 037030 reason=PHANTOM_POSITION phase=NONE qty=58 avgPrice=8433.6207
2026-05-07 14:48:59 WARN  SELL_SKIP [KRX] 037030 reason=PHANTOM_POSITION phase=NONE qty=58 avgPrice=8433.6207
2026-05-07 14:49:04 WARN  SELL_SKIP [KRX] 037030 reason=PHANTOM_POSITION phase=NONE qty=58 avgPrice=8433.6207
2026-05-07 14:49:09 WARN  SELL_SKIP [KRX] 037030 reason=PHANTOM_POSITION phase=NONE qty=58 avgPrice=8433.6207
2026-05-07 14:49:14 WARN  SELL_SKIP [KRX] 037030 reason=PHANTOM_POSITION phase=NONE qty=58 avgPrice=8433.6207
2026-05-07 14:49:19 WARN  SELL_SKIP [KRX] 037030 reason=PHANTOM_POSITION phase=NONE qty=58 avgPrice=8433.6207
2026-05-07 14:49:25 WARN  SELL_SKIP [KRX] 037030 reason=PHANTOM_POSITION phase=NONE qty=58 avgPrice=8433.6207
2026-05-07 14:49:30 WARN  SELL_SKIP [KRX] 037030 reason=PHANTOM_POSITION phase=NONE qty=58 avgPrice=8433.6207
2026-05-07 14:49:35 WARN  SELL_SKIP [KRX] 037030 reason=PHANTOM_POSITION phase=NONE qty=58 avgPrice=8433.6207
2026-05-07 14:49:40 WARN  SELL_SKIP [KRX] 037030 reason=PHANTOM_POSITION phase=NONE qty=58 avgPrice=8433.6207
2026-05-07 14:49:45 WARN  SELL_SKIP [KRX] 037030 reason=PHANTOM_POSITION phase=NONE qty=58 avgPrice=8433.6207
2026-05-07 14:49:50 WARN  SELL_SKIP [KRX] 037030 reason=PHANTOM_POSITION phase=NONE qty=58 avgPrice=8433.6207
2026-05-07 14:49:55 WARN  SELL_SKIP [KRX] 037030 reason=PHANTOM_POSITION phase=NONE qty=58 avgPrice=8433.6207
2026-05-07 14:50:00 WARN  SELL_SKIP [KRX] 037030 reason=PHANTOM_POSITION phase=NONE qty=58 avgPrice=8433.6207
2026-05-07 14:50:05 WARN  SELL_SKIP [KRX] 037030 reason=PHANTOM_POSITION phase=NONE qty=58 avgPrice=8433.6207
2026-05-07 14:50:10 WARN  SELL_SKIP [KRX] 037030 reason=PHANTOM_POSITION phase=NONE qty=58 avgPrice=8433.6207
2026-05-07 14:50:15 WARN  SELL_SKIP [KRX] 037030 reason=PHANTOM_POSITION phase=NONE qty=58 avgPrice=8433.6207
2026-05-07 14:50:20 WARN  SELL_SKIP [KRX] 037030 reason=PHANTOM_POSITION phase=NONE qty=58 avgPrice=8433.6207
2026-05-07 14:50:26 WARN  SELL_SKIP [KRX] 037030 reason=PHANTOM_POSITION phase=NONE qty=58 avgPrice=8433.6207
2026-05-07 14:50:31 WARN  SELL_SKIP [KRX] 037030 reason=PHANTOM_POSITION phase=NONE qty=58 avgPrice=8433.6207
2026-05-07 14:50:36 WARN  SELL_SKIP [KRX] 037030 reason=PHANTOM_POSITION phase=NONE qty=58 avgPrice=8433.6207
2026-05-07 14:50:41 WARN  SELL_SKIP [KRX] 037030 reason=PHANTOM_POSITION phase=NONE qty=58 avgPrice=8433.6207
2026-05-07 14:50:46 WARN  SELL_SKIP [KRX] 037030 reason=PHANTOM_POSITION phase=NONE qty=58 avgPrice=8433.6207
2026-05-07 14:50:51 WARN  SELL_SKIP [KRX] 037030 reason=PHANTOM_POSITION phase=NONE qty=58 avgPrice=8433.6207
2026-05-07 14:50:56 WARN  SELL_SKIP [KRX] 037030 reason=PHANTOM_POSITION phase=NONE qty=58 avgPrice=8433.6207
2026-05-07 14:51:01 WARN  SELL_SKIP [KRX] 037030 reason=PHANTOM_POSITION phase=NONE qty=58 avgPrice=8433.6207
2026-05-07 14:51:06 WARN  SELL_SKIP [KRX] 037030 reason=PHANTOM_POSITION phase=NONE qty=58 avgPrice=8433.6207
2026-05-07 14:51:11 WARN  SELL_SKIP [KRX] 037030 reason=PHANTOM_POSITION phase=NONE qty=58 avgPrice=8433.6207
2026-05-07 14:51:16 WARN  SELL_SKIP [KRX] 037030 reason=PHANTOM_POSITION phase=NONE qty=58 avgPrice=8433.6207
2026-05-07 14:51:21 WARN  SELL_SKIP [KRX] 037030 reason=PHANTOM_POSITION phase=NONE qty=58 avgPrice=8433.6207
2026-05-07 14:51:27 WARN  SELL_SKIP [KRX] 037030 reason=PHANTOM_POSITION phase=NONE qty=58 avgPrice=8433.6207
2026-05-07 14:51:32 WARN  SELL_SKIP [KRX] 037030 reason=PHANTOM_POSITION phase=NONE qty=58 avgPrice=8433.6207
2026-05-07 14:51:37 WARN  SELL_SKIP [KRX] 037030 reason=PHANTOM_POSITION phase=NONE qty=58 avgPrice=8433.6207
2026-05-07 14:51:42 WARN  SELL_SKIP [KRX] 037030 reason=PHANTOM_POSITION phase=NONE qty=58 avgPrice=8433.6207
2026-05-07 14:51:47 WARN  SELL_SKIP [KRX] 037030 reason=PHANTOM_POSITION phase=NONE qty=58 avgPrice=8433.6207
2026-05-07 14:51:52 WARN  SELL_SKIP [KRX] 037030 reason=PHANTOM_POSITION phase=NONE qty=58 avgPrice=8433.6207
2026-05-07 14:51:57 WARN  SELL_SKIP [KRX] 037030 reason=PHANTOM_POSITION phase=NONE qty=58 avgPrice=8433.6207
2026-05-07 14:52:02 WARN  SELL_SKIP [KRX] 037030 reason=PHANTOM_POSITION phase=NONE qty=58 avgPrice=8433.6207
2026-05-07 14:52:07 WARN  SELL_SKIP [KRX] 037030 reason=PHANTOM_POSITION phase=NONE qty=58 avgPrice=8433.6207
2026-05-07 14:52:12 WARN  SELL_SKIP [KRX] 037030 reason=PHANTOM_POSITION phase=NONE qty=58 avgPrice=8433.6207
2026-05-07 14:52:17 WARN  SELL_SKIP [KRX] 037030 reason=PHANTOM_POSITION phase=NONE qty=58 avgPrice=8433.6207
2026-05-07 14:52:22 WARN  SELL_SKIP [KRX] 037030 reason=PHANTOM_POSITION phase=NONE qty=58 avgPrice=8433.6207
2026-05-07 14:52:28 WARN  SELL_SKIP [KRX] 037030 reason=PHANTOM_POSITION phase=NONE qty=58 avgPrice=8433.6207
2026-05-07 14:52:33 WARN  SELL_SKIP [KRX] 037030 reason=PHANTOM_POSITION phase=NONE qty=58 avgPrice=8433.6207
2026-05-07 14:52:38 WARN  SELL_SKIP [KRX] 037030 reason=PHANTOM_POSITION phase=NONE qty=58 avgPrice=8433.6207
2026-05-07 14:52:43 WARN  SELL_SKIP [KRX] 037030 reason=PHANTOM_POSITION phase=NONE qty=58 avgPrice=8433.6207
2026-05-07 14:52:48 WARN  SELL_SKIP [KRX] 037030 reason=PHANTOM_POSITION phase=NONE qty=58 avgPrice=8433.6207
2026-05-07 14:52:53 WARN  SELL_SKIP [KRX] 037030 reason=PHANTOM_POSITION phase=NONE qty=58 avgPrice=8433.6207
2026-05-07 14:52:58 WARN  SELL_SKIP [KRX] 037030 reason=PHANTOM_POSITION phase=NONE qty=58 avgPrice=8433.6207
2026-05-07 14:53:03 WARN  SELL_SKIP [KRX] 037030 reason=PHANTOM_POSITION phase=NONE qty=58 avgPrice=8433.6207
2026-05-07 14:53:08 WARN  SELL_SKIP [KRX] 037030 reason=PHANTOM_POSITION phase=NONE qty=58 avgPrice=8433.6207
2026-05-07 14:53:13 WARN  SELL_SKIP [KRX] 037030 reason=PHANTOM_POSITION phase=NONE qty=58 avgPrice=8433.6207
2026-05-07 14:53:18 WARN  SELL_SKIP [KRX] 037030 reason=PHANTOM_POSITION phase=NONE qty=58 avgPrice=8433.6207
2026-05-07 14:53:24 WARN  SELL_SKIP [KRX] 037030 reason=PHANTOM_POSITION phase=NONE qty=58 avgPrice=8433.6207
2026-05-07 14:53:29 WARN  SELL_SKIP [KRX] 037030 reason=PHANTOM_POSITION phase=NONE qty=58 avgPrice=8433.6207
2026-05-07 14:53:34 WARN  SELL_SKIP [KRX] 037030 reason=PHANTOM_POSITION phase=NONE qty=58 avgPrice=8433.6207
2026-05-07 14:53:39 WARN  SELL_SKIP [KRX] 037030 reason=PHANTOM_POSITION phase=NONE qty=58 avgPrice=8433.6207
2026-05-07 14:53:44 WARN  SELL_SKIP [KRX] 037030 reason=PHANTOM_POSITION phase=NONE qty=58 avgPrice=8433.6207
2026-05-07 14:53:49 WARN  SELL_SKIP [KRX] 037030 reason=PHANTOM_POSITION phase=NONE qty=58 avgPrice=8433.6207
2026-05-07 14:53:54 WARN  SELL_SKIP [KRX] 037030 reason=PHANTOM_POSITION phase=NONE qty=58 avgPrice=8433.6207
2026-05-07 14:53:59 WARN  SELL_SKIP [KRX] 037030 reason=PHANTOM_POSITION phase=NONE qty=58 avgPrice=8433.6207
2026-05-07 14:54:04 WARN  SELL_SKIP [KRX] 037030 reason=PHANTOM_POSITION phase=NONE qty=58 avgPrice=8433.6207
2026-05-07 14:54:09 WARN  SELL_SKIP [KRX] 037030 reason=PHANTOM_POSITION phase=NONE qty=58 avgPrice=8433.6207
2026-05-07 14:54:14 WARN  SELL_SKIP [KRX] 037030 reason=PHANTOM_POSITION phase=NONE qty=58 avgPrice=8433.6207
2026-05-07 14:54:20 WARN  SELL_SKIP [KRX] 037030 reason=PHANTOM_POSITION phase=NONE qty=58 avgPrice=8433.6207
2026-05-07 14:54:25 WARN  SELL_SKIP [KRX] 037030 reason=PHANTOM_POSITION phase=NONE qty=58 avgPrice=8433.6207
2026-05-07 14:54:30 WARN  SELL_SKIP [KRX] 037030 reason=PHANTOM_POSITION phase=NONE qty=58 avgPrice=8433.6207
2026-05-07 14:54:35 WARN  SELL_SKIP [KRX] 037030 reason=PHANTOM_POSITION phase=NONE qty=58 avgPrice=8433.6207
2026-05-07 14:54:40 WARN  SELL_SKIP [KRX] 037030 reason=PHANTOM_POSITION phase=NONE qty=58 avgPrice=8433.6207
2026-05-07 14:54:45 WARN  SELL_SKIP [KRX] 037030 reason=PHANTOM_POSITION phase=NONE qty=58 avgPrice=8433.6207
2026-05-07 14:54:50 WARN  SELL_SKIP [KRX] 037030 reason=PHANTOM_POSITION phase=NONE qty=58 avgPrice=8433.6207
2026-05-07 14:54:55 WARN  SELL_SKIP [KRX] 037030 reason=PHANTOM_POSITION phase=NONE qty=58 avgPrice=8433.6207
2026-05-07 14:55:00 WARN  SELL_SKIP [KRX] 037030 reason=PHANTOM_POSITION phase=NONE qty=58 avgPrice=8433.6207
2026-05-07 14:55:05 WARN  SELL_SKIP [KRX] 037030 reason=PHANTOM_POSITION phase=NONE qty=58 avgPrice=8433.6207
2026-05-07 14:55:10 WARN  SELL_SKIP [KRX] 037030 reason=PHANTOM_POSITION phase=NONE qty=58 avgPrice=8433.6207
2026-05-07 14:55:15 WARN  SELL_SKIP [KRX] 037030 reason=PHANTOM_POSITION phase=NONE qty=58 avgPrice=8433.6207
2026-05-07 14:55:21 WARN  SELL_SKIP [KRX] 037030 reason=PHANTOM_POSITION phase=NONE qty=58 avgPrice=8433.6207
2026-05-07 14:55:26 WARN  SELL_SKIP [KRX] 037030 reason=PHANTOM_POSITION phase=NONE qty=58 avgPrice=8433.6207
2026-05-07 14:55:31 WARN  SELL_SKIP [KRX] 037030 reason=PHANTOM_POSITION phase=NONE qty=58 avgPrice=8433.6207
2026-05-07 14:55:36 WARN  SELL_SKIP [KRX] 037030 reason=PHANTOM_POSITION phase=NONE qty=58 avgPrice=8433.6207
2026-05-07 14:55:41 WARN  SELL_SKIP [KRX] 037030 reason=PHANTOM_POSITION phase=NONE qty=58 avgPrice=8433.6207
2026-05-07 14:55:46 WARN  SELL_SKIP [KRX] 037030 reason=PHANTOM_POSITION phase=NONE qty=58 avgPrice=8433.6207
2026-05-07 14:55:51 WARN  SELL_SKIP [KRX] 037030 reason=PHANTOM_POSITION phase=NONE qty=58 avgPrice=8433.6207
2026-05-07 14:55:56 WARN  SELL_SKIP [KRX] 037030 reason=PHANTOM_POSITION phase=NONE qty=58 avgPrice=8433.6207
2026-05-07 14:56:01 WARN  SELL_SKIP [KRX] 037030 reason=PHANTOM_POSITION phase=NONE qty=58 avgPrice=8433.6207
2026-05-07 14:56:06 WARN  SELL_SKIP [KRX] 037030 reason=PHANTOM_POSITION phase=NONE qty=58 avgPrice=8433.6207
2026-05-07 14:56:11 WARN  SELL_SKIP [KRX] 037030 reason=PHANTOM_POSITION phase=NONE qty=58 avgPrice=8433.6207
2026-05-07 14:56:17 WARN  SELL_SKIP [KRX] 037030 reason=PHANTOM_POSITION phase=NONE qty=58 avgPrice=8433.6207
2026-05-07 14:56:22 WARN  SELL_SKIP [KRX] 037030 reason=PHANTOM_POSITION phase=NONE qty=58 avgPrice=8433.6207
2026-05-07 14:56:27 WARN  SELL_SKIP [KRX] 037030 reason=PHANTOM_POSITION phase=NONE qty=58 avgPrice=8433.6207
2026-05-07 14:56:32 WARN  SELL_SKIP [KRX] 037030 reason=PHANTOM_POSITION phase=NONE qty=58 avgPrice=8433.6207
2026-05-07 14:56:37 WARN  SELL_SKIP [KRX] 037030 reason=PHANTOM_POSITION phase=NONE qty=58 avgPrice=8433.6207
2026-05-07 14:56:42 WARN  SELL_SKIP [KRX] 037030 reason=PHANTOM_POSITION phase=NONE qty=58 avgPrice=8433.6207
2026-05-07 14:56:47 WARN  SELL_SKIP [KRX] 037030 reason=PHANTOM_POSITION phase=NONE qty=58 avgPrice=8433.6207
2026-05-07 14:56:52 WARN  SELL_SKIP [KRX] 037030 reason=PHANTOM_POSITION phase=NONE qty=58 avgPrice=8433.6207
2026-05-07 14:56:57 WARN  SELL_SKIP [KRX] 037030 reason=PHANTOM_POSITION phase=NONE qty=58 avgPrice=8433.6207
2026-05-07 14:57:02 WARN  SELL_SKIP [KRX] 037030 reason=PHANTOM_POSITION phase=NONE qty=58 avgPrice=8433.6207
2026-05-07 14:57:07 WARN  SELL_SKIP [KRX] 037030 reason=PHANTOM_POSITION phase=NONE qty=58 avgPrice=8433.6207
2026-05-07 14:57:13 WARN  SELL_SKIP [KRX] 037030 reason=PHANTOM_POSITION phase=NONE qty=58 avgPrice=8433.6207
2026-05-07 14:57:18 WARN  SELL_SKIP [KRX] 037030 reason=PHANTOM_POSITION phase=NONE qty=58 avgPrice=8433.6207
2026-05-07 14:57:23 WARN  SELL_SKIP [KRX] 037030 reason=PHANTOM_POSITION phase=NONE qty=58 avgPrice=8433.6207
2026-05-07 14:57:28 WARN  SELL_SKIP [KRX] 037030 reason=PHANTOM_POSITION phase=NONE qty=58 avgPrice=8433.6207
2026-05-07 14:57:33 WARN  SELL_SKIP [KRX] 037030 reason=PHANTOM_POSITION phase=NONE qty=58 avgPrice=8433.6207
2026-05-07 14:57:38 WARN  SELL_SKIP [KRX] 037030 reason=PHANTOM_POSITION phase=NONE qty=58 avgPrice=8433.6207
2026-05-07 14:57:43 WARN  SELL_SKIP [KRX] 037030 reason=PHANTOM_POSITION phase=NONE qty=58 avgPrice=8433.6207
2026-05-07 14:57:48 WARN  SELL_SKIP [KRX] 037030 reason=PHANTOM_POSITION phase=NONE qty=58 avgPrice=8433.6207
2026-05-07 14:57:53 WARN  SELL_SKIP [KRX] 037030 reason=PHANTOM_POSITION phase=NONE qty=58 avgPrice=8433.6207
2026-05-07 14:57:58 WARN  SELL_SKIP [KRX] 037030 reason=PHANTOM_POSITION phase=NONE qty=58 avgPrice=8433.6207
2026-05-07 14:58:03 WARN  SELL_SKIP [KRX] 037030 reason=PHANTOM_POSITION phase=NONE qty=58 avgPrice=8433.6207
2026-05-07 14:58:09 WARN  SELL_SKIP [KRX] 037030 reason=PHANTOM_POSITION phase=NONE qty=58 avgPrice=8433.6207
2026-05-07 14:58:14 WARN  SELL_SKIP [KRX] 037030 reason=PHANTOM_POSITION phase=NONE qty=58 avgPrice=8433.6207
2026-05-07 14:58:19 WARN  SELL_SKIP [KRX] 037030 reason=PHANTOM_POSITION phase=NONE qty=58 avgPrice=8433.6207
2026-05-07 14:58:24 WARN  SELL_SKIP [KRX] 037030 reason=PHANTOM_POSITION phase=NONE qty=58 avgPrice=8433.6207
2026-05-07 14:58:29 WARN  SELL_SKIP [KRX] 037030 reason=PHANTOM_POSITION phase=NONE qty=58 avgPrice=8433.6207
2026-05-07 14:58:34 WARN  SELL_SKIP [KRX] 037030 reason=PHANTOM_POSITION phase=NONE qty=58 avgPrice=8433.6207
2026-05-07 14:58:39 WARN  SELL_SKIP [KRX] 037030 reason=PHANTOM_POSITION phase=NONE qty=58 avgPrice=8433.6207
2026-05-07 14:58:44 WARN  SELL_SKIP [KRX] 037030 reason=PHANTOM_POSITION phase=NONE qty=58 avgPrice=8433.6207
2026-05-07 14:58:49 WARN  SELL_SKIP [KRX] 037030 reason=PHANTOM_POSITION phase=NONE qty=58 avgPrice=8433.6207
2026-05-07 14:58:54 WARN  SELL_SKIP [KRX] 037030 reason=PHANTOM_POSITION phase=NONE qty=58 avgPrice=8433.6207
2026-05-07 14:58:59 WARN  SELL_SKIP [KRX] 037030 reason=PHANTOM_POSITION phase=NONE qty=58 avgPrice=8433.6207
2026-05-07 14:59:04 WARN  SELL_SKIP [KRX] 037030 reason=PHANTOM_POSITION phase=NONE qty=58 avgPrice=8433.6207
2026-05-07 14:59:10 WARN  SELL_SKIP [KRX] 037030 reason=PHANTOM_POSITION phase=NONE qty=58 avgPrice=8433.6207
2026-05-07 14:59:15 WARN  SELL_SKIP [KRX] 037030 reason=PHANTOM_POSITION phase=NONE qty=58 avgPrice=8433.6207
2026-05-07 14:59:20 WARN  SELL_SKIP [KRX] 037030 reason=PHANTOM_POSITION phase=NONE qty=58 avgPrice=8433.6207
2026-05-07 14:59:25 WARN  SELL_SKIP [KRX] 037030 reason=PHANTOM_POSITION phase=NONE qty=58 avgPrice=8433.6207
2026-05-07 14:59:30 WARN  SELL_SKIP [KRX] 037030 reason=PHANTOM_POSITION phase=NONE qty=58 avgPrice=8433.6207
2026-05-07 14:59:35 WARN  SELL_SKIP [KRX] 037030 reason=PHANTOM_POSITION phase=NONE qty=58 avgPrice=8433.6207
2026-05-07 14:59:40 WARN  SELL_SKIP [KRX] 037030 reason=PHANTOM_POSITION phase=NONE qty=58 avgPrice=8433.6207
2026-05-07 14:59:45 WARN  SELL_SKIP [KRX] 037030 reason=PHANTOM_POSITION phase=NONE qty=58 avgPrice=8433.6207
2026-05-07 14:59:50 WARN  SELL_SKIP [KRX] 037030 reason=PHANTOM_POSITION phase=NONE qty=58 avgPrice=8433.6207
2026-05-07 14:59:55 WARN  SELL_SKIP [KRX] 037030 reason=PHANTOM_POSITION phase=NONE qty=58 avgPrice=8433.6207
2026-05-07 15:00:02 WARN  SELL_SKIP [KRX] 037030 reason=PHANTOM_POSITION phase=NONE qty=58 avgPrice=8433.6207
2026-05-07 15:00:08 WARN  SELL_SKIP [KRX] 037030 reason=PHANTOM_POSITION phase=NONE qty=58 avgPrice=8433.6207
2026-05-07 15:00:13 WARN  SELL_SKIP [KRX] 037030 reason=PHANTOM_POSITION phase=NONE qty=58 avgPrice=8433.6207
2026-05-07 15:00:18 WARN  SELL_SKIP [KRX] 037030 reason=PHANTOM_POSITION phase=NONE qty=58 avgPrice=8433.6207
2026-05-07 15:00:23 WARN  SELL_SKIP [KRX] 037030 reason=PHANTOM_POSITION phase=NONE qty=58 avgPrice=8433.6207
2026-05-07 15:00:28 WARN  SELL_SKIP [KRX] 037030 reason=PHANTOM_POSITION phase=NONE qty=58 avgPrice=8433.6207
2026-05-07 15:00:33 WARN  SELL_SKIP [KRX] 037030 reason=PHANTOM_POSITION phase=NONE qty=58 avgPrice=8433.6207
2026-05-07 15:00:38 WARN  SELL_SKIP [KRX] 037030 reason=PHANTOM_POSITION phase=NONE qty=58 avgPrice=8433.6207
2026-05-07 15:00:43 WARN  SELL_SKIP [KRX] 037030 reason=PHANTOM_POSITION phase=NONE qty=58 avgPrice=8433.6207
2026-05-07 15:00:48 WARN  SELL_SKIP [KRX] 037030 reason=PHANTOM_POSITION phase=NONE qty=58 avgPrice=8433.6207
2026-05-07 15:00:53 WARN  SELL_SKIP [KRX] 037030 reason=PHANTOM_POSITION phase=NONE qty=58 avgPrice=8433.6207
2026-05-07 15:00:58 WARN  SELL_SKIP [KRX] 037030 reason=PHANTOM_POSITION phase=NONE qty=58 avgPrice=8433.6207
2026-05-07 15:01:03 WARN  SELL_SKIP [KRX] 037030 reason=PHANTOM_POSITION phase=NONE qty=58 avgPrice=8433.6207
2026-05-07 15:01:08 WARN  SELL_SKIP [KRX] 037030 reason=PHANTOM_POSITION phase=NONE qty=58 avgPrice=8433.6207
2026-05-07 15:01:13 WARN  SELL_SKIP [KRX] 037030 reason=PHANTOM_POSITION phase=NONE qty=58 avgPrice=8433.6207
2026-05-07 15:01:18 WARN  SELL_SKIP [KRX] 037030 reason=PHANTOM_POSITION phase=NONE qty=58 avgPrice=8433.6207
2026-05-07 15:01:23 WARN  SELL_SKIP [KRX] 037030 reason=PHANTOM_POSITION phase=NONE qty=58 avgPrice=8433.6207
2026-05-07 15:01:28 WARN  SELL_SKIP [KRX] 037030 reason=PHANTOM_POSITION phase=NONE qty=58 avgPrice=8433.6207
2026-05-07 15:01:33 WARN  SELL_SKIP [KRX] 037030 reason=PHANTOM_POSITION phase=NONE qty=58 avgPrice=8433.6207
2026-05-07 15:01:38 WARN  SELL_SKIP [KRX] 037030 reason=PHANTOM_POSITION phase=NONE qty=58 avgPrice=8433.6207
2026-05-07 15:01:43 WARN  SELL_SKIP [KRX] 037030 reason=PHANTOM_POSITION phase=NONE qty=58 avgPrice=8433.6207
2026-05-07 15:01:48 WARN  SELL_SKIP [KRX] 037030 reason=PHANTOM_POSITION phase=NONE qty=58 avgPrice=8433.6207
2026-05-07 15:01:53 WARN  SELL_SKIP [KRX] 037030 reason=PHANTOM_POSITION phase=NONE qty=58 avgPrice=8433.6207
2026-05-07 15:01:58 WARN  SELL_SKIP [KRX] 037030 reason=PHANTOM_POSITION phase=NONE qty=58 avgPrice=8433.6207
2026-05-07 15:02:03 WARN  SELL_SKIP [KRX] 037030 reason=PHANTOM_POSITION phase=NONE qty=58 avgPrice=8433.6207
2026-05-07 15:02:08 WARN  SELL_SKIP [KRX] 037030 reason=PHANTOM_POSITION phase=NONE qty=58 avgPrice=8433.6207
2026-05-07 15:02:13 WARN  SELL_SKIP [KRX] 037030 reason=PHANTOM_POSITION phase=NONE qty=58 avgPrice=8433.6207
2026-05-07 15:02:18 WARN  SELL_SKIP [KRX] 037030 reason=PHANTOM_POSITION phase=NONE qty=58 avgPrice=8433.6207
2026-05-07 15:02:23 WARN  SELL_SKIP [KRX] 037030 reason=PHANTOM_POSITION phase=NONE qty=58 avgPrice=8433.6207
2026-05-07 15:02:29 WARN  SELL_SKIP [KRX] 037030 reason=PHANTOM_POSITION phase=NONE qty=58 avgPrice=8433.6207
2026-05-07 15:02:34 WARN  SELL_SKIP [KRX] 037030 reason=PHANTOM_POSITION phase=NONE qty=58 avgPrice=8433.6207
2026-05-07 15:02:39 WARN  SELL_SKIP [KRX] 037030 reason=PHANTOM_POSITION phase=NONE qty=58 avgPrice=8433.6207
2026-05-07 15:02:49 WARN  SELL_SKIP [KRX] 037030 reason=PHANTOM_POSITION phase=NONE qty=58 avgPrice=8433.6207
2026-05-07 15:02:54 WARN  SELL_SKIP [KRX] 037030 reason=PHANTOM_POSITION phase=NONE qty=58 avgPrice=8433.6207
2026-05-07 15:02:59 WARN  SELL_SKIP [KRX] 037030 reason=PHANTOM_POSITION phase=NONE qty=58 avgPrice=8433.6207
2026-05-07 15:03:04 WARN  SELL_SKIP [KRX] 037030 reason=PHANTOM_POSITION phase=NONE qty=58 avgPrice=8433.6207
2026-05-07 15:03:09 WARN  SELL_SKIP [KRX] 037030 reason=PHANTOM_POSITION phase=NONE qty=58 avgPrice=8433.6207
2026-05-07 15:03:14 WARN  SELL_SKIP [KRX] 037030 reason=PHANTOM_POSITION phase=NONE qty=58 avgPrice=8433.6207
2026-05-07 15:03:19 WARN  SELL_SKIP [KRX] 037030 reason=PHANTOM_POSITION phase=NONE qty=58 avgPrice=8433.6207
2026-05-07 15:03:25 WARN  SELL_SKIP [KRX] 037030 reason=PHANTOM_POSITION phase=NONE qty=58 avgPrice=8433.6207
2026-05-07 15:03:30 WARN  SELL_SKIP [KRX] 037030 reason=PHANTOM_POSITION phase=NONE qty=58 avgPrice=8433.6207
2026-05-07 15:03:35 WARN  SELL_SKIP [KRX] 037030 reason=PHANTOM_POSITION phase=NONE qty=58 avgPrice=8433.6207
2026-05-07 15:03:40 WARN  SELL_SKIP [KRX] 037030 reason=PHANTOM_POSITION phase=NONE qty=58 avgPrice=8433.6207
2026-05-07 15:03:45 WARN  SELL_SKIP [KRX] 037030 reason=PHANTOM_POSITION phase=NONE qty=58 avgPrice=8433.6207
2026-05-07 15:03:50 WARN  SELL_SKIP [KRX] 037030 reason=PHANTOM_POSITION phase=NONE qty=58 avgPrice=8433.6207
2026-05-07 15:03:55 WARN  SELL_SKIP [KRX] 037030 reason=PHANTOM_POSITION phase=NONE qty=58 avgPrice=8433.6207
2026-05-07 15:04:00 WARN  SELL_SKIP [KRX] 037030 reason=PHANTOM_POSITION phase=NONE qty=58 avgPrice=8433.6207
2026-05-07 15:04:05 WARN  SELL_SKIP [KRX] 037030 reason=PHANTOM_POSITION phase=NONE qty=58 avgPrice=8433.6207
2026-05-07 15:04:10 WARN  SELL_SKIP [KRX] 037030 reason=PHANTOM_POSITION phase=NONE qty=58 avgPrice=8433.6207
2026-05-07 15:04:21 WARN  SELL_SKIP [KRX] 037030 reason=PHANTOM_POSITION phase=NONE qty=58 avgPrice=8433.6207
2026-05-07 15:04:26 WARN  SELL_SKIP [KRX] 037030 reason=PHANTOM_POSITION phase=NONE qty=58 avgPrice=8433.6207
2026-05-07 15:04:36 WARN  SELL_SKIP [KRX] 037030 reason=PHANTOM_POSITION phase=NONE qty=58 avgPrice=8433.6207
2026-05-07 15:04:41 WARN  SELL_SKIP [KRX] 037030 reason=PHANTOM_POSITION phase=NONE qty=58 avgPrice=8433.6207
2026-05-07 15:04:46 WARN  SELL_SKIP [KRX] 037030 reason=PHANTOM_POSITION phase=NONE qty=58 avgPrice=8433.6207
2026-05-07 15:04:51 WARN  SELL_SKIP [KRX] 037030 reason=PHANTOM_POSITION phase=NONE qty=58 avgPrice=8433.6207
2026-05-07 15:04:56 WARN  SELL_SKIP [KRX] 037030 reason=PHANTOM_POSITION phase=NONE qty=58 avgPrice=8433.6207
2026-05-07 15:05:01 WARN  SELL_SKIP [KRX] 037030 reason=PHANTOM_POSITION phase=NONE qty=58 avgPrice=8433.6207
2026-05-07 15:05:06 WARN  SELL_SKIP [KRX] 037030 reason=PHANTOM_POSITION phase=NONE qty=58 avgPrice=8433.6207
2026-05-07 15:05:11 WARN  SELL_SKIP [KRX] 037030 reason=PHANTOM_POSITION phase=NONE qty=58 avgPrice=8433.6207
2026-05-07 15:05:17 WARN  SELL_SKIP [KRX] 037030 reason=PHANTOM_POSITION phase=NONE qty=58 avgPrice=8433.6207
2026-05-07 15:05:22 WARN  SELL_SKIP [KRX] 037030 reason=PHANTOM_POSITION phase=NONE qty=58 avgPrice=8433.6207
2026-05-07 15:05:27 WARN  SELL_SKIP [KRX] 037030 reason=PHANTOM_POSITION phase=NONE qty=58 avgPrice=8433.6207
2026-05-07 15:05:32 WARN  SELL_SKIP [KRX] 037030 reason=PHANTOM_POSITION phase=NONE qty=58 avgPrice=8433.6207
2026-05-07 15:05:37 WARN  SELL_SKIP [KRX] 037030 reason=PHANTOM_POSITION phase=NONE qty=58 avgPrice=8433.6207
2026-05-07 15:05:42 WARN  SELL_SKIP [KRX] 037030 reason=PHANTOM_POSITION phase=NONE qty=58 avgPrice=8433.6207
2026-05-07 15:05:47 WARN  SELL_SKIP [KRX] 037030 reason=PHANTOM_POSITION phase=NONE qty=58 avgPrice=8433.6207
2026-05-07 15:05:52 WARN  SELL_SKIP [KRX] 037030 reason=PHANTOM_POSITION phase=NONE qty=58 avgPrice=8433.6207
2026-05-07 15:05:57 WARN  SELL_SKIP [KRX] 037030 reason=PHANTOM_POSITION phase=NONE qty=58 avgPrice=8433.6207
2026-05-07 15:06:02 WARN  SELL_SKIP [KRX] 037030 reason=PHANTOM_POSITION phase=NONE qty=58 avgPrice=8433.6207
2026-05-07 15:06:07 WARN  SELL_SKIP [KRX] 037030 reason=PHANTOM_POSITION phase=NONE qty=58 avgPrice=8433.6207
2026-05-07 15:06:12 WARN  SELL_SKIP [KRX] 037030 reason=PHANTOM_POSITION phase=NONE qty=58 avgPrice=8433.6207
2026-05-07 15:06:18 WARN  SELL_SKIP [KRX] 037030 reason=PHANTOM_POSITION phase=NONE qty=58 avgPrice=8433.6207
2026-05-07 15:06:23 WARN  SELL_SKIP [KRX] 037030 reason=PHANTOM_POSITION phase=NONE qty=58 avgPrice=8433.6207
2026-05-07 15:06:28 WARN  SELL_SKIP [KRX] 037030 reason=PHANTOM_POSITION phase=NONE qty=58 avgPrice=8433.6207
2026-05-07 15:06:33 WARN  SELL_SKIP [KRX] 037030 reason=PHANTOM_POSITION phase=NONE qty=58 avgPrice=8433.6207
2026-05-07 15:06:38 WARN  SELL_SKIP [KRX] 037030 reason=PHANTOM_POSITION phase=NONE qty=58 avgPrice=8433.6207
2026-05-07 15:06:43 WARN  SELL_SKIP [KRX] 037030 reason=PHANTOM_POSITION phase=NONE qty=58 avgPrice=8433.6207
2026-05-07 15:06:48 WARN  SELL_SKIP [KRX] 037030 reason=PHANTOM_POSITION phase=NONE qty=58 avgPrice=8433.6207
2026-05-07 15:06:53 WARN  SELL_SKIP [KRX] 037030 reason=PHANTOM_POSITION phase=NONE qty=58 avgPrice=8433.6207
2026-05-07 15:06:58 WARN  SELL_SKIP [KRX] 037030 reason=PHANTOM_POSITION phase=NONE qty=58 avgPrice=8433.6207
2026-05-07 15:07:09 WARN  SELL_SKIP [KRX] 037030 reason=PHANTOM_POSITION phase=NONE qty=58 avgPrice=8433.6207
2026-05-07 15:07:14 WARN  SELL_SKIP [KRX] 037030 reason=PHANTOM_POSITION phase=NONE qty=58 avgPrice=8433.6207
2026-05-07 15:07:19 WARN  SELL_SKIP [KRX] 037030 reason=PHANTOM_POSITION phase=NONE qty=58 avgPrice=8433.6207
2026-05-07 15:07:24 WARN  SELL_SKIP [KRX] 037030 reason=PHANTOM_POSITION phase=NONE qty=58 avgPrice=8433.6207
2026-05-07 15:07:29 WARN  SELL_SKIP [KRX] 037030 reason=PHANTOM_POSITION phase=NONE qty=58 avgPrice=8433.6207
2026-05-07 15:07:34 WARN  SELL_SKIP [KRX] 037030 reason=PHANTOM_POSITION phase=NONE qty=58 avgPrice=8433.6207
2026-05-07 15:07:39 WARN  SELL_SKIP [KRX] 037030 reason=PHANTOM_POSITION phase=NONE qty=58 avgPrice=8433.6207
2026-05-07 15:07:44 WARN  SELL_SKIP [KRX] 037030 reason=PHANTOM_POSITION phase=NONE qty=58 avgPrice=8433.6207
2026-05-07 15:07:49 WARN  SELL_SKIP [KRX] 037030 reason=PHANTOM_POSITION phase=NONE qty=58 avgPrice=8433.6207
2026-05-07 15:07:54 WARN  SELL_SKIP [KRX] 037030 reason=PHANTOM_POSITION phase=NONE qty=58 avgPrice=8433.6207
2026-05-07 15:07:59 WARN  SELL_SKIP [KRX] 037030 reason=PHANTOM_POSITION phase=NONE qty=58 avgPrice=8433.6207
2026-05-07 15:08:04 WARN  SELL_SKIP [KRX] 037030 reason=PHANTOM_POSITION phase=NONE qty=58 avgPrice=8433.6207
2026-05-07 15:08:10 WARN  SELL_SKIP [KRX] 037030 reason=PHANTOM_POSITION phase=NONE qty=58 avgPrice=8433.6207
2026-05-07 15:08:15 WARN  SELL_SKIP [KRX] 037030 reason=PHANTOM_POSITION phase=NONE qty=58 avgPrice=8433.6207
2026-05-07 15:08:20 WARN  SELL_SKIP [KRX] 037030 reason=PHANTOM_POSITION phase=NONE qty=58 avgPrice=8433.6207
2026-05-07 15:08:30 WARN  SELL_SKIP [KRX] 037030 reason=PHANTOM_POSITION phase=NONE qty=58 avgPrice=8433.6207
2026-05-07 15:08:35 WARN  SELL_SKIP [KRX] 037030 reason=PHANTOM_POSITION phase=NONE qty=58 avgPrice=8433.6207
2026-05-07 15:08:40 WARN  SELL_SKIP [KRX] 037030 reason=PHANTOM_POSITION phase=NONE qty=58 avgPrice=8433.6207
2026-05-07 15:08:45 WARN  SELL_SKIP [KRX] 037030 reason=PHANTOM_POSITION phase=NONE qty=58 avgPrice=8433.6207
2026-05-07 15:08:50 WARN  SELL_SKIP [KRX] 037030 reason=PHANTOM_POSITION phase=NONE qty=58 avgPrice=8433.6207
2026-05-07 15:08:55 WARN  SELL_SKIP [KRX] 037030 reason=PHANTOM_POSITION phase=NONE qty=58 avgPrice=8433.6207
2026-05-07 15:09:01 WARN  SELL_SKIP [KRX] 037030 reason=PHANTOM_POSITION phase=NONE qty=58 avgPrice=8433.6207
2026-05-07 15:09:06 WARN  SELL_SKIP [KRX] 037030 reason=PHANTOM_POSITION phase=NONE qty=58 avgPrice=8433.6207
2026-05-07 15:09:11 WARN  SELL_SKIP [KRX] 037030 reason=PHANTOM_POSITION phase=NONE qty=58 avgPrice=8433.6207
2026-05-07 15:09:16 WARN  SELL_SKIP [KRX] 037030 reason=PHANTOM_POSITION phase=NONE qty=58 avgPrice=8433.6207
2026-05-07 15:09:21 WARN  SELL_SKIP [KRX] 037030 reason=PHANTOM_POSITION phase=NONE qty=58 avgPrice=8433.6207
2026-05-07 15:09:26 WARN  SELL_SKIP [KRX] 037030 reason=PHANTOM_POSITION phase=NONE qty=58 avgPrice=8433.6207
2026-05-07 15:09:31 WARN  SELL_SKIP [KRX] 037030 reason=PHANTOM_POSITION phase=NONE qty=58 avgPrice=8433.6207
2026-05-07 15:09:36 WARN  SELL_SKIP [KRX] 037030 reason=PHANTOM_POSITION phase=NONE qty=58 avgPrice=8433.6207
2026-05-07 15:09:41 WARN  SELL_SKIP [KRX] 037030 reason=PHANTOM_POSITION phase=NONE qty=58 avgPrice=8433.6207
2026-05-07 15:09:46 WARN  SELL_SKIP [KRX] 037030 reason=PHANTOM_POSITION phase=NONE qty=58 avgPrice=8433.6207
2026-05-07 15:09:51 WARN  SELL_SKIP [KRX] 037030 reason=PHANTOM_POSITION phase=NONE qty=58 avgPrice=8433.6207
2026-05-07 15:09:56 WARN  SELL_SKIP [KRX] 037030 reason=PHANTOM_POSITION phase=NONE qty=58 avgPrice=8433.6207
2026-05-07 15:10:02 WARN  SELL_SKIP [KRX] 037030 reason=PHANTOM_POSITION phase=NONE qty=58 avgPrice=8433.6207
2026-05-07 15:10:07 WARN  SELL_SKIP [KRX] 037030 reason=PHANTOM_POSITION phase=NONE qty=58 avgPrice=8433.6207
2026-05-07 15:10:12 WARN  SELL_SKIP [KRX] 037030 reason=PHANTOM_POSITION phase=NONE qty=58 avgPrice=8433.6207
2026-05-07 15:10:17 WARN  SELL_SKIP [KRX] 037030 reason=PHANTOM_POSITION phase=NONE qty=58 avgPrice=8433.6207
2026-05-07 15:10:22 WARN  SELL_SKIP [KRX] 037030 reason=PHANTOM_POSITION phase=NONE qty=58 avgPrice=8433.6207
2026-05-07 15:10:27 WARN  SELL_SKIP [KRX] 037030 reason=PHANTOM_POSITION phase=NONE qty=58 avgPrice=8433.6207
2026-05-07 15:10:32 WARN  SELL_SKIP [KRX] 037030 reason=PHANTOM_POSITION phase=NONE qty=58 avgPrice=8433.6207
2026-05-07 15:10:37 WARN  SELL_SKIP [KRX] 037030 reason=PHANTOM_POSITION phase=NONE qty=58 avgPrice=8433.6207
2026-05-07 15:10:42 WARN  SELL_SKIP [KRX] 037030 reason=PHANTOM_POSITION phase=NONE qty=58 avgPrice=8433.6207
2026-05-07 15:10:47 WARN  SELL_SKIP [KRX] 037030 reason=PHANTOM_POSITION phase=NONE qty=58 avgPrice=8433.6207
2026-05-07 15:10:52 WARN  SELL_SKIP [KRX] 037030 reason=PHANTOM_POSITION phase=NONE qty=58 avgPrice=8433.6207
2026-05-07 15:11:03 WARN  SELL_SKIP [KRX] 037030 reason=PHANTOM_POSITION phase=NONE qty=58 avgPrice=8433.6207
2026-05-07 15:11:08 WARN  SELL_SKIP [KRX] 037030 reason=PHANTOM_POSITION phase=NONE qty=58 avgPrice=8433.6207
2026-05-07 15:11:13 WARN  SELL_SKIP [KRX] 037030 reason=PHANTOM_POSITION phase=NONE qty=58 avgPrice=8433.6207
2026-05-07 15:11:18 WARN  SELL_SKIP [KRX] 037030 reason=PHANTOM_POSITION phase=NONE qty=58 avgPrice=8433.6207
2026-05-07 15:11:23 WARN  SELL_SKIP [KRX] 037030 reason=PHANTOM_POSITION phase=NONE qty=58 avgPrice=8433.6207
2026-05-07 15:11:28 WARN  SELL_SKIP [KRX] 037030 reason=PHANTOM_POSITION phase=NONE qty=58 avgPrice=8433.6207
2026-05-07 15:11:33 WARN  SELL_SKIP [KRX] 037030 reason=PHANTOM_POSITION phase=NONE qty=58 avgPrice=8433.6207
2026-05-07 15:11:38 WARN  SELL_SKIP [KRX] 037030 reason=PHANTOM_POSITION phase=NONE qty=58 avgPrice=8433.6207
2026-05-07 15:11:43 WARN  SELL_SKIP [KRX] 037030 reason=PHANTOM_POSITION phase=NONE qty=58 avgPrice=8433.6207
2026-05-07 15:11:48 WARN  SELL_SKIP [KRX] 037030 reason=PHANTOM_POSITION phase=NONE qty=58 avgPrice=8433.6207
2026-05-07 15:11:53 WARN  SELL_SKIP [KRX] 037030 reason=PHANTOM_POSITION phase=NONE qty=58 avgPrice=8433.6207
2026-05-07 15:11:59 WARN  SELL_SKIP [KRX] 037030 reason=PHANTOM_POSITION phase=NONE qty=58 avgPrice=8433.6207
2026-05-07 15:12:04 WARN  SELL_SKIP [KRX] 037030 reason=PHANTOM_POSITION phase=NONE qty=58 avgPrice=8433.6207
2026-05-07 15:12:14 WARN  SELL_SKIP [KRX] 037030 reason=PHANTOM_POSITION phase=NONE qty=58 avgPrice=8433.6207
2026-05-07 15:12:19 WARN  SELL_SKIP [KRX] 037030 reason=PHANTOM_POSITION phase=NONE qty=58 avgPrice=8433.6207
2026-05-07 15:12:24 WARN  SELL_SKIP [KRX] 037030 reason=PHANTOM_POSITION phase=NONE qty=58 avgPrice=8433.6207
2026-05-07 15:12:29 WARN  SELL_SKIP [KRX] 037030 reason=PHANTOM_POSITION phase=NONE qty=58 avgPrice=8433.6207
2026-05-07 15:12:34 WARN  SELL_SKIP [KRX] 037030 reason=PHANTOM_POSITION phase=NONE qty=58 avgPrice=8433.6207
2026-05-07 15:12:39 WARN  SELL_SKIP [KRX] 037030 reason=PHANTOM_POSITION phase=NONE qty=58 avgPrice=8433.6207
2026-05-07 15:12:44 WARN  SELL_SKIP [KRX] 037030 reason=PHANTOM_POSITION phase=NONE qty=58 avgPrice=8433.6207
2026-05-07 15:12:49 WARN  SELL_SKIP [KRX] 037030 reason=PHANTOM_POSITION phase=NONE qty=58 avgPrice=8433.6207
2026-05-07 15:12:55 WARN  SELL_SKIP [KRX] 037030 reason=PHANTOM_POSITION phase=NONE qty=58 avgPrice=8433.6207
2026-05-07 15:13:10 WARN  SELL_SKIP [KRX] 037030 reason=PHANTOM_POSITION phase=NONE qty=58 avgPrice=8433.6207
2026-05-07 15:13:15 WARN  SELL_SKIP [KRX] 037030 reason=PHANTOM_POSITION phase=NONE qty=58 avgPrice=8433.6207
2026-05-07 15:13:20 WARN  SELL_SKIP [KRX] 037030 reason=PHANTOM_POSITION phase=NONE qty=58 avgPrice=8433.6207
2026-05-07 15:13:25 WARN  SELL_SKIP [KRX] 037030 reason=PHANTOM_POSITION phase=NONE qty=58 avgPrice=8433.6207
2026-05-07 15:13:30 WARN  SELL_SKIP [KRX] 037030 reason=PHANTOM_POSITION phase=NONE qty=58 avgPrice=8433.6207
2026-05-07 15:13:40 WARN  SELL_SKIP [KRX] 037030 reason=PHANTOM_POSITION phase=NONE qty=58 avgPrice=8433.6207
2026-05-07 15:13:45 WARN  SELL_SKIP [KRX] 037030 reason=PHANTOM_POSITION phase=NONE qty=58 avgPrice=8433.6207
2026-05-07 15:13:51 WARN  SELL_SKIP [KRX] 037030 reason=PHANTOM_POSITION phase=NONE qty=58 avgPrice=8433.6207
2026-05-07 15:14:01 WARN  SELL_SKIP [KRX] 037030 reason=PHANTOM_POSITION phase=NONE qty=58 avgPrice=8433.6207
2026-05-07 15:14:06 WARN  SELL_SKIP [KRX] 037030 reason=PHANTOM_POSITION phase=NONE qty=58 avgPrice=8433.6207
2026-05-07 15:14:11 WARN  SELL_SKIP [KRX] 037030 reason=PHANTOM_POSITION phase=NONE qty=58 avgPrice=8433.6207
2026-05-07 15:14:16 WARN  SELL_SKIP [KRX] 037030 reason=PHANTOM_POSITION phase=NONE qty=58 avgPrice=8433.6207
2026-05-07 15:14:21 WARN  SELL_SKIP [KRX] 037030 reason=PHANTOM_POSITION phase=NONE qty=58 avgPrice=8433.6207
2026-05-07 15:14:26 WARN  SELL_SKIP [KRX] 037030 reason=PHANTOM_POSITION phase=NONE qty=58 avgPrice=8433.6207
2026-05-07 15:14:31 WARN  SELL_SKIP [KRX] 037030 reason=PHANTOM_POSITION phase=NONE qty=58 avgPrice=8433.6207
2026-05-07 15:14:36 WARN  SELL_SKIP [KRX] 037030 reason=PHANTOM_POSITION phase=NONE qty=58 avgPrice=8433.6207
2026-05-07 15:14:41 WARN  SELL_SKIP [KRX] 037030 reason=PHANTOM_POSITION phase=NONE qty=58 avgPrice=8433.6207
2026-05-07 15:14:46 WARN  SELL_SKIP [KRX] 037030 reason=PHANTOM_POSITION phase=NONE qty=58 avgPrice=8433.6207
2026-05-07 15:14:52 WARN  SELL_SKIP [KRX] 037030 reason=PHANTOM_POSITION phase=NONE qty=58 avgPrice=8433.6207
2026-05-07 15:14:57 WARN  SELL_SKIP [KRX] 037030 reason=PHANTOM_POSITION phase=NONE qty=58 avgPrice=8433.6207
2026-05-07 15:15:02 WARN  SELL_SKIP [KRX] 037030 reason=PHANTOM_POSITION phase=NONE qty=58 avgPrice=8433.6207
2026-05-07 15:15:07 WARN  SELL_SKIP [KRX] 037030 reason=PHANTOM_POSITION phase=NONE qty=58 avgPrice=8433.6207
2026-05-07 15:15:12 WARN  SELL_SKIP [KRX] 037030 reason=PHANTOM_POSITION phase=NONE qty=58 avgPrice=8433.6207
2026-05-07 15:15:17 WARN  SELL_SKIP [KRX] 037030 reason=PHANTOM_POSITION phase=NONE qty=58 avgPrice=8433.6207
2026-05-07 15:15:22 WARN  SELL_SKIP [KRX] 037030 reason=PHANTOM_POSITION phase=NONE qty=58 avgPrice=8433.6207
2026-05-07 15:15:27 WARN  SELL_SKIP [KRX] 037030 reason=PHANTOM_POSITION phase=NONE qty=58 avgPrice=8433.6207
2026-05-07 15:15:32 WARN  SELL_SKIP [KRX] 037030 reason=PHANTOM_POSITION phase=NONE qty=58 avgPrice=8433.6207
2026-05-07 15:15:37 WARN  SELL_SKIP [KRX] 037030 reason=PHANTOM_POSITION phase=NONE qty=58 avgPrice=8433.6207
2026-05-07 15:15:43 WARN  SELL_SKIP [KRX] 037030 reason=PHANTOM_POSITION phase=NONE qty=58 avgPrice=8433.6207
2026-05-07 15:15:48 WARN  SELL_SKIP [KRX] 037030 reason=PHANTOM_POSITION phase=NONE qty=58 avgPrice=8433.6207
2026-05-07 15:15:53 WARN  SELL_SKIP [KRX] 037030 reason=PHANTOM_POSITION phase=NONE qty=58 avgPrice=8433.6207
2026-05-07 15:15:58 WARN  SELL_SKIP [KRX] 037030 reason=PHANTOM_POSITION phase=NONE qty=58 avgPrice=8433.6207
2026-05-07 15:16:03 WARN  SELL_SKIP [KRX] 037030 reason=PHANTOM_POSITION phase=NONE qty=58 avgPrice=8433.6207
2026-05-07 15:16:08 WARN  SELL_SKIP [KRX] 037030 reason=PHANTOM_POSITION phase=NONE qty=58 avgPrice=8433.6207
2026-05-07 15:16:13 WARN  SELL_SKIP [KRX] 037030 reason=PHANTOM_POSITION phase=NONE qty=58 avgPrice=8433.6207
2026-05-07 15:16:18 WARN  SELL_SKIP [KRX] 037030 reason=PHANTOM_POSITION phase=NONE qty=58 avgPrice=8433.6207
2026-05-07 15:16:23 WARN  SELL_SKIP [KRX] 037030 reason=PHANTOM_POSITION phase=NONE qty=58 avgPrice=8433.6207
2026-05-07 15:16:28 WARN  SELL_SKIP [KRX] 037030 reason=PHANTOM_POSITION phase=NONE qty=58 avgPrice=8433.6207
2026-05-07 15:16:33 WARN  SELL_SKIP [KRX] 037030 reason=PHANTOM_POSITION phase=NONE qty=58 avgPrice=8433.6207
2026-05-07 15:16:38 WARN  SELL_SKIP [KRX] 037030 reason=PHANTOM_POSITION phase=NONE qty=58 avgPrice=8433.6207
2026-05-07 15:16:44 WARN  SELL_SKIP [KRX] 037030 reason=PHANTOM_POSITION phase=NONE qty=58 avgPrice=8433.6207
2026-05-07 15:16:49 WARN  SELL_SKIP [KRX] 037030 reason=PHANTOM_POSITION phase=NONE qty=58 avgPrice=8433.6207
2026-05-07 15:16:54 WARN  SELL_SKIP [KRX] 037030 reason=PHANTOM_POSITION phase=NONE qty=58 avgPrice=8433.6207
2026-05-07 15:17:04 WARN  SELL_SKIP [KRX] 037030 reason=PHANTOM_POSITION phase=NONE qty=58 avgPrice=8433.6207
2026-05-07 15:17:09 WARN  SELL_SKIP [KRX] 037030 reason=PHANTOM_POSITION phase=NONE qty=58 avgPrice=8433.6207
2026-05-07 15:17:14 WARN  SELL_SKIP [KRX] 037030 reason=PHANTOM_POSITION phase=NONE qty=58 avgPrice=8433.6207
2026-05-07 15:17:19 WARN  SELL_SKIP [KRX] 037030 reason=PHANTOM_POSITION phase=NONE qty=58 avgPrice=8433.6207
2026-05-07 15:17:24 WARN  SELL_SKIP [KRX] 037030 reason=PHANTOM_POSITION phase=NONE qty=58 avgPrice=8433.6207
2026-05-07 15:17:29 WARN  SELL_SKIP [KRX] 037030 reason=PHANTOM_POSITION phase=NONE qty=58 avgPrice=8433.6207
2026-05-07 15:17:34 WARN  SELL_SKIP [KRX] 037030 reason=PHANTOM_POSITION phase=NONE qty=58 avgPrice=8433.6207
2026-05-07 15:17:39 WARN  SELL_SKIP [KRX] 037030 reason=PHANTOM_POSITION phase=NONE qty=58 avgPrice=8433.6207
2026-05-07 15:17:44 WARN  SELL_SKIP [KRX] 037030 reason=PHANTOM_POSITION phase=NONE qty=58 avgPrice=8433.6207
2026-05-07 15:17:50 WARN  SELL_SKIP [KRX] 037030 reason=PHANTOM_POSITION phase=NONE qty=58 avgPrice=8433.6207
2026-05-07 15:17:55 WARN  SELL_SKIP [KRX] 037030 reason=PHANTOM_POSITION phase=NONE qty=58 avgPrice=8433.6207
2026-05-07 15:18:00 WARN  SELL_SKIP [KRX] 037030 reason=PHANTOM_POSITION phase=NONE qty=58 avgPrice=8433.6207
2026-05-07 15:18:05 WARN  SELL_SKIP [KRX] 037030 reason=PHANTOM_POSITION phase=NONE qty=58 avgPrice=8433.6207
2026-05-07 15:18:10 WARN  SELL_SKIP [KRX] 037030 reason=PHANTOM_POSITION phase=NONE qty=58 avgPrice=8433.6207
2026-05-07 15:18:15 WARN  SELL_SKIP [KRX] 037030 reason=PHANTOM_POSITION phase=NONE qty=58 avgPrice=8433.6207
2026-05-07 15:18:20 WARN  SELL_SKIP [KRX] 037030 reason=PHANTOM_POSITION phase=NONE qty=58 avgPrice=8433.6207
2026-05-07 15:18:25 WARN  SELL_SKIP [KRX] 037030 reason=PHANTOM_POSITION phase=NONE qty=58 avgPrice=8433.6207
2026-05-07 15:18:30 WARN  SELL_SKIP [KRX] 037030 reason=PHANTOM_POSITION phase=NONE qty=58 avgPrice=8433.6207
2026-05-07 15:18:35 WARN  SELL_SKIP [KRX] 037030 reason=PHANTOM_POSITION phase=NONE qty=58 avgPrice=8433.6207
2026-05-07 15:18:40 WARN  SELL_SKIP [KRX] 037030 reason=PHANTOM_POSITION phase=NONE qty=58 avgPrice=8433.6207
2026-05-07 15:18:51 WARN  SELL_SKIP [KRX] 037030 reason=PHANTOM_POSITION phase=NONE qty=58 avgPrice=8433.6207
2026-05-07 15:18:56 WARN  SELL_SKIP [KRX] 037030 reason=PHANTOM_POSITION phase=NONE qty=58 avgPrice=8433.6207
2026-05-07 15:19:01 WARN  SELL_SKIP [KRX] 037030 reason=PHANTOM_POSITION phase=NONE qty=58 avgPrice=8433.6207
2026-05-07 15:19:11 WARN  SELL_SKIP [KRX] 037030 reason=PHANTOM_POSITION phase=NONE qty=58 avgPrice=8433.6207
2026-05-07 15:19:16 WARN  SELL_SKIP [KRX] 037030 reason=PHANTOM_POSITION phase=NONE qty=58 avgPrice=8433.6207
2026-05-07 15:19:21 WARN  SELL_SKIP [KRX] 037030 reason=PHANTOM_POSITION phase=NONE qty=58 avgPrice=8433.6207
2026-05-07 15:19:26 WARN  SELL_SKIP [KRX] 037030 reason=PHANTOM_POSITION phase=NONE qty=58 avgPrice=8433.6207
2026-05-07 15:19:31 WARN  SELL_SKIP [KRX] 037030 reason=PHANTOM_POSITION phase=NONE qty=58 avgPrice=8433.6207
2026-05-07 15:19:41 WARN  SELL_SKIP [KRX] 037030 reason=PHANTOM_POSITION phase=NONE qty=58 avgPrice=8433.6207
2026-05-07 15:19:47 WARN  SELL_SKIP [KRX] 037030 reason=PHANTOM_POSITION phase=NONE qty=58 avgPrice=8433.6207
2026-05-07 15:19:57 WARN  SELL_SKIP [KRX] 037030 reason=PHANTOM_POSITION phase=NONE qty=58 avgPrice=8433.6207
2026-05-07 15:20:02 WARN  SELL_SKIP [KRX] 037030 reason=PHANTOM_POSITION phase=NONE qty=58 avgPrice=8433.6207
2026-05-07 15:20:07 WARN  SELL_SKIP [KRX] 037030 reason=PHANTOM_POSITION phase=NONE qty=58 avgPrice=8433.6207
2026-05-07 15:20:12 WARN  SELL_SKIP [KRX] 037030 reason=PHANTOM_POSITION phase=NONE qty=58 avgPrice=8433.6207
2026-05-07 15:20:17 WARN  SELL_SKIP [KRX] 037030 reason=PHANTOM_POSITION phase=NONE qty=58 avgPrice=8433.6207
2026-05-07 15:20:22 WARN  SELL_SKIP [KRX] 037030 reason=PHANTOM_POSITION phase=NONE qty=58 avgPrice=8433.6207
2026-05-07 15:20:27 WARN  SELL_SKIP [KRX] 037030 reason=PHANTOM_POSITION phase=NONE qty=58 avgPrice=8433.6207
2026-05-07 15:20:32 WARN  SELL_SKIP [KRX] 037030 reason=PHANTOM_POSITION phase=NONE qty=58 avgPrice=8433.6207
2026-05-07 15:20:37 WARN  SELL_SKIP [KRX] 037030 reason=PHANTOM_POSITION phase=NONE qty=58 avgPrice=8433.6207
2026-05-07 15:20:42 WARN  SELL_SKIP [KRX] 037030 reason=PHANTOM_POSITION phase=NONE qty=58 avgPrice=8433.6207
2026-05-07 15:20:48 WARN  SELL_SKIP [KRX] 037030 reason=PHANTOM_POSITION phase=NONE qty=58 avgPrice=8433.6207
2026-05-07 15:20:53 WARN  SELL_SKIP [KRX] 037030 reason=PHANTOM_POSITION phase=NONE qty=58 avgPrice=8433.6207
2026-05-07 15:20:58 WARN  SELL_SKIP [KRX] 037030 reason=PHANTOM_POSITION phase=NONE qty=58 avgPrice=8433.6207
2026-05-07 15:21:03 WARN  SELL_SKIP [KRX] 037030 reason=PHANTOM_POSITION phase=NONE qty=58 avgPrice=8433.6207
2026-05-07 15:21:08 WARN  SELL_SKIP [KRX] 037030 reason=PHANTOM_POSITION phase=NONE qty=58 avgPrice=8433.6207
2026-05-07 15:21:13 WARN  SELL_SKIP [KRX] 037030 reason=PHANTOM_POSITION phase=NONE qty=58 avgPrice=8433.6207
2026-05-07 15:21:18 WARN  SELL_SKIP [KRX] 037030 reason=PHANTOM_POSITION phase=NONE qty=58 avgPrice=8433.6207
2026-05-07 15:21:23 WARN  SELL_SKIP [KRX] 037030 reason=PHANTOM_POSITION phase=NONE qty=58 avgPrice=8433.6207
2026-05-07 15:21:28 WARN  SELL_SKIP [KRX] 037030 reason=PHANTOM_POSITION phase=NONE qty=58 avgPrice=8433.6207
2026-05-07 15:21:33 WARN  SELL_SKIP [KRX] 037030 reason=PHANTOM_POSITION phase=NONE qty=58 avgPrice=8433.6207
2026-05-07 15:21:38 WARN  SELL_SKIP [KRX] 037030 reason=PHANTOM_POSITION phase=NONE qty=58 avgPrice=8433.6207
2026-05-07 15:21:44 WARN  SELL_SKIP [KRX] 037030 reason=PHANTOM_POSITION phase=NONE qty=58 avgPrice=8433.6207
2026-05-07 15:21:49 WARN  SELL_SKIP [KRX] 037030 reason=PHANTOM_POSITION phase=NONE qty=58 avgPrice=8433.6207
2026-05-07 15:21:54 WARN  SELL_SKIP [KRX] 037030 reason=PHANTOM_POSITION phase=NONE qty=58 avgPrice=8433.6207
2026-05-07 15:21:59 WARN  SELL_SKIP [KRX] 037030 reason=PHANTOM_POSITION phase=NONE qty=58 avgPrice=8433.6207
2026-05-07 15:22:04 WARN  SELL_SKIP [KRX] 037030 reason=PHANTOM_POSITION phase=NONE qty=58 avgPrice=8433.6207
2026-05-07 15:22:09 WARN  SELL_SKIP [KRX] 037030 reason=PHANTOM_POSITION phase=NONE qty=58 avgPrice=8433.6207
2026-05-07 15:22:14 WARN  SELL_SKIP [KRX] 037030 reason=PHANTOM_POSITION phase=NONE qty=58 avgPrice=8433.6207
2026-05-07 15:22:19 WARN  SELL_SKIP [KRX] 037030 reason=PHANTOM_POSITION phase=NONE qty=58 avgPrice=8433.6207
2026-05-07 15:22:24 WARN  SELL_SKIP [KRX] 037030 reason=PHANTOM_POSITION phase=NONE qty=58 avgPrice=8433.6207
2026-05-07 15:22:29 WARN  SELL_SKIP [KRX] 037030 reason=PHANTOM_POSITION phase=NONE qty=58 avgPrice=8433.6207
2026-05-07 15:22:39 WARN  SELL_SKIP [KRX] 037030 reason=PHANTOM_POSITION phase=NONE qty=58 avgPrice=8433.6207
2026-05-07 15:22:45 WARN  SELL_SKIP [KRX] 037030 reason=PHANTOM_POSITION phase=NONE qty=58 avgPrice=8433.6207
2026-05-07 15:22:50 WARN  SELL_SKIP [KRX] 037030 reason=PHANTOM_POSITION phase=NONE qty=58 avgPrice=8433.6207
2026-05-07 15:22:55 WARN  SELL_SKIP [KRX] 037030 reason=PHANTOM_POSITION phase=NONE qty=58 avgPrice=8433.6207
2026-05-07 15:23:00 WARN  SELL_SKIP [KRX] 037030 reason=PHANTOM_POSITION phase=NONE qty=58 avgPrice=8433.6207
2026-05-07 15:23:05 WARN  SELL_SKIP [KRX] 037030 reason=PHANTOM_POSITION phase=NONE qty=58 avgPrice=8433.6207
2026-05-07 15:23:10 WARN  SELL_SKIP [KRX] 037030 reason=PHANTOM_POSITION phase=NONE qty=58 avgPrice=8433.6207
2026-05-07 15:23:15 WARN  SELL_SKIP [KRX] 037030 reason=PHANTOM_POSITION phase=NONE qty=58 avgPrice=8433.6207
2026-05-07 15:23:20 WARN  SELL_SKIP [KRX] 037030 reason=PHANTOM_POSITION phase=NONE qty=58 avgPrice=8433.6207
2026-05-07 15:23:25 WARN  SELL_SKIP [KRX] 037030 reason=PHANTOM_POSITION phase=NONE qty=58 avgPrice=8433.6207
2026-05-07 15:23:35 WARN  SELL_SKIP [KRX] 037030 reason=PHANTOM_POSITION phase=NONE qty=58 avgPrice=8433.6207
2026-05-07 15:23:41 WARN  SELL_SKIP [KRX] 037030 reason=PHANTOM_POSITION phase=NONE qty=58 avgPrice=8433.6207
2026-05-07 15:23:46 WARN  SELL_SKIP [KRX] 037030 reason=PHANTOM_POSITION phase=NONE qty=58 avgPrice=8433.6207
2026-05-07 15:23:56 WARN  SELL_SKIP [KRX] 037030 reason=PHANTOM_POSITION phase=NONE qty=58 avgPrice=8433.6207
2026-05-07 15:24:01 WARN  SELL_SKIP [KRX] 037030 reason=PHANTOM_POSITION phase=NONE qty=58 avgPrice=8433.6207
2026-05-07 15:24:06 WARN  SELL_SKIP [KRX] 037030 reason=PHANTOM_POSITION phase=NONE qty=58 avgPrice=8433.6207
2026-05-07 15:24:11 WARN  SELL_SKIP [KRX] 037030 reason=PHANTOM_POSITION phase=NONE qty=58 avgPrice=8433.6207
2026-05-07 15:24:16 WARN  SELL_SKIP [KRX] 037030 reason=PHANTOM_POSITION phase=NONE qty=58 avgPrice=8433.6207
2026-05-07 15:24:21 WARN  SELL_SKIP [KRX] 037030 reason=PHANTOM_POSITION phase=NONE qty=58 avgPrice=8433.6207
2026-05-07 15:24:26 WARN  SELL_SKIP [KRX] 037030 reason=PHANTOM_POSITION phase=NONE qty=58 avgPrice=8433.6207
2026-05-07 15:24:31 WARN  SELL_SKIP [KRX] 037030 reason=PHANTOM_POSITION phase=NONE qty=58 avgPrice=8433.6207
2026-05-07 15:24:37 WARN  SELL_SKIP [KRX] 037030 reason=PHANTOM_POSITION phase=NONE qty=58 avgPrice=8433.6207
2026-05-07 15:24:42 WARN  SELL_SKIP [KRX] 037030 reason=PHANTOM_POSITION phase=NONE qty=58 avgPrice=8433.6207
2026-05-07 15:24:47 WARN  SELL_SKIP [KRX] 037030 reason=PHANTOM_POSITION phase=NONE qty=58 avgPrice=8433.6207
2026-05-07 15:24:52 WARN  SELL_SKIP [KRX] 037030 reason=PHANTOM_POSITION phase=NONE qty=58 avgPrice=8433.6207
2026-05-07 15:24:57 WARN  SELL_SKIP [KRX] 037030 reason=PHANTOM_POSITION phase=NONE qty=58 avgPrice=8433.6207
2026-05-07 15:25:02 WARN  SELL_SKIP [KRX] 037030 reason=PHANTOM_POSITION phase=NONE qty=58 avgPrice=8433.6207
2026-05-07 15:25:07 WARN  SELL_SKIP [KRX] 037030 reason=PHANTOM_POSITION phase=NONE qty=58 avgPrice=8433.6207
2026-05-07 15:25:12 WARN  SELL_SKIP [KRX] 037030 reason=PHANTOM_POSITION phase=NONE qty=58 avgPrice=8433.6207
2026-05-07 15:25:17 WARN  SELL_SKIP [KRX] 037030 reason=PHANTOM_POSITION phase=NONE qty=58 avgPrice=8433.6207
2026-05-07 15:25:22 WARN  SELL_SKIP [KRX] 037030 reason=PHANTOM_POSITION phase=NONE qty=58 avgPrice=8433.6207
2026-05-07 15:25:27 WARN  SELL_SKIP [KRX] 037030 reason=PHANTOM_POSITION phase=NONE qty=58 avgPrice=8433.6207
2026-05-07 15:25:32 WARN  SELL_SKIP [KRX] 037030 reason=PHANTOM_POSITION phase=NONE qty=58 avgPrice=8433.6207
2026-05-07 15:25:43 WARN  SELL_SKIP [KRX] 037030 reason=PHANTOM_POSITION phase=NONE qty=58 avgPrice=8433.6207
2026-05-07 15:25:48 WARN  SELL_SKIP [KRX] 037030 reason=PHANTOM_POSITION phase=NONE qty=58 avgPrice=8433.6207
2026-05-07 15:25:53 WARN  SELL_SKIP [KRX] 037030 reason=PHANTOM_POSITION phase=NONE qty=58 avgPrice=8433.6207
2026-05-07 15:25:58 WARN  SELL_SKIP [KRX] 037030 reason=PHANTOM_POSITION phase=NONE qty=58 avgPrice=8433.6207
2026-05-07 15:26:03 WARN  SELL_SKIP [KRX] 037030 reason=PHANTOM_POSITION phase=NONE qty=58 avgPrice=8433.6207
2026-05-07 15:26:08 WARN  SELL_SKIP [KRX] 037030 reason=PHANTOM_POSITION phase=NONE qty=58 avgPrice=8433.6207
2026-05-07 15:26:13 WARN  SELL_SKIP [KRX] 037030 reason=PHANTOM_POSITION phase=NONE qty=58 avgPrice=8433.6207
2026-05-07 15:26:18 WARN  SELL_SKIP [KRX] 037030 reason=PHANTOM_POSITION phase=NONE qty=58 avgPrice=8433.6207
2026-05-07 15:26:23 WARN  SELL_SKIP [KRX] 037030 reason=PHANTOM_POSITION phase=NONE qty=58 avgPrice=8433.6207
2026-05-07 15:26:28 WARN  SELL_SKIP [KRX] 037030 reason=PHANTOM_POSITION phase=NONE qty=58 avgPrice=8433.6207
2026-05-07 15:26:34 WARN  SELL_SKIP [KRX] 037030 reason=PHANTOM_POSITION phase=NONE qty=58 avgPrice=8433.6207
2026-05-07 15:26:39 WARN  SELL_SKIP [KRX] 037030 reason=PHANTOM_POSITION phase=NONE qty=58 avgPrice=8433.6207
2026-05-07 15:26:49 WARN  SELL_SKIP [KRX] 037030 reason=PHANTOM_POSITION phase=NONE qty=58 avgPrice=8433.6207
2026-05-07 15:26:54 WARN  SELL_SKIP [KRX] 037030 reason=PHANTOM_POSITION phase=NONE qty=58 avgPrice=8433.6207
2026-05-07 15:26:59 WARN  SELL_SKIP [KRX] 037030 reason=PHANTOM_POSITION phase=NONE qty=58 avgPrice=8433.6207
2026-05-07 15:27:04 WARN  SELL_SKIP [KRX] 037030 reason=PHANTOM_POSITION phase=NONE qty=58 avgPrice=8433.6207
2026-05-07 15:27:09 WARN  SELL_SKIP [KRX] 037030 reason=PHANTOM_POSITION phase=NONE qty=58 avgPrice=8433.6207
2026-05-07 15:27:19 WARN  SELL_SKIP [KRX] 037030 reason=PHANTOM_POSITION phase=NONE qty=58 avgPrice=8433.6207
2026-05-07 15:27:30 WARN  SELL_SKIP [KRX] 037030 reason=PHANTOM_POSITION phase=NONE qty=58 avgPrice=8433.6207
2026-05-07 15:27:35 WARN  SELL_SKIP [KRX] 037030 reason=PHANTOM_POSITION phase=NONE qty=58 avgPrice=8433.6207
2026-05-07 15:27:45 WARN  SELL_SKIP [KRX] 037030 reason=PHANTOM_POSITION phase=NONE qty=58 avgPrice=8433.6207
2026-05-07 15:27:50 WARN  SELL_SKIP [KRX] 037030 reason=PHANTOM_POSITION phase=NONE qty=58 avgPrice=8433.6207
2026-05-07 15:27:55 WARN  SELL_SKIP [KRX] 037030 reason=PHANTOM_POSITION phase=NONE qty=58 avgPrice=8433.6207
2026-05-07 15:28:00 WARN  SELL_SKIP [KRX] 037030 reason=PHANTOM_POSITION phase=NONE qty=58 avgPrice=8433.6207
2026-05-07 15:28:05 WARN  SELL_SKIP [KRX] 037030 reason=PHANTOM_POSITION phase=NONE qty=58 avgPrice=8433.6207
2026-05-07 15:28:10 WARN  SELL_SKIP [KRX] 037030 reason=PHANTOM_POSITION phase=NONE qty=58 avgPrice=8433.6207
2026-05-07 15:28:15 WARN  SELL_SKIP [KRX] 037030 reason=PHANTOM_POSITION phase=NONE qty=58 avgPrice=8433.6207
2026-05-07 15:28:21 WARN  SELL_SKIP [KRX] 037030 reason=PHANTOM_POSITION phase=NONE qty=58 avgPrice=8433.6207
2026-05-07 15:28:26 WARN  SELL_SKIP [KRX] 037030 reason=PHANTOM_POSITION phase=NONE qty=58 avgPrice=8433.6207
2026-05-07 15:28:31 WARN  SELL_SKIP [KRX] 037030 reason=PHANTOM_POSITION phase=NONE qty=58 avgPrice=8433.6207
2026-05-07 15:28:36 WARN  SELL_SKIP [KRX] 037030 reason=PHANTOM_POSITION phase=NONE qty=58 avgPrice=8433.6207
2026-05-07 15:28:41 WARN  SELL_SKIP [KRX] 037030 reason=PHANTOM_POSITION phase=NONE qty=58 avgPrice=8433.6207
2026-05-07 15:28:46 WARN  SELL_SKIP [KRX] 037030 reason=PHANTOM_POSITION phase=NONE qty=58 avgPrice=8433.6207
2026-05-07 15:28:51 WARN  SELL_SKIP [KRX] 037030 reason=PHANTOM_POSITION phase=NONE qty=58 avgPrice=8433.6207
2026-05-07 15:28:56 WARN  SELL_SKIP [KRX] 037030 reason=PHANTOM_POSITION phase=NONE qty=58 avgPrice=8433.6207
2026-05-07 15:29:01 WARN  SELL_SKIP [KRX] 037030 reason=PHANTOM_POSITION phase=NONE qty=58 avgPrice=8433.6207
2026-05-07 15:29:06 WARN  SELL_SKIP [KRX] 037030 reason=PHANTOM_POSITION phase=NONE qty=58 avgPrice=8433.6207
2026-05-07 15:29:11 WARN  SELL_SKIP [KRX] 037030 reason=PHANTOM_POSITION phase=NONE qty=58 avgPrice=8433.6207
2026-05-07 15:29:16 WARN  SELL_SKIP [KRX] 037030 reason=PHANTOM_POSITION phase=NONE qty=58 avgPrice=8433.6207
2026-05-07 15:29:21 WARN  SELL_SKIP [KRX] 037030 reason=PHANTOM_POSITION phase=NONE qty=58 avgPrice=8433.6207
2026-05-07 15:29:27 WARN  SELL_SKIP [KRX] 037030 reason=PHANTOM_POSITION phase=NONE qty=58 avgPrice=8433.6207
2026-05-07 15:29:32 WARN  SELL_SKIP [KRX] 037030 reason=PHANTOM_POSITION phase=NONE qty=58 avgPrice=8433.6207
2026-05-07 15:29:37 WARN  SELL_SKIP [KRX] 037030 reason=PHANTOM_POSITION phase=NONE qty=58 avgPrice=8433.6207
2026-05-07 15:29:42 WARN  SELL_SKIP [KRX] 037030 reason=PHANTOM_POSITION phase=NONE qty=58 avgPrice=8433.6207
2026-05-07 15:29:47 WARN  SELL_SKIP [KRX] 037030 reason=PHANTOM_POSITION phase=NONE qty=58 avgPrice=8433.6207
2026-05-07 15:29:52 WARN  SELL_SKIP [KRX] 037030 reason=PHANTOM_POSITION phase=NONE qty=58 avgPrice=8433.6207
2026-05-07 15:29:57 WARN  SELL_SKIP [KRX] 037030 reason=PHANTOM_POSITION phase=NONE qty=58 avgPrice=8433.6207
2026-05-07 15:30:02 WARN  SELL_SKIP [KRX] 037030 reason=PHANTOM_POSITION phase=NONE qty=58 avgPrice=8433.6207
2026-05-07 15:30:07 WARN  SELL_SKIP [KRX] 037030 reason=PHANTOM_POSITION phase=NONE qty=58 avgPrice=8433.6207
2026-05-07 15:30:12 WARN  SELL_SKIP [KRX] 037030 reason=PHANTOM_POSITION phase=NONE qty=58 avgPrice=8433.6207
2026-05-07 15:30:17 WARN  SELL_SKIP [KRX] 037030 reason=PHANTOM_POSITION phase=NONE qty=58 avgPrice=8433.6207
2026-05-07 15:30:23 WARN  SELL_SKIP [KRX] 037030 reason=PHANTOM_POSITION phase=NONE qty=58 avgPrice=8433.6207
2026-05-07 15:30:33 WARN  SELL_SKIP [KRX] 037030 reason=PHANTOM_POSITION phase=NONE qty=58 avgPrice=8433.6207
2026-05-07 15:30:38 WARN  SELL_SKIP [KRX] 037030 reason=PHANTOM_POSITION phase=NONE qty=58 avgPrice=8433.6207
2026-05-07 15:30:43 WARN  SELL_SKIP [KRX] 037030 reason=PHANTOM_POSITION phase=NONE qty=58 avgPrice=8433.6207
2026-05-07 15:30:48 WARN  SELL_SKIP [KRX] 037030 reason=PHANTOM_POSITION phase=NONE qty=58 avgPrice=8433.6207
2026-05-07 15:30:53 WARN  SELL_SKIP [KRX] 037030 reason=PHANTOM_POSITION phase=NONE qty=58 avgPrice=8433.6207
2026-05-07 15:30:58 WARN  SELL_SKIP [KRX] 037030 reason=PHANTOM_POSITION phase=NONE qty=58 avgPrice=8433.6207
2026-05-07 15:31:03 WARN  SELL_SKIP [KRX] 037030 reason=PHANTOM_POSITION phase=NONE qty=58 avgPrice=8433.6207
2026-05-07 15:31:08 WARN  SELL_SKIP [KRX] 037030 reason=PHANTOM_POSITION phase=NONE qty=58 avgPrice=8433.6207
2026-05-07 15:31:13 WARN  SELL_SKIP [KRX] 037030 reason=PHANTOM_POSITION phase=NONE qty=58 avgPrice=8433.6207
2026-05-07 15:31:18 WARN  SELL_SKIP [KRX] 037030 reason=PHANTOM_POSITION phase=NONE qty=58 avgPrice=8433.6207
2026-05-07 15:31:24 WARN  SELL_SKIP [KRX] 037030 reason=PHANTOM_POSITION phase=NONE qty=58 avgPrice=8433.6207
2026-05-07 15:31:29 WARN  SELL_SKIP [KRX] 037030 reason=PHANTOM_POSITION phase=NONE qty=58 avgPrice=8433.6207
2026-05-07 15:31:34 WARN  SELL_SKIP [KRX] 037030 reason=PHANTOM_POSITION phase=NONE qty=58 avgPrice=8433.6207
2026-05-07 15:31:39 WARN  SELL_SKIP [KRX] 037030 reason=PHANTOM_POSITION phase=NONE qty=58 avgPrice=8433.6207
2026-05-07 15:31:44 WARN  SELL_SKIP [KRX] 037030 reason=PHANTOM_POSITION phase=NONE qty=58 avgPrice=8433.6207
2026-05-07 15:31:49 WARN  SELL_SKIP [KRX] 037030 reason=PHANTOM_POSITION phase=NONE qty=58 avgPrice=8433.6207
2026-05-07 15:31:54 WARN  SELL_SKIP [KRX] 037030 reason=PHANTOM_POSITION phase=NONE qty=58 avgPrice=8433.6207
2026-05-07 15:31:59 WARN  SELL_SKIP [KRX] 037030 reason=PHANTOM_POSITION phase=NONE qty=58 avgPrice=8433.6207
2026-05-07 15:32:04 WARN  SELL_SKIP [KRX] 037030 reason=PHANTOM_POSITION phase=NONE qty=58 avgPrice=8433.6207
2026-05-07 15:32:10 WARN  SELL_SKIP [KRX] 037030 reason=PHANTOM_POSITION phase=NONE qty=58 avgPrice=8433.6207
2026-05-07 15:32:15 WARN  SELL_SKIP [KRX] 037030 reason=PHANTOM_POSITION phase=NONE qty=58 avgPrice=8433.6207
2026-05-07 15:32:20 WARN  SELL_SKIP [KRX] 037030 reason=PHANTOM_POSITION phase=NONE qty=58 avgPrice=8433.6207
2026-05-07 15:32:25 WARN  SELL_SKIP [KRX] 037030 reason=PHANTOM_POSITION phase=NONE qty=58 avgPrice=8433.6207
2026-05-07 15:32:30 WARN  SELL_SKIP [KRX] 037030 reason=PHANTOM_POSITION phase=NONE qty=58 avgPrice=8433.6207
2026-05-07 15:32:35 WARN  SELL_SKIP [KRX] 037030 reason=PHANTOM_POSITION phase=NONE qty=58 avgPrice=8433.6207
2026-05-07 15:32:40 WARN  SELL_SKIP [KRX] 037030 reason=PHANTOM_POSITION phase=NONE qty=58 avgPrice=8433.6207
2026-05-07 15:32:45 WARN  SELL_SKIP [KRX] 037030 reason=PHANTOM_POSITION phase=NONE qty=58 avgPrice=8433.6207
2026-05-07 15:32:50 WARN  SELL_SKIP [KRX] 037030 reason=PHANTOM_POSITION phase=NONE qty=58 avgPrice=8433.6207
2026-05-07 15:33:01 WARN  SELL_SKIP [KRX] 037030 reason=PHANTOM_POSITION phase=NONE qty=58 avgPrice=8433.6207
2026-05-07 15:33:06 WARN  SELL_SKIP [KRX] 037030 reason=PHANTOM_POSITION phase=NONE qty=58 avgPrice=8433.6207
2026-05-07 15:33:11 WARN  SELL_SKIP [KRX] 037030 reason=PHANTOM_POSITION phase=NONE qty=58 avgPrice=8433.6207
2026-05-07 15:33:16 WARN  SELL_SKIP [KRX] 037030 reason=PHANTOM_POSITION phase=NONE qty=58 avgPrice=8433.6207
2026-05-07 15:33:21 WARN  SELL_SKIP [KRX] 037030 reason=PHANTOM_POSITION phase=NONE qty=58 avgPrice=8433.6207
2026-05-07 15:33:26 WARN  SELL_SKIP [KRX] 037030 reason=PHANTOM_POSITION phase=NONE qty=58 avgPrice=8433.6207
2026-05-07 15:33:31 WARN  SELL_SKIP [KRX] 037030 reason=PHANTOM_POSITION phase=NONE qty=58 avgPrice=8433.6207
2026-05-07 15:33:36 WARN  SELL_SKIP [KRX] 037030 reason=PHANTOM_POSITION phase=NONE qty=58 avgPrice=8433.6207
2026-05-07 15:33:41 WARN  SELL_SKIP [KRX] 037030 reason=PHANTOM_POSITION phase=NONE qty=58 avgPrice=8433.6207
2026-05-07 15:33:46 WARN  SELL_SKIP [KRX] 037030 reason=PHANTOM_POSITION phase=NONE qty=58 avgPrice=8433.6207
2026-05-07 15:33:51 WARN  SELL_SKIP [KRX] 037030 reason=PHANTOM_POSITION phase=NONE qty=58 avgPrice=8433.6207
2026-05-07 15:33:56 WARN  SELL_SKIP [KRX] 037030 reason=PHANTOM_POSITION phase=NONE qty=58 avgPrice=8433.6207
2026-05-07 15:34:01 WARN  SELL_SKIP [KRX] 037030 reason=PHANTOM_POSITION phase=NONE qty=58 avgPrice=8433.6207
2026-05-07 15:34:07 WARN  SELL_SKIP [KRX] 037030 reason=PHANTOM_POSITION phase=NONE qty=58 avgPrice=8433.6207
2026-05-07 15:34:12 WARN  SELL_SKIP [KRX] 037030 reason=PHANTOM_POSITION phase=NONE qty=58 avgPrice=8433.6207
2026-05-07 15:34:17 WARN  SELL_SKIP [KRX] 037030 reason=PHANTOM_POSITION phase=NONE qty=58 avgPrice=8433.6207
2026-05-07 15:34:22 WARN  SELL_SKIP [KRX] 037030 reason=PHANTOM_POSITION phase=NONE qty=58 avgPrice=8433.6207
2026-05-07 15:34:27 WARN  SELL_SKIP [KRX] 037030 reason=PHANTOM_POSITION phase=NONE qty=58 avgPrice=8433.6207
2026-05-07 15:34:32 WARN  SELL_SKIP [KRX] 037030 reason=PHANTOM_POSITION phase=NONE qty=58 avgPrice=8433.6207
2026-05-07 15:34:37 WARN  SELL_SKIP [KRX] 037030 reason=PHANTOM_POSITION phase=NONE qty=58 avgPrice=8433.6207
2026-05-07 15:34:58 WARN  SELL_SKIP [KRX] 037030 reason=PHANTOM_POSITION phase=NONE qty=58 avgPrice=8433.6207
2026-05-07 15:35:03 WARN  SELL_SKIP [KRX] 037030 reason=PHANTOM_POSITION phase=NONE qty=58 avgPrice=8433.6207
2026-05-07 15:35:08 WARN  SELL_SKIP [KRX] 037030 reason=PHANTOM_POSITION phase=NONE qty=58 avgPrice=8433.6207
2026-05-07 15:35:13 WARN  SELL_SKIP [KRX] 037030 reason=PHANTOM_POSITION phase=NONE qty=58 avgPrice=8433.6207
2026-05-07 15:35:18 WARN  SELL_SKIP [KRX] 037030 reason=PHANTOM_POSITION phase=NONE qty=58 avgPrice=8433.6207
2026-05-07 15:35:23 WARN  SELL_SKIP [KRX] 037030 reason=PHANTOM_POSITION phase=NONE qty=58 avgPrice=8433.6207
2026-05-07 15:35:28 WARN  SELL_SKIP [KRX] 037030 reason=PHANTOM_POSITION phase=NONE qty=58 avgPrice=8433.6207
2026-05-07 15:35:33 WARN  SELL_SKIP [KRX] 037030 reason=PHANTOM_POSITION phase=NONE qty=58 avgPrice=8433.6207
2026-05-07 15:35:38 WARN  SELL_SKIP [KRX] 037030 reason=PHANTOM_POSITION phase=NONE qty=58 avgPrice=8433.6207
2026-05-07 15:35:43 WARN  SELL_SKIP [KRX] 037030 reason=PHANTOM_POSITION phase=NONE qty=58 avgPrice=8433.6207
2026-05-07 15:35:48 WARN  SELL_SKIP [KRX] 037030 reason=PHANTOM_POSITION phase=NONE qty=58 avgPrice=8433.6207
2026-05-07 15:35:54 WARN  SELL_SKIP [KRX] 037030 reason=PHANTOM_POSITION phase=NONE qty=58 avgPrice=8433.6207
2026-05-07 15:35:59 WARN  SELL_SKIP [KRX] 037030 reason=PHANTOM_POSITION phase=NONE qty=58 avgPrice=8433.6207
2026-05-07 15:36:04 WARN  SELL_SKIP [KRX] 037030 reason=PHANTOM_POSITION phase=NONE qty=58 avgPrice=8433.6207
2026-05-07 15:36:09 WARN  SELL_SKIP [KRX] 037030 reason=PHANTOM_POSITION phase=NONE qty=58 avgPrice=8433.6207
2026-05-07 15:36:14 WARN  SELL_SKIP [KRX] 037030 reason=PHANTOM_POSITION phase=NONE qty=58 avgPrice=8433.6207
2026-05-07 15:36:19 WARN  SELL_SKIP [KRX] 037030 reason=PHANTOM_POSITION phase=NONE qty=58 avgPrice=8433.6207
2026-05-07 15:36:24 WARN  SELL_SKIP [KRX] 037030 reason=PHANTOM_POSITION phase=NONE qty=58 avgPrice=8433.6207
2026-05-07 15:36:29 WARN  SELL_SKIP [KRX] 037030 reason=PHANTOM_POSITION phase=NONE qty=58 avgPrice=8433.6207
2026-05-07 15:36:39 WARN  SELL_SKIP [KRX] 037030 reason=PHANTOM_POSITION phase=NONE qty=58 avgPrice=8433.6207
2026-05-07 15:36:50 WARN  SELL_SKIP [KRX] 037030 reason=PHANTOM_POSITION phase=NONE qty=58 avgPrice=8433.6207
2026-05-07 15:36:55 WARN  SELL_SKIP [KRX] 037030 reason=PHANTOM_POSITION phase=NONE qty=58 avgPrice=8433.6207
2026-05-07 15:37:00 WARN  SELL_SKIP [KRX] 037030 reason=PHANTOM_POSITION phase=NONE qty=58 avgPrice=8433.6207
2026-05-07 15:37:05 WARN  SELL_SKIP [KRX] 037030 reason=PHANTOM_POSITION phase=NONE qty=58 avgPrice=8433.6207
2026-05-07 15:37:10 WARN  SELL_SKIP [KRX] 037030 reason=PHANTOM_POSITION phase=NONE qty=58 avgPrice=8433.6207
2026-05-07 15:37:15 WARN  SELL_SKIP [KRX] 037030 reason=PHANTOM_POSITION phase=NONE qty=58 avgPrice=8433.6207
2026-05-07 15:37:20 WARN  SELL_SKIP [KRX] 037030 reason=PHANTOM_POSITION phase=NONE qty=58 avgPrice=8433.6207
2026-05-07 15:37:31 WARN  SELL_SKIP [KRX] 037030 reason=PHANTOM_POSITION phase=NONE qty=58 avgPrice=8433.6207
2026-05-07 15:37:36 WARN  SELL_SKIP [KRX] 037030 reason=PHANTOM_POSITION phase=NONE qty=58 avgPrice=8433.6207
2026-05-07 15:37:41 WARN  SELL_SKIP [KRX] 037030 reason=PHANTOM_POSITION phase=NONE qty=58 avgPrice=8433.6207
2026-05-07 15:37:46 WARN  SELL_SKIP [KRX] 037030 reason=PHANTOM_POSITION phase=NONE qty=58 avgPrice=8433.6207
2026-05-07 15:37:51 WARN  SELL_SKIP [KRX] 037030 reason=PHANTOM_POSITION phase=NONE qty=58 avgPrice=8433.6207
2026-05-07 15:37:56 WARN  SELL_SKIP [KRX] 037030 reason=PHANTOM_POSITION phase=NONE qty=58 avgPrice=8433.6207
2026-05-07 15:38:01 WARN  SELL_SKIP [KRX] 037030 reason=PHANTOM_POSITION phase=NONE qty=58 avgPrice=8433.6207
2026-05-07 15:38:06 WARN  SELL_SKIP [KRX] 037030 reason=PHANTOM_POSITION phase=NONE qty=58 avgPrice=8433.6207
2026-05-07 15:38:11 WARN  SELL_SKIP [KRX] 037030 reason=PHANTOM_POSITION phase=NONE qty=58 avgPrice=8433.6207
2026-05-07 15:38:16 WARN  SELL_SKIP [KRX] 037030 reason=PHANTOM_POSITION phase=NONE qty=58 avgPrice=8433.6207
2026-05-07 15:38:22 WARN  SELL_SKIP [KRX] 037030 reason=PHANTOM_POSITION phase=NONE qty=58 avgPrice=8433.6207
2026-05-07 15:38:27 WARN  SELL_SKIP [KRX] 037030 reason=PHANTOM_POSITION phase=NONE qty=58 avgPrice=8433.6207
2026-05-07 15:38:32 WARN  SELL_SKIP [KRX] 037030 reason=PHANTOM_POSITION phase=NONE qty=58 avgPrice=8433.6207
2026-05-07 15:38:37 WARN  SELL_SKIP [KRX] 037030 reason=PHANTOM_POSITION phase=NONE qty=58 avgPrice=8433.6207
2026-05-07 15:38:42 WARN  SELL_SKIP [KRX] 037030 reason=PHANTOM_POSITION phase=NONE qty=58 avgPrice=8433.6207
2026-05-07 15:38:47 WARN  SELL_SKIP [KRX] 037030 reason=PHANTOM_POSITION phase=NONE qty=58 avgPrice=8433.6207
2026-05-07 15:38:52 WARN  SELL_SKIP [KRX] 037030 reason=PHANTOM_POSITION phase=NONE qty=58 avgPrice=8433.6207
2026-05-07 15:38:57 WARN  SELL_SKIP [KRX] 037030 reason=PHANTOM_POSITION phase=NONE qty=58 avgPrice=8433.6207
2026-05-07 15:39:03 WARN  SELL_SKIP [KRX] 037030 reason=PHANTOM_POSITION phase=NONE qty=58 avgPrice=8433.6207
2026-05-07 15:39:08 WARN  SELL_SKIP [KRX] 037030 reason=PHANTOM_POSITION phase=NONE qty=58 avgPrice=8433.6207
2026-05-07 15:39:13 WARN  SELL_SKIP [KRX] 037030 reason=PHANTOM_POSITION phase=NONE qty=58 avgPrice=8433.6207
2026-05-07 15:39:28 WARN  SELL_SKIP [KRX] 037030 reason=PHANTOM_POSITION phase=NONE qty=58 avgPrice=8433.6207
2026-05-07 15:39:33 WARN  SELL_SKIP [KRX] 037030 reason=PHANTOM_POSITION phase=NONE qty=58 avgPrice=8433.6207
2026-05-07 15:39:38 WARN  SELL_SKIP [KRX] 037030 reason=PHANTOM_POSITION phase=NONE qty=58 avgPrice=8433.6207
2026-05-07 15:39:43 WARN  SELL_SKIP [KRX] 037030 reason=PHANTOM_POSITION phase=NONE qty=58 avgPrice=8433.6207
2026-05-07 15:39:53 WARN  SELL_SKIP [KRX] 037030 reason=PHANTOM_POSITION phase=NONE qty=58 avgPrice=8433.6207
2026-05-07 15:39:58 WARN  SELL_SKIP [KRX] 037030 reason=PHANTOM_POSITION phase=NONE qty=58 avgPrice=8433.6207
2026-05-07 15:40:04 WARN  SELL_SKIP [KRX] 037030 reason=PHANTOM_POSITION phase=NONE qty=58 avgPrice=8433.6207
2026-05-07 15:40:09 WARN  SELL_SKIP [KRX] 037030 reason=PHANTOM_POSITION phase=NONE qty=58 avgPrice=8433.6207
2026-05-07 15:40:14 WARN  SELL_SKIP [KRX] 037030 reason=PHANTOM_POSITION phase=NONE qty=58 avgPrice=8433.6207
2026-05-07 15:40:19 WARN  SELL_SKIP [KRX] 037030 reason=PHANTOM_POSITION phase=NONE qty=58 avgPrice=8433.6207
2026-05-07 15:40:24 WARN  SELL_SKIP [KRX] 037030 reason=PHANTOM_POSITION phase=NONE qty=58 avgPrice=8433.6207
2026-05-07 15:40:29 WARN  SELL_SKIP [KRX] 037030 reason=PHANTOM_POSITION phase=NONE qty=58 avgPrice=8433.6207
2026-05-07 15:40:39 WARN  SELL_SKIP [KRX] 037030 reason=PHANTOM_POSITION phase=NONE qty=58 avgPrice=8433.6207
2026-05-07 15:40:49 WARN  SELL_SKIP [KRX] 037030 reason=PHANTOM_POSITION phase=NONE qty=58 avgPrice=8433.6207
2026-05-07 15:40:54 WARN  SELL_SKIP [KRX] 037030 reason=PHANTOM_POSITION phase=NONE qty=58 avgPrice=8433.6207
2026-05-07 15:41:00 WARN  SELL_SKIP [KRX] 037030 reason=PHANTOM_POSITION phase=NONE qty=58 avgPrice=8433.6207
2026-05-07 15:41:05 WARN  SELL_SKIP [KRX] 037030 reason=PHANTOM_POSITION phase=NONE qty=58 avgPrice=8433.6207
2026-05-07 15:41:10 WARN  SELL_SKIP [KRX] 037030 reason=PHANTOM_POSITION phase=NONE qty=58 avgPrice=8433.6207
2026-05-07 15:41:15 WARN  SELL_SKIP [KRX] 037030 reason=PHANTOM_POSITION phase=NONE qty=58 avgPrice=8433.6207
2026-05-07 15:41:20 WARN  SELL_SKIP [KRX] 037030 reason=PHANTOM_POSITION phase=NONE qty=58 avgPrice=8433.6207
2026-05-07 15:41:25 WARN  SELL_SKIP [KRX] 037030 reason=PHANTOM_POSITION phase=NONE qty=58 avgPrice=8433.6207
2026-05-07 15:41:30 WARN  SELL_SKIP [KRX] 037030 reason=PHANTOM_POSITION phase=NONE qty=58 avgPrice=8433.6207
2026-05-07 15:41:35 WARN  SELL_SKIP [KRX] 037030 reason=PHANTOM_POSITION phase=NONE qty=58 avgPrice=8433.6207
2026-05-07 15:41:40 WARN  SELL_SKIP [KRX] 037030 reason=PHANTOM_POSITION phase=NONE qty=58 avgPrice=8433.6207
2026-05-07 15:41:50 WARN  SELL_SKIP [KRX] 037030 reason=PHANTOM_POSITION phase=NONE qty=58 avgPrice=8433.6207
2026-05-07 15:41:56 WARN  SELL_SKIP [KRX] 037030 reason=PHANTOM_POSITION phase=NONE qty=58 avgPrice=8433.6207
2026-05-07 15:42:01 WARN  SELL_SKIP [KRX] 037030 reason=PHANTOM_POSITION phase=NONE qty=58 avgPrice=8433.6207
2026-05-07 15:42:06 WARN  SELL_SKIP [KRX] 037030 reason=PHANTOM_POSITION phase=NONE qty=58 avgPrice=8433.6207
2026-05-07 15:42:11 WARN  SELL_SKIP [KRX] 037030 reason=PHANTOM_POSITION phase=NONE qty=58 avgPrice=8433.6207
2026-05-07 15:42:16 WARN  SELL_SKIP [KRX] 037030 reason=PHANTOM_POSITION phase=NONE qty=58 avgPrice=8433.6207
2026-05-07 15:42:21 WARN  SELL_SKIP [KRX] 037030 reason=PHANTOM_POSITION phase=NONE qty=58 avgPrice=8433.6207
2026-05-07 15:42:26 WARN  SELL_SKIP [KRX] 037030 reason=PHANTOM_POSITION phase=NONE qty=58 avgPrice=8433.6207
2026-05-07 15:42:31 WARN  SELL_SKIP [KRX] 037030 reason=PHANTOM_POSITION phase=NONE qty=58 avgPrice=8433.6207
2026-05-07 15:42:36 WARN  SELL_SKIP [KRX] 037030 reason=PHANTOM_POSITION phase=NONE qty=58 avgPrice=8433.6207
2026-05-07 15:42:41 WARN  SELL_SKIP [KRX] 037030 reason=PHANTOM_POSITION phase=NONE qty=58 avgPrice=8433.6207
2026-05-07 15:42:47 WARN  SELL_SKIP [KRX] 037030 reason=PHANTOM_POSITION phase=NONE qty=58 avgPrice=8433.6207
2026-05-07 15:42:52 WARN  SELL_SKIP [KRX] 037030 reason=PHANTOM_POSITION phase=NONE qty=58 avgPrice=8433.6207
2026-05-07 15:42:57 WARN  SELL_SKIP [KRX] 037030 reason=PHANTOM_POSITION phase=NONE qty=58 avgPrice=8433.6207
2026-05-07 15:43:02 WARN  SELL_SKIP [KRX] 037030 reason=PHANTOM_POSITION phase=NONE qty=58 avgPrice=8433.6207
2026-05-07 15:43:07 WARN  SELL_SKIP [KRX] 037030 reason=PHANTOM_POSITION phase=NONE qty=58 avgPrice=8433.6207
2026-05-07 15:43:12 WARN  SELL_SKIP [KRX] 037030 reason=PHANTOM_POSITION phase=NONE qty=58 avgPrice=8433.6207
2026-05-07 15:43:17 WARN  SELL_SKIP [KRX] 037030 reason=PHANTOM_POSITION phase=NONE qty=58 avgPrice=8433.6207
2026-05-07 15:43:22 WARN  SELL_SKIP [KRX] 037030 reason=PHANTOM_POSITION phase=NONE qty=58 avgPrice=8433.6207
2026-05-07 15:43:27 WARN  SELL_SKIP [KRX] 037030 reason=PHANTOM_POSITION phase=NONE qty=58 avgPrice=8433.6207
2026-05-07 15:43:32 WARN  SELL_SKIP [KRX] 037030 reason=PHANTOM_POSITION phase=NONE qty=58 avgPrice=8433.6207
2026-05-07 15:43:38 WARN  SELL_SKIP [KRX] 037030 reason=PHANTOM_POSITION phase=NONE qty=58 avgPrice=8433.6207
2026-05-07 15:43:43 WARN  SELL_SKIP [KRX] 037030 reason=PHANTOM_POSITION phase=NONE qty=58 avgPrice=8433.6207
2026-05-07 15:43:48 WARN  SELL_SKIP [KRX] 037030 reason=PHANTOM_POSITION phase=NONE qty=58 avgPrice=8433.6207
2026-05-07 15:43:53 WARN  SELL_SKIP [KRX] 037030 reason=PHANTOM_POSITION phase=NONE qty=58 avgPrice=8433.6207
2026-05-07 15:43:58 WARN  SELL_SKIP [KRX] 037030 reason=PHANTOM_POSITION phase=NONE qty=58 avgPrice=8433.6207
2026-05-07 15:44:03 WARN  SELL_SKIP [KRX] 037030 reason=PHANTOM_POSITION phase=NONE qty=58 avgPrice=8433.6207
2026-05-07 15:44:08 WARN  SELL_SKIP [KRX] 037030 reason=PHANTOM_POSITION phase=NONE qty=58 avgPrice=8433.6207
2026-05-07 15:44:13 WARN  SELL_SKIP [KRX] 037030 reason=PHANTOM_POSITION phase=NONE qty=58 avgPrice=8433.6207
2026-05-07 15:44:18 WARN  SELL_SKIP [KRX] 037030 reason=PHANTOM_POSITION phase=NONE qty=58 avgPrice=8433.6207
2026-05-07 15:44:23 WARN  SELL_SKIP [KRX] 037030 reason=PHANTOM_POSITION phase=NONE qty=58 avgPrice=8433.6207
2026-05-07 15:44:28 WARN  SELL_SKIP [KRX] 037030 reason=PHANTOM_POSITION phase=NONE qty=58 avgPrice=8433.6207
2026-05-07 15:44:34 WARN  SELL_SKIP [KRX] 037030 reason=PHANTOM_POSITION phase=NONE qty=58 avgPrice=8433.6207
2026-05-07 15:44:39 WARN  SELL_SKIP [KRX] 037030 reason=PHANTOM_POSITION phase=NONE qty=58 avgPrice=8433.6207
2026-05-07 15:44:44 WARN  SELL_SKIP [KRX] 037030 reason=PHANTOM_POSITION phase=NONE qty=58 avgPrice=8433.6207
2026-05-07 15:44:49 WARN  SELL_SKIP [KRX] 037030 reason=PHANTOM_POSITION phase=NONE qty=58 avgPrice=8433.6207
2026-05-07 15:44:54 WARN  SELL_SKIP [KRX] 037030 reason=PHANTOM_POSITION phase=NONE qty=58 avgPrice=8433.6207
2026-05-07 15:44:59 WARN  SELL_SKIP [KRX] 037030 reason=PHANTOM_POSITION phase=NONE qty=58 avgPrice=8433.6207
2026-05-07 15:45:04 WARN  SELL_SKIP [KRX] 037030 reason=PHANTOM_POSITION phase=NONE qty=58 avgPrice=8433.6207
2026-05-07 15:45:09 WARN  SELL_SKIP [KRX] 037030 reason=PHANTOM_POSITION phase=NONE qty=58 avgPrice=8433.6207
2026-05-07 15:45:14 WARN  SELL_SKIP [KRX] 037030 reason=PHANTOM_POSITION phase=NONE qty=58 avgPrice=8433.6207
2026-05-07 15:45:19 WARN  SELL_SKIP [KRX] 037030 reason=PHANTOM_POSITION phase=NONE qty=58 avgPrice=8433.6207
2026-05-07 15:45:24 WARN  SELL_SKIP [KRX] 037030 reason=PHANTOM_POSITION phase=NONE qty=58 avgPrice=8433.6207
2026-05-07 15:45:29 WARN  SELL_SKIP [KRX] 037030 reason=PHANTOM_POSITION phase=NONE qty=58 avgPrice=8433.6207
2026-05-07 15:45:35 WARN  SELL_SKIP [KRX] 037030 reason=PHANTOM_POSITION phase=NONE qty=58 avgPrice=8433.6207
2026-05-07 15:45:40 WARN  SELL_SKIP [KRX] 037030 reason=PHANTOM_POSITION phase=NONE qty=58 avgPrice=8433.6207
2026-05-07 15:45:45 WARN  SELL_SKIP [KRX] 037030 reason=PHANTOM_POSITION phase=NONE qty=58 avgPrice=8433.6207
2026-05-07 15:45:50 WARN  SELL_SKIP [KRX] 037030 reason=PHANTOM_POSITION phase=NONE qty=58 avgPrice=8433.6207
2026-05-07 15:45:55 WARN  SELL_SKIP [KRX] 037030 reason=PHANTOM_POSITION phase=NONE qty=58 avgPrice=8433.6207
2026-05-07 15:46:00 WARN  SELL_SKIP [KRX] 037030 reason=PHANTOM_POSITION phase=NONE qty=58 avgPrice=8433.6207
2026-05-07 15:46:05 WARN  SELL_SKIP [KRX] 037030 reason=PHANTOM_POSITION phase=NONE qty=58 avgPrice=8433.6207
2026-05-07 15:46:10 WARN  SELL_SKIP [KRX] 037030 reason=PHANTOM_POSITION phase=NONE qty=58 avgPrice=8433.6207
2026-05-07 15:46:15 WARN  SELL_SKIP [KRX] 037030 reason=PHANTOM_POSITION phase=NONE qty=58 avgPrice=8433.6207
2026-05-07 15:46:20 WARN  SELL_SKIP [KRX] 037030 reason=PHANTOM_POSITION phase=NONE qty=58 avgPrice=8433.6207
2026-05-07 15:46:25 WARN  SELL_SKIP [KRX] 037030 reason=PHANTOM_POSITION phase=NONE qty=58 avgPrice=8433.6207
2026-05-07 15:46:31 WARN  SELL_SKIP [KRX] 037030 reason=PHANTOM_POSITION phase=NONE qty=58 avgPrice=8433.6207
2026-05-07 15:46:36 WARN  SELL_SKIP [KRX] 037030 reason=PHANTOM_POSITION phase=NONE qty=58 avgPrice=8433.6207
2026-05-07 15:46:41 WARN  SELL_SKIP [KRX] 037030 reason=PHANTOM_POSITION phase=NONE qty=58 avgPrice=8433.6207
2026-05-07 15:46:46 WARN  SELL_SKIP [KRX] 037030 reason=PHANTOM_POSITION phase=NONE qty=58 avgPrice=8433.6207
2026-05-07 15:46:51 WARN  SELL_SKIP [KRX] 037030 reason=PHANTOM_POSITION phase=NONE qty=58 avgPrice=8433.6207
2026-05-07 15:46:56 WARN  SELL_SKIP [KRX] 037030 reason=PHANTOM_POSITION phase=NONE qty=58 avgPrice=8433.6207
2026-05-07 15:47:01 WARN  SELL_SKIP [KRX] 037030 reason=PHANTOM_POSITION phase=NONE qty=58 avgPrice=8433.6207
2026-05-07 15:47:06 WARN  SELL_SKIP [KRX] 037030 reason=PHANTOM_POSITION phase=NONE qty=58 avgPrice=8433.6207
2026-05-07 15:47:11 WARN  SELL_SKIP [KRX] 037030 reason=PHANTOM_POSITION phase=NONE qty=58 avgPrice=8433.6207
2026-05-07 15:47:16 WARN  SELL_SKIP [KRX] 037030 reason=PHANTOM_POSITION phase=NONE qty=58 avgPrice=8433.6207
2026-05-07 15:47:21 WARN  SELL_SKIP [KRX] 037030 reason=PHANTOM_POSITION phase=NONE qty=58 avgPrice=8433.6207
2026-05-07 15:47:26 WARN  SELL_SKIP [KRX] 037030 reason=PHANTOM_POSITION phase=NONE qty=58 avgPrice=8433.6207
2026-05-07 15:47:32 WARN  SELL_SKIP [KRX] 037030 reason=PHANTOM_POSITION phase=NONE qty=58 avgPrice=8433.6207
2026-05-07 15:47:37 WARN  SELL_SKIP [KRX] 037030 reason=PHANTOM_POSITION phase=NONE qty=58 avgPrice=8433.6207
2026-05-07 15:47:42 WARN  SELL_SKIP [KRX] 037030 reason=PHANTOM_POSITION phase=NONE qty=58 avgPrice=8433.6207
2026-05-07 15:47:47 WARN  SELL_SKIP [KRX] 037030 reason=PHANTOM_POSITION phase=NONE qty=58 avgPrice=8433.6207
2026-05-07 15:47:52 WARN  SELL_SKIP [KRX] 037030 reason=PHANTOM_POSITION phase=NONE qty=58 avgPrice=8433.6207
2026-05-07 15:47:57 WARN  SELL_SKIP [KRX] 037030 reason=PHANTOM_POSITION phase=NONE qty=58 avgPrice=8433.6207
2026-05-07 15:48:02 WARN  SELL_SKIP [KRX] 037030 reason=PHANTOM_POSITION phase=NONE qty=58 avgPrice=8433.6207
2026-05-07 15:48:07 WARN  SELL_SKIP [KRX] 037030 reason=PHANTOM_POSITION phase=NONE qty=58 avgPrice=8433.6207
2026-05-07 15:48:12 WARN  SELL_SKIP [KRX] 037030 reason=PHANTOM_POSITION phase=NONE qty=58 avgPrice=8433.6207
2026-05-07 15:48:17 WARN  SELL_SKIP [KRX] 037030 reason=PHANTOM_POSITION phase=NONE qty=58 avgPrice=8433.6207
2026-05-07 15:48:22 WARN  SELL_SKIP [KRX] 037030 reason=PHANTOM_POSITION phase=NONE qty=58 avgPrice=8433.6207
2026-05-07 15:48:27 WARN  SELL_SKIP [KRX] 037030 reason=PHANTOM_POSITION phase=NONE qty=58 avgPrice=8433.6207
2026-05-07 15:48:33 WARN  SELL_SKIP [KRX] 037030 reason=PHANTOM_POSITION phase=NONE qty=58 avgPrice=8433.6207
2026-05-07 15:48:38 WARN  SELL_SKIP [KRX] 037030 reason=PHANTOM_POSITION phase=NONE qty=58 avgPrice=8433.6207
2026-05-07 15:48:43 WARN  SELL_SKIP [KRX] 037030 reason=PHANTOM_POSITION phase=NONE qty=58 avgPrice=8433.6207
2026-05-07 15:48:48 WARN  SELL_SKIP [KRX] 037030 reason=PHANTOM_POSITION phase=NONE qty=58 avgPrice=8433.6207
2026-05-07 15:48:53 WARN  SELL_SKIP [KRX] 037030 reason=PHANTOM_POSITION phase=NONE qty=58 avgPrice=8433.6207
2026-05-07 15:48:58 WARN  SELL_SKIP [KRX] 037030 reason=PHANTOM_POSITION phase=NONE qty=58 avgPrice=8433.6207
2026-05-07 15:49:03 WARN  SELL_SKIP [KRX] 037030 reason=PHANTOM_POSITION phase=NONE qty=58 avgPrice=8433.6207
2026-05-07 15:49:08 WARN  SELL_SKIP [KRX] 037030 reason=PHANTOM_POSITION phase=NONE qty=58 avgPrice=8433.6207
2026-05-07 15:49:13 WARN  SELL_SKIP [KRX] 037030 reason=PHANTOM_POSITION phase=NONE qty=58 avgPrice=8433.6207
2026-05-07 15:49:18 WARN  SELL_SKIP [KRX] 037030 reason=PHANTOM_POSITION phase=NONE qty=58 avgPrice=8433.6207
2026-05-07 15:49:23 WARN  SELL_SKIP [KRX] 037030 reason=PHANTOM_POSITION phase=NONE qty=58 avgPrice=8433.6207
2026-05-07 15:49:28 WARN  SELL_SKIP [KRX] 037030 reason=PHANTOM_POSITION phase=NONE qty=58 avgPrice=8433.6207
2026-05-07 15:49:34 WARN  SELL_SKIP [KRX] 037030 reason=PHANTOM_POSITION phase=NONE qty=58 avgPrice=8433.6207
2026-05-07 15:49:39 WARN  SELL_SKIP [KRX] 037030 reason=PHANTOM_POSITION phase=NONE qty=58 avgPrice=8433.6207
2026-05-07 15:49:44 WARN  SELL_SKIP [KRX] 037030 reason=PHANTOM_POSITION phase=NONE qty=58 avgPrice=8433.6207
2026-05-07 15:49:49 WARN  SELL_SKIP [KRX] 037030 reason=PHANTOM_POSITION phase=NONE qty=58 avgPrice=8433.6207
2026-05-07 15:49:54 WARN  SELL_SKIP [KRX] 037030 reason=PHANTOM_POSITION phase=NONE qty=58 avgPrice=8433.6207
2026-05-07 15:49:59 WARN  SELL_SKIP [KRX] 037030 reason=PHANTOM_POSITION phase=NONE qty=58 avgPrice=8433.6207
2026-05-07 15:50:04 WARN  SELL_SKIP [KRX] 037030 reason=PHANTOM_POSITION phase=NONE qty=58 avgPrice=8433.6207
2026-05-07 15:50:09 WARN  SELL_SKIP [KRX] 037030 reason=PHANTOM_POSITION phase=NONE qty=58 avgPrice=8433.6207
2026-05-07 15:50:14 WARN  SELL_SKIP [KRX] 037030 reason=PHANTOM_POSITION phase=NONE qty=58 avgPrice=8433.6207
2026-05-07 15:50:19 WARN  SELL_SKIP [KRX] 037030 reason=PHANTOM_POSITION phase=NONE qty=58 avgPrice=8433.6207
2026-05-07 15:50:24 WARN  SELL_SKIP [KRX] 037030 reason=PHANTOM_POSITION phase=NONE qty=58 avgPrice=8433.6207
2026-05-07 15:50:30 WARN  SELL_SKIP [KRX] 037030 reason=PHANTOM_POSITION phase=NONE qty=58 avgPrice=8433.6207
2026-05-07 15:50:35 WARN  SELL_SKIP [KRX] 037030 reason=PHANTOM_POSITION phase=NONE qty=58 avgPrice=8433.6207
2026-05-07 15:50:40 WARN  SELL_SKIP [KRX] 037030 reason=PHANTOM_POSITION phase=NONE qty=58 avgPrice=8433.6207
2026-05-07 15:50:45 WARN  SELL_SKIP [KRX] 037030 reason=PHANTOM_POSITION phase=NONE qty=58 avgPrice=8433.6207
2026-05-07 15:50:50 WARN  SELL_SKIP [KRX] 037030 reason=PHANTOM_POSITION phase=NONE qty=58 avgPrice=8433.6207
2026-05-07 15:50:55 WARN  SELL_SKIP [KRX] 037030 reason=PHANTOM_POSITION phase=NONE qty=58 avgPrice=8433.6207
2026-05-07 15:51:00 WARN  SELL_SKIP [KRX] 037030 reason=PHANTOM_POSITION phase=NONE qty=58 avgPrice=8433.6207
2026-05-07 15:51:05 WARN  SELL_SKIP [KRX] 037030 reason=PHANTOM_POSITION phase=NONE qty=58 avgPrice=8433.6207
2026-05-07 15:51:10 WARN  SELL_SKIP [KRX] 037030 reason=PHANTOM_POSITION phase=NONE qty=58 avgPrice=8433.6207
2026-05-07 15:51:15 WARN  SELL_SKIP [KRX] 037030 reason=PHANTOM_POSITION phase=NONE qty=58 avgPrice=8433.6207
2026-05-07 15:51:20 WARN  SELL_SKIP [KRX] 037030 reason=PHANTOM_POSITION phase=NONE qty=58 avgPrice=8433.6207
2026-05-07 15:51:26 WARN  SELL_SKIP [KRX] 037030 reason=PHANTOM_POSITION phase=NONE qty=58 avgPrice=8433.6207
2026-05-07 15:51:31 WARN  SELL_SKIP [KRX] 037030 reason=PHANTOM_POSITION phase=NONE qty=58 avgPrice=8433.6207
2026-05-07 15:51:36 WARN  SELL_SKIP [KRX] 037030 reason=PHANTOM_POSITION phase=NONE qty=58 avgPrice=8433.6207
2026-05-07 15:51:41 WARN  SELL_SKIP [KRX] 037030 reason=PHANTOM_POSITION phase=NONE qty=58 avgPrice=8433.6207
2026-05-07 15:51:46 WARN  SELL_SKIP [KRX] 037030 reason=PHANTOM_POSITION phase=NONE qty=58 avgPrice=8433.6207
2026-05-07 15:51:51 WARN  SELL_SKIP [KRX] 037030 reason=PHANTOM_POSITION phase=NONE qty=58 avgPrice=8433.6207
2026-05-07 15:51:56 WARN  SELL_SKIP [KRX] 037030 reason=PHANTOM_POSITION phase=NONE qty=58 avgPrice=8433.6207
2026-05-07 15:52:01 WARN  SELL_SKIP [KRX] 037030 reason=PHANTOM_POSITION phase=NONE qty=58 avgPrice=8433.6207
2026-05-07 15:52:06 WARN  SELL_SKIP [KRX] 037030 reason=PHANTOM_POSITION phase=NONE qty=58 avgPrice=8433.6207
2026-05-07 15:52:11 WARN  SELL_SKIP [KRX] 037030 reason=PHANTOM_POSITION phase=NONE qty=58 avgPrice=8433.6207
2026-05-07 15:52:16 WARN  SELL_SKIP [KRX] 037030 reason=PHANTOM_POSITION phase=NONE qty=58 avgPrice=8433.6207
2026-05-07 15:52:22 WARN  SELL_SKIP [KRX] 037030 reason=PHANTOM_POSITION phase=NONE qty=58 avgPrice=8433.6207
2026-05-07 15:52:27 WARN  SELL_SKIP [KRX] 037030 reason=PHANTOM_POSITION phase=NONE qty=58 avgPrice=8433.6207
2026-05-07 15:52:32 WARN  SELL_SKIP [KRX] 037030 reason=PHANTOM_POSITION phase=NONE qty=58 avgPrice=8433.6207
2026-05-07 15:52:37 WARN  SELL_SKIP [KRX] 037030 reason=PHANTOM_POSITION phase=NONE qty=58 avgPrice=8433.6207
2026-05-07 15:52:42 WARN  SELL_SKIP [KRX] 037030 reason=PHANTOM_POSITION phase=NONE qty=58 avgPrice=8433.6207
2026-05-07 15:52:47 WARN  SELL_SKIP [KRX] 037030 reason=PHANTOM_POSITION phase=NONE qty=58 avgPrice=8433.6207
2026-05-07 15:52:52 WARN  SELL_SKIP [KRX] 037030 reason=PHANTOM_POSITION phase=NONE qty=58 avgPrice=8433.6207
2026-05-07 15:52:57 WARN  SELL_SKIP [KRX] 037030 reason=PHANTOM_POSITION phase=NONE qty=58 avgPrice=8433.6207
2026-05-07 15:53:02 WARN  SELL_SKIP [KRX] 037030 reason=PHANTOM_POSITION phase=NONE qty=58 avgPrice=8433.6207
2026-05-07 15:53:07 WARN  SELL_SKIP [KRX] 037030 reason=PHANTOM_POSITION phase=NONE qty=58 avgPrice=8433.6207
2026-05-07 15:53:13 WARN  SELL_SKIP [KRX] 037030 reason=PHANTOM_POSITION phase=NONE qty=58 avgPrice=8433.6207
2026-05-07 15:53:18 WARN  SELL_SKIP [KRX] 037030 reason=PHANTOM_POSITION phase=NONE qty=58 avgPrice=8433.6207
2026-05-07 15:53:23 WARN  SELL_SKIP [KRX] 037030 reason=PHANTOM_POSITION phase=NONE qty=58 avgPrice=8433.6207
2026-05-07 15:53:28 WARN  SELL_SKIP [KRX] 037030 reason=PHANTOM_POSITION phase=NONE qty=58 avgPrice=8433.6207
2026-05-07 15:53:33 WARN  SELL_SKIP [KRX] 037030 reason=PHANTOM_POSITION phase=NONE qty=58 avgPrice=8433.6207
2026-05-07 15:53:38 WARN  SELL_SKIP [KRX] 037030 reason=PHANTOM_POSITION phase=NONE qty=58 avgPrice=8433.6207
2026-05-07 15:53:43 WARN  SELL_SKIP [KRX] 037030 reason=PHANTOM_POSITION phase=NONE qty=58 avgPrice=8433.6207
2026-05-07 15:53:48 WARN  SELL_SKIP [KRX] 037030 reason=PHANTOM_POSITION phase=NONE qty=58 avgPrice=8433.6207
2026-05-07 15:53:53 WARN  SELL_SKIP [KRX] 037030 reason=PHANTOM_POSITION phase=NONE qty=58 avgPrice=8433.6207
2026-05-07 15:53:58 WARN  SELL_SKIP [KRX] 037030 reason=PHANTOM_POSITION phase=NONE qty=58 avgPrice=8433.6207
2026-05-07 15:54:03 WARN  SELL_SKIP [KRX] 037030 reason=PHANTOM_POSITION phase=NONE qty=58 avgPrice=8433.6207
2026-05-07 15:54:08 WARN  SELL_SKIP [KRX] 037030 reason=PHANTOM_POSITION phase=NONE qty=58 avgPrice=8433.6207
2026-05-07 15:54:19 WARN  SELL_SKIP [KRX] 037030 reason=PHANTOM_POSITION phase=NONE qty=58 avgPrice=8433.6207
2026-05-07 15:54:24 WARN  SELL_SKIP [KRX] 037030 reason=PHANTOM_POSITION phase=NONE qty=58 avgPrice=8433.6207
2026-05-07 15:54:29 WARN  SELL_SKIP [KRX] 037030 reason=PHANTOM_POSITION phase=NONE qty=58 avgPrice=8433.6207
2026-05-07 15:54:34 WARN  SELL_SKIP [KRX] 037030 reason=PHANTOM_POSITION phase=NONE qty=58 avgPrice=8433.6207
2026-05-07 15:54:39 WARN  SELL_SKIP [KRX] 037030 reason=PHANTOM_POSITION phase=NONE qty=58 avgPrice=8433.6207
2026-05-07 15:54:44 WARN  SELL_SKIP [KRX] 037030 reason=PHANTOM_POSITION phase=NONE qty=58 avgPrice=8433.6207
2026-05-07 15:54:49 WARN  SELL_SKIP [KRX] 037030 reason=PHANTOM_POSITION phase=NONE qty=58 avgPrice=8433.6207
2026-05-07 15:54:54 WARN  SELL_SKIP [KRX] 037030 reason=PHANTOM_POSITION phase=NONE qty=58 avgPrice=8433.6207
2026-05-07 15:54:59 WARN  SELL_SKIP [KRX] 037030 reason=PHANTOM_POSITION phase=NONE qty=58 avgPrice=8433.6207
2026-05-07 15:55:04 WARN  SELL_SKIP [KRX] 037030 reason=PHANTOM_POSITION phase=NONE qty=58 avgPrice=8433.6207
2026-05-07 15:55:10 WARN  SELL_SKIP [KRX] 037030 reason=PHANTOM_POSITION phase=NONE qty=58 avgPrice=8433.6207
2026-05-07 15:55:15 WARN  SELL_SKIP [KRX] 037030 reason=PHANTOM_POSITION phase=NONE qty=58 avgPrice=8433.6207
2026-05-07 15:55:20 WARN  SELL_SKIP [KRX] 037030 reason=PHANTOM_POSITION phase=NONE qty=58 avgPrice=8433.6207
2026-05-07 15:55:25 WARN  SELL_SKIP [KRX] 037030 reason=PHANTOM_POSITION phase=NONE qty=58 avgPrice=8433.6207
2026-05-07 15:55:30 WARN  SELL_SKIP [KRX] 037030 reason=PHANTOM_POSITION phase=NONE qty=58 avgPrice=8433.6207
2026-05-07 15:55:35 WARN  SELL_SKIP [KRX] 037030 reason=PHANTOM_POSITION phase=NONE qty=58 avgPrice=8433.6207
2026-05-07 15:55:40 WARN  SELL_SKIP [KRX] 037030 reason=PHANTOM_POSITION phase=NONE qty=58 avgPrice=8433.6207
2026-05-07 15:55:45 WARN  SELL_SKIP [KRX] 037030 reason=PHANTOM_POSITION phase=NONE qty=58 avgPrice=8433.6207
2026-05-07 15:55:50 WARN  SELL_SKIP [KRX] 037030 reason=PHANTOM_POSITION phase=NONE qty=58 avgPrice=8433.6207
2026-05-07 15:55:55 WARN  SELL_SKIP [KRX] 037030 reason=PHANTOM_POSITION phase=NONE qty=58 avgPrice=8433.6207
2026-05-07 15:56:00 WARN  SELL_SKIP [KRX] 037030 reason=PHANTOM_POSITION phase=NONE qty=58 avgPrice=8433.6207
2026-05-07 15:56:06 WARN  SELL_SKIP [KRX] 037030 reason=PHANTOM_POSITION phase=NONE qty=58 avgPrice=8433.6207
2026-05-07 15:56:11 WARN  SELL_SKIP [KRX] 037030 reason=PHANTOM_POSITION phase=NONE qty=58 avgPrice=8433.6207
2026-05-07 15:56:16 WARN  SELL_SKIP [KRX] 037030 reason=PHANTOM_POSITION phase=NONE qty=58 avgPrice=8433.6207
2026-05-07 15:56:21 WARN  SELL_SKIP [KRX] 037030 reason=PHANTOM_POSITION phase=NONE qty=58 avgPrice=8433.6207
2026-05-07 15:56:26 WARN  SELL_SKIP [KRX] 037030 reason=PHANTOM_POSITION phase=NONE qty=58 avgPrice=8433.6207
2026-05-07 15:56:31 WARN  SELL_SKIP [KRX] 037030 reason=PHANTOM_POSITION phase=NONE qty=58 avgPrice=8433.6207
2026-05-07 15:56:36 WARN  SELL_SKIP [KRX] 037030 reason=PHANTOM_POSITION phase=NONE qty=58 avgPrice=8433.6207
2026-05-07 15:56:41 WARN  SELL_SKIP [KRX] 037030 reason=PHANTOM_POSITION phase=NONE qty=58 avgPrice=8433.6207
2026-05-07 15:56:46 WARN  SELL_SKIP [KRX] 037030 reason=PHANTOM_POSITION phase=NONE qty=58 avgPrice=8433.6207
2026-05-07 15:56:51 WARN  SELL_SKIP [KRX] 037030 reason=PHANTOM_POSITION phase=NONE qty=58 avgPrice=8433.6207
2026-05-07 15:56:56 WARN  SELL_SKIP [KRX] 037030 reason=PHANTOM_POSITION phase=NONE qty=58 avgPrice=8433.6207
2026-05-07 15:57:01 WARN  SELL_SKIP [KRX] 037030 reason=PHANTOM_POSITION phase=NONE qty=58 avgPrice=8433.6207
2026-05-07 15:57:07 WARN  SELL_SKIP [KRX] 037030 reason=PHANTOM_POSITION phase=NONE qty=58 avgPrice=8433.6207
2026-05-07 15:57:12 WARN  SELL_SKIP [KRX] 037030 reason=PHANTOM_POSITION phase=NONE qty=58 avgPrice=8433.6207
2026-05-07 15:57:17 WARN  SELL_SKIP [KRX] 037030 reason=PHANTOM_POSITION phase=NONE qty=58 avgPrice=8433.6207
2026-05-07 15:57:22 WARN  SELL_SKIP [KRX] 037030 reason=PHANTOM_POSITION phase=NONE qty=58 avgPrice=8433.6207
2026-05-07 15:57:27 WARN  SELL_SKIP [KRX] 037030 reason=PHANTOM_POSITION phase=NONE qty=58 avgPrice=8433.6207
2026-05-07 15:57:32 WARN  SELL_SKIP [KRX] 037030 reason=PHANTOM_POSITION phase=NONE qty=58 avgPrice=8433.6207
2026-05-07 15:57:37 WARN  SELL_SKIP [KRX] 037030 reason=PHANTOM_POSITION phase=NONE qty=58 avgPrice=8433.6207
2026-05-07 15:57:42 WARN  SELL_SKIP [KRX] 037030 reason=PHANTOM_POSITION phase=NONE qty=58 avgPrice=8433.6207
2026-05-07 15:57:47 WARN  SELL_SKIP [KRX] 037030 reason=PHANTOM_POSITION phase=NONE qty=58 avgPrice=8433.6207
2026-05-07 15:57:52 WARN  SELL_SKIP [KRX] 037030 reason=PHANTOM_POSITION phase=NONE qty=58 avgPrice=8433.6207
2026-05-07 15:57:57 WARN  SELL_SKIP [KRX] 037030 reason=PHANTOM_POSITION phase=NONE qty=58 avgPrice=8433.6207
2026-05-07 15:58:03 WARN  SELL_SKIP [KRX] 037030 reason=PHANTOM_POSITION phase=NONE qty=58 avgPrice=8433.6207
2026-05-07 15:58:08 WARN  SELL_SKIP [KRX] 037030 reason=PHANTOM_POSITION phase=NONE qty=58 avgPrice=8433.6207
2026-05-07 15:58:13 WARN  SELL_SKIP [KRX] 037030 reason=PHANTOM_POSITION phase=NONE qty=58 avgPrice=8433.6207
2026-05-07 15:58:18 WARN  SELL_SKIP [KRX] 037030 reason=PHANTOM_POSITION phase=NONE qty=58 avgPrice=8433.6207
2026-05-07 15:58:23 WARN  SELL_SKIP [KRX] 037030 reason=PHANTOM_POSITION phase=NONE qty=58 avgPrice=8433.6207
2026-05-07 15:58:28 WARN  SELL_SKIP [KRX] 037030 reason=PHANTOM_POSITION phase=NONE qty=58 avgPrice=8433.6207
2026-05-07 15:58:33 WARN  SELL_SKIP [KRX] 037030 reason=PHANTOM_POSITION phase=NONE qty=58 avgPrice=8433.6207
2026-05-07 15:58:38 WARN  SELL_SKIP [KRX] 037030 reason=PHANTOM_POSITION phase=NONE qty=58 avgPrice=8433.6207
2026-05-07 15:58:43 WARN  SELL_SKIP [KRX] 037030 reason=PHANTOM_POSITION phase=NONE qty=58 avgPrice=8433.6207
2026-05-07 15:58:48 WARN  SELL_SKIP [KRX] 037030 reason=PHANTOM_POSITION phase=NONE qty=58 avgPrice=8433.6207
2026-05-07 15:58:53 WARN  SELL_SKIP [KRX] 037030 reason=PHANTOM_POSITION phase=NONE qty=58 avgPrice=8433.6207
2026-05-07 15:58:58 WARN  SELL_SKIP [KRX] 037030 reason=PHANTOM_POSITION phase=NONE qty=58 avgPrice=8433.6207
2026-05-07 15:59:04 WARN  SELL_SKIP [KRX] 037030 reason=PHANTOM_POSITION phase=NONE qty=58 avgPrice=8433.6207
2026-05-07 15:59:09 WARN  SELL_SKIP [KRX] 037030 reason=PHANTOM_POSITION phase=NONE qty=58 avgPrice=8433.6207
2026-05-07 15:59:14 WARN  SELL_SKIP [KRX] 037030 reason=PHANTOM_POSITION phase=NONE qty=58 avgPrice=8433.6207
2026-05-07 15:59:19 WARN  SELL_SKIP [KRX] 037030 reason=PHANTOM_POSITION phase=NONE qty=58 avgPrice=8433.6207
2026-05-07 15:59:24 WARN  SELL_SKIP [KRX] 037030 reason=PHANTOM_POSITION phase=NONE qty=58 avgPrice=8433.6207
2026-05-07 15:59:29 WARN  SELL_SKIP [KRX] 037030 reason=PHANTOM_POSITION phase=NONE qty=58 avgPrice=8433.6207
2026-05-07 15:59:34 WARN  SELL_SKIP [KRX] 037030 reason=PHANTOM_POSITION phase=NONE qty=58 avgPrice=8433.6207
2026-05-07 15:59:39 WARN  SELL_SKIP [KRX] 037030 reason=PHANTOM_POSITION phase=NONE qty=58 avgPrice=8433.6207
2026-05-07 15:59:44 WARN  SELL_SKIP [KRX] 037030 reason=PHANTOM_POSITION phase=NONE qty=58 avgPrice=8433.6207
2026-05-07 15:59:49 WARN  SELL_SKIP [KRX] 037030 reason=PHANTOM_POSITION phase=NONE qty=58 avgPrice=8433.6207
2026-05-07 15:59:54 WARN  SELL_SKIP [KRX] 037030 reason=PHANTOM_POSITION phase=NONE qty=58 avgPrice=8433.6207
2026-05-07 15:59:59 WARN  SELL_SKIP [KRX] 037030 reason=PHANTOM_POSITION phase=NONE qty=58 avgPrice=8433.6207
2026-05-07 16:00:05 WARN  SELL_SKIP [KRX] 037030 reason=PHANTOM_POSITION phase=NONE qty=58 avgPrice=8433.6207
2026-05-07 16:00:10 WARN  SELL_SKIP [KRX] 037030 reason=PHANTOM_POSITION phase=NONE qty=58 avgPrice=8433.6207
2026-05-07 16:00:15 WARN  SELL_SKIP [KRX] 037030 reason=PHANTOM_POSITION phase=NONE qty=58 avgPrice=8433.6207
2026-05-07 16:00:20 WARN  SELL_SKIP [KRX] 037030 reason=PHANTOM_POSITION phase=NONE qty=58 avgPrice=8433.6207
2026-05-07 16:00:25 WARN  SELL_SKIP [KRX] 037030 reason=PHANTOM_POSITION phase=NONE qty=58 avgPrice=8433.6207
2026-05-07 16:00:30 WARN  SELL_SKIP [KRX] 037030 reason=PHANTOM_POSITION phase=NONE qty=58 avgPrice=8433.6207
2026-05-07 16:00:35 WARN  SELL_SKIP [KRX] 037030 reason=PHANTOM_POSITION phase=NONE qty=58 avgPrice=8433.6207
2026-05-07 16:00:40 WARN  SELL_SKIP [KRX] 037030 reason=PHANTOM_POSITION phase=NONE qty=58 avgPrice=8433.6207
2026-05-07 16:00:45 WARN  SELL_SKIP [KRX] 037030 reason=PHANTOM_POSITION phase=NONE qty=58 avgPrice=8433.6207
2026-05-07 16:00:50 WARN  SELL_SKIP [KRX] 037030 reason=PHANTOM_POSITION phase=NONE qty=58 avgPrice=8433.6207
2026-05-07 16:00:55 WARN  SELL_SKIP [KRX] 037030 reason=PHANTOM_POSITION phase=NONE qty=58 avgPrice=8433.6207
2026-05-07 16:01:00 WARN  SELL_SKIP [KRX] 037030 reason=PHANTOM_POSITION phase=NONE qty=58 avgPrice=8433.6207
2026-05-07 16:01:06 WARN  SELL_SKIP [KRX] 037030 reason=PHANTOM_POSITION phase=NONE qty=58 avgPrice=8433.6207
2026-05-07 16:01:11 WARN  SELL_SKIP [KRX] 037030 reason=PHANTOM_POSITION phase=NONE qty=58 avgPrice=8433.6207
2026-05-07 16:01:16 WARN  SELL_SKIP [KRX] 037030 reason=PHANTOM_POSITION phase=NONE qty=58 avgPrice=8433.6207
2026-05-07 16:01:21 WARN  SELL_SKIP [KRX] 037030 reason=PHANTOM_POSITION phase=NONE qty=58 avgPrice=8433.6207
2026-05-07 16:01:26 WARN  SELL_SKIP [KRX] 037030 reason=PHANTOM_POSITION phase=NONE qty=58 avgPrice=8433.6207
2026-05-07 16:01:31 WARN  SELL_SKIP [KRX] 037030 reason=PHANTOM_POSITION phase=NONE qty=58 avgPrice=8433.6207
2026-05-07 16:01:36 WARN  SELL_SKIP [KRX] 037030 reason=PHANTOM_POSITION phase=NONE qty=58 avgPrice=8433.6207
2026-05-07 16:01:41 WARN  SELL_SKIP [KRX] 037030 reason=PHANTOM_POSITION phase=NONE qty=58 avgPrice=8433.6207
2026-05-07 16:01:46 WARN  SELL_SKIP [KRX] 037030 reason=PHANTOM_POSITION phase=NONE qty=58 avgPrice=8433.6207
2026-05-07 16:01:51 WARN  SELL_SKIP [KRX] 037030 reason=PHANTOM_POSITION phase=NONE qty=58 avgPrice=8433.6207
2026-05-07 16:01:56 WARN  SELL_SKIP [KRX] 037030 reason=PHANTOM_POSITION phase=NONE qty=58 avgPrice=8433.6207
2026-05-07 16:02:01 WARN  SELL_SKIP [KRX] 037030 reason=PHANTOM_POSITION phase=NONE qty=58 avgPrice=8433.6207
2026-05-07 16:02:07 WARN  SELL_SKIP [KRX] 037030 reason=PHANTOM_POSITION phase=NONE qty=58 avgPrice=8433.6207
2026-05-07 16:02:12 WARN  SELL_SKIP [KRX] 037030 reason=PHANTOM_POSITION phase=NONE qty=58 avgPrice=8433.6207
2026-05-07 16:02:17 WARN  SELL_SKIP [KRX] 037030 reason=PHANTOM_POSITION phase=NONE qty=58 avgPrice=8433.6207
2026-05-07 16:02:22 WARN  SELL_SKIP [KRX] 037030 reason=PHANTOM_POSITION phase=NONE qty=58 avgPrice=8433.6207
2026-05-07 16:02:27 WARN  SELL_SKIP [KRX] 037030 reason=PHANTOM_POSITION phase=NONE qty=58 avgPrice=8433.6207
2026-05-07 16:02:32 WARN  SELL_SKIP [KRX] 037030 reason=PHANTOM_POSITION phase=NONE qty=58 avgPrice=8433.6207
2026-05-07 16:02:37 WARN  SELL_SKIP [KRX] 037030 reason=PHANTOM_POSITION phase=NONE qty=58 avgPrice=8433.6207
2026-05-07 16:02:42 WARN  SELL_SKIP [KRX] 037030 reason=PHANTOM_POSITION phase=NONE qty=58 avgPrice=8433.6207
2026-05-07 16:02:47 WARN  SELL_SKIP [KRX] 037030 reason=PHANTOM_POSITION phase=NONE qty=58 avgPrice=8433.6207
2026-05-07 16:02:52 WARN  SELL_SKIP [KRX] 037030 reason=PHANTOM_POSITION phase=NONE qty=58 avgPrice=8433.6207
2026-05-07 16:02:57 WARN  SELL_SKIP [KRX] 037030 reason=PHANTOM_POSITION phase=NONE qty=58 avgPrice=8433.6207
2026-05-07 16:03:02 WARN  SELL_SKIP [KRX] 037030 reason=PHANTOM_POSITION phase=NONE qty=58 avgPrice=8433.6207
2026-05-07 16:03:08 WARN  SELL_SKIP [KRX] 037030 reason=PHANTOM_POSITION phase=NONE qty=58 avgPrice=8433.6207
2026-05-07 16:03:13 WARN  SELL_SKIP [KRX] 037030 reason=PHANTOM_POSITION phase=NONE qty=58 avgPrice=8433.6207
2026-05-07 16:03:18 WARN  SELL_SKIP [KRX] 037030 reason=PHANTOM_POSITION phase=NONE qty=58 avgPrice=8433.6207
2026-05-07 16:03:23 WARN  SELL_SKIP [KRX] 037030 reason=PHANTOM_POSITION phase=NONE qty=58 avgPrice=8433.6207
2026-05-07 16:03:28 WARN  SELL_SKIP [KRX] 037030 reason=PHANTOM_POSITION phase=NONE qty=58 avgPrice=8433.6207
2026-05-07 16:03:33 WARN  SELL_SKIP [KRX] 037030 reason=PHANTOM_POSITION phase=NONE qty=58 avgPrice=8433.6207
2026-05-07 16:03:38 WARN  SELL_SKIP [KRX] 037030 reason=PHANTOM_POSITION phase=NONE qty=58 avgPrice=8433.6207
2026-05-07 16:03:43 WARN  SELL_SKIP [KRX] 037030 reason=PHANTOM_POSITION phase=NONE qty=58 avgPrice=8433.6207
2026-05-07 16:03:48 WARN  SELL_SKIP [KRX] 037030 reason=PHANTOM_POSITION phase=NONE qty=58 avgPrice=8433.6207
2026-05-07 16:03:53 WARN  SELL_SKIP [KRX] 037030 reason=PHANTOM_POSITION phase=NONE qty=58 avgPrice=8433.6207
2026-05-07 16:03:58 WARN  SELL_SKIP [KRX] 037030 reason=PHANTOM_POSITION phase=NONE qty=58 avgPrice=8433.6207
2026-05-07 16:04:04 WARN  SELL_SKIP [KRX] 037030 reason=PHANTOM_POSITION phase=NONE qty=58 avgPrice=8433.6207
2026-05-07 16:04:09 WARN  SELL_SKIP [KRX] 037030 reason=PHANTOM_POSITION phase=NONE qty=58 avgPrice=8433.6207
2026-05-07 16:04:14 WARN  SELL_SKIP [KRX] 037030 reason=PHANTOM_POSITION phase=NONE qty=58 avgPrice=8433.6207
2026-05-07 16:04:19 WARN  SELL_SKIP [KRX] 037030 reason=PHANTOM_POSITION phase=NONE qty=58 avgPrice=8433.6207
2026-05-07 16:04:24 WARN  SELL_SKIP [KRX] 037030 reason=PHANTOM_POSITION phase=NONE qty=58 avgPrice=8433.6207
2026-05-07 16:04:29 WARN  SELL_SKIP [KRX] 037030 reason=PHANTOM_POSITION phase=NONE qty=58 avgPrice=8433.6207
2026-05-07 16:04:34 WARN  SELL_SKIP [KRX] 037030 reason=PHANTOM_POSITION phase=NONE qty=58 avgPrice=8433.6207
2026-05-07 16:04:39 WARN  SELL_SKIP [KRX] 037030 reason=PHANTOM_POSITION phase=NONE qty=58 avgPrice=8433.6207
2026-05-07 16:04:44 WARN  SELL_SKIP [KRX] 037030 reason=PHANTOM_POSITION phase=NONE qty=58 avgPrice=8433.6207
2026-05-07 16:04:49 WARN  SELL_SKIP [KRX] 037030 reason=PHANTOM_POSITION phase=NONE qty=58 avgPrice=8433.6207
2026-05-07 16:04:54 WARN  SELL_SKIP [KRX] 037030 reason=PHANTOM_POSITION phase=NONE qty=58 avgPrice=8433.6207
2026-05-07 16:05:00 WARN  SELL_SKIP [KRX] 037030 reason=PHANTOM_POSITION phase=NONE qty=58 avgPrice=8433.6207
2026-05-07 16:05:05 WARN  SELL_SKIP [KRX] 037030 reason=PHANTOM_POSITION phase=NONE qty=58 avgPrice=8433.6207
2026-05-07 16:05:10 WARN  SELL_SKIP [KRX] 037030 reason=PHANTOM_POSITION phase=NONE qty=58 avgPrice=8433.6207
2026-05-07 16:05:15 WARN  SELL_SKIP [KRX] 037030 reason=PHANTOM_POSITION phase=NONE qty=58 avgPrice=8433.6207
2026-05-07 16:05:20 WARN  SELL_SKIP [KRX] 037030 reason=PHANTOM_POSITION phase=NONE qty=58 avgPrice=8433.6207
2026-05-07 16:05:25 WARN  SELL_SKIP [KRX] 037030 reason=PHANTOM_POSITION phase=NONE qty=58 avgPrice=8433.6207
2026-05-07 16:05:30 WARN  SELL_SKIP [KRX] 037030 reason=PHANTOM_POSITION phase=NONE qty=58 avgPrice=8433.6207
2026-05-07 16:05:35 WARN  SELL_SKIP [KRX] 037030 reason=PHANTOM_POSITION phase=NONE qty=58 avgPrice=8433.6207
2026-05-07 16:05:40 WARN  SELL_SKIP [KRX] 037030 reason=PHANTOM_POSITION phase=NONE qty=58 avgPrice=8433.6207
2026-05-07 16:05:45 WARN  SELL_SKIP [KRX] 037030 reason=PHANTOM_POSITION phase=NONE qty=58 avgPrice=8433.6207
2026-05-07 16:05:51 WARN  SELL_SKIP [KRX] 037030 reason=PHANTOM_POSITION phase=NONE qty=58 avgPrice=8433.6207
2026-05-07 16:05:56 WARN  SELL_SKIP [KRX] 037030 reason=PHANTOM_POSITION phase=NONE qty=58 avgPrice=8433.6207
2026-05-07 16:06:01 WARN  SELL_SKIP [KRX] 037030 reason=PHANTOM_POSITION phase=NONE qty=58 avgPrice=8433.6207
2026-05-07 16:06:06 WARN  SELL_SKIP [KRX] 037030 reason=PHANTOM_POSITION phase=NONE qty=58 avgPrice=8433.6207
2026-05-07 16:06:11 WARN  SELL_SKIP [KRX] 037030 reason=PHANTOM_POSITION phase=NONE qty=58 avgPrice=8433.6207
2026-05-07 16:06:16 WARN  SELL_SKIP [KRX] 037030 reason=PHANTOM_POSITION phase=NONE qty=58 avgPrice=8433.6207
2026-05-07 16:06:21 WARN  SELL_SKIP [KRX] 037030 reason=PHANTOM_POSITION phase=NONE qty=58 avgPrice=8433.6207
2026-05-07 16:06:26 WARN  SELL_SKIP [KRX] 037030 reason=PHANTOM_POSITION phase=NONE qty=58 avgPrice=8433.6207
2026-05-07 16:06:31 WARN  SELL_SKIP [KRX] 037030 reason=PHANTOM_POSITION phase=NONE qty=58 avgPrice=8433.6207
2026-05-07 16:06:36 WARN  SELL_SKIP [KRX] 037030 reason=PHANTOM_POSITION phase=NONE qty=58 avgPrice=8433.6207
2026-05-07 16:06:41 WARN  SELL_SKIP [KRX] 037030 reason=PHANTOM_POSITION phase=NONE qty=58 avgPrice=8433.6207
2026-05-07 16:06:46 WARN  SELL_SKIP [KRX] 037030 reason=PHANTOM_POSITION phase=NONE qty=58 avgPrice=8433.6207
2026-05-07 16:06:52 WARN  SELL_SKIP [KRX] 037030 reason=PHANTOM_POSITION phase=NONE qty=58 avgPrice=8433.6207
2026-05-07 16:06:57 WARN  SELL_SKIP [KRX] 037030 reason=PHANTOM_POSITION phase=NONE qty=58 avgPrice=8433.6207
2026-05-07 16:07:02 WARN  SELL_SKIP [KRX] 037030 reason=PHANTOM_POSITION phase=NONE qty=58 avgPrice=8433.6207
2026-05-07 16:07:07 WARN  SELL_SKIP [KRX] 037030 reason=PHANTOM_POSITION phase=NONE qty=58 avgPrice=8433.6207
2026-05-07 16:07:12 WARN  SELL_SKIP [KRX] 037030 reason=PHANTOM_POSITION phase=NONE qty=58 avgPrice=8433.6207
2026-05-07 16:07:17 WARN  SELL_SKIP [KRX] 037030 reason=PHANTOM_POSITION phase=NONE qty=58 avgPrice=8433.6207
2026-05-07 16:07:22 WARN  SELL_SKIP [KRX] 037030 reason=PHANTOM_POSITION phase=NONE qty=58 avgPrice=8433.6207
2026-05-07 16:07:27 WARN  SELL_SKIP [KRX] 037030 reason=PHANTOM_POSITION phase=NONE qty=58 avgPrice=8433.6207
2026-05-07 16:07:32 WARN  SELL_SKIP [KRX] 037030 reason=PHANTOM_POSITION phase=NONE qty=58 avgPrice=8433.6207
2026-05-07 16:07:37 WARN  SELL_SKIP [KRX] 037030 reason=PHANTOM_POSITION phase=NONE qty=58 avgPrice=8433.6207
2026-05-07 16:07:42 WARN  SELL_SKIP [KRX] 037030 reason=PHANTOM_POSITION phase=NONE qty=58 avgPrice=8433.6207
2026-05-07 16:07:47 WARN  SELL_SKIP [KRX] 037030 reason=PHANTOM_POSITION phase=NONE qty=58 avgPrice=8433.6207
2026-05-07 16:07:53 WARN  SELL_SKIP [KRX] 037030 reason=PHANTOM_POSITION phase=NONE qty=58 avgPrice=8433.6207
2026-05-07 16:07:58 WARN  SELL_SKIP [KRX] 037030 reason=PHANTOM_POSITION phase=NONE qty=58 avgPrice=8433.6207
2026-05-07 16:08:03 WARN  SELL_SKIP [KRX] 037030 reason=PHANTOM_POSITION phase=NONE qty=58 avgPrice=8433.6207
2026-05-07 16:08:08 WARN  SELL_SKIP [KRX] 037030 reason=PHANTOM_POSITION phase=NONE qty=58 avgPrice=8433.6207
2026-05-07 16:08:13 WARN  SELL_SKIP [KRX] 037030 reason=PHANTOM_POSITION phase=NONE qty=58 avgPrice=8433.6207
2026-05-07 16:08:18 WARN  SELL_SKIP [KRX] 037030 reason=PHANTOM_POSITION phase=NONE qty=58 avgPrice=8433.6207
2026-05-07 16:08:23 WARN  SELL_SKIP [KRX] 037030 reason=PHANTOM_POSITION phase=NONE qty=58 avgPrice=8433.6207
2026-05-07 16:08:28 WARN  SELL_SKIP [KRX] 037030 reason=PHANTOM_POSITION phase=NONE qty=58 avgPrice=8433.6207
2026-05-07 16:08:33 WARN  SELL_SKIP [KRX] 037030 reason=PHANTOM_POSITION phase=NONE qty=58 avgPrice=8433.6207
2026-05-07 16:08:38 WARN  SELL_SKIP [KRX] 037030 reason=PHANTOM_POSITION phase=NONE qty=58 avgPrice=8433.6207
2026-05-07 16:08:43 WARN  SELL_SKIP [KRX] 037030 reason=PHANTOM_POSITION phase=NONE qty=58 avgPrice=8433.6207
2026-05-07 16:08:49 WARN  SELL_SKIP [KRX] 037030 reason=PHANTOM_POSITION phase=NONE qty=58 avgPrice=8433.6207
2026-05-07 16:08:54 WARN  SELL_SKIP [KRX] 037030 reason=PHANTOM_POSITION phase=NONE qty=58 avgPrice=8433.6207
2026-05-07 16:08:59 WARN  SELL_SKIP [KRX] 037030 reason=PHANTOM_POSITION phase=NONE qty=58 avgPrice=8433.6207
2026-05-07 16:09:04 WARN  SELL_SKIP [KRX] 037030 reason=PHANTOM_POSITION phase=NONE qty=58 avgPrice=8433.6207
2026-05-07 16:09:09 WARN  SELL_SKIP [KRX] 037030 reason=PHANTOM_POSITION phase=NONE qty=58 avgPrice=8433.6207
2026-05-07 16:09:14 WARN  SELL_SKIP [KRX] 037030 reason=PHANTOM_POSITION phase=NONE qty=58 avgPrice=8433.6207
2026-05-07 16:09:19 WARN  SELL_SKIP [KRX] 037030 reason=PHANTOM_POSITION phase=NONE qty=58 avgPrice=8433.6207
2026-05-07 16:09:24 WARN  SELL_SKIP [KRX] 037030 reason=PHANTOM_POSITION phase=NONE qty=58 avgPrice=8433.6207
2026-05-07 16:09:29 WARN  SELL_SKIP [KRX] 037030 reason=PHANTOM_POSITION phase=NONE qty=58 avgPrice=8433.6207
2026-05-07 16:09:34 WARN  SELL_SKIP [KRX] 037030 reason=PHANTOM_POSITION phase=NONE qty=58 avgPrice=8433.6207
2026-05-07 16:09:39 WARN  SELL_SKIP [KRX] 037030 reason=PHANTOM_POSITION phase=NONE qty=58 avgPrice=8433.6207
2026-05-07 16:09:45 WARN  SELL_SKIP [KRX] 037030 reason=PHANTOM_POSITION phase=NONE qty=58 avgPrice=8433.6207
2026-05-07 16:09:50 WARN  SELL_SKIP [KRX] 037030 reason=PHANTOM_POSITION phase=NONE qty=58 avgPrice=8433.6207
2026-05-07 16:09:55 WARN  SELL_SKIP [KRX] 037030 reason=PHANTOM_POSITION phase=NONE qty=58 avgPrice=8433.6207
2026-05-07 16:10:00 WARN  SELL_SKIP [KRX] 037030 reason=PHANTOM_POSITION phase=NONE qty=58 avgPrice=8433.6207
2026-05-07 16:10:05 WARN  SELL_SKIP [KRX] 037030 reason=PHANTOM_POSITION phase=NONE qty=58 avgPrice=8433.6207
2026-05-07 16:10:10 WARN  SELL_SKIP [KRX] 037030 reason=PHANTOM_POSITION phase=NONE qty=58 avgPrice=8433.6207
2026-05-07 16:10:15 WARN  SELL_SKIP [KRX] 037030 reason=PHANTOM_POSITION phase=NONE qty=58 avgPrice=8433.6207
2026-05-07 16:10:20 WARN  SELL_SKIP [KRX] 037030 reason=PHANTOM_POSITION phase=NONE qty=58 avgPrice=8433.6207
2026-05-07 16:10:25 WARN  SELL_SKIP [KRX] 037030 reason=PHANTOM_POSITION phase=NONE qty=58 avgPrice=8433.6207
2026-05-07 16:10:31 WARN  SELL_SKIP [KRX] 037030 reason=PHANTOM_POSITION phase=NONE qty=58 avgPrice=8433.6207
2026-05-07 16:10:36 WARN  SELL_SKIP [KRX] 037030 reason=PHANTOM_POSITION phase=NONE qty=58 avgPrice=8433.6207
2026-05-07 16:10:41 WARN  SELL_SKIP [KRX] 037030 reason=PHANTOM_POSITION phase=NONE qty=58 avgPrice=8433.6207
2026-05-07 16:10:46 WARN  SELL_SKIP [KRX] 037030 reason=PHANTOM_POSITION phase=NONE qty=58 avgPrice=8433.6207
2026-05-07 16:10:51 WARN  SELL_SKIP [KRX] 037030 reason=PHANTOM_POSITION phase=NONE qty=58 avgPrice=8433.6207
2026-05-07 16:10:56 WARN  SELL_SKIP [KRX] 037030 reason=PHANTOM_POSITION phase=NONE qty=58 avgPrice=8433.6207
2026-05-07 16:11:01 WARN  SELL_SKIP [KRX] 037030 reason=PHANTOM_POSITION phase=NONE qty=58 avgPrice=8433.6207
2026-05-07 16:11:11 WARN  SELL_SKIP [KRX] 037030 reason=PHANTOM_POSITION phase=NONE qty=58 avgPrice=8433.6207
2026-05-07 16:11:16 WARN  SELL_SKIP [KRX] 037030 reason=PHANTOM_POSITION phase=NONE qty=58 avgPrice=8433.6207
2026-05-07 16:11:21 WARN  SELL_SKIP [KRX] 037030 reason=PHANTOM_POSITION phase=NONE qty=58 avgPrice=8433.6207
2026-05-07 16:11:26 WARN  SELL_SKIP [KRX] 037030 reason=PHANTOM_POSITION phase=NONE qty=58 avgPrice=8433.6207
2026-05-07 16:11:32 WARN  SELL_SKIP [KRX] 037030 reason=PHANTOM_POSITION phase=NONE qty=58 avgPrice=8433.6207
2026-05-07 16:11:37 WARN  SELL_SKIP [KRX] 037030 reason=PHANTOM_POSITION phase=NONE qty=58 avgPrice=8433.6207
2026-05-07 16:11:42 WARN  SELL_SKIP [KRX] 037030 reason=PHANTOM_POSITION phase=NONE qty=58 avgPrice=8433.6207
2026-05-07 16:11:47 WARN  SELL_SKIP [KRX] 037030 reason=PHANTOM_POSITION phase=NONE qty=58 avgPrice=8433.6207
2026-05-07 16:11:52 WARN  SELL_SKIP [KRX] 037030 reason=PHANTOM_POSITION phase=NONE qty=58 avgPrice=8433.6207
2026-05-07 16:11:57 WARN  SELL_SKIP [KRX] 037030 reason=PHANTOM_POSITION phase=NONE qty=58 avgPrice=8433.6207
2026-05-07 16:12:02 WARN  SELL_SKIP [KRX] 037030 reason=PHANTOM_POSITION phase=NONE qty=58 avgPrice=8433.6207
2026-05-07 16:12:07 WARN  SELL_SKIP [KRX] 037030 reason=PHANTOM_POSITION phase=NONE qty=58 avgPrice=8433.6207
2026-05-07 16:12:12 WARN  SELL_SKIP [KRX] 037030 reason=PHANTOM_POSITION phase=NONE qty=58 avgPrice=8433.6207
2026-05-07 16:12:17 WARN  SELL_SKIP [KRX] 037030 reason=PHANTOM_POSITION phase=NONE qty=58 avgPrice=8433.6207
2026-05-07 16:12:23 WARN  SELL_SKIP [KRX] 037030 reason=PHANTOM_POSITION phase=NONE qty=58 avgPrice=8433.6207
2026-05-07 16:12:28 WARN  SELL_SKIP [KRX] 037030 reason=PHANTOM_POSITION phase=NONE qty=58 avgPrice=8433.6207
2026-05-07 16:12:33 WARN  SELL_SKIP [KRX] 037030 reason=PHANTOM_POSITION phase=NONE qty=58 avgPrice=8433.6207
2026-05-07 16:12:38 WARN  SELL_SKIP [KRX] 037030 reason=PHANTOM_POSITION phase=NONE qty=58 avgPrice=8433.6207
2026-05-07 16:12:43 WARN  SELL_SKIP [KRX] 037030 reason=PHANTOM_POSITION phase=NONE qty=58 avgPrice=8433.6207
2026-05-07 16:12:48 WARN  SELL_SKIP [KRX] 037030 reason=PHANTOM_POSITION phase=NONE qty=58 avgPrice=8433.6207
2026-05-07 16:12:53 WARN  SELL_SKIP [KRX] 037030 reason=PHANTOM_POSITION phase=NONE qty=58 avgPrice=8433.6207
2026-05-07 16:12:58 WARN  SELL_SKIP [KRX] 037030 reason=PHANTOM_POSITION phase=NONE qty=58 avgPrice=8433.6207
2026-05-07 16:13:03 WARN  SELL_SKIP [KRX] 037030 reason=PHANTOM_POSITION phase=NONE qty=58 avgPrice=8433.6207
2026-05-07 16:13:08 WARN  SELL_SKIP [KRX] 037030 reason=PHANTOM_POSITION phase=NONE qty=58 avgPrice=8433.6207
2026-05-07 16:13:13 WARN  SELL_SKIP [KRX] 037030 reason=PHANTOM_POSITION phase=NONE qty=58 avgPrice=8433.6207
2026-05-07 16:13:19 WARN  SELL_SKIP [KRX] 037030 reason=PHANTOM_POSITION phase=NONE qty=58 avgPrice=8433.6207
2026-05-07 16:13:24 WARN  SELL_SKIP [KRX] 037030 reason=PHANTOM_POSITION phase=NONE qty=58 avgPrice=8433.6207
2026-05-07 16:13:29 WARN  SELL_SKIP [KRX] 037030 reason=PHANTOM_POSITION phase=NONE qty=58 avgPrice=8433.6207
2026-05-07 16:13:34 WARN  SELL_SKIP [KRX] 037030 reason=PHANTOM_POSITION phase=NONE qty=58 avgPrice=8433.6207
2026-05-07 16:13:39 WARN  SELL_SKIP [KRX] 037030 reason=PHANTOM_POSITION phase=NONE qty=58 avgPrice=8433.6207
2026-05-07 16:13:44 WARN  SELL_SKIP [KRX] 037030 reason=PHANTOM_POSITION phase=NONE qty=58 avgPrice=8433.6207
2026-05-07 16:13:49 WARN  SELL_SKIP [KRX] 037030 reason=PHANTOM_POSITION phase=NONE qty=58 avgPrice=8433.6207
2026-05-07 16:13:54 WARN  SELL_SKIP [KRX] 037030 reason=PHANTOM_POSITION phase=NONE qty=58 avgPrice=8433.6207
2026-05-07 16:13:59 WARN  SELL_SKIP [KRX] 037030 reason=PHANTOM_POSITION phase=NONE qty=58 avgPrice=8433.6207
2026-05-07 16:14:04 WARN  SELL_SKIP [KRX] 037030 reason=PHANTOM_POSITION phase=NONE qty=58 avgPrice=8433.6207
2026-05-07 16:14:09 WARN  SELL_SKIP [KRX] 037030 reason=PHANTOM_POSITION phase=NONE qty=58 avgPrice=8433.6207
2026-05-07 16:14:15 WARN  SELL_SKIP [KRX] 037030 reason=PHANTOM_POSITION phase=NONE qty=58 avgPrice=8433.6207
2026-05-07 16:14:25 WARN  SELL_SKIP [KRX] 037030 reason=PHANTOM_POSITION phase=NONE qty=58 avgPrice=8433.6207
2026-05-07 16:14:30 WARN  SELL_SKIP [KRX] 037030 reason=PHANTOM_POSITION phase=NONE qty=58 avgPrice=8433.6207
2026-05-07 16:14:35 WARN  SELL_SKIP [KRX] 037030 reason=PHANTOM_POSITION phase=NONE qty=58 avgPrice=8433.6207
2026-05-07 16:14:40 WARN  SELL_SKIP [KRX] 037030 reason=PHANTOM_POSITION phase=NONE qty=58 avgPrice=8433.6207
2026-05-07 16:14:45 WARN  SELL_SKIP [KRX] 037030 reason=PHANTOM_POSITION phase=NONE qty=58 avgPrice=8433.6207
2026-05-07 16:14:50 WARN  SELL_SKIP [KRX] 037030 reason=PHANTOM_POSITION phase=NONE qty=58 avgPrice=8433.6207
2026-05-07 16:15:00 WARN  SELL_SKIP [KRX] 037030 reason=PHANTOM_POSITION phase=NONE qty=58 avgPrice=8433.6207
2026-05-07 16:15:05 WARN  SELL_SKIP [KRX] 037030 reason=PHANTOM_POSITION phase=NONE qty=58 avgPrice=8433.6207
2026-05-07 16:15:16 WARN  SELL_SKIP [KRX] 037030 reason=PHANTOM_POSITION phase=NONE qty=58 avgPrice=8433.6207
2026-05-07 16:15:21 WARN  SELL_SKIP [KRX] 037030 reason=PHANTOM_POSITION phase=NONE qty=58 avgPrice=8433.6207
2026-05-07 16:15:26 WARN  SELL_SKIP [KRX] 037030 reason=PHANTOM_POSITION phase=NONE qty=58 avgPrice=8433.6207
2026-05-07 16:15:31 WARN  SELL_SKIP [KRX] 037030 reason=PHANTOM_POSITION phase=NONE qty=58 avgPrice=8433.6207
2026-05-07 16:15:36 WARN  SELL_SKIP [KRX] 037030 reason=PHANTOM_POSITION phase=NONE qty=58 avgPrice=8433.6207
2026-05-07 16:15:41 WARN  SELL_SKIP [KRX] 037030 reason=PHANTOM_POSITION phase=NONE qty=58 avgPrice=8433.6207
2026-05-07 16:15:46 WARN  SELL_SKIP [KRX] 037030 reason=PHANTOM_POSITION phase=NONE qty=58 avgPrice=8433.6207
2026-05-07 16:15:51 WARN  SELL_SKIP [KRX] 037030 reason=PHANTOM_POSITION phase=NONE qty=58 avgPrice=8433.6207
2026-05-07 16:15:56 WARN  SELL_SKIP [KRX] 037030 reason=PHANTOM_POSITION phase=NONE qty=58 avgPrice=8433.6207
2026-05-07 16:16:01 WARN  SELL_SKIP [KRX] 037030 reason=PHANTOM_POSITION phase=NONE qty=58 avgPrice=8433.6207
2026-05-07 16:16:07 WARN  SELL_SKIP [KRX] 037030 reason=PHANTOM_POSITION phase=NONE qty=58 avgPrice=8433.6207
2026-05-07 16:16:12 WARN  SELL_SKIP [KRX] 037030 reason=PHANTOM_POSITION phase=NONE qty=58 avgPrice=8433.6207
2026-05-07 16:16:17 WARN  SELL_SKIP [KRX] 037030 reason=PHANTOM_POSITION phase=NONE qty=58 avgPrice=8433.6207
2026-05-07 16:16:22 WARN  SELL_SKIP [KRX] 037030 reason=PHANTOM_POSITION phase=NONE qty=58 avgPrice=8433.6207
2026-05-07 16:16:27 WARN  SELL_SKIP [KRX] 037030 reason=PHANTOM_POSITION phase=NONE qty=58 avgPrice=8433.6207
2026-05-07 16:16:32 WARN  SELL_SKIP [KRX] 037030 reason=PHANTOM_POSITION phase=NONE qty=58 avgPrice=8433.6207
2026-05-07 16:16:37 WARN  SELL_SKIP [KRX] 037030 reason=PHANTOM_POSITION phase=NONE qty=58 avgPrice=8433.6207
2026-05-07 16:16:42 WARN  SELL_SKIP [KRX] 037030 reason=PHANTOM_POSITION phase=NONE qty=58 avgPrice=8433.6207
2026-05-07 16:16:47 WARN  SELL_SKIP [KRX] 037030 reason=PHANTOM_POSITION phase=NONE qty=58 avgPrice=8433.6207
2026-05-07 16:16:52 WARN  SELL_SKIP [KRX] 037030 reason=PHANTOM_POSITION phase=NONE qty=58 avgPrice=8433.6207
2026-05-07 16:17:02 WARN  SELL_SKIP [KRX] 037030 reason=PHANTOM_POSITION phase=NONE qty=58 avgPrice=8433.6207
2026-05-07 16:17:08 WARN  SELL_SKIP [KRX] 037030 reason=PHANTOM_POSITION phase=NONE qty=58 avgPrice=8433.6207
2026-05-07 16:17:13 WARN  SELL_SKIP [KRX] 037030 reason=PHANTOM_POSITION phase=NONE qty=58 avgPrice=8433.6207
2026-05-07 16:17:18 WARN  SELL_SKIP [KRX] 037030 reason=PHANTOM_POSITION phase=NONE qty=58 avgPrice=8433.6207
2026-05-07 16:17:23 WARN  SELL_SKIP [KRX] 037030 reason=PHANTOM_POSITION phase=NONE qty=58 avgPrice=8433.6207
2026-05-07 16:17:28 WARN  SELL_SKIP [KRX] 037030 reason=PHANTOM_POSITION phase=NONE qty=58 avgPrice=8433.6207
2026-05-07 16:17:33 WARN  SELL_SKIP [KRX] 037030 reason=PHANTOM_POSITION phase=NONE qty=58 avgPrice=8433.6207
2026-05-07 16:17:38 WARN  SELL_SKIP [KRX] 037030 reason=PHANTOM_POSITION phase=NONE qty=58 avgPrice=8433.6207
2026-05-07 16:17:43 WARN  SELL_SKIP [KRX] 037030 reason=PHANTOM_POSITION phase=NONE qty=58 avgPrice=8433.6207
2026-05-07 16:17:48 WARN  SELL_SKIP [KRX] 037030 reason=PHANTOM_POSITION phase=NONE qty=58 avgPrice=8433.6207
2026-05-07 16:17:54 WARN  SELL_SKIP [KRX] 037030 reason=PHANTOM_POSITION phase=NONE qty=58 avgPrice=8433.6207
2026-05-07 16:18:04 WARN  SELL_SKIP [KRX] 037030 reason=PHANTOM_POSITION phase=NONE qty=58 avgPrice=8433.6207
2026-05-07 16:18:09 WARN  SELL_SKIP [KRX] 037030 reason=PHANTOM_POSITION phase=NONE qty=58 avgPrice=8433.6207
2026-05-07 16:18:14 WARN  SELL_SKIP [KRX] 037030 reason=PHANTOM_POSITION phase=NONE qty=58 avgPrice=8433.6207
2026-05-07 16:18:19 WARN  SELL_SKIP [KRX] 037030 reason=PHANTOM_POSITION phase=NONE qty=58 avgPrice=8433.6207
2026-05-07 16:18:24 WARN  SELL_SKIP [KRX] 037030 reason=PHANTOM_POSITION phase=NONE qty=58 avgPrice=8433.6207
2026-05-07 16:18:29 WARN  SELL_SKIP [KRX] 037030 reason=PHANTOM_POSITION phase=NONE qty=58 avgPrice=8433.6207
2026-05-07 16:18:34 WARN  SELL_SKIP [KRX] 037030 reason=PHANTOM_POSITION phase=NONE qty=58 avgPrice=8433.6207
2026-05-07 16:18:39 WARN  SELL_SKIP [KRX] 037030 reason=PHANTOM_POSITION phase=NONE qty=58 avgPrice=8433.6207
2026-05-07 16:18:49 WARN  SELL_SKIP [KRX] 037030 reason=PHANTOM_POSITION phase=NONE qty=58 avgPrice=8433.6207
2026-05-07 16:18:55 WARN  SELL_SKIP [KRX] 037030 reason=PHANTOM_POSITION phase=NONE qty=58 avgPrice=8433.6207
2026-05-07 16:19:00 WARN  SELL_SKIP [KRX] 037030 reason=PHANTOM_POSITION phase=NONE qty=58 avgPrice=8433.6207
2026-05-07 16:19:05 WARN  SELL_SKIP [KRX] 037030 reason=PHANTOM_POSITION phase=NONE qty=58 avgPrice=8433.6207
2026-05-07 16:19:10 WARN  SELL_SKIP [KRX] 037030 reason=PHANTOM_POSITION phase=NONE qty=58 avgPrice=8433.6207
2026-05-07 16:19:15 WARN  SELL_SKIP [KRX] 037030 reason=PHANTOM_POSITION phase=NONE qty=58 avgPrice=8433.6207
2026-05-07 16:19:20 WARN  SELL_SKIP [KRX] 037030 reason=PHANTOM_POSITION phase=NONE qty=58 avgPrice=8433.6207
2026-05-07 16:19:25 WARN  SELL_SKIP [KRX] 037030 reason=PHANTOM_POSITION phase=NONE qty=58 avgPrice=8433.6207
2026-05-07 16:19:30 WARN  SELL_SKIP [KRX] 037030 reason=PHANTOM_POSITION phase=NONE qty=58 avgPrice=8433.6207
2026-05-07 16:19:35 WARN  SELL_SKIP [KRX] 037030 reason=PHANTOM_POSITION phase=NONE qty=58 avgPrice=8433.6207
2026-05-07 16:19:40 WARN  SELL_SKIP [KRX] 037030 reason=PHANTOM_POSITION phase=NONE qty=58 avgPrice=8433.6207
2026-05-07 16:19:46 WARN  SELL_SKIP [KRX] 037030 reason=PHANTOM_POSITION phase=NONE qty=58 avgPrice=8433.6207
2026-05-07 16:19:56 WARN  SELL_SKIP [KRX] 037030 reason=PHANTOM_POSITION phase=NONE qty=58 avgPrice=8433.6207
2026-05-07 16:20:01 WARN  SELL_SKIP [KRX] 037030 reason=PHANTOM_POSITION phase=NONE qty=58 avgPrice=8433.6207
2026-05-07 16:20:06 WARN  SELL_SKIP [KRX] 037030 reason=PHANTOM_POSITION phase=NONE qty=58 avgPrice=8433.6207
2026-05-07 16:20:11 WARN  SELL_SKIP [KRX] 037030 reason=PHANTOM_POSITION phase=NONE qty=58 avgPrice=8433.6207
2026-05-07 16:20:16 WARN  SELL_SKIP [KRX] 037030 reason=PHANTOM_POSITION phase=NONE qty=58 avgPrice=8433.6207
2026-05-07 16:20:21 WARN  SELL_SKIP [KRX] 037030 reason=PHANTOM_POSITION phase=NONE qty=58 avgPrice=8433.6207
2026-05-07 16:20:26 WARN  SELL_SKIP [KRX] 037030 reason=PHANTOM_POSITION phase=NONE qty=58 avgPrice=8433.6207
2026-05-07 16:20:31 WARN  SELL_SKIP [KRX] 037030 reason=PHANTOM_POSITION phase=NONE qty=58 avgPrice=8433.6207
2026-05-07 16:20:36 WARN  SELL_SKIP [KRX] 037030 reason=PHANTOM_POSITION phase=NONE qty=58 avgPrice=8433.6207
2026-05-07 16:20:41 WARN  SELL_SKIP [KRX] 037030 reason=PHANTOM_POSITION phase=NONE qty=58 avgPrice=8433.6207
2026-05-07 16:20:47 WARN  SELL_SKIP [KRX] 037030 reason=PHANTOM_POSITION phase=NONE qty=58 avgPrice=8433.6207
2026-05-07 16:20:52 WARN  SELL_SKIP [KRX] 037030 reason=PHANTOM_POSITION phase=NONE qty=58 avgPrice=8433.6207
2026-05-07 16:20:57 WARN  SELL_SKIP [KRX] 037030 reason=PHANTOM_POSITION phase=NONE qty=58 avgPrice=8433.6207
2026-05-07 16:21:02 WARN  SELL_SKIP [KRX] 037030 reason=PHANTOM_POSITION phase=NONE qty=58 avgPrice=8433.6207
2026-05-07 16:21:07 WARN  SELL_SKIP [KRX] 037030 reason=PHANTOM_POSITION phase=NONE qty=58 avgPrice=8433.6207
2026-05-07 16:21:12 WARN  SELL_SKIP [KRX] 037030 reason=PHANTOM_POSITION phase=NONE qty=58 avgPrice=8433.6207
2026-05-07 16:21:17 WARN  SELL_SKIP [KRX] 037030 reason=PHANTOM_POSITION phase=NONE qty=58 avgPrice=8433.6207
2026-05-07 16:21:22 WARN  SELL_SKIP [KRX] 037030 reason=PHANTOM_POSITION phase=NONE qty=58 avgPrice=8433.6207
2026-05-07 16:21:27 WARN  SELL_SKIP [KRX] 037030 reason=PHANTOM_POSITION phase=NONE qty=58 avgPrice=8433.6207
2026-05-07 16:21:32 WARN  SELL_SKIP [KRX] 037030 reason=PHANTOM_POSITION phase=NONE qty=58 avgPrice=8433.6207
2026-05-07 16:21:37 WARN  SELL_SKIP [KRX] 037030 reason=PHANTOM_POSITION phase=NONE qty=58 avgPrice=8433.6207
2026-05-07 16:21:42 WARN  SELL_SKIP [KRX] 037030 reason=PHANTOM_POSITION phase=NONE qty=58 avgPrice=8433.6207
2026-05-07 16:21:48 WARN  SELL_SKIP [KRX] 037030 reason=PHANTOM_POSITION phase=NONE qty=58 avgPrice=8433.6207
2026-05-07 16:21:53 WARN  SELL_SKIP [KRX] 037030 reason=PHANTOM_POSITION phase=NONE qty=58 avgPrice=8433.6207
2026-05-07 16:21:58 WARN  SELL_SKIP [KRX] 037030 reason=PHANTOM_POSITION phase=NONE qty=58 avgPrice=8433.6207
2026-05-07 16:22:03 WARN  SELL_SKIP [KRX] 037030 reason=PHANTOM_POSITION phase=NONE qty=58 avgPrice=8433.6207
2026-05-07 16:22:08 WARN  SELL_SKIP [KRX] 037030 reason=PHANTOM_POSITION phase=NONE qty=58 avgPrice=8433.6207
2026-05-07 16:22:13 WARN  SELL_SKIP [KRX] 037030 reason=PHANTOM_POSITION phase=NONE qty=58 avgPrice=8433.6207
2026-05-07 16:22:18 WARN  SELL_SKIP [KRX] 037030 reason=PHANTOM_POSITION phase=NONE qty=58 avgPrice=8433.6207
2026-05-07 16:22:23 WARN  SELL_SKIP [KRX] 037030 reason=PHANTOM_POSITION phase=NONE qty=58 avgPrice=8433.6207
2026-05-07 16:22:28 WARN  SELL_SKIP [KRX] 037030 reason=PHANTOM_POSITION phase=NONE qty=58 avgPrice=8433.6207
2026-05-07 16:22:38 WARN  SELL_SKIP [KRX] 037030 reason=PHANTOM_POSITION phase=NONE qty=58 avgPrice=8433.6207
2026-05-07 16:22:49 WARN  SELL_SKIP [KRX] 037030 reason=PHANTOM_POSITION phase=NONE qty=58 avgPrice=8433.6207
2026-05-07 16:22:59 WARN  SELL_SKIP [KRX] 037030 reason=PHANTOM_POSITION phase=NONE qty=58 avgPrice=8433.6207
2026-05-07 16:23:04 WARN  SELL_SKIP [KRX] 037030 reason=PHANTOM_POSITION phase=NONE qty=58 avgPrice=8433.6207
2026-05-07 16:23:09 WARN  SELL_SKIP [KRX] 037030 reason=PHANTOM_POSITION phase=NONE qty=58 avgPrice=8433.6207
2026-05-07 16:23:14 WARN  SELL_SKIP [KRX] 037030 reason=PHANTOM_POSITION phase=NONE qty=58 avgPrice=8433.6207
2026-05-07 16:23:19 WARN  SELL_SKIP [KRX] 037030 reason=PHANTOM_POSITION phase=NONE qty=58 avgPrice=8433.6207
2026-05-07 16:23:24 WARN  SELL_SKIP [KRX] 037030 reason=PHANTOM_POSITION phase=NONE qty=58 avgPrice=8433.6207
2026-05-07 16:23:34 WARN  SELL_SKIP [KRX] 037030 reason=PHANTOM_POSITION phase=NONE qty=58 avgPrice=8433.6207
2026-05-07 16:23:40 WARN  SELL_SKIP [KRX] 037030 reason=PHANTOM_POSITION phase=NONE qty=58 avgPrice=8433.6207
2026-05-07 16:23:45 WARN  SELL_SKIP [KRX] 037030 reason=PHANTOM_POSITION phase=NONE qty=58 avgPrice=8433.6207
2026-05-07 16:23:55 WARN  SELL_SKIP [KRX] 037030 reason=PHANTOM_POSITION phase=NONE qty=58 avgPrice=8433.6207
2026-05-07 16:24:00 WARN  SELL_SKIP [KRX] 037030 reason=PHANTOM_POSITION phase=NONE qty=58 avgPrice=8433.6207
2026-05-07 16:24:05 WARN  SELL_SKIP [KRX] 037030 reason=PHANTOM_POSITION phase=NONE qty=58 avgPrice=8433.6207
2026-05-07 16:24:10 WARN  SELL_SKIP [KRX] 037030 reason=PHANTOM_POSITION phase=NONE qty=58 avgPrice=8433.6207
2026-05-07 16:24:15 WARN  SELL_SKIP [KRX] 037030 reason=PHANTOM_POSITION phase=NONE qty=58 avgPrice=8433.6207
2026-05-07 16:24:20 WARN  SELL_SKIP [KRX] 037030 reason=PHANTOM_POSITION phase=NONE qty=58 avgPrice=8433.6207
2026-05-07 16:24:25 WARN  SELL_SKIP [KRX] 037030 reason=PHANTOM_POSITION phase=NONE qty=58 avgPrice=8433.6207
2026-05-07 16:24:30 WARN  SELL_SKIP [KRX] 037030 reason=PHANTOM_POSITION phase=NONE qty=58 avgPrice=8433.6207
2026-05-07 16:24:36 WARN  SELL_SKIP [KRX] 037030 reason=PHANTOM_POSITION phase=NONE qty=58 avgPrice=8433.6207
2026-05-07 16:24:46 WARN  SELL_SKIP [KRX] 037030 reason=PHANTOM_POSITION phase=NONE qty=58 avgPrice=8433.6207
2026-05-07 16:24:51 WARN  SELL_SKIP [KRX] 037030 reason=PHANTOM_POSITION phase=NONE qty=58 avgPrice=8433.6207
2026-05-07 16:24:56 WARN  SELL_SKIP [KRX] 037030 reason=PHANTOM_POSITION phase=NONE qty=58 avgPrice=8433.6207
2026-05-07 16:25:01 WARN  SELL_SKIP [KRX] 037030 reason=PHANTOM_POSITION phase=NONE qty=58 avgPrice=8433.6207
2026-05-07 16:25:06 WARN  SELL_SKIP [KRX] 037030 reason=PHANTOM_POSITION phase=NONE qty=58 avgPrice=8433.6207
2026-05-07 16:25:11 WARN  SELL_SKIP [KRX] 037030 reason=PHANTOM_POSITION phase=NONE qty=58 avgPrice=8433.6207
2026-05-07 16:25:16 WARN  SELL_SKIP [KRX] 037030 reason=PHANTOM_POSITION phase=NONE qty=58 avgPrice=8433.6207
2026-05-07 16:25:26 WARN  SELL_SKIP [KRX] 037030 reason=PHANTOM_POSITION phase=NONE qty=58 avgPrice=8433.6207
2026-05-07 16:25:31 WARN  SELL_SKIP [KRX] 037030 reason=PHANTOM_POSITION phase=NONE qty=58 avgPrice=8433.6207
2026-05-07 16:25:37 WARN  SELL_SKIP [KRX] 037030 reason=PHANTOM_POSITION phase=NONE qty=58 avgPrice=8433.6207
2026-05-07 16:25:47 WARN  SELL_SKIP [KRX] 037030 reason=PHANTOM_POSITION phase=NONE qty=58 avgPrice=8433.6207
2026-05-07 16:25:52 WARN  SELL_SKIP [KRX] 037030 reason=PHANTOM_POSITION phase=NONE qty=58 avgPrice=8433.6207
2026-05-07 16:25:57 WARN  SELL_SKIP [KRX] 037030 reason=PHANTOM_POSITION phase=NONE qty=58 avgPrice=8433.6207
2026-05-07 16:26:02 WARN  SELL_SKIP [KRX] 037030 reason=PHANTOM_POSITION phase=NONE qty=58 avgPrice=8433.6207
2026-05-07 16:26:07 WARN  SELL_SKIP [KRX] 037030 reason=PHANTOM_POSITION phase=NONE qty=58 avgPrice=8433.6207
2026-05-07 16:26:12 WARN  SELL_SKIP [KRX] 037030 reason=PHANTOM_POSITION phase=NONE qty=58 avgPrice=8433.6207
2026-05-07 16:26:17 WARN  SELL_SKIP [KRX] 037030 reason=PHANTOM_POSITION phase=NONE qty=58 avgPrice=8433.6207
2026-05-07 16:26:22 WARN  SELL_SKIP [KRX] 037030 reason=PHANTOM_POSITION phase=NONE qty=58 avgPrice=8433.6207
2026-05-07 16:26:27 WARN  SELL_SKIP [KRX] 037030 reason=PHANTOM_POSITION phase=NONE qty=58 avgPrice=8433.6207
2026-05-07 16:26:33 WARN  SELL_SKIP [KRX] 037030 reason=PHANTOM_POSITION phase=NONE qty=58 avgPrice=8433.6207
2026-05-07 16:26:38 WARN  SELL_SKIP [KRX] 037030 reason=PHANTOM_POSITION phase=NONE qty=58 avgPrice=8433.6207
2026-05-07 16:26:48 WARN  SELL_SKIP [KRX] 037030 reason=PHANTOM_POSITION phase=NONE qty=58 avgPrice=8433.6207
2026-05-07 16:26:53 WARN  SELL_SKIP [KRX] 037030 reason=PHANTOM_POSITION phase=NONE qty=58 avgPrice=8433.6207
2026-05-07 16:26:58 WARN  SELL_SKIP [KRX] 037030 reason=PHANTOM_POSITION phase=NONE qty=58 avgPrice=8433.6207
2026-05-07 16:27:03 WARN  SELL_SKIP [KRX] 037030 reason=PHANTOM_POSITION phase=NONE qty=58 avgPrice=8433.6207
2026-05-07 16:27:08 WARN  SELL_SKIP [KRX] 037030 reason=PHANTOM_POSITION phase=NONE qty=58 avgPrice=8433.6207
2026-05-07 16:27:13 WARN  SELL_SKIP [KRX] 037030 reason=PHANTOM_POSITION phase=NONE qty=58 avgPrice=8433.6207
2026-05-07 16:27:18 WARN  SELL_SKIP [KRX] 037030 reason=PHANTOM_POSITION phase=NONE qty=58 avgPrice=8433.6207
2026-05-07 16:27:24 WARN  SELL_SKIP [KRX] 037030 reason=PHANTOM_POSITION phase=NONE qty=58 avgPrice=8433.6207
2026-05-07 16:27:39 WARN  SELL_SKIP [KRX] 037030 reason=PHANTOM_POSITION phase=NONE qty=58 avgPrice=8433.6207
2026-05-07 16:27:44 WARN  SELL_SKIP [KRX] 037030 reason=PHANTOM_POSITION phase=NONE qty=58 avgPrice=8433.6207
2026-05-07 16:27:49 WARN  SELL_SKIP [KRX] 037030 reason=PHANTOM_POSITION phase=NONE qty=58 avgPrice=8433.6207
2026-05-07 16:27:54 WARN  SELL_SKIP [KRX] 037030 reason=PHANTOM_POSITION phase=NONE qty=58 avgPrice=8433.6207
2026-05-07 16:27:59 WARN  SELL_SKIP [KRX] 037030 reason=PHANTOM_POSITION phase=NONE qty=58 avgPrice=8433.6207
2026-05-07 16:28:04 WARN  SELL_SKIP [KRX] 037030 reason=PHANTOM_POSITION phase=NONE qty=58 avgPrice=8433.6207
2026-05-07 16:28:09 WARN  SELL_SKIP [KRX] 037030 reason=PHANTOM_POSITION phase=NONE qty=58 avgPrice=8433.6207
2026-05-07 16:28:25 WARN  SELL_SKIP [KRX] 037030 reason=PHANTOM_POSITION phase=NONE qty=58 avgPrice=8433.6207
2026-05-07 16:28:30 WARN  SELL_SKIP [KRX] 037030 reason=PHANTOM_POSITION phase=NONE qty=58 avgPrice=8433.6207
2026-05-07 16:28:35 WARN  SELL_SKIP [KRX] 037030 reason=PHANTOM_POSITION phase=NONE qty=58 avgPrice=8433.6207
2026-05-07 16:28:40 WARN  SELL_SKIP [KRX] 037030 reason=PHANTOM_POSITION phase=NONE qty=58 avgPrice=8433.6207
2026-05-07 16:28:45 WARN  SELL_SKIP [KRX] 037030 reason=PHANTOM_POSITION phase=NONE qty=58 avgPrice=8433.6207
2026-05-07 16:28:50 WARN  SELL_SKIP [KRX] 037030 reason=PHANTOM_POSITION phase=NONE qty=58 avgPrice=8433.6207
2026-05-07 16:28:55 WARN  SELL_SKIP [KRX] 037030 reason=PHANTOM_POSITION phase=NONE qty=58 avgPrice=8433.6207
2026-05-07 16:29:00 WARN  SELL_SKIP [KRX] 037030 reason=PHANTOM_POSITION phase=NONE qty=58 avgPrice=8433.6207
2026-05-07 16:29:05 WARN  SELL_SKIP [KRX] 037030 reason=PHANTOM_POSITION phase=NONE qty=58 avgPrice=8433.6207
2026-05-07 16:29:15 WARN  SELL_SKIP [KRX] 037030 reason=PHANTOM_POSITION phase=NONE qty=58 avgPrice=8433.6207
2026-05-07 16:29:21 WARN  SELL_SKIP [KRX] 037030 reason=PHANTOM_POSITION phase=NONE qty=58 avgPrice=8433.6207
2026-05-07 16:29:26 WARN  SELL_SKIP [KRX] 037030 reason=PHANTOM_POSITION phase=NONE qty=58 avgPrice=8433.6207
2026-05-07 16:29:31 WARN  SELL_SKIP [KRX] 037030 reason=PHANTOM_POSITION phase=NONE qty=58 avgPrice=8433.6207
2026-05-07 16:29:36 WARN  SELL_SKIP [KRX] 037030 reason=PHANTOM_POSITION phase=NONE qty=58 avgPrice=8433.6207
2026-05-07 16:29:41 WARN  SELL_SKIP [KRX] 037030 reason=PHANTOM_POSITION phase=NONE qty=58 avgPrice=8433.6207
2026-05-07 16:29:46 WARN  SELL_SKIP [KRX] 037030 reason=PHANTOM_POSITION phase=NONE qty=58 avgPrice=8433.6207
2026-05-07 16:29:51 WARN  SELL_SKIP [KRX] 037030 reason=PHANTOM_POSITION phase=NONE qty=58 avgPrice=8433.6207
2026-05-07 16:29:56 WARN  SELL_SKIP [KRX] 037030 reason=PHANTOM_POSITION phase=NONE qty=58 avgPrice=8433.6207
2026-05-07 16:30:01 WARN  SELL_SKIP [KRX] 037030 reason=PHANTOM_POSITION phase=NONE qty=58 avgPrice=8433.6207
2026-05-07 16:30:06 WARN  SELL_SKIP [KRX] 037030 reason=PHANTOM_POSITION phase=NONE qty=58 avgPrice=8433.6207
2026-05-07 16:30:11 WARN  SELL_SKIP [KRX] 037030 reason=PHANTOM_POSITION phase=NONE qty=58 avgPrice=8433.6207
2026-05-07 16:30:17 WARN  SELL_SKIP [KRX] 037030 reason=PHANTOM_POSITION phase=NONE qty=58 avgPrice=8433.6207
2026-05-07 16:30:32 WARN  SELL_SKIP [KRX] 037030 reason=PHANTOM_POSITION phase=NONE qty=58 avgPrice=8433.6207
2026-05-07 16:30:37 WARN  SELL_SKIP [KRX] 037030 reason=PHANTOM_POSITION phase=NONE qty=58 avgPrice=8433.6207
2026-05-07 16:30:42 WARN  SELL_SKIP [KRX] 037030 reason=PHANTOM_POSITION phase=NONE qty=58 avgPrice=8433.6207
2026-05-07 16:30:47 WARN  SELL_SKIP [KRX] 037030 reason=PHANTOM_POSITION phase=NONE qty=58 avgPrice=8433.6207
2026-05-07 16:30:52 WARN  SELL_SKIP [KRX] 037030 reason=PHANTOM_POSITION phase=NONE qty=58 avgPrice=8433.6207
2026-05-07 16:30:57 WARN  SELL_SKIP [KRX] 037030 reason=PHANTOM_POSITION phase=NONE qty=58 avgPrice=8433.6207
2026-05-07 16:31:07 WARN  SELL_SKIP [KRX] 037030 reason=PHANTOM_POSITION phase=NONE qty=58 avgPrice=8433.6207
2026-05-07 16:31:12 WARN  SELL_SKIP [KRX] 037030 reason=PHANTOM_POSITION phase=NONE qty=58 avgPrice=8433.6207
2026-05-07 16:31:18 WARN  SELL_SKIP [KRX] 037030 reason=PHANTOM_POSITION phase=NONE qty=58 avgPrice=8433.6207
2026-05-07 16:31:23 WARN  SELL_SKIP [KRX] 037030 reason=PHANTOM_POSITION phase=NONE qty=58 avgPrice=8433.6207
2026-05-07 16:31:28 WARN  SELL_SKIP [KRX] 037030 reason=PHANTOM_POSITION phase=NONE qty=58 avgPrice=8433.6207
2026-05-07 16:31:33 WARN  SELL_SKIP [KRX] 037030 reason=PHANTOM_POSITION phase=NONE qty=58 avgPrice=8433.6207
2026-05-07 16:31:38 WARN  SELL_SKIP [KRX] 037030 reason=PHANTOM_POSITION phase=NONE qty=58 avgPrice=8433.6207
2026-05-07 16:31:43 WARN  SELL_SKIP [KRX] 037030 reason=PHANTOM_POSITION phase=NONE qty=58 avgPrice=8433.6207
2026-05-07 16:31:48 WARN  SELL_SKIP [KRX] 037030 reason=PHANTOM_POSITION phase=NONE qty=58 avgPrice=8433.6207
2026-05-07 16:31:53 WARN  SELL_SKIP [KRX] 037030 reason=PHANTOM_POSITION phase=NONE qty=58 avgPrice=8433.6207
2026-05-07 16:31:58 WARN  SELL_SKIP [KRX] 037030 reason=PHANTOM_POSITION phase=NONE qty=58 avgPrice=8433.6207
2026-05-07 16:32:03 WARN  SELL_SKIP [KRX] 037030 reason=PHANTOM_POSITION phase=NONE qty=58 avgPrice=8433.6207
2026-05-07 16:32:08 WARN  SELL_SKIP [KRX] 037030 reason=PHANTOM_POSITION phase=NONE qty=58 avgPrice=8433.6207
2026-05-07 16:32:13 WARN  SELL_SKIP [KRX] 037030 reason=PHANTOM_POSITION phase=NONE qty=58 avgPrice=8433.6207
2026-05-07 16:32:24 WARN  SELL_SKIP [KRX] 037030 reason=PHANTOM_POSITION phase=NONE qty=58 avgPrice=8433.6207
2026-05-07 16:32:29 WARN  SELL_SKIP [KRX] 037030 reason=PHANTOM_POSITION phase=NONE qty=58 avgPrice=8433.6207
2026-05-07 16:32:34 WARN  SELL_SKIP [KRX] 037030 reason=PHANTOM_POSITION phase=NONE qty=58 avgPrice=8433.6207
2026-05-07 16:32:39 WARN  SELL_SKIP [KRX] 037030 reason=PHANTOM_POSITION phase=NONE qty=58 avgPrice=8433.6207
2026-05-07 16:32:44 WARN  SELL_SKIP [KRX] 037030 reason=PHANTOM_POSITION phase=NONE qty=58 avgPrice=8433.6207
2026-05-07 16:32:49 WARN  SELL_SKIP [KRX] 037030 reason=PHANTOM_POSITION phase=NONE qty=58 avgPrice=8433.6207
2026-05-07 16:32:54 WARN  SELL_SKIP [KRX] 037030 reason=PHANTOM_POSITION phase=NONE qty=58 avgPrice=8433.6207
2026-05-07 16:32:59 WARN  SELL_SKIP [KRX] 037030 reason=PHANTOM_POSITION phase=NONE qty=58 avgPrice=8433.6207
2026-05-07 16:33:04 WARN  SELL_SKIP [KRX] 037030 reason=PHANTOM_POSITION phase=NONE qty=58 avgPrice=8433.6207
2026-05-07 16:33:09 WARN  SELL_SKIP [KRX] 037030 reason=PHANTOM_POSITION phase=NONE qty=58 avgPrice=8433.6207
2026-05-07 16:33:14 WARN  SELL_SKIP [KRX] 037030 reason=PHANTOM_POSITION phase=NONE qty=58 avgPrice=8433.6207
2026-05-07 16:33:20 WARN  SELL_SKIP [KRX] 037030 reason=PHANTOM_POSITION phase=NONE qty=58 avgPrice=8433.6207
2026-05-07 16:33:25 WARN  SELL_SKIP [KRX] 037030 reason=PHANTOM_POSITION phase=NONE qty=58 avgPrice=8433.6207
2026-05-07 16:33:30 WARN  SELL_SKIP [KRX] 037030 reason=PHANTOM_POSITION phase=NONE qty=58 avgPrice=8433.6207
2026-05-07 16:33:35 WARN  SELL_SKIP [KRX] 037030 reason=PHANTOM_POSITION phase=NONE qty=58 avgPrice=8433.6207
2026-05-07 16:33:40 WARN  SELL_SKIP [KRX] 037030 reason=PHANTOM_POSITION phase=NONE qty=58 avgPrice=8433.6207
2026-05-07 16:33:45 WARN  SELL_SKIP [KRX] 037030 reason=PHANTOM_POSITION phase=NONE qty=58 avgPrice=8433.6207
2026-05-07 16:33:50 WARN  SELL_SKIP [KRX] 037030 reason=PHANTOM_POSITION phase=NONE qty=58 avgPrice=8433.6207
2026-05-07 16:33:55 WARN  SELL_SKIP [KRX] 037030 reason=PHANTOM_POSITION phase=NONE qty=58 avgPrice=8433.6207
2026-05-07 16:34:00 WARN  SELL_SKIP [KRX] 037030 reason=PHANTOM_POSITION phase=NONE qty=58 avgPrice=8433.6207
2026-05-07 16:34:05 WARN  SELL_SKIP [KRX] 037030 reason=PHANTOM_POSITION phase=NONE qty=58 avgPrice=8433.6207
2026-05-07 16:34:15 WARN  SELL_SKIP [KRX] 037030 reason=PHANTOM_POSITION phase=NONE qty=58 avgPrice=8433.6207
2026-05-07 16:34:21 WARN  SELL_SKIP [KRX] 037030 reason=PHANTOM_POSITION phase=NONE qty=58 avgPrice=8433.6207
2026-05-07 16:34:26 WARN  SELL_SKIP [KRX] 037030 reason=PHANTOM_POSITION phase=NONE qty=58 avgPrice=8433.6207
2026-05-07 16:34:31 WARN  SELL_SKIP [KRX] 037030 reason=PHANTOM_POSITION phase=NONE qty=58 avgPrice=8433.6207
2026-05-07 16:34:36 WARN  SELL_SKIP [KRX] 037030 reason=PHANTOM_POSITION phase=NONE qty=58 avgPrice=8433.6207
2026-05-07 16:34:41 WARN  SELL_SKIP [KRX] 037030 reason=PHANTOM_POSITION phase=NONE qty=58 avgPrice=8433.6207
2026-05-07 16:34:46 WARN  SELL_SKIP [KRX] 037030 reason=PHANTOM_POSITION phase=NONE qty=58 avgPrice=8433.6207
2026-05-07 16:34:51 WARN  SELL_SKIP [KRX] 037030 reason=PHANTOM_POSITION phase=NONE qty=58 avgPrice=8433.6207
2026-05-07 16:34:56 WARN  SELL_SKIP [KRX] 037030 reason=PHANTOM_POSITION phase=NONE qty=58 avgPrice=8433.6207
2026-05-07 16:35:01 WARN  SELL_SKIP [KRX] 037030 reason=PHANTOM_POSITION phase=NONE qty=58 avgPrice=8433.6207
2026-05-07 16:35:11 WARN  SELL_SKIP [KRX] 037030 reason=PHANTOM_POSITION phase=NONE qty=58 avgPrice=8433.6207
2026-05-07 16:35:22 WARN  SELL_SKIP [KRX] 037030 reason=PHANTOM_POSITION phase=NONE qty=58 avgPrice=8433.6207
2026-05-07 16:35:27 WARN  SELL_SKIP [KRX] 037030 reason=PHANTOM_POSITION phase=NONE qty=58 avgPrice=8433.6207
2026-05-07 16:35:32 WARN  SELL_SKIP [KRX] 037030 reason=PHANTOM_POSITION phase=NONE qty=58 avgPrice=8433.6207
2026-05-07 16:35:37 WARN  SELL_SKIP [KRX] 037030 reason=PHANTOM_POSITION phase=NONE qty=58 avgPrice=8433.6207
2026-05-07 16:35:42 WARN  SELL_SKIP [KRX] 037030 reason=PHANTOM_POSITION phase=NONE qty=58 avgPrice=8433.6207
2026-05-07 16:35:47 WARN  SELL_SKIP [KRX] 037030 reason=PHANTOM_POSITION phase=NONE qty=58 avgPrice=8433.6207
2026-05-07 16:35:52 WARN  SELL_SKIP [KRX] 037030 reason=PHANTOM_POSITION phase=NONE qty=58 avgPrice=8433.6207
2026-05-07 16:35:57 WARN  SELL_SKIP [KRX] 037030 reason=PHANTOM_POSITION phase=NONE qty=58 avgPrice=8433.6207
2026-05-07 16:36:13 WARN  SELL_SKIP [KRX] 037030 reason=PHANTOM_POSITION phase=NONE qty=58 avgPrice=8433.6207
2026-05-07 16:36:18 WARN  SELL_SKIP [KRX] 037030 reason=PHANTOM_POSITION phase=NONE qty=58 avgPrice=8433.6207
2026-05-07 16:36:23 WARN  SELL_SKIP [KRX] 037030 reason=PHANTOM_POSITION phase=NONE qty=58 avgPrice=8433.6207
2026-05-07 16:36:28 WARN  SELL_SKIP [KRX] 037030 reason=PHANTOM_POSITION phase=NONE qty=58 avgPrice=8433.6207
2026-05-07 16:36:33 WARN  SELL_SKIP [KRX] 037030 reason=PHANTOM_POSITION phase=NONE qty=58 avgPrice=8433.6207
2026-05-07 16:36:38 WARN  SELL_SKIP [KRX] 037030 reason=PHANTOM_POSITION phase=NONE qty=58 avgPrice=8433.6207
2026-05-07 16:36:43 WARN  SELL_SKIP [KRX] 037030 reason=PHANTOM_POSITION phase=NONE qty=58 avgPrice=8433.6207
2026-05-07 16:36:48 WARN  SELL_SKIP [KRX] 037030 reason=PHANTOM_POSITION phase=NONE qty=58 avgPrice=8433.6207
2026-05-07 16:36:53 WARN  SELL_SKIP [KRX] 037030 reason=PHANTOM_POSITION phase=NONE qty=58 avgPrice=8433.6207
2026-05-07 16:37:03 WARN  SELL_SKIP [KRX] 037030 reason=PHANTOM_POSITION phase=NONE qty=58 avgPrice=8433.6207
2026-05-07 16:37:09 WARN  SELL_SKIP [KRX] 037030 reason=PHANTOM_POSITION phase=NONE qty=58 avgPrice=8433.6207
2026-05-07 16:37:14 WARN  SELL_SKIP [KRX] 037030 reason=PHANTOM_POSITION phase=NONE qty=58 avgPrice=8433.6207
2026-05-07 16:37:19 WARN  SELL_SKIP [KRX] 037030 reason=PHANTOM_POSITION phase=NONE qty=58 avgPrice=8433.6207
2026-05-07 16:37:24 WARN  SELL_SKIP [KRX] 037030 reason=PHANTOM_POSITION phase=NONE qty=58 avgPrice=8433.6207
2026-05-07 16:37:29 WARN  SELL_SKIP [KRX] 037030 reason=PHANTOM_POSITION phase=NONE qty=58 avgPrice=8433.6207
2026-05-07 16:37:34 WARN  SELL_SKIP [KRX] 037030 reason=PHANTOM_POSITION phase=NONE qty=58 avgPrice=8433.6207
2026-05-07 16:37:39 WARN  SELL_SKIP [KRX] 037030 reason=PHANTOM_POSITION phase=NONE qty=58 avgPrice=8433.6207
2026-05-07 16:37:44 WARN  SELL_SKIP [KRX] 037030 reason=PHANTOM_POSITION phase=NONE qty=58 avgPrice=8433.6207
2026-05-07 16:37:49 WARN  SELL_SKIP [KRX] 037030 reason=PHANTOM_POSITION phase=NONE qty=58 avgPrice=8433.6207
2026-05-07 16:38:15 WARN  SELL_SKIP [KRX] 037030 reason=PHANTOM_POSITION phase=NONE qty=58 avgPrice=8433.6207
2026-05-07 16:38:20 WARN  SELL_SKIP [KRX] 037030 reason=PHANTOM_POSITION phase=NONE qty=58 avgPrice=8433.6207
2026-05-07 16:38:25 WARN  SELL_SKIP [KRX] 037030 reason=PHANTOM_POSITION phase=NONE qty=58 avgPrice=8433.6207
2026-05-07 16:38:30 WARN  SELL_SKIP [KRX] 037030 reason=PHANTOM_POSITION phase=NONE qty=58 avgPrice=8433.6207
2026-05-07 16:38:35 WARN  SELL_SKIP [KRX] 037030 reason=PHANTOM_POSITION phase=NONE qty=58 avgPrice=8433.6207
2026-05-07 16:38:40 WARN  SELL_SKIP [KRX] 037030 reason=PHANTOM_POSITION phase=NONE qty=58 avgPrice=8433.6207
2026-05-07 16:38:45 WARN  SELL_SKIP [KRX] 037030 reason=PHANTOM_POSITION phase=NONE qty=58 avgPrice=8433.6207
2026-05-07 16:38:50 WARN  SELL_SKIP [KRX] 037030 reason=PHANTOM_POSITION phase=NONE qty=58 avgPrice=8433.6207
2026-05-07 16:39:01 WARN  SELL_SKIP [KRX] 037030 reason=PHANTOM_POSITION phase=NONE qty=58 avgPrice=8433.6207
2026-05-07 16:39:06 WARN  SELL_SKIP [KRX] 037030 reason=PHANTOM_POSITION phase=NONE qty=58 avgPrice=8433.6207
2026-05-07 16:39:11 WARN  SELL_SKIP [KRX] 037030 reason=PHANTOM_POSITION phase=NONE qty=58 avgPrice=8433.6207
2026-05-07 16:39:16 WARN  SELL_SKIP [KRX] 037030 reason=PHANTOM_POSITION phase=NONE qty=58 avgPrice=8433.6207
2026-05-07 16:39:21 WARN  SELL_SKIP [KRX] 037030 reason=PHANTOM_POSITION phase=NONE qty=58 avgPrice=8433.6207
2026-05-07 16:39:26 WARN  SELL_SKIP [KRX] 037030 reason=PHANTOM_POSITION phase=NONE qty=58 avgPrice=8433.6207
2026-05-07 16:39:31 WARN  SELL_SKIP [KRX] 037030 reason=PHANTOM_POSITION phase=NONE qty=58 avgPrice=8433.6207
2026-05-07 16:39:36 WARN  SELL_SKIP [KRX] 037030 reason=PHANTOM_POSITION phase=NONE qty=58 avgPrice=8433.6207
2026-05-07 16:39:41 WARN  SELL_SKIP [KRX] 037030 reason=PHANTOM_POSITION phase=NONE qty=58 avgPrice=8433.6207
2026-05-07 16:39:46 WARN  SELL_SKIP [KRX] 037030 reason=PHANTOM_POSITION phase=NONE qty=58 avgPrice=8433.6207
2026-05-07 16:39:51 WARN  SELL_SKIP [KRX] 037030 reason=PHANTOM_POSITION phase=NONE qty=58 avgPrice=8433.6207
2026-05-07 16:39:57 WARN  SELL_SKIP [KRX] 037030 reason=PHANTOM_POSITION phase=NONE qty=58 avgPrice=8433.6207
2026-05-07 16:40:02 WARN  SELL_SKIP [KRX] 037030 reason=PHANTOM_POSITION phase=NONE qty=58 avgPrice=8433.6207
2026-05-07 16:40:07 WARN  SELL_SKIP [KRX] 037030 reason=PHANTOM_POSITION phase=NONE qty=58 avgPrice=8433.6207
2026-05-07 16:40:12 WARN  SELL_SKIP [KRX] 037030 reason=PHANTOM_POSITION phase=NONE qty=58 avgPrice=8433.6207
2026-05-07 16:40:17 WARN  SELL_SKIP [KRX] 037030 reason=PHANTOM_POSITION phase=NONE qty=58 avgPrice=8433.6207
2026-05-07 16:40:22 WARN  SELL_SKIP [KRX] 037030 reason=PHANTOM_POSITION phase=NONE qty=58 avgPrice=8433.6207
2026-05-07 16:40:27 WARN  SELL_SKIP [KRX] 037030 reason=PHANTOM_POSITION phase=NONE qty=58 avgPrice=8433.6207
2026-05-07 16:40:32 WARN  SELL_SKIP [KRX] 037030 reason=PHANTOM_POSITION phase=NONE qty=58 avgPrice=8433.6207
2026-05-07 16:40:37 WARN  SELL_SKIP [KRX] 037030 reason=PHANTOM_POSITION phase=NONE qty=58 avgPrice=8433.6207
2026-05-07 16:40:42 WARN  SELL_SKIP [KRX] 037030 reason=PHANTOM_POSITION phase=NONE qty=58 avgPrice=8433.6207
2026-05-07 16:40:52 WARN  SELL_SKIP [KRX] 037030 reason=PHANTOM_POSITION phase=NONE qty=58 avgPrice=8433.6207
2026-05-07 16:40:58 WARN  SELL_SKIP [KRX] 037030 reason=PHANTOM_POSITION phase=NONE qty=58 avgPrice=8433.6207
2026-05-07 16:41:13 WARN  SELL_SKIP [KRX] 037030 reason=PHANTOM_POSITION phase=NONE qty=58 avgPrice=8433.6207
2026-05-07 16:41:18 WARN  SELL_SKIP [KRX] 037030 reason=PHANTOM_POSITION phase=NONE qty=58 avgPrice=8433.6207
2026-05-07 16:41:23 WARN  SELL_SKIP [KRX] 037030 reason=PHANTOM_POSITION phase=NONE qty=58 avgPrice=8433.6207
2026-05-07 16:41:28 WARN  SELL_SKIP [KRX] 037030 reason=PHANTOM_POSITION phase=NONE qty=58 avgPrice=8433.6207
2026-05-07 16:41:33 WARN  SELL_SKIP [KRX] 037030 reason=PHANTOM_POSITION phase=NONE qty=58 avgPrice=8433.6207
2026-05-07 16:41:38 WARN  SELL_SKIP [KRX] 037030 reason=PHANTOM_POSITION phase=NONE qty=58 avgPrice=8433.6207
2026-05-07 16:41:48 WARN  SELL_SKIP [KRX] 037030 reason=PHANTOM_POSITION phase=NONE qty=58 avgPrice=8433.6207
2026-05-07 16:41:54 WARN  SELL_SKIP [KRX] 037030 reason=PHANTOM_POSITION phase=NONE qty=58 avgPrice=8433.6207
2026-05-07 16:41:59 WARN  SELL_SKIP [KRX] 037030 reason=PHANTOM_POSITION phase=NONE qty=58 avgPrice=8433.6207
2026-05-07 16:42:04 WARN  SELL_SKIP [KRX] 037030 reason=PHANTOM_POSITION phase=NONE qty=58 avgPrice=8433.6207
2026-05-07 16:42:09 WARN  SELL_SKIP [KRX] 037030 reason=PHANTOM_POSITION phase=NONE qty=58 avgPrice=8433.6207
2026-05-07 16:42:14 WARN  SELL_SKIP [KRX] 037030 reason=PHANTOM_POSITION phase=NONE qty=58 avgPrice=8433.6207
2026-05-07 16:42:19 WARN  SELL_SKIP [KRX] 037030 reason=PHANTOM_POSITION phase=NONE qty=58 avgPrice=8433.6207
2026-05-07 16:42:24 WARN  SELL_SKIP [KRX] 037030 reason=PHANTOM_POSITION phase=NONE qty=58 avgPrice=8433.6207
2026-05-07 16:42:29 WARN  SELL_SKIP [KRX] 037030 reason=PHANTOM_POSITION phase=NONE qty=58 avgPrice=8433.6207
2026-05-07 16:42:34 WARN  SELL_SKIP [KRX] 037030 reason=PHANTOM_POSITION phase=NONE qty=58 avgPrice=8433.6207
2026-05-07 16:42:39 WARN  SELL_SKIP [KRX] 037030 reason=PHANTOM_POSITION phase=NONE qty=58 avgPrice=8433.6207
2026-05-07 16:42:44 WARN  SELL_SKIP [KRX] 037030 reason=PHANTOM_POSITION phase=NONE qty=58 avgPrice=8433.6207
2026-05-07 16:43:05 WARN  SELL_SKIP [KRX] 037030 reason=PHANTOM_POSITION phase=NONE qty=58 avgPrice=8433.6207
2026-05-07 16:43:10 WARN  SELL_SKIP [KRX] 037030 reason=PHANTOM_POSITION phase=NONE qty=58 avgPrice=8433.6207
2026-05-07 16:43:15 WARN  SELL_SKIP [KRX] 037030 reason=PHANTOM_POSITION phase=NONE qty=58 avgPrice=8433.6207
2026-05-07 16:43:20 WARN  SELL_SKIP [KRX] 037030 reason=PHANTOM_POSITION phase=NONE qty=58 avgPrice=8433.6207
2026-05-07 16:43:25 WARN  SELL_SKIP [KRX] 037030 reason=PHANTOM_POSITION phase=NONE qty=58 avgPrice=8433.6207
2026-05-07 16:43:35 WARN  SELL_SKIP [KRX] 037030 reason=PHANTOM_POSITION phase=NONE qty=58 avgPrice=8433.6207
2026-05-07 16:43:40 WARN  SELL_SKIP [KRX] 037030 reason=PHANTOM_POSITION phase=NONE qty=58 avgPrice=8433.6207
2026-05-07 16:43:56 WARN  SELL_SKIP [KRX] 037030 reason=PHANTOM_POSITION phase=NONE qty=58 avgPrice=8433.6207
2026-05-07 16:44:01 WARN  SELL_SKIP [KRX] 037030 reason=PHANTOM_POSITION phase=NONE qty=58 avgPrice=8433.6207
2026-05-07 16:44:06 WARN  SELL_SKIP [KRX] 037030 reason=PHANTOM_POSITION phase=NONE qty=58 avgPrice=8433.6207
2026-05-07 16:44:11 WARN  SELL_SKIP [KRX] 037030 reason=PHANTOM_POSITION phase=NONE qty=58 avgPrice=8433.6207
2026-05-07 16:44:16 WARN  SELL_SKIP [KRX] 037030 reason=PHANTOM_POSITION phase=NONE qty=58 avgPrice=8433.6207
2026-05-07 16:44:21 WARN  SELL_SKIP [KRX] 037030 reason=PHANTOM_POSITION phase=NONE qty=58 avgPrice=8433.6207
2026-05-07 16:44:26 WARN  SELL_SKIP [KRX] 037030 reason=PHANTOM_POSITION phase=NONE qty=58 avgPrice=8433.6207
2026-05-07 16:44:31 WARN  SELL_SKIP [KRX] 037030 reason=PHANTOM_POSITION phase=NONE qty=58 avgPrice=8433.6207
2026-05-07 16:44:36 WARN  SELL_SKIP [KRX] 037030 reason=PHANTOM_POSITION phase=NONE qty=58 avgPrice=8433.6207
2026-05-07 16:44:52 WARN  SELL_SKIP [KRX] 037030 reason=PHANTOM_POSITION phase=NONE qty=58 avgPrice=8433.6207
2026-05-07 16:44:57 WARN  SELL_SKIP [KRX] 037030 reason=PHANTOM_POSITION phase=NONE qty=58 avgPrice=8433.6207
2026-05-07 16:45:02 WARN  SELL_SKIP [KRX] 037030 reason=PHANTOM_POSITION phase=NONE qty=58 avgPrice=8433.6207
2026-05-07 16:45:07 WARN  SELL_SKIP [KRX] 037030 reason=PHANTOM_POSITION phase=NONE qty=58 avgPrice=8433.6207
2026-05-07 16:45:12 WARN  SELL_SKIP [KRX] 037030 reason=PHANTOM_POSITION phase=NONE qty=58 avgPrice=8433.6207
2026-05-07 16:45:22 WARN  SELL_SKIP [KRX] 037030 reason=PHANTOM_POSITION phase=NONE qty=58 avgPrice=8433.6207
2026-05-07 16:45:27 WARN  SELL_SKIP [KRX] 037030 reason=PHANTOM_POSITION phase=NONE qty=58 avgPrice=8433.6207
2026-05-07 16:45:32 WARN  SELL_SKIP [KRX] 037030 reason=PHANTOM_POSITION phase=NONE qty=58 avgPrice=8433.6207
2026-05-07 16:45:38 WARN  SELL_SKIP [KRX] 037030 reason=PHANTOM_POSITION phase=NONE qty=58 avgPrice=8433.6207
2026-05-07 16:45:43 WARN  SELL_SKIP [KRX] 037030 reason=PHANTOM_POSITION phase=NONE qty=58 avgPrice=8433.6207
2026-05-07 16:45:48 WARN  SELL_SKIP [KRX] 037030 reason=PHANTOM_POSITION phase=NONE qty=58 avgPrice=8433.6207
2026-05-07 16:45:53 WARN  SELL_SKIP [KRX] 037030 reason=PHANTOM_POSITION phase=NONE qty=58 avgPrice=8433.6207
2026-05-07 16:45:58 WARN  SELL_SKIP [KRX] 037030 reason=PHANTOM_POSITION phase=NONE qty=58 avgPrice=8433.6207
2026-05-07 16:46:03 WARN  SELL_SKIP [KRX] 037030 reason=PHANTOM_POSITION phase=NONE qty=58 avgPrice=8433.6207
2026-05-07 16:46:08 WARN  SELL_SKIP [KRX] 037030 reason=PHANTOM_POSITION phase=NONE qty=58 avgPrice=8433.6207
2026-05-07 16:46:18 WARN  SELL_SKIP [KRX] 037030 reason=PHANTOM_POSITION phase=NONE qty=58 avgPrice=8433.6207
2026-05-07 16:46:23 WARN  SELL_SKIP [KRX] 037030 reason=PHANTOM_POSITION phase=NONE qty=58 avgPrice=8433.6207
2026-05-07 16:46:34 WARN  SELL_SKIP [KRX] 037030 reason=PHANTOM_POSITION phase=NONE qty=58 avgPrice=8433.6207
2026-05-07 16:46:39 WARN  SELL_SKIP [KRX] 037030 reason=PHANTOM_POSITION phase=NONE qty=58 avgPrice=8433.6207
2026-05-07 16:46:44 WARN  SELL_SKIP [KRX] 037030 reason=PHANTOM_POSITION phase=NONE qty=58 avgPrice=8433.6207
2026-05-07 16:46:49 WARN  SELL_SKIP [KRX] 037030 reason=PHANTOM_POSITION phase=NONE qty=58 avgPrice=8433.6207
2026-05-07 16:46:54 WARN  SELL_SKIP [KRX] 037030 reason=PHANTOM_POSITION phase=NONE qty=58 avgPrice=8433.6207
2026-05-07 16:46:59 WARN  SELL_SKIP [KRX] 037030 reason=PHANTOM_POSITION phase=NONE qty=58 avgPrice=8433.6207
2026-05-07 16:47:04 WARN  SELL_SKIP [KRX] 037030 reason=PHANTOM_POSITION phase=NONE qty=58 avgPrice=8433.6207
2026-05-07 16:47:09 WARN  SELL_SKIP [KRX] 037030 reason=PHANTOM_POSITION phase=NONE qty=58 avgPrice=8433.6207
2026-05-07 16:47:14 WARN  SELL_SKIP [KRX] 037030 reason=PHANTOM_POSITION phase=NONE qty=58 avgPrice=8433.6207
2026-05-07 16:47:19 WARN  SELL_SKIP [KRX] 037030 reason=PHANTOM_POSITION phase=NONE qty=58 avgPrice=8433.6207
2026-05-07 16:47:25 WARN  SELL_SKIP [KRX] 037030 reason=PHANTOM_POSITION phase=NONE qty=58 avgPrice=8433.6207
2026-05-07 16:47:30 WARN  SELL_SKIP [KRX] 037030 reason=PHANTOM_POSITION phase=NONE qty=58 avgPrice=8433.6207
2026-05-07 16:47:35 WARN  SELL_SKIP [KRX] 037030 reason=PHANTOM_POSITION phase=NONE qty=58 avgPrice=8433.6207
2026-05-07 16:47:40 WARN  SELL_SKIP [KRX] 037030 reason=PHANTOM_POSITION phase=NONE qty=58 avgPrice=8433.6207
2026-05-07 16:47:45 WARN  SELL_SKIP [KRX] 037030 reason=PHANTOM_POSITION phase=NONE qty=58 avgPrice=8433.6207
2026-05-07 16:47:50 WARN  SELL_SKIP [KRX] 037030 reason=PHANTOM_POSITION phase=NONE qty=58 avgPrice=8433.6207
2026-05-07 16:47:55 WARN  SELL_SKIP [KRX] 037030 reason=PHANTOM_POSITION phase=NONE qty=58 avgPrice=8433.6207
2026-05-07 16:48:00 WARN  SELL_SKIP [KRX] 037030 reason=PHANTOM_POSITION phase=NONE qty=58 avgPrice=8433.6207
2026-05-07 16:48:05 WARN  SELL_SKIP [KRX] 037030 reason=PHANTOM_POSITION phase=NONE qty=58 avgPrice=8433.6207
2026-05-07 16:48:10 WARN  SELL_SKIP [KRX] 037030 reason=PHANTOM_POSITION phase=NONE qty=58 avgPrice=8433.6207
2026-05-07 16:48:15 WARN  SELL_SKIP [KRX] 037030 reason=PHANTOM_POSITION phase=NONE qty=58 avgPrice=8433.6207
2026-05-07 16:48:21 WARN  SELL_SKIP [KRX] 037030 reason=PHANTOM_POSITION phase=NONE qty=58 avgPrice=8433.6207
2026-05-07 16:48:26 WARN  SELL_SKIP [KRX] 037030 reason=PHANTOM_POSITION phase=NONE qty=58 avgPrice=8433.6207
2026-05-07 16:48:31 WARN  SELL_SKIP [KRX] 037030 reason=PHANTOM_POSITION phase=NONE qty=58 avgPrice=8433.6207
2026-05-07 16:48:36 WARN  SELL_SKIP [KRX] 037030 reason=PHANTOM_POSITION phase=NONE qty=58 avgPrice=8433.6207
2026-05-07 16:48:41 WARN  SELL_SKIP [KRX] 037030 reason=PHANTOM_POSITION phase=NONE qty=58 avgPrice=8433.6207
2026-05-07 16:48:46 WARN  SELL_SKIP [KRX] 037030 reason=PHANTOM_POSITION phase=NONE qty=58 avgPrice=8433.6207
2026-05-07 16:48:51 WARN  SELL_SKIP [KRX] 037030 reason=PHANTOM_POSITION phase=NONE qty=58 avgPrice=8433.6207
2026-05-07 16:48:56 WARN  SELL_SKIP [KRX] 037030 reason=PHANTOM_POSITION phase=NONE qty=58 avgPrice=8433.6207
2026-05-07 16:49:01 WARN  SELL_SKIP [KRX] 037030 reason=PHANTOM_POSITION phase=NONE qty=58 avgPrice=8433.6207
2026-05-07 16:49:06 WARN  SELL_SKIP [KRX] 037030 reason=PHANTOM_POSITION phase=NONE qty=58 avgPrice=8433.6207
2026-05-07 16:49:11 WARN  SELL_SKIP [KRX] 037030 reason=PHANTOM_POSITION phase=NONE qty=58 avgPrice=8433.6207
2026-05-07 16:49:16 WARN  SELL_SKIP [KRX] 037030 reason=PHANTOM_POSITION phase=NONE qty=58 avgPrice=8433.6207
2026-05-07 16:49:22 WARN  SELL_SKIP [KRX] 037030 reason=PHANTOM_POSITION phase=NONE qty=58 avgPrice=8433.6207
2026-05-07 16:49:27 WARN  SELL_SKIP [KRX] 037030 reason=PHANTOM_POSITION phase=NONE qty=58 avgPrice=8433.6207
2026-05-07 16:49:32 WARN  SELL_SKIP [KRX] 037030 reason=PHANTOM_POSITION phase=NONE qty=58 avgPrice=8433.6207
2026-05-07 16:49:37 WARN  SELL_SKIP [KRX] 037030 reason=PHANTOM_POSITION phase=NONE qty=58 avgPrice=8433.6207
2026-05-07 16:49:42 WARN  SELL_SKIP [KRX] 037030 reason=PHANTOM_POSITION phase=NONE qty=58 avgPrice=8433.6207
2026-05-07 16:49:47 WARN  SELL_SKIP [KRX] 037030 reason=PHANTOM_POSITION phase=NONE qty=58 avgPrice=8433.6207
2026-05-07 16:49:52 WARN  SELL_SKIP [KRX] 037030 reason=PHANTOM_POSITION phase=NONE qty=58 avgPrice=8433.6207
2026-05-07 16:49:57 WARN  SELL_SKIP [KRX] 037030 reason=PHANTOM_POSITION phase=NONE qty=58 avgPrice=8433.6207
2026-05-07 16:50:02 WARN  SELL_SKIP [KRX] 037030 reason=PHANTOM_POSITION phase=NONE qty=58 avgPrice=8433.6207
2026-05-07 16:50:08 WARN  SELL_SKIP [KRX] 037030 reason=PHANTOM_POSITION phase=NONE qty=58 avgPrice=8433.6207
2026-05-07 16:50:13 WARN  SELL_SKIP [KRX] 037030 reason=PHANTOM_POSITION phase=NONE qty=58 avgPrice=8433.6207
2026-05-07 16:50:18 WARN  SELL_SKIP [KRX] 037030 reason=PHANTOM_POSITION phase=NONE qty=58 avgPrice=8433.6207
2026-05-07 16:50:23 WARN  SELL_SKIP [KRX] 037030 reason=PHANTOM_POSITION phase=NONE qty=58 avgPrice=8433.6207
2026-05-07 16:50:28 WARN  SELL_SKIP [KRX] 037030 reason=PHANTOM_POSITION phase=NONE qty=58 avgPrice=8433.6207
2026-05-07 16:50:33 WARN  SELL_SKIP [KRX] 037030 reason=PHANTOM_POSITION phase=NONE qty=58 avgPrice=8433.6207
2026-05-07 16:50:38 WARN  SELL_SKIP [KRX] 037030 reason=PHANTOM_POSITION phase=NONE qty=58 avgPrice=8433.6207
2026-05-07 16:50:43 WARN  SELL_SKIP [KRX] 037030 reason=PHANTOM_POSITION phase=NONE qty=58 avgPrice=8433.6207
2026-05-07 16:50:48 WARN  SELL_SKIP [KRX] 037030 reason=PHANTOM_POSITION phase=NONE qty=58 avgPrice=8433.6207
2026-05-07 16:50:53 WARN  SELL_SKIP [KRX] 037030 reason=PHANTOM_POSITION phase=NONE qty=58 avgPrice=8433.6207
2026-05-07 16:50:58 WARN  SELL_SKIP [KRX] 037030 reason=PHANTOM_POSITION phase=NONE qty=58 avgPrice=8433.6207
2026-05-07 16:51:04 WARN  SELL_SKIP [KRX] 037030 reason=PHANTOM_POSITION phase=NONE qty=58 avgPrice=8433.6207
2026-05-07 16:51:09 WARN  SELL_SKIP [KRX] 037030 reason=PHANTOM_POSITION phase=NONE qty=58 avgPrice=8433.6207
2026-05-07 16:51:14 WARN  SELL_SKIP [KRX] 037030 reason=PHANTOM_POSITION phase=NONE qty=58 avgPrice=8433.6207
2026-05-07 16:51:19 WARN  SELL_SKIP [KRX] 037030 reason=PHANTOM_POSITION phase=NONE qty=58 avgPrice=8433.6207
2026-05-07 16:51:24 WARN  SELL_SKIP [KRX] 037030 reason=PHANTOM_POSITION phase=NONE qty=58 avgPrice=8433.6207
2026-05-07 16:51:29 WARN  SELL_SKIP [KRX] 037030 reason=PHANTOM_POSITION phase=NONE qty=58 avgPrice=8433.6207
2026-05-07 16:51:34 WARN  SELL_SKIP [KRX] 037030 reason=PHANTOM_POSITION phase=NONE qty=58 avgPrice=8433.6207
2026-05-07 16:51:39 WARN  SELL_SKIP [KRX] 037030 reason=PHANTOM_POSITION phase=NONE qty=58 avgPrice=8433.6207
2026-05-07 16:51:49 WARN  SELL_SKIP [KRX] 037030 reason=PHANTOM_POSITION phase=NONE qty=58 avgPrice=8433.6207
2026-05-07 16:51:55 WARN  SELL_SKIP [KRX] 037030 reason=PHANTOM_POSITION phase=NONE qty=58 avgPrice=8433.6207
2026-05-07 16:52:00 WARN  SELL_SKIP [KRX] 037030 reason=PHANTOM_POSITION phase=NONE qty=58 avgPrice=8433.6207
2026-05-07 16:52:05 WARN  SELL_SKIP [KRX] 037030 reason=PHANTOM_POSITION phase=NONE qty=58 avgPrice=8433.6207
2026-05-07 16:52:10 WARN  SELL_SKIP [KRX] 037030 reason=PHANTOM_POSITION phase=NONE qty=58 avgPrice=8433.6207
2026-05-07 16:52:15 WARN  SELL_SKIP [KRX] 037030 reason=PHANTOM_POSITION phase=NONE qty=58 avgPrice=8433.6207
2026-05-07 16:52:20 WARN  SELL_SKIP [KRX] 037030 reason=PHANTOM_POSITION phase=NONE qty=58 avgPrice=8433.6207
2026-05-07 16:52:25 WARN  SELL_SKIP [KRX] 037030 reason=PHANTOM_POSITION phase=NONE qty=58 avgPrice=8433.6207
2026-05-07 16:52:30 WARN  SELL_SKIP [KRX] 037030 reason=PHANTOM_POSITION phase=NONE qty=58 avgPrice=8433.6207
2026-05-07 16:52:35 WARN  SELL_SKIP [KRX] 037030 reason=PHANTOM_POSITION phase=NONE qty=58 avgPrice=8433.6207
2026-05-07 16:52:40 WARN  SELL_SKIP [KRX] 037030 reason=PHANTOM_POSITION phase=NONE qty=58 avgPrice=8433.6207
2026-05-07 16:52:45 WARN  SELL_SKIP [KRX] 037030 reason=PHANTOM_POSITION phase=NONE qty=58 avgPrice=8433.6207
2026-05-07 16:52:51 WARN  SELL_SKIP [KRX] 037030 reason=PHANTOM_POSITION phase=NONE qty=58 avgPrice=8433.6207
2026-05-07 16:52:56 WARN  SELL_SKIP [KRX] 037030 reason=PHANTOM_POSITION phase=NONE qty=58 avgPrice=8433.6207
2026-05-07 16:53:01 WARN  SELL_SKIP [KRX] 037030 reason=PHANTOM_POSITION phase=NONE qty=58 avgPrice=8433.6207
2026-05-07 16:53:06 WARN  SELL_SKIP [KRX] 037030 reason=PHANTOM_POSITION phase=NONE qty=58 avgPrice=8433.6207
2026-05-07 16:53:11 WARN  SELL_SKIP [KRX] 037030 reason=PHANTOM_POSITION phase=NONE qty=58 avgPrice=8433.6207
2026-05-07 16:53:16 WARN  SELL_SKIP [KRX] 037030 reason=PHANTOM_POSITION phase=NONE qty=58 avgPrice=8433.6207
2026-05-07 16:53:21 WARN  SELL_SKIP [KRX] 037030 reason=PHANTOM_POSITION phase=NONE qty=58 avgPrice=8433.6207
2026-05-07 16:53:26 WARN  SELL_SKIP [KRX] 037030 reason=PHANTOM_POSITION phase=NONE qty=58 avgPrice=8433.6207
2026-05-07 16:53:31 WARN  SELL_SKIP [KRX] 037030 reason=PHANTOM_POSITION phase=NONE qty=58 avgPrice=8433.6207
2026-05-07 16:53:36 WARN  SELL_SKIP [KRX] 037030 reason=PHANTOM_POSITION phase=NONE qty=58 avgPrice=8433.6207
2026-05-07 16:53:41 WARN  SELL_SKIP [KRX] 037030 reason=PHANTOM_POSITION phase=NONE qty=58 avgPrice=8433.6207
2026-05-07 16:53:47 WARN  SELL_SKIP [KRX] 037030 reason=PHANTOM_POSITION phase=NONE qty=58 avgPrice=8433.6207
2026-05-07 16:53:52 WARN  SELL_SKIP [KRX] 037030 reason=PHANTOM_POSITION phase=NONE qty=58 avgPrice=8433.6207
2026-05-07 16:53:57 WARN  SELL_SKIP [KRX] 037030 reason=PHANTOM_POSITION phase=NONE qty=58 avgPrice=8433.6207
2026-05-07 16:54:02 WARN  SELL_SKIP [KRX] 037030 reason=PHANTOM_POSITION phase=NONE qty=58 avgPrice=8433.6207
2026-05-07 16:54:07 WARN  SELL_SKIP [KRX] 037030 reason=PHANTOM_POSITION phase=NONE qty=58 avgPrice=8433.6207
2026-05-07 16:54:12 WARN  SELL_SKIP [KRX] 037030 reason=PHANTOM_POSITION phase=NONE qty=58 avgPrice=8433.6207
2026-05-07 16:54:17 WARN  SELL_SKIP [KRX] 037030 reason=PHANTOM_POSITION phase=NONE qty=58 avgPrice=8433.6207
2026-05-07 16:54:22 WARN  SELL_SKIP [KRX] 037030 reason=PHANTOM_POSITION phase=NONE qty=58 avgPrice=8433.6207
2026-05-07 16:54:27 WARN  SELL_SKIP [KRX] 037030 reason=PHANTOM_POSITION phase=NONE qty=58 avgPrice=8433.6207
2026-05-07 16:54:32 WARN  SELL_SKIP [KRX] 037030 reason=PHANTOM_POSITION phase=NONE qty=58 avgPrice=8433.6207
2026-05-07 16:54:38 WARN  SELL_SKIP [KRX] 037030 reason=PHANTOM_POSITION phase=NONE qty=58 avgPrice=8433.6207
2026-05-07 16:54:43 WARN  SELL_SKIP [KRX] 037030 reason=PHANTOM_POSITION phase=NONE qty=58 avgPrice=8433.6207
2026-05-07 16:54:48 WARN  SELL_SKIP [KRX] 037030 reason=PHANTOM_POSITION phase=NONE qty=58 avgPrice=8433.6207
2026-05-07 16:54:58 WARN  SELL_SKIP [KRX] 037030 reason=PHANTOM_POSITION phase=NONE qty=58 avgPrice=8433.6207
2026-05-07 16:55:03 WARN  SELL_SKIP [KRX] 037030 reason=PHANTOM_POSITION phase=NONE qty=58 avgPrice=8433.6207
2026-05-07 16:55:13 WARN  SELL_SKIP [KRX] 037030 reason=PHANTOM_POSITION phase=NONE qty=58 avgPrice=8433.6207
2026-05-07 16:55:19 WARN  SELL_SKIP [KRX] 037030 reason=PHANTOM_POSITION phase=NONE qty=58 avgPrice=8433.6207
2026-05-07 16:55:24 WARN  SELL_SKIP [KRX] 037030 reason=PHANTOM_POSITION phase=NONE qty=58 avgPrice=8433.6207
2026-05-07 16:55:29 WARN  SELL_SKIP [KRX] 037030 reason=PHANTOM_POSITION phase=NONE qty=58 avgPrice=8433.6207
2026-05-07 16:55:34 WARN  SELL_SKIP [KRX] 037030 reason=PHANTOM_POSITION phase=NONE qty=58 avgPrice=8433.6207
2026-05-07 16:55:39 WARN  SELL_SKIP [KRX] 037030 reason=PHANTOM_POSITION phase=NONE qty=58 avgPrice=8433.6207
2026-05-07 16:55:44 WARN  SELL_SKIP [KRX] 037030 reason=PHANTOM_POSITION phase=NONE qty=58 avgPrice=8433.6207
2026-05-07 16:55:49 WARN  SELL_SKIP [KRX] 037030 reason=PHANTOM_POSITION phase=NONE qty=58 avgPrice=8433.6207
2026-05-07 16:55:54 WARN  SELL_SKIP [KRX] 037030 reason=PHANTOM_POSITION phase=NONE qty=58 avgPrice=8433.6207
2026-05-07 16:55:59 WARN  SELL_SKIP [KRX] 037030 reason=PHANTOM_POSITION phase=NONE qty=58 avgPrice=8433.6207
2026-05-07 16:56:05 WARN  SELL_SKIP [KRX] 037030 reason=PHANTOM_POSITION phase=NONE qty=58 avgPrice=8433.6207
2026-05-07 16:56:10 WARN  SELL_SKIP [KRX] 037030 reason=PHANTOM_POSITION phase=NONE qty=58 avgPrice=8433.6207
2026-05-07 16:56:15 WARN  SELL_SKIP [KRX] 037030 reason=PHANTOM_POSITION phase=NONE qty=58 avgPrice=8433.6207
2026-05-07 16:56:20 WARN  SELL_SKIP [KRX] 037030 reason=PHANTOM_POSITION phase=NONE qty=58 avgPrice=8433.6207
2026-05-07 16:56:25 WARN  SELL_SKIP [KRX] 037030 reason=PHANTOM_POSITION phase=NONE qty=58 avgPrice=8433.6207
2026-05-07 16:56:30 WARN  SELL_SKIP [KRX] 037030 reason=PHANTOM_POSITION phase=NONE qty=58 avgPrice=8433.6207
2026-05-07 16:56:35 WARN  SELL_SKIP [KRX] 037030 reason=PHANTOM_POSITION phase=NONE qty=58 avgPrice=8433.6207
2026-05-07 16:56:40 WARN  SELL_SKIP [KRX] 037030 reason=PHANTOM_POSITION phase=NONE qty=58 avgPrice=8433.6207
2026-05-07 16:56:45 WARN  SELL_SKIP [KRX] 037030 reason=PHANTOM_POSITION phase=NONE qty=58 avgPrice=8433.6207
2026-05-07 16:56:50 WARN  SELL_SKIP [KRX] 037030 reason=PHANTOM_POSITION phase=NONE qty=58 avgPrice=8433.6207
2026-05-07 16:56:55 WARN  SELL_SKIP [KRX] 037030 reason=PHANTOM_POSITION phase=NONE qty=58 avgPrice=8433.6207
2026-05-07 16:57:01 WARN  SELL_SKIP [KRX] 037030 reason=PHANTOM_POSITION phase=NONE qty=58 avgPrice=8433.6207
2026-05-07 16:57:06 WARN  SELL_SKIP [KRX] 037030 reason=PHANTOM_POSITION phase=NONE qty=58 avgPrice=8433.6207
2026-05-07 16:57:11 WARN  SELL_SKIP [KRX] 037030 reason=PHANTOM_POSITION phase=NONE qty=58 avgPrice=8433.6207
2026-05-07 16:57:16 WARN  SELL_SKIP [KRX] 037030 reason=PHANTOM_POSITION phase=NONE qty=58 avgPrice=8433.6207
2026-05-07 16:57:21 WARN  SELL_SKIP [KRX] 037030 reason=PHANTOM_POSITION phase=NONE qty=58 avgPrice=8433.6207
2026-05-07 16:57:26 WARN  SELL_SKIP [KRX] 037030 reason=PHANTOM_POSITION phase=NONE qty=58 avgPrice=8433.6207
2026-05-07 16:57:31 WARN  SELL_SKIP [KRX] 037030 reason=PHANTOM_POSITION phase=NONE qty=58 avgPrice=8433.6207
2026-05-07 16:57:36 WARN  SELL_SKIP [KRX] 037030 reason=PHANTOM_POSITION phase=NONE qty=58 avgPrice=8433.6207
2026-05-07 16:57:41 WARN  SELL_SKIP [KRX] 037030 reason=PHANTOM_POSITION phase=NONE qty=58 avgPrice=8433.6207
2026-05-07 16:57:57 WARN  SELL_SKIP [KRX] 037030 reason=PHANTOM_POSITION phase=NONE qty=58 avgPrice=8433.6207
2026-05-07 16:58:02 WARN  SELL_SKIP [KRX] 037030 reason=PHANTOM_POSITION phase=NONE qty=58 avgPrice=8433.6207
2026-05-07 16:58:07 WARN  SELL_SKIP [KRX] 037030 reason=PHANTOM_POSITION phase=NONE qty=58 avgPrice=8433.6207
2026-05-07 16:58:12 WARN  SELL_SKIP [KRX] 037030 reason=PHANTOM_POSITION phase=NONE qty=58 avgPrice=8433.6207
2026-05-07 16:58:17 WARN  SELL_SKIP [KRX] 037030 reason=PHANTOM_POSITION phase=NONE qty=58 avgPrice=8433.6207
2026-05-07 16:58:22 WARN  SELL_SKIP [KRX] 037030 reason=PHANTOM_POSITION phase=NONE qty=58 avgPrice=8433.6207
2026-05-07 16:58:27 WARN  SELL_SKIP [KRX] 037030 reason=PHANTOM_POSITION phase=NONE qty=58 avgPrice=8433.6207
2026-05-07 16:58:32 WARN  SELL_SKIP [KRX] 037030 reason=PHANTOM_POSITION phase=NONE qty=58 avgPrice=8433.6207
2026-05-07 16:58:37 WARN  SELL_SKIP [KRX] 037030 reason=PHANTOM_POSITION phase=NONE qty=58 avgPrice=8433.6207
2026-05-07 16:58:43 WARN  SELL_SKIP [KRX] 037030 reason=PHANTOM_POSITION phase=NONE qty=58 avgPrice=8433.6207
2026-05-07 16:58:48 WARN  SELL_SKIP [KRX] 037030 reason=PHANTOM_POSITION phase=NONE qty=58 avgPrice=8433.6207
2026-05-07 16:58:53 WARN  SELL_SKIP [KRX] 037030 reason=PHANTOM_POSITION phase=NONE qty=58 avgPrice=8433.6207
2026-05-07 16:58:58 WARN  SELL_SKIP [KRX] 037030 reason=PHANTOM_POSITION phase=NONE qty=58 avgPrice=8433.6207
2026-05-07 16:59:03 WARN  SELL_SKIP [KRX] 037030 reason=PHANTOM_POSITION phase=NONE qty=58 avgPrice=8433.6207
2026-05-07 16:59:08 WARN  SELL_SKIP [KRX] 037030 reason=PHANTOM_POSITION phase=NONE qty=58 avgPrice=8433.6207
2026-05-07 16:59:13 WARN  SELL_SKIP [KRX] 037030 reason=PHANTOM_POSITION phase=NONE qty=58 avgPrice=8433.6207
2026-05-07 16:59:18 WARN  SELL_SKIP [KRX] 037030 reason=PHANTOM_POSITION phase=NONE qty=58 avgPrice=8433.6207
2026-05-07 16:59:23 WARN  SELL_SKIP [KRX] 037030 reason=PHANTOM_POSITION phase=NONE qty=58 avgPrice=8433.6207
2026-05-07 16:59:28 WARN  SELL_SKIP [KRX] 037030 reason=PHANTOM_POSITION phase=NONE qty=58 avgPrice=8433.6207
2026-05-07 16:59:33 WARN  SELL_SKIP [KRX] 037030 reason=PHANTOM_POSITION phase=NONE qty=58 avgPrice=8433.6207
2026-05-07 16:59:39 WARN  SELL_SKIP [KRX] 037030 reason=PHANTOM_POSITION phase=NONE qty=58 avgPrice=8433.6207
2026-05-07 16:59:44 WARN  SELL_SKIP [KRX] 037030 reason=PHANTOM_POSITION phase=NONE qty=58 avgPrice=8433.6207
2026-05-07 16:59:49 WARN  SELL_SKIP [KRX] 037030 reason=PHANTOM_POSITION phase=NONE qty=58 avgPrice=8433.6207
2026-05-07 16:59:54 WARN  SELL_SKIP [KRX] 037030 reason=PHANTOM_POSITION phase=NONE qty=58 avgPrice=8433.6207
2026-05-07 16:59:59 WARN  SELL_SKIP [KRX] 037030 reason=PHANTOM_POSITION phase=NONE qty=58 avgPrice=8433.6207
2026-05-07 17:00:04 WARN  SELL_SKIP [KRX] 037030 reason=PHANTOM_POSITION phase=NONE qty=58 avgPrice=8433.6207
2026-05-07 17:00:09 WARN  SELL_SKIP [KRX] 037030 reason=PHANTOM_POSITION phase=NONE qty=58 avgPrice=8433.6207
2026-05-07 17:00:14 WARN  SELL_SKIP [KRX] 037030 reason=PHANTOM_POSITION phase=NONE qty=58 avgPrice=8433.6207
2026-05-07 17:00:19 WARN  SELL_SKIP [KRX] 037030 reason=PHANTOM_POSITION phase=NONE qty=58 avgPrice=8433.6207
2026-05-07 17:00:24 WARN  SELL_SKIP [KRX] 037030 reason=PHANTOM_POSITION phase=NONE qty=58 avgPrice=8433.6207
2026-05-07 17:00:29 WARN  SELL_SKIP [KRX] 037030 reason=PHANTOM_POSITION phase=NONE qty=58 avgPrice=8433.6207
2026-05-07 17:00:35 WARN  SELL_SKIP [KRX] 037030 reason=PHANTOM_POSITION phase=NONE qty=58 avgPrice=8433.6207
2026-05-07 17:00:40 WARN  SELL_SKIP [KRX] 037030 reason=PHANTOM_POSITION phase=NONE qty=58 avgPrice=8433.6207
2026-05-07 17:00:45 WARN  SELL_SKIP [KRX] 037030 reason=PHANTOM_POSITION phase=NONE qty=58 avgPrice=8433.6207
2026-05-07 17:00:50 WARN  SELL_SKIP [KRX] 037030 reason=PHANTOM_POSITION phase=NONE qty=58 avgPrice=8433.6207
2026-05-07 17:00:55 WARN  SELL_SKIP [KRX] 037030 reason=PHANTOM_POSITION phase=NONE qty=58 avgPrice=8433.6207
2026-05-07 17:01:00 WARN  SELL_SKIP [KRX] 037030 reason=PHANTOM_POSITION phase=NONE qty=58 avgPrice=8433.6207
2026-05-07 17:01:05 WARN  SELL_SKIP [KRX] 037030 reason=PHANTOM_POSITION phase=NONE qty=58 avgPrice=8433.6207
2026-05-07 17:01:10 WARN  SELL_SKIP [KRX] 037030 reason=PHANTOM_POSITION phase=NONE qty=58 avgPrice=8433.6207
2026-05-07 17:01:15 WARN  SELL_SKIP [KRX] 037030 reason=PHANTOM_POSITION phase=NONE qty=58 avgPrice=8433.6207
2026-05-07 17:01:20 WARN  SELL_SKIP [KRX] 037030 reason=PHANTOM_POSITION phase=NONE qty=58 avgPrice=8433.6207
2026-05-07 17:01:25 WARN  SELL_SKIP [KRX] 037030 reason=PHANTOM_POSITION phase=NONE qty=58 avgPrice=8433.6207
2026-05-07 17:01:31 WARN  SELL_SKIP [KRX] 037030 reason=PHANTOM_POSITION phase=NONE qty=58 avgPrice=8433.6207
2026-05-07 17:01:36 WARN  SELL_SKIP [KRX] 037030 reason=PHANTOM_POSITION phase=NONE qty=58 avgPrice=8433.6207
2026-05-07 17:01:41 WARN  SELL_SKIP [KRX] 037030 reason=PHANTOM_POSITION phase=NONE qty=58 avgPrice=8433.6207
2026-05-07 17:01:46 WARN  SELL_SKIP [KRX] 037030 reason=PHANTOM_POSITION phase=NONE qty=58 avgPrice=8433.6207
2026-05-07 17:01:51 WARN  SELL_SKIP [KRX] 037030 reason=PHANTOM_POSITION phase=NONE qty=58 avgPrice=8433.6207
2026-05-07 17:01:56 WARN  SELL_SKIP [KRX] 037030 reason=PHANTOM_POSITION phase=NONE qty=58 avgPrice=8433.6207
2026-05-07 17:02:01 WARN  SELL_SKIP [KRX] 037030 reason=PHANTOM_POSITION phase=NONE qty=58 avgPrice=8433.6207
2026-05-07 17:02:06 WARN  SELL_SKIP [KRX] 037030 reason=PHANTOM_POSITION phase=NONE qty=58 avgPrice=8433.6207
2026-05-07 17:02:11 WARN  SELL_SKIP [KRX] 037030 reason=PHANTOM_POSITION phase=NONE qty=58 avgPrice=8433.6207
2026-05-07 17:02:16 WARN  SELL_SKIP [KRX] 037030 reason=PHANTOM_POSITION phase=NONE qty=58 avgPrice=8433.6207
2026-05-07 17:02:21 WARN  SELL_SKIP [KRX] 037030 reason=PHANTOM_POSITION phase=NONE qty=58 avgPrice=8433.6207
2026-05-07 17:02:27 WARN  SELL_SKIP [KRX] 037030 reason=PHANTOM_POSITION phase=NONE qty=58 avgPrice=8433.6207
2026-05-07 17:02:32 WARN  SELL_SKIP [KRX] 037030 reason=PHANTOM_POSITION phase=NONE qty=58 avgPrice=8433.6207
2026-05-07 17:02:37 WARN  SELL_SKIP [KRX] 037030 reason=PHANTOM_POSITION phase=NONE qty=58 avgPrice=8433.6207
2026-05-07 17:02:42 WARN  SELL_SKIP [KRX] 037030 reason=PHANTOM_POSITION phase=NONE qty=58 avgPrice=8433.6207
2026-05-07 17:02:47 WARN  SELL_SKIP [KRX] 037030 reason=PHANTOM_POSITION phase=NONE qty=58 avgPrice=8433.6207
2026-05-07 17:02:52 WARN  SELL_SKIP [KRX] 037030 reason=PHANTOM_POSITION phase=NONE qty=58 avgPrice=8433.6207
2026-05-07 17:02:57 WARN  SELL_SKIP [KRX] 037030 reason=PHANTOM_POSITION phase=NONE qty=58 avgPrice=8433.6207
2026-05-07 17:03:02 WARN  SELL_SKIP [KRX] 037030 reason=PHANTOM_POSITION phase=NONE qty=58 avgPrice=8433.6207
2026-05-07 17:03:07 WARN  SELL_SKIP [KRX] 037030 reason=PHANTOM_POSITION phase=NONE qty=58 avgPrice=8433.6207
2026-05-07 17:03:18 WARN  SELL_SKIP [KRX] 037030 reason=PHANTOM_POSITION phase=NONE qty=58 avgPrice=8433.6207
2026-05-07 17:03:23 WARN  SELL_SKIP [KRX] 037030 reason=PHANTOM_POSITION phase=NONE qty=58 avgPrice=8433.6207
2026-05-07 17:03:28 WARN  SELL_SKIP [KRX] 037030 reason=PHANTOM_POSITION phase=NONE qty=58 avgPrice=8433.6207
2026-05-07 17:03:33 WARN  SELL_SKIP [KRX] 037030 reason=PHANTOM_POSITION phase=NONE qty=58 avgPrice=8433.6207
2026-05-07 17:03:38 WARN  SELL_SKIP [KRX] 037030 reason=PHANTOM_POSITION phase=NONE qty=58 avgPrice=8433.6207
2026-05-07 17:03:43 WARN  SELL_SKIP [KRX] 037030 reason=PHANTOM_POSITION phase=NONE qty=58 avgPrice=8433.6207
2026-05-07 17:03:48 WARN  SELL_SKIP [KRX] 037030 reason=PHANTOM_POSITION phase=NONE qty=58 avgPrice=8433.6207
2026-05-07 17:03:53 WARN  SELL_SKIP [KRX] 037030 reason=PHANTOM_POSITION phase=NONE qty=58 avgPrice=8433.6207
2026-05-07 17:03:58 WARN  SELL_SKIP [KRX] 037030 reason=PHANTOM_POSITION phase=NONE qty=58 avgPrice=8433.6207
2026-05-07 17:04:03 WARN  SELL_SKIP [KRX] 037030 reason=PHANTOM_POSITION phase=NONE qty=58 avgPrice=8433.6207
2026-05-07 17:04:08 WARN  SELL_SKIP [KRX] 037030 reason=PHANTOM_POSITION phase=NONE qty=58 avgPrice=8433.6207
2026-05-07 17:04:14 WARN  SELL_SKIP [KRX] 037030 reason=PHANTOM_POSITION phase=NONE qty=58 avgPrice=8433.6207
2026-05-07 17:04:19 WARN  SELL_SKIP [KRX] 037030 reason=PHANTOM_POSITION phase=NONE qty=58 avgPrice=8433.6207
2026-05-07 17:04:24 WARN  SELL_SKIP [KRX] 037030 reason=PHANTOM_POSITION phase=NONE qty=58 avgPrice=8433.6207
2026-05-07 17:04:29 WARN  SELL_SKIP [KRX] 037030 reason=PHANTOM_POSITION phase=NONE qty=58 avgPrice=8433.6207
2026-05-07 17:04:34 WARN  SELL_SKIP [KRX] 037030 reason=PHANTOM_POSITION phase=NONE qty=58 avgPrice=8433.6207
2026-05-07 17:04:39 WARN  SELL_SKIP [KRX] 037030 reason=PHANTOM_POSITION phase=NONE qty=58 avgPrice=8433.6207
2026-05-07 17:04:44 WARN  SELL_SKIP [KRX] 037030 reason=PHANTOM_POSITION phase=NONE qty=58 avgPrice=8433.6207
2026-05-07 17:04:49 WARN  SELL_SKIP [KRX] 037030 reason=PHANTOM_POSITION phase=NONE qty=58 avgPrice=8433.6207
2026-05-07 17:04:54 WARN  SELL_SKIP [KRX] 037030 reason=PHANTOM_POSITION phase=NONE qty=58 avgPrice=8433.6207
2026-05-07 17:04:59 WARN  SELL_SKIP [KRX] 037030 reason=PHANTOM_POSITION phase=NONE qty=58 avgPrice=8433.6207
2026-05-07 17:05:04 WARN  SELL_SKIP [KRX] 037030 reason=PHANTOM_POSITION phase=NONE qty=58 avgPrice=8433.6207
2026-05-07 17:05:10 WARN  SELL_SKIP [KRX] 037030 reason=PHANTOM_POSITION phase=NONE qty=58 avgPrice=8433.6207
2026-05-07 17:05:20 WARN  SELL_SKIP [KRX] 037030 reason=PHANTOM_POSITION phase=NONE qty=58 avgPrice=8433.6207
2026-05-07 17:05:25 WARN  SELL_SKIP [KRX] 037030 reason=PHANTOM_POSITION phase=NONE qty=58 avgPrice=8433.6207
2026-05-07 17:05:30 WARN  SELL_SKIP [KRX] 037030 reason=PHANTOM_POSITION phase=NONE qty=58 avgPrice=8433.6207
2026-05-07 17:05:35 WARN  SELL_SKIP [KRX] 037030 reason=PHANTOM_POSITION phase=NONE qty=58 avgPrice=8433.6207
2026-05-07 17:05:40 WARN  SELL_SKIP [KRX] 037030 reason=PHANTOM_POSITION phase=NONE qty=58 avgPrice=8433.6207
2026-05-07 17:05:45 WARN  SELL_SKIP [KRX] 037030 reason=PHANTOM_POSITION phase=NONE qty=58 avgPrice=8433.6207
2026-05-07 17:05:50 WARN  SELL_SKIP [KRX] 037030 reason=PHANTOM_POSITION phase=NONE qty=58 avgPrice=8433.6207
2026-05-07 17:05:55 WARN  SELL_SKIP [KRX] 037030 reason=PHANTOM_POSITION phase=NONE qty=58 avgPrice=8433.6207
2026-05-07 17:06:00 WARN  SELL_SKIP [KRX] 037030 reason=PHANTOM_POSITION phase=NONE qty=58 avgPrice=8433.6207
2026-05-07 17:06:05 WARN  SELL_SKIP [KRX] 037030 reason=PHANTOM_POSITION phase=NONE qty=58 avgPrice=8433.6207
2026-05-07 17:06:21 WARN  SELL_SKIP [KRX] 037030 reason=PHANTOM_POSITION phase=NONE qty=58 avgPrice=8433.6207
2026-05-07 17:06:26 WARN  SELL_SKIP [KRX] 037030 reason=PHANTOM_POSITION phase=NONE qty=58 avgPrice=8433.6207
2026-05-07 17:06:31 WARN  SELL_SKIP [KRX] 037030 reason=PHANTOM_POSITION phase=NONE qty=58 avgPrice=8433.6207
2026-05-07 17:06:36 WARN  SELL_SKIP [KRX] 037030 reason=PHANTOM_POSITION phase=NONE qty=58 avgPrice=8433.6207
2026-05-07 17:06:41 WARN  SELL_SKIP [KRX] 037030 reason=PHANTOM_POSITION phase=NONE qty=58 avgPrice=8433.6207
2026-05-07 17:06:46 WARN  SELL_SKIP [KRX] 037030 reason=PHANTOM_POSITION phase=NONE qty=58 avgPrice=8433.6207
2026-05-07 17:06:51 WARN  SELL_SKIP [KRX] 037030 reason=PHANTOM_POSITION phase=NONE qty=58 avgPrice=8433.6207
2026-05-07 17:06:56 WARN  SELL_SKIP [KRX] 037030 reason=PHANTOM_POSITION phase=NONE qty=58 avgPrice=8433.6207
2026-05-07 17:07:01 WARN  SELL_SKIP [KRX] 037030 reason=PHANTOM_POSITION phase=NONE qty=58 avgPrice=8433.6207
2026-05-07 17:07:07 WARN  SELL_SKIP [KRX] 037030 reason=PHANTOM_POSITION phase=NONE qty=58 avgPrice=8433.6207
2026-05-07 17:07:12 WARN  SELL_SKIP [KRX] 037030 reason=PHANTOM_POSITION phase=NONE qty=58 avgPrice=8433.6207
2026-05-07 17:07:17 WARN  SELL_SKIP [KRX] 037030 reason=PHANTOM_POSITION phase=NONE qty=58 avgPrice=8433.6207
2026-05-07 17:07:22 WARN  SELL_SKIP [KRX] 037030 reason=PHANTOM_POSITION phase=NONE qty=58 avgPrice=8433.6207
2026-05-07 17:07:27 WARN  SELL_SKIP [KRX] 037030 reason=PHANTOM_POSITION phase=NONE qty=58 avgPrice=8433.6207
2026-05-07 17:07:32 WARN  SELL_SKIP [KRX] 037030 reason=PHANTOM_POSITION phase=NONE qty=58 avgPrice=8433.6207
2026-05-07 17:07:37 WARN  SELL_SKIP [KRX] 037030 reason=PHANTOM_POSITION phase=NONE qty=58 avgPrice=8433.6207
2026-05-07 17:07:42 WARN  SELL_SKIP [KRX] 037030 reason=PHANTOM_POSITION phase=NONE qty=58 avgPrice=8433.6207
2026-05-07 17:07:47 WARN  SELL_SKIP [KRX] 037030 reason=PHANTOM_POSITION phase=NONE qty=58 avgPrice=8433.6207
2026-05-07 17:07:52 WARN  SELL_SKIP [KRX] 037030 reason=PHANTOM_POSITION phase=NONE qty=58 avgPrice=8433.6207
2026-05-07 17:08:03 WARN  SELL_SKIP [KRX] 037030 reason=PHANTOM_POSITION phase=NONE qty=58 avgPrice=8433.6207
2026-05-07 17:08:08 WARN  SELL_SKIP [KRX] 037030 reason=PHANTOM_POSITION phase=NONE qty=58 avgPrice=8433.6207
2026-05-07 17:08:13 WARN  SELL_SKIP [KRX] 037030 reason=PHANTOM_POSITION phase=NONE qty=58 avgPrice=8433.6207
2026-05-07 17:08:18 WARN  SELL_SKIP [KRX] 037030 reason=PHANTOM_POSITION phase=NONE qty=58 avgPrice=8433.6207
2026-05-07 17:08:23 WARN  SELL_SKIP [KRX] 037030 reason=PHANTOM_POSITION phase=NONE qty=58 avgPrice=8433.6207
2026-05-07 17:08:28 WARN  SELL_SKIP [KRX] 037030 reason=PHANTOM_POSITION phase=NONE qty=58 avgPrice=8433.6207
2026-05-07 17:08:33 WARN  SELL_SKIP [KRX] 037030 reason=PHANTOM_POSITION phase=NONE qty=58 avgPrice=8433.6207
2026-05-07 17:08:38 WARN  SELL_SKIP [KRX] 037030 reason=PHANTOM_POSITION phase=NONE qty=58 avgPrice=8433.6207
2026-05-07 17:08:43 WARN  SELL_SKIP [KRX] 037030 reason=PHANTOM_POSITION phase=NONE qty=58 avgPrice=8433.6207
2026-05-07 17:08:53 WARN  SELL_SKIP [KRX] 037030 reason=PHANTOM_POSITION phase=NONE qty=58 avgPrice=8433.6207
2026-05-07 17:08:59 WARN  SELL_SKIP [KRX] 037030 reason=PHANTOM_POSITION phase=NONE qty=58 avgPrice=8433.6207
2026-05-07 17:09:04 WARN  SELL_SKIP [KRX] 037030 reason=PHANTOM_POSITION phase=NONE qty=58 avgPrice=8433.6207
2026-05-07 17:09:09 WARN  SELL_SKIP [KRX] 037030 reason=PHANTOM_POSITION phase=NONE qty=58 avgPrice=8433.6207
2026-05-07 17:09:14 WARN  SELL_SKIP [KRX] 037030 reason=PHANTOM_POSITION phase=NONE qty=58 avgPrice=8433.6207
2026-05-07 17:09:19 WARN  SELL_SKIP [KRX] 037030 reason=PHANTOM_POSITION phase=NONE qty=58 avgPrice=8433.6207
2026-05-07 17:09:24 WARN  SELL_SKIP [KRX] 037030 reason=PHANTOM_POSITION phase=NONE qty=58 avgPrice=8433.6207
2026-05-07 17:09:29 WARN  SELL_SKIP [KRX] 037030 reason=PHANTOM_POSITION phase=NONE qty=58 avgPrice=8433.6207
2026-05-07 17:09:34 WARN  SELL_SKIP [KRX] 037030 reason=PHANTOM_POSITION phase=NONE qty=58 avgPrice=8433.6207
2026-05-07 17:09:39 WARN  SELL_SKIP [KRX] 037030 reason=PHANTOM_POSITION phase=NONE qty=58 avgPrice=8433.6207
2026-05-07 17:09:44 WARN  SELL_SKIP [KRX] 037030 reason=PHANTOM_POSITION phase=NONE qty=58 avgPrice=8433.6207
2026-05-07 17:09:49 WARN  SELL_SKIP [KRX] 037030 reason=PHANTOM_POSITION phase=NONE qty=58 avgPrice=8433.6207
2026-05-07 17:09:54 WARN  SELL_SKIP [KRX] 037030 reason=PHANTOM_POSITION phase=NONE qty=58 avgPrice=8433.6207
2026-05-07 17:10:05 WARN  SELL_SKIP [KRX] 037030 reason=PHANTOM_POSITION phase=NONE qty=58 avgPrice=8433.6207
2026-05-07 17:10:10 WARN  SELL_SKIP [KRX] 037030 reason=PHANTOM_POSITION phase=NONE qty=58 avgPrice=8433.6207
2026-05-07 17:10:15 WARN  SELL_SKIP [KRX] 037030 reason=PHANTOM_POSITION phase=NONE qty=58 avgPrice=8433.6207
2026-05-07 17:10:20 WARN  SELL_SKIP [KRX] 037030 reason=PHANTOM_POSITION phase=NONE qty=58 avgPrice=8433.6207
2026-05-07 17:10:25 WARN  SELL_SKIP [KRX] 037030 reason=PHANTOM_POSITION phase=NONE qty=58 avgPrice=8433.6207
2026-05-07 17:10:30 WARN  SELL_SKIP [KRX] 037030 reason=PHANTOM_POSITION phase=NONE qty=58 avgPrice=8433.6207
2026-05-07 17:10:35 WARN  SELL_SKIP [KRX] 037030 reason=PHANTOM_POSITION phase=NONE qty=58 avgPrice=8433.6207
2026-05-07 17:10:40 WARN  SELL_SKIP [KRX] 037030 reason=PHANTOM_POSITION phase=NONE qty=58 avgPrice=8433.6207
2026-05-07 17:10:45 WARN  SELL_SKIP [KRX] 037030 reason=PHANTOM_POSITION phase=NONE qty=58 avgPrice=8433.6207
2026-05-07 17:10:51 WARN  SELL_SKIP [KRX] 037030 reason=PHANTOM_POSITION phase=NONE qty=58 avgPrice=8433.6207
2026-05-07 17:10:56 WARN  SELL_SKIP [KRX] 037030 reason=PHANTOM_POSITION phase=NONE qty=58 avgPrice=8433.6207
2026-05-07 17:11:01 WARN  SELL_SKIP [KRX] 037030 reason=PHANTOM_POSITION phase=NONE qty=58 avgPrice=8433.6207
2026-05-07 17:11:06 WARN  SELL_SKIP [KRX] 037030 reason=PHANTOM_POSITION phase=NONE qty=58 avgPrice=8433.6207
2026-05-07 17:11:11 WARN  SELL_SKIP [KRX] 037030 reason=PHANTOM_POSITION phase=NONE qty=58 avgPrice=8433.6207
2026-05-07 17:11:16 WARN  SELL_SKIP [KRX] 037030 reason=PHANTOM_POSITION phase=NONE qty=58 avgPrice=8433.6207
2026-05-07 17:11:21 WARN  SELL_SKIP [KRX] 037030 reason=PHANTOM_POSITION phase=NONE qty=58 avgPrice=8433.6207
2026-05-07 17:11:26 WARN  SELL_SKIP [KRX] 037030 reason=PHANTOM_POSITION phase=NONE qty=58 avgPrice=8433.6207
2026-05-07 17:11:31 WARN  SELL_SKIP [KRX] 037030 reason=PHANTOM_POSITION phase=NONE qty=58 avgPrice=8433.6207
2026-05-07 17:11:36 WARN  SELL_SKIP [KRX] 037030 reason=PHANTOM_POSITION phase=NONE qty=58 avgPrice=8433.6207
2026-05-07 17:11:41 WARN  SELL_SKIP [KRX] 037030 reason=PHANTOM_POSITION phase=NONE qty=58 avgPrice=8433.6207
2026-05-07 17:11:46 WARN  SELL_SKIP [KRX] 037030 reason=PHANTOM_POSITION phase=NONE qty=58 avgPrice=8433.6207
2026-05-07 17:11:52 WARN  SELL_SKIP [KRX] 037030 reason=PHANTOM_POSITION phase=NONE qty=58 avgPrice=8433.6207
2026-05-07 17:11:57 WARN  SELL_SKIP [KRX] 037030 reason=PHANTOM_POSITION phase=NONE qty=58 avgPrice=8433.6207
2026-05-07 17:12:02 WARN  SELL_SKIP [KRX] 037030 reason=PHANTOM_POSITION phase=NONE qty=58 avgPrice=8433.6207
2026-05-07 17:12:07 WARN  SELL_SKIP [KRX] 037030 reason=PHANTOM_POSITION phase=NONE qty=58 avgPrice=8433.6207
2026-05-07 17:12:12 WARN  SELL_SKIP [KRX] 037030 reason=PHANTOM_POSITION phase=NONE qty=58 avgPrice=8433.6207
2026-05-07 17:12:17 WARN  SELL_SKIP [KRX] 037030 reason=PHANTOM_POSITION phase=NONE qty=58 avgPrice=8433.6207
2026-05-07 17:12:22 WARN  SELL_SKIP [KRX] 037030 reason=PHANTOM_POSITION phase=NONE qty=58 avgPrice=8433.6207
2026-05-07 17:12:32 WARN  SELL_SKIP [KRX] 037030 reason=PHANTOM_POSITION phase=NONE qty=58 avgPrice=8433.6207
2026-05-07 17:12:37 WARN  SELL_SKIP [KRX] 037030 reason=PHANTOM_POSITION phase=NONE qty=58 avgPrice=8433.6207
2026-05-07 17:12:42 WARN  SELL_SKIP [KRX] 037030 reason=PHANTOM_POSITION phase=NONE qty=58 avgPrice=8433.6207
2026-05-07 17:12:48 WARN  SELL_SKIP [KRX] 037030 reason=PHANTOM_POSITION phase=NONE qty=58 avgPrice=8433.6207
2026-05-07 17:12:53 WARN  SELL_SKIP [KRX] 037030 reason=PHANTOM_POSITION phase=NONE qty=58 avgPrice=8433.6207
2026-05-07 17:12:58 WARN  SELL_SKIP [KRX] 037030 reason=PHANTOM_POSITION phase=NONE qty=58 avgPrice=8433.6207
2026-05-07 17:13:03 WARN  SELL_SKIP [KRX] 037030 reason=PHANTOM_POSITION phase=NONE qty=58 avgPrice=8433.6207
2026-05-07 17:13:08 WARN  SELL_SKIP [KRX] 037030 reason=PHANTOM_POSITION phase=NONE qty=58 avgPrice=8433.6207
2026-05-07 17:13:13 WARN  SELL_SKIP [KRX] 037030 reason=PHANTOM_POSITION phase=NONE qty=58 avgPrice=8433.6207
2026-05-07 17:13:18 WARN  SELL_SKIP [KRX] 037030 reason=PHANTOM_POSITION phase=NONE qty=58 avgPrice=8433.6207
2026-05-07 17:13:23 WARN  SELL_SKIP [KRX] 037030 reason=PHANTOM_POSITION phase=NONE qty=58 avgPrice=8433.6207
2026-05-07 17:13:28 WARN  SELL_SKIP [KRX] 037030 reason=PHANTOM_POSITION phase=NONE qty=58 avgPrice=8433.6207
2026-05-07 17:13:33 WARN  SELL_SKIP [KRX] 037030 reason=PHANTOM_POSITION phase=NONE qty=58 avgPrice=8433.6207
2026-05-07 17:13:38 WARN  SELL_SKIP [KRX] 037030 reason=PHANTOM_POSITION phase=NONE qty=58 avgPrice=8433.6207
2026-05-07 17:13:49 WARN  SELL_SKIP [KRX] 037030 reason=PHANTOM_POSITION phase=NONE qty=58 avgPrice=8433.6207
2026-05-07 17:13:54 WARN  SELL_SKIP [KRX] 037030 reason=PHANTOM_POSITION phase=NONE qty=58 avgPrice=8433.6207
2026-05-07 17:13:59 WARN  SELL_SKIP [KRX] 037030 reason=PHANTOM_POSITION phase=NONE qty=58 avgPrice=8433.6207
2026-05-07 17:14:04 WARN  SELL_SKIP [KRX] 037030 reason=PHANTOM_POSITION phase=NONE qty=58 avgPrice=8433.6207
2026-05-07 17:14:09 WARN  SELL_SKIP [KRX] 037030 reason=PHANTOM_POSITION phase=NONE qty=58 avgPrice=8433.6207
2026-05-07 17:14:14 WARN  SELL_SKIP [KRX] 037030 reason=PHANTOM_POSITION phase=NONE qty=58 avgPrice=8433.6207
2026-05-07 17:14:19 WARN  SELL_SKIP [KRX] 037030 reason=PHANTOM_POSITION phase=NONE qty=58 avgPrice=8433.6207
2026-05-07 17:14:24 WARN  SELL_SKIP [KRX] 037030 reason=PHANTOM_POSITION phase=NONE qty=58 avgPrice=8433.6207
2026-05-07 17:14:29 WARN  SELL_SKIP [KRX] 037030 reason=PHANTOM_POSITION phase=NONE qty=58 avgPrice=8433.6207
2026-05-07 17:14:39 WARN  SELL_SKIP [KRX] 037030 reason=PHANTOM_POSITION phase=NONE qty=58 avgPrice=8433.6207
2026-05-07 17:14:44 WARN  SELL_SKIP [KRX] 037030 reason=PHANTOM_POSITION phase=NONE qty=58 avgPrice=8433.6207
2026-05-07 17:14:50 WARN  SELL_SKIP [KRX] 037030 reason=PHANTOM_POSITION phase=NONE qty=58 avgPrice=8433.6207
2026-05-07 17:14:55 WARN  SELL_SKIP [KRX] 037030 reason=PHANTOM_POSITION phase=NONE qty=58 avgPrice=8433.6207
2026-05-07 17:15:05 WARN  SELL_SKIP [KRX] 037030 reason=PHANTOM_POSITION phase=NONE qty=58 avgPrice=8433.6207
2026-05-07 17:15:10 WARN  SELL_SKIP [KRX] 037030 reason=PHANTOM_POSITION phase=NONE qty=58 avgPrice=8433.6207
2026-05-07 17:15:15 WARN  SELL_SKIP [KRX] 037030 reason=PHANTOM_POSITION phase=NONE qty=58 avgPrice=8433.6207
2026-05-07 17:15:25 WARN  SELL_SKIP [KRX] 037030 reason=PHANTOM_POSITION phase=NONE qty=58 avgPrice=8433.6207
2026-05-07 17:15:30 WARN  SELL_SKIP [KRX] 037030 reason=PHANTOM_POSITION phase=NONE qty=58 avgPrice=8433.6207
2026-05-07 17:15:35 WARN  SELL_SKIP [KRX] 037030 reason=PHANTOM_POSITION phase=NONE qty=58 avgPrice=8433.6207
2026-05-07 17:15:40 WARN  SELL_SKIP [KRX] 037030 reason=PHANTOM_POSITION phase=NONE qty=58 avgPrice=8433.6207
2026-05-07 17:15:46 WARN  SELL_SKIP [KRX] 037030 reason=PHANTOM_POSITION phase=NONE qty=58 avgPrice=8433.6207
2026-05-07 17:15:51 WARN  SELL_SKIP [KRX] 037030 reason=PHANTOM_POSITION phase=NONE qty=58 avgPrice=8433.6207
2026-05-07 17:15:56 WARN  SELL_SKIP [KRX] 037030 reason=PHANTOM_POSITION phase=NONE qty=58 avgPrice=8433.6207
2026-05-07 17:16:01 WARN  SELL_SKIP [KRX] 037030 reason=PHANTOM_POSITION phase=NONE qty=58 avgPrice=8433.6207
2026-05-07 17:16:06 WARN  SELL_SKIP [KRX] 037030 reason=PHANTOM_POSITION phase=NONE qty=58 avgPrice=8433.6207
2026-05-07 17:16:11 WARN  SELL_SKIP [KRX] 037030 reason=PHANTOM_POSITION phase=NONE qty=58 avgPrice=8433.6207
2026-05-07 17:16:16 WARN  SELL_SKIP [KRX] 037030 reason=PHANTOM_POSITION phase=NONE qty=58 avgPrice=8433.6207
2026-05-07 17:16:21 WARN  SELL_SKIP [KRX] 037030 reason=PHANTOM_POSITION phase=NONE qty=58 avgPrice=8433.6207
2026-05-07 17:16:26 WARN  SELL_SKIP [KRX] 037030 reason=PHANTOM_POSITION phase=NONE qty=58 avgPrice=8433.6207
2026-05-07 17:16:31 WARN  SELL_SKIP [KRX] 037030 reason=PHANTOM_POSITION phase=NONE qty=58 avgPrice=8433.6207
2026-05-07 17:16:36 WARN  SELL_SKIP [KRX] 037030 reason=PHANTOM_POSITION phase=NONE qty=58 avgPrice=8433.6207
2026-05-07 17:16:41 WARN  SELL_SKIP [KRX] 037030 reason=PHANTOM_POSITION phase=NONE qty=58 avgPrice=8433.6207
2026-05-07 17:16:46 WARN  SELL_SKIP [KRX] 037030 reason=PHANTOM_POSITION phase=NONE qty=58 avgPrice=8433.6207
2026-05-07 17:16:52 WARN  SELL_SKIP [KRX] 037030 reason=PHANTOM_POSITION phase=NONE qty=58 avgPrice=8433.6207
2026-05-07 17:17:02 WARN  SELL_SKIP [KRX] 037030 reason=PHANTOM_POSITION phase=NONE qty=58 avgPrice=8433.6207
2026-05-07 17:17:07 WARN  SELL_SKIP [KRX] 037030 reason=PHANTOM_POSITION phase=NONE qty=58 avgPrice=8433.6207
2026-05-07 17:17:12 WARN  SELL_SKIP [KRX] 037030 reason=PHANTOM_POSITION phase=NONE qty=58 avgPrice=8433.6207
2026-05-07 17:17:17 WARN  SELL_SKIP [KRX] 037030 reason=PHANTOM_POSITION phase=NONE qty=58 avgPrice=8433.6207
2026-05-07 17:17:22 WARN  SELL_SKIP [KRX] 037030 reason=PHANTOM_POSITION phase=NONE qty=58 avgPrice=8433.6207
2026-05-07 17:17:27 WARN  SELL_SKIP [KRX] 037030 reason=PHANTOM_POSITION phase=NONE qty=58 avgPrice=8433.6207
2026-05-07 17:17:58 WARN  SELL_SKIP [KRX] 037030 reason=PHANTOM_POSITION phase=NONE qty=58 avgPrice=8433.6207
2026-05-07 17:18:03 WARN  SELL_SKIP [KRX] 037030 reason=PHANTOM_POSITION phase=NONE qty=58 avgPrice=8433.6207
2026-05-07 17:18:08 WARN  SELL_SKIP [KRX] 037030 reason=PHANTOM_POSITION phase=NONE qty=58 avgPrice=8433.6207
2026-05-07 17:18:13 WARN  SELL_SKIP [KRX] 037030 reason=PHANTOM_POSITION phase=NONE qty=58 avgPrice=8433.6207
2026-05-07 17:18:18 WARN  SELL_SKIP [KRX] 037030 reason=PHANTOM_POSITION phase=NONE qty=58 avgPrice=8433.6207
2026-05-07 17:18:23 WARN  SELL_SKIP [KRX] 037030 reason=PHANTOM_POSITION phase=NONE qty=58 avgPrice=8433.6207
2026-05-07 17:18:28 WARN  SELL_SKIP [KRX] 037030 reason=PHANTOM_POSITION phase=NONE qty=58 avgPrice=8433.6207
2026-05-07 17:18:34 WARN  SELL_SKIP [KRX] 037030 reason=PHANTOM_POSITION phase=NONE qty=58 avgPrice=8433.6207
2026-05-07 17:18:39 WARN  SELL_SKIP [KRX] 037030 reason=PHANTOM_POSITION phase=NONE qty=58 avgPrice=8433.6207
2026-05-07 17:18:44 WARN  SELL_SKIP [KRX] 037030 reason=PHANTOM_POSITION phase=NONE qty=58 avgPrice=8433.6207
2026-05-07 17:18:49 WARN  SELL_SKIP [KRX] 037030 reason=PHANTOM_POSITION phase=NONE qty=58 avgPrice=8433.6207
2026-05-07 17:18:54 WARN  SELL_SKIP [KRX] 037030 reason=PHANTOM_POSITION phase=NONE qty=58 avgPrice=8433.6207
2026-05-07 17:18:59 WARN  SELL_SKIP [KRX] 037030 reason=PHANTOM_POSITION phase=NONE qty=58 avgPrice=8433.6207
2026-05-07 17:19:04 WARN  SELL_SKIP [KRX] 037030 reason=PHANTOM_POSITION phase=NONE qty=58 avgPrice=8433.6207
2026-05-07 17:19:09 WARN  SELL_SKIP [KRX] 037030 reason=PHANTOM_POSITION phase=NONE qty=58 avgPrice=8433.6207
2026-05-07 17:19:14 WARN  SELL_SKIP [KRX] 037030 reason=PHANTOM_POSITION phase=NONE qty=58 avgPrice=8433.6207
2026-05-07 17:19:19 WARN  SELL_SKIP [KRX] 037030 reason=PHANTOM_POSITION phase=NONE qty=58 avgPrice=8433.6207
2026-05-07 17:19:30 WARN  SELL_SKIP [KRX] 037030 reason=PHANTOM_POSITION phase=NONE qty=58 avgPrice=8433.6207
2026-05-07 17:19:35 WARN  SELL_SKIP [KRX] 037030 reason=PHANTOM_POSITION phase=NONE qty=58 avgPrice=8433.6207
2026-05-07 17:19:40 WARN  SELL_SKIP [KRX] 037030 reason=PHANTOM_POSITION phase=NONE qty=58 avgPrice=8433.6207
2026-05-07 17:19:45 WARN  SELL_SKIP [KRX] 037030 reason=PHANTOM_POSITION phase=NONE qty=58 avgPrice=8433.6207
2026-05-07 17:19:50 WARN  SELL_SKIP [KRX] 037030 reason=PHANTOM_POSITION phase=NONE qty=58 avgPrice=8433.6207
2026-05-07 17:19:55 WARN  SELL_SKIP [KRX] 037030 reason=PHANTOM_POSITION phase=NONE qty=58 avgPrice=8433.6207
2026-05-07 17:20:00 WARN  SELL_SKIP [KRX] 037030 reason=PHANTOM_POSITION phase=NONE qty=58 avgPrice=8433.6207
2026-05-07 17:20:05 WARN  SELL_SKIP [KRX] 037030 reason=PHANTOM_POSITION phase=NONE qty=58 avgPrice=8433.6207
2026-05-07 17:20:10 WARN  SELL_SKIP [KRX] 037030 reason=PHANTOM_POSITION phase=NONE qty=58 avgPrice=8433.6207
2026-05-07 17:20:16 WARN  SELL_SKIP [KRX] 037030 reason=PHANTOM_POSITION phase=NONE qty=58 avgPrice=8433.6207
2026-05-07 17:20:21 WARN  SELL_SKIP [KRX] 037030 reason=PHANTOM_POSITION phase=NONE qty=58 avgPrice=8433.6207
2026-05-07 17:20:26 WARN  SELL_SKIP [KRX] 037030 reason=PHANTOM_POSITION phase=NONE qty=58 avgPrice=8433.6207
2026-05-07 17:20:31 WARN  SELL_SKIP [KRX] 037030 reason=PHANTOM_POSITION phase=NONE qty=58 avgPrice=8433.6207
2026-05-07 17:20:36 WARN  SELL_SKIP [KRX] 037030 reason=PHANTOM_POSITION phase=NONE qty=58 avgPrice=8433.6207
2026-05-07 17:20:41 WARN  SELL_SKIP [KRX] 037030 reason=PHANTOM_POSITION phase=NONE qty=58 avgPrice=8433.6207
2026-05-07 17:20:46 WARN  SELL_SKIP [KRX] 037030 reason=PHANTOM_POSITION phase=NONE qty=58 avgPrice=8433.6207
2026-05-07 17:20:51 WARN  SELL_SKIP [KRX] 037030 reason=PHANTOM_POSITION phase=NONE qty=58 avgPrice=8433.6207
2026-05-07 17:20:56 WARN  SELL_SKIP [KRX] 037030 reason=PHANTOM_POSITION phase=NONE qty=58 avgPrice=8433.6207
2026-05-07 17:21:01 WARN  SELL_SKIP [KRX] 037030 reason=PHANTOM_POSITION phase=NONE qty=58 avgPrice=8433.6207
2026-05-07 17:21:06 WARN  SELL_SKIP [KRX] 037030 reason=PHANTOM_POSITION phase=NONE qty=58 avgPrice=8433.6207
2026-05-07 17:21:12 WARN  SELL_SKIP [KRX] 037030 reason=PHANTOM_POSITION phase=NONE qty=58 avgPrice=8433.6207
2026-05-07 17:21:17 WARN  SELL_SKIP [KRX] 037030 reason=PHANTOM_POSITION phase=NONE qty=58 avgPrice=8433.6207
2026-05-07 17:21:22 WARN  SELL_SKIP [KRX] 037030 reason=PHANTOM_POSITION phase=NONE qty=58 avgPrice=8433.6207
2026-05-07 17:21:27 WARN  SELL_SKIP [KRX] 037030 reason=PHANTOM_POSITION phase=NONE qty=58 avgPrice=8433.6207
2026-05-07 17:21:32 WARN  SELL_SKIP [KRX] 037030 reason=PHANTOM_POSITION phase=NONE qty=58 avgPrice=8433.6207
2026-05-07 17:21:37 WARN  SELL_SKIP [KRX] 037030 reason=PHANTOM_POSITION phase=NONE qty=58 avgPrice=8433.6207
2026-05-07 17:21:42 WARN  SELL_SKIP [KRX] 037030 reason=PHANTOM_POSITION phase=NONE qty=58 avgPrice=8433.6207
2026-05-07 17:21:47 WARN  SELL_SKIP [KRX] 037030 reason=PHANTOM_POSITION phase=NONE qty=58 avgPrice=8433.6207
2026-05-07 17:21:52 WARN  SELL_SKIP [KRX] 037030 reason=PHANTOM_POSITION phase=NONE qty=58 avgPrice=8433.6207
2026-05-07 17:21:57 WARN  SELL_SKIP [KRX] 037030 reason=PHANTOM_POSITION phase=NONE qty=58 avgPrice=8433.6207
2026-05-07 17:22:02 WARN  SELL_SKIP [KRX] 037030 reason=PHANTOM_POSITION phase=NONE qty=58 avgPrice=8433.6207
2026-05-07 17:22:08 WARN  SELL_SKIP [KRX] 037030 reason=PHANTOM_POSITION phase=NONE qty=58 avgPrice=8433.6207
2026-05-07 17:22:13 WARN  SELL_SKIP [KRX] 037030 reason=PHANTOM_POSITION phase=NONE qty=58 avgPrice=8433.6207
2026-05-07 17:22:18 WARN  SELL_SKIP [KRX] 037030 reason=PHANTOM_POSITION phase=NONE qty=58 avgPrice=8433.6207
2026-05-07 17:22:23 WARN  SELL_SKIP [KRX] 037030 reason=PHANTOM_POSITION phase=NONE qty=58 avgPrice=8433.6207
2026-05-07 17:22:28 WARN  SELL_SKIP [KRX] 037030 reason=PHANTOM_POSITION phase=NONE qty=58 avgPrice=8433.6207
2026-05-07 17:22:33 WARN  SELL_SKIP [KRX] 037030 reason=PHANTOM_POSITION phase=NONE qty=58 avgPrice=8433.6207
2026-05-07 17:22:38 WARN  SELL_SKIP [KRX] 037030 reason=PHANTOM_POSITION phase=NONE qty=58 avgPrice=8433.6207
2026-05-07 17:22:43 WARN  SELL_SKIP [KRX] 037030 reason=PHANTOM_POSITION phase=NONE qty=58 avgPrice=8433.6207
2026-05-07 17:22:53 WARN  SELL_SKIP [KRX] 037030 reason=PHANTOM_POSITION phase=NONE qty=58 avgPrice=8433.6207
2026-05-07 17:22:58 WARN  SELL_SKIP [KRX] 037030 reason=PHANTOM_POSITION phase=NONE qty=58 avgPrice=8433.6207
2026-05-07 17:23:04 WARN  SELL_SKIP [KRX] 037030 reason=PHANTOM_POSITION phase=NONE qty=58 avgPrice=8433.6207
2026-05-07 17:23:09 WARN  SELL_SKIP [KRX] 037030 reason=PHANTOM_POSITION phase=NONE qty=58 avgPrice=8433.6207
2026-05-07 17:23:14 WARN  SELL_SKIP [KRX] 037030 reason=PHANTOM_POSITION phase=NONE qty=58 avgPrice=8433.6207
2026-05-07 17:23:19 WARN  SELL_SKIP [KRX] 037030 reason=PHANTOM_POSITION phase=NONE qty=58 avgPrice=8433.6207
2026-05-07 17:23:24 WARN  SELL_SKIP [KRX] 037030 reason=PHANTOM_POSITION phase=NONE qty=58 avgPrice=8433.6207
2026-05-07 17:23:29 WARN  SELL_SKIP [KRX] 037030 reason=PHANTOM_POSITION phase=NONE qty=58 avgPrice=8433.6207
2026-05-07 17:23:34 WARN  SELL_SKIP [KRX] 037030 reason=PHANTOM_POSITION phase=NONE qty=58 avgPrice=8433.6207
2026-05-07 17:23:39 WARN  SELL_SKIP [KRX] 037030 reason=PHANTOM_POSITION phase=NONE qty=58 avgPrice=8433.6207
2026-05-07 17:23:44 WARN  SELL_SKIP [KRX] 037030 reason=PHANTOM_POSITION phase=NONE qty=58 avgPrice=8433.6207
2026-05-07 17:23:49 WARN  SELL_SKIP [KRX] 037030 reason=PHANTOM_POSITION phase=NONE qty=58 avgPrice=8433.6207
2026-05-07 17:24:00 WARN  SELL_SKIP [KRX] 037030 reason=PHANTOM_POSITION phase=NONE qty=58 avgPrice=8433.6207
2026-05-07 17:24:10 WARN  SELL_SKIP [KRX] 037030 reason=PHANTOM_POSITION phase=NONE qty=58 avgPrice=8433.6207
2026-05-07 17:24:15 WARN  SELL_SKIP [KRX] 037030 reason=PHANTOM_POSITION phase=NONE qty=58 avgPrice=8433.6207
2026-05-07 17:24:20 WARN  SELL_SKIP [KRX] 037030 reason=PHANTOM_POSITION phase=NONE qty=58 avgPrice=8433.6207
2026-05-07 17:24:25 WARN  SELL_SKIP [KRX] 037030 reason=PHANTOM_POSITION phase=NONE qty=58 avgPrice=8433.6207
2026-05-07 17:24:35 WARN  SELL_SKIP [KRX] 037030 reason=PHANTOM_POSITION phase=NONE qty=58 avgPrice=8433.6207
2026-05-07 17:24:40 WARN  SELL_SKIP [KRX] 037030 reason=PHANTOM_POSITION phase=NONE qty=58 avgPrice=8433.6207
2026-05-07 17:24:46 WARN  SELL_SKIP [KRX] 037030 reason=PHANTOM_POSITION phase=NONE qty=58 avgPrice=8433.6207
2026-05-07 17:24:51 WARN  SELL_SKIP [KRX] 037030 reason=PHANTOM_POSITION phase=NONE qty=58 avgPrice=8433.6207
2026-05-07 17:24:56 WARN  SELL_SKIP [KRX] 037030 reason=PHANTOM_POSITION phase=NONE qty=58 avgPrice=8433.6207
2026-05-07 17:25:01 WARN  SELL_SKIP [KRX] 037030 reason=PHANTOM_POSITION phase=NONE qty=58 avgPrice=8433.6207
2026-05-07 17:25:06 WARN  SELL_SKIP [KRX] 037030 reason=PHANTOM_POSITION phase=NONE qty=58 avgPrice=8433.6207
2026-05-07 17:25:11 WARN  SELL_SKIP [KRX] 037030 reason=PHANTOM_POSITION phase=NONE qty=58 avgPrice=8433.6207
2026-05-07 17:25:16 WARN  SELL_SKIP [KRX] 037030 reason=PHANTOM_POSITION phase=NONE qty=58 avgPrice=8433.6207
2026-05-07 17:25:21 WARN  SELL_SKIP [KRX] 037030 reason=PHANTOM_POSITION phase=NONE qty=58 avgPrice=8433.6207
2026-05-07 17:25:26 WARN  SELL_SKIP [KRX] 037030 reason=PHANTOM_POSITION phase=NONE qty=58 avgPrice=8433.6207
2026-05-07 17:25:31 WARN  SELL_SKIP [KRX] 037030 reason=PHANTOM_POSITION phase=NONE qty=58 avgPrice=8433.6207
2026-05-07 17:25:36 WARN  SELL_SKIP [KRX] 037030 reason=PHANTOM_POSITION phase=NONE qty=58 avgPrice=8433.6207
2026-05-07 17:25:41 WARN  SELL_SKIP [KRX] 037030 reason=PHANTOM_POSITION phase=NONE qty=58 avgPrice=8433.6207
2026-05-07 17:25:47 WARN  SELL_SKIP [KRX] 037030 reason=PHANTOM_POSITION phase=NONE qty=58 avgPrice=8433.6207
2026-05-07 17:25:52 WARN  SELL_SKIP [KRX] 037030 reason=PHANTOM_POSITION phase=NONE qty=58 avgPrice=8433.6207
2026-05-07 17:25:57 WARN  SELL_SKIP [KRX] 037030 reason=PHANTOM_POSITION phase=NONE qty=58 avgPrice=8433.6207
2026-05-07 17:26:02 WARN  SELL_SKIP [KRX] 037030 reason=PHANTOM_POSITION phase=NONE qty=58 avgPrice=8433.6207
2026-05-07 17:26:07 WARN  SELL_SKIP [KRX] 037030 reason=PHANTOM_POSITION phase=NONE qty=58 avgPrice=8433.6207
2026-05-07 17:26:12 WARN  SELL_SKIP [KRX] 037030 reason=PHANTOM_POSITION phase=NONE qty=58 avgPrice=8433.6207
2026-05-07 17:26:17 WARN  SELL_SKIP [KRX] 037030 reason=PHANTOM_POSITION phase=NONE qty=58 avgPrice=8433.6207
2026-05-07 17:26:22 WARN  SELL_SKIP [KRX] 037030 reason=PHANTOM_POSITION phase=NONE qty=58 avgPrice=8433.6207
2026-05-07 17:26:27 WARN  SELL_SKIP [KRX] 037030 reason=PHANTOM_POSITION phase=NONE qty=58 avgPrice=8433.6207
2026-05-07 17:26:38 WARN  SELL_SKIP [KRX] 037030 reason=PHANTOM_POSITION phase=NONE qty=58 avgPrice=8433.6207
2026-05-07 17:26:43 WARN  SELL_SKIP [KRX] 037030 reason=PHANTOM_POSITION phase=NONE qty=58 avgPrice=8433.6207
2026-05-07 17:26:48 WARN  SELL_SKIP [KRX] 037030 reason=PHANTOM_POSITION phase=NONE qty=58 avgPrice=8433.6207
2026-05-07 17:26:53 WARN  SELL_SKIP [KRX] 037030 reason=PHANTOM_POSITION phase=NONE qty=58 avgPrice=8433.6207
2026-05-07 17:26:58 WARN  SELL_SKIP [KRX] 037030 reason=PHANTOM_POSITION phase=NONE qty=58 avgPrice=8433.6207
2026-05-07 17:27:03 WARN  SELL_SKIP [KRX] 037030 reason=PHANTOM_POSITION phase=NONE qty=58 avgPrice=8433.6207
2026-05-07 17:27:08 WARN  SELL_SKIP [KRX] 037030 reason=PHANTOM_POSITION phase=NONE qty=58 avgPrice=8433.6207
2026-05-07 17:27:13 WARN  SELL_SKIP [KRX] 037030 reason=PHANTOM_POSITION phase=NONE qty=58 avgPrice=8433.6207
2026-05-07 17:27:18 WARN  SELL_SKIP [KRX] 037030 reason=PHANTOM_POSITION phase=NONE qty=58 avgPrice=8433.6207
2026-05-07 17:27:28 WARN  SELL_SKIP [KRX] 037030 reason=PHANTOM_POSITION phase=NONE qty=58 avgPrice=8433.6207
2026-05-07 17:27:34 WARN  SELL_SKIP [KRX] 037030 reason=PHANTOM_POSITION phase=NONE qty=58 avgPrice=8433.6207
2026-05-07 17:27:39 WARN  SELL_SKIP [KRX] 037030 reason=PHANTOM_POSITION phase=NONE qty=58 avgPrice=8433.6207
2026-05-07 17:27:44 WARN  SELL_SKIP [KRX] 037030 reason=PHANTOM_POSITION phase=NONE qty=58 avgPrice=8433.6207
2026-05-07 17:27:49 WARN  SELL_SKIP [KRX] 037030 reason=PHANTOM_POSITION phase=NONE qty=58 avgPrice=8433.6207
2026-05-07 17:27:54 WARN  SELL_SKIP [KRX] 037030 reason=PHANTOM_POSITION phase=NONE qty=58 avgPrice=8433.6207
2026-05-07 17:27:59 WARN  SELL_SKIP [KRX] 037030 reason=PHANTOM_POSITION phase=NONE qty=58 avgPrice=8433.6207
2026-05-07 17:28:04 WARN  SELL_SKIP [KRX] 037030 reason=PHANTOM_POSITION phase=NONE qty=58 avgPrice=8433.6207
2026-05-07 17:28:09 WARN  SELL_SKIP [KRX] 037030 reason=PHANTOM_POSITION phase=NONE qty=58 avgPrice=8433.6207
2026-05-07 17:28:14 WARN  SELL_SKIP [KRX] 037030 reason=PHANTOM_POSITION phase=NONE qty=58 avgPrice=8433.6207
2026-05-07 17:28:19 WARN  SELL_SKIP [KRX] 037030 reason=PHANTOM_POSITION phase=NONE qty=58 avgPrice=8433.6207
2026-05-07 17:28:24 WARN  SELL_SKIP [KRX] 037030 reason=PHANTOM_POSITION phase=NONE qty=58 avgPrice=8433.6207
2026-05-07 17:28:30 WARN  SELL_SKIP [KRX] 037030 reason=PHANTOM_POSITION phase=NONE qty=58 avgPrice=8433.6207
2026-05-07 17:28:35 WARN  SELL_SKIP [KRX] 037030 reason=PHANTOM_POSITION phase=NONE qty=58 avgPrice=8433.6207
2026-05-07 17:28:40 WARN  SELL_SKIP [KRX] 037030 reason=PHANTOM_POSITION phase=NONE qty=58 avgPrice=8433.6207
2026-05-07 17:28:45 WARN  SELL_SKIP [KRX] 037030 reason=PHANTOM_POSITION phase=NONE qty=58 avgPrice=8433.6207
2026-05-07 17:28:50 WARN  SELL_SKIP [KRX] 037030 reason=PHANTOM_POSITION phase=NONE qty=58 avgPrice=8433.6207
2026-05-07 17:28:55 WARN  SELL_SKIP [KRX] 037030 reason=PHANTOM_POSITION phase=NONE qty=58 avgPrice=8433.6207
2026-05-07 17:29:00 WARN  SELL_SKIP [KRX] 037030 reason=PHANTOM_POSITION phase=NONE qty=58 avgPrice=8433.6207
2026-05-07 17:29:05 WARN  SELL_SKIP [KRX] 037030 reason=PHANTOM_POSITION phase=NONE qty=58 avgPrice=8433.6207
2026-05-07 17:29:10 WARN  SELL_SKIP [KRX] 037030 reason=PHANTOM_POSITION phase=NONE qty=58 avgPrice=8433.6207
2026-05-07 17:29:15 WARN  SELL_SKIP [KRX] 037030 reason=PHANTOM_POSITION phase=NONE qty=58 avgPrice=8433.6207
2026-05-07 17:29:20 WARN  SELL_SKIP [KRX] 037030 reason=PHANTOM_POSITION phase=NONE qty=58 avgPrice=8433.6207
2026-05-07 17:29:26 WARN  SELL_SKIP [KRX] 037030 reason=PHANTOM_POSITION phase=NONE qty=58 avgPrice=8433.6207
2026-05-07 17:29:36 WARN  SELL_SKIP [KRX] 037030 reason=PHANTOM_POSITION phase=NONE qty=58 avgPrice=8433.6207
2026-05-07 17:29:41 WARN  SELL_SKIP [KRX] 037030 reason=PHANTOM_POSITION phase=NONE qty=58 avgPrice=8433.6207
2026-05-07 17:29:46 WARN  SELL_SKIP [KRX] 037030 reason=PHANTOM_POSITION phase=NONE qty=58 avgPrice=8433.6207
2026-05-07 17:29:51 WARN  SELL_SKIP [KRX] 037030 reason=PHANTOM_POSITION phase=NONE qty=58 avgPrice=8433.6207
2026-05-07 17:29:56 WARN  SELL_SKIP [KRX] 037030 reason=PHANTOM_POSITION phase=NONE qty=58 avgPrice=8433.6207
2026-05-07 17:30:01 WARN  SELL_SKIP [KRX] 037030 reason=PHANTOM_POSITION phase=NONE qty=58 avgPrice=8433.6207
2026-05-07 17:30:06 WARN  SELL_SKIP [KRX] 037030 reason=PHANTOM_POSITION phase=NONE qty=58 avgPrice=8433.6207
2026-05-07 17:30:11 WARN  SELL_SKIP [KRX] 037030 reason=PHANTOM_POSITION phase=NONE qty=58 avgPrice=8433.6207
2026-05-07 17:30:16 WARN  SELL_SKIP [KRX] 037030 reason=PHANTOM_POSITION phase=NONE qty=58 avgPrice=8433.6207
2026-05-07 17:30:27 WARN  SELL_SKIP [KRX] 037030 reason=PHANTOM_POSITION phase=NONE qty=58 avgPrice=8433.6207
2026-05-07 17:30:32 WARN  SELL_SKIP [KRX] 037030 reason=PHANTOM_POSITION phase=NONE qty=58 avgPrice=8433.6207
2026-05-07 17:30:37 WARN  SELL_SKIP [KRX] 037030 reason=PHANTOM_POSITION phase=NONE qty=58 avgPrice=8433.6207
2026-05-07 17:30:42 WARN  SELL_SKIP [KRX] 037030 reason=PHANTOM_POSITION phase=NONE qty=58 avgPrice=8433.6207
2026-05-07 17:30:47 WARN  SELL_SKIP [KRX] 037030 reason=PHANTOM_POSITION phase=NONE qty=58 avgPrice=8433.6207
2026-05-07 17:30:52 WARN  SELL_SKIP [KRX] 037030 reason=PHANTOM_POSITION phase=NONE qty=58 avgPrice=8433.6207
2026-05-07 17:30:57 WARN  SELL_SKIP [KRX] 037030 reason=PHANTOM_POSITION phase=NONE qty=58 avgPrice=8433.6207
2026-05-07 17:31:02 WARN  SELL_SKIP [KRX] 037030 reason=PHANTOM_POSITION phase=NONE qty=58 avgPrice=8433.6207
2026-05-07 17:31:07 WARN  SELL_SKIP [KRX] 037030 reason=PHANTOM_POSITION phase=NONE qty=58 avgPrice=8433.6207
2026-05-07 17:31:17 WARN  SELL_SKIP [KRX] 037030 reason=PHANTOM_POSITION phase=NONE qty=58 avgPrice=8433.6207
2026-05-07 17:31:23 WARN  SELL_SKIP [KRX] 037030 reason=PHANTOM_POSITION phase=NONE qty=58 avgPrice=8433.6207
2026-05-07 17:31:28 WARN  SELL_SKIP [KRX] 037030 reason=PHANTOM_POSITION phase=NONE qty=58 avgPrice=8433.6207
2026-05-07 17:31:33 WARN  SELL_SKIP [KRX] 037030 reason=PHANTOM_POSITION phase=NONE qty=58 avgPrice=8433.6207
2026-05-07 17:31:38 WARN  SELL_SKIP [KRX] 037030 reason=PHANTOM_POSITION phase=NONE qty=58 avgPrice=8433.6207
2026-05-07 17:31:43 WARN  SELL_SKIP [KRX] 037030 reason=PHANTOM_POSITION phase=NONE qty=58 avgPrice=8433.6207
2026-05-07 17:31:48 WARN  SELL_SKIP [KRX] 037030 reason=PHANTOM_POSITION phase=NONE qty=58 avgPrice=8433.6207
2026-05-07 17:31:53 WARN  SELL_SKIP [KRX] 037030 reason=PHANTOM_POSITION phase=NONE qty=58 avgPrice=8433.6207
2026-05-07 17:31:58 WARN  SELL_SKIP [KRX] 037030 reason=PHANTOM_POSITION phase=NONE qty=58 avgPrice=8433.6207
2026-05-07 17:32:03 WARN  SELL_SKIP [KRX] 037030 reason=PHANTOM_POSITION phase=NONE qty=58 avgPrice=8433.6207
2026-05-07 17:32:13 WARN  SELL_SKIP [KRX] 037030 reason=PHANTOM_POSITION phase=NONE qty=58 avgPrice=8433.6207
2026-05-07 17:32:19 WARN  SELL_SKIP [KRX] 037030 reason=PHANTOM_POSITION phase=NONE qty=58 avgPrice=8433.6207
2026-05-07 17:32:24 WARN  SELL_SKIP [KRX] 037030 reason=PHANTOM_POSITION phase=NONE qty=58 avgPrice=8433.6207
2026-05-07 17:32:34 WARN  SELL_SKIP [KRX] 037030 reason=PHANTOM_POSITION phase=NONE qty=58 avgPrice=8433.6207
2026-05-07 17:32:39 WARN  SELL_SKIP [KRX] 037030 reason=PHANTOM_POSITION phase=NONE qty=58 avgPrice=8433.6207
2026-05-07 17:32:44 WARN  SELL_SKIP [KRX] 037030 reason=PHANTOM_POSITION phase=NONE qty=58 avgPrice=8433.6207
2026-05-07 17:32:49 WARN  SELL_SKIP [KRX] 037030 reason=PHANTOM_POSITION phase=NONE qty=58 avgPrice=8433.6207
2026-05-07 17:32:54 WARN  SELL_SKIP [KRX] 037030 reason=PHANTOM_POSITION phase=NONE qty=58 avgPrice=8433.6207
2026-05-07 17:32:59 WARN  SELL_SKIP [KRX] 037030 reason=PHANTOM_POSITION phase=NONE qty=58 avgPrice=8433.6207
2026-05-07 17:33:04 WARN  SELL_SKIP [KRX] 037030 reason=PHANTOM_POSITION phase=NONE qty=58 avgPrice=8433.6207
2026-05-07 17:33:09 WARN  SELL_SKIP [KRX] 037030 reason=PHANTOM_POSITION phase=NONE qty=58 avgPrice=8433.6207
2026-05-07 17:33:15 WARN  SELL_SKIP [KRX] 037030 reason=PHANTOM_POSITION phase=NONE qty=58 avgPrice=8433.6207
2026-05-07 17:33:20 WARN  SELL_SKIP [KRX] 037030 reason=PHANTOM_POSITION phase=NONE qty=58 avgPrice=8433.6207
2026-05-07 17:33:25 WARN  SELL_SKIP [KRX] 037030 reason=PHANTOM_POSITION phase=NONE qty=58 avgPrice=8433.6207
2026-05-07 17:33:30 WARN  SELL_SKIP [KRX] 037030 reason=PHANTOM_POSITION phase=NONE qty=58 avgPrice=8433.6207
2026-05-07 17:33:35 WARN  SELL_SKIP [KRX] 037030 reason=PHANTOM_POSITION phase=NONE qty=58 avgPrice=8433.6207
2026-05-07 17:33:40 WARN  SELL_SKIP [KRX] 037030 reason=PHANTOM_POSITION phase=NONE qty=58 avgPrice=8433.6207
2026-05-07 17:33:45 WARN  SELL_SKIP [KRX] 037030 reason=PHANTOM_POSITION phase=NONE qty=58 avgPrice=8433.6207
2026-05-07 17:33:50 WARN  SELL_SKIP [KRX] 037030 reason=PHANTOM_POSITION phase=NONE qty=58 avgPrice=8433.6207
2026-05-07 17:33:55 WARN  SELL_SKIP [KRX] 037030 reason=PHANTOM_POSITION phase=NONE qty=58 avgPrice=8433.6207
2026-05-07 17:34:00 WARN  SELL_SKIP [KRX] 037030 reason=PHANTOM_POSITION phase=NONE qty=58 avgPrice=8433.6207
2026-05-07 17:34:05 WARN  SELL_SKIP [KRX] 037030 reason=PHANTOM_POSITION phase=NONE qty=58 avgPrice=8433.6207
2026-05-07 17:34:11 WARN  SELL_SKIP [KRX] 037030 reason=PHANTOM_POSITION phase=NONE qty=58 avgPrice=8433.6207
2026-05-07 17:34:16 WARN  SELL_SKIP [KRX] 037030 reason=PHANTOM_POSITION phase=NONE qty=58 avgPrice=8433.6207
2026-05-07 17:34:21 WARN  SELL_SKIP [KRX] 037030 reason=PHANTOM_POSITION phase=NONE qty=58 avgPrice=8433.6207
2026-05-07 17:34:26 WARN  SELL_SKIP [KRX] 037030 reason=PHANTOM_POSITION phase=NONE qty=58 avgPrice=8433.6207
2026-05-07 17:34:31 WARN  SELL_SKIP [KRX] 037030 reason=PHANTOM_POSITION phase=NONE qty=58 avgPrice=8433.6207
2026-05-07 17:34:36 WARN  SELL_SKIP [KRX] 037030 reason=PHANTOM_POSITION phase=NONE qty=58 avgPrice=8433.6207
2026-05-07 17:34:41 WARN  SELL_SKIP [KRX] 037030 reason=PHANTOM_POSITION phase=NONE qty=58 avgPrice=8433.6207
2026-05-07 17:34:46 WARN  SELL_SKIP [KRX] 037030 reason=PHANTOM_POSITION phase=NONE qty=58 avgPrice=8433.6207
2026-05-07 17:34:51 WARN  SELL_SKIP [KRX] 037030 reason=PHANTOM_POSITION phase=NONE qty=58 avgPrice=8433.6207
2026-05-07 17:34:56 WARN  SELL_SKIP [KRX] 037030 reason=PHANTOM_POSITION phase=NONE qty=58 avgPrice=8433.6207
2026-05-07 17:35:01 WARN  SELL_SKIP [KRX] 037030 reason=PHANTOM_POSITION phase=NONE qty=58 avgPrice=8433.6207
2026-05-07 17:35:06 WARN  SELL_SKIP [KRX] 037030 reason=PHANTOM_POSITION phase=NONE qty=58 avgPrice=8433.6207
2026-05-07 17:35:12 WARN  SELL_SKIP [KRX] 037030 reason=PHANTOM_POSITION phase=NONE qty=58 avgPrice=8433.6207
2026-05-07 17:35:17 WARN  SELL_SKIP [KRX] 037030 reason=PHANTOM_POSITION phase=NONE qty=58 avgPrice=8433.6207
2026-05-07 17:35:22 WARN  SELL_SKIP [KRX] 037030 reason=PHANTOM_POSITION phase=NONE qty=58 avgPrice=8433.6207
2026-05-07 17:35:27 WARN  SELL_SKIP [KRX] 037030 reason=PHANTOM_POSITION phase=NONE qty=58 avgPrice=8433.6207
2026-05-07 17:35:32 WARN  SELL_SKIP [KRX] 037030 reason=PHANTOM_POSITION phase=NONE qty=58 avgPrice=8433.6207
2026-05-07 17:35:37 WARN  SELL_SKIP [KRX] 037030 reason=PHANTOM_POSITION phase=NONE qty=58 avgPrice=8433.6207
2026-05-07 17:35:42 WARN  SELL_SKIP [KRX] 037030 reason=PHANTOM_POSITION phase=NONE qty=58 avgPrice=8433.6207
2026-05-07 17:35:47 WARN  SELL_SKIP [KRX] 037030 reason=PHANTOM_POSITION phase=NONE qty=58 avgPrice=8433.6207
2026-05-07 17:35:52 WARN  SELL_SKIP [KRX] 037030 reason=PHANTOM_POSITION phase=NONE qty=58 avgPrice=8433.6207
2026-05-07 17:36:02 WARN  SELL_SKIP [KRX] 037030 reason=PHANTOM_POSITION phase=NONE qty=58 avgPrice=8433.6207
2026-05-07 17:36:07 WARN  SELL_SKIP [KRX] 037030 reason=PHANTOM_POSITION phase=NONE qty=58 avgPrice=8433.6207
2026-05-07 17:36:13 WARN  SELL_SKIP [KRX] 037030 reason=PHANTOM_POSITION phase=NONE qty=58 avgPrice=8433.6207
2026-05-07 17:36:23 WARN  SELL_SKIP [KRX] 037030 reason=PHANTOM_POSITION phase=NONE qty=58 avgPrice=8433.6207
2026-05-07 17:37:16 INFO  BUY amount set for SMCX: 250.00
2026-05-07 17:37:16 INFO  BUY amount set for SMU: 250.00
2026-05-07 17:37:16 INFO  BUY amount set for SOXL: 250.00
2026-05-07 17:37:16 INFO  BUY amount set for SOXS: 250.00
2026-05-07 17:37:16 INFO  BUY amount set for BAIG: 250.00
2026-05-07 17:37:16 INFO  BUY amount set for NVDL: 250.00
2026-05-07 17:37:16 INFO  BUY amount set for TSLL: 250.00
2026-05-07 17:37:16 INFO  BUY amount set for ETHU: 250.00
2026-05-07 17:45:09 INFO  BUY [US] TSLL mode=VOLUME_BREAKOUT price=13.7600 qty=18 size=1.0000x score=95(CONV) | WHY: strongBreakout volBreakout retestOK multiUp vol(2.68x) | VWAP: 0.09%(ABOVE slope=UP) | TREND: score=3 vel=0.14%/0.15%/0.14% | VOL: 14379.0000/5373.2500 TO: 197711.2500/73818.2641 | entryNo=1
2026-05-07 17:49:08 WARN  BUY pending timeout cleared for TSLL
2026-05-07 17:49:08 INFO  BUY [US] TSLL mode=VOLUME_BREAKOUT price=13.7700 qty=18 size=1.0000x score=82(CONV) | WHY: strongBreakout volBreakout retestOK multiUp vol(3.43x) | VWAP: 0.08%(ABOVE slope=UP) | TREND: score=2 vel=0.00%/0.00%/0.15% | VOL: 35820.0000/10447.0833 TO: 493241.4000/143740.3632 | entryNo=2
2026-05-07 18:01:06 INFO  BUY [US] SMCX mode=VOLUME_BREAKOUT price=17.4300 qty=14 size=1.0000x score=95(CONV) | WHY: strongBreakout volBreakout retestOK multiUp vol(6.63x) | VWAP: 0.09%(ABOVE slope=UP) | TREND: score=3 vel=0.14%/0.14%/0.14% | VOL: 27055.0000/4078.4000 TO: 471392.7925/70997.1483 | entryNo=1
2026-05-07 18:11:06 INFO  BUY [US] ETHU mode=VOLUME_BREAKOUT price=26.9800 qty=9 size=1.0000x score=95(CONV) | WHY: strongBreakout volBreakout retestOK multiUp vol(4.07x) | VWAP: 0.13%(ABOVE slope=UP) | TREND: score=3 vel=0.07%/0.19%/0.15% | VOL: 55269.0000/13579.5500 TO: 1490052.2400/365478.0839 | entryNo=1
2026-05-07 18:34:09 INFO  BUY [US] NVDL mode=VOLUME_BREAKOUT price=101.7200 qty=2 size=1.0000x score=95(CONV) | WHY: strongBreakout volBreakout retestOK multiUp vol(2.37x) | VWAP: 0.01%(ABOVE slope=UP) | TREND: score=3 vel=0.20%/0.24%/0.28% | VOL: 119526.0000/50531.9500 TO: 12158184.7200/5135599.4805 | entryNo=1
2026-05-07 18:35:05 WARN  BUY pending timeout cleared for SMCX
2026-05-07 18:35:05 INFO  BUY [US] SMCX mode=BREAKOUT price=17.6900 qty=11 size=0.8000x score=85(CONV) | WHY: strongBreakout retestOK multiUp vol(1.58x) | VWAP: 0.80%(ABOVE slope=UP) | TREND: score=3 vel=0.27%/0.47%/0.42% | VOL: 32307.0000/20420.4500 TO: 571665.9036/360234.5775 | entryNo=2
2026-05-07 18:37:07 WARN  BUY_SKIP [US] SOXL reason=AMOUNT_TOO_SMALL amount=250.0000 size=1.0000x price=164.7600
2026-05-07 18:37:22 WARN  BUY_SKIP [US] SOXL reason=AMOUNT_TOO_SMALL amount=250.0000 size=1.0000x price=164.7800
2026-05-07 18:50:05 INFO  BUY [US] SMU mode=VOLUME_BREAKOUT price=17.8000 qty=14 size=1.0000x score=95(CONV) | WHY: strongBreakout volBreakout retestOK multiUp vol(6.69x) | VWAP: 0.86%(ABOVE slope=UP) | TREND: score=3 vel=0.23%/0.23%/0.39% | VOL: 9344.0000/1397.0000 TO: 166323.2000/24778.5087 | entryNo=1
2026-05-07 18:50:05 WARN  BUY pending timeout cleared for NVDL
2026-05-07 18:50:05 WARN  BUY_SKIP [US] NVDL reason=AMOUNT_TOO_SMALL amount=250.0000 size=0.8000x price=101.8800
2026-05-07 18:50:20 WARN  BUY_SKIP [US] NVDL reason=AMOUNT_TOO_SMALL amount=250.0000 size=0.8000x price=101.8800
2026-05-07 19:52:07 INFO  BUY [US] NVDL mode=VOLUME_BREAKOUT price=101.6600 qty=2 size=1.0000x score=90(CONV) | WHY: strongBreakout volBreakout retestOK multiUp vol(2.55x) | VWAP: 0.10%(ABOVE slope=UP) | TREND: score=2 vel=0.16%/0.17%/-0.06% | VOL: 145912.0000/57300.9500 TO: 14853841.6000/5832155.8201 | entryNo=2
2026-05-07 20:48:05 WARN  BUY pending timeout cleared for ETHU
2026-05-07 20:48:20 INFO  BUY [US] ETHU mode=VOLUME_BREAKOUT price=26.8700 qty=9 size=1.0000x score=82(CONV) | WHY: strongBreakout volBreakout retestOK multiUp vol(2.59x) | VWAP: 0.28%(ABOVE slope=UP) | TREND: score=2 vel=0.03%/0.00%/0.04% | VOL: 98928.0000/38264.9500 TO: 2658195.3600/1027205.0910 | entryNo=2
2026-05-07 21:36:08 WARN  BUY_SKIP [US] SOXL reason=AMOUNT_TOO_SMALL amount=250.0000 size=0.8000x price=161.2300
2026-05-07 21:36:24 WARN  BUY_SKIP [US] SOXL reason=AMOUNT_TOO_SMALL amount=250.0000 size=0.8000x price=161.3100
2026-05-07 21:37:25 WARN  BUY_SKIP [US] SOXL reason=AMOUNT_TOO_SMALL amount=250.0000 size=0.8000x price=161.3600
2026-05-07 22:27:08 WARN  BUY_SKIP [US] SOXL reason=AMOUNT_TOO_SMALL amount=250.0000 size=1.0000x price=162.0500
2026-05-07 23:39:08 WARN  BUY_SKIP [US] SOXL reason=AMOUNT_TOO_SMALL amount=250.0000 size=0.8000x price=162.4000
2026-05-07 23:56:40 INFO  BUY amount set for BAIG: 250.00
2026-05-07 23:56:40 INFO  BUY amount set for NVDL: 250.00
2026-05-07 23:56:40 INFO  BUY amount set for SMCX: 250.00
2026-05-07 23:56:40 INFO  BUY amount set for SOXS: 250.00
2026-05-07 23:56:40 INFO  BUY amount set for SMU: 250.00
2026-05-07 23:56:40 INFO  BUY amount set for SOXL: 250.00
2026-05-07 23:56:40 INFO  BUY amount set for TSLL: 250.00
2026-05-07 23:56:40 INFO  BUY amount set for ETHU: 250.00
