2026-06-02 09:19:09 WARN  BUY_SKIP [KRX] 307950 reason=AMOUNT_TOO_SMALL amount=0.0000 size=1.2000x price=863000.0000
2026-06-02 09:19:40 WARN  BUY_SKIP [KRX] 307950 reason=AMOUNT_TOO_SMALL amount=0.0000 size=1.2000x price=863000.0000
2026-06-02 10:22:11 INFO  BUY amount set for 454910: 600000.00
2026-06-02 10:22:11 INFO  BUY [KRX] 454910 mode=VOLUME_BREAKOUT price=90900.0000 qty=6 size=1.0000x score=95(CONV) | WHY: strongBreakout volBreakout retestOK multiUp vol(2.60x) | VWAP: 1.09%(ABOVE slope=UP) allowedGap=2.20% | TREND: score=3 vel=0.55%/0.33%/0.66% accel=true | VOL: 1502.0000/578.0500 TO: 136531800.0000/52243050.0000 | HIGH: 90900.0000 fromHigh=0.00% | entryNo=1
2026-06-02 10:22:11 INFO  BUY_FILLED 454910 phase=HOLDING
2026-06-02 10:22:11 INFO  SELL [EOD_FORCE_SELL] 454910 pnl=-0.22% time=15:30
2026-06-02 10:22:11 INFO  SELL_EXECUTED [KRX] 454910 mode=VOLUME_BREAKOUT phase=EXITING exitType=TIMESTOP price=90700.0000 qty=6 reason=EOD_FORCE_SELL pnl=-0.22% peakPnl=0.11% holdMs=780000 high=91000.0000 avgPrice=90900.0000 weightedPnl=-0.20% (pending fill)
2026-06-02 10:22:11 INFO  SELL_FILLED_PNL 454910 reason=EOD_FORCE_SELL filledQty=6/6 fillRatio=1.00 weightedPnl=-0.20% dailyPnl=-0.20%
2026-06-02 10:22:11 INFO  SELL_FILLED 454910 reason=EOD_FORCE_SELL remainingQty=0 phase=NONE exitType=TIMESTOP
2026-06-02 10:22:11 INFO  BUY [KRX] 454910 mode=VOLUME_BREAKOUT price=88400.0000 qty=6 size=1.0000x score=95(CONV) | WHY: strongBreakout volBreakout retestOK multiUp vol(7.28x) | VWAP: 0.49%(ABOVE slope=UP) allowedGap=2.20% | TREND: score=3 vel=0.34%/0.23%/0.23% accel=true | VOL: 3252.0000/446.5000 TO: 287476800.0000/39404670.0000 | HIGH: 88400.0000 fromHigh=0.00% | entryNo=1
2026-06-02 10:22:11 INFO  BUY_FILLED 454910 phase=HOLDING
2026-06-02 10:22:11 INFO  SELL_EXECUTED [KRX] 454910 mode=VOLUME_BREAKOUT phase=EXITING exitType=TIMESTOP price=88100.0000 qty=6 reason=TIME_STOP_SOFT pnl=-0.34% peakPnl=0.11% holdMs=1560000 high=88500.0000 avgPrice=88400.0000 weightedPnl=-0.30% (pending fill)
2026-06-02 10:22:11 INFO  SELL_FILLED_PNL 454910 reason=TIME_STOP_SOFT filledQty=6/6 fillRatio=1.00 weightedPnl=-0.30% dailyPnl=-0.30%
2026-06-02 10:22:11 INFO  SELL_FILLED 454910 reason=TIME_STOP_SOFT remainingQty=0 phase=NONE exitType=TIMESTOP
2026-06-02 10:22:12 INFO  BUY [KRX] 454910 mode=VOLUME_BREAKOUT price=93100.0000 qty=6 size=1.0000x score=95(CONV) | WHY: strongBreakout volBreakout retestOK multiUp vol(5.39x) | VWAP: 0.82%(ABOVE slope=UP) allowedGap=2.20% | TREND: score=3 vel=0.32%/0.22%/0.22% accel=true | VOL: 4356.0000/807.5000 TO: 405543600.0000/75047815.0000 | HIGH: 93100.0000 fromHigh=0.00% | entryNo=1
2026-06-02 10:22:12 INFO  BUY_FILLED 454910 phase=HOLDING
2026-06-02 10:22:12 INFO  SELL_EXECUTED [KRX] 454910 mode=VOLUME_BREAKOUT phase=EXITING exitType=TIMESTOP price=93000.0000 qty=6 reason=TIME_STOP_SOFT pnl=-0.11% peakPnl=0.54% holdMs=2340000 high=93600.0000 avgPrice=93100.0000 weightedPnl=-0.10% (pending fill)
2026-06-02 10:22:12 INFO  SELL_FILLED_PNL 454910 reason=TIME_STOP_SOFT filledQty=6/6 fillRatio=1.00 weightedPnl=-0.10% dailyPnl=-0.10%
2026-06-02 10:22:12 INFO  SELL_FILLED 454910 reason=TIME_STOP_SOFT remainingQty=0 phase=NONE exitType=TIMESTOP
2026-06-02 10:22:12 INFO  BUY [KRX] 454910 mode=VOLUME_BREAKOUT price=93800.0000 qty=6 size=1.0000x score=95(CONV) | WHY: strongBreakout volBreakout retestOK multiUp vol(4.07x) | VWAP: 1.25%(ABOVE slope=UP) allowedGap=2.20% | TREND: score=3 vel=0.86%/0.75%/0.81% accel=true | VOL: 2874.0000/705.3000 TO: 269581200.0000/65822415.0000 | HIGH: 93800.0000 fromHigh=0.00% | entryNo=1
2026-06-02 10:22:12 INFO  BUY_FILLED 454910 phase=HOLDING
2026-06-02 10:22:12 INFO  SELL_EXECUTED [KRX] 454910 mode=VOLUME_BREAKOUT phase=EXITING exitType=TIMESTOP price=93700.0000 qty=6 reason=TIME_STOP_SOFT pnl=-0.11% peakPnl=1.60% holdMs=5280000 high=95300.0000 avgPrice=93800.0000 weightedPnl=-0.10% (pending fill)
2026-06-02 10:22:12 INFO  SELL_FILLED_PNL 454910 reason=TIME_STOP_SOFT filledQty=6/6 fillRatio=1.00 weightedPnl=-0.10% dailyPnl=-0.10%
2026-06-02 10:22:12 INFO  SELL_FILLED 454910 reason=TIME_STOP_SOFT remainingQty=0 phase=NONE exitType=TIMESTOP
2026-06-02 10:22:12 INFO  BUY [KRX] 454910 mode=VOLUME_BREAKOUT price=99800.0000 qty=4 size=0.8000x score=85(CONV) | WHY: strongBreakout volBreakout retestOK multiUp vol(2.17x) | VWAP: 1.96%(ABOVE slope=UP) allowedGap=2.20% | TREND: score=3 vel=0.60%/0.50%/0.50% accel=true | VOL: 6196.0000/2856.1500 TO: 618360800.0000/283361495.0000 | HIGH: 99800.0000 fromHigh=0.00% | entryNo=1
2026-06-02 10:22:12 INFO  BUY_FILLED 454910 phase=HOLDING
2026-06-02 10:22:12 INFO  SELL_EXECUTED [KRX] 454910 mode=VOLUME_BREAKOUT phase=EXITING exitType=TIMESTOP price=99700.0000 qty=4 reason=TIME_STOP_SOFT pnl=-0.10% peakPnl=1.20% holdMs=4500000 high=101000.0000 avgPrice=99800.0000 weightedPnl=-0.07% (pending fill)
2026-06-02 10:22:12 INFO  SELL_FILLED_PNL 454910 reason=TIME_STOP_SOFT filledQty=4/4 fillRatio=1.00 weightedPnl=-0.07% dailyPnl=-0.07%
2026-06-02 10:22:12 INFO  SELL_FILLED 454910 reason=TIME_STOP_SOFT remainingQty=0 phase=NONE exitType=TIMESTOP
2026-06-02 10:22:12 INFO  BUY [KRX] 454910 mode=VOLUME_BREAKOUT price=103000.0000 qty=4 size=0.8000x score=95(CONV) | WHY: strongBreakout volBreakout retestOK multiUp vol(2.18x) | VWAP: 1.74%(ABOVE slope=UP) allowedGap=2.20% | TREND: score=3 vel=0.39%/0.29%/0.59% accel=true | VOL: 5330.0000/2443.1000 TO: 548990000.0000/250209187.5000 | HIGH: 103000.0000 fromHigh=0.00% | entryNo=1
2026-06-02 10:22:12 INFO  BUY_FILLED 454910 phase=HOLDING
2026-06-02 10:22:12 INFO  SELL_EXECUTED [KRX] 454910 mode=VOLUME_BREAKOUT phase=EXITING exitType=TIMESTOP price=102400.0000 qty=4 reason=TIME_STOP_SOFT pnl=-0.58% peakPnl=0.15% holdMs=1200000 high=103150.0000 avgPrice=103000.0000 weightedPnl=-0.40% (pending fill)
2026-06-02 10:22:12 INFO  SELL_FILLED_PNL 454910 reason=TIME_STOP_SOFT filledQty=4/4 fillRatio=1.00 weightedPnl=-0.40% dailyPnl=-0.40%
2026-06-02 10:22:12 INFO  SELL_FILLED 454910 reason=TIME_STOP_SOFT remainingQty=0 phase=NONE exitType=TIMESTOP
2026-06-02 10:22:12 INFO  BUY [KRX] 454910 mode=VOLUME_BREAKOUT price=107500.0000 qty=4 size=0.8000x score=95(CONV) | WHY: strongBreakout volBreakout retestOK multiUp vol(1.76x) | VWAP: 1.10%(ABOVE slope=UP) allowedGap=2.20% | TREND: score=3 vel=0.75%/0.66%/0.47% accel=true | VOL: 3481.0000/1976.0500 TO: 373511300.0000/209260475.0000 | HIGH: 107400.0000 fromHigh=-0.09% | entryNo=1
2026-06-02 10:22:12 INFO  BUY_FILLED 454910 phase=HOLDING
2026-06-02 10:22:12 INFO  SELL_EXECUTED [KRX] 454910 mode=VOLUME_BREAKOUT phase=EXITING exitType=TIMESTOP price=106300.0000 qty=4 reason=TIME_STOP_SOFT pnl=-0.93% peakPnl=0.00% holdMs=1200000 high=107300.0000 avgPrice=107300.0000 weightedPnl=-0.67% (pending fill)
2026-06-02 10:22:12 INFO  SELL_FILLED_PNL 454910 reason=TIME_STOP_SOFT filledQty=4/4 fillRatio=1.00 weightedPnl=-0.67% dailyPnl=-0.67%
2026-06-02 10:22:12 INFO  SELL_FILLED 454910 reason=TIME_STOP_SOFT remainingQty=0 phase=NONE exitType=TIMESTOP
2026-06-02 10:22:12 INFO  BUY [KRX] 454910 mode=VOLUME_BREAKOUT price=103000.0000 qty=5 size=1.0000x score=95(CONV) | WHY: strongBreakout volBreakout retestOK multiUp vol(6.34x) | VWAP: 0.65%(ABOVE slope=UP) allowedGap=2.20% | TREND: score=3 vel=0.39%/0.29%/0.19% accel=true | VOL: 6585.0000/1039.4500 TO: 677596500.0000/106841455.0000 | HIGH: 103000.0000 fromHigh=-0.10% | entryNo=1
2026-06-02 10:22:12 INFO  BUY_FILLED 454910 phase=HOLDING
2026-06-02 10:22:12 INFO  SELL_EXECUTED [KRX] 454910 mode=VOLUME_BREAKOUT phase=EXITING exitType=TIMESTOP price=102200.0000 qty=5 reason=TIME_STOP_SOFT pnl=-0.68% peakPnl=0.00% holdMs=1200000 high=102900.0000 avgPrice=102900.0000 weightedPnl=-0.58% (pending fill)
2026-06-02 10:22:12 INFO  SELL_FILLED_PNL 454910 reason=TIME_STOP_SOFT filledQty=5/5 fillRatio=1.00 weightedPnl=-0.58% dailyPnl=-0.58%
2026-06-02 10:22:12 INFO  SELL_FILLED 454910 reason=TIME_STOP_SOFT remainingQty=0 phase=NONE exitType=TIMESTOP
2026-06-02 10:22:12 INFO  BUY [KRX] 454910 mode=VOLUME_BREAKOUT price=101500.0000 qty=5 size=1.0000x score=95(CONV) | WHY: strongBreakout volBreakout retestOK multiUp vol(3.18x) | VWAP: 1.40%(ABOVE slope=UP) allowedGap=2.20% | TREND: score=3 vel=0.35%/0.25%/0.35% accel=true | VOL: 12725.0000/3999.9000 TO: 1290951250.0000/403978847.5000 | HIGH: 101500.0000 fromHigh=-0.05% | entryNo=1
2026-06-02 10:22:12 INFO  BUY_FILLED 454910 phase=HOLDING
2026-06-02 10:22:12 INFO  SELL_EXECUTED [KRX] 454910 mode=VOLUME_BREAKOUT phase=EXITING exitType=TIMESTOP price=101400.0000 qty=5 reason=TIME_STOP_MID pnl=-0.05% peakPnl=1.72% holdMs=3360000 high=103200.0000 avgPrice=101450.0000 weightedPnl=-0.04% (pending fill)
2026-06-02 10:22:12 INFO  SELL_FILLED_PNL 454910 reason=TIME_STOP_MID filledQty=5/5 fillRatio=1.00 weightedPnl=-0.04% dailyPnl=-0.04%
2026-06-02 10:22:12 INFO  SELL_FILLED 454910 reason=TIME_STOP_MID remainingQty=0 phase=NONE exitType=TIMESTOP
2026-06-02 10:22:12 INFO  BUY [KRX] 454910 mode=VOLUME_BREAKOUT price=109000.0000 qty=4 size=0.8000x score=90(CONV) | WHY: strongBreakout volBreakout retestOK multiUp vol(1.99x) | VWAP: 0.96%(ABOVE slope=UP) allowedGap=2.20% | TREND: score=2 vel=0.37%/0.28%/0.00% accel=true | VOL: 8642.0000/4349.5500 TO: 943706400.0000/472551525.0000 | HIGH: 109300.0000 fromHigh=-0.09% | entryNo=1
2026-06-02 10:22:12 INFO  BUY_FILLED 454910 phase=HOLDING
2026-06-02 10:22:12 INFO  SELL_EXECUTED [KRX] 454910 mode=VOLUME_BREAKOUT phase=EXITING exitType=VWAP_BREAK price=107600.0000 qty=4 reason=VWAP_BREAK pnl=-1.47% peakPnl=-0.09% holdMs=1020000 high=109100.0000 avgPrice=109200.0000 weightedPnl=-1.07% (pending fill)
2026-06-02 10:22:12 INFO  SELL_FILLED_PNL 454910 reason=VWAP_BREAK filledQty=4/4 fillRatio=1.00 weightedPnl=-1.07% dailyPnl=-1.07%
2026-06-02 10:22:12 INFO  SELL_FILLED 454910 reason=VWAP_BREAK remainingQty=0 phase=NONE exitType=VWAP_BREAK
2026-06-02 10:22:12 INFO  BUY [KRX] 454910 mode=VOLUME_BREAKOUT price=105500.0000 qty=4 size=0.8000x score=85(CONV) | WHY: strongBreakout volBreakout retestOK multiUp vol(2.07x) | VWAP: 2.09%(ABOVE slope=UP) allowedGap=2.20% | TREND: score=3 vel=0.48%/0.38%/0.29% accel=true | VOL: 7037.0000/3393.2000 TO: 741699800.0000/354722260.0000 | HIGH: 105400.0000 fromHigh=0.00% | entryNo=1
2026-06-02 10:22:12 INFO  BUY_FILLED 454910 phase=HOLDING
2026-06-02 10:22:12 INFO  SELL_EXECUTED [KRX] 454910 mode=VOLUME_BREAKOUT phase=EXITING exitType=TIMESTOP price=104700.0000 qty=4 reason=TIME_STOP_SOFT pnl=-0.66% peakPnl=-0.05% holdMs=1200000 high=105350.0000 avgPrice=105400.0000 weightedPnl=-0.47% (pending fill)
2026-06-02 10:22:12 INFO  SELL_FILLED_PNL 454910 reason=TIME_STOP_SOFT filledQty=4/4 fillRatio=1.00 weightedPnl=-0.47% dailyPnl=-0.47%
2026-06-02 10:22:12 INFO  SELL_FILLED 454910 reason=TIME_STOP_SOFT remainingQty=0 phase=NONE exitType=TIMESTOP
2026-06-02 10:22:35 INFO  BUY amount set for 454910: 600000.00
2026-06-02 10:22:35 INFO  BUY [KRX] 454910 mode=VOLUME_BREAKOUT price=90900.0000 qty=6 size=1.0000x score=95(CONV) | WHY: strongBreakout volBreakout retestOK multiUp vol(2.60x) | VWAP: 1.09%(ABOVE slope=UP) allowedGap=2.20% | TREND: score=3 vel=0.55%/0.33%/0.66% accel=true | VOL: 1502.0000/578.0500 TO: 136531800.0000/52243050.0000 | HIGH: 90900.0000 fromHigh=0.00% | entryNo=1
2026-06-02 10:22:35 INFO  BUY_FILLED 454910 phase=HOLDING
2026-06-02 10:22:35 INFO  SELL [EOD_FORCE_SELL] 454910 pnl=-0.22% time=15:30
2026-06-02 10:22:35 INFO  SELL_EXECUTED [KRX] 454910 mode=VOLUME_BREAKOUT phase=EXITING exitType=TIMESTOP price=90700.0000 qty=6 reason=EOD_FORCE_SELL pnl=-0.22% peakPnl=0.11% holdMs=780000 high=91000.0000 avgPrice=90900.0000 weightedPnl=-0.20% (pending fill)
2026-06-02 10:22:35 INFO  SELL_FILLED_PNL 454910 reason=EOD_FORCE_SELL filledQty=6/6 fillRatio=1.00 weightedPnl=-0.20% dailyPnl=-0.20%
2026-06-02 10:22:35 INFO  SELL_FILLED 454910 reason=EOD_FORCE_SELL remainingQty=0 phase=NONE exitType=TIMESTOP
2026-06-02 10:22:35 INFO  BUY [KRX] 454910 mode=VOLUME_BREAKOUT price=88400.0000 qty=6 size=1.0000x score=95(CONV) | WHY: strongBreakout volBreakout retestOK multiUp vol(7.28x) | VWAP: 0.49%(ABOVE slope=UP) allowedGap=2.20% | TREND: score=3 vel=0.34%/0.23%/0.23% accel=true | VOL: 3252.0000/446.5000 TO: 287476800.0000/39404670.0000 | HIGH: 88400.0000 fromHigh=0.00% | entryNo=1
2026-06-02 10:22:35 INFO  BUY_FILLED 454910 phase=HOLDING
2026-06-02 10:22:35 INFO  SELL [EOD_FORCE_SELL] 454910 pnl=0.45% time=15:30
2026-06-02 10:22:35 INFO  SELL_EXECUTED [KRX] 454910 mode=VOLUME_BREAKOUT phase=EXITING exitType=TIMESTOP price=88800.0000 qty=6 reason=EOD_FORCE_SELL pnl=0.45% peakPnl=0.45% holdMs=5280000 high=88800.0000 avgPrice=88400.0000 weightedPnl=0.40% (pending fill)
2026-06-02 10:22:35 INFO  SELL_FILLED_PNL 454910 reason=EOD_FORCE_SELL filledQty=6/6 fillRatio=1.00 weightedPnl=0.40% dailyPnl=0.40%
2026-06-02 10:22:35 INFO  SELL_FILLED 454910 reason=EOD_FORCE_SELL remainingQty=0 phase=NONE exitType=TIMESTOP
2026-06-02 10:22:35 INFO  BUY [KRX] 454910 mode=VOLUME_BREAKOUT price=93100.0000 qty=6 size=1.0000x score=95(CONV) | WHY: strongBreakout volBreakout retestOK multiUp vol(5.39x) | VWAP: 0.82%(ABOVE slope=UP) allowedGap=2.20% | TREND: score=3 vel=0.32%/0.22%/0.22% accel=true | VOL: 4356.0000/807.5000 TO: 405543600.0000/75047815.0000 | HIGH: 93100.0000 fromHigh=0.00% | entryNo=1
2026-06-02 10:22:35 INFO  BUY_FILLED 454910 phase=HOLDING
2026-06-02 10:22:35 INFO  SELL_EXECUTED [KRX] 454910 mode=VOLUME_BREAKOUT phase=EXITING exitType=TIMESTOP price=93000.0000 qty=6 reason=TIME_STOP_SOFT pnl=-0.11% peakPnl=0.54% holdMs=13440000 high=93600.0000 avgPrice=93100.0000 weightedPnl=-0.10% (pending fill)
2026-06-02 10:22:35 INFO  SELL_FILLED_PNL 454910 reason=TIME_STOP_SOFT filledQty=6/6 fillRatio=1.00 weightedPnl=-0.10% dailyPnl=-0.10%
2026-06-02 10:22:35 INFO  SELL_FILLED 454910 reason=TIME_STOP_SOFT remainingQty=0 phase=NONE exitType=TIMESTOP
2026-06-02 10:22:35 INFO  BUY [KRX] 454910 mode=VOLUME_BREAKOUT price=93800.0000 qty=6 size=1.0000x score=95(CONV) | WHY: strongBreakout volBreakout retestOK multiUp vol(4.07x) | VWAP: 1.25%(ABOVE slope=UP) allowedGap=2.20% | TREND: score=3 vel=0.86%/0.75%/0.81% accel=true | VOL: 2874.0000/705.3000 TO: 269581200.0000/65822415.0000 | HIGH: 93800.0000 fromHigh=0.00% | entryNo=1
2026-06-02 10:22:35 INFO  BUY_FILLED 454910 phase=HOLDING
2026-06-02 10:22:35 INFO  SELL_EXECUTED [KRX] 454910 mode=VOLUME_BREAKOUT phase=EXITING exitType=TIMESTOP price=93700.0000 qty=6 reason=TIME_STOP_SOFT pnl=-0.11% peakPnl=1.60% holdMs=12420000 high=95300.0000 avgPrice=93800.0000 weightedPnl=-0.10% (pending fill)
2026-06-02 10:22:35 INFO  SELL_FILLED_PNL 454910 reason=TIME_STOP_SOFT filledQty=6/6 fillRatio=1.00 weightedPnl=-0.10% dailyPnl=-0.10%
2026-06-02 10:22:35 INFO  SELL_FILLED 454910 reason=TIME_STOP_SOFT remainingQty=0 phase=NONE exitType=TIMESTOP
2026-06-02 10:22:35 INFO  BUY [KRX] 454910 mode=VOLUME_BREAKOUT price=99800.0000 qty=4 size=0.8000x score=85(CONV) | WHY: strongBreakout volBreakout retestOK multiUp vol(2.17x) | VWAP: 1.96%(ABOVE slope=UP) allowedGap=2.20% | TREND: score=3 vel=0.60%/0.50%/0.50% accel=true | VOL: 6196.0000/2856.1500 TO: 618360800.0000/283361495.0000 | HIGH: 99800.0000 fromHigh=0.00% | entryNo=1
2026-06-02 10:22:35 INFO  BUY_FILLED 454910 phase=HOLDING
2026-06-02 10:22:35 INFO  SELL [EOD_FORCE_SELL] 454910 pnl=1.50% time=15:30
2026-06-02 10:22:35 INFO  SELL_EXECUTED [KRX] 454910 mode=VOLUME_BREAKOUT phase=EXITING exitType=TIMESTOP price=101300.0000 qty=4 reason=EOD_FORCE_SELL pnl=1.50% peakPnl=2.20% holdMs=19200000 high=102000.0000 avgPrice=99800.0000 weightedPnl=1.00% (pending fill)
2026-06-02 10:22:35 INFO  SELL_FILLED_PNL 454910 reason=EOD_FORCE_SELL filledQty=4/4 fillRatio=1.00 weightedPnl=1.00% dailyPnl=1.00%
2026-06-02 10:22:35 INFO  SELL_FILLED 454910 reason=EOD_FORCE_SELL remainingQty=0 phase=NONE exitType=TIMESTOP
2026-06-02 10:22:35 INFO  BUY [KRX] 454910 mode=VOLUME_BREAKOUT price=103000.0000 qty=4 size=0.8000x score=95(CONV) | WHY: strongBreakout volBreakout retestOK multiUp vol(2.18x) | VWAP: 1.74%(ABOVE slope=UP) allowedGap=2.20% | TREND: score=3 vel=0.39%/0.29%/0.59% accel=true | VOL: 5330.0000/2443.1000 TO: 548990000.0000/250209187.5000 | HIGH: 103000.0000 fromHigh=0.00% | entryNo=1
2026-06-02 10:22:35 INFO  BUY_FILLED 454910 phase=HOLDING
2026-06-02 10:22:35 INFO  SELL_EXECUTED [KRX] 454910 mode=VOLUME_BREAKOUT phase=EXITING exitType=VWAP_BREAK price=101500.0000 qty=4 reason=VWAP_BREAK pnl=-1.46% peakPnl=0.15% holdMs=4380000 high=103150.0000 avgPrice=103000.0000 weightedPnl=-1.00% (pending fill)
2026-06-02 10:22:35 INFO  SELL_FILLED_PNL 454910 reason=VWAP_BREAK filledQty=4/4 fillRatio=1.00 weightedPnl=-1.00% dailyPnl=-1.00%
2026-06-02 10:22:35 INFO  SELL_FILLED 454910 reason=VWAP_BREAK remainingQty=0 phase=NONE exitType=VWAP_BREAK
2026-06-02 10:22:35 INFO  BUY [KRX] 454910 mode=VOLUME_BREAKOUT price=107500.0000 qty=4 size=0.8000x score=95(CONV) | WHY: strongBreakout volBreakout retestOK multiUp vol(1.76x) | VWAP: 1.10%(ABOVE slope=UP) allowedGap=2.20% | TREND: score=3 vel=0.75%/0.66%/0.47% accel=true | VOL: 3481.0000/1976.0500 TO: 373511300.0000/209260475.0000 | HIGH: 107400.0000 fromHigh=-0.09% | entryNo=1
2026-06-02 10:22:35 INFO  BUY_FILLED 454910 phase=HOLDING
2026-06-02 10:22:35 INFO  SELL_EXECUTED [KRX] 454910 mode=VOLUME_BREAKOUT phase=EXITING exitType=VWAP_BREAK price=105300.0000 qty=4 reason=VWAP_BREAK pnl=-1.86% peakPnl=0.00% holdMs=2340000 high=107300.0000 avgPrice=107300.0000 weightedPnl=-1.33% (pending fill)
2026-06-02 10:22:35 INFO  SELL_FILLED_PNL 454910 reason=VWAP_BREAK filledQty=4/4 fillRatio=1.00 weightedPnl=-1.33% dailyPnl=-1.33%
2026-06-02 10:22:35 INFO  SELL_FILLED 454910 reason=VWAP_BREAK remainingQty=0 phase=NONE exitType=VWAP_BREAK
2026-06-02 10:22:35 INFO  BUY [KRX] 454910 mode=VOLUME_BREAKOUT price=103000.0000 qty=5 size=1.0000x score=95(CONV) | WHY: strongBreakout volBreakout retestOK multiUp vol(6.34x) | VWAP: 0.65%(ABOVE slope=UP) allowedGap=2.20% | TREND: score=3 vel=0.39%/0.29%/0.19% accel=true | VOL: 6585.0000/1039.4500 TO: 677596500.0000/106841455.0000 | HIGH: 103000.0000 fromHigh=-0.10% | entryNo=1
2026-06-02 10:22:35 INFO  BUY_FILLED 454910 phase=HOLDING
2026-06-02 10:22:35 INFO  SELL_EXECUTED [KRX] 454910 mode=VOLUME_BREAKOUT phase=EXITING exitType=VWAP_BREAK price=101600.0000 qty=5 reason=VWAP_BREAK pnl=-1.26% peakPnl=0.00% holdMs=2280000 high=102900.0000 avgPrice=102900.0000 weightedPnl=-1.08% (pending fill)
2026-06-02 10:22:35 INFO  SELL_FILLED_PNL 454910 reason=VWAP_BREAK filledQty=5/5 fillRatio=1.00 weightedPnl=-1.08% dailyPnl=-1.08%
2026-06-02 10:22:35 INFO  SELL_FILLED 454910 reason=VWAP_BREAK remainingQty=0 phase=NONE exitType=VWAP_BREAK
2026-06-02 10:22:35 INFO  BUY [KRX] 454910 mode=VOLUME_BREAKOUT price=101500.0000 qty=5 size=1.0000x score=95(CONV) | WHY: strongBreakout volBreakout retestOK multiUp vol(3.18x) | VWAP: 1.40%(ABOVE slope=UP) allowedGap=2.20% | TREND: score=3 vel=0.35%/0.25%/0.35% accel=true | VOL: 12725.0000/3999.9000 TO: 1290951250.0000/403978847.5000 | HIGH: 101500.0000 fromHigh=-0.05% | entryNo=1
2026-06-02 10:22:35 INFO  BUY_FILLED 454910 phase=HOLDING
2026-06-02 10:22:35 INFO  SELL_EXECUTED [KRX] 454910 mode=VOLUME_BREAKOUT phase=EXITING exitType=PROFIT price=105500.0000 qty=5 reason=TAKE_PROFIT_VOLUME_BREAKOUT pnl=3.89% peakPnl=3.89% holdMs=6900000 high=105400.0000 avgPrice=101450.0000 weightedPnl=3.29% (pending fill)
2026-06-02 10:22:35 INFO  SELL_FILLED_PNL 454910 reason=TAKE_PROFIT_VOLUME_BREAKOUT filledQty=5/5 fillRatio=1.00 weightedPnl=3.29% dailyPnl=3.29%
2026-06-02 10:22:35 INFO  SELL_FILLED 454910 reason=TAKE_PROFIT_VOLUME_BREAKOUT remainingQty=0 phase=NONE exitType=PROFIT
2026-06-02 10:22:35 INFO  BUY [KRX] 454910 mode=VOLUME_BREAKOUT price=109000.0000 qty=4 size=0.8000x score=90(CONV) | WHY: strongBreakout volBreakout retestOK multiUp vol(1.99x) | VWAP: 0.96%(ABOVE slope=UP) allowedGap=2.20% | TREND: score=2 vel=0.37%/0.28%/0.00% accel=true | VOL: 8642.0000/4349.5500 TO: 943706400.0000/472551525.0000 | HIGH: 109300.0000 fromHigh=-0.09% | entryNo=1
2026-06-02 10:22:35 INFO  BUY_FILLED 454910 phase=HOLDING
2026-06-02 10:22:35 INFO  SELL_EXECUTED [KRX] 454910 mode=VOLUME_BREAKOUT phase=EXITING exitType=VWAP_BREAK price=107600.0000 qty=4 reason=VWAP_BREAK pnl=-1.47% peakPnl=-0.09% holdMs=1020000 high=109100.0000 avgPrice=109200.0000 weightedPnl=-1.07% (pending fill)
2026-06-02 10:22:35 INFO  SELL_FILLED_PNL 454910 reason=VWAP_BREAK filledQty=4/4 fillRatio=1.00 weightedPnl=-1.07% dailyPnl=-1.07%
2026-06-02 10:22:35 INFO  SELL_FILLED 454910 reason=VWAP_BREAK remainingQty=0 phase=NONE exitType=VWAP_BREAK
2026-06-02 10:22:35 INFO  BUY [KRX] 454910 mode=VOLUME_BREAKOUT price=105500.0000 qty=4 size=0.8000x score=85(CONV) | WHY: strongBreakout volBreakout retestOK multiUp vol(2.07x) | VWAP: 2.09%(ABOVE slope=UP) allowedGap=2.20% | TREND: score=3 vel=0.48%/0.38%/0.29% accel=true | VOL: 7037.0000/3393.2000 TO: 741699800.0000/354722260.0000 | HIGH: 105400.0000 fromHigh=0.00% | entryNo=1
2026-06-02 10:22:35 INFO  BUY_FILLED 454910 phase=HOLDING
2026-06-02 10:22:35 INFO  SELL [BREAKEVEN_GUARD] 454910 pnl=-0.43% peakPnl=1.66% holdMs=7980000
2026-06-02 10:22:35 INFO  SELL_EXECUTED [KRX] 454910 mode=VOLUME_BREAKOUT phase=EXITING exitType=TRAIL price=104950.0000 qty=4 reason=BREAKEVEN_GUARD pnl=-0.43% peakPnl=1.66% holdMs=7980000 high=107150.0000 avgPrice=105400.0000 weightedPnl=-0.30% (pending fill)
2026-06-02 10:22:35 INFO  SELL_FILLED_PNL 454910 reason=BREAKEVEN_GUARD filledQty=4/4 fillRatio=1.00 weightedPnl=-0.30% dailyPnl=-0.30%
2026-06-02 10:22:35 INFO  SELL_FILLED 454910 reason=BREAKEVEN_GUARD remainingQty=0 phase=NONE exitType=TRAIL
2026-06-02 10:23:01 INFO  BUY amount set for 454910: 600000.00
2026-06-02 10:23:01 INFO  BUY [KRX] 454910 mode=VOLUME_BREAKOUT price=90900.0000 qty=6 size=1.0000x score=95(CONV) | WHY: strongBreakout volBreakout retestOK multiUp vol(2.60x) | VWAP: 1.09%(ABOVE slope=UP) allowedGap=2.20% | TREND: score=3 vel=0.55%/0.33%/0.66% accel=true | VOL: 1502.0000/578.0500 TO: 136531800.0000/52243050.0000 | HIGH: 90900.0000 fromHigh=0.00% | entryNo=1
2026-06-02 10:23:01 INFO  BUY_FILLED 454910 phase=HOLDING
2026-06-02 10:23:01 INFO  SELL [EOD_FORCE_SELL] 454910 pnl=-0.22% time=15:30
2026-06-02 10:23:01 INFO  SELL_EXECUTED [KRX] 454910 mode=VOLUME_BREAKOUT phase=EXITING exitType=TIMESTOP price=90700.0000 qty=6 reason=EOD_FORCE_SELL pnl=-0.22% peakPnl=0.11% holdMs=780000 high=91000.0000 avgPrice=90900.0000 weightedPnl=-0.20% (pending fill)
2026-06-02 10:23:01 INFO  SELL_FILLED_PNL 454910 reason=EOD_FORCE_SELL filledQty=6/6 fillRatio=1.00 weightedPnl=-0.20% dailyPnl=-0.20%
2026-06-02 10:23:01 INFO  SELL_FILLED 454910 reason=EOD_FORCE_SELL remainingQty=0 phase=NONE exitType=TIMESTOP
2026-06-02 10:23:01 INFO  BUY [KRX] 454910 mode=VOLUME_BREAKOUT price=88400.0000 qty=6 size=1.0000x score=95(CONV) | WHY: strongBreakout volBreakout retestOK multiUp vol(7.28x) | VWAP: 0.49%(ABOVE slope=UP) allowedGap=2.20% | TREND: score=3 vel=0.34%/0.23%/0.23% accel=true | VOL: 3252.0000/446.5000 TO: 287476800.0000/39404670.0000 | HIGH: 88400.0000 fromHigh=0.00% | entryNo=1
2026-06-02 10:23:01 INFO  BUY_FILLED 454910 phase=HOLDING
2026-06-02 10:23:01 INFO  SELL [EOD_FORCE_SELL] 454910 pnl=0.45% time=15:30
2026-06-02 10:23:01 INFO  SELL_EXECUTED [KRX] 454910 mode=VOLUME_BREAKOUT phase=EXITING exitType=TIMESTOP price=88800.0000 qty=6 reason=EOD_FORCE_SELL pnl=0.45% peakPnl=0.45% holdMs=5280000 high=88800.0000 avgPrice=88400.0000 weightedPnl=0.40% (pending fill)
2026-06-02 10:23:01 INFO  SELL_FILLED_PNL 454910 reason=EOD_FORCE_SELL filledQty=6/6 fillRatio=1.00 weightedPnl=0.40% dailyPnl=0.40%
2026-06-02 10:23:01 INFO  SELL_FILLED 454910 reason=EOD_FORCE_SELL remainingQty=0 phase=NONE exitType=TIMESTOP
2026-06-02 10:23:01 INFO  BUY [KRX] 454910 mode=VOLUME_BREAKOUT price=93100.0000 qty=6 size=1.0000x score=95(CONV) | WHY: strongBreakout volBreakout retestOK multiUp vol(5.39x) | VWAP: 0.82%(ABOVE slope=UP) allowedGap=2.20% | TREND: score=3 vel=0.32%/0.22%/0.22% accel=true | VOL: 4356.0000/807.5000 TO: 405543600.0000/75047815.0000 | HIGH: 93100.0000 fromHigh=0.00% | entryNo=1
2026-06-02 10:23:01 INFO  BUY_FILLED 454910 phase=HOLDING
2026-06-02 10:23:01 INFO  SELL_EXECUTED [KRX] 454910 mode=VOLUME_BREAKOUT phase=EXITING exitType=VWAP_BREAK price=92700.0000 qty=6 reason=VWAP_BREAK pnl=-0.43% peakPnl=0.54% holdMs=13680000 high=93600.0000 avgPrice=93100.0000 weightedPnl=-0.40% (pending fill)
2026-06-02 10:23:01 INFO  SELL_FILLED_PNL 454910 reason=VWAP_BREAK filledQty=6/6 fillRatio=1.00 weightedPnl=-0.40% dailyPnl=-0.40%
2026-06-02 10:23:01 INFO  SELL_FILLED 454910 reason=VWAP_BREAK remainingQty=0 phase=NONE exitType=VWAP_BREAK
2026-06-02 10:23:01 INFO  BUY [KRX] 454910 mode=VOLUME_BREAKOUT price=93800.0000 qty=6 size=1.0000x score=95(CONV) | WHY: strongBreakout volBreakout retestOK multiUp vol(4.07x) | VWAP: 1.25%(ABOVE slope=UP) allowedGap=2.20% | TREND: score=3 vel=0.86%/0.75%/0.81% accel=true | VOL: 2874.0000/705.3000 TO: 269581200.0000/65822415.0000 | HIGH: 93800.0000 fromHigh=0.00% | entryNo=1
2026-06-02 10:23:01 INFO  BUY_FILLED 454910 phase=HOLDING
2026-06-02 10:23:01 INFO  SELL [EOD_FORCE_SELL] 454910 pnl=0.32% time=15:30
2026-06-02 10:23:01 INFO  SELL_EXECUTED [KRX] 454910 mode=VOLUME_BREAKOUT phase=EXITING exitType=TIMESTOP price=94100.0000 qty=6 reason=EOD_FORCE_SELL pnl=0.32% peakPnl=1.60% holdMs=13860000 high=95300.0000 avgPrice=93800.0000 weightedPnl=0.30% (pending fill)
2026-06-02 10:23:01 INFO  SELL_FILLED_PNL 454910 reason=EOD_FORCE_SELL filledQty=6/6 fillRatio=1.00 weightedPnl=0.30% dailyPnl=0.30%
2026-06-02 10:23:01 INFO  SELL_FILLED 454910 reason=EOD_FORCE_SELL remainingQty=0 phase=NONE exitType=TIMESTOP
2026-06-02 10:23:01 INFO  BUY [KRX] 454910 mode=VOLUME_BREAKOUT price=99800.0000 qty=4 size=0.8000x score=85(CONV) | WHY: strongBreakout volBreakout retestOK multiUp vol(2.17x) | VWAP: 1.96%(ABOVE slope=UP) allowedGap=2.20% | TREND: score=3 vel=0.60%/0.50%/0.50% accel=true | VOL: 6196.0000/2856.1500 TO: 618360800.0000/283361495.0000 | HIGH: 99800.0000 fromHigh=0.00% | entryNo=1
2026-06-02 10:23:01 INFO  BUY_FILLED 454910 phase=HOLDING
2026-06-02 10:23:01 INFO  SELL [EOD_FORCE_SELL] 454910 pnl=1.50% time=15:30
2026-06-02 10:23:01 INFO  SELL_EXECUTED [KRX] 454910 mode=VOLUME_BREAKOUT phase=EXITING exitType=TIMESTOP price=101300.0000 qty=4 reason=EOD_FORCE_SELL pnl=1.50% peakPnl=2.20% holdMs=19200000 high=102000.0000 avgPrice=99800.0000 weightedPnl=1.00% (pending fill)
2026-06-02 10:23:01 INFO  SELL_FILLED_PNL 454910 reason=EOD_FORCE_SELL filledQty=4/4 fillRatio=1.00 weightedPnl=1.00% dailyPnl=1.00%
2026-06-02 10:23:01 INFO  SELL_FILLED 454910 reason=EOD_FORCE_SELL remainingQty=0 phase=NONE exitType=TIMESTOP
2026-06-02 10:23:01 INFO  BUY [KRX] 454910 mode=VOLUME_BREAKOUT price=103000.0000 qty=4 size=0.8000x score=95(CONV) | WHY: strongBreakout volBreakout retestOK multiUp vol(2.18x) | VWAP: 1.74%(ABOVE slope=UP) allowedGap=2.20% | TREND: score=3 vel=0.39%/0.29%/0.59% accel=true | VOL: 5330.0000/2443.1000 TO: 548990000.0000/250209187.5000 | HIGH: 103000.0000 fromHigh=0.00% | entryNo=1
2026-06-02 10:23:01 INFO  BUY_FILLED 454910 phase=HOLDING
2026-06-02 10:23:01 INFO  SELL_EXECUTED [KRX] 454910 mode=VOLUME_BREAKOUT phase=EXITING exitType=VWAP_BREAK price=101500.0000 qty=4 reason=VWAP_BREAK pnl=-1.46% peakPnl=0.15% holdMs=4380000 high=103150.0000 avgPrice=103000.0000 weightedPnl=-1.00% (pending fill)
2026-06-02 10:23:01 INFO  SELL_FILLED_PNL 454910 reason=VWAP_BREAK filledQty=4/4 fillRatio=1.00 weightedPnl=-1.00% dailyPnl=-1.00%
2026-06-02 10:23:01 INFO  SELL_FILLED 454910 reason=VWAP_BREAK remainingQty=0 phase=NONE exitType=VWAP_BREAK
2026-06-02 10:23:01 INFO  BUY [KRX] 454910 mode=VOLUME_BREAKOUT price=107500.0000 qty=4 size=0.8000x score=95(CONV) | WHY: strongBreakout volBreakout retestOK multiUp vol(1.76x) | VWAP: 1.10%(ABOVE slope=UP) allowedGap=2.20% | TREND: score=3 vel=0.75%/0.66%/0.47% accel=true | VOL: 3481.0000/1976.0500 TO: 373511300.0000/209260475.0000 | HIGH: 107400.0000 fromHigh=-0.09% | entryNo=1
2026-06-02 10:23:01 INFO  BUY_FILLED 454910 phase=HOLDING
2026-06-02 10:23:01 INFO  SELL_EXECUTED [KRX] 454910 mode=VOLUME_BREAKOUT phase=EXITING exitType=VWAP_BREAK price=105300.0000 qty=4 reason=VWAP_BREAK pnl=-1.86% peakPnl=0.00% holdMs=2340000 high=107300.0000 avgPrice=107300.0000 weightedPnl=-1.33% (pending fill)
2026-06-02 10:23:01 INFO  SELL_FILLED_PNL 454910 reason=VWAP_BREAK filledQty=4/4 fillRatio=1.00 weightedPnl=-1.33% dailyPnl=-1.33%
2026-06-02 10:23:01 INFO  SELL_FILLED 454910 reason=VWAP_BREAK remainingQty=0 phase=NONE exitType=VWAP_BREAK
2026-06-02 10:23:01 INFO  BUY [KRX] 454910 mode=VOLUME_BREAKOUT price=103000.0000 qty=5 size=1.0000x score=95(CONV) | WHY: strongBreakout volBreakout retestOK multiUp vol(6.34x) | VWAP: 0.65%(ABOVE slope=UP) allowedGap=2.20% | TREND: score=3 vel=0.39%/0.29%/0.19% accel=true | VOL: 6585.0000/1039.4500 TO: 677596500.0000/106841455.0000 | HIGH: 103000.0000 fromHigh=-0.10% | entryNo=1
2026-06-02 10:23:01 INFO  BUY_FILLED 454910 phase=HOLDING
2026-06-02 10:23:01 INFO  SELL_EXECUTED [KRX] 454910 mode=VOLUME_BREAKOUT phase=EXITING exitType=VWAP_BREAK price=101600.0000 qty=5 reason=VWAP_BREAK pnl=-1.26% peakPnl=0.00% holdMs=2280000 high=102900.0000 avgPrice=102900.0000 weightedPnl=-1.08% (pending fill)
2026-06-02 10:23:01 INFO  SELL_FILLED_PNL 454910 reason=VWAP_BREAK filledQty=5/5 fillRatio=1.00 weightedPnl=-1.08% dailyPnl=-1.08%
2026-06-02 10:23:01 INFO  SELL_FILLED 454910 reason=VWAP_BREAK remainingQty=0 phase=NONE exitType=VWAP_BREAK
2026-06-02 10:23:01 INFO  BUY [KRX] 454910 mode=VOLUME_BREAKOUT price=101500.0000 qty=5 size=1.0000x score=95(CONV) | WHY: strongBreakout volBreakout retestOK multiUp vol(3.18x) | VWAP: 1.40%(ABOVE slope=UP) allowedGap=2.20% | TREND: score=3 vel=0.35%/0.25%/0.35% accel=true | VOL: 12725.0000/3999.9000 TO: 1290951250.0000/403978847.5000 | HIGH: 101500.0000 fromHigh=-0.05% | entryNo=1
2026-06-02 10:23:01 INFO  BUY_FILLED 454910 phase=HOLDING
2026-06-02 10:23:01 INFO  SELL_EXECUTED [KRX] 454910 mode=VOLUME_BREAKOUT phase=EXITING exitType=PROFIT price=105500.0000 qty=5 reason=TAKE_PROFIT_VOLUME_BREAKOUT pnl=3.89% peakPnl=3.89% holdMs=6900000 high=105400.0000 avgPrice=101450.0000 weightedPnl=3.29% (pending fill)
2026-06-02 10:23:01 INFO  SELL_FILLED_PNL 454910 reason=TAKE_PROFIT_VOLUME_BREAKOUT filledQty=5/5 fillRatio=1.00 weightedPnl=3.29% dailyPnl=3.29%
2026-06-02 10:23:01 INFO  SELL_FILLED 454910 reason=TAKE_PROFIT_VOLUME_BREAKOUT remainingQty=0 phase=NONE exitType=PROFIT
2026-06-02 10:23:01 INFO  BUY [KRX] 454910 mode=VOLUME_BREAKOUT price=109000.0000 qty=4 size=0.8000x score=90(CONV) | WHY: strongBreakout volBreakout retestOK multiUp vol(1.99x) | VWAP: 0.96%(ABOVE slope=UP) allowedGap=2.20% | TREND: score=2 vel=0.37%/0.28%/0.00% accel=true | VOL: 8642.0000/4349.5500 TO: 943706400.0000/472551525.0000 | HIGH: 109300.0000 fromHigh=-0.09% | entryNo=1
2026-06-02 10:23:01 INFO  BUY_FILLED 454910 phase=HOLDING
2026-06-02 10:23:01 INFO  SELL_EXECUTED [KRX] 454910 mode=VOLUME_BREAKOUT phase=EXITING exitType=VWAP_BREAK price=107600.0000 qty=4 reason=VWAP_BREAK pnl=-1.47% peakPnl=-0.09% holdMs=1020000 high=109100.0000 avgPrice=109200.0000 weightedPnl=-1.07% (pending fill)
2026-06-02 10:23:01 INFO  SELL_FILLED_PNL 454910 reason=VWAP_BREAK filledQty=4/4 fillRatio=1.00 weightedPnl=-1.07% dailyPnl=-1.07%
2026-06-02 10:23:01 INFO  SELL_FILLED 454910 reason=VWAP_BREAK remainingQty=0 phase=NONE exitType=VWAP_BREAK
2026-06-02 10:23:01 INFO  BUY [KRX] 454910 mode=VOLUME_BREAKOUT price=105500.0000 qty=4 size=0.8000x score=85(CONV) | WHY: strongBreakout volBreakout retestOK multiUp vol(2.07x) | VWAP: 2.09%(ABOVE slope=UP) allowedGap=2.20% | TREND: score=3 vel=0.48%/0.38%/0.29% accel=true | VOL: 7037.0000/3393.2000 TO: 741699800.0000/354722260.0000 | HIGH: 105400.0000 fromHigh=0.00% | entryNo=1
2026-06-02 10:23:01 INFO  BUY_FILLED 454910 phase=HOLDING
2026-06-02 10:23:01 INFO  SELL [BREAKEVEN_GUARD] 454910 pnl=-0.43% peakPnl=1.66% holdMs=7980000
2026-06-02 10:23:01 INFO  SELL_EXECUTED [KRX] 454910 mode=VOLUME_BREAKOUT phase=EXITING exitType=TRAIL price=104950.0000 qty=4 reason=BREAKEVEN_GUARD pnl=-0.43% peakPnl=1.66% holdMs=7980000 high=107150.0000 avgPrice=105400.0000 weightedPnl=-0.30% (pending fill)
2026-06-02 10:23:01 INFO  SELL_FILLED_PNL 454910 reason=BREAKEVEN_GUARD filledQty=4/4 fillRatio=1.00 weightedPnl=-0.30% dailyPnl=-0.30%
2026-06-02 10:23:01 INFO  SELL_FILLED 454910 reason=BREAKEVEN_GUARD remainingQty=0 phase=NONE exitType=TRAIL
2026-06-02 10:25:04 INFO  BUY amount set for 454910: 600000.00
2026-06-02 10:25:04 INFO  BUY [KRX] 454910 mode=VOLUME_BREAKOUT price=90900.0000 qty=6 size=1.0000x score=95(CONV) | WHY: strongBreakout volBreakout retestOK multiUp vol(2.60x) | VWAP: 1.09%(ABOVE slope=UP) allowedGap=2.20% | TREND: score=3 vel=0.55%/0.33%/0.66% accel=true | VOL: 1502.0000/578.0500 TO: 136531800.0000/52243050.0000 | HIGH: 90900.0000 fromHigh=0.00% | entryNo=1
2026-06-02 10:25:04 INFO  BUY_FILLED 454910 phase=HOLDING
2026-06-02 10:25:04 INFO  SELL [EOD_FORCE_SELL] 454910 pnl=-0.22% time=15:30
2026-06-02 10:25:04 INFO  SELL_EXECUTED [KRX] 454910 mode=VOLUME_BREAKOUT phase=EXITING exitType=TIMESTOP price=90700.0000 qty=6 reason=EOD_FORCE_SELL pnl=-0.22% peakPnl=0.11% holdMs=780000 high=91000.0000 avgPrice=90900.0000 weightedPnl=-0.20% (pending fill)
2026-06-02 10:25:04 INFO  SELL_FILLED_PNL 454910 reason=EOD_FORCE_SELL filledQty=6/6 fillRatio=1.00 weightedPnl=-0.20% dailyPnl=-0.20%
2026-06-02 10:25:04 INFO  SELL_FILLED 454910 reason=EOD_FORCE_SELL remainingQty=0 phase=NONE exitType=TIMESTOP
2026-06-02 10:25:04 INFO  BUY [KRX] 454910 mode=VOLUME_BREAKOUT price=88400.0000 qty=6 size=1.0000x score=95(CONV) | WHY: strongBreakout volBreakout retestOK multiUp vol(7.28x) | VWAP: 0.49%(ABOVE slope=UP) allowedGap=2.20% | TREND: score=3 vel=0.34%/0.23%/0.23% accel=true | VOL: 3252.0000/446.5000 TO: 287476800.0000/39404670.0000 | HIGH: 88400.0000 fromHigh=0.00% | entryNo=1
2026-06-02 10:25:04 INFO  BUY_FILLED 454910 phase=HOLDING
2026-06-02 10:25:04 INFO  SELL [EOD_FORCE_SELL] 454910 pnl=0.45% time=15:30
2026-06-02 10:25:04 INFO  SELL_EXECUTED [KRX] 454910 mode=VOLUME_BREAKOUT phase=EXITING exitType=TIMESTOP price=88800.0000 qty=6 reason=EOD_FORCE_SELL pnl=0.45% peakPnl=0.45% holdMs=5280000 high=88800.0000 avgPrice=88400.0000 weightedPnl=0.40% (pending fill)
2026-06-02 10:25:04 INFO  SELL_FILLED_PNL 454910 reason=EOD_FORCE_SELL filledQty=6/6 fillRatio=1.00 weightedPnl=0.40% dailyPnl=0.40%
2026-06-02 10:25:04 INFO  SELL_FILLED 454910 reason=EOD_FORCE_SELL remainingQty=0 phase=NONE exitType=TIMESTOP
2026-06-02 10:25:04 INFO  BUY [KRX] 454910 mode=VOLUME_BREAKOUT price=93100.0000 qty=6 size=1.0000x score=95(CONV) | WHY: strongBreakout volBreakout retestOK multiUp vol(5.39x) | VWAP: 0.82%(ABOVE slope=UP) allowedGap=2.20% | TREND: score=3 vel=0.32%/0.22%/0.22% accel=true | VOL: 4356.0000/807.5000 TO: 405543600.0000/75047815.0000 | HIGH: 93100.0000 fromHigh=0.00% | entryNo=1
2026-06-02 10:25:04 INFO  BUY_FILLED 454910 phase=HOLDING
2026-06-02 10:25:04 INFO  SELL_EXECUTED [KRX] 454910 mode=VOLUME_BREAKOUT phase=EXITING exitType=VWAP_BREAK price=92700.0000 qty=6 reason=VWAP_BREAK pnl=-0.43% peakPnl=0.54% holdMs=13680000 high=93600.0000 avgPrice=93100.0000 weightedPnl=-0.40% (pending fill)
2026-06-02 10:25:04 INFO  SELL_FILLED_PNL 454910 reason=VWAP_BREAK filledQty=6/6 fillRatio=1.00 weightedPnl=-0.40% dailyPnl=-0.40%
2026-06-02 10:25:04 INFO  SELL_FILLED 454910 reason=VWAP_BREAK remainingQty=0 phase=NONE exitType=VWAP_BREAK
2026-06-02 10:25:04 INFO  BUY [KRX] 454910 mode=VOLUME_BREAKOUT price=93800.0000 qty=6 size=1.0000x score=95(CONV) | WHY: strongBreakout volBreakout retestOK multiUp vol(4.07x) | VWAP: 1.25%(ABOVE slope=UP) allowedGap=2.20% | TREND: score=3 vel=0.86%/0.75%/0.81% accel=true | VOL: 2874.0000/705.3000 TO: 269581200.0000/65822415.0000 | HIGH: 93800.0000 fromHigh=0.00% | entryNo=1
2026-06-02 10:25:04 INFO  BUY_FILLED 454910 phase=HOLDING
2026-06-02 10:25:04 INFO  SELL [EOD_FORCE_SELL] 454910 pnl=0.32% time=15:30
2026-06-02 10:25:04 INFO  SELL_EXECUTED [KRX] 454910 mode=VOLUME_BREAKOUT phase=EXITING exitType=TIMESTOP price=94100.0000 qty=6 reason=EOD_FORCE_SELL pnl=0.32% peakPnl=1.60% holdMs=13860000 high=95300.0000 avgPrice=93800.0000 weightedPnl=0.30% (pending fill)
2026-06-02 10:25:04 INFO  SELL_FILLED_PNL 454910 reason=EOD_FORCE_SELL filledQty=6/6 fillRatio=1.00 weightedPnl=0.30% dailyPnl=0.30%
2026-06-02 10:25:04 INFO  SELL_FILLED 454910 reason=EOD_FORCE_SELL remainingQty=0 phase=NONE exitType=TIMESTOP
2026-06-02 10:25:04 INFO  BUY [KRX] 454910 mode=VOLUME_BREAKOUT price=99800.0000 qty=4 size=0.8000x score=85(CONV) | WHY: strongBreakout volBreakout retestOK multiUp vol(2.17x) | VWAP: 1.96%(ABOVE slope=UP) allowedGap=2.20% | TREND: score=3 vel=0.60%/0.50%/0.50% accel=true | VOL: 6196.0000/2856.1500 TO: 618360800.0000/283361495.0000 | HIGH: 99800.0000 fromHigh=0.00% | entryNo=1
2026-06-02 10:25:04 INFO  BUY_FILLED 454910 phase=HOLDING
2026-06-02 10:25:04 INFO  SELL [EOD_FORCE_SELL] 454910 pnl=1.50% time=15:30
2026-06-02 10:25:04 INFO  SELL_EXECUTED [KRX] 454910 mode=VOLUME_BREAKOUT phase=EXITING exitType=TIMESTOP price=101300.0000 qty=4 reason=EOD_FORCE_SELL pnl=1.50% peakPnl=2.20% holdMs=19200000 high=102000.0000 avgPrice=99800.0000 weightedPnl=1.00% (pending fill)
2026-06-02 10:25:04 INFO  SELL_FILLED_PNL 454910 reason=EOD_FORCE_SELL filledQty=4/4 fillRatio=1.00 weightedPnl=1.00% dailyPnl=1.00%
2026-06-02 10:25:04 INFO  SELL_FILLED 454910 reason=EOD_FORCE_SELL remainingQty=0 phase=NONE exitType=TIMESTOP
2026-06-02 10:25:05 INFO  BUY [KRX] 454910 mode=VOLUME_BREAKOUT price=103000.0000 qty=4 size=0.8000x score=95(CONV) | WHY: strongBreakout volBreakout retestOK multiUp vol(2.18x) | VWAP: 1.74%(ABOVE slope=UP) allowedGap=2.20% | TREND: score=3 vel=0.39%/0.29%/0.59% accel=true | VOL: 5330.0000/2443.1000 TO: 548990000.0000/250209187.5000 | HIGH: 103000.0000 fromHigh=0.00% | entryNo=1
2026-06-02 10:25:05 INFO  BUY_FILLED 454910 phase=HOLDING
2026-06-02 10:25:05 INFO  SELL_EXECUTED [KRX] 454910 mode=VOLUME_BREAKOUT phase=EXITING exitType=VWAP_BREAK price=101500.0000 qty=4 reason=VWAP_BREAK pnl=-1.46% peakPnl=0.15% holdMs=4380000 high=103150.0000 avgPrice=103000.0000 weightedPnl=-1.00% (pending fill)
2026-06-02 10:25:05 INFO  SELL_FILLED_PNL 454910 reason=VWAP_BREAK filledQty=4/4 fillRatio=1.00 weightedPnl=-1.00% dailyPnl=-1.00%
2026-06-02 10:25:05 INFO  SELL_FILLED 454910 reason=VWAP_BREAK remainingQty=0 phase=NONE exitType=VWAP_BREAK
2026-06-02 10:25:05 INFO  BUY [KRX] 454910 mode=VOLUME_BREAKOUT price=107500.0000 qty=4 size=0.8000x score=95(CONV) | WHY: strongBreakout volBreakout retestOK multiUp vol(1.76x) | VWAP: 1.10%(ABOVE slope=UP) allowedGap=2.20% | TREND: score=3 vel=0.75%/0.66%/0.47% accel=true | VOL: 3481.0000/1976.0500 TO: 373511300.0000/209260475.0000 | HIGH: 107400.0000 fromHigh=-0.09% | entryNo=1
2026-06-02 10:25:05 INFO  BUY_FILLED 454910 phase=HOLDING
2026-06-02 10:25:05 INFO  SELL_EXECUTED [KRX] 454910 mode=VOLUME_BREAKOUT phase=EXITING exitType=VWAP_BREAK price=105300.0000 qty=4 reason=VWAP_BREAK pnl=-1.86% peakPnl=0.00% holdMs=2340000 high=107300.0000 avgPrice=107300.0000 weightedPnl=-1.33% (pending fill)
2026-06-02 10:25:05 INFO  SELL_FILLED_PNL 454910 reason=VWAP_BREAK filledQty=4/4 fillRatio=1.00 weightedPnl=-1.33% dailyPnl=-1.33%
2026-06-02 10:25:05 INFO  SELL_FILLED 454910 reason=VWAP_BREAK remainingQty=0 phase=NONE exitType=VWAP_BREAK
2026-06-02 10:25:05 INFO  BUY [KRX] 454910 mode=VOLUME_BREAKOUT price=103000.0000 qty=5 size=1.0000x score=95(CONV) | WHY: strongBreakout volBreakout retestOK multiUp vol(6.34x) | VWAP: 0.65%(ABOVE slope=UP) allowedGap=2.20% | TREND: score=3 vel=0.39%/0.29%/0.19% accel=true | VOL: 6585.0000/1039.4500 TO: 677596500.0000/106841455.0000 | HIGH: 103000.0000 fromHigh=-0.10% | entryNo=1
2026-06-02 10:25:05 INFO  BUY_FILLED 454910 phase=HOLDING
2026-06-02 10:25:05 INFO  SELL_EXECUTED [KRX] 454910 mode=VOLUME_BREAKOUT phase=EXITING exitType=VWAP_BREAK price=101600.0000 qty=5 reason=VWAP_BREAK pnl=-1.26% peakPnl=0.00% holdMs=2280000 high=102900.0000 avgPrice=102900.0000 weightedPnl=-1.08% (pending fill)
2026-06-02 10:25:05 INFO  SELL_FILLED_PNL 454910 reason=VWAP_BREAK filledQty=5/5 fillRatio=1.00 weightedPnl=-1.08% dailyPnl=-1.08%
2026-06-02 10:25:05 INFO  SELL_FILLED 454910 reason=VWAP_BREAK remainingQty=0 phase=NONE exitType=VWAP_BREAK
2026-06-02 10:25:05 INFO  BUY [KRX] 454910 mode=VOLUME_BREAKOUT price=101500.0000 qty=5 size=1.0000x score=95(CONV) | WHY: strongBreakout volBreakout retestOK multiUp vol(3.18x) | VWAP: 1.40%(ABOVE slope=UP) allowedGap=2.20% | TREND: score=3 vel=0.35%/0.25%/0.35% accel=true | VOL: 12725.0000/3999.9000 TO: 1290951250.0000/403978847.5000 | HIGH: 101500.0000 fromHigh=-0.05% | entryNo=1
2026-06-02 10:25:05 INFO  BUY_FILLED 454910 phase=HOLDING
2026-06-02 10:25:05 INFO  SELL_EXECUTED [KRX] 454910 mode=VOLUME_BREAKOUT phase=EXITING exitType=PROFIT price=105500.0000 qty=5 reason=TAKE_PROFIT_VOLUME_BREAKOUT pnl=3.89% peakPnl=3.89% holdMs=6900000 high=105400.0000 avgPrice=101450.0000 weightedPnl=3.29% (pending fill)
2026-06-02 10:25:05 INFO  SELL_FILLED_PNL 454910 reason=TAKE_PROFIT_VOLUME_BREAKOUT filledQty=5/5 fillRatio=1.00 weightedPnl=3.29% dailyPnl=3.29%
2026-06-02 10:25:05 INFO  SELL_FILLED 454910 reason=TAKE_PROFIT_VOLUME_BREAKOUT remainingQty=0 phase=NONE exitType=PROFIT
2026-06-02 10:25:05 INFO  BUY [KRX] 454910 mode=VOLUME_BREAKOUT price=109000.0000 qty=4 size=0.8000x score=90(CONV) | WHY: strongBreakout volBreakout retestOK multiUp vol(1.99x) | VWAP: 0.96%(ABOVE slope=UP) allowedGap=2.20% | TREND: score=2 vel=0.37%/0.28%/0.00% accel=true | VOL: 8642.0000/4349.5500 TO: 943706400.0000/472551525.0000 | HIGH: 109300.0000 fromHigh=-0.09% | entryNo=1
2026-06-02 10:25:05 INFO  BUY_FILLED 454910 phase=HOLDING
2026-06-02 10:25:05 INFO  SELL_EXECUTED [KRX] 454910 mode=VOLUME_BREAKOUT phase=EXITING exitType=VWAP_BREAK price=107600.0000 qty=4 reason=VWAP_BREAK pnl=-1.47% peakPnl=-0.09% holdMs=1020000 high=109100.0000 avgPrice=109200.0000 weightedPnl=-1.07% (pending fill)
2026-06-02 10:25:05 INFO  SELL_FILLED_PNL 454910 reason=VWAP_BREAK filledQty=4/4 fillRatio=1.00 weightedPnl=-1.07% dailyPnl=-1.07%
2026-06-02 10:25:05 INFO  SELL_FILLED 454910 reason=VWAP_BREAK remainingQty=0 phase=NONE exitType=VWAP_BREAK
2026-06-02 10:25:05 INFO  BUY [KRX] 454910 mode=VOLUME_BREAKOUT price=105500.0000 qty=4 size=0.8000x score=85(CONV) | WHY: strongBreakout volBreakout retestOK multiUp vol(2.07x) | VWAP: 2.09%(ABOVE slope=UP) allowedGap=2.20% | TREND: score=3 vel=0.48%/0.38%/0.29% accel=true | VOL: 7037.0000/3393.2000 TO: 741699800.0000/354722260.0000 | HIGH: 105400.0000 fromHigh=0.00% | entryNo=1
2026-06-02 10:25:05 INFO  BUY_FILLED 454910 phase=HOLDING
2026-06-02 10:25:05 INFO  SELL [BREAKEVEN_GUARD] 454910 pnl=-0.43% peakPnl=1.66% holdMs=7980000
2026-06-02 10:25:05 INFO  SELL_EXECUTED [KRX] 454910 mode=VOLUME_BREAKOUT phase=EXITING exitType=TRAIL price=104950.0000 qty=4 reason=BREAKEVEN_GUARD pnl=-0.43% peakPnl=1.66% holdMs=7980000 high=107150.0000 avgPrice=105400.0000 weightedPnl=-0.30% (pending fill)
2026-06-02 10:25:05 INFO  SELL_FILLED_PNL 454910 reason=BREAKEVEN_GUARD filledQty=4/4 fillRatio=1.00 weightedPnl=-0.30% dailyPnl=-0.30%
2026-06-02 10:25:05 INFO  SELL_FILLED 454910 reason=BREAKEVEN_GUARD remainingQty=0 phase=NONE exitType=TRAIL
2026-06-02 10:37:35 INFO  BUY amount set for 242040: 600000.00
2026-06-02 10:37:36 INFO  BUY [KRX] 242040 mode=BREAKOUT price=4440.0000 qty=108 size=0.8000x score=85(CONV) | WHY: strongBreakout retestOK multiUp vol(1.52x) | VWAP: 0.79%(ABOVE slope=UP) allowedGap=2.20% | TREND: score=3 vel=1.49%/1.25%/1.37% accel=true | VOL: 13003.0000/8576.5000 TO: 57733320.0000/37694668.0000 | HIGH: 4440.0000 fromHigh=0.00% | entryNo=1
2026-06-02 10:37:36 INFO  BUY_FILLED 242040 phase=HOLDING
2026-06-02 10:37:36 INFO  SELL_EXECUTED [KRX] 242040 mode=BREAKOUT phase=EXITING exitType=TIMESTOP price=4435.0000 qty=108 reason=TIME_STOP_SOFT pnl=-0.11% peakPnl=1.35% holdMs=1260000 high=4500.0000 avgPrice=4440.0000 weightedPnl=-0.09% (pending fill)
2026-06-02 10:37:36 INFO  SELL_FILLED_PNL 242040 reason=TIME_STOP_SOFT filledQty=108/108 fillRatio=1.00 weightedPnl=-0.09% dailyPnl=-0.09%
2026-06-02 10:37:36 INFO  SELL_FILLED 242040 reason=TIME_STOP_SOFT remainingQty=0 phase=NONE exitType=TIMESTOP
2026-06-02 10:38:15 INFO  BUY amount set for 242040: 600000.00
2026-06-02 10:38:15 INFO  BUY [KRX] 242040 mode=VOLUME_BREAKOUT price=7280.0000 qty=82 size=1.0000x score=95(CONV) | WHY: strongBreakout volBreakout retestOK multiUp vol(6.78x) | VWAP: 0.74%(ABOVE slope=UP) allowedGap=2.20% | TREND: score=3 vel=0.55%/0.41%/0.41% accel=true | VOL: 32903.0000/4852.5500 TO: 239533840.0000/35209467.5000 | HIGH: 7280.0000 fromHigh=0.00% | entryNo=1
2026-06-02 10:38:15 INFO  BUY_FILLED 242040 phase=HOLDING
2026-06-02 10:38:15 INFO  SELL_EXECUTED [KRX] 242040 mode=VOLUME_BREAKOUT phase=EXITING exitType=TIMESTOP price=7260.0000 qty=82 reason=TIME_STOP_SOFT pnl=-0.27% peakPnl=0.82% holdMs=1200000 high=7340.0000 avgPrice=7280.0000 weightedPnl=-0.27% (pending fill)
2026-06-02 10:38:15 INFO  SELL_FILLED_PNL 242040 reason=TIME_STOP_SOFT filledQty=82/82 fillRatio=1.00 weightedPnl=-0.27% dailyPnl=-0.27%
2026-06-02 10:38:15 INFO  SELL_FILLED 242040 reason=TIME_STOP_SOFT remainingQty=0 phase=NONE exitType=TIMESTOP
2026-06-02 10:38:15 INFO  BUY [KRX] 242040 mode=PULLBACK price=6050.0000 qty=119 size=1.2000x score=90(CONV) | WHY: zone(-1.63%fromHigh) vel+ priceAboveAvg vol(1.95x) | VWAP: 0.66%(ABOVE slope=UP) allowedGap=1.00% | TREND: score=3 vel=1.85%/1.34%/0.33% accel=true | VOL: 37503.0000/19248.7143 TO: 226893150.0000/115692700.7143 | HIGH: 6150.0000 fromHigh=-1.63% | entryNo=1
2026-06-02 10:38:15 INFO  BUY_FILLED 242040 phase=HOLDING
2026-06-02 10:38:15 INFO  SELL [BREAKEVEN_GUARD] 242040 pnl=-0.66% peakPnl=1.32% holdMs=660000
2026-06-02 10:38:15 INFO  SELL_EXECUTED [KRX] 242040 mode=PULLBACK phase=EXITING exitType=TRAIL price=6010.0000 qty=119 reason=BREAKEVEN_GUARD pnl=-0.66% peakPnl=1.32% holdMs=660000 high=6130.0000 avgPrice=6050.0000 weightedPnl=-0.79% (pending fill)
2026-06-02 10:38:15 INFO  SELL_FILLED_PNL 242040 reason=BREAKEVEN_GUARD filledQty=119/119 fillRatio=1.00 weightedPnl=-0.79% dailyPnl=-0.79%
2026-06-02 10:38:15 INFO  SELL_FILLED 242040 reason=BREAKEVEN_GUARD remainingQty=0 phase=NONE exitType=TRAIL
2026-06-02 10:38:15 INFO  BUY [KRX] 242040 mode=VOLUME_BREAKOUT price=5820.0000 qty=103 size=1.0000x score=95(CONV) | WHY: strongBreakout volBreakout retestOK multiUp vol(2.55x) | VWAP: 1.00%(ABOVE slope=UP) allowedGap=2.20% | TREND: score=3 vel=2.65%/2.11%/1.57% accel=true | VOL: 77066.0000/30213.1500 TO: 448524120.0000/171811659.7500 | HIGH: 5820.0000 fromHigh=0.00% | entryNo=1
2026-06-02 10:38:15 INFO  BUY_FILLED 242040 phase=HOLDING
2026-06-02 10:38:15 INFO  SELL_EXECUTED [KRX] 242040 mode=VOLUME_BREAKOUT phase=EXITING exitType=STOPLOSS price=5740.0000 qty=103 reason=FAILED_BREAKOUT pnl=-1.37% peakPnl=-0.86% holdMs=180000 high=5770.0000 avgPrice=5820.0000 weightedPnl=-1.37% (pending fill)
2026-06-02 10:38:15 INFO  SELL_FILLED_PNL 242040 reason=FAILED_BREAKOUT filledQty=103/103 fillRatio=1.00 weightedPnl=-1.37% dailyPnl=-1.37%
2026-06-02 10:38:15 INFO  SELL_FILLED 242040 reason=FAILED_BREAKOUT remainingQty=0 phase=NONE exitType=STOPLOSS
2026-06-02 10:38:16 INFO  BUY [KRX] 242040 mode=VOLUME_BREAKOUT price=4720.0000 qty=101 size=0.8000x score=95(CONV) | WHY: strongBreakout volBreakout retestOK multiUp vol(1.98x) | VWAP: 1.57%(ABOVE slope=UP) allowedGap=2.20% | TREND: score=3 vel=0.43%/0.32%/0.21% accel=true | VOL: 24724.0000/12457.0500 TO: 116697280.0000/58413467.7500 | HIGH: 4720.0000 fromHigh=0.00% | entryNo=1
2026-06-02 10:38:16 INFO  BUY_FILLED 242040 phase=HOLDING
2026-06-02 10:38:16 INFO  SELL_EXECUTED [KRX] 242040 mode=VOLUME_BREAKOUT phase=EXITING exitType=STOPLOSS price=4610.0000 qty=101 reason=STOP_LOSS_VOLUME_BREAKOUT pnl=-2.33% peakPnl=-0.11% holdMs=660000 high=4715.0000 avgPrice=4720.0000 weightedPnl=-1.85% (pending fill)
2026-06-02 10:38:16 INFO  SELL_FILLED_PNL 242040 reason=STOP_LOSS_VOLUME_BREAKOUT filledQty=101/101 fillRatio=1.00 weightedPnl=-1.85% dailyPnl=-1.85%
2026-06-02 10:38:16 INFO  SELL_FILLED 242040 reason=STOP_LOSS_VOLUME_BREAKOUT remainingQty=0 phase=NONE exitType=STOPLOSS
2026-06-02 10:38:16 INFO  BUY [KRX] 242040 mode=BREAKOUT price=4440.0000 qty=108 size=0.8000x score=85(CONV) | WHY: strongBreakout retestOK multiUp vol(1.52x) | VWAP: 0.79%(ABOVE slope=UP) allowedGap=2.20% | TREND: score=3 vel=1.49%/1.25%/1.37% accel=true | VOL: 13003.0000/8576.5000 TO: 57733320.0000/37694668.0000 | HIGH: 4440.0000 fromHigh=0.00% | entryNo=1
2026-06-02 10:38:16 INFO  BUY_FILLED 242040 phase=HOLDING
2026-06-02 10:38:16 INFO  SELL_EXECUTED [KRX] 242040 mode=BREAKOUT phase=EXITING exitType=TIMESTOP price=4435.0000 qty=108 reason=TIME_STOP_SOFT pnl=-0.11% peakPnl=1.35% holdMs=1260000 high=4500.0000 avgPrice=4440.0000 weightedPnl=-0.09% (pending fill)
2026-06-02 10:38:16 INFO  SELL_FILLED_PNL 242040 reason=TIME_STOP_SOFT filledQty=108/108 fillRatio=1.00 weightedPnl=-0.09% dailyPnl=-0.09%
2026-06-02 10:38:16 INFO  SELL_FILLED 242040 reason=TIME_STOP_SOFT remainingQty=0 phase=NONE exitType=TIMESTOP
2026-06-02 10:40:22 INFO  BUY amount set for 100790: 600000.00
2026-06-02 10:40:23 INFO  BUY [KRX] 100790 mode=VOLUME_BREAKOUT price=20600.0000 qty=23 size=0.8000x score=95(CONV) | WHY: strongBreakout volBreakout retestOK multiUp vol(2.10x) | VWAP: 1.41%(ABOVE slope=UP) allowedGap=2.20% | TREND: score=3 vel=1.23%/0.98%/0.73% accel=true | VOL: 5048.0000/2402.4500 TO: 103988800.0000/49029770.0000 | HIGH: 20600.0000 fromHigh=0.00% | entryNo=1
2026-06-02 10:40:23 INFO  BUY_FILLED 100790 phase=HOLDING
2026-06-02 10:40:23 INFO  SELL_EXECUTED [KRX] 100790 mode=VOLUME_BREAKOUT phase=EXITING exitType=TIMESTOP price=20550.0000 qty=23 reason=TIME_STOP_SOFT pnl=-0.24% peakPnl=0.97% holdMs=1440000 high=20800.0000 avgPrice=20600.0000 weightedPnl=-0.19% (pending fill)
2026-06-02 10:40:23 INFO  SELL_FILLED_PNL 100790 reason=TIME_STOP_SOFT filledQty=23/23 fillRatio=1.00 weightedPnl=-0.19% dailyPnl=-0.19%
2026-06-02 10:40:23 INFO  SELL_FILLED 100790 reason=TIME_STOP_SOFT remainingQty=0 phase=NONE exitType=TIMESTOP
2026-06-02 10:40:23 INFO  BUY [KRX] 100790 mode=PULLBACK price=23150.0000 qty=38 size=1.5000x score=90(CONV) | WHY: zone(-1.49%fromHigh) vel+ avgCross priceAboveAvg vol(5.97x) | VWAP: 0.59%(ABOVE slope=UP) allowedGap=1.00% | TREND: score=3 vel=0.43%/0.22%/0.43% accel=true | VOL: 89781.0000/15047.8000 TO: 2078430150.0000/344426487.5000 | HIGH: 23500.0000 fromHigh=-1.49% | entryNo=1
2026-06-02 10:40:23 INFO  BUY_FILLED 100790 phase=HOLDING
2026-06-02 10:40:23 INFO  SELL_EXECUTED [KRX] 100790 mode=PULLBACK phase=EXITING exitType=STOPLOSS price=22950.0000 qty=38 reason=FAILED_PULLBACK pnl=-0.86% peakPnl=-0.65% holdMs=120000 high=23000.0000 avgPrice=23150.0000 weightedPnl=-1.27% (pending fill)
2026-06-02 10:40:23 INFO  SELL_FILLED_PNL 100790 reason=FAILED_PULLBACK filledQty=38/38 fillRatio=1.00 weightedPnl=-1.27% dailyPnl=-1.27%
2026-06-02 10:40:23 INFO  SELL_FILLED 100790 reason=FAILED_PULLBACK remainingQty=0 phase=NONE exitType=STOPLOSS
2026-06-02 10:40:23 INFO  BUY [KRX] 100790 mode=VOLUME_BREAKOUT price=23250.0000 qty=25 size=1.0000x score=95(CONV) | WHY: strongBreakout volBreakout retestOK multiUp vol(5.99x) | VWAP: 1.02%(ABOVE slope=UP) allowedGap=2.20% | TREND: score=3 vel=0.65%/0.43%/0.43% accel=true | VOL: 36221.0000/6049.4500 TO: 842138250.0000/139828327.5000 | HIGH: 23250.0000 fromHigh=0.00% | entryNo=2
2026-06-02 10:40:23 INFO  BUY_FILLED 100790 phase=HOLDING
2026-06-02 10:40:23 INFO  SELL [BREAKEVEN_GUARD] 100790 pnl=-0.43% peakPnl=2.37% holdMs=2400000
2026-06-02 10:40:23 INFO  SELL_EXECUTED [KRX] 100790 mode=VOLUME_BREAKOUT phase=EXITING exitType=TRAIL price=23150.0000 qty=25 reason=BREAKEVEN_GUARD pnl=-0.43% peakPnl=2.37% holdMs=2400000 high=23800.0000 avgPrice=23250.0000 weightedPnl=-0.42% (pending fill)
2026-06-02 10:40:23 INFO  SELL_FILLED_PNL 100790 reason=BREAKEVEN_GUARD filledQty=25/25 fillRatio=1.00 weightedPnl=-0.42% dailyPnl=-1.68%
2026-06-02 10:40:23 INFO  SELL_FILLED 100790 reason=BREAKEVEN_GUARD remainingQty=0 phase=NONE exitType=TRAIL
2026-06-02 10:40:23 INFO  BUY [KRX] 100790 mode=VOLUME_BREAKOUT price=24000.0000 qty=25 size=1.0000x score=95(CONV) | WHY: strongBreakout volBreakout retestOK multiUp vol(3.33x) | VWAP: 0.75%(ABOVE slope=UP) allowedGap=2.20% | TREND: score=3 vel=0.84%/0.63%/0.42% accel=true | VOL: 13492.0000/4054.0000 TO: 323808000.0000/96938757.5000 | HIGH: 24000.0000 fromHigh=0.00% | entryNo=1
2026-06-02 10:40:23 INFO  BUY_FILLED 100790 phase=HOLDING
2026-06-02 10:40:23 INFO  SELL [EOD_FORCE_SELL] 100790 pnl=0.21% time=15:30
2026-06-02 10:40:23 INFO  SELL_EXECUTED [KRX] 100790 mode=VOLUME_BREAKOUT phase=EXITING exitType=TIMESTOP price=24050.0000 qty=25 reason=EOD_FORCE_SELL pnl=0.21% peakPnl=0.63% holdMs=2460000 high=24150.0000 avgPrice=24000.0000 weightedPnl=0.21% (pending fill)
2026-06-02 10:40:23 INFO  SELL_FILLED_PNL 100790 reason=EOD_FORCE_SELL filledQty=25/25 fillRatio=1.00 weightedPnl=0.21% dailyPnl=0.21%
2026-06-02 10:40:23 INFO  SELL_FILLED 100790 reason=EOD_FORCE_SELL remainingQty=0 phase=NONE exitType=TIMESTOP
2026-06-02 10:40:23 INFO  BUY [KRX] 100790 mode=VOLUME_BREAKOUT price=28700.0000 qty=20 size=1.0000x score=95(CONV) | WHY: strongBreakout volBreakout retestOK multiUp vol(5.47x) | VWAP: 1.39%(ABOVE slope=UP) allowedGap=2.20% | TREND: score=3 vel=1.77%/1.59%/1.95% accel=true | VOL: 46922.0000/8576.8500 TO: 1346661400.0000/242413751.2500 | HIGH: 28700.0000 fromHigh=0.00% | entryNo=1
2026-06-02 10:40:23 INFO  BUY_FILLED 100790 phase=HOLDING
2026-06-02 10:40:23 INFO  SELL_EXECUTED [KRX] 100790 mode=VOLUME_BREAKOUT phase=EXITING exitType=PROFIT price=29750.0000 qty=20 reason=TAKE_PROFIT_VOLUME_BREAKOUT pnl=3.66% peakPnl=3.66% holdMs=1200000 high=29750.0000 avgPrice=28700.0000 weightedPnl=3.50% (pending fill)
2026-06-02 10:40:23 INFO  SELL_FILLED_PNL 100790 reason=TAKE_PROFIT_VOLUME_BREAKOUT filledQty=20/20 fillRatio=1.00 weightedPnl=3.50% dailyPnl=3.50%
2026-06-02 10:40:23 INFO  SELL_FILLED 100790 reason=TAKE_PROFIT_VOLUME_BREAKOUT remainingQty=0 phase=NONE exitType=PROFIT
2026-06-02 10:40:23 INFO  BUY [KRX] 100790 mode=VOLUME_BREAKOUT price=29600.0000 qty=16 size=0.8000x score=95(CONV) | WHY: strongBreakout volBreakout retestOK multiUp vol(1.61x) | VWAP: 1.39%(ABOVE slope=UP) allowedGap=2.20% | TREND: score=3 vel=0.34%/0.17%/0.34% accel=true | VOL: 15386.0000/9546.1500 TO: 455425600.0000/281045972.5000 | HIGH: 29600.0000 fromHigh=0.00% | entryNo=1
2026-06-02 10:40:23 INFO  BUY_FILLED 100790 phase=HOLDING
2026-06-02 10:40:23 INFO  SELL [EOD_FORCE_SELL] 100790 pnl=0.17% time=15:30
2026-06-02 10:40:23 INFO  SELL_EXECUTED [KRX] 100790 mode=VOLUME_BREAKOUT phase=EXITING exitType=TIMESTOP price=29650.0000 qty=16 reason=EOD_FORCE_SELL pnl=0.17% peakPnl=0.17% holdMs=720000 high=29650.0000 avgPrice=29600.0000 weightedPnl=0.13% (pending fill)
2026-06-02 10:40:23 INFO  SELL_FILLED_PNL 100790 reason=EOD_FORCE_SELL filledQty=16/16 fillRatio=1.00 weightedPnl=0.13% dailyPnl=0.13%
2026-06-02 10:40:23 INFO  SELL_FILLED 100790 reason=EOD_FORCE_SELL remainingQty=0 phase=NONE exitType=TIMESTOP
2026-06-02 10:40:23 INFO  BUY [KRX] 100790 mode=VOLUME_BREAKOUT price=29200.0000 qty=20 size=1.0000x score=95(CONV) | WHY: strongBreakout volBreakout retestOK multiUp vol(4.86x) | VWAP: 1.70%(ABOVE slope=UP) allowedGap=2.20% | TREND: score=3 vel=0.69%/0.52%/0.52% accel=true | VOL: 20191.0000/4150.9500 TO: 589577200.0000/120583757.5000 | HIGH: 29200.0000 fromHigh=0.00% | entryNo=1
2026-06-02 10:40:23 INFO  BUY_FILLED 100790 phase=HOLDING
2026-06-02 10:40:23 INFO  SELL_EXECUTED [KRX] 100790 mode=VOLUME_BREAKOUT phase=EXITING exitType=STOPLOSS price=28300.0000 qty=20 reason=STOP_LOSS_VOLUME_BREAKOUT pnl=-3.08% peakPnl=2.91% holdMs=240000 high=30050.0000 avgPrice=29200.0000 weightedPnl=-3.00% (pending fill)
2026-06-02 10:40:23 INFO  SELL_FILLED_PNL 100790 reason=STOP_LOSS_VOLUME_BREAKOUT filledQty=20/20 fillRatio=1.00 weightedPnl=-3.00% dailyPnl=-3.00%
2026-06-02 10:40:23 INFO  SELL_FILLED 100790 reason=STOP_LOSS_VOLUME_BREAKOUT remainingQty=0 phase=NONE exitType=STOPLOSS
2026-06-02 10:40:23 INFO  BUY [KRX] 100790 mode=VOLUME_BREAKOUT price=59600.0000 qty=10 size=1.0000x score=95(CONV) | WHY: strongBreakout volBreakout retestOK multiUp vol(2.50x) | VWAP: 1.39%(ABOVE slope=UP) allowedGap=2.20% | TREND: score=3 vel=0.76%/0.51%/0.85% accel=true | VOL: 20690.0000/8285.0000 TO: 1233124000.0000/489194037.5000 | HIGH: 59600.0000 fromHigh=0.00% | entryNo=1
2026-06-02 10:40:23 INFO  BUY_FILLED 100790 phase=HOLDING
2026-06-02 10:40:23 INFO  SELL_EXECUTED [KRX] 100790 mode=VOLUME_BREAKOUT phase=EXITING exitType=TIMESTOP price=59100.0000 qty=10 reason=TIME_STOP_SOFT pnl=-0.84% peakPnl=-0.17% holdMs=1200000 high=59500.0000 avgPrice=59600.0000 weightedPnl=-0.83% (pending fill)
2026-06-02 10:40:23 INFO  SELL_FILLED_PNL 100790 reason=TIME_STOP_SOFT filledQty=10/10 fillRatio=1.00 weightedPnl=-0.83% dailyPnl=-0.83%
2026-06-02 10:40:23 INFO  SELL_FILLED 100790 reason=TIME_STOP_SOFT remainingQty=0 phase=NONE exitType=TIMESTOP
2026-06-02 10:40:23 INFO  BUY [KRX] 100790 mode=VOLUME_BREAKOUT price=53400.0000 qty=11 size=1.0000x score=95(CONV) | WHY: strongBreakout volBreakout retestOK multiUp vol(5.65x) | VWAP: 1.52%(ABOVE slope=UP) allowedGap=2.20% | TREND: score=3 vel=0.56%/0.38%/0.56% accel=true | VOL: 13537.0000/2396.3500 TO: 722875800.0000/127390875.0000 | HIGH: 53400.0000 fromHigh=0.00% | entryNo=1
2026-06-02 10:40:23 INFO  BUY_FILLED 100790 phase=HOLDING
2026-06-02 10:40:23 INFO  SELL_EXECUTED [KRX] 100790 mode=VOLUME_BREAKOUT phase=EXITING exitType=PROFIT price=55300.0000 qty=11 reason=TAKE_PROFIT_VOLUME_BREAKOUT pnl=3.56% peakPnl=3.56% holdMs=480000 high=55300.0000 avgPrice=53400.0000 weightedPnl=3.48% (pending fill)
2026-06-02 10:40:23 INFO  SELL_FILLED_PNL 100790 reason=TAKE_PROFIT_VOLUME_BREAKOUT filledQty=11/11 fillRatio=1.00 weightedPnl=3.48% dailyPnl=3.48%
2026-06-02 10:40:23 INFO  SELL_FILLED 100790 reason=TAKE_PROFIT_VOLUME_BREAKOUT remainingQty=0 phase=NONE exitType=PROFIT
2026-06-02 10:40:23 INFO  BUY [KRX] 100790 mode=VOLUME_BREAKOUT price=56400.0000 qty=10 size=1.0000x score=95(CONV) | WHY: strongBreakout volBreakout retestOK multiUp vol(2.72x) | VWAP: 1.42%(ABOVE slope=UP) allowedGap=2.20% | TREND: score=3 vel=1.08%/0.89%/0.80% accel=true | VOL: 13197.0000/4845.8500 TO: 744310800.0000/270963552.5000 | HIGH: 56400.0000 fromHigh=0.00% | entryNo=1
2026-06-02 10:40:23 INFO  BUY_FILLED 100790 phase=HOLDING
2026-06-02 10:40:23 INFO  SELL_EXECUTED [KRX] 100790 mode=VOLUME_BREAKOUT phase=EXITING exitType=TIMESTOP price=55650.0000 qty=10 reason=TIME_STOP_SOFT pnl=-1.33% peakPnl=0.00% holdMs=1200000 high=56400.0000 avgPrice=56400.0000 weightedPnl=-1.25% (pending fill)
2026-06-02 10:40:23 INFO  SELL_FILLED_PNL 100790 reason=TIME_STOP_SOFT filledQty=10/10 fillRatio=1.00 weightedPnl=-1.25% dailyPnl=-1.25%
2026-06-02 10:40:23 INFO  SELL_FILLED 100790 reason=TIME_STOP_SOFT remainingQty=0 phase=NONE exitType=TIMESTOP
2026-06-02 10:40:23 INFO  BUY [KRX] 100790 mode=VOLUME_BREAKOUT price=62500.0000 qty=9 size=1.0000x score=95(CONV) | WHY: strongBreakout volBreakout retestOK multiUp vol(3.28x) | VWAP: 0.88%(ABOVE slope=UP) allowedGap=2.20% | TREND: score=3 vel=0.32%/0.16%/0.16% accel=true | VOL: 19812.0000/6042.4500 TO: 1238250000.0000/377099842.5000 | HIGH: 62500.0000 fromHigh=0.00% | entryNo=1
2026-06-02 10:40:23 INFO  BUY_FILLED 100790 phase=HOLDING
2026-06-02 10:40:23 INFO  SELL [EOD_FORCE_SELL] 100790 pnl=0.00% time=15:30
2026-06-02 10:40:23 INFO  SELL_EXECUTED [KRX] 100790 mode=VOLUME_BREAKOUT phase=EXITING exitType=TIMESTOP price=62500.0000 qty=9 reason=EOD_FORCE_SELL pnl=0.00% peakPnl=0.00% holdMs=780000 high=62500.0000 avgPrice=62500.0000 weightedPnl=0.00% (pending fill)
2026-06-02 10:40:23 INFO  SELL_FILLED 100790 reason=EOD_FORCE_SELL remainingQty=0 phase=NONE exitType=TIMESTOP
2026-06-02 10:40:23 INFO  BUY [KRX] 100790 mode=VOLUME_BREAKOUT price=61600.0000 qty=9 size=1.0000x score=95(CONV) | WHY: strongBreakout volBreakout retestOK multiUp vol(2.83x) | VWAP: 0.93%(ABOVE slope=UP) allowedGap=2.20% | TREND: score=3 vel=0.82%/0.74%/0.65% accel=true | VOL: 8198.0000/2893.7000 TO: 504996800.0000/177253892.5000 | HIGH: 61600.0000 fromHigh=0.00% | entryNo=1
2026-06-02 10:40:23 INFO  BUY_FILLED 100790 phase=HOLDING
2026-06-02 10:40:23 INFO  SELL_EXECUTED [KRX] 100790 mode=VOLUME_BREAKOUT phase=EXITING exitType=VWAP_BREAK price=60700.0000 qty=9 reason=VWAP_BREAK pnl=-1.46% peakPnl=-0.16% holdMs=1080000 high=61500.0000 avgPrice=61600.0000 weightedPnl=-1.35% (pending fill)
2026-06-02 10:40:23 INFO  SELL_FILLED_PNL 100790 reason=VWAP_BREAK filledQty=9/9 fillRatio=1.00 weightedPnl=-1.35% dailyPnl=-1.35%
2026-06-02 10:40:23 INFO  SELL_FILLED 100790 reason=VWAP_BREAK remainingQty=0 phase=NONE exitType=VWAP_BREAK
2026-06-02 10:40:23 INFO  BUY [KRX] 100790 mode=VOLUME_BREAKOUT price=63600.0000 qty=7 size=0.8000x score=95(CONV) | WHY: strongBreakout volBreakout retestOK multiUp vol(2.17x) | VWAP: 1.79%(ABOVE slope=UP) allowedGap=2.20% | TREND: score=3 vel=2.25%/1.92%/1.76% accel=true | VOL: 50611.0000/23312.4500 TO: 3218859600.0000/1442962050.0000 | HIGH: 63600.0000 fromHigh=0.00% | entryNo=1
2026-06-02 10:40:23 INFO  BUY_FILLED 100790 phase=HOLDING
2026-06-02 10:40:23 INFO  SELL_EXECUTED [KRX] 100790 mode=VOLUME_BREAKOUT phase=EXITING exitType=STOPLOSS price=61900.0000 qty=7 reason=STOP_LOSS_VOLUME_BREAKOUT pnl=-2.67% peakPnl=-0.79% holdMs=120000 high=63100.0000 avgPrice=63600.0000 weightedPnl=-1.98% (pending fill)
2026-06-02 10:40:23 INFO  SELL_FILLED_PNL 100790 reason=STOP_LOSS_VOLUME_BREAKOUT filledQty=7/7 fillRatio=1.00 weightedPnl=-1.98% dailyPnl=-1.98%
2026-06-02 10:40:23 INFO  SELL_FILLED 100790 reason=STOP_LOSS_VOLUME_BREAKOUT remainingQty=0 phase=NONE exitType=STOPLOSS
2026-06-02 10:40:58 INFO  BUY amount set for 100790: 600000.00
2026-06-02 10:40:58 INFO  BUY [KRX] 100790 mode=VOLUME_BREAKOUT price=20600.0000 qty=23 size=0.8000x score=95(CONV) | WHY: strongBreakout volBreakout retestOK multiUp vol(2.10x) | VWAP: 1.41%(ABOVE slope=UP) allowedGap=2.20% | TREND: score=3 vel=1.23%/0.98%/0.73% accel=true | VOL: 5048.0000/2402.4500 TO: 103988800.0000/49029770.0000 | HIGH: 20600.0000 fromHigh=0.00% | entryNo=1
2026-06-02 10:40:58 INFO  BUY_FILLED 100790 phase=HOLDING
2026-06-02 10:40:58 INFO  SELL_EXECUTED [KRX] 100790 mode=VOLUME_BREAKOUT phase=EXITING exitType=TIMESTOP price=20550.0000 qty=23 reason=TIME_STOP_SOFT pnl=-0.24% peakPnl=0.97% holdMs=1440000 high=20800.0000 avgPrice=20600.0000 weightedPnl=-0.19% (pending fill)
2026-06-02 10:40:58 INFO  SELL_FILLED_PNL 100790 reason=TIME_STOP_SOFT filledQty=23/23 fillRatio=1.00 weightedPnl=-0.19% dailyPnl=-0.19%
2026-06-02 10:40:58 INFO  SELL_FILLED 100790 reason=TIME_STOP_SOFT remainingQty=0 phase=NONE exitType=TIMESTOP
2026-06-02 10:40:58 INFO  BUY [KRX] 100790 mode=PULLBACK price=23150.0000 qty=38 size=1.5000x score=90(CONV) | WHY: zone(-1.49%fromHigh) vel+ avgCross priceAboveAvg vol(5.97x) | VWAP: 0.59%(ABOVE slope=UP) allowedGap=1.00% | TREND: score=3 vel=0.43%/0.22%/0.43% accel=true | VOL: 89781.0000/15047.8000 TO: 2078430150.0000/344426487.5000 | HIGH: 23500.0000 fromHigh=-1.49% | entryNo=1
2026-06-02 10:40:58 INFO  BUY_FILLED 100790 phase=HOLDING
2026-06-02 10:40:58 INFO  SELL_EXECUTED [KRX] 100790 mode=PULLBACK phase=EXITING exitType=STOPLOSS price=22950.0000 qty=38 reason=FAILED_PULLBACK pnl=-0.86% peakPnl=-0.65% holdMs=120000 high=23000.0000 avgPrice=23150.0000 weightedPnl=-1.27% (pending fill)
2026-06-02 10:40:58 INFO  SELL_FILLED_PNL 100790 reason=FAILED_PULLBACK filledQty=38/38 fillRatio=1.00 weightedPnl=-1.27% dailyPnl=-1.27%
2026-06-02 10:40:58 INFO  SELL_FILLED 100790 reason=FAILED_PULLBACK remainingQty=0 phase=NONE exitType=STOPLOSS
2026-06-02 10:40:58 INFO  BUY [KRX] 100790 mode=VOLUME_BREAKOUT price=23250.0000 qty=25 size=1.0000x score=95(CONV) | WHY: strongBreakout volBreakout retestOK multiUp vol(5.99x) | VWAP: 1.02%(ABOVE slope=UP) allowedGap=2.20% | TREND: score=3 vel=0.65%/0.43%/0.43% accel=true | VOL: 36221.0000/6049.4500 TO: 842138250.0000/139828327.5000 | HIGH: 23250.0000 fromHigh=0.00% | entryNo=2
2026-06-02 10:40:58 INFO  BUY_FILLED 100790 phase=HOLDING
2026-06-02 10:40:58 INFO  SELL [BREAKEVEN_GUARD] 100790 pnl=-0.43% peakPnl=2.37% holdMs=2400000
2026-06-02 10:40:58 INFO  SELL_EXECUTED [KRX] 100790 mode=VOLUME_BREAKOUT phase=EXITING exitType=TRAIL price=23150.0000 qty=25 reason=BREAKEVEN_GUARD pnl=-0.43% peakPnl=2.37% holdMs=2400000 high=23800.0000 avgPrice=23250.0000 weightedPnl=-0.42% (pending fill)
2026-06-02 10:40:58 INFO  SELL_FILLED_PNL 100790 reason=BREAKEVEN_GUARD filledQty=25/25 fillRatio=1.00 weightedPnl=-0.42% dailyPnl=-1.68%
2026-06-02 10:40:58 INFO  SELL_FILLED 100790 reason=BREAKEVEN_GUARD remainingQty=0 phase=NONE exitType=TRAIL
2026-06-02 10:40:58 INFO  BUY [KRX] 100790 mode=VOLUME_BREAKOUT price=24000.0000 qty=25 size=1.0000x score=95(CONV) | WHY: strongBreakout volBreakout retestOK multiUp vol(3.33x) | VWAP: 0.75%(ABOVE slope=UP) allowedGap=2.20% | TREND: score=3 vel=0.84%/0.63%/0.42% accel=true | VOL: 13492.0000/4054.0000 TO: 323808000.0000/96938757.5000 | HIGH: 24000.0000 fromHigh=0.00% | entryNo=1
2026-06-02 10:40:58 INFO  BUY_FILLED 100790 phase=HOLDING
2026-06-02 10:40:58 INFO  SELL [EOD_FORCE_SELL] 100790 pnl=0.21% time=15:30
2026-06-02 10:40:58 INFO  SELL_EXECUTED [KRX] 100790 mode=VOLUME_BREAKOUT phase=EXITING exitType=TIMESTOP price=24050.0000 qty=25 reason=EOD_FORCE_SELL pnl=0.21% peakPnl=0.63% holdMs=2460000 high=24150.0000 avgPrice=24000.0000 weightedPnl=0.21% (pending fill)
2026-06-02 10:40:58 INFO  SELL_FILLED_PNL 100790 reason=EOD_FORCE_SELL filledQty=25/25 fillRatio=1.00 weightedPnl=0.21% dailyPnl=0.21%
2026-06-02 10:40:58 INFO  SELL_FILLED 100790 reason=EOD_FORCE_SELL remainingQty=0 phase=NONE exitType=TIMESTOP
2026-06-02 10:40:58 INFO  BUY [KRX] 100790 mode=VOLUME_BREAKOUT price=28700.0000 qty=20 size=1.0000x score=95(CONV) | WHY: strongBreakout volBreakout retestOK multiUp vol(5.47x) | VWAP: 1.39%(ABOVE slope=UP) allowedGap=2.20% | TREND: score=3 vel=1.77%/1.59%/1.95% accel=true | VOL: 46922.0000/8576.8500 TO: 1346661400.0000/242413751.2500 | HIGH: 28700.0000 fromHigh=0.00% | entryNo=1
2026-06-02 10:40:58 INFO  BUY_FILLED 100790 phase=HOLDING
2026-06-02 10:40:58 INFO  SELL_EXECUTED [KRX] 100790 mode=VOLUME_BREAKOUT phase=EXITING exitType=PROFIT price=29750.0000 qty=20 reason=TAKE_PROFIT_VOLUME_BREAKOUT pnl=3.66% peakPnl=3.66% holdMs=1200000 high=29750.0000 avgPrice=28700.0000 weightedPnl=3.50% (pending fill)
2026-06-02 10:40:58 INFO  SELL_FILLED_PNL 100790 reason=TAKE_PROFIT_VOLUME_BREAKOUT filledQty=20/20 fillRatio=1.00 weightedPnl=3.50% dailyPnl=3.50%
2026-06-02 10:40:58 INFO  SELL_FILLED 100790 reason=TAKE_PROFIT_VOLUME_BREAKOUT remainingQty=0 phase=NONE exitType=PROFIT
2026-06-02 10:40:59 INFO  BUY [KRX] 100790 mode=VOLUME_BREAKOUT price=29600.0000 qty=16 size=0.8000x score=95(CONV) | WHY: strongBreakout volBreakout retestOK multiUp vol(1.61x) | VWAP: 1.39%(ABOVE slope=UP) allowedGap=2.20% | TREND: score=3 vel=0.34%/0.17%/0.34% accel=true | VOL: 15386.0000/9546.1500 TO: 455425600.0000/281045972.5000 | HIGH: 29600.0000 fromHigh=0.00% | entryNo=1
2026-06-02 10:40:59 INFO  BUY_FILLED 100790 phase=HOLDING
2026-06-02 10:40:59 INFO  SELL [EOD_FORCE_SELL] 100790 pnl=0.17% time=15:30
2026-06-02 10:40:59 INFO  SELL_EXECUTED [KRX] 100790 mode=VOLUME_BREAKOUT phase=EXITING exitType=TIMESTOP price=29650.0000 qty=16 reason=EOD_FORCE_SELL pnl=0.17% peakPnl=0.17% holdMs=720000 high=29650.0000 avgPrice=29600.0000 weightedPnl=0.13% (pending fill)
2026-06-02 10:40:59 INFO  SELL_FILLED_PNL 100790 reason=EOD_FORCE_SELL filledQty=16/16 fillRatio=1.00 weightedPnl=0.13% dailyPnl=0.13%
2026-06-02 10:40:59 INFO  SELL_FILLED 100790 reason=EOD_FORCE_SELL remainingQty=0 phase=NONE exitType=TIMESTOP
2026-06-02 10:40:59 INFO  BUY [KRX] 100790 mode=VOLUME_BREAKOUT price=29200.0000 qty=20 size=1.0000x score=95(CONV) | WHY: strongBreakout volBreakout retestOK multiUp vol(4.86x) | VWAP: 1.70%(ABOVE slope=UP) allowedGap=2.20% | TREND: score=3 vel=0.69%/0.52%/0.52% accel=true | VOL: 20191.0000/4150.9500 TO: 589577200.0000/120583757.5000 | HIGH: 29200.0000 fromHigh=0.00% | entryNo=1
2026-06-02 10:40:59 INFO  BUY_FILLED 100790 phase=HOLDING
2026-06-02 10:40:59 INFO  SELL_EXECUTED [KRX] 100790 mode=VOLUME_BREAKOUT phase=EXITING exitType=STOPLOSS price=28300.0000 qty=20 reason=STOP_LOSS_VOLUME_BREAKOUT pnl=-3.08% peakPnl=2.91% holdMs=240000 high=30050.0000 avgPrice=29200.0000 weightedPnl=-3.00% (pending fill)
2026-06-02 10:40:59 INFO  SELL_FILLED_PNL 100790 reason=STOP_LOSS_VOLUME_BREAKOUT filledQty=20/20 fillRatio=1.00 weightedPnl=-3.00% dailyPnl=-3.00%
2026-06-02 10:40:59 INFO  SELL_FILLED 100790 reason=STOP_LOSS_VOLUME_BREAKOUT remainingQty=0 phase=NONE exitType=STOPLOSS
2026-06-02 10:40:59 INFO  BUY [KRX] 100790 mode=VOLUME_BREAKOUT price=59600.0000 qty=10 size=1.0000x score=95(CONV) | WHY: strongBreakout volBreakout retestOK multiUp vol(2.50x) | VWAP: 1.39%(ABOVE slope=UP) allowedGap=2.20% | TREND: score=3 vel=0.76%/0.51%/0.85% accel=true | VOL: 20690.0000/8285.0000 TO: 1233124000.0000/489194037.5000 | HIGH: 59600.0000 fromHigh=0.00% | entryNo=1
2026-06-02 10:40:59 INFO  BUY_FILLED 100790 phase=HOLDING
2026-06-02 10:40:59 INFO  SELL_EXECUTED [KRX] 100790 mode=VOLUME_BREAKOUT phase=EXITING exitType=TIMESTOP price=59100.0000 qty=10 reason=TIME_STOP_SOFT pnl=-0.84% peakPnl=-0.17% holdMs=1200000 high=59500.0000 avgPrice=59600.0000 weightedPnl=-0.83% (pending fill)
2026-06-02 10:40:59 INFO  SELL_FILLED_PNL 100790 reason=TIME_STOP_SOFT filledQty=10/10 fillRatio=1.00 weightedPnl=-0.83% dailyPnl=-0.83%
2026-06-02 10:40:59 INFO  SELL_FILLED 100790 reason=TIME_STOP_SOFT remainingQty=0 phase=NONE exitType=TIMESTOP
2026-06-02 10:40:59 INFO  BUY [KRX] 100790 mode=VOLUME_BREAKOUT price=53400.0000 qty=11 size=1.0000x score=95(CONV) | WHY: strongBreakout volBreakout retestOK multiUp vol(5.65x) | VWAP: 1.52%(ABOVE slope=UP) allowedGap=2.20% | TREND: score=3 vel=0.56%/0.38%/0.56% accel=true | VOL: 13537.0000/2396.3500 TO: 722875800.0000/127390875.0000 | HIGH: 53400.0000 fromHigh=0.00% | entryNo=1
2026-06-02 10:40:59 INFO  BUY_FILLED 100790 phase=HOLDING
2026-06-02 10:40:59 INFO  SELL_EXECUTED [KRX] 100790 mode=VOLUME_BREAKOUT phase=EXITING exitType=PROFIT price=55300.0000 qty=11 reason=TAKE_PROFIT_VOLUME_BREAKOUT pnl=3.56% peakPnl=3.56% holdMs=480000 high=55300.0000 avgPrice=53400.0000 weightedPnl=3.48% (pending fill)
2026-06-02 10:40:59 INFO  SELL_FILLED_PNL 100790 reason=TAKE_PROFIT_VOLUME_BREAKOUT filledQty=11/11 fillRatio=1.00 weightedPnl=3.48% dailyPnl=3.48%
2026-06-02 10:40:59 INFO  SELL_FILLED 100790 reason=TAKE_PROFIT_VOLUME_BREAKOUT remainingQty=0 phase=NONE exitType=PROFIT
2026-06-02 10:40:59 INFO  BUY [KRX] 100790 mode=VOLUME_BREAKOUT price=56400.0000 qty=10 size=1.0000x score=95(CONV) | WHY: strongBreakout volBreakout retestOK multiUp vol(2.72x) | VWAP: 1.42%(ABOVE slope=UP) allowedGap=2.20% | TREND: score=3 vel=1.08%/0.89%/0.80% accel=true | VOL: 13197.0000/4845.8500 TO: 744310800.0000/270963552.5000 | HIGH: 56400.0000 fromHigh=0.00% | entryNo=1
2026-06-02 10:40:59 INFO  BUY_FILLED 100790 phase=HOLDING
2026-06-02 10:40:59 INFO  SELL_EXECUTED [KRX] 100790 mode=VOLUME_BREAKOUT phase=EXITING exitType=TIMESTOP price=55650.0000 qty=10 reason=TIME_STOP_SOFT pnl=-1.33% peakPnl=0.00% holdMs=1200000 high=56400.0000 avgPrice=56400.0000 weightedPnl=-1.25% (pending fill)
2026-06-02 10:40:59 INFO  SELL_FILLED_PNL 100790 reason=TIME_STOP_SOFT filledQty=10/10 fillRatio=1.00 weightedPnl=-1.25% dailyPnl=-1.25%
2026-06-02 10:40:59 INFO  SELL_FILLED 100790 reason=TIME_STOP_SOFT remainingQty=0 phase=NONE exitType=TIMESTOP
2026-06-02 10:40:59 INFO  BUY [KRX] 100790 mode=VOLUME_BREAKOUT price=62500.0000 qty=9 size=1.0000x score=95(CONV) | WHY: strongBreakout volBreakout retestOK multiUp vol(3.28x) | VWAP: 0.88%(ABOVE slope=UP) allowedGap=2.20% | TREND: score=3 vel=0.32%/0.16%/0.16% accel=true | VOL: 19812.0000/6042.4500 TO: 1238250000.0000/377099842.5000 | HIGH: 62500.0000 fromHigh=0.00% | entryNo=1
2026-06-02 10:40:59 INFO  BUY_FILLED 100790 phase=HOLDING
2026-06-02 10:40:59 INFO  SELL [EOD_FORCE_SELL] 100790 pnl=0.00% time=15:30
2026-06-02 10:40:59 INFO  SELL_EXECUTED [KRX] 100790 mode=VOLUME_BREAKOUT phase=EXITING exitType=TIMESTOP price=62500.0000 qty=9 reason=EOD_FORCE_SELL pnl=0.00% peakPnl=0.00% holdMs=780000 high=62500.0000 avgPrice=62500.0000 weightedPnl=0.00% (pending fill)
2026-06-02 10:40:59 INFO  SELL_FILLED 100790 reason=EOD_FORCE_SELL remainingQty=0 phase=NONE exitType=TIMESTOP
2026-06-02 10:40:59 INFO  BUY [KRX] 100790 mode=VOLUME_BREAKOUT price=61600.0000 qty=9 size=1.0000x score=95(CONV) | WHY: strongBreakout volBreakout retestOK multiUp vol(2.83x) | VWAP: 0.93%(ABOVE slope=UP) allowedGap=2.20% | TREND: score=3 vel=0.82%/0.74%/0.65% accel=true | VOL: 8198.0000/2893.7000 TO: 504996800.0000/177253892.5000 | HIGH: 61600.0000 fromHigh=0.00% | entryNo=1
2026-06-02 10:40:59 INFO  BUY_FILLED 100790 phase=HOLDING
2026-06-02 10:40:59 INFO  SELL_EXECUTED [KRX] 100790 mode=VOLUME_BREAKOUT phase=EXITING exitType=VWAP_BREAK price=60700.0000 qty=9 reason=VWAP_BREAK pnl=-1.46% peakPnl=-0.16% holdMs=1080000 high=61500.0000 avgPrice=61600.0000 weightedPnl=-1.35% (pending fill)
2026-06-02 10:40:59 INFO  SELL_FILLED_PNL 100790 reason=VWAP_BREAK filledQty=9/9 fillRatio=1.00 weightedPnl=-1.35% dailyPnl=-1.35%
2026-06-02 10:40:59 INFO  SELL_FILLED 100790 reason=VWAP_BREAK remainingQty=0 phase=NONE exitType=VWAP_BREAK
2026-06-02 10:40:59 INFO  BUY [KRX] 100790 mode=VOLUME_BREAKOUT price=63600.0000 qty=7 size=0.8000x score=95(CONV) | WHY: strongBreakout volBreakout retestOK multiUp vol(2.17x) | VWAP: 1.79%(ABOVE slope=UP) allowedGap=2.20% | TREND: score=3 vel=2.25%/1.92%/1.76% accel=true | VOL: 50611.0000/23312.4500 TO: 3218859600.0000/1442962050.0000 | HIGH: 63600.0000 fromHigh=0.00% | entryNo=1
2026-06-02 10:40:59 INFO  BUY_FILLED 100790 phase=HOLDING
2026-06-02 10:40:59 INFO  SELL_EXECUTED [KRX] 100790 mode=VOLUME_BREAKOUT phase=EXITING exitType=STOPLOSS price=61900.0000 qty=7 reason=STOP_LOSS_VOLUME_BREAKOUT pnl=-2.67% peakPnl=-0.79% holdMs=120000 high=63100.0000 avgPrice=63600.0000 weightedPnl=-1.98% (pending fill)
2026-06-02 10:40:59 INFO  SELL_FILLED_PNL 100790 reason=STOP_LOSS_VOLUME_BREAKOUT filledQty=7/7 fillRatio=1.00 weightedPnl=-1.98% dailyPnl=-1.98%
2026-06-02 10:40:59 INFO  SELL_FILLED 100790 reason=STOP_LOSS_VOLUME_BREAKOUT remainingQty=0 phase=NONE exitType=STOPLOSS
2026-06-02 10:41:11 INFO  BUY amount set for 100790: 600000.00
2026-06-02 10:41:11 INFO  BUY [KRX] 100790 mode=VOLUME_BREAKOUT price=20600.0000 qty=23 size=0.8000x score=95(CONV) | WHY: strongBreakout volBreakout retestOK multiUp vol(2.10x) | VWAP: 1.41%(ABOVE slope=UP) allowedGap=2.20% | TREND: score=3 vel=1.23%/0.98%/0.73% accel=true | VOL: 5048.0000/2402.4500 TO: 103988800.0000/49029770.0000 | HIGH: 20600.0000 fromHigh=0.00% | entryNo=1
2026-06-02 10:41:11 INFO  BUY_FILLED 100790 phase=HOLDING
2026-06-02 10:41:11 INFO  SELL_EXECUTED [KRX] 100790 mode=VOLUME_BREAKOUT phase=EXITING exitType=TIMESTOP price=20550.0000 qty=23 reason=TIME_STOP_SOFT pnl=-0.24% peakPnl=0.97% holdMs=1440000 high=20800.0000 avgPrice=20600.0000 weightedPnl=-0.19% (pending fill)
2026-06-02 10:41:11 INFO  SELL_FILLED_PNL 100790 reason=TIME_STOP_SOFT filledQty=23/23 fillRatio=1.00 weightedPnl=-0.19% dailyPnl=-0.19%
2026-06-02 10:41:11 INFO  SELL_FILLED 100790 reason=TIME_STOP_SOFT remainingQty=0 phase=NONE exitType=TIMESTOP
2026-06-02 10:41:11 INFO  BUY [KRX] 100790 mode=PULLBACK price=23150.0000 qty=38 size=1.5000x score=90(CONV) | WHY: zone(-1.49%fromHigh) vel+ avgCross priceAboveAvg vol(5.97x) | VWAP: 0.59%(ABOVE slope=UP) allowedGap=1.00% | TREND: score=3 vel=0.43%/0.22%/0.43% accel=true | VOL: 89781.0000/15047.8000 TO: 2078430150.0000/344426487.5000 | HIGH: 23500.0000 fromHigh=-1.49% | entryNo=1
2026-06-02 10:41:11 INFO  BUY_FILLED 100790 phase=HOLDING
2026-06-02 10:41:11 INFO  SELL_EXECUTED [KRX] 100790 mode=PULLBACK phase=EXITING exitType=STOPLOSS price=22950.0000 qty=38 reason=FAILED_PULLBACK pnl=-0.86% peakPnl=-0.65% holdMs=120000 high=23000.0000 avgPrice=23150.0000 weightedPnl=-1.27% (pending fill)
2026-06-02 10:41:11 INFO  SELL_FILLED_PNL 100790 reason=FAILED_PULLBACK filledQty=38/38 fillRatio=1.00 weightedPnl=-1.27% dailyPnl=-1.27%
2026-06-02 10:41:11 INFO  SELL_FILLED 100790 reason=FAILED_PULLBACK remainingQty=0 phase=NONE exitType=STOPLOSS
2026-06-02 10:41:11 INFO  BUY [KRX] 100790 mode=VOLUME_BREAKOUT price=23250.0000 qty=25 size=1.0000x score=95(CONV) | WHY: strongBreakout volBreakout retestOK multiUp vol(5.99x) | VWAP: 1.02%(ABOVE slope=UP) allowedGap=2.20% | TREND: score=3 vel=0.65%/0.43%/0.43% accel=true | VOL: 36221.0000/6049.4500 TO: 842138250.0000/139828327.5000 | HIGH: 23250.0000 fromHigh=0.00% | entryNo=2
2026-06-02 10:41:11 INFO  BUY_FILLED 100790 phase=HOLDING
2026-06-02 10:41:11 INFO  SELL [BREAKEVEN_GUARD] 100790 pnl=-0.43% peakPnl=2.37% holdMs=2400000
2026-06-02 10:41:11 INFO  SELL_EXECUTED [KRX] 100790 mode=VOLUME_BREAKOUT phase=EXITING exitType=TRAIL price=23150.0000 qty=25 reason=BREAKEVEN_GUARD pnl=-0.43% peakPnl=2.37% holdMs=2400000 high=23800.0000 avgPrice=23250.0000 weightedPnl=-0.42% (pending fill)
2026-06-02 10:41:11 INFO  SELL_FILLED_PNL 100790 reason=BREAKEVEN_GUARD filledQty=25/25 fillRatio=1.00 weightedPnl=-0.42% dailyPnl=-1.68%
2026-06-02 10:41:11 INFO  SELL_FILLED 100790 reason=BREAKEVEN_GUARD remainingQty=0 phase=NONE exitType=TRAIL
2026-06-02 10:41:11 INFO  BUY [KRX] 100790 mode=VOLUME_BREAKOUT price=24000.0000 qty=25 size=1.0000x score=95(CONV) | WHY: strongBreakout volBreakout retestOK multiUp vol(3.33x) | VWAP: 0.75%(ABOVE slope=UP) allowedGap=2.20% | TREND: score=3 vel=0.84%/0.63%/0.42% accel=true | VOL: 13492.0000/4054.0000 TO: 323808000.0000/96938757.5000 | HIGH: 24000.0000 fromHigh=0.00% | entryNo=1
2026-06-02 10:41:11 INFO  BUY_FILLED 100790 phase=HOLDING
2026-06-02 10:41:11 INFO  SELL [EOD_FORCE_SELL] 100790 pnl=0.21% time=15:30
2026-06-02 10:41:11 INFO  SELL_EXECUTED [KRX] 100790 mode=VOLUME_BREAKOUT phase=EXITING exitType=TIMESTOP price=24050.0000 qty=25 reason=EOD_FORCE_SELL pnl=0.21% peakPnl=0.63% holdMs=2460000 high=24150.0000 avgPrice=24000.0000 weightedPnl=0.21% (pending fill)
2026-06-02 10:41:11 INFO  SELL_FILLED_PNL 100790 reason=EOD_FORCE_SELL filledQty=25/25 fillRatio=1.00 weightedPnl=0.21% dailyPnl=0.21%
2026-06-02 10:41:11 INFO  SELL_FILLED 100790 reason=EOD_FORCE_SELL remainingQty=0 phase=NONE exitType=TIMESTOP
2026-06-02 10:41:11 INFO  BUY [KRX] 100790 mode=VOLUME_BREAKOUT price=28700.0000 qty=20 size=1.0000x score=95(CONV) | WHY: strongBreakout volBreakout retestOK multiUp vol(5.47x) | VWAP: 1.39%(ABOVE slope=UP) allowedGap=2.20% | TREND: score=3 vel=1.77%/1.59%/1.95% accel=true | VOL: 46922.0000/8576.8500 TO: 1346661400.0000/242413751.2500 | HIGH: 28700.0000 fromHigh=0.00% | entryNo=1
2026-06-02 10:41:11 INFO  BUY_FILLED 100790 phase=HOLDING
2026-06-02 10:41:11 INFO  SELL_EXECUTED [KRX] 100790 mode=VOLUME_BREAKOUT phase=EXITING exitType=PROFIT price=29750.0000 qty=20 reason=TAKE_PROFIT_VOLUME_BREAKOUT pnl=3.66% peakPnl=3.66% holdMs=1200000 high=29750.0000 avgPrice=28700.0000 weightedPnl=3.50% (pending fill)
2026-06-02 10:41:11 INFO  SELL_FILLED_PNL 100790 reason=TAKE_PROFIT_VOLUME_BREAKOUT filledQty=20/20 fillRatio=1.00 weightedPnl=3.50% dailyPnl=3.50%
2026-06-02 10:41:11 INFO  SELL_FILLED 100790 reason=TAKE_PROFIT_VOLUME_BREAKOUT remainingQty=0 phase=NONE exitType=PROFIT
2026-06-02 10:41:11 INFO  BUY [KRX] 100790 mode=VOLUME_BREAKOUT price=29600.0000 qty=16 size=0.8000x score=95(CONV) | WHY: strongBreakout volBreakout retestOK multiUp vol(1.61x) | VWAP: 1.39%(ABOVE slope=UP) allowedGap=2.20% | TREND: score=3 vel=0.34%/0.17%/0.34% accel=true | VOL: 15386.0000/9546.1500 TO: 455425600.0000/281045972.5000 | HIGH: 29600.0000 fromHigh=0.00% | entryNo=1
2026-06-02 10:41:11 INFO  BUY_FILLED 100790 phase=HOLDING
2026-06-02 10:41:11 INFO  SELL [EOD_FORCE_SELL] 100790 pnl=0.17% time=15:30
2026-06-02 10:41:11 INFO  SELL_EXECUTED [KRX] 100790 mode=VOLUME_BREAKOUT phase=EXITING exitType=TIMESTOP price=29650.0000 qty=16 reason=EOD_FORCE_SELL pnl=0.17% peakPnl=0.17% holdMs=720000 high=29650.0000 avgPrice=29600.0000 weightedPnl=0.13% (pending fill)
2026-06-02 10:41:11 INFO  SELL_FILLED_PNL 100790 reason=EOD_FORCE_SELL filledQty=16/16 fillRatio=1.00 weightedPnl=0.13% dailyPnl=0.13%
2026-06-02 10:41:11 INFO  SELL_FILLED 100790 reason=EOD_FORCE_SELL remainingQty=0 phase=NONE exitType=TIMESTOP
2026-06-02 10:41:11 INFO  BUY [KRX] 100790 mode=VOLUME_BREAKOUT price=29200.0000 qty=20 size=1.0000x score=95(CONV) | WHY: strongBreakout volBreakout retestOK multiUp vol(4.86x) | VWAP: 1.70%(ABOVE slope=UP) allowedGap=2.20% | TREND: score=3 vel=0.69%/0.52%/0.52% accel=true | VOL: 20191.0000/4150.9500 TO: 589577200.0000/120583757.5000 | HIGH: 29200.0000 fromHigh=0.00% | entryNo=1
2026-06-02 10:41:11 INFO  BUY_FILLED 100790 phase=HOLDING
2026-06-02 10:41:11 INFO  SELL_EXECUTED [KRX] 100790 mode=VOLUME_BREAKOUT phase=EXITING exitType=STOPLOSS price=28300.0000 qty=20 reason=STOP_LOSS_VOLUME_BREAKOUT pnl=-3.08% peakPnl=2.91% holdMs=240000 high=30050.0000 avgPrice=29200.0000 weightedPnl=-3.00% (pending fill)
2026-06-02 10:41:11 INFO  SELL_FILLED_PNL 100790 reason=STOP_LOSS_VOLUME_BREAKOUT filledQty=20/20 fillRatio=1.00 weightedPnl=-3.00% dailyPnl=-3.00%
2026-06-02 10:41:11 INFO  SELL_FILLED 100790 reason=STOP_LOSS_VOLUME_BREAKOUT remainingQty=0 phase=NONE exitType=STOPLOSS
2026-06-02 10:41:11 INFO  BUY [KRX] 100790 mode=VOLUME_BREAKOUT price=59600.0000 qty=10 size=1.0000x score=95(CONV) | WHY: strongBreakout volBreakout retestOK multiUp vol(2.50x) | VWAP: 1.39%(ABOVE slope=UP) allowedGap=2.20% | TREND: score=3 vel=0.76%/0.51%/0.85% accel=true | VOL: 20690.0000/8285.0000 TO: 1233124000.0000/489194037.5000 | HIGH: 59600.0000 fromHigh=0.00% | entryNo=1
2026-06-02 10:41:11 INFO  BUY_FILLED 100790 phase=HOLDING
2026-06-02 10:41:11 INFO  SELL_EXECUTED [KRX] 100790 mode=VOLUME_BREAKOUT phase=EXITING exitType=TIMESTOP price=59100.0000 qty=10 reason=TIME_STOP_SOFT pnl=-0.84% peakPnl=-0.17% holdMs=1200000 high=59500.0000 avgPrice=59600.0000 weightedPnl=-0.83% (pending fill)
2026-06-02 10:41:11 INFO  SELL_FILLED_PNL 100790 reason=TIME_STOP_SOFT filledQty=10/10 fillRatio=1.00 weightedPnl=-0.83% dailyPnl=-0.83%
2026-06-02 10:41:11 INFO  SELL_FILLED 100790 reason=TIME_STOP_SOFT remainingQty=0 phase=NONE exitType=TIMESTOP
2026-06-02 10:41:11 INFO  BUY [KRX] 100790 mode=VOLUME_BREAKOUT price=53400.0000 qty=11 size=1.0000x score=95(CONV) | WHY: strongBreakout volBreakout retestOK multiUp vol(5.65x) | VWAP: 1.52%(ABOVE slope=UP) allowedGap=2.20% | TREND: score=3 vel=0.56%/0.38%/0.56% accel=true | VOL: 13537.0000/2396.3500 TO: 722875800.0000/127390875.0000 | HIGH: 53400.0000 fromHigh=0.00% | entryNo=1
2026-06-02 10:41:11 INFO  BUY_FILLED 100790 phase=HOLDING
2026-06-02 10:41:11 INFO  SELL_EXECUTED [KRX] 100790 mode=VOLUME_BREAKOUT phase=EXITING exitType=PROFIT price=55300.0000 qty=11 reason=TAKE_PROFIT_VOLUME_BREAKOUT pnl=3.56% peakPnl=3.56% holdMs=480000 high=55300.0000 avgPrice=53400.0000 weightedPnl=3.48% (pending fill)
2026-06-02 10:41:11 INFO  SELL_FILLED_PNL 100790 reason=TAKE_PROFIT_VOLUME_BREAKOUT filledQty=11/11 fillRatio=1.00 weightedPnl=3.48% dailyPnl=3.48%
2026-06-02 10:41:11 INFO  SELL_FILLED 100790 reason=TAKE_PROFIT_VOLUME_BREAKOUT remainingQty=0 phase=NONE exitType=PROFIT
2026-06-02 10:41:11 INFO  BUY [KRX] 100790 mode=VOLUME_BREAKOUT price=56400.0000 qty=10 size=1.0000x score=95(CONV) | WHY: strongBreakout volBreakout retestOK multiUp vol(2.72x) | VWAP: 1.42%(ABOVE slope=UP) allowedGap=2.20% | TREND: score=3 vel=1.08%/0.89%/0.80% accel=true | VOL: 13197.0000/4845.8500 TO: 744310800.0000/270963552.5000 | HIGH: 56400.0000 fromHigh=0.00% | entryNo=1
2026-06-02 10:41:11 INFO  BUY_FILLED 100790 phase=HOLDING
2026-06-02 10:41:11 INFO  SELL_EXECUTED [KRX] 100790 mode=VOLUME_BREAKOUT phase=EXITING exitType=TIMESTOP price=55650.0000 qty=10 reason=TIME_STOP_SOFT pnl=-1.33% peakPnl=0.00% holdMs=1200000 high=56400.0000 avgPrice=56400.0000 weightedPnl=-1.25% (pending fill)
2026-06-02 10:41:11 INFO  SELL_FILLED_PNL 100790 reason=TIME_STOP_SOFT filledQty=10/10 fillRatio=1.00 weightedPnl=-1.25% dailyPnl=-1.25%
2026-06-02 10:41:11 INFO  SELL_FILLED 100790 reason=TIME_STOP_SOFT remainingQty=0 phase=NONE exitType=TIMESTOP
2026-06-02 10:41:11 INFO  BUY [KRX] 100790 mode=VOLUME_BREAKOUT price=62500.0000 qty=9 size=1.0000x score=95(CONV) | WHY: strongBreakout volBreakout retestOK multiUp vol(3.28x) | VWAP: 0.88%(ABOVE slope=UP) allowedGap=2.20% | TREND: score=3 vel=0.32%/0.16%/0.16% accel=true | VOL: 19812.0000/6042.4500 TO: 1238250000.0000/377099842.5000 | HIGH: 62500.0000 fromHigh=0.00% | entryNo=1
2026-06-02 10:41:11 INFO  BUY_FILLED 100790 phase=HOLDING
2026-06-02 10:41:11 INFO  SELL [EOD_FORCE_SELL] 100790 pnl=0.00% time=15:30
2026-06-02 10:41:11 INFO  SELL_EXECUTED [KRX] 100790 mode=VOLUME_BREAKOUT phase=EXITING exitType=TIMESTOP price=62500.0000 qty=9 reason=EOD_FORCE_SELL pnl=0.00% peakPnl=0.00% holdMs=780000 high=62500.0000 avgPrice=62500.0000 weightedPnl=0.00% (pending fill)
2026-06-02 10:41:11 INFO  SELL_FILLED 100790 reason=EOD_FORCE_SELL remainingQty=0 phase=NONE exitType=TIMESTOP
2026-06-02 10:41:11 INFO  BUY [KRX] 100790 mode=VOLUME_BREAKOUT price=61600.0000 qty=9 size=1.0000x score=95(CONV) | WHY: strongBreakout volBreakout retestOK multiUp vol(2.83x) | VWAP: 0.93%(ABOVE slope=UP) allowedGap=2.20% | TREND: score=3 vel=0.82%/0.74%/0.65% accel=true | VOL: 8198.0000/2893.7000 TO: 504996800.0000/177253892.5000 | HIGH: 61600.0000 fromHigh=0.00% | entryNo=1
2026-06-02 10:41:11 INFO  BUY_FILLED 100790 phase=HOLDING
2026-06-02 10:41:11 INFO  SELL_EXECUTED [KRX] 100790 mode=VOLUME_BREAKOUT phase=EXITING exitType=VWAP_BREAK price=60700.0000 qty=9 reason=VWAP_BREAK pnl=-1.46% peakPnl=-0.16% holdMs=1080000 high=61500.0000 avgPrice=61600.0000 weightedPnl=-1.35% (pending fill)
2026-06-02 10:41:11 INFO  SELL_FILLED_PNL 100790 reason=VWAP_BREAK filledQty=9/9 fillRatio=1.00 weightedPnl=-1.35% dailyPnl=-1.35%
2026-06-02 10:41:11 INFO  SELL_FILLED 100790 reason=VWAP_BREAK remainingQty=0 phase=NONE exitType=VWAP_BREAK
2026-06-02 10:41:11 INFO  BUY [KRX] 100790 mode=VOLUME_BREAKOUT price=63600.0000 qty=7 size=0.8000x score=95(CONV) | WHY: strongBreakout volBreakout retestOK multiUp vol(2.17x) | VWAP: 1.79%(ABOVE slope=UP) allowedGap=2.20% | TREND: score=3 vel=2.25%/1.92%/1.76% accel=true | VOL: 50611.0000/23312.4500 TO: 3218859600.0000/1442962050.0000 | HIGH: 63600.0000 fromHigh=0.00% | entryNo=1
2026-06-02 10:41:11 INFO  BUY_FILLED 100790 phase=HOLDING
2026-06-02 10:41:11 INFO  SELL_EXECUTED [KRX] 100790 mode=VOLUME_BREAKOUT phase=EXITING exitType=STOPLOSS price=61900.0000 qty=7 reason=STOP_LOSS_VOLUME_BREAKOUT pnl=-2.67% peakPnl=-0.79% holdMs=120000 high=63100.0000 avgPrice=63600.0000 weightedPnl=-1.98% (pending fill)
2026-06-02 10:41:11 INFO  SELL_FILLED_PNL 100790 reason=STOP_LOSS_VOLUME_BREAKOUT filledQty=7/7 fillRatio=1.00 weightedPnl=-1.98% dailyPnl=-1.98%
2026-06-02 10:41:11 INFO  SELL_FILLED 100790 reason=STOP_LOSS_VOLUME_BREAKOUT remainingQty=0 phase=NONE exitType=STOPLOSS
2026-06-02 10:43:33 INFO  BUY amount set for 080220: 600000.00
2026-06-02 10:43:33 INFO  BUY [KRX] 080220 mode=VOLUME_BREAKOUT price=55300.0000 qty=10 size=1.0000x score=95(CONV) | WHY: strongBreakout volBreakout retestOK multiUp vol(7.07x) | VWAP: 0.96%(ABOVE slope=UP) allowedGap=2.20% | TREND: score=3 vel=0.73%/0.55%/0.73% accel=true | VOL: 29019.0000/4102.4500 TO: 1604750700.0000/225862655.0000 | HIGH: 55300.0000 fromHigh=0.00% | entryNo=1
2026-06-02 10:43:33 INFO  BUY_FILLED 080220 phase=HOLDING
2026-06-02 10:43:33 INFO  SELL_EXECUTED [KRX] 080220 mode=VOLUME_BREAKOUT phase=EXITING exitType=PROFIT price=57400.0000 qty=10 reason=TAKE_PROFIT_VOLUME_BREAKOUT pnl=3.80% peakPnl=3.80% holdMs=2100000 high=57400.0000 avgPrice=55300.0000 weightedPnl=3.50% (pending fill)
2026-06-02 10:43:33 INFO  SELL_FILLED_PNL 080220 reason=TAKE_PROFIT_VOLUME_BREAKOUT filledQty=10/10 fillRatio=1.00 weightedPnl=3.50% dailyPnl=3.50%
2026-06-02 10:43:33 INFO  SELL_FILLED 080220 reason=TAKE_PROFIT_VOLUME_BREAKOUT remainingQty=0 phase=NONE exitType=PROFIT
2026-06-02 10:43:33 INFO  BUY [KRX] 080220 mode=VOLUME_BREAKOUT price=58800.0000 qty=10 size=1.0000x score=95(CONV) | WHY: strongBreakout volBreakout retestOK multiUp vol(3.31x) | VWAP: 1.38%(ABOVE slope=UP) allowedGap=2.20% | TREND: score=3 vel=0.51%/0.34%/0.51% accel=true | VOL: 29872.0000/9015.6000 TO: 1756473600.0000/527256535.0000 | HIGH: 58800.0000 fromHigh=0.00% | entryNo=1
2026-06-02 10:43:33 INFO  BUY_FILLED 080220 phase=HOLDING
2026-06-02 10:43:33 INFO  SELL [EOD_FORCE_SELL] 080220 pnl=-0.51% time=15:30
2026-06-02 10:43:33 INFO  SELL_EXECUTED [KRX] 080220 mode=VOLUME_BREAKOUT phase=EXITING exitType=TIMESTOP price=58500.0000 qty=10 reason=EOD_FORCE_SELL pnl=-0.51% peakPnl=0.00% holdMs=1440000 high=58800.0000 avgPrice=58800.0000 weightedPnl=-0.50% (pending fill)
2026-06-02 10:43:33 INFO  SELL_FILLED_PNL 080220 reason=EOD_FORCE_SELL filledQty=10/10 fillRatio=1.00 weightedPnl=-0.50% dailyPnl=-0.50%
2026-06-02 10:43:33 INFO  SELL_FILLED 080220 reason=EOD_FORCE_SELL remainingQty=0 phase=NONE exitType=TIMESTOP
2026-06-02 10:43:33 INFO  BUY [KRX] 080220 mode=VOLUME_BREAKOUT price=55400.0000 qty=8 size=0.8000x score=95(CONV) | WHY: strongBreakout volBreakout retestOK multiUp vol(1.99x) | VWAP: 1.17%(ABOVE slope=UP) allowedGap=2.20% | TREND: score=3 vel=0.36%/0.18%/0.36% accel=true | VOL: 7341.0000/3687.0000 TO: 406691400.0000/202947125.0000 | HIGH: 55400.0000 fromHigh=0.00% | entryNo=1
2026-06-02 10:43:33 INFO  BUY_FILLED 080220 phase=HOLDING
2026-06-02 10:43:33 INFO  SELL [EOD_FORCE_SELL] 080220 pnl=-0.36% time=15:30
2026-06-02 10:43:33 INFO  SELL_EXECUTED [KRX] 080220 mode=VOLUME_BREAKOUT phase=EXITING exitType=TIMESTOP price=55200.0000 qty=8 reason=EOD_FORCE_SELL pnl=-0.36% peakPnl=0.00% holdMs=780000 high=55400.0000 avgPrice=55400.0000 weightedPnl=-0.27% (pending fill)
2026-06-02 10:43:33 INFO  SELL_FILLED_PNL 080220 reason=EOD_FORCE_SELL filledQty=8/8 fillRatio=1.00 weightedPnl=-0.27% dailyPnl=-0.27%
2026-06-02 10:43:33 INFO  SELL_FILLED 080220 reason=EOD_FORCE_SELL remainingQty=0 phase=NONE exitType=TIMESTOP
2026-06-02 10:43:33 INFO  BUY [KRX] 080220 mode=VOLUME_BREAKOUT price=55900.0000 qty=10 size=1.0000x score=95(CONV) | WHY: strongBreakout volBreakout retestOK multiUp vol(4.98x) | VWAP: 1.55%(ABOVE slope=UP) allowedGap=2.20% | TREND: score=3 vel=1.82%/1.27%/1.45% accel=true | VOL: 29831.0000/5993.2500 TO: 1667552900.0000/331923225.0000 | HIGH: 55900.0000 fromHigh=0.00% | entryNo=1
2026-06-02 10:43:33 INFO  BUY_FILLED 080220 phase=HOLDING
2026-06-02 10:43:33 INFO  SELL_EXECUTED [KRX] 080220 mode=VOLUME_BREAKOUT phase=EXITING exitType=PROFIT price=57900.0000 qty=10 reason=TAKE_PROFIT_VOLUME_BREAKOUT pnl=3.58% peakPnl=3.58% holdMs=2160000 high=57900.0000 avgPrice=55900.0000 weightedPnl=3.33% (pending fill)
2026-06-02 10:43:33 INFO  SELL_FILLED_PNL 080220 reason=TAKE_PROFIT_VOLUME_BREAKOUT filledQty=10/10 fillRatio=1.00 weightedPnl=3.33% dailyPnl=3.33%
2026-06-02 10:43:33 INFO  SELL_FILLED 080220 reason=TAKE_PROFIT_VOLUME_BREAKOUT remainingQty=0 phase=NONE exitType=PROFIT
2026-06-02 10:43:33 INFO  BUY [KRX] 080220 mode=VOLUME_BREAKOUT price=95000.0000 qty=6 size=1.0000x score=95(CONV) | WHY: strongBreakout volBreakout retestOK multiUp vol(4.10x) | VWAP: 1.58%(ABOVE slope=UP) allowedGap=2.20% | TREND: score=3 vel=0.74%/0.64%/0.96% accel=true | VOL: 9706.0000/2364.5000 TO: 922070000.0000/223125335.0000 | HIGH: 95000.0000 fromHigh=0.00% | entryNo=1
2026-06-02 10:43:33 INFO  BUY_FILLED 080220 phase=HOLDING
2026-06-02 10:43:33 INFO  SELL [BREAKEVEN_GUARD] 080220 pnl=-0.32% peakPnl=1.37% holdMs=3480000
2026-06-02 10:43:33 INFO  SELL_EXECUTED [KRX] 080220 mode=VOLUME_BREAKOUT phase=EXITING exitType=TRAIL price=94700.0000 qty=6 reason=BREAKEVEN_GUARD pnl=-0.32% peakPnl=1.37% holdMs=3480000 high=96300.0000 avgPrice=95000.0000 weightedPnl=-0.30% (pending fill)
2026-06-02 10:43:33 INFO  SELL_FILLED_PNL 080220 reason=BREAKEVEN_GUARD filledQty=6/6 fillRatio=1.00 weightedPnl=-0.30% dailyPnl=-0.30%
2026-06-02 10:43:33 INFO  SELL_FILLED 080220 reason=BREAKEVEN_GUARD remainingQty=0 phase=NONE exitType=TRAIL
2026-06-02 10:43:48 INFO  BUY amount set for 080220: 1000000.00
2026-06-02 10:43:48 INFO  BUY [KRX] 080220 mode=VOLUME_BREAKOUT price=55300.0000 qty=18 size=1.0000x score=95(CONV) | WHY: strongBreakout volBreakout retestOK multiUp vol(7.07x) | VWAP: 0.96%(ABOVE slope=UP) allowedGap=2.20% | TREND: score=3 vel=0.73%/0.55%/0.73% accel=true | VOL: 29019.0000/4102.4500 TO: 1604750700.0000/225862655.0000 | HIGH: 55300.0000 fromHigh=0.00% | entryNo=1
2026-06-02 10:43:48 INFO  BUY_FILLED 080220 phase=HOLDING
2026-06-02 10:43:48 INFO  SELL_EXECUTED [KRX] 080220 mode=VOLUME_BREAKOUT phase=EXITING exitType=PROFIT price=57400.0000 qty=18 reason=TAKE_PROFIT_VOLUME_BREAKOUT pnl=3.80% peakPnl=3.80% holdMs=2100000 high=57400.0000 avgPrice=55300.0000 weightedPnl=3.78% (pending fill)
2026-06-02 10:43:48 INFO  SELL_FILLED_PNL 080220 reason=TAKE_PROFIT_VOLUME_BREAKOUT filledQty=18/18 fillRatio=1.00 weightedPnl=3.78% dailyPnl=3.78%
2026-06-02 10:43:48 INFO  SELL_FILLED 080220 reason=TAKE_PROFIT_VOLUME_BREAKOUT remainingQty=0 phase=NONE exitType=PROFIT
2026-06-02 10:43:48 INFO  BUY [KRX] 080220 mode=VOLUME_BREAKOUT price=58800.0000 qty=17 size=1.0000x score=95(CONV) | WHY: strongBreakout volBreakout retestOK multiUp vol(3.31x) | VWAP: 1.38%(ABOVE slope=UP) allowedGap=2.20% | TREND: score=3 vel=0.51%/0.34%/0.51% accel=true | VOL: 29872.0000/9015.6000 TO: 1756473600.0000/527256535.0000 | HIGH: 58800.0000 fromHigh=0.00% | entryNo=1
2026-06-02 10:43:48 INFO  BUY_FILLED 080220 phase=HOLDING
2026-06-02 10:43:48 INFO  SELL [EOD_FORCE_SELL] 080220 pnl=-0.51% time=15:30
2026-06-02 10:43:48 INFO  SELL_EXECUTED [KRX] 080220 mode=VOLUME_BREAKOUT phase=EXITING exitType=TIMESTOP price=58500.0000 qty=17 reason=EOD_FORCE_SELL pnl=-0.51% peakPnl=0.00% holdMs=1440000 high=58800.0000 avgPrice=58800.0000 weightedPnl=-0.51% (pending fill)
2026-06-02 10:43:48 INFO  SELL_FILLED_PNL 080220 reason=EOD_FORCE_SELL filledQty=17/17 fillRatio=1.00 weightedPnl=-0.51% dailyPnl=-0.51%
2026-06-02 10:43:48 INFO  SELL_FILLED 080220 reason=EOD_FORCE_SELL remainingQty=0 phase=NONE exitType=TIMESTOP
2026-06-02 10:43:48 INFO  BUY [KRX] 080220 mode=VOLUME_BREAKOUT price=55400.0000 qty=14 size=0.8000x score=95(CONV) | WHY: strongBreakout volBreakout retestOK multiUp vol(1.99x) | VWAP: 1.17%(ABOVE slope=UP) allowedGap=2.20% | TREND: score=3 vel=0.36%/0.18%/0.36% accel=true | VOL: 7341.0000/3687.0000 TO: 406691400.0000/202947125.0000 | HIGH: 55400.0000 fromHigh=0.00% | entryNo=1
2026-06-02 10:43:48 INFO  BUY_FILLED 080220 phase=HOLDING
2026-06-02 10:43:48 INFO  SELL [EOD_FORCE_SELL] 080220 pnl=-0.36% time=15:30
2026-06-02 10:43:48 INFO  SELL_EXECUTED [KRX] 080220 mode=VOLUME_BREAKOUT phase=EXITING exitType=TIMESTOP price=55200.0000 qty=14 reason=EOD_FORCE_SELL pnl=-0.36% peakPnl=0.00% holdMs=780000 high=55400.0000 avgPrice=55400.0000 weightedPnl=-0.28% (pending fill)
2026-06-02 10:43:48 INFO  SELL_FILLED_PNL 080220 reason=EOD_FORCE_SELL filledQty=14/14 fillRatio=1.00 weightedPnl=-0.28% dailyPnl=-0.28%
2026-06-02 10:43:48 INFO  SELL_FILLED 080220 reason=EOD_FORCE_SELL remainingQty=0 phase=NONE exitType=TIMESTOP
2026-06-02 10:43:48 INFO  BUY [KRX] 080220 mode=VOLUME_BREAKOUT price=55900.0000 qty=17 size=1.0000x score=95(CONV) | WHY: strongBreakout volBreakout retestOK multiUp vol(4.98x) | VWAP: 1.55%(ABOVE slope=UP) allowedGap=2.20% | TREND: score=3 vel=1.82%/1.27%/1.45% accel=true | VOL: 29831.0000/5993.2500 TO: 1667552900.0000/331923225.0000 | HIGH: 55900.0000 fromHigh=0.00% | entryNo=1
2026-06-02 10:43:48 INFO  BUY_FILLED 080220 phase=HOLDING
2026-06-02 10:43:48 INFO  SELL_EXECUTED [KRX] 080220 mode=VOLUME_BREAKOUT phase=EXITING exitType=PROFIT price=57900.0000 qty=17 reason=TAKE_PROFIT_VOLUME_BREAKOUT pnl=3.58% peakPnl=3.58% holdMs=2160000 high=57900.0000 avgPrice=55900.0000 weightedPnl=3.40% (pending fill)
2026-06-02 10:43:48 INFO  SELL_FILLED_PNL 080220 reason=TAKE_PROFIT_VOLUME_BREAKOUT filledQty=17/17 fillRatio=1.00 weightedPnl=3.40% dailyPnl=3.40%
2026-06-02 10:43:48 INFO  SELL_FILLED 080220 reason=TAKE_PROFIT_VOLUME_BREAKOUT remainingQty=0 phase=NONE exitType=PROFIT
2026-06-02 10:43:48 INFO  BUY [KRX] 080220 mode=VOLUME_BREAKOUT price=95000.0000 qty=10 size=1.0000x score=95(CONV) | WHY: strongBreakout volBreakout retestOK multiUp vol(4.10x) | VWAP: 1.58%(ABOVE slope=UP) allowedGap=2.20% | TREND: score=3 vel=0.74%/0.64%/0.96% accel=true | VOL: 9706.0000/2364.5000 TO: 922070000.0000/223125335.0000 | HIGH: 95000.0000 fromHigh=0.00% | entryNo=1
2026-06-02 10:43:48 INFO  BUY_FILLED 080220 phase=HOLDING
2026-06-02 10:43:48 INFO  SELL [BREAKEVEN_GUARD] 080220 pnl=-0.32% peakPnl=1.37% holdMs=3480000
2026-06-02 10:43:48 INFO  SELL_EXECUTED [KRX] 080220 mode=VOLUME_BREAKOUT phase=EXITING exitType=TRAIL price=94700.0000 qty=10 reason=BREAKEVEN_GUARD pnl=-0.32% peakPnl=1.37% holdMs=3480000 high=96300.0000 avgPrice=95000.0000 weightedPnl=-0.30% (pending fill)
2026-06-02 10:43:48 INFO  SELL_FILLED_PNL 080220 reason=BREAKEVEN_GUARD filledQty=10/10 fillRatio=1.00 weightedPnl=-0.30% dailyPnl=-0.30%
2026-06-02 10:43:48 INFO  SELL_FILLED 080220 reason=BREAKEVEN_GUARD remainingQty=0 phase=NONE exitType=TRAIL
2026-06-02 10:44:29 INFO  BUY amount set for 080220: 1000000.00
2026-06-02 10:44:29 INFO  BUY [KRX] 080220 mode=VOLUME_BREAKOUT price=45300.0000 qty=22 size=1.0000x score=95(CONV) | WHY: strongBreakout volBreakout retestOK multiUp vol(2.44x) | VWAP: 1.23%(ABOVE slope=UP) allowedGap=2.20% | TREND: score=3 vel=0.55%/0.44%/0.55% accel=true | VOL: 8957.0000/3667.0500 TO: 405752100.0000/165170095.0000 | HIGH: 45300.0000 fromHigh=0.00% | entryNo=1
2026-06-02 10:44:29 INFO  BUY_FILLED 080220 phase=HOLDING
2026-06-02 10:44:29 INFO  SELL [EOD_FORCE_SELL] 080220 pnl=1.32% time=15:30
2026-06-02 10:44:29 INFO  SELL_EXECUTED [KRX] 080220 mode=VOLUME_BREAKOUT phase=EXITING exitType=TIMESTOP price=45900.0000 qty=22 reason=EOD_FORCE_SELL pnl=1.32% peakPnl=1.55% holdMs=6540000 high=46000.0000 avgPrice=45300.0000 weightedPnl=1.32% (pending fill)
2026-06-02 10:44:29 INFO  SELL_FILLED_PNL 080220 reason=EOD_FORCE_SELL filledQty=22/22 fillRatio=1.00 weightedPnl=1.32% dailyPnl=1.32%
2026-06-02 10:44:29 INFO  SELL_FILLED 080220 reason=EOD_FORCE_SELL remainingQty=0 phase=NONE exitType=TIMESTOP
2026-06-02 10:44:29 INFO  BUY [KRX] 080220 mode=VOLUME_BREAKOUT price=45300.0000 qty=22 size=1.0000x score=95(CONV) | WHY: strongBreakout volBreakout retestOK multiUp vol(2.66x) | VWAP: 1.47%(ABOVE slope=UP) allowedGap=2.20% | TREND: score=3 vel=0.55%/0.44%/0.55% accel=true | VOL: 15819.0000/5940.8000 TO: 716600700.0000/267709562.5000 | HIGH: 45300.0000 fromHigh=0.00% | entryNo=1
2026-06-02 10:44:29 INFO  BUY_FILLED 080220 phase=HOLDING
2026-06-02 10:44:29 INFO  SELL_EXECUTED [KRX] 080220 mode=VOLUME_BREAKOUT phase=EXITING exitType=VWAP_BREAK price=44600.0000 qty=22 reason=VWAP_BREAK pnl=-1.55% peakPnl=0.33% holdMs=4140000 high=45450.0000 avgPrice=45300.0000 weightedPnl=-1.54% (pending fill)
2026-06-02 10:44:29 INFO  SELL_FILLED_PNL 080220 reason=VWAP_BREAK filledQty=22/22 fillRatio=1.00 weightedPnl=-1.54% dailyPnl=-1.54%
2026-06-02 10:44:29 INFO  SELL_FILLED 080220 reason=VWAP_BREAK remainingQty=0 phase=NONE exitType=VWAP_BREAK
2026-06-02 10:44:29 INFO  BUY [KRX] 080220 mode=VOLUME_BREAKOUT price=44200.0000 qty=18 size=0.8000x score=95(CONV) | WHY: strongBreakout volBreakout retestOK multiUp vol(2.25x) | VWAP: 1.73%(ABOVE slope=UP) allowedGap=2.20% | TREND: score=3 vel=0.63%/0.45%/0.57% accel=true | VOL: 11593.0000/5163.3000 TO: 512410600.0000/227462305.0000 | HIGH: 44200.0000 fromHigh=0.00% | entryNo=1
2026-06-02 10:44:29 INFO  BUY_FILLED 080220 phase=HOLDING
2026-06-02 10:44:29 INFO  SELL_EXECUTED [KRX] 080220 mode=VOLUME_BREAKOUT phase=EXITING exitType=VWAP_BREAK price=43900.0000 qty=18 reason=VWAP_BREAK pnl=-0.68% peakPnl=0.57% holdMs=7260000 high=44450.0000 avgPrice=44200.0000 weightedPnl=-0.54% (pending fill)
2026-06-02 10:44:29 INFO  SELL_FILLED_PNL 080220 reason=VWAP_BREAK filledQty=18/18 fillRatio=1.00 weightedPnl=-0.54% dailyPnl=-0.54%
2026-06-02 10:44:29 INFO  SELL_FILLED 080220 reason=VWAP_BREAK remainingQty=0 phase=NONE exitType=VWAP_BREAK
2026-06-02 10:44:29 INFO  BUY [KRX] 080220 mode=VOLUME_BREAKOUT price=44750.0000 qty=22 size=1.0000x score=95(CONV) | WHY: strongBreakout volBreakout retestOK multiUp vol(4.26x) | VWAP: 1.27%(ABOVE slope=UP) allowedGap=2.20% | TREND: score=3 vel=0.56%/0.45%/0.56% accel=true | VOL: 15932.0000/3740.5500 TO: 712957000.0000/166562935.0000 | HIGH: 44750.0000 fromHigh=0.00% | entryNo=1
2026-06-02 10:44:29 INFO  BUY_FILLED 080220 phase=HOLDING
2026-06-02 10:44:29 INFO  SELL_EXECUTED [KRX] 080220 mode=VOLUME_BREAKOUT phase=EXITING exitType=VWAP_BREAK price=43950.0000 qty=22 reason=VWAP_BREAK pnl=-1.79% peakPnl=-0.11% holdMs=1620000 high=44700.0000 avgPrice=44750.0000 weightedPnl=-1.76% (pending fill)
2026-06-02 10:44:29 INFO  SELL_FILLED_PNL 080220 reason=VWAP_BREAK filledQty=22/22 fillRatio=1.00 weightedPnl=-1.76% dailyPnl=-1.76%
2026-06-02 10:44:29 INFO  SELL_FILLED 080220 reason=VWAP_BREAK remainingQty=0 phase=NONE exitType=VWAP_BREAK
2026-06-02 10:44:29 INFO  BUY [KRX] 080220 mode=VOLUME_BREAKOUT price=40000.0000 qty=25 size=1.0000x score=95(CONV) | WHY: strongBreakout volBreakout retestOK multiUp vol(3.81x) | VWAP: 1.37%(ABOVE slope=UP) allowedGap=2.20% | TREND: score=3 vel=0.50%/0.38%/0.50% accel=true | VOL: 4864.0000/1275.1500 TO: 194560000.0000/50689685.0000 | HIGH: 40000.0000 fromHigh=0.00% | entryNo=1
2026-06-02 10:44:29 INFO  BUY_FILLED 080220 phase=HOLDING
2026-06-02 10:44:29 INFO  SELL [EOD_FORCE_SELL] 080220 pnl=0.38% time=15:30
2026-06-02 10:44:29 INFO  SELL_EXECUTED [KRX] 080220 mode=VOLUME_BREAKOUT phase=EXITING exitType=TIMESTOP price=40150.0000 qty=25 reason=EOD_FORCE_SELL pnl=0.38% peakPnl=2.75% holdMs=9000000 high=41100.0000 avgPrice=40000.0000 weightedPnl=0.38% (pending fill)
2026-06-02 10:44:29 INFO  SELL_FILLED_PNL 080220 reason=EOD_FORCE_SELL filledQty=25/25 fillRatio=1.00 weightedPnl=0.38% dailyPnl=0.38%
2026-06-02 10:44:29 INFO  SELL_FILLED 080220 reason=EOD_FORCE_SELL remainingQty=0 phase=NONE exitType=TIMESTOP
2026-06-02 10:44:29 INFO  BUY [KRX] 080220 mode=VOLUME_BREAKOUT price=36550.0000 qty=27 size=1.0000x score=95(CONV) | WHY: strongBreakout volBreakout retestOK multiUp vol(2.55x) | VWAP: 0.73%(ABOVE slope=UP) allowedGap=2.20% | TREND: score=3 vel=1.11%/0.97%/0.69% accel=true | VOL: 10851.0000/4250.9000 TO: 396604050.0000/154173022.5000 | HIGH: 36550.0000 fromHigh=0.00% | entryNo=1
2026-06-02 10:44:29 INFO  BUY_FILLED 080220 phase=HOLDING
2026-06-02 10:44:29 INFO  SELL [BREAKEVEN_GUARD] 080220 pnl=-0.82% peakPnl=2.19% holdMs=1320000
2026-06-02 10:44:29 INFO  SELL_EXECUTED [KRX] 080220 mode=VOLUME_BREAKOUT phase=EXITING exitType=TRAIL price=36250.0000 qty=27 reason=BREAKEVEN_GUARD pnl=-0.82% peakPnl=2.19% holdMs=1320000 high=37350.0000 avgPrice=36550.0000 weightedPnl=-0.81% (pending fill)
2026-06-02 10:44:29 INFO  SELL_FILLED_PNL 080220 reason=BREAKEVEN_GUARD filledQty=27/27 fillRatio=1.00 weightedPnl=-0.81% dailyPnl=-0.81%
2026-06-02 10:44:29 INFO  SELL_FILLED 080220 reason=BREAKEVEN_GUARD remainingQty=0 phase=NONE exitType=TRAIL
2026-06-02 10:44:29 INFO  BUY [KRX] 080220 mode=VOLUME_BREAKOUT price=41800.0000 qty=23 size=1.0000x score=85(CONV) | WHY: strongBreakout volBreakout retestOK multiUp vol(8.84x) | VWAP: 1.94%(ABOVE slope=UP) allowedGap=2.20% | TREND: score=3 vel=1.03%/0.97%/1.58% accel=true | VOL: 70566.0000/7984.6000 TO: 2949658800.0000/331130468.7500 | HIGH: 41800.0000 fromHigh=0.00% | entryNo=1
2026-06-02 10:44:29 INFO  BUY_FILLED 080220 phase=HOLDING
2026-06-02 10:44:29 INFO  SELL [EOD_FORCE_SELL] 080220 pnl=2.87% time=15:30
2026-06-02 10:44:29 INFO  SELL_EXECUTED [KRX] 080220 mode=VOLUME_BREAKOUT phase=EXITING exitType=TIMESTOP price=43000.0000 qty=23 reason=EOD_FORCE_SELL pnl=2.87% peakPnl=2.87% holdMs=14220000 high=43000.0000 avgPrice=41800.0000 weightedPnl=2.76% (pending fill)
2026-06-02 10:44:29 INFO  SELL_FILLED_PNL 080220 reason=EOD_FORCE_SELL filledQty=23/23 fillRatio=1.00 weightedPnl=2.76% dailyPnl=2.76%
2026-06-02 10:44:29 INFO  SELL_FILLED 080220 reason=EOD_FORCE_SELL remainingQty=0 phase=NONE exitType=TIMESTOP
2026-06-02 10:44:29 INFO  BUY [KRX] 080220 mode=VOLUME_BREAKOUT price=42450.0000 qty=23 size=1.0000x score=95(CONV) | WHY: strongBreakout volBreakout retestOK multiUp vol(6.13x) | VWAP: 0.99%(ABOVE slope=UP) allowedGap=2.20% | TREND: score=3 vel=0.53%/0.47%/0.71% accel=true | VOL: 17533.0000/2859.6000 TO: 744275850.0000/120972606.2500 | HIGH: 42450.0000 fromHigh=0.00% | entryNo=1
2026-06-02 10:44:29 INFO  BUY_FILLED 080220 phase=HOLDING
2026-06-02 10:44:29 INFO  SELL [TRAIL_VOLUME_BREAKOUT] 080220 pnl=0.82% peakPnl=2.94% high=43700.0000 current=42800.0000
2026-06-02 10:44:29 INFO  SELL_EXECUTED [KRX] 080220 mode=VOLUME_BREAKOUT phase=EXITING exitType=TRAIL price=42800.0000 qty=23 reason=TRAIL_VOLUME_BREAKOUT pnl=0.82% peakPnl=2.94% holdMs=2820000 high=43700.0000 avgPrice=42450.0000 weightedPnl=0.80% (pending fill)
2026-06-02 10:44:29 INFO  SELL_FILLED_PNL 080220 reason=TRAIL_VOLUME_BREAKOUT filledQty=23/23 fillRatio=1.00 weightedPnl=0.80% dailyPnl=0.80%
2026-06-02 10:44:29 INFO  SELL_FILLED 080220 reason=TRAIL_VOLUME_BREAKOUT remainingQty=0 phase=NONE exitType=TRAIL
2026-06-02 10:44:29 INFO  BUY [KRX] 080220 mode=PULLBACK price=42900.0000 qty=27 size=1.2000x score=90(CONV) | WHY: zone(-1.27%fromHigh) vel+ avgCross priceAboveAvg vol(1.61x) | VWAP: 0.83%(ABOVE slope=UP) allowedGap=1.00% | TREND: score=3 vel=1.06%/1.42%/1.30% accel=false | VOL: 18938.0000/11771.2500 TO: 812440200.0000/500832616.6667 | HIGH: 43450.0000 fromHigh=-1.27% | entryNo=1
2026-06-02 10:44:29 INFO  BUY_FILLED 080220 phase=HOLDING
2026-06-02 10:44:29 INFO  SELL [EOD_FORCE_SELL] 080220 pnl=0.93% time=15:30
2026-06-02 10:44:29 INFO  SELL_EXECUTED [KRX] 080220 mode=PULLBACK phase=EXITING exitType=TIMESTOP price=43300.0000 qty=27 reason=EOD_FORCE_SELL pnl=0.93% peakPnl=1.63% holdMs=22740000 high=43600.0000 avgPrice=42900.0000 weightedPnl=1.08% (pending fill)
2026-06-02 10:44:29 INFO  SELL_FILLED_PNL 080220 reason=EOD_FORCE_SELL filledQty=27/27 fillRatio=1.00 weightedPnl=1.08% dailyPnl=1.08%
2026-06-02 10:44:29 INFO  SELL_FILLED 080220 reason=EOD_FORCE_SELL remainingQty=0 phase=NONE exitType=TIMESTOP
2026-06-02 10:44:29 INFO  BUY [KRX] 080220 mode=VOLUME_BREAKOUT price=43400.0000 qty=23 size=1.0000x score=95(CONV) | WHY: strongBreakout volBreakout retestOK multiUp vol(5.22x) | VWAP: 1.34%(ABOVE slope=UP) allowedGap=2.20% | TREND: score=3 vel=0.58%/0.46%/0.70% accel=true | VOL: 15267.0000/2922.3500 TO: 662587800.0000/126088270.0000 | HIGH: 43400.0000 fromHigh=0.00% | entryNo=1
2026-06-02 10:44:29 INFO  BUY_FILLED 080220 phase=HOLDING
2026-06-02 10:44:29 INFO  SELL_EXECUTED [KRX] 080220 mode=VOLUME_BREAKOUT phase=EXITING exitType=VWAP_BREAK price=42850.0000 qty=23 reason=VWAP_BREAK pnl=-1.27% peakPnl=0.35% holdMs=13320000 high=43550.0000 avgPrice=43400.0000 weightedPnl=-1.27% (pending fill)
2026-06-02 10:44:29 INFO  SELL_FILLED_PNL 080220 reason=VWAP_BREAK filledQty=23/23 fillRatio=1.00 weightedPnl=-1.27% dailyPnl=-1.27%
2026-06-02 10:44:29 INFO  SELL_FILLED 080220 reason=VWAP_BREAK remainingQty=0 phase=NONE exitType=VWAP_BREAK
2026-06-02 10:44:29 INFO  BUY [KRX] 080220 mode=VOLUME_BREAKOUT price=45000.0000 qty=22 size=1.0000x score=95(CONV) | WHY: strongBreakout volBreakout retestOK multiUp vol(3.26x) | VWAP: 1.14%(ABOVE slope=UP) allowedGap=2.20% | TREND: score=3 vel=1.35%/1.12%/0.90% accel=true | VOL: 49581.0000/15217.5500 TO: 2231145000.0000/677133947.5000 | HIGH: 45000.0000 fromHigh=0.00% | entryNo=1
2026-06-02 10:44:29 INFO  BUY_FILLED 080220 phase=HOLDING
2026-06-02 10:44:29 INFO  SELL_EXECUTED [KRX] 080220 mode=VOLUME_BREAKOUT phase=EXITING exitType=PROFIT price=47000.0000 qty=22 reason=TAKE_PROFIT_VOLUME_BREAKOUT pnl=4.44% peakPnl=4.44% holdMs=660000 high=47000.0000 avgPrice=45000.0000 weightedPnl=4.40% (pending fill)
2026-06-02 10:44:29 INFO  SELL_FILLED_PNL 080220 reason=TAKE_PROFIT_VOLUME_BREAKOUT filledQty=22/22 fillRatio=1.00 weightedPnl=4.40% dailyPnl=4.40%
2026-06-02 10:44:29 INFO  SELL_FILLED 080220 reason=TAKE_PROFIT_VOLUME_BREAKOUT remainingQty=0 phase=NONE exitType=PROFIT
2026-06-02 10:44:29 INFO  BUY [KRX] 080220 mode=VOLUME_BREAKOUT price=55600.0000 qty=17 size=1.0000x score=95(CONV) | WHY: strongBreakout volBreakout retestOK multiUp vol(3.25x) | VWAP: 1.30%(ABOVE slope=UP) allowedGap=2.20% | TREND: score=3 vel=0.72%/0.54%/0.72% accel=true | VOL: 16177.0000/4972.7500 TO: 899441200.0000/275652247.5000 | HIGH: 55600.0000 fromHigh=0.00% | entryNo=1
2026-06-02 10:44:29 INFO  BUY_FILLED 080220 phase=HOLDING
2026-06-02 10:44:29 INFO  SELL_EXECUTED [KRX] 080220 mode=VOLUME_BREAKOUT phase=EXITING exitType=VWAP_BREAK price=55000.0000 qty=17 reason=VWAP_BREAK pnl=-1.08% peakPnl=0.36% holdMs=4200000 high=55800.0000 avgPrice=55600.0000 weightedPnl=-1.02% (pending fill)
2026-06-02 10:44:29 INFO  SELL_FILLED_PNL 080220 reason=VWAP_BREAK filledQty=17/17 fillRatio=1.00 weightedPnl=-1.02% dailyPnl=-1.02%
2026-06-02 10:44:29 INFO  SELL_FILLED 080220 reason=VWAP_BREAK remainingQty=0 phase=NONE exitType=VWAP_BREAK
2026-06-02 10:44:29 INFO  BUY [KRX] 080220 mode=VOLUME_BREAKOUT price=55300.0000 qty=18 size=1.0000x score=95(CONV) | WHY: strongBreakout volBreakout retestOK multiUp vol(7.07x) | VWAP: 0.96%(ABOVE slope=UP) allowedGap=2.20% | TREND: score=3 vel=0.73%/0.55%/0.73% accel=true | VOL: 29019.0000/4102.4500 TO: 1604750700.0000/225862655.0000 | HIGH: 55300.0000 fromHigh=0.00% | entryNo=1
2026-06-02 10:44:29 INFO  BUY_FILLED 080220 phase=HOLDING
2026-06-02 10:44:29 INFO  SELL_EXECUTED [KRX] 080220 mode=VOLUME_BREAKOUT phase=EXITING exitType=PROFIT price=57400.0000 qty=18 reason=TAKE_PROFIT_VOLUME_BREAKOUT pnl=3.80% peakPnl=3.80% holdMs=2100000 high=57400.0000 avgPrice=55300.0000 weightedPnl=3.78% (pending fill)
2026-06-02 10:44:29 INFO  SELL_FILLED_PNL 080220 reason=TAKE_PROFIT_VOLUME_BREAKOUT filledQty=18/18 fillRatio=1.00 weightedPnl=3.78% dailyPnl=3.78%
2026-06-02 10:44:29 INFO  SELL_FILLED 080220 reason=TAKE_PROFIT_VOLUME_BREAKOUT remainingQty=0 phase=NONE exitType=PROFIT
2026-06-02 10:44:29 INFO  BUY [KRX] 080220 mode=VOLUME_BREAKOUT price=55300.0000 qty=18 size=1.0000x score=95(CONV) | WHY: strongBreakout volBreakout retestOK multiUp vol(7.07x) | VWAP: 0.96%(ABOVE slope=UP) allowedGap=2.20% | TREND: score=3 vel=0.73%/0.55%/0.73% accel=true | VOL: 29019.0000/4102.4500 TO: 1604750700.0000/225862655.0000 | HIGH: 55300.0000 fromHigh=0.00% | entryNo=1
2026-06-02 10:44:29 INFO  BUY_FILLED 080220 phase=HOLDING
2026-06-02 10:44:29 INFO  SELL_EXECUTED [KRX] 080220 mode=VOLUME_BREAKOUT phase=EXITING exitType=PROFIT price=57400.0000 qty=18 reason=TAKE_PROFIT_VOLUME_BREAKOUT pnl=3.80% peakPnl=3.80% holdMs=2100000 high=57400.0000 avgPrice=55300.0000 weightedPnl=3.78% (pending fill)
2026-06-02 10:44:29 INFO  SELL_FILLED_PNL 080220 reason=TAKE_PROFIT_VOLUME_BREAKOUT filledQty=18/18 fillRatio=1.00 weightedPnl=3.78% dailyPnl=3.78%
2026-06-02 10:44:29 INFO  SELL_FILLED 080220 reason=TAKE_PROFIT_VOLUME_BREAKOUT remainingQty=0 phase=NONE exitType=PROFIT
2026-06-02 10:44:29 INFO  BUY [KRX] 080220 mode=VOLUME_BREAKOUT price=58800.0000 qty=17 size=1.0000x score=95(CONV) | WHY: strongBreakout volBreakout retestOK multiUp vol(3.31x) | VWAP: 1.38%(ABOVE slope=UP) allowedGap=2.20% | TREND: score=3 vel=0.51%/0.34%/0.51% accel=true | VOL: 29872.0000/9015.6000 TO: 1756473600.0000/527256535.0000 | HIGH: 58800.0000 fromHigh=0.00% | entryNo=1
2026-06-02 10:44:29 INFO  BUY_FILLED 080220 phase=HOLDING
2026-06-02 10:44:29 INFO  SELL [EOD_FORCE_SELL] 080220 pnl=-0.51% time=15:30
2026-06-02 10:44:29 INFO  SELL_EXECUTED [KRX] 080220 mode=VOLUME_BREAKOUT phase=EXITING exitType=TIMESTOP price=58500.0000 qty=17 reason=EOD_FORCE_SELL pnl=-0.51% peakPnl=0.00% holdMs=1440000 high=58800.0000 avgPrice=58800.0000 weightedPnl=-0.51% (pending fill)
2026-06-02 10:44:29 INFO  SELL_FILLED_PNL 080220 reason=EOD_FORCE_SELL filledQty=17/17 fillRatio=1.00 weightedPnl=-0.51% dailyPnl=-0.51%
2026-06-02 10:44:29 INFO  SELL_FILLED 080220 reason=EOD_FORCE_SELL remainingQty=0 phase=NONE exitType=TIMESTOP
2026-06-02 10:44:29 INFO  BUY [KRX] 080220 mode=VOLUME_BREAKOUT price=55400.0000 qty=14 size=0.8000x score=95(CONV) | WHY: strongBreakout volBreakout retestOK multiUp vol(1.99x) | VWAP: 1.17%(ABOVE slope=UP) allowedGap=2.20% | TREND: score=3 vel=0.36%/0.18%/0.36% accel=true | VOL: 7341.0000/3687.0000 TO: 406691400.0000/202947125.0000 | HIGH: 55400.0000 fromHigh=0.00% | entryNo=1
2026-06-02 10:44:29 INFO  BUY_FILLED 080220 phase=HOLDING
2026-06-02 10:44:29 INFO  SELL [EOD_FORCE_SELL] 080220 pnl=-0.36% time=15:30
2026-06-02 10:44:29 INFO  SELL_EXECUTED [KRX] 080220 mode=VOLUME_BREAKOUT phase=EXITING exitType=TIMESTOP price=55200.0000 qty=14 reason=EOD_FORCE_SELL pnl=-0.36% peakPnl=0.00% holdMs=780000 high=55400.0000 avgPrice=55400.0000 weightedPnl=-0.28% (pending fill)
2026-06-02 10:44:29 INFO  SELL_FILLED_PNL 080220 reason=EOD_FORCE_SELL filledQty=14/14 fillRatio=1.00 weightedPnl=-0.28% dailyPnl=-0.28%
2026-06-02 10:44:29 INFO  SELL_FILLED 080220 reason=EOD_FORCE_SELL remainingQty=0 phase=NONE exitType=TIMESTOP
2026-06-02 10:44:29 INFO  BUY [KRX] 080220 mode=VOLUME_BREAKOUT price=55900.0000 qty=17 size=1.0000x score=95(CONV) | WHY: strongBreakout volBreakout retestOK multiUp vol(4.98x) | VWAP: 1.55%(ABOVE slope=UP) allowedGap=2.20% | TREND: score=3 vel=1.82%/1.27%/1.45% accel=true | VOL: 29831.0000/5993.2500 TO: 1667552900.0000/331923225.0000 | HIGH: 55900.0000 fromHigh=0.00% | entryNo=1
2026-06-02 10:44:29 INFO  BUY_FILLED 080220 phase=HOLDING
2026-06-02 10:44:29 INFO  SELL_EXECUTED [KRX] 080220 mode=VOLUME_BREAKOUT phase=EXITING exitType=PROFIT price=57900.0000 qty=17 reason=TAKE_PROFIT_VOLUME_BREAKOUT pnl=3.58% peakPnl=3.58% holdMs=2160000 high=57900.0000 avgPrice=55900.0000 weightedPnl=3.40% (pending fill)
2026-06-02 10:44:29 INFO  SELL_FILLED_PNL 080220 reason=TAKE_PROFIT_VOLUME_BREAKOUT filledQty=17/17 fillRatio=1.00 weightedPnl=3.40% dailyPnl=3.40%
2026-06-02 10:44:29 INFO  SELL_FILLED 080220 reason=TAKE_PROFIT_VOLUME_BREAKOUT remainingQty=0 phase=NONE exitType=PROFIT
2026-06-02 10:44:30 INFO  BUY [KRX] 080220 mode=VOLUME_BREAKOUT price=95000.0000 qty=10 size=1.0000x score=95(CONV) | WHY: strongBreakout volBreakout retestOK multiUp vol(4.10x) | VWAP: 1.58%(ABOVE slope=UP) allowedGap=2.20% | TREND: score=3 vel=0.74%/0.64%/0.96% accel=true | VOL: 9706.0000/2364.5000 TO: 922070000.0000/223125335.0000 | HIGH: 95000.0000 fromHigh=0.00% | entryNo=1
2026-06-02 10:44:30 INFO  BUY_FILLED 080220 phase=HOLDING
2026-06-02 10:44:30 INFO  SELL [BREAKEVEN_GUARD] 080220 pnl=-0.32% peakPnl=1.37% holdMs=3480000
2026-06-02 10:44:30 INFO  SELL_EXECUTED [KRX] 080220 mode=VOLUME_BREAKOUT phase=EXITING exitType=TRAIL price=94700.0000 qty=10 reason=BREAKEVEN_GUARD pnl=-0.32% peakPnl=1.37% holdMs=3480000 high=96300.0000 avgPrice=95000.0000 weightedPnl=-0.30% (pending fill)
2026-06-02 10:44:30 INFO  SELL_FILLED_PNL 080220 reason=BREAKEVEN_GUARD filledQty=10/10 fillRatio=1.00 weightedPnl=-0.30% dailyPnl=-0.30%
2026-06-02 10:44:30 INFO  SELL_FILLED 080220 reason=BREAKEVEN_GUARD remainingQty=0 phase=NONE exitType=TRAIL
2026-06-02 10:45:08 INFO  BUY amount set for 080220: 1000000.00
2026-06-02 10:45:08 INFO  BUY [KRX] 080220 mode=VOLUME_BREAKOUT price=45300.0000 qty=22 size=1.0000x score=95(CONV) | WHY: strongBreakout volBreakout retestOK multiUp vol(2.44x) | VWAP: 1.23%(ABOVE slope=UP) allowedGap=2.20% | TREND: score=3 vel=0.55%/0.44%/0.55% accel=true | VOL: 8957.0000/3667.0500 TO: 405752100.0000/165170095.0000 | HIGH: 45300.0000 fromHigh=0.00% | entryNo=1
2026-06-02 10:45:08 INFO  BUY_FILLED 080220 phase=HOLDING
2026-06-02 10:45:08 INFO  SELL [EOD_FORCE_SELL] 080220 pnl=1.32% time=15:30
2026-06-02 10:45:08 INFO  SELL_EXECUTED [KRX] 080220 mode=VOLUME_BREAKOUT phase=EXITING exitType=TIMESTOP price=45900.0000 qty=22 reason=EOD_FORCE_SELL pnl=1.32% peakPnl=1.55% holdMs=6540000 high=46000.0000 avgPrice=45300.0000 weightedPnl=1.32% (pending fill)
2026-06-02 10:45:08 INFO  SELL_FILLED_PNL 080220 reason=EOD_FORCE_SELL filledQty=22/22 fillRatio=1.00 weightedPnl=1.32% dailyPnl=1.32%
2026-06-02 10:45:08 INFO  SELL_FILLED 080220 reason=EOD_FORCE_SELL remainingQty=0 phase=NONE exitType=TIMESTOP
2026-06-02 10:45:08 INFO  BUY [KRX] 080220 mode=VOLUME_BREAKOUT price=45300.0000 qty=22 size=1.0000x score=95(CONV) | WHY: strongBreakout volBreakout retestOK multiUp vol(2.66x) | VWAP: 1.47%(ABOVE slope=UP) allowedGap=2.20% | TREND: score=3 vel=0.55%/0.44%/0.55% accel=true | VOL: 15819.0000/5940.8000 TO: 716600700.0000/267709562.5000 | HIGH: 45300.0000 fromHigh=0.00% | entryNo=1
2026-06-02 10:45:08 INFO  BUY_FILLED 080220 phase=HOLDING
2026-06-02 10:45:08 INFO  SELL_EXECUTED [KRX] 080220 mode=VOLUME_BREAKOUT phase=EXITING exitType=VWAP_BREAK price=44600.0000 qty=22 reason=VWAP_BREAK pnl=-1.55% peakPnl=0.33% holdMs=4140000 high=45450.0000 avgPrice=45300.0000 weightedPnl=-1.54% (pending fill)
2026-06-02 10:45:08 INFO  SELL_FILLED_PNL 080220 reason=VWAP_BREAK filledQty=22/22 fillRatio=1.00 weightedPnl=-1.54% dailyPnl=-1.54%
2026-06-02 10:45:08 INFO  SELL_FILLED 080220 reason=VWAP_BREAK remainingQty=0 phase=NONE exitType=VWAP_BREAK
2026-06-02 10:45:08 INFO  BUY [KRX] 080220 mode=VOLUME_BREAKOUT price=44200.0000 qty=18 size=0.8000x score=95(CONV) | WHY: strongBreakout volBreakout retestOK multiUp vol(2.25x) | VWAP: 1.73%(ABOVE slope=UP) allowedGap=2.20% | TREND: score=3 vel=0.63%/0.45%/0.57% accel=true | VOL: 11593.0000/5163.3000 TO: 512410600.0000/227462305.0000 | HIGH: 44200.0000 fromHigh=0.00% | entryNo=1
2026-06-02 10:45:08 INFO  BUY_FILLED 080220 phase=HOLDING
2026-06-02 10:45:08 INFO  SELL_EXECUTED [KRX] 080220 mode=VOLUME_BREAKOUT phase=EXITING exitType=VWAP_BREAK price=43900.0000 qty=18 reason=VWAP_BREAK pnl=-0.68% peakPnl=0.57% holdMs=7260000 high=44450.0000 avgPrice=44200.0000 weightedPnl=-0.54% (pending fill)
2026-06-02 10:45:08 INFO  SELL_FILLED_PNL 080220 reason=VWAP_BREAK filledQty=18/18 fillRatio=1.00 weightedPnl=-0.54% dailyPnl=-0.54%
2026-06-02 10:45:08 INFO  SELL_FILLED 080220 reason=VWAP_BREAK remainingQty=0 phase=NONE exitType=VWAP_BREAK
2026-06-02 10:45:08 INFO  BUY [KRX] 080220 mode=VOLUME_BREAKOUT price=44750.0000 qty=22 size=1.0000x score=95(CONV) | WHY: strongBreakout volBreakout retestOK multiUp vol(4.26x) | VWAP: 1.27%(ABOVE slope=UP) allowedGap=2.20% | TREND: score=3 vel=0.56%/0.45%/0.56% accel=true | VOL: 15932.0000/3740.5500 TO: 712957000.0000/166562935.0000 | HIGH: 44750.0000 fromHigh=0.00% | entryNo=1
2026-06-02 10:45:08 INFO  BUY_FILLED 080220 phase=HOLDING
2026-06-02 10:45:08 INFO  SELL_EXECUTED [KRX] 080220 mode=VOLUME_BREAKOUT phase=EXITING exitType=VWAP_BREAK price=43950.0000 qty=22 reason=VWAP_BREAK pnl=-1.79% peakPnl=-0.11% holdMs=1620000 high=44700.0000 avgPrice=44750.0000 weightedPnl=-1.76% (pending fill)
2026-06-02 10:45:08 INFO  SELL_FILLED_PNL 080220 reason=VWAP_BREAK filledQty=22/22 fillRatio=1.00 weightedPnl=-1.76% dailyPnl=-1.76%
2026-06-02 10:45:08 INFO  SELL_FILLED 080220 reason=VWAP_BREAK remainingQty=0 phase=NONE exitType=VWAP_BREAK
2026-06-02 10:45:08 INFO  BUY [KRX] 080220 mode=VOLUME_BREAKOUT price=40000.0000 qty=25 size=1.0000x score=95(CONV) | WHY: strongBreakout volBreakout retestOK multiUp vol(3.81x) | VWAP: 1.37%(ABOVE slope=UP) allowedGap=2.20% | TREND: score=3 vel=0.50%/0.38%/0.50% accel=true | VOL: 4864.0000/1275.1500 TO: 194560000.0000/50689685.0000 | HIGH: 40000.0000 fromHigh=0.00% | entryNo=1
2026-06-02 10:45:08 INFO  BUY_FILLED 080220 phase=HOLDING
2026-06-02 10:45:08 INFO  SELL [EOD_FORCE_SELL] 080220 pnl=0.38% time=15:30
2026-06-02 10:45:08 INFO  SELL_EXECUTED [KRX] 080220 mode=VOLUME_BREAKOUT phase=EXITING exitType=TIMESTOP price=40150.0000 qty=25 reason=EOD_FORCE_SELL pnl=0.38% peakPnl=2.75% holdMs=9000000 high=41100.0000 avgPrice=40000.0000 weightedPnl=0.38% (pending fill)
2026-06-02 10:45:08 INFO  SELL_FILLED_PNL 080220 reason=EOD_FORCE_SELL filledQty=25/25 fillRatio=1.00 weightedPnl=0.38% dailyPnl=0.38%
2026-06-02 10:45:08 INFO  SELL_FILLED 080220 reason=EOD_FORCE_SELL remainingQty=0 phase=NONE exitType=TIMESTOP
2026-06-02 10:45:08 INFO  BUY [KRX] 080220 mode=VOLUME_BREAKOUT price=36550.0000 qty=27 size=1.0000x score=95(CONV) | WHY: strongBreakout volBreakout retestOK multiUp vol(2.55x) | VWAP: 0.73%(ABOVE slope=UP) allowedGap=2.20% | TREND: score=3 vel=1.11%/0.97%/0.69% accel=true | VOL: 10851.0000/4250.9000 TO: 396604050.0000/154173022.5000 | HIGH: 36550.0000 fromHigh=0.00% | entryNo=1
2026-06-02 10:45:08 INFO  BUY_FILLED 080220 phase=HOLDING
2026-06-02 10:45:08 INFO  SELL [BREAKEVEN_GUARD] 080220 pnl=-0.82% peakPnl=2.19% holdMs=1320000
2026-06-02 10:45:08 INFO  SELL_EXECUTED [KRX] 080220 mode=VOLUME_BREAKOUT phase=EXITING exitType=TRAIL price=36250.0000 qty=27 reason=BREAKEVEN_GUARD pnl=-0.82% peakPnl=2.19% holdMs=1320000 high=37350.0000 avgPrice=36550.0000 weightedPnl=-0.81% (pending fill)
2026-06-02 10:45:08 INFO  SELL_FILLED_PNL 080220 reason=BREAKEVEN_GUARD filledQty=27/27 fillRatio=1.00 weightedPnl=-0.81% dailyPnl=-0.81%
2026-06-02 10:45:08 INFO  SELL_FILLED 080220 reason=BREAKEVEN_GUARD remainingQty=0 phase=NONE exitType=TRAIL
2026-06-02 10:45:08 INFO  BUY [KRX] 080220 mode=VOLUME_BREAKOUT price=41800.0000 qty=23 size=1.0000x score=85(CONV) | WHY: strongBreakout volBreakout retestOK multiUp vol(8.84x) | VWAP: 1.94%(ABOVE slope=UP) allowedGap=2.20% | TREND: score=3 vel=1.03%/0.97%/1.58% accel=true | VOL: 70566.0000/7984.6000 TO: 2949658800.0000/331130468.7500 | HIGH: 41800.0000 fromHigh=0.00% | entryNo=1
2026-06-02 10:45:08 INFO  BUY_FILLED 080220 phase=HOLDING
2026-06-02 10:45:08 INFO  SELL [EOD_FORCE_SELL] 080220 pnl=2.87% time=15:30
2026-06-02 10:45:08 INFO  SELL_EXECUTED [KRX] 080220 mode=VOLUME_BREAKOUT phase=EXITING exitType=TIMESTOP price=43000.0000 qty=23 reason=EOD_FORCE_SELL pnl=2.87% peakPnl=2.87% holdMs=14220000 high=43000.0000 avgPrice=41800.0000 weightedPnl=2.76% (pending fill)
2026-06-02 10:45:08 INFO  SELL_FILLED_PNL 080220 reason=EOD_FORCE_SELL filledQty=23/23 fillRatio=1.00 weightedPnl=2.76% dailyPnl=2.76%
2026-06-02 10:45:08 INFO  SELL_FILLED 080220 reason=EOD_FORCE_SELL remainingQty=0 phase=NONE exitType=TIMESTOP
2026-06-02 10:45:08 INFO  BUY [KRX] 080220 mode=VOLUME_BREAKOUT price=42450.0000 qty=23 size=1.0000x score=95(CONV) | WHY: strongBreakout volBreakout retestOK multiUp vol(6.13x) | VWAP: 0.99%(ABOVE slope=UP) allowedGap=2.20% | TREND: score=3 vel=0.53%/0.47%/0.71% accel=true | VOL: 17533.0000/2859.6000 TO: 744275850.0000/120972606.2500 | HIGH: 42450.0000 fromHigh=0.00% | entryNo=1
2026-06-02 10:45:08 INFO  BUY_FILLED 080220 phase=HOLDING
2026-06-02 10:45:08 INFO  SELL [TRAIL_VOLUME_BREAKOUT] 080220 pnl=0.82% peakPnl=2.94% high=43700.0000 current=42800.0000
2026-06-02 10:45:08 INFO  SELL_EXECUTED [KRX] 080220 mode=VOLUME_BREAKOUT phase=EXITING exitType=TRAIL price=42800.0000 qty=23 reason=TRAIL_VOLUME_BREAKOUT pnl=0.82% peakPnl=2.94% holdMs=2820000 high=43700.0000 avgPrice=42450.0000 weightedPnl=0.80% (pending fill)
2026-06-02 10:45:08 INFO  SELL_FILLED_PNL 080220 reason=TRAIL_VOLUME_BREAKOUT filledQty=23/23 fillRatio=1.00 weightedPnl=0.80% dailyPnl=0.80%
2026-06-02 10:45:08 INFO  SELL_FILLED 080220 reason=TRAIL_VOLUME_BREAKOUT remainingQty=0 phase=NONE exitType=TRAIL
2026-06-02 10:45:08 INFO  BUY [KRX] 080220 mode=PULLBACK price=42900.0000 qty=27 size=1.2000x score=90(CONV) | WHY: zone(-1.27%fromHigh) vel+ avgCross priceAboveAvg vol(1.61x) | VWAP: 0.83%(ABOVE slope=UP) allowedGap=1.00% | TREND: score=3 vel=1.06%/1.42%/1.30% accel=false | VOL: 18938.0000/11771.2500 TO: 812440200.0000/500832616.6667 | HIGH: 43450.0000 fromHigh=-1.27% | entryNo=1
2026-06-02 10:45:08 INFO  BUY_FILLED 080220 phase=HOLDING
2026-06-02 10:45:08 INFO  SELL [EOD_FORCE_SELL] 080220 pnl=0.93% time=15:30
2026-06-02 10:45:08 INFO  SELL_EXECUTED [KRX] 080220 mode=PULLBACK phase=EXITING exitType=TIMESTOP price=43300.0000 qty=27 reason=EOD_FORCE_SELL pnl=0.93% peakPnl=1.63% holdMs=22740000 high=43600.0000 avgPrice=42900.0000 weightedPnl=1.08% (pending fill)
2026-06-02 10:45:08 INFO  SELL_FILLED_PNL 080220 reason=EOD_FORCE_SELL filledQty=27/27 fillRatio=1.00 weightedPnl=1.08% dailyPnl=1.08%
2026-06-02 10:45:08 INFO  SELL_FILLED 080220 reason=EOD_FORCE_SELL remainingQty=0 phase=NONE exitType=TIMESTOP
2026-06-02 10:45:08 INFO  BUY [KRX] 080220 mode=VOLUME_BREAKOUT price=43400.0000 qty=23 size=1.0000x score=95(CONV) | WHY: strongBreakout volBreakout retestOK multiUp vol(5.22x) | VWAP: 1.34%(ABOVE slope=UP) allowedGap=2.20% | TREND: score=3 vel=0.58%/0.46%/0.70% accel=true | VOL: 15267.0000/2922.3500 TO: 662587800.0000/126088270.0000 | HIGH: 43400.0000 fromHigh=0.00% | entryNo=1
2026-06-02 10:45:08 INFO  BUY_FILLED 080220 phase=HOLDING
2026-06-02 10:45:08 INFO  SELL_EXECUTED [KRX] 080220 mode=VOLUME_BREAKOUT phase=EXITING exitType=VWAP_BREAK price=42850.0000 qty=23 reason=VWAP_BREAK pnl=-1.27% peakPnl=0.35% holdMs=13320000 high=43550.0000 avgPrice=43400.0000 weightedPnl=-1.27% (pending fill)
2026-06-02 10:45:08 INFO  SELL_FILLED_PNL 080220 reason=VWAP_BREAK filledQty=23/23 fillRatio=1.00 weightedPnl=-1.27% dailyPnl=-1.27%
2026-06-02 10:45:08 INFO  SELL_FILLED 080220 reason=VWAP_BREAK remainingQty=0 phase=NONE exitType=VWAP_BREAK
2026-06-02 10:45:08 INFO  BUY [KRX] 080220 mode=VOLUME_BREAKOUT price=45000.0000 qty=22 size=1.0000x score=95(CONV) | WHY: strongBreakout volBreakout retestOK multiUp vol(3.26x) | VWAP: 1.14%(ABOVE slope=UP) allowedGap=2.20% | TREND: score=3 vel=1.35%/1.12%/0.90% accel=true | VOL: 49581.0000/15217.5500 TO: 2231145000.0000/677133947.5000 | HIGH: 45000.0000 fromHigh=0.00% | entryNo=1
2026-06-02 10:45:08 INFO  BUY_FILLED 080220 phase=HOLDING
2026-06-02 10:45:08 INFO  SELL_EXECUTED [KRX] 080220 mode=VOLUME_BREAKOUT phase=EXITING exitType=PROFIT price=47000.0000 qty=22 reason=TAKE_PROFIT_VOLUME_BREAKOUT pnl=4.44% peakPnl=4.44% holdMs=660000 high=47000.0000 avgPrice=45000.0000 weightedPnl=4.40% (pending fill)
2026-06-02 10:45:08 INFO  SELL_FILLED_PNL 080220 reason=TAKE_PROFIT_VOLUME_BREAKOUT filledQty=22/22 fillRatio=1.00 weightedPnl=4.40% dailyPnl=4.40%
2026-06-02 10:45:08 INFO  SELL_FILLED 080220 reason=TAKE_PROFIT_VOLUME_BREAKOUT remainingQty=0 phase=NONE exitType=PROFIT
2026-06-02 10:45:09 INFO  BUY [KRX] 080220 mode=VOLUME_BREAKOUT price=55600.0000 qty=17 size=1.0000x score=95(CONV) | WHY: strongBreakout volBreakout retestOK multiUp vol(3.25x) | VWAP: 1.30%(ABOVE slope=UP) allowedGap=2.20% | TREND: score=3 vel=0.72%/0.54%/0.72% accel=true | VOL: 16177.0000/4972.7500 TO: 899441200.0000/275652247.5000 | HIGH: 55600.0000 fromHigh=0.00% | entryNo=1
2026-06-02 10:45:09 INFO  BUY_FILLED 080220 phase=HOLDING
2026-06-02 10:45:09 INFO  SELL_EXECUTED [KRX] 080220 mode=VOLUME_BREAKOUT phase=EXITING exitType=VWAP_BREAK price=55000.0000 qty=17 reason=VWAP_BREAK pnl=-1.08% peakPnl=0.36% holdMs=4200000 high=55800.0000 avgPrice=55600.0000 weightedPnl=-1.02% (pending fill)
2026-06-02 10:45:09 INFO  SELL_FILLED_PNL 080220 reason=VWAP_BREAK filledQty=17/17 fillRatio=1.00 weightedPnl=-1.02% dailyPnl=-1.02%
2026-06-02 10:45:09 INFO  SELL_FILLED 080220 reason=VWAP_BREAK remainingQty=0 phase=NONE exitType=VWAP_BREAK
2026-06-02 10:45:09 INFO  BUY [KRX] 080220 mode=VOLUME_BREAKOUT price=55300.0000 qty=18 size=1.0000x score=95(CONV) | WHY: strongBreakout volBreakout retestOK multiUp vol(7.07x) | VWAP: 0.96%(ABOVE slope=UP) allowedGap=2.20% | TREND: score=3 vel=0.73%/0.55%/0.73% accel=true | VOL: 29019.0000/4102.4500 TO: 1604750700.0000/225862655.0000 | HIGH: 55300.0000 fromHigh=0.00% | entryNo=1
2026-06-02 10:45:09 INFO  BUY_FILLED 080220 phase=HOLDING
2026-06-02 10:45:09 INFO  SELL_EXECUTED [KRX] 080220 mode=VOLUME_BREAKOUT phase=EXITING exitType=PROFIT price=57400.0000 qty=18 reason=TAKE_PROFIT_VOLUME_BREAKOUT pnl=3.80% peakPnl=3.80% holdMs=2100000 high=57400.0000 avgPrice=55300.0000 weightedPnl=3.78% (pending fill)
2026-06-02 10:45:09 INFO  SELL_FILLED_PNL 080220 reason=TAKE_PROFIT_VOLUME_BREAKOUT filledQty=18/18 fillRatio=1.00 weightedPnl=3.78% dailyPnl=3.78%
2026-06-02 10:45:09 INFO  SELL_FILLED 080220 reason=TAKE_PROFIT_VOLUME_BREAKOUT remainingQty=0 phase=NONE exitType=PROFIT
2026-06-02 10:45:09 INFO  BUY [KRX] 080220 mode=VOLUME_BREAKOUT price=55300.0000 qty=18 size=1.0000x score=95(CONV) | WHY: strongBreakout volBreakout retestOK multiUp vol(7.07x) | VWAP: 0.96%(ABOVE slope=UP) allowedGap=2.20% | TREND: score=3 vel=0.73%/0.55%/0.73% accel=true | VOL: 29019.0000/4102.4500 TO: 1604750700.0000/225862655.0000 | HIGH: 55300.0000 fromHigh=0.00% | entryNo=1
2026-06-02 10:45:09 INFO  BUY_FILLED 080220 phase=HOLDING
2026-06-02 10:45:09 INFO  SELL_EXECUTED [KRX] 080220 mode=VOLUME_BREAKOUT phase=EXITING exitType=PROFIT price=57400.0000 qty=18 reason=TAKE_PROFIT_VOLUME_BREAKOUT pnl=3.80% peakPnl=3.80% holdMs=2100000 high=57400.0000 avgPrice=55300.0000 weightedPnl=3.78% (pending fill)
2026-06-02 10:45:09 INFO  SELL_FILLED_PNL 080220 reason=TAKE_PROFIT_VOLUME_BREAKOUT filledQty=18/18 fillRatio=1.00 weightedPnl=3.78% dailyPnl=3.78%
2026-06-02 10:45:09 INFO  SELL_FILLED 080220 reason=TAKE_PROFIT_VOLUME_BREAKOUT remainingQty=0 phase=NONE exitType=PROFIT
2026-06-02 10:45:09 INFO  BUY [KRX] 080220 mode=VOLUME_BREAKOUT price=58800.0000 qty=17 size=1.0000x score=95(CONV) | WHY: strongBreakout volBreakout retestOK multiUp vol(3.31x) | VWAP: 1.38%(ABOVE slope=UP) allowedGap=2.20% | TREND: score=3 vel=0.51%/0.34%/0.51% accel=true | VOL: 29872.0000/9015.6000 TO: 1756473600.0000/527256535.0000 | HIGH: 58800.0000 fromHigh=0.00% | entryNo=1
2026-06-02 10:45:09 INFO  BUY_FILLED 080220 phase=HOLDING
2026-06-02 10:45:09 INFO  SELL [EOD_FORCE_SELL] 080220 pnl=-0.51% time=15:30
2026-06-02 10:45:09 INFO  SELL_EXECUTED [KRX] 080220 mode=VOLUME_BREAKOUT phase=EXITING exitType=TIMESTOP price=58500.0000 qty=17 reason=EOD_FORCE_SELL pnl=-0.51% peakPnl=0.00% holdMs=1440000 high=58800.0000 avgPrice=58800.0000 weightedPnl=-0.51% (pending fill)
2026-06-02 10:45:09 INFO  SELL_FILLED_PNL 080220 reason=EOD_FORCE_SELL filledQty=17/17 fillRatio=1.00 weightedPnl=-0.51% dailyPnl=-0.51%
2026-06-02 10:45:09 INFO  SELL_FILLED 080220 reason=EOD_FORCE_SELL remainingQty=0 phase=NONE exitType=TIMESTOP
2026-06-02 10:45:09 INFO  BUY [KRX] 080220 mode=VOLUME_BREAKOUT price=55400.0000 qty=14 size=0.8000x score=95(CONV) | WHY: strongBreakout volBreakout retestOK multiUp vol(1.99x) | VWAP: 1.17%(ABOVE slope=UP) allowedGap=2.20% | TREND: score=3 vel=0.36%/0.18%/0.36% accel=true | VOL: 7341.0000/3687.0000 TO: 406691400.0000/202947125.0000 | HIGH: 55400.0000 fromHigh=0.00% | entryNo=1
2026-06-02 10:45:09 INFO  BUY_FILLED 080220 phase=HOLDING
2026-06-02 10:45:09 INFO  SELL [EOD_FORCE_SELL] 080220 pnl=-0.36% time=15:30
2026-06-02 10:45:09 INFO  SELL_EXECUTED [KRX] 080220 mode=VOLUME_BREAKOUT phase=EXITING exitType=TIMESTOP price=55200.0000 qty=14 reason=EOD_FORCE_SELL pnl=-0.36% peakPnl=0.00% holdMs=780000 high=55400.0000 avgPrice=55400.0000 weightedPnl=-0.28% (pending fill)
2026-06-02 10:45:09 INFO  SELL_FILLED_PNL 080220 reason=EOD_FORCE_SELL filledQty=14/14 fillRatio=1.00 weightedPnl=-0.28% dailyPnl=-0.28%
2026-06-02 10:45:09 INFO  SELL_FILLED 080220 reason=EOD_FORCE_SELL remainingQty=0 phase=NONE exitType=TIMESTOP
2026-06-02 10:45:09 INFO  BUY [KRX] 080220 mode=VOLUME_BREAKOUT price=55900.0000 qty=17 size=1.0000x score=95(CONV) | WHY: strongBreakout volBreakout retestOK multiUp vol(4.98x) | VWAP: 1.55%(ABOVE slope=UP) allowedGap=2.20% | TREND: score=3 vel=1.82%/1.27%/1.45% accel=true | VOL: 29831.0000/5993.2500 TO: 1667552900.0000/331923225.0000 | HIGH: 55900.0000 fromHigh=0.00% | entryNo=1
2026-06-02 10:45:09 INFO  BUY_FILLED 080220 phase=HOLDING
2026-06-02 10:45:09 INFO  SELL_EXECUTED [KRX] 080220 mode=VOLUME_BREAKOUT phase=EXITING exitType=PROFIT price=57900.0000 qty=17 reason=TAKE_PROFIT_VOLUME_BREAKOUT pnl=3.58% peakPnl=3.58% holdMs=2160000 high=57900.0000 avgPrice=55900.0000 weightedPnl=3.40% (pending fill)
2026-06-02 10:45:09 INFO  SELL_FILLED_PNL 080220 reason=TAKE_PROFIT_VOLUME_BREAKOUT filledQty=17/17 fillRatio=1.00 weightedPnl=3.40% dailyPnl=3.40%
2026-06-02 10:45:09 INFO  SELL_FILLED 080220 reason=TAKE_PROFIT_VOLUME_BREAKOUT remainingQty=0 phase=NONE exitType=PROFIT
2026-06-02 10:45:09 INFO  BUY [KRX] 080220 mode=VOLUME_BREAKOUT price=95000.0000 qty=10 size=1.0000x score=95(CONV) | WHY: strongBreakout volBreakout retestOK multiUp vol(4.10x) | VWAP: 1.58%(ABOVE slope=UP) allowedGap=2.20% | TREND: score=3 vel=0.74%/0.64%/0.96% accel=true | VOL: 9706.0000/2364.5000 TO: 922070000.0000/223125335.0000 | HIGH: 95000.0000 fromHigh=0.00% | entryNo=1
2026-06-02 10:45:09 INFO  BUY_FILLED 080220 phase=HOLDING
2026-06-02 10:45:09 INFO  SELL [BREAKEVEN_GUARD] 080220 pnl=-0.32% peakPnl=1.37% holdMs=3480000
2026-06-02 10:45:09 INFO  SELL_EXECUTED [KRX] 080220 mode=VOLUME_BREAKOUT phase=EXITING exitType=TRAIL price=94700.0000 qty=10 reason=BREAKEVEN_GUARD pnl=-0.32% peakPnl=1.37% holdMs=3480000 high=96300.0000 avgPrice=95000.0000 weightedPnl=-0.30% (pending fill)
2026-06-02 10:45:09 INFO  SELL_FILLED_PNL 080220 reason=BREAKEVEN_GUARD filledQty=10/10 fillRatio=1.00 weightedPnl=-0.30% dailyPnl=-0.30%
2026-06-02 10:45:09 INFO  SELL_FILLED 080220 reason=BREAKEVEN_GUARD remainingQty=0 phase=NONE exitType=TRAIL
2026-06-02 10:45:14 INFO  BUY amount set for 080220: 1000000.00
2026-06-02 10:45:14 INFO  BUY [KRX] 080220 mode=VOLUME_BREAKOUT price=45300.0000 qty=22 size=1.0000x score=95(CONV) | WHY: strongBreakout volBreakout retestOK multiUp vol(2.44x) | VWAP: 1.23%(ABOVE slope=UP) allowedGap=2.20% | TREND: score=3 vel=0.55%/0.44%/0.55% accel=true | VOL: 8957.0000/3667.0500 TO: 405752100.0000/165170095.0000 | HIGH: 45300.0000 fromHigh=0.00% | entryNo=1
2026-06-02 10:45:14 INFO  BUY_FILLED 080220 phase=HOLDING
2026-06-02 10:45:14 INFO  SELL [EOD_FORCE_SELL] 080220 pnl=1.32% time=15:30
2026-06-02 10:45:14 INFO  SELL_EXECUTED [KRX] 080220 mode=VOLUME_BREAKOUT phase=EXITING exitType=TIMESTOP price=45900.0000 qty=22 reason=EOD_FORCE_SELL pnl=1.32% peakPnl=1.55% holdMs=6540000 high=46000.0000 avgPrice=45300.0000 weightedPnl=1.32% (pending fill)
2026-06-02 10:45:14 INFO  SELL_FILLED_PNL 080220 reason=EOD_FORCE_SELL filledQty=22/22 fillRatio=1.00 weightedPnl=1.32% dailyPnl=1.32%
2026-06-02 10:45:14 INFO  SELL_FILLED 080220 reason=EOD_FORCE_SELL remainingQty=0 phase=NONE exitType=TIMESTOP
2026-06-02 10:45:14 INFO  BUY [KRX] 080220 mode=VOLUME_BREAKOUT price=45300.0000 qty=22 size=1.0000x score=95(CONV) | WHY: strongBreakout volBreakout retestOK multiUp vol(2.66x) | VWAP: 1.47%(ABOVE slope=UP) allowedGap=2.20% | TREND: score=3 vel=0.55%/0.44%/0.55% accel=true | VOL: 15819.0000/5940.8000 TO: 716600700.0000/267709562.5000 | HIGH: 45300.0000 fromHigh=0.00% | entryNo=1
2026-06-02 10:45:14 INFO  BUY_FILLED 080220 phase=HOLDING
2026-06-02 10:45:14 INFO  SELL_EXECUTED [KRX] 080220 mode=VOLUME_BREAKOUT phase=EXITING exitType=VWAP_BREAK price=44600.0000 qty=22 reason=VWAP_BREAK pnl=-1.55% peakPnl=0.33% holdMs=4140000 high=45450.0000 avgPrice=45300.0000 weightedPnl=-1.54% (pending fill)
2026-06-02 10:45:14 INFO  SELL_FILLED_PNL 080220 reason=VWAP_BREAK filledQty=22/22 fillRatio=1.00 weightedPnl=-1.54% dailyPnl=-1.54%
2026-06-02 10:45:14 INFO  SELL_FILLED 080220 reason=VWAP_BREAK remainingQty=0 phase=NONE exitType=VWAP_BREAK
2026-06-02 10:45:14 INFO  BUY [KRX] 080220 mode=VOLUME_BREAKOUT price=44200.0000 qty=18 size=0.8000x score=95(CONV) | WHY: strongBreakout volBreakout retestOK multiUp vol(2.25x) | VWAP: 1.73%(ABOVE slope=UP) allowedGap=2.20% | TREND: score=3 vel=0.63%/0.45%/0.57% accel=true | VOL: 11593.0000/5163.3000 TO: 512410600.0000/227462305.0000 | HIGH: 44200.0000 fromHigh=0.00% | entryNo=1
2026-06-02 10:45:14 INFO  BUY_FILLED 080220 phase=HOLDING
2026-06-02 10:45:14 INFO  SELL_EXECUTED [KRX] 080220 mode=VOLUME_BREAKOUT phase=EXITING exitType=VWAP_BREAK price=43900.0000 qty=18 reason=VWAP_BREAK pnl=-0.68% peakPnl=0.57% holdMs=7260000 high=44450.0000 avgPrice=44200.0000 weightedPnl=-0.54% (pending fill)
2026-06-02 10:45:14 INFO  SELL_FILLED_PNL 080220 reason=VWAP_BREAK filledQty=18/18 fillRatio=1.00 weightedPnl=-0.54% dailyPnl=-0.54%
2026-06-02 10:45:14 INFO  SELL_FILLED 080220 reason=VWAP_BREAK remainingQty=0 phase=NONE exitType=VWAP_BREAK
2026-06-02 10:45:14 INFO  BUY [KRX] 080220 mode=VOLUME_BREAKOUT price=44750.0000 qty=22 size=1.0000x score=95(CONV) | WHY: strongBreakout volBreakout retestOK multiUp vol(4.26x) | VWAP: 1.27%(ABOVE slope=UP) allowedGap=2.20% | TREND: score=3 vel=0.56%/0.45%/0.56% accel=true | VOL: 15932.0000/3740.5500 TO: 712957000.0000/166562935.0000 | HIGH: 44750.0000 fromHigh=0.00% | entryNo=1
2026-06-02 10:45:14 INFO  BUY_FILLED 080220 phase=HOLDING
2026-06-02 10:45:14 INFO  SELL_EXECUTED [KRX] 080220 mode=VOLUME_BREAKOUT phase=EXITING exitType=VWAP_BREAK price=43950.0000 qty=22 reason=VWAP_BREAK pnl=-1.79% peakPnl=-0.11% holdMs=1620000 high=44700.0000 avgPrice=44750.0000 weightedPnl=-1.76% (pending fill)
2026-06-02 10:45:14 INFO  SELL_FILLED_PNL 080220 reason=VWAP_BREAK filledQty=22/22 fillRatio=1.00 weightedPnl=-1.76% dailyPnl=-1.76%
2026-06-02 10:45:14 INFO  SELL_FILLED 080220 reason=VWAP_BREAK remainingQty=0 phase=NONE exitType=VWAP_BREAK
2026-06-02 10:45:14 INFO  BUY [KRX] 080220 mode=VOLUME_BREAKOUT price=40000.0000 qty=25 size=1.0000x score=95(CONV) | WHY: strongBreakout volBreakout retestOK multiUp vol(3.81x) | VWAP: 1.37%(ABOVE slope=UP) allowedGap=2.20% | TREND: score=3 vel=0.50%/0.38%/0.50% accel=true | VOL: 4864.0000/1275.1500 TO: 194560000.0000/50689685.0000 | HIGH: 40000.0000 fromHigh=0.00% | entryNo=1
2026-06-02 10:45:14 INFO  BUY_FILLED 080220 phase=HOLDING
2026-06-02 10:45:14 INFO  SELL [EOD_FORCE_SELL] 080220 pnl=0.38% time=15:30
2026-06-02 10:45:14 INFO  SELL_EXECUTED [KRX] 080220 mode=VOLUME_BREAKOUT phase=EXITING exitType=TIMESTOP price=40150.0000 qty=25 reason=EOD_FORCE_SELL pnl=0.38% peakPnl=2.75% holdMs=9000000 high=41100.0000 avgPrice=40000.0000 weightedPnl=0.38% (pending fill)
2026-06-02 10:45:14 INFO  SELL_FILLED_PNL 080220 reason=EOD_FORCE_SELL filledQty=25/25 fillRatio=1.00 weightedPnl=0.38% dailyPnl=0.38%
2026-06-02 10:45:14 INFO  SELL_FILLED 080220 reason=EOD_FORCE_SELL remainingQty=0 phase=NONE exitType=TIMESTOP
2026-06-02 10:45:14 INFO  BUY [KRX] 080220 mode=VOLUME_BREAKOUT price=36550.0000 qty=27 size=1.0000x score=95(CONV) | WHY: strongBreakout volBreakout retestOK multiUp vol(2.55x) | VWAP: 0.73%(ABOVE slope=UP) allowedGap=2.20% | TREND: score=3 vel=1.11%/0.97%/0.69% accel=true | VOL: 10851.0000/4250.9000 TO: 396604050.0000/154173022.5000 | HIGH: 36550.0000 fromHigh=0.00% | entryNo=1
2026-06-02 10:45:14 INFO  BUY_FILLED 080220 phase=HOLDING
2026-06-02 10:45:14 INFO  SELL [BREAKEVEN_GUARD] 080220 pnl=-0.82% peakPnl=2.19% holdMs=1320000
2026-06-02 10:45:14 INFO  SELL_EXECUTED [KRX] 080220 mode=VOLUME_BREAKOUT phase=EXITING exitType=TRAIL price=36250.0000 qty=27 reason=BREAKEVEN_GUARD pnl=-0.82% peakPnl=2.19% holdMs=1320000 high=37350.0000 avgPrice=36550.0000 weightedPnl=-0.81% (pending fill)
2026-06-02 10:45:14 INFO  SELL_FILLED_PNL 080220 reason=BREAKEVEN_GUARD filledQty=27/27 fillRatio=1.00 weightedPnl=-0.81% dailyPnl=-0.81%
2026-06-02 10:45:14 INFO  SELL_FILLED 080220 reason=BREAKEVEN_GUARD remainingQty=0 phase=NONE exitType=TRAIL
2026-06-02 10:45:14 INFO  BUY [KRX] 080220 mode=VOLUME_BREAKOUT price=41800.0000 qty=23 size=1.0000x score=85(CONV) | WHY: strongBreakout volBreakout retestOK multiUp vol(8.84x) | VWAP: 1.94%(ABOVE slope=UP) allowedGap=2.20% | TREND: score=3 vel=1.03%/0.97%/1.58% accel=true | VOL: 70566.0000/7984.6000 TO: 2949658800.0000/331130468.7500 | HIGH: 41800.0000 fromHigh=0.00% | entryNo=1
2026-06-02 10:45:14 INFO  BUY_FILLED 080220 phase=HOLDING
2026-06-02 10:45:14 INFO  SELL [EOD_FORCE_SELL] 080220 pnl=2.87% time=15:30
2026-06-02 10:45:14 INFO  SELL_EXECUTED [KRX] 080220 mode=VOLUME_BREAKOUT phase=EXITING exitType=TIMESTOP price=43000.0000 qty=23 reason=EOD_FORCE_SELL pnl=2.87% peakPnl=2.87% holdMs=14220000 high=43000.0000 avgPrice=41800.0000 weightedPnl=2.76% (pending fill)
2026-06-02 10:45:14 INFO  SELL_FILLED_PNL 080220 reason=EOD_FORCE_SELL filledQty=23/23 fillRatio=1.00 weightedPnl=2.76% dailyPnl=2.76%
2026-06-02 10:45:14 INFO  SELL_FILLED 080220 reason=EOD_FORCE_SELL remainingQty=0 phase=NONE exitType=TIMESTOP
2026-06-02 10:45:14 INFO  BUY [KRX] 080220 mode=VOLUME_BREAKOUT price=42450.0000 qty=23 size=1.0000x score=95(CONV) | WHY: strongBreakout volBreakout retestOK multiUp vol(6.13x) | VWAP: 0.99%(ABOVE slope=UP) allowedGap=2.20% | TREND: score=3 vel=0.53%/0.47%/0.71% accel=true | VOL: 17533.0000/2859.6000 TO: 744275850.0000/120972606.2500 | HIGH: 42450.0000 fromHigh=0.00% | entryNo=1
2026-06-02 10:45:14 INFO  BUY_FILLED 080220 phase=HOLDING
2026-06-02 10:45:14 INFO  SELL [TRAIL_VOLUME_BREAKOUT] 080220 pnl=0.82% peakPnl=2.94% high=43700.0000 current=42800.0000
2026-06-02 10:45:14 INFO  SELL_EXECUTED [KRX] 080220 mode=VOLUME_BREAKOUT phase=EXITING exitType=TRAIL price=42800.0000 qty=23 reason=TRAIL_VOLUME_BREAKOUT pnl=0.82% peakPnl=2.94% holdMs=2820000 high=43700.0000 avgPrice=42450.0000 weightedPnl=0.80% (pending fill)
2026-06-02 10:45:14 INFO  SELL_FILLED_PNL 080220 reason=TRAIL_VOLUME_BREAKOUT filledQty=23/23 fillRatio=1.00 weightedPnl=0.80% dailyPnl=0.80%
2026-06-02 10:45:14 INFO  SELL_FILLED 080220 reason=TRAIL_VOLUME_BREAKOUT remainingQty=0 phase=NONE exitType=TRAIL
2026-06-02 10:45:14 INFO  BUY [KRX] 080220 mode=PULLBACK price=42900.0000 qty=27 size=1.2000x score=90(CONV) | WHY: zone(-1.27%fromHigh) vel+ avgCross priceAboveAvg vol(1.61x) | VWAP: 0.83%(ABOVE slope=UP) allowedGap=1.00% | TREND: score=3 vel=1.06%/1.42%/1.30% accel=false | VOL: 18938.0000/11771.2500 TO: 812440200.0000/500832616.6667 | HIGH: 43450.0000 fromHigh=-1.27% | entryNo=1
2026-06-02 10:45:14 INFO  BUY_FILLED 080220 phase=HOLDING
2026-06-02 10:45:14 INFO  SELL [EOD_FORCE_SELL] 080220 pnl=0.93% time=15:30
2026-06-02 10:45:14 INFO  SELL_EXECUTED [KRX] 080220 mode=PULLBACK phase=EXITING exitType=TIMESTOP price=43300.0000 qty=27 reason=EOD_FORCE_SELL pnl=0.93% peakPnl=1.63% holdMs=22740000 high=43600.0000 avgPrice=42900.0000 weightedPnl=1.08% (pending fill)
2026-06-02 10:45:14 INFO  SELL_FILLED_PNL 080220 reason=EOD_FORCE_SELL filledQty=27/27 fillRatio=1.00 weightedPnl=1.08% dailyPnl=1.08%
2026-06-02 10:45:14 INFO  SELL_FILLED 080220 reason=EOD_FORCE_SELL remainingQty=0 phase=NONE exitType=TIMESTOP
2026-06-02 10:45:14 INFO  BUY [KRX] 080220 mode=VOLUME_BREAKOUT price=43400.0000 qty=23 size=1.0000x score=95(CONV) | WHY: strongBreakout volBreakout retestOK multiUp vol(5.22x) | VWAP: 1.34%(ABOVE slope=UP) allowedGap=2.20% | TREND: score=3 vel=0.58%/0.46%/0.70% accel=true | VOL: 15267.0000/2922.3500 TO: 662587800.0000/126088270.0000 | HIGH: 43400.0000 fromHigh=0.00% | entryNo=1
2026-06-02 10:45:14 INFO  BUY_FILLED 080220 phase=HOLDING
2026-06-02 10:45:14 INFO  SELL_EXECUTED [KRX] 080220 mode=VOLUME_BREAKOUT phase=EXITING exitType=VWAP_BREAK price=42850.0000 qty=23 reason=VWAP_BREAK pnl=-1.27% peakPnl=0.35% holdMs=13320000 high=43550.0000 avgPrice=43400.0000 weightedPnl=-1.27% (pending fill)
2026-06-02 10:45:14 INFO  SELL_FILLED_PNL 080220 reason=VWAP_BREAK filledQty=23/23 fillRatio=1.00 weightedPnl=-1.27% dailyPnl=-1.27%
2026-06-02 10:45:14 INFO  SELL_FILLED 080220 reason=VWAP_BREAK remainingQty=0 phase=NONE exitType=VWAP_BREAK
2026-06-02 10:45:14 INFO  BUY [KRX] 080220 mode=VOLUME_BREAKOUT price=45000.0000 qty=22 size=1.0000x score=95(CONV) | WHY: strongBreakout volBreakout retestOK multiUp vol(3.26x) | VWAP: 1.14%(ABOVE slope=UP) allowedGap=2.20% | TREND: score=3 vel=1.35%/1.12%/0.90% accel=true | VOL: 49581.0000/15217.5500 TO: 2231145000.0000/677133947.5000 | HIGH: 45000.0000 fromHigh=0.00% | entryNo=1
2026-06-02 10:45:14 INFO  BUY_FILLED 080220 phase=HOLDING
2026-06-02 10:45:14 INFO  SELL_EXECUTED [KRX] 080220 mode=VOLUME_BREAKOUT phase=EXITING exitType=PROFIT price=47000.0000 qty=22 reason=TAKE_PROFIT_VOLUME_BREAKOUT pnl=4.44% peakPnl=4.44% holdMs=660000 high=47000.0000 avgPrice=45000.0000 weightedPnl=4.40% (pending fill)
2026-06-02 10:45:14 INFO  SELL_FILLED_PNL 080220 reason=TAKE_PROFIT_VOLUME_BREAKOUT filledQty=22/22 fillRatio=1.00 weightedPnl=4.40% dailyPnl=4.40%
2026-06-02 10:45:14 INFO  SELL_FILLED 080220 reason=TAKE_PROFIT_VOLUME_BREAKOUT remainingQty=0 phase=NONE exitType=PROFIT
2026-06-02 10:45:14 INFO  BUY [KRX] 080220 mode=VOLUME_BREAKOUT price=55600.0000 qty=17 size=1.0000x score=95(CONV) | WHY: strongBreakout volBreakout retestOK multiUp vol(3.25x) | VWAP: 1.30%(ABOVE slope=UP) allowedGap=2.20% | TREND: score=3 vel=0.72%/0.54%/0.72% accel=true | VOL: 16177.0000/4972.7500 TO: 899441200.0000/275652247.5000 | HIGH: 55600.0000 fromHigh=0.00% | entryNo=1
2026-06-02 10:45:14 INFO  BUY_FILLED 080220 phase=HOLDING
2026-06-02 10:45:14 INFO  SELL_EXECUTED [KRX] 080220 mode=VOLUME_BREAKOUT phase=EXITING exitType=VWAP_BREAK price=55000.0000 qty=17 reason=VWAP_BREAK pnl=-1.08% peakPnl=0.36% holdMs=4200000 high=55800.0000 avgPrice=55600.0000 weightedPnl=-1.02% (pending fill)
2026-06-02 10:45:14 INFO  SELL_FILLED_PNL 080220 reason=VWAP_BREAK filledQty=17/17 fillRatio=1.00 weightedPnl=-1.02% dailyPnl=-1.02%
2026-06-02 10:45:14 INFO  SELL_FILLED 080220 reason=VWAP_BREAK remainingQty=0 phase=NONE exitType=VWAP_BREAK
2026-06-02 10:45:14 INFO  BUY [KRX] 080220 mode=VOLUME_BREAKOUT price=55300.0000 qty=18 size=1.0000x score=95(CONV) | WHY: strongBreakout volBreakout retestOK multiUp vol(7.07x) | VWAP: 0.96%(ABOVE slope=UP) allowedGap=2.20% | TREND: score=3 vel=0.73%/0.55%/0.73% accel=true | VOL: 29019.0000/4102.4500 TO: 1604750700.0000/225862655.0000 | HIGH: 55300.0000 fromHigh=0.00% | entryNo=1
2026-06-02 10:45:14 INFO  BUY_FILLED 080220 phase=HOLDING
2026-06-02 10:45:14 INFO  SELL_EXECUTED [KRX] 080220 mode=VOLUME_BREAKOUT phase=EXITING exitType=PROFIT price=57400.0000 qty=18 reason=TAKE_PROFIT_VOLUME_BREAKOUT pnl=3.80% peakPnl=3.80% holdMs=2100000 high=57400.0000 avgPrice=55300.0000 weightedPnl=3.78% (pending fill)
2026-06-02 10:45:14 INFO  SELL_FILLED_PNL 080220 reason=TAKE_PROFIT_VOLUME_BREAKOUT filledQty=18/18 fillRatio=1.00 weightedPnl=3.78% dailyPnl=3.78%
2026-06-02 10:45:14 INFO  SELL_FILLED 080220 reason=TAKE_PROFIT_VOLUME_BREAKOUT remainingQty=0 phase=NONE exitType=PROFIT
2026-06-02 10:45:14 INFO  BUY [KRX] 080220 mode=VOLUME_BREAKOUT price=55300.0000 qty=18 size=1.0000x score=95(CONV) | WHY: strongBreakout volBreakout retestOK multiUp vol(7.07x) | VWAP: 0.96%(ABOVE slope=UP) allowedGap=2.20% | TREND: score=3 vel=0.73%/0.55%/0.73% accel=true | VOL: 29019.0000/4102.4500 TO: 1604750700.0000/225862655.0000 | HIGH: 55300.0000 fromHigh=0.00% | entryNo=1
2026-06-02 10:45:14 INFO  BUY_FILLED 080220 phase=HOLDING
2026-06-02 10:45:14 INFO  SELL_EXECUTED [KRX] 080220 mode=VOLUME_BREAKOUT phase=EXITING exitType=PROFIT price=57400.0000 qty=18 reason=TAKE_PROFIT_VOLUME_BREAKOUT pnl=3.80% peakPnl=3.80% holdMs=2100000 high=57400.0000 avgPrice=55300.0000 weightedPnl=3.78% (pending fill)
2026-06-02 10:45:14 INFO  SELL_FILLED_PNL 080220 reason=TAKE_PROFIT_VOLUME_BREAKOUT filledQty=18/18 fillRatio=1.00 weightedPnl=3.78% dailyPnl=3.78%
2026-06-02 10:45:14 INFO  SELL_FILLED 080220 reason=TAKE_PROFIT_VOLUME_BREAKOUT remainingQty=0 phase=NONE exitType=PROFIT
2026-06-02 10:45:14 INFO  BUY [KRX] 080220 mode=VOLUME_BREAKOUT price=58800.0000 qty=17 size=1.0000x score=95(CONV) | WHY: strongBreakout volBreakout retestOK multiUp vol(3.31x) | VWAP: 1.38%(ABOVE slope=UP) allowedGap=2.20% | TREND: score=3 vel=0.51%/0.34%/0.51% accel=true | VOL: 29872.0000/9015.6000 TO: 1756473600.0000/527256535.0000 | HIGH: 58800.0000 fromHigh=0.00% | entryNo=1
2026-06-02 10:45:14 INFO  BUY_FILLED 080220 phase=HOLDING
2026-06-02 10:45:14 INFO  SELL [EOD_FORCE_SELL] 080220 pnl=-0.51% time=15:30
2026-06-02 10:45:14 INFO  SELL_EXECUTED [KRX] 080220 mode=VOLUME_BREAKOUT phase=EXITING exitType=TIMESTOP price=58500.0000 qty=17 reason=EOD_FORCE_SELL pnl=-0.51% peakPnl=0.00% holdMs=1440000 high=58800.0000 avgPrice=58800.0000 weightedPnl=-0.51% (pending fill)
2026-06-02 10:45:14 INFO  SELL_FILLED_PNL 080220 reason=EOD_FORCE_SELL filledQty=17/17 fillRatio=1.00 weightedPnl=-0.51% dailyPnl=-0.51%
2026-06-02 10:45:14 INFO  SELL_FILLED 080220 reason=EOD_FORCE_SELL remainingQty=0 phase=NONE exitType=TIMESTOP
2026-06-02 10:45:14 INFO  BUY [KRX] 080220 mode=VOLUME_BREAKOUT price=55400.0000 qty=14 size=0.8000x score=95(CONV) | WHY: strongBreakout volBreakout retestOK multiUp vol(1.99x) | VWAP: 1.17%(ABOVE slope=UP) allowedGap=2.20% | TREND: score=3 vel=0.36%/0.18%/0.36% accel=true | VOL: 7341.0000/3687.0000 TO: 406691400.0000/202947125.0000 | HIGH: 55400.0000 fromHigh=0.00% | entryNo=1
2026-06-02 10:45:14 INFO  BUY_FILLED 080220 phase=HOLDING
2026-06-02 10:45:14 INFO  SELL [EOD_FORCE_SELL] 080220 pnl=-0.36% time=15:30
2026-06-02 10:45:14 INFO  SELL_EXECUTED [KRX] 080220 mode=VOLUME_BREAKOUT phase=EXITING exitType=TIMESTOP price=55200.0000 qty=14 reason=EOD_FORCE_SELL pnl=-0.36% peakPnl=0.00% holdMs=780000 high=55400.0000 avgPrice=55400.0000 weightedPnl=-0.28% (pending fill)
2026-06-02 10:45:14 INFO  SELL_FILLED_PNL 080220 reason=EOD_FORCE_SELL filledQty=14/14 fillRatio=1.00 weightedPnl=-0.28% dailyPnl=-0.28%
2026-06-02 10:45:14 INFO  SELL_FILLED 080220 reason=EOD_FORCE_SELL remainingQty=0 phase=NONE exitType=TIMESTOP
2026-06-02 10:45:14 INFO  BUY [KRX] 080220 mode=VOLUME_BREAKOUT price=55900.0000 qty=17 size=1.0000x score=95(CONV) | WHY: strongBreakout volBreakout retestOK multiUp vol(4.98x) | VWAP: 1.55%(ABOVE slope=UP) allowedGap=2.20% | TREND: score=3 vel=1.82%/1.27%/1.45% accel=true | VOL: 29831.0000/5993.2500 TO: 1667552900.0000/331923225.0000 | HIGH: 55900.0000 fromHigh=0.00% | entryNo=1
2026-06-02 10:45:14 INFO  BUY_FILLED 080220 phase=HOLDING
2026-06-02 10:45:14 INFO  SELL_EXECUTED [KRX] 080220 mode=VOLUME_BREAKOUT phase=EXITING exitType=PROFIT price=57900.0000 qty=17 reason=TAKE_PROFIT_VOLUME_BREAKOUT pnl=3.58% peakPnl=3.58% holdMs=2160000 high=57900.0000 avgPrice=55900.0000 weightedPnl=3.40% (pending fill)
2026-06-02 10:45:14 INFO  SELL_FILLED_PNL 080220 reason=TAKE_PROFIT_VOLUME_BREAKOUT filledQty=17/17 fillRatio=1.00 weightedPnl=3.40% dailyPnl=3.40%
2026-06-02 10:45:14 INFO  SELL_FILLED 080220 reason=TAKE_PROFIT_VOLUME_BREAKOUT remainingQty=0 phase=NONE exitType=PROFIT
2026-06-02 10:45:14 INFO  BUY [KRX] 080220 mode=VOLUME_BREAKOUT price=95000.0000 qty=10 size=1.0000x score=95(CONV) | WHY: strongBreakout volBreakout retestOK multiUp vol(4.10x) | VWAP: 1.58%(ABOVE slope=UP) allowedGap=2.20% | TREND: score=3 vel=0.74%/0.64%/0.96% accel=true | VOL: 9706.0000/2364.5000 TO: 922070000.0000/223125335.0000 | HIGH: 95000.0000 fromHigh=0.00% | entryNo=1
2026-06-02 10:45:14 INFO  BUY_FILLED 080220 phase=HOLDING
2026-06-02 10:45:14 INFO  SELL [BREAKEVEN_GUARD] 080220 pnl=-0.32% peakPnl=1.37% holdMs=3480000
2026-06-02 10:45:14 INFO  SELL_EXECUTED [KRX] 080220 mode=VOLUME_BREAKOUT phase=EXITING exitType=TRAIL price=94700.0000 qty=10 reason=BREAKEVEN_GUARD pnl=-0.32% peakPnl=1.37% holdMs=3480000 high=96300.0000 avgPrice=95000.0000 weightedPnl=-0.30% (pending fill)
2026-06-02 10:45:14 INFO  SELL_FILLED_PNL 080220 reason=BREAKEVEN_GUARD filledQty=10/10 fillRatio=1.00 weightedPnl=-0.30% dailyPnl=-0.30%
2026-06-02 10:45:14 INFO  SELL_FILLED 080220 reason=BREAKEVEN_GUARD remainingQty=0 phase=NONE exitType=TRAIL
2026-06-02 10:45:21 INFO  BUY amount set for 080220: 9810000.00
2026-06-02 10:45:21 INFO  BUY [KRX] 080220 mode=VOLUME_BREAKOUT price=45300.0000 qty=216 size=1.0000x score=95(CONV) | WHY: strongBreakout volBreakout retestOK multiUp vol(2.44x) | VWAP: 1.23%(ABOVE slope=UP) allowedGap=2.20% | TREND: score=3 vel=0.55%/0.44%/0.55% accel=true | VOL: 8957.0000/3667.0500 TO: 405752100.0000/165170095.0000 | HIGH: 45300.0000 fromHigh=0.00% | entryNo=1
2026-06-02 10:45:21 INFO  BUY_FILLED 080220 phase=HOLDING
2026-06-02 10:45:21 INFO  SELL [EOD_FORCE_SELL] 080220 pnl=1.32% time=15:30
2026-06-02 10:45:21 INFO  SELL_EXECUTED [KRX] 080220 mode=VOLUME_BREAKOUT phase=EXITING exitType=TIMESTOP price=45900.0000 qty=216 reason=EOD_FORCE_SELL pnl=1.32% peakPnl=1.55% holdMs=6540000 high=46000.0000 avgPrice=45300.0000 weightedPnl=1.32% (pending fill)
2026-06-02 10:45:21 INFO  SELL_FILLED_PNL 080220 reason=EOD_FORCE_SELL filledQty=216/216 fillRatio=1.00 weightedPnl=1.32% dailyPnl=1.32%
2026-06-02 10:45:21 INFO  SELL_FILLED 080220 reason=EOD_FORCE_SELL remainingQty=0 phase=NONE exitType=TIMESTOP
2026-06-02 10:45:21 INFO  BUY [KRX] 080220 mode=VOLUME_BREAKOUT price=45300.0000 qty=216 size=1.0000x score=95(CONV) | WHY: strongBreakout volBreakout retestOK multiUp vol(2.66x) | VWAP: 1.47%(ABOVE slope=UP) allowedGap=2.20% | TREND: score=3 vel=0.55%/0.44%/0.55% accel=true | VOL: 15819.0000/5940.8000 TO: 716600700.0000/267709562.5000 | HIGH: 45300.0000 fromHigh=0.00% | entryNo=1
2026-06-02 10:45:21 INFO  BUY_FILLED 080220 phase=HOLDING
2026-06-02 10:45:21 INFO  SELL_EXECUTED [KRX] 080220 mode=VOLUME_BREAKOUT phase=EXITING exitType=VWAP_BREAK price=44600.0000 qty=216 reason=VWAP_BREAK pnl=-1.55% peakPnl=0.33% holdMs=4140000 high=45450.0000 avgPrice=45300.0000 weightedPnl=-1.54% (pending fill)
2026-06-02 10:45:21 INFO  SELL_FILLED_PNL 080220 reason=VWAP_BREAK filledQty=216/216 fillRatio=1.00 weightedPnl=-1.54% dailyPnl=-1.54%
2026-06-02 10:45:21 INFO  SELL_FILLED 080220 reason=VWAP_BREAK remainingQty=0 phase=NONE exitType=VWAP_BREAK
2026-06-02 10:45:21 INFO  BUY [KRX] 080220 mode=VOLUME_BREAKOUT price=44200.0000 qty=177 size=0.8000x score=95(CONV) | WHY: strongBreakout volBreakout retestOK multiUp vol(2.25x) | VWAP: 1.73%(ABOVE slope=UP) allowedGap=2.20% | TREND: score=3 vel=0.63%/0.45%/0.57% accel=true | VOL: 11593.0000/5163.3000 TO: 512410600.0000/227462305.0000 | HIGH: 44200.0000 fromHigh=0.00% | entryNo=1
2026-06-02 10:45:21 INFO  BUY_FILLED 080220 phase=HOLDING
2026-06-02 10:45:21 INFO  SELL_EXECUTED [KRX] 080220 mode=VOLUME_BREAKOUT phase=EXITING exitType=VWAP_BREAK price=43900.0000 qty=177 reason=VWAP_BREAK pnl=-0.68% peakPnl=0.57% holdMs=7260000 high=44450.0000 avgPrice=44200.0000 weightedPnl=-0.54% (pending fill)
2026-06-02 10:45:21 INFO  SELL_FILLED_PNL 080220 reason=VWAP_BREAK filledQty=177/177 fillRatio=1.00 weightedPnl=-0.54% dailyPnl=-0.54%
2026-06-02 10:45:21 INFO  SELL_FILLED 080220 reason=VWAP_BREAK remainingQty=0 phase=NONE exitType=VWAP_BREAK
2026-06-02 10:45:21 INFO  BUY [KRX] 080220 mode=VOLUME_BREAKOUT price=44750.0000 qty=219 size=1.0000x score=95(CONV) | WHY: strongBreakout volBreakout retestOK multiUp vol(4.26x) | VWAP: 1.27%(ABOVE slope=UP) allowedGap=2.20% | TREND: score=3 vel=0.56%/0.45%/0.56% accel=true | VOL: 15932.0000/3740.5500 TO: 712957000.0000/166562935.0000 | HIGH: 44750.0000 fromHigh=0.00% | entryNo=1
2026-06-02 10:45:21 INFO  BUY_FILLED 080220 phase=HOLDING
2026-06-02 10:45:21 INFO  SELL_EXECUTED [KRX] 080220 mode=VOLUME_BREAKOUT phase=EXITING exitType=VWAP_BREAK price=43950.0000 qty=219 reason=VWAP_BREAK pnl=-1.79% peakPnl=-0.11% holdMs=1620000 high=44700.0000 avgPrice=44750.0000 weightedPnl=-1.79% (pending fill)
2026-06-02 10:45:21 INFO  SELL_FILLED_PNL 080220 reason=VWAP_BREAK filledQty=219/219 fillRatio=1.00 weightedPnl=-1.79% dailyPnl=-1.79%
2026-06-02 10:45:21 INFO  SELL_FILLED 080220 reason=VWAP_BREAK remainingQty=0 phase=NONE exitType=VWAP_BREAK
2026-06-02 10:45:22 INFO  BUY [KRX] 080220 mode=VOLUME_BREAKOUT price=40000.0000 qty=245 size=1.0000x score=95(CONV) | WHY: strongBreakout volBreakout retestOK multiUp vol(3.81x) | VWAP: 1.37%(ABOVE slope=UP) allowedGap=2.20% | TREND: score=3 vel=0.50%/0.38%/0.50% accel=true | VOL: 4864.0000/1275.1500 TO: 194560000.0000/50689685.0000 | HIGH: 40000.0000 fromHigh=0.00% | entryNo=1
2026-06-02 10:45:22 INFO  BUY_FILLED 080220 phase=HOLDING
2026-06-02 10:45:22 INFO  SELL [EOD_FORCE_SELL] 080220 pnl=0.38% time=15:30
2026-06-02 10:45:22 INFO  SELL_EXECUTED [KRX] 080220 mode=VOLUME_BREAKOUT phase=EXITING exitType=TIMESTOP price=40150.0000 qty=245 reason=EOD_FORCE_SELL pnl=0.38% peakPnl=2.75% holdMs=9000000 high=41100.0000 avgPrice=40000.0000 weightedPnl=0.37% (pending fill)
2026-06-02 10:45:22 INFO  SELL_FILLED_PNL 080220 reason=EOD_FORCE_SELL filledQty=245/245 fillRatio=1.00 weightedPnl=0.37% dailyPnl=0.37%
2026-06-02 10:45:22 INFO  SELL_FILLED 080220 reason=EOD_FORCE_SELL remainingQty=0 phase=NONE exitType=TIMESTOP
2026-06-02 10:45:22 INFO  BUY [KRX] 080220 mode=VOLUME_BREAKOUT price=36550.0000 qty=268 size=1.0000x score=95(CONV) | WHY: strongBreakout volBreakout retestOK multiUp vol(2.55x) | VWAP: 0.73%(ABOVE slope=UP) allowedGap=2.20% | TREND: score=3 vel=1.11%/0.97%/0.69% accel=true | VOL: 10851.0000/4250.9000 TO: 396604050.0000/154173022.5000 | HIGH: 36550.0000 fromHigh=0.00% | entryNo=1
2026-06-02 10:45:22 INFO  BUY_FILLED 080220 phase=HOLDING
2026-06-02 10:45:22 INFO  SELL [BREAKEVEN_GUARD] 080220 pnl=-0.82% peakPnl=2.19% holdMs=1320000
2026-06-02 10:45:22 INFO  SELL_EXECUTED [KRX] 080220 mode=VOLUME_BREAKOUT phase=EXITING exitType=TRAIL price=36250.0000 qty=268 reason=BREAKEVEN_GUARD pnl=-0.82% peakPnl=2.19% holdMs=1320000 high=37350.0000 avgPrice=36550.0000 weightedPnl=-0.82% (pending fill)
2026-06-02 10:45:22 INFO  SELL_FILLED_PNL 080220 reason=BREAKEVEN_GUARD filledQty=268/268 fillRatio=1.00 weightedPnl=-0.82% dailyPnl=-0.82%
2026-06-02 10:45:22 INFO  SELL_FILLED 080220 reason=BREAKEVEN_GUARD remainingQty=0 phase=NONE exitType=TRAIL
2026-06-02 10:45:22 INFO  BUY [KRX] 080220 mode=VOLUME_BREAKOUT price=41800.0000 qty=234 size=1.0000x score=85(CONV) | WHY: strongBreakout volBreakout retestOK multiUp vol(8.84x) | VWAP: 1.94%(ABOVE slope=UP) allowedGap=2.20% | TREND: score=3 vel=1.03%/0.97%/1.58% accel=true | VOL: 70566.0000/7984.6000 TO: 2949658800.0000/331130468.7500 | HIGH: 41800.0000 fromHigh=0.00% | entryNo=1
2026-06-02 10:45:22 INFO  BUY_FILLED 080220 phase=HOLDING
2026-06-02 10:45:22 INFO  SELL [EOD_FORCE_SELL] 080220 pnl=2.87% time=15:30
2026-06-02 10:45:22 INFO  SELL_EXECUTED [KRX] 080220 mode=VOLUME_BREAKOUT phase=EXITING exitType=TIMESTOP price=43000.0000 qty=234 reason=EOD_FORCE_SELL pnl=2.87% peakPnl=2.87% holdMs=14220000 high=43000.0000 avgPrice=41800.0000 weightedPnl=2.86% (pending fill)
2026-06-02 10:45:22 INFO  SELL_FILLED_PNL 080220 reason=EOD_FORCE_SELL filledQty=234/234 fillRatio=1.00 weightedPnl=2.86% dailyPnl=2.86%
2026-06-02 10:45:22 INFO  SELL_FILLED 080220 reason=EOD_FORCE_SELL remainingQty=0 phase=NONE exitType=TIMESTOP
2026-06-02 10:45:22 INFO  BUY [KRX] 080220 mode=VOLUME_BREAKOUT price=42450.0000 qty=231 size=1.0000x score=95(CONV) | WHY: strongBreakout volBreakout retestOK multiUp vol(6.13x) | VWAP: 0.99%(ABOVE slope=UP) allowedGap=2.20% | TREND: score=3 vel=0.53%/0.47%/0.71% accel=true | VOL: 17533.0000/2859.6000 TO: 744275850.0000/120972606.2500 | HIGH: 42450.0000 fromHigh=0.00% | entryNo=1
2026-06-02 10:45:22 INFO  BUY_FILLED 080220 phase=HOLDING
2026-06-02 10:45:22 INFO  SELL [TRAIL_VOLUME_BREAKOUT] 080220 pnl=0.82% peakPnl=2.94% high=43700.0000 current=42800.0000
2026-06-02 10:45:22 INFO  SELL_EXECUTED [KRX] 080220 mode=VOLUME_BREAKOUT phase=EXITING exitType=TRAIL price=42800.0000 qty=231 reason=TRAIL_VOLUME_BREAKOUT pnl=0.82% peakPnl=2.94% holdMs=2820000 high=43700.0000 avgPrice=42450.0000 weightedPnl=0.82% (pending fill)
2026-06-02 10:45:22 INFO  SELL_FILLED_PNL 080220 reason=TRAIL_VOLUME_BREAKOUT filledQty=231/231 fillRatio=1.00 weightedPnl=0.82% dailyPnl=0.82%
2026-06-02 10:45:22 INFO  SELL_FILLED 080220 reason=TRAIL_VOLUME_BREAKOUT remainingQty=0 phase=NONE exitType=TRAIL
2026-06-02 10:45:22 INFO  BUY [KRX] 080220 mode=PULLBACK price=42900.0000 qty=274 size=1.2000x score=90(CONV) | WHY: zone(-1.27%fromHigh) vel+ avgCross priceAboveAvg vol(1.61x) | VWAP: 0.83%(ABOVE slope=UP) allowedGap=1.00% | TREND: score=3 vel=1.06%/1.42%/1.30% accel=false | VOL: 18938.0000/11771.2500 TO: 812440200.0000/500832616.6667 | HIGH: 43450.0000 fromHigh=-1.27% | entryNo=1
2026-06-02 10:45:22 INFO  BUY_FILLED 080220 phase=HOLDING
2026-06-02 10:45:22 INFO  SELL [EOD_FORCE_SELL] 080220 pnl=0.93% time=15:30
2026-06-02 10:45:22 INFO  SELL_EXECUTED [KRX] 080220 mode=PULLBACK phase=EXITING exitType=TIMESTOP price=43300.0000 qty=274 reason=EOD_FORCE_SELL pnl=0.93% peakPnl=1.63% holdMs=22740000 high=43600.0000 avgPrice=42900.0000 weightedPnl=1.12% (pending fill)
2026-06-02 10:45:22 INFO  SELL_FILLED_PNL 080220 reason=EOD_FORCE_SELL filledQty=274/274 fillRatio=1.00 weightedPnl=1.12% dailyPnl=1.12%
2026-06-02 10:45:22 INFO  SELL_FILLED 080220 reason=EOD_FORCE_SELL remainingQty=0 phase=NONE exitType=TIMESTOP
2026-06-02 10:45:22 INFO  BUY [KRX] 080220 mode=VOLUME_BREAKOUT price=43400.0000 qty=226 size=1.0000x score=95(CONV) | WHY: strongBreakout volBreakout retestOK multiUp vol(5.22x) | VWAP: 1.34%(ABOVE slope=UP) allowedGap=2.20% | TREND: score=3 vel=0.58%/0.46%/0.70% accel=true | VOL: 15267.0000/2922.3500 TO: 662587800.0000/126088270.0000 | HIGH: 43400.0000 fromHigh=0.00% | entryNo=1
2026-06-02 10:45:22 INFO  BUY_FILLED 080220 phase=HOLDING
2026-06-02 10:45:22 INFO  SELL_EXECUTED [KRX] 080220 mode=VOLUME_BREAKOUT phase=EXITING exitType=VWAP_BREAK price=42850.0000 qty=226 reason=VWAP_BREAK pnl=-1.27% peakPnl=0.35% holdMs=13320000 high=43550.0000 avgPrice=43400.0000 weightedPnl=-1.27% (pending fill)
2026-06-02 10:45:22 INFO  SELL_FILLED_PNL 080220 reason=VWAP_BREAK filledQty=226/226 fillRatio=1.00 weightedPnl=-1.27% dailyPnl=-1.27%
2026-06-02 10:45:22 INFO  SELL_FILLED 080220 reason=VWAP_BREAK remainingQty=0 phase=NONE exitType=VWAP_BREAK
2026-06-02 10:45:22 INFO  BUY [KRX] 080220 mode=VOLUME_BREAKOUT price=45000.0000 qty=218 size=1.0000x score=95(CONV) | WHY: strongBreakout volBreakout retestOK multiUp vol(3.26x) | VWAP: 1.14%(ABOVE slope=UP) allowedGap=2.20% | TREND: score=3 vel=1.35%/1.12%/0.90% accel=true | VOL: 49581.0000/15217.5500 TO: 2231145000.0000/677133947.5000 | HIGH: 45000.0000 fromHigh=0.00% | entryNo=1
2026-06-02 10:45:22 INFO  BUY_FILLED 080220 phase=HOLDING
2026-06-02 10:45:22 INFO  SELL_EXECUTED [KRX] 080220 mode=VOLUME_BREAKOUT phase=EXITING exitType=PROFIT price=47000.0000 qty=218 reason=TAKE_PROFIT_VOLUME_BREAKOUT pnl=4.44% peakPnl=4.44% holdMs=660000 high=47000.0000 avgPrice=45000.0000 weightedPnl=4.44% (pending fill)
2026-06-02 10:45:22 INFO  SELL_FILLED_PNL 080220 reason=TAKE_PROFIT_VOLUME_BREAKOUT filledQty=218/218 fillRatio=1.00 weightedPnl=4.44% dailyPnl=4.44%
2026-06-02 10:45:22 INFO  SELL_FILLED 080220 reason=TAKE_PROFIT_VOLUME_BREAKOUT remainingQty=0 phase=NONE exitType=PROFIT
2026-06-02 10:45:22 INFO  BUY [KRX] 080220 mode=VOLUME_BREAKOUT price=55600.0000 qty=176 size=1.0000x score=95(CONV) | WHY: strongBreakout volBreakout retestOK multiUp vol(3.25x) | VWAP: 1.30%(ABOVE slope=UP) allowedGap=2.20% | TREND: score=3 vel=0.72%/0.54%/0.72% accel=true | VOL: 16177.0000/4972.7500 TO: 899441200.0000/275652247.5000 | HIGH: 55600.0000 fromHigh=0.00% | entryNo=1
2026-06-02 10:45:22 INFO  BUY_FILLED 080220 phase=HOLDING
2026-06-02 10:45:22 INFO  SELL_EXECUTED [KRX] 080220 mode=VOLUME_BREAKOUT phase=EXITING exitType=VWAP_BREAK price=55000.0000 qty=176 reason=VWAP_BREAK pnl=-1.08% peakPnl=0.36% holdMs=4200000 high=55800.0000 avgPrice=55600.0000 weightedPnl=-1.08% (pending fill)
2026-06-02 10:45:22 INFO  SELL_FILLED_PNL 080220 reason=VWAP_BREAK filledQty=176/176 fillRatio=1.00 weightedPnl=-1.08% dailyPnl=-1.08%
2026-06-02 10:45:22 INFO  SELL_FILLED 080220 reason=VWAP_BREAK remainingQty=0 phase=NONE exitType=VWAP_BREAK
2026-06-02 10:45:22 INFO  BUY [KRX] 080220 mode=VOLUME_BREAKOUT price=55300.0000 qty=177 size=1.0000x score=95(CONV) | WHY: strongBreakout volBreakout retestOK multiUp vol(7.07x) | VWAP: 0.96%(ABOVE slope=UP) allowedGap=2.20% | TREND: score=3 vel=0.73%/0.55%/0.73% accel=true | VOL: 29019.0000/4102.4500 TO: 1604750700.0000/225862655.0000 | HIGH: 55300.0000 fromHigh=0.00% | entryNo=1
2026-06-02 10:45:22 INFO  BUY_FILLED 080220 phase=HOLDING
2026-06-02 10:45:22 INFO  SELL_EXECUTED [KRX] 080220 mode=VOLUME_BREAKOUT phase=EXITING exitType=PROFIT price=57400.0000 qty=177 reason=TAKE_PROFIT_VOLUME_BREAKOUT pnl=3.80% peakPnl=3.80% holdMs=2100000 high=57400.0000 avgPrice=55300.0000 weightedPnl=3.79% (pending fill)
2026-06-02 10:45:22 INFO  SELL_FILLED_PNL 080220 reason=TAKE_PROFIT_VOLUME_BREAKOUT filledQty=177/177 fillRatio=1.00 weightedPnl=3.79% dailyPnl=3.79%
2026-06-02 10:45:22 INFO  SELL_FILLED 080220 reason=TAKE_PROFIT_VOLUME_BREAKOUT remainingQty=0 phase=NONE exitType=PROFIT
2026-06-02 10:45:22 INFO  BUY [KRX] 080220 mode=VOLUME_BREAKOUT price=55300.0000 qty=177 size=1.0000x score=95(CONV) | WHY: strongBreakout volBreakout retestOK multiUp vol(7.07x) | VWAP: 0.96%(ABOVE slope=UP) allowedGap=2.20% | TREND: score=3 vel=0.73%/0.55%/0.73% accel=true | VOL: 29019.0000/4102.4500 TO: 1604750700.0000/225862655.0000 | HIGH: 55300.0000 fromHigh=0.00% | entryNo=1
2026-06-02 10:45:22 INFO  BUY_FILLED 080220 phase=HOLDING
2026-06-02 10:45:22 INFO  SELL_EXECUTED [KRX] 080220 mode=VOLUME_BREAKOUT phase=EXITING exitType=PROFIT price=57400.0000 qty=177 reason=TAKE_PROFIT_VOLUME_BREAKOUT pnl=3.80% peakPnl=3.80% holdMs=2100000 high=57400.0000 avgPrice=55300.0000 weightedPnl=3.79% (pending fill)
2026-06-02 10:45:22 INFO  SELL_FILLED_PNL 080220 reason=TAKE_PROFIT_VOLUME_BREAKOUT filledQty=177/177 fillRatio=1.00 weightedPnl=3.79% dailyPnl=3.79%
2026-06-02 10:45:22 INFO  SELL_FILLED 080220 reason=TAKE_PROFIT_VOLUME_BREAKOUT remainingQty=0 phase=NONE exitType=PROFIT
2026-06-02 10:45:22 INFO  BUY [KRX] 080220 mode=VOLUME_BREAKOUT price=58800.0000 qty=166 size=1.0000x score=95(CONV) | WHY: strongBreakout volBreakout retestOK multiUp vol(3.31x) | VWAP: 1.38%(ABOVE slope=UP) allowedGap=2.20% | TREND: score=3 vel=0.51%/0.34%/0.51% accel=true | VOL: 29872.0000/9015.6000 TO: 1756473600.0000/527256535.0000 | HIGH: 58800.0000 fromHigh=0.00% | entryNo=1
2026-06-02 10:45:22 INFO  BUY_FILLED 080220 phase=HOLDING
2026-06-02 10:45:22 INFO  SELL [EOD_FORCE_SELL] 080220 pnl=-0.51% time=15:30
2026-06-02 10:45:22 INFO  SELL_EXECUTED [KRX] 080220 mode=VOLUME_BREAKOUT phase=EXITING exitType=TIMESTOP price=58500.0000 qty=166 reason=EOD_FORCE_SELL pnl=-0.51% peakPnl=0.00% holdMs=1440000 high=58800.0000 avgPrice=58800.0000 weightedPnl=-0.51% (pending fill)
2026-06-02 10:45:22 INFO  SELL_FILLED_PNL 080220 reason=EOD_FORCE_SELL filledQty=166/166 fillRatio=1.00 weightedPnl=-0.51% dailyPnl=-0.51%
2026-06-02 10:45:22 INFO  SELL_FILLED 080220 reason=EOD_FORCE_SELL remainingQty=0 phase=NONE exitType=TIMESTOP
2026-06-02 10:45:22 INFO  BUY [KRX] 080220 mode=VOLUME_BREAKOUT price=55400.0000 qty=141 size=0.8000x score=95(CONV) | WHY: strongBreakout volBreakout retestOK multiUp vol(1.99x) | VWAP: 1.17%(ABOVE slope=UP) allowedGap=2.20% | TREND: score=3 vel=0.36%/0.18%/0.36% accel=true | VOL: 7341.0000/3687.0000 TO: 406691400.0000/202947125.0000 | HIGH: 55400.0000 fromHigh=0.00% | entryNo=1
2026-06-02 10:45:22 INFO  BUY_FILLED 080220 phase=HOLDING
2026-06-02 10:45:22 INFO  SELL [EOD_FORCE_SELL] 080220 pnl=-0.36% time=15:30
2026-06-02 10:45:22 INFO  SELL_EXECUTED [KRX] 080220 mode=VOLUME_BREAKOUT phase=EXITING exitType=TIMESTOP price=55200.0000 qty=141 reason=EOD_FORCE_SELL pnl=-0.36% peakPnl=0.00% holdMs=780000 high=55400.0000 avgPrice=55400.0000 weightedPnl=-0.29% (pending fill)
2026-06-02 10:45:22 INFO  SELL_FILLED_PNL 080220 reason=EOD_FORCE_SELL filledQty=141/141 fillRatio=1.00 weightedPnl=-0.29% dailyPnl=-0.29%
2026-06-02 10:45:22 INFO  SELL_FILLED 080220 reason=EOD_FORCE_SELL remainingQty=0 phase=NONE exitType=TIMESTOP
2026-06-02 10:45:22 INFO  BUY [KRX] 080220 mode=VOLUME_BREAKOUT price=55900.0000 qty=175 size=1.0000x score=95(CONV) | WHY: strongBreakout volBreakout retestOK multiUp vol(4.98x) | VWAP: 1.55%(ABOVE slope=UP) allowedGap=2.20% | TREND: score=3 vel=1.82%/1.27%/1.45% accel=true | VOL: 29831.0000/5993.2500 TO: 1667552900.0000/331923225.0000 | HIGH: 55900.0000 fromHigh=0.00% | entryNo=1
2026-06-02 10:45:22 INFO  BUY_FILLED 080220 phase=HOLDING
2026-06-02 10:45:22 INFO  SELL_EXECUTED [KRX] 080220 mode=VOLUME_BREAKOUT phase=EXITING exitType=PROFIT price=57900.0000 qty=175 reason=TAKE_PROFIT_VOLUME_BREAKOUT pnl=3.58% peakPnl=3.58% holdMs=2160000 high=57900.0000 avgPrice=55900.0000 weightedPnl=3.57% (pending fill)
2026-06-02 10:45:22 INFO  SELL_FILLED_PNL 080220 reason=TAKE_PROFIT_VOLUME_BREAKOUT filledQty=175/175 fillRatio=1.00 weightedPnl=3.57% dailyPnl=3.57%
2026-06-02 10:45:22 INFO  SELL_FILLED 080220 reason=TAKE_PROFIT_VOLUME_BREAKOUT remainingQty=0 phase=NONE exitType=PROFIT
2026-06-02 10:45:22 INFO  BUY [KRX] 080220 mode=VOLUME_BREAKOUT price=95000.0000 qty=103 size=1.0000x score=95(CONV) | WHY: strongBreakout volBreakout retestOK multiUp vol(4.10x) | VWAP: 1.58%(ABOVE slope=UP) allowedGap=2.20% | TREND: score=3 vel=0.74%/0.64%/0.96% accel=true | VOL: 9706.0000/2364.5000 TO: 922070000.0000/223125335.0000 | HIGH: 95000.0000 fromHigh=0.00% | entryNo=1
2026-06-02 10:45:22 INFO  BUY_FILLED 080220 phase=HOLDING
2026-06-02 10:45:22 INFO  SELL [BREAKEVEN_GUARD] 080220 pnl=-0.32% peakPnl=1.37% holdMs=3480000
2026-06-02 10:45:22 INFO  SELL_EXECUTED [KRX] 080220 mode=VOLUME_BREAKOUT phase=EXITING exitType=TRAIL price=94700.0000 qty=103 reason=BREAKEVEN_GUARD pnl=-0.32% peakPnl=1.37% holdMs=3480000 high=96300.0000 avgPrice=95000.0000 weightedPnl=-0.31% (pending fill)
2026-06-02 10:45:22 INFO  SELL_FILLED_PNL 080220 reason=BREAKEVEN_GUARD filledQty=103/103 fillRatio=1.00 weightedPnl=-0.31% dailyPnl=-0.31%
2026-06-02 10:45:22 INFO  SELL_FILLED 080220 reason=BREAKEVEN_GUARD remainingQty=0 phase=NONE exitType=TRAIL
2026-06-02 11:33:44 INFO  BUY amount set for 080220: 10510000.00
2026-06-02 11:33:44 INFO  BUY [KRX] 080220 mode=BREAKOUT price=45300.0000 qty=232 size=1.0000x score=95[SS](CONV) | WHY: strongBreakout volBreakout retestOK multiUp vol(2.44x) | VWAP: 1.23%(ABOVE slope=UP) allowedGap=2.20% | TREND: score=3 vel=0.55%/0.44%/0.55% accel=true | VOL: 8957.0000/3667.0500 TO: 405752100.0000/165170095.0000 | HIGH: 45300.0000 fromHigh=0.00% | entryNo=1
2026-06-02 11:33:44 INFO  BUY_FILLED 080220 phase=HOLDING
2026-06-02 11:33:44 INFO  SELL [EOD_FORCE_SELL] 080220 pnl=1.32% time=15:30
2026-06-02 11:33:44 INFO  SELL_EXECUTED [KRX] 080220 mode=BREAKOUT phase=EXITING exitType=TIMESTOP price=45900.0000 qty=232 reason=EOD_FORCE_SELL pnl=1.32% peakPnl=1.55% holdMs=6540000 high=46000.0000 avgPrice=45300.0000 weightedPnl=1.32% (pending fill)
2026-06-02 11:33:44 INFO  SELL_FILLED_PNL 080220 reason=EOD_FORCE_SELL filledQty=232/232 fillRatio=1.00 weightedPnl=1.32% dailyPnl=1.32%
2026-06-02 11:33:44 INFO  SELL_FILLED 080220 reason=EOD_FORCE_SELL remainingQty=0 phase=NONE exitType=TIMESTOP
2026-06-02 11:33:44 INFO  BUY [KRX] 080220 mode=BREAKOUT price=45300.0000 qty=232 size=1.0000x score=95[SS](CONV) | WHY: strongBreakout volBreakout retestOK multiUp vol(2.66x) | VWAP: 1.47%(ABOVE slope=UP) allowedGap=2.20% | TREND: score=3 vel=0.55%/0.44%/0.55% accel=true | VOL: 15819.0000/5940.8000 TO: 716600700.0000/267709562.5000 | HIGH: 45300.0000 fromHigh=0.00% | entryNo=1
2026-06-02 11:33:44 INFO  BUY_FILLED 080220 phase=HOLDING
2026-06-02 11:33:44 INFO  SELL_EXECUTED [KRX] 080220 mode=BREAKOUT phase=EXITING exitType=VWAP_BREAK price=44800.0000 qty=232 reason=VWAP_BREAK pnl=-1.10% peakPnl=0.33% holdMs=3840000 high=45450.0000 avgPrice=45300.0000 weightedPnl=-1.10% (pending fill)
2026-06-02 11:33:44 INFO  SELL_FILLED_PNL 080220 reason=VWAP_BREAK filledQty=232/232 fillRatio=1.00 weightedPnl=-1.10% dailyPnl=-1.10%
2026-06-02 11:33:44 INFO  SELL_FILLED 080220 reason=VWAP_BREAK remainingQty=0 phase=NONE exitType=VWAP_BREAK
2026-06-02 11:33:44 INFO  BUY [KRX] 080220 mode=BREAKOUT price=44200.0000 qty=190 size=0.8000x score=95[SS](CONV) | WHY: strongBreakout volBreakout retestOK multiUp vol(2.25x) | VWAP: 1.73%(ABOVE slope=UP) allowedGap=2.20% | TREND: score=3 vel=0.63%/0.45%/0.57% accel=true | VOL: 11593.0000/5163.3000 TO: 512410600.0000/227462305.0000 | HIGH: 44200.0000 fromHigh=0.00% | entryNo=1
2026-06-02 11:33:44 INFO  BUY_FILLED 080220 phase=HOLDING
2026-06-02 11:33:44 INFO  SELL_EXECUTED [KRX] 080220 mode=BREAKOUT phase=EXITING exitType=VWAP_BREAK price=44050.0000 qty=190 reason=VWAP_BREAK pnl=-0.34% peakPnl=0.57% holdMs=6900000 high=44450.0000 avgPrice=44200.0000 weightedPnl=-0.27% (pending fill)
2026-06-02 11:33:44 INFO  SELL_FILLED_PNL 080220 reason=VWAP_BREAK filledQty=190/190 fillRatio=1.00 weightedPnl=-0.27% dailyPnl=-0.27%
2026-06-02 11:33:44 INFO  SELL_FILLED 080220 reason=VWAP_BREAK remainingQty=0 phase=NONE exitType=VWAP_BREAK
2026-06-02 11:33:44 INFO  BUY [KRX] 080220 mode=BREAKOUT price=44750.0000 qty=234 size=1.0000x score=100[SS](CONV) | WHY: strongBreakout volBreakout retestOK multiUp vol(4.26x) | VWAP: 1.27%(ABOVE slope=UP) allowedGap=2.20% | TREND: score=3 vel=0.56%/0.45%/0.56% accel=true | VOL: 15932.0000/3740.5500 TO: 712957000.0000/166562935.0000 | HIGH: 44750.0000 fromHigh=0.00% | entryNo=1
2026-06-02 11:33:44 INFO  BUY_FILLED 080220 phase=HOLDING
2026-06-02 11:33:44 INFO  SELL_EXECUTED [KRX] 080220 mode=BREAKOUT phase=EXITING exitType=VWAP_BREAK price=44100.0000 qty=234 reason=VWAP_BREAK pnl=-1.45% peakPnl=-0.11% holdMs=1200000 high=44700.0000 avgPrice=44750.0000 weightedPnl=-1.45% (pending fill)
2026-06-02 11:33:44 INFO  SELL_FILLED_PNL 080220 reason=VWAP_BREAK filledQty=234/234 fillRatio=1.00 weightedPnl=-1.45% dailyPnl=-1.45%
2026-06-02 11:33:44 INFO  SELL_FILLED 080220 reason=VWAP_BREAK remainingQty=0 phase=NONE exitType=VWAP_BREAK
2026-06-02 11:33:44 INFO  BUY [KRX] 080220 mode=BREAKOUT price=40000.0000 qty=262 size=1.0000x score=100[SS](CONV) | WHY: strongBreakout volBreakout retestOK multiUp vol(3.81x) | VWAP: 1.37%(ABOVE slope=UP) allowedGap=2.20% | TREND: score=3 vel=0.50%/0.38%/0.50% accel=true | VOL: 4864.0000/1275.1500 TO: 194560000.0000/50689685.0000 | HIGH: 40000.0000 fromHigh=0.00% | entryNo=1
2026-06-02 11:33:44 INFO  BUY_FILLED 080220 phase=HOLDING
2026-06-02 11:33:44 INFO  SELL [TRAIL_BREAKOUT] 080220 pnl=0.88% peakPnl=2.75% high=41100.0000 current=40350.0000
2026-06-02 11:33:44 INFO  SELL_EXECUTED [KRX] 080220 mode=BREAKOUT phase=EXITING exitType=TRAIL price=40350.0000 qty=262 reason=TRAIL_BREAKOUT pnl=0.88% peakPnl=2.75% holdMs=5100000 high=41100.0000 avgPrice=40000.0000 weightedPnl=0.87% (pending fill)
2026-06-02 11:33:44 INFO  SELL_FILLED_PNL 080220 reason=TRAIL_BREAKOUT filledQty=262/262 fillRatio=1.00 weightedPnl=0.87% dailyPnl=0.87%
2026-06-02 11:33:44 INFO  SELL_FILLED 080220 reason=TRAIL_BREAKOUT remainingQty=0 phase=NONE exitType=TRAIL
2026-06-02 11:33:44 INFO  BUY [KRX] 080220 mode=BREAKOUT price=36550.0000 qty=287 size=1.0000x score=95[SS](CONV) | WHY: strongBreakout volBreakout retestOK multiUp vol(2.55x) | VWAP: 0.73%(ABOVE slope=UP) allowedGap=2.20% | TREND: score=3 vel=1.11%/0.97%/0.69% accel=true | VOL: 10851.0000/4250.9000 TO: 396604050.0000/154173022.5000 | HIGH: 36550.0000 fromHigh=0.00% | entryNo=1
2026-06-02 11:33:44 INFO  BUY_FILLED 080220 phase=HOLDING
2026-06-02 11:33:44 INFO  SELL [BREAKEVEN_GUARD] 080220 pnl=-0.82% peakPnl=2.19% holdMs=1320000
2026-06-02 11:33:44 INFO  SELL_EXECUTED [KRX] 080220 mode=BREAKOUT phase=EXITING exitType=TRAIL price=36250.0000 qty=287 reason=BREAKEVEN_GUARD pnl=-0.82% peakPnl=2.19% holdMs=1320000 high=37350.0000 avgPrice=36550.0000 weightedPnl=-0.82% (pending fill)
2026-06-02 11:33:44 INFO  SELL_FILLED_PNL 080220 reason=BREAKEVEN_GUARD filledQty=287/287 fillRatio=1.00 weightedPnl=-0.82% dailyPnl=-0.82%
2026-06-02 11:33:44 INFO  SELL_FILLED 080220 reason=BREAKEVEN_GUARD remainingQty=0 phase=NONE exitType=TRAIL
2026-06-02 11:33:44 INFO  BUY [KRX] 080220 mode=BREAKOUT price=41800.0000 qty=251 size=1.0000x score=95[SS](CONV) | WHY: strongBreakout volBreakout retestOK multiUp vol(8.84x) | VWAP: 1.94%(ABOVE slope=UP) allowedGap=2.20% | TREND: score=3 vel=1.03%/0.97%/1.58% accel=true | VOL: 70566.0000/7984.6000 TO: 2949658800.0000/331130468.7500 | HIGH: 41800.0000 fromHigh=0.00% | entryNo=1
2026-06-02 11:33:44 INFO  BUY_FILLED 080220 phase=HOLDING
2026-06-02 11:33:44 INFO  SELL_EXECUTED [KRX] 080220 mode=BREAKOUT phase=EXITING exitType=PROFIT price=43000.0000 qty=251 reason=TAKE_PROFIT_BREAKOUT pnl=2.81% peakPnl=2.81% holdMs=13440000 high=42975.0000 avgPrice=41800.0000 weightedPnl=2.81% (pending fill)
2026-06-02 11:33:44 INFO  SELL_FILLED_PNL 080220 reason=TAKE_PROFIT_BREAKOUT filledQty=251/251 fillRatio=1.00 weightedPnl=2.81% dailyPnl=2.81%
2026-06-02 11:33:44 INFO  SELL_FILLED 080220 reason=TAKE_PROFIT_BREAKOUT remainingQty=0 phase=NONE exitType=PROFIT
2026-06-02 11:33:44 INFO  BUY [KRX] 080220 mode=BREAKOUT price=42450.0000 qty=247 size=1.0000x score=100[SS](CONV) | WHY: strongBreakout volBreakout retestOK multiUp vol(6.13x) | VWAP: 0.99%(ABOVE slope=UP) allowedGap=2.20% | TREND: score=3 vel=0.53%/0.47%/0.71% accel=true | VOL: 17533.0000/2859.6000 TO: 744275850.0000/120972606.2500 | HIGH: 42450.0000 fromHigh=0.00% | entryNo=1
2026-06-02 11:33:44 INFO  BUY_FILLED 080220 phase=HOLDING
2026-06-02 11:33:44 INFO  SELL_EXECUTED [KRX] 080220 mode=BREAKOUT phase=EXITING exitType=VWAP_BREAK price=42000.0000 qty=247 reason=VWAP_BREAK pnl=-1.06% peakPnl=-0.12% holdMs=1860000 high=42400.0000 avgPrice=42450.0000 weightedPnl=-1.06% (pending fill)
2026-06-02 11:33:44 INFO  SELL_FILLED_PNL 080220 reason=VWAP_BREAK filledQty=247/247 fillRatio=1.00 weightedPnl=-1.06% dailyPnl=-1.06%
2026-06-02 11:33:44 INFO  SELL_FILLED 080220 reason=VWAP_BREAK remainingQty=0 phase=NONE exitType=VWAP_BREAK
2026-06-02 11:33:44 INFO  BUY [KRX] 080220 mode=BREAKOUT price=43400.0000 qty=242 size=1.0000x score=100[SS](CONV) | WHY: strongBreakout volBreakout retestOK multiUp vol(5.22x) | VWAP: 1.34%(ABOVE slope=UP) allowedGap=2.20% | TREND: score=3 vel=0.58%/0.46%/0.70% accel=true | VOL: 15267.0000/2922.3500 TO: 662587800.0000/126088270.0000 | HIGH: 43400.0000 fromHigh=0.00% | entryNo=1
2026-06-02 11:33:44 INFO  BUY_FILLED 080220 phase=HOLDING
2026-06-02 11:33:44 INFO  SELL_EXECUTED [KRX] 080220 mode=BREAKOUT phase=EXITING exitType=VWAP_BREAK price=42900.0000 qty=242 reason=VWAP_BREAK pnl=-1.15% peakPnl=0.35% holdMs=5280000 high=43550.0000 avgPrice=43400.0000 weightedPnl=-1.15% (pending fill)
2026-06-02 11:33:44 INFO  SELL_FILLED_PNL 080220 reason=VWAP_BREAK filledQty=242/242 fillRatio=1.00 weightedPnl=-1.15% dailyPnl=-1.15%
2026-06-02 11:33:44 INFO  SELL_FILLED 080220 reason=VWAP_BREAK remainingQty=0 phase=NONE exitType=VWAP_BREAK
2026-06-02 11:33:44 INFO  BUY [KRX] 080220 mode=BREAKOUT price=45000.0000 qty=233 size=1.0000x score=100[SS](CONV) | WHY: strongBreakout volBreakout retestOK multiUp vol(3.26x) | VWAP: 1.14%(ABOVE slope=UP) allowedGap=2.20% | TREND: score=3 vel=1.35%/1.12%/0.90% accel=true | VOL: 49581.0000/15217.5500 TO: 2231145000.0000/677133947.5000 | HIGH: 45000.0000 fromHigh=0.00% | entryNo=1
2026-06-02 11:33:44 INFO  BUY_FILLED 080220 phase=HOLDING
2026-06-02 11:33:44 INFO  SELL_EXECUTED [KRX] 080220 mode=BREAKOUT phase=EXITING exitType=PROFIT price=47000.0000 qty=233 reason=TAKE_PROFIT_BREAKOUT pnl=4.44% peakPnl=4.44% holdMs=660000 high=47000.0000 avgPrice=45000.0000 weightedPnl=4.43% (pending fill)
2026-06-02 11:33:44 INFO  SELL_FILLED_PNL 080220 reason=TAKE_PROFIT_BREAKOUT filledQty=233/233 fillRatio=1.00 weightedPnl=4.43% dailyPnl=4.43%
2026-06-02 11:33:44 INFO  SELL_FILLED 080220 reason=TAKE_PROFIT_BREAKOUT remainingQty=0 phase=NONE exitType=PROFIT
2026-06-02 11:33:45 INFO  BUY [KRX] 080220 mode=BREAKOUT price=55600.0000 qty=189 size=1.0000x score=100[SS](CONV) | WHY: strongBreakout volBreakout retestOK multiUp vol(3.25x) | VWAP: 1.30%(ABOVE slope=UP) allowedGap=2.20% | TREND: score=3 vel=0.72%/0.54%/0.72% accel=true | VOL: 16177.0000/4972.7500 TO: 899441200.0000/275652247.5000 | HIGH: 55600.0000 fromHigh=0.00% | entryNo=1
2026-06-02 11:33:45 INFO  BUY_FILLED 080220 phase=HOLDING
2026-06-02 11:33:45 INFO  SELL_EXECUTED [KRX] 080220 mode=BREAKOUT phase=EXITING exitType=VWAP_BREAK price=55200.0000 qty=189 reason=VWAP_BREAK pnl=-0.72% peakPnl=0.36% holdMs=3120000 high=55800.0000 avgPrice=55600.0000 weightedPnl=-0.72% (pending fill)
2026-06-02 11:33:45 INFO  SELL_FILLED_PNL 080220 reason=VWAP_BREAK filledQty=189/189 fillRatio=1.00 weightedPnl=-0.72% dailyPnl=-0.72%
2026-06-02 11:33:45 INFO  SELL_FILLED 080220 reason=VWAP_BREAK remainingQty=0 phase=NONE exitType=VWAP_BREAK
2026-06-02 11:33:45 INFO  BUY [KRX] 080220 mode=BREAKOUT price=55300.0000 qty=190 size=1.0000x score=100[SS](CONV) | WHY: strongBreakout volBreakout retestOK multiUp vol(7.07x) | VWAP: 0.96%(ABOVE slope=UP) allowedGap=2.20% | TREND: score=3 vel=0.73%/0.55%/0.73% accel=true | VOL: 29019.0000/4102.4500 TO: 1604750700.0000/225862655.0000 | HIGH: 55300.0000 fromHigh=0.00% | entryNo=1
2026-06-02 11:33:45 INFO  BUY_FILLED 080220 phase=HOLDING
2026-06-02 11:33:45 INFO  SELL_EXECUTED [KRX] 080220 mode=BREAKOUT phase=EXITING exitType=PROFIT price=56900.0000 qty=190 reason=TAKE_PROFIT_BREAKOUT pnl=2.89% peakPnl=2.89% holdMs=1980000 high=56900.0000 avgPrice=55300.0000 weightedPnl=2.89% (pending fill)
2026-06-02 11:33:45 INFO  SELL_FILLED_PNL 080220 reason=TAKE_PROFIT_BREAKOUT filledQty=190/190 fillRatio=1.00 weightedPnl=2.89% dailyPnl=2.89%
2026-06-02 11:33:45 INFO  SELL_FILLED 080220 reason=TAKE_PROFIT_BREAKOUT remainingQty=0 phase=NONE exitType=PROFIT
2026-06-02 11:33:45 INFO  BUY [KRX] 080220 mode=BREAKOUT price=55300.0000 qty=190 size=1.0000x score=100[SS](CONV) | WHY: strongBreakout volBreakout retestOK multiUp vol(7.07x) | VWAP: 0.96%(ABOVE slope=UP) allowedGap=2.20% | TREND: score=3 vel=0.73%/0.55%/0.73% accel=true | VOL: 29019.0000/4102.4500 TO: 1604750700.0000/225862655.0000 | HIGH: 55300.0000 fromHigh=0.00% | entryNo=1
2026-06-02 11:33:45 INFO  BUY_FILLED 080220 phase=HOLDING
2026-06-02 11:33:45 INFO  SELL_EXECUTED [KRX] 080220 mode=BREAKOUT phase=EXITING exitType=PROFIT price=56900.0000 qty=190 reason=TAKE_PROFIT_BREAKOUT pnl=2.89% peakPnl=2.89% holdMs=1980000 high=56900.0000 avgPrice=55300.0000 weightedPnl=2.89% (pending fill)
2026-06-02 11:33:45 INFO  SELL_FILLED_PNL 080220 reason=TAKE_PROFIT_BREAKOUT filledQty=190/190 fillRatio=1.00 weightedPnl=2.89% dailyPnl=2.89%
2026-06-02 11:33:45 INFO  SELL_FILLED 080220 reason=TAKE_PROFIT_BREAKOUT remainingQty=0 phase=NONE exitType=PROFIT
2026-06-02 11:33:45 INFO  BUY [KRX] 080220 mode=BREAKOUT price=58800.0000 qty=178 size=1.0000x score=100[SS](CONV) | WHY: strongBreakout volBreakout retestOK multiUp vol(3.31x) | VWAP: 1.38%(ABOVE slope=UP) allowedGap=2.20% | TREND: score=3 vel=0.51%/0.34%/0.51% accel=true | VOL: 29872.0000/9015.6000 TO: 1756473600.0000/527256535.0000 | HIGH: 58800.0000 fromHigh=0.00% | entryNo=1
2026-06-02 11:33:45 INFO  BUY_FILLED 080220 phase=HOLDING
2026-06-02 11:33:45 INFO  SELL [EOD_FORCE_SELL] 080220 pnl=-0.51% time=15:30
2026-06-02 11:33:45 INFO  SELL_EXECUTED [KRX] 080220 mode=BREAKOUT phase=EXITING exitType=TIMESTOP price=58500.0000 qty=178 reason=EOD_FORCE_SELL pnl=-0.51% peakPnl=0.00% holdMs=1440000 high=58800.0000 avgPrice=58800.0000 weightedPnl=-0.51% (pending fill)
2026-06-02 11:33:45 INFO  SELL_FILLED_PNL 080220 reason=EOD_FORCE_SELL filledQty=178/178 fillRatio=1.00 weightedPnl=-0.51% dailyPnl=-0.51%
2026-06-02 11:33:45 INFO  SELL_FILLED 080220 reason=EOD_FORCE_SELL remainingQty=0 phase=NONE exitType=TIMESTOP
2026-06-02 11:33:45 INFO  BUY [KRX] 080220 mode=BREAKOUT price=55400.0000 qty=151 size=0.8000x score=85[A](CONV) | WHY: strongBreakout volBreakout retestOK multiUp vol(1.99x) | VWAP: 1.17%(ABOVE slope=UP) allowedGap=2.20% | TREND: score=3 vel=0.36%/0.18%/0.36% accel=true | VOL: 7341.0000/3687.0000 TO: 406691400.0000/202947125.0000 | HIGH: 55400.0000 fromHigh=0.00% | entryNo=1
2026-06-02 11:33:45 INFO  BUY_FILLED 080220 phase=HOLDING
2026-06-02 11:33:45 INFO  SELL [EOD_FORCE_SELL] 080220 pnl=-0.36% time=15:30
2026-06-02 11:33:45 INFO  SELL_EXECUTED [KRX] 080220 mode=BREAKOUT phase=EXITING exitType=TIMESTOP price=55200.0000 qty=151 reason=EOD_FORCE_SELL pnl=-0.36% peakPnl=0.00% holdMs=780000 high=55400.0000 avgPrice=55400.0000 weightedPnl=-0.29% (pending fill)
2026-06-02 11:33:45 INFO  SELL_FILLED_PNL 080220 reason=EOD_FORCE_SELL filledQty=151/151 fillRatio=1.00 weightedPnl=-0.29% dailyPnl=-0.29%
2026-06-02 11:33:45 INFO  SELL_FILLED 080220 reason=EOD_FORCE_SELL remainingQty=0 phase=NONE exitType=TIMESTOP
2026-06-02 11:33:45 INFO  BUY [KRX] 080220 mode=BREAKOUT price=55900.0000 qty=188 size=1.0000x score=100[SS](CONV) | WHY: strongBreakout volBreakout retestOK multiUp vol(4.98x) | VWAP: 1.55%(ABOVE slope=UP) allowedGap=2.20% | TREND: score=3 vel=1.82%/1.27%/1.45% accel=true | VOL: 29831.0000/5993.2500 TO: 1667552900.0000/331923225.0000 | HIGH: 55900.0000 fromHigh=0.00% | entryNo=1
2026-06-02 11:33:45 INFO  BUY_FILLED 080220 phase=HOLDING
2026-06-02 11:33:45 INFO  SELL_EXECUTED [KRX] 080220 mode=BREAKOUT phase=EXITING exitType=PROFIT price=57500.0000 qty=188 reason=TAKE_PROFIT_BREAKOUT pnl=2.86% peakPnl=2.86% holdMs=2040000 high=57500.0000 avgPrice=55900.0000 weightedPnl=2.86% (pending fill)
2026-06-02 11:33:45 INFO  SELL_FILLED_PNL 080220 reason=TAKE_PROFIT_BREAKOUT filledQty=188/188 fillRatio=1.00 weightedPnl=2.86% dailyPnl=2.86%
2026-06-02 11:33:45 INFO  SELL_FILLED 080220 reason=TAKE_PROFIT_BREAKOUT remainingQty=0 phase=NONE exitType=PROFIT
2026-06-02 11:33:45 INFO  BUY [KRX] 080220 mode=BREAKOUT price=95000.0000 qty=110 size=1.0000x score=100[SS](CONV) | WHY: strongBreakout volBreakout retestOK multiUp vol(4.10x) | VWAP: 1.58%(ABOVE slope=UP) allowedGap=2.20% | TREND: score=3 vel=0.74%/0.64%/0.96% accel=true | VOL: 9706.0000/2364.5000 TO: 922070000.0000/223125335.0000 | HIGH: 95000.0000 fromHigh=0.00% | entryNo=1
2026-06-02 11:33:45 INFO  BUY_FILLED 080220 phase=HOLDING
2026-06-02 11:33:45 INFO  SELL_EXECUTED [KRX] 080220 mode=BREAKOUT phase=EXITING exitType=VWAP_BREAK price=94400.0000 qty=110 reason=VWAP_BREAK pnl=-0.63% peakPnl=1.37% holdMs=3540000 high=96300.0000 avgPrice=95000.0000 weightedPnl=-0.63% (pending fill)
2026-06-02 11:33:45 INFO  SELL_FILLED_PNL 080220 reason=VWAP_BREAK filledQty=110/110 fillRatio=1.00 weightedPnl=-0.63% dailyPnl=-0.63%
2026-06-02 11:33:45 INFO  SELL_FILLED 080220 reason=VWAP_BREAK remainingQty=0 phase=NONE exitType=VWAP_BREAK
2026-06-02 11:36:12 INFO  BUY amount set for 108490: 10000000.00
2026-06-02 11:36:12 INFO  BUY [KRX] 108490 mode=BREAKOUT price=240000.0000 qty=33 size=0.8000x score=86[A](CONV) | WHY: strongBreakout volBreakout retestOK multiUp vol(1.81x) | VWAP: 1.77%(ABOVE slope=UP) allowedGap=2.20% | TREND: score=3 vel=0.84%/0.42%/1.05% accel=true | VOL: 1390.0000/769.7000 TO: 333600000.0000/182933850.0000 | HIGH: 240000.0000 fromHigh=0.00% | entryNo=1
2026-06-02 11:36:12 INFO  BUY_FILLED 108490 phase=HOLDING
2026-06-02 11:36:12 INFO  SELL_EXECUTED [KRX] 108490 mode=BREAKOUT phase=EXITING exitType=VWAP_BREAK price=236000.0000 qty=33 reason=VWAP_BREAK pnl=-1.67% peakPnl=1.04% holdMs=2340000 high=242500.0000 avgPrice=240000.0000 weightedPnl=-1.32% (pending fill)
2026-06-02 11:36:12 INFO  SELL_FILLED_PNL 108490 reason=VWAP_BREAK filledQty=33/33 fillRatio=1.00 weightedPnl=-1.32% dailyPnl=-1.32%
2026-06-02 11:36:12 INFO  SELL_FILLED 108490 reason=VWAP_BREAK remainingQty=0 phase=NONE exitType=VWAP_BREAK
2026-06-02 11:36:12 INFO  BUY [KRX] 108490 mode=BREAKOUT price=258500.0000 qty=30 size=0.8000x score=86[A](CONV) | WHY: strongBreakout volBreakout retestOK multiUp vol(1.91x) | VWAP: 1.68%(ABOVE slope=UP) allowedGap=2.20% | TREND: score=3 vel=0.78%/0.58%/0.78% accel=true | VOL: 1013.0000/531.5500 TO: 261860500.0000/136113275.0000 | HIGH: 258500.0000 fromHigh=0.00% | entryNo=1
2026-06-02 11:36:12 INFO  BUY_FILLED 108490 phase=HOLDING
2026-06-02 11:36:12 INFO  SELL_EXECUTED [KRX] 108490 mode=BREAKOUT phase=EXITING exitType=VWAP_BREAK price=256000.0000 qty=30 reason=VWAP_BREAK pnl=-0.97% peakPnl=0.58% holdMs=7020000 high=260000.0000 avgPrice=258500.0000 weightedPnl=-0.75% (pending fill)
2026-06-02 11:36:12 INFO  SELL_FILLED_PNL 108490 reason=VWAP_BREAK filledQty=30/30 fillRatio=1.00 weightedPnl=-0.75% dailyPnl=-0.75%
2026-06-02 11:36:12 INFO  SELL_FILLED 108490 reason=VWAP_BREAK remainingQty=0 phase=NONE exitType=VWAP_BREAK
2026-06-02 11:36:12 INFO  BUY [KRX] 108490 mode=BREAKOUT price=266000.0000 qty=37 size=1.0000x score=100[SS](CONV) | WHY: strongBreakout volBreakout retestOK multiUp vol(5.72x) | VWAP: 1.47%(ABOVE slope=UP) allowedGap=2.20% | TREND: score=3 vel=0.57%/0.38%/0.38% accel=true | VOL: 2753.0000/480.9000 TO: 732298000.0000/127611275.0000 | HIGH: 266000.0000 fromHigh=0.00% | entryNo=1
2026-06-02 11:36:12 INFO  BUY_FILLED 108490 phase=HOLDING
2026-06-02 11:36:12 INFO  SELL_EXECUTED [KRX] 108490 mode=BREAKOUT phase=EXITING exitType=VWAP_BREAK price=262500.0000 qty=37 reason=VWAP_BREAK pnl=-1.32% peakPnl=0.00% holdMs=1260000 high=266000.0000 avgPrice=266000.0000 weightedPnl=-1.29% (pending fill)
2026-06-02 11:36:12 INFO  SELL_FILLED_PNL 108490 reason=VWAP_BREAK filledQty=37/37 fillRatio=1.00 weightedPnl=-1.29% dailyPnl=-1.29%
2026-06-02 11:36:12 INFO  SELL_FILLED 108490 reason=VWAP_BREAK remainingQty=0 phase=NONE exitType=VWAP_BREAK
2026-06-02 11:36:12 INFO  BUY [KRX] 108490 mode=BREAKOUT price=282500.0000 qty=35 size=1.0000x score=100[SS](CONV) | WHY: strongBreakout volBreakout retestOK multiUp vol(3.67x) | VWAP: 1.68%(ABOVE slope=UP) allowedGap=2.20% | TREND: score=3 vel=1.07%/0.89%/1.44% accel=true | VOL: 8143.0000/2217.4500 TO: 2300397500.0000/618152600.0000 | HIGH: 282500.0000 fromHigh=0.00% | entryNo=1
2026-06-02 11:36:12 INFO  BUY_FILLED 108490 phase=HOLDING
2026-06-02 11:36:12 INFO  SELL_EXECUTED [KRX] 108490 mode=BREAKOUT phase=EXITING exitType=VWAP_BREAK price=277000.0000 qty=35 reason=VWAP_BREAK pnl=-1.95% peakPnl=0.18% holdMs=1200000 high=283000.0000 avgPrice=282500.0000 weightedPnl=-1.93% (pending fill)
2026-06-02 11:36:12 INFO  SELL_FILLED_PNL 108490 reason=VWAP_BREAK filledQty=35/35 fillRatio=1.00 weightedPnl=-1.93% dailyPnl=-1.93%
2026-06-02 11:36:12 INFO  SELL_FILLED 108490 reason=VWAP_BREAK remainingQty=0 phase=NONE exitType=VWAP_BREAK
2026-06-02 11:36:12 INFO  BUY [KRX] 108490 mode=BREAKOUT price=353500.0000 qty=28 size=1.0000x score=95[SS](CONV) | WHY: strongBreakout volBreakout retestOK multiUp vol(2.90x) | VWAP: 1.27%(ABOVE slope=UP) allowedGap=2.20% | TREND: score=3 vel=1.00%/0.86%/1.00% accel=true | VOL: 4187.0000/1446.0000 TO: 1480104500.0000/506787950.0000 | HIGH: 353500.0000 fromHigh=0.00% | entryNo=1
2026-06-02 11:36:12 INFO  BUY_FILLED 108490 phase=HOLDING
2026-06-02 11:36:12 INFO  SELL_EXECUTED [KRX] 108490 mode=BREAKOUT phase=EXITING exitType=VWAP_BREAK price=349500.0000 qty=28 reason=VWAP_BREAK pnl=-1.13% peakPnl=0.42% holdMs=1680000 high=355000.0000 avgPrice=353500.0000 weightedPnl=-1.12% (pending fill)
2026-06-02 11:36:12 INFO  SELL_FILLED_PNL 108490 reason=VWAP_BREAK filledQty=28/28 fillRatio=1.00 weightedPnl=-1.12% dailyPnl=-1.12%
2026-06-02 11:36:12 INFO  SELL_FILLED 108490 reason=VWAP_BREAK remainingQty=0 phase=NONE exitType=VWAP_BREAK
2026-06-02 11:36:12 INFO  BUY [KRX] 108490 mode=BREAKOUT price=332500.0000 qty=30 size=1.0000x score=95[SS](CONV) | WHY: strongBreakout volBreakout retestOK multiUp vol(2.35x) | VWAP: 1.33%(ABOVE slope=UP) allowedGap=2.20% | TREND: score=3 vel=0.45%/0.15%/0.61% accel=true | VOL: 1736.0000/737.9000 TO: 577220000.0000/243085000.0000 | HIGH: 332500.0000 fromHigh=0.00% | entryNo=1
2026-06-02 11:36:12 INFO  BUY_FILLED 108490 phase=HOLDING
2026-06-02 11:36:12 INFO  SELL_EXECUTED [KRX] 108490 mode=BREAKOUT phase=EXITING exitType=PROFIT price=342000.0000 qty=30 reason=TAKE_PROFIT_BREAKOUT pnl=2.86% peakPnl=2.86% holdMs=6420000 high=342000.0000 avgPrice=332500.0000 weightedPnl=2.85% (pending fill)
2026-06-02 11:36:12 INFO  SELL_FILLED_PNL 108490 reason=TAKE_PROFIT_BREAKOUT filledQty=30/30 fillRatio=1.00 weightedPnl=2.85% dailyPnl=2.85%
2026-06-02 11:36:12 INFO  SELL_FILLED 108490 reason=TAKE_PROFIT_BREAKOUT remainingQty=0 phase=NONE exitType=PROFIT
2026-06-02 11:36:12 INFO  BUY [KRX] 108490 mode=BREAKOUT price=307500.0000 qty=26 size=0.8000x score=86[A](CONV) | WHY: strongBreakout volBreakout retestOK multiUp vol(1.97x) | VWAP: 1.32%(ABOVE slope=UP) allowedGap=2.20% | TREND: score=3 vel=0.82%/0.65%/0.82% accel=true | VOL: 1451.0000/736.6000 TO: 446182500.0000/224553850.0000 | HIGH: 307500.0000 fromHigh=0.00% | entryNo=1
2026-06-02 11:36:12 INFO  BUY_FILLED 108490 phase=HOLDING
2026-06-02 11:36:12 INFO  SELL_EXECUTED [KRX] 108490 mode=BREAKOUT phase=EXITING exitType=VWAP_BREAK price=304000.0000 qty=26 reason=VWAP_BREAK pnl=-1.14% peakPnl=1.30% holdMs=5700000 high=311500.0000 avgPrice=307500.0000 weightedPnl=-0.91% (pending fill)
2026-06-02 11:36:12 INFO  SELL_FILLED_PNL 108490 reason=VWAP_BREAK filledQty=26/26 fillRatio=1.00 weightedPnl=-0.91% dailyPnl=-0.91%
2026-06-02 11:36:12 INFO  SELL_FILLED 108490 reason=VWAP_BREAK remainingQty=0 phase=NONE exitType=VWAP_BREAK
2026-06-02 11:37:21 INFO  BUY amount set for 108490: 10000000.00
2026-06-02 11:37:21 INFO  BUY [KRX] 108490 mode=BREAKOUT price=240000.0000 qty=33 size=0.8000x score=86[A](CONV) | WHY: strongBreakout volBreakout retestOK multiUp vol(1.81x) | VWAP: 1.77%(ABOVE slope=UP) allowedGap=2.20% | TREND: score=3 vel=0.84%/0.42%/1.05% accel=true | VOL: 1390.0000/769.7000 TO: 333600000.0000/182933850.0000 | HIGH: 240000.0000 fromHigh=0.00% | entryNo=1
2026-06-02 11:37:21 INFO  BUY_FILLED 108490 phase=HOLDING
2026-06-02 11:37:21 INFO  SELL_EXECUTED [KRX] 108490 mode=BREAKOUT phase=EXITING exitType=VWAP_BREAK price=236000.0000 qty=33 reason=VWAP_BREAK pnl=-1.67% peakPnl=1.04% holdMs=2340000 high=242500.0000 avgPrice=240000.0000 weightedPnl=-1.32% (pending fill)
2026-06-02 11:37:21 INFO  SELL_FILLED_PNL 108490 reason=VWAP_BREAK filledQty=33/33 fillRatio=1.00 weightedPnl=-1.32% dailyPnl=-1.32%
2026-06-02 11:37:21 INFO  SELL_FILLED 108490 reason=VWAP_BREAK remainingQty=0 phase=NONE exitType=VWAP_BREAK
2026-06-02 11:37:21 INFO  BUY [KRX] 108490 mode=BREAKOUT price=258500.0000 qty=30 size=0.8000x score=86[A](CONV) | WHY: strongBreakout volBreakout retestOK multiUp vol(1.91x) | VWAP: 1.68%(ABOVE slope=UP) allowedGap=2.20% | TREND: score=3 vel=0.78%/0.58%/0.78% accel=true | VOL: 1013.0000/531.5500 TO: 261860500.0000/136113275.0000 | HIGH: 258500.0000 fromHigh=0.00% | entryNo=1
2026-06-02 11:37:21 INFO  BUY_FILLED 108490 phase=HOLDING
2026-06-02 11:37:21 INFO  SELL_EXECUTED [KRX] 108490 mode=BREAKOUT phase=EXITING exitType=VWAP_BREAK price=256000.0000 qty=30 reason=VWAP_BREAK pnl=-0.97% peakPnl=0.58% holdMs=7020000 high=260000.0000 avgPrice=258500.0000 weightedPnl=-0.75% (pending fill)
2026-06-02 11:37:21 INFO  SELL_FILLED_PNL 108490 reason=VWAP_BREAK filledQty=30/30 fillRatio=1.00 weightedPnl=-0.75% dailyPnl=-0.75%
2026-06-02 11:37:21 INFO  SELL_FILLED 108490 reason=VWAP_BREAK remainingQty=0 phase=NONE exitType=VWAP_BREAK
2026-06-02 11:37:21 INFO  BUY [KRX] 108490 mode=BREAKOUT price=266000.0000 qty=37 size=1.0000x score=100[SS](CONV) | WHY: strongBreakout volBreakout retestOK multiUp vol(5.72x) | VWAP: 1.47%(ABOVE slope=UP) allowedGap=2.20% | TREND: score=3 vel=0.57%/0.38%/0.38% accel=true | VOL: 2753.0000/480.9000 TO: 732298000.0000/127611275.0000 | HIGH: 266000.0000 fromHigh=0.00% | entryNo=1
2026-06-02 11:37:21 INFO  BUY_FILLED 108490 phase=HOLDING
2026-06-02 11:37:21 INFO  SELL_EXECUTED [KRX] 108490 mode=BREAKOUT phase=EXITING exitType=VWAP_BREAK price=262500.0000 qty=37 reason=VWAP_BREAK pnl=-1.32% peakPnl=0.00% holdMs=1260000 high=266000.0000 avgPrice=266000.0000 weightedPnl=-1.29% (pending fill)
2026-06-02 11:37:21 INFO  SELL_FILLED_PNL 108490 reason=VWAP_BREAK filledQty=37/37 fillRatio=1.00 weightedPnl=-1.29% dailyPnl=-1.29%
2026-06-02 11:37:21 INFO  SELL_FILLED 108490 reason=VWAP_BREAK remainingQty=0 phase=NONE exitType=VWAP_BREAK
2026-06-02 11:37:21 INFO  BUY [KRX] 108490 mode=BREAKOUT price=282500.0000 qty=35 size=1.0000x score=100[SS](CONV) | WHY: strongBreakout volBreakout retestOK multiUp vol(3.67x) | VWAP: 1.68%(ABOVE slope=UP) allowedGap=2.20% | TREND: score=3 vel=1.07%/0.89%/1.44% accel=true | VOL: 8143.0000/2217.4500 TO: 2300397500.0000/618152600.0000 | HIGH: 282500.0000 fromHigh=0.00% | entryNo=1
2026-06-02 11:37:21 INFO  BUY_FILLED 108490 phase=HOLDING
2026-06-02 11:37:21 INFO  SELL_EXECUTED [KRX] 108490 mode=BREAKOUT phase=EXITING exitType=VWAP_BREAK price=277000.0000 qty=35 reason=VWAP_BREAK pnl=-1.95% peakPnl=0.18% holdMs=1200000 high=283000.0000 avgPrice=282500.0000 weightedPnl=-1.93% (pending fill)
2026-06-02 11:37:21 INFO  SELL_FILLED_PNL 108490 reason=VWAP_BREAK filledQty=35/35 fillRatio=1.00 weightedPnl=-1.93% dailyPnl=-1.93%
2026-06-02 11:37:21 INFO  SELL_FILLED 108490 reason=VWAP_BREAK remainingQty=0 phase=NONE exitType=VWAP_BREAK
2026-06-02 11:37:22 INFO  BUY [KRX] 108490 mode=BREAKOUT price=353500.0000 qty=28 size=1.0000x score=95[SS](CONV) | WHY: strongBreakout volBreakout retestOK multiUp vol(2.90x) | VWAP: 1.27%(ABOVE slope=UP) allowedGap=2.20% | TREND: score=3 vel=1.00%/0.86%/1.00% accel=true | VOL: 4187.0000/1446.0000 TO: 1480104500.0000/506787950.0000 | HIGH: 353500.0000 fromHigh=0.00% | entryNo=1
2026-06-02 11:37:22 INFO  BUY_FILLED 108490 phase=HOLDING
2026-06-02 11:37:22 INFO  SELL_EXECUTED [KRX] 108490 mode=BREAKOUT phase=EXITING exitType=VWAP_BREAK price=349500.0000 qty=28 reason=VWAP_BREAK pnl=-1.13% peakPnl=0.42% holdMs=1680000 high=355000.0000 avgPrice=353500.0000 weightedPnl=-1.12% (pending fill)
2026-06-02 11:37:22 INFO  SELL_FILLED_PNL 108490 reason=VWAP_BREAK filledQty=28/28 fillRatio=1.00 weightedPnl=-1.12% dailyPnl=-1.12%
2026-06-02 11:37:22 INFO  SELL_FILLED 108490 reason=VWAP_BREAK remainingQty=0 phase=NONE exitType=VWAP_BREAK
2026-06-02 11:37:22 INFO  BUY [KRX] 108490 mode=BREAKOUT price=332500.0000 qty=30 size=1.0000x score=95[SS](CONV) | WHY: strongBreakout volBreakout retestOK multiUp vol(2.35x) | VWAP: 1.33%(ABOVE slope=UP) allowedGap=2.20% | TREND: score=3 vel=0.45%/0.15%/0.61% accel=true | VOL: 1736.0000/737.9000 TO: 577220000.0000/243085000.0000 | HIGH: 332500.0000 fromHigh=0.00% | entryNo=1
2026-06-02 11:37:22 INFO  BUY_FILLED 108490 phase=HOLDING
2026-06-02 11:37:22 INFO  SELL_EXECUTED [KRX] 108490 mode=BREAKOUT phase=EXITING exitType=PROFIT price=342000.0000 qty=30 reason=TAKE_PROFIT_BREAKOUT pnl=2.86% peakPnl=2.86% holdMs=6420000 high=342000.0000 avgPrice=332500.0000 weightedPnl=2.85% (pending fill)
2026-06-02 11:37:22 INFO  SELL_FILLED_PNL 108490 reason=TAKE_PROFIT_BREAKOUT filledQty=30/30 fillRatio=1.00 weightedPnl=2.85% dailyPnl=2.85%
2026-06-02 11:37:22 INFO  SELL_FILLED 108490 reason=TAKE_PROFIT_BREAKOUT remainingQty=0 phase=NONE exitType=PROFIT
2026-06-02 11:37:22 INFO  BUY [KRX] 108490 mode=BREAKOUT price=307500.0000 qty=26 size=0.8000x score=86[A](CONV) | WHY: strongBreakout volBreakout retestOK multiUp vol(1.97x) | VWAP: 1.32%(ABOVE slope=UP) allowedGap=2.20% | TREND: score=3 vel=0.82%/0.65%/0.82% accel=true | VOL: 1451.0000/736.6000 TO: 446182500.0000/224553850.0000 | HIGH: 307500.0000 fromHigh=0.00% | entryNo=1
2026-06-02 11:37:22 INFO  BUY_FILLED 108490 phase=HOLDING
2026-06-02 11:37:22 INFO  SELL_EXECUTED [KRX] 108490 mode=BREAKOUT phase=EXITING exitType=VWAP_BREAK price=304000.0000 qty=26 reason=VWAP_BREAK pnl=-1.14% peakPnl=1.30% holdMs=5700000 high=311500.0000 avgPrice=307500.0000 weightedPnl=-0.91% (pending fill)
2026-06-02 11:37:22 INFO  SELL_FILLED_PNL 108490 reason=VWAP_BREAK filledQty=26/26 fillRatio=1.00 weightedPnl=-0.91% dailyPnl=-0.91%
2026-06-02 11:37:22 INFO  SELL_FILLED 108490 reason=VWAP_BREAK remainingQty=0 phase=NONE exitType=VWAP_BREAK
2026-06-02 11:37:26 INFO  BUY amount set for 108490: 10000000.00
2026-06-02 11:37:26 INFO  BUY [KRX] 108490 mode=BREAKOUT price=240000.0000 qty=33 size=0.8000x score=86[A](CONV) | WHY: strongBreakout volBreakout retestOK multiUp vol(1.81x) | VWAP: 1.77%(ABOVE slope=UP) allowedGap=2.20% | TREND: score=3 vel=0.84%/0.42%/1.05% accel=true | VOL: 1390.0000/769.7000 TO: 333600000.0000/182933850.0000 | HIGH: 240000.0000 fromHigh=0.00% | entryNo=1
2026-06-02 11:37:26 INFO  BUY_FILLED 108490 phase=HOLDING
2026-06-02 11:37:26 INFO  SELL_EXECUTED [KRX] 108490 mode=BREAKOUT phase=EXITING exitType=VWAP_BREAK price=236000.0000 qty=33 reason=VWAP_BREAK pnl=-1.67% peakPnl=1.04% holdMs=2340000 high=242500.0000 avgPrice=240000.0000 weightedPnl=-1.32% (pending fill)
2026-06-02 11:37:26 INFO  SELL_FILLED_PNL 108490 reason=VWAP_BREAK filledQty=33/33 fillRatio=1.00 weightedPnl=-1.32% dailyPnl=-1.32%
2026-06-02 11:37:26 INFO  SELL_FILLED 108490 reason=VWAP_BREAK remainingQty=0 phase=NONE exitType=VWAP_BREAK
2026-06-02 11:37:26 INFO  BUY [KRX] 108490 mode=BREAKOUT price=258500.0000 qty=30 size=0.8000x score=86[A](CONV) | WHY: strongBreakout volBreakout retestOK multiUp vol(1.91x) | VWAP: 1.68%(ABOVE slope=UP) allowedGap=2.20% | TREND: score=3 vel=0.78%/0.58%/0.78% accel=true | VOL: 1013.0000/531.5500 TO: 261860500.0000/136113275.0000 | HIGH: 258500.0000 fromHigh=0.00% | entryNo=1
2026-06-02 11:37:26 INFO  BUY_FILLED 108490 phase=HOLDING
2026-06-02 11:37:26 INFO  SELL_EXECUTED [KRX] 108490 mode=BREAKOUT phase=EXITING exitType=VWAP_BREAK price=256000.0000 qty=30 reason=VWAP_BREAK pnl=-0.97% peakPnl=0.58% holdMs=7020000 high=260000.0000 avgPrice=258500.0000 weightedPnl=-0.75% (pending fill)
2026-06-02 11:37:26 INFO  SELL_FILLED_PNL 108490 reason=VWAP_BREAK filledQty=30/30 fillRatio=1.00 weightedPnl=-0.75% dailyPnl=-0.75%
2026-06-02 11:37:26 INFO  SELL_FILLED 108490 reason=VWAP_BREAK remainingQty=0 phase=NONE exitType=VWAP_BREAK
2026-06-02 11:37:26 INFO  BUY [KRX] 108490 mode=BREAKOUT price=266000.0000 qty=37 size=1.0000x score=100[SS](CONV) | WHY: strongBreakout volBreakout retestOK multiUp vol(5.72x) | VWAP: 1.47%(ABOVE slope=UP) allowedGap=2.20% | TREND: score=3 vel=0.57%/0.38%/0.38% accel=true | VOL: 2753.0000/480.9000 TO: 732298000.0000/127611275.0000 | HIGH: 266000.0000 fromHigh=0.00% | entryNo=1
2026-06-02 11:37:26 INFO  BUY_FILLED 108490 phase=HOLDING
2026-06-02 11:37:26 INFO  SELL_EXECUTED [KRX] 108490 mode=BREAKOUT phase=EXITING exitType=VWAP_BREAK price=262500.0000 qty=37 reason=VWAP_BREAK pnl=-1.32% peakPnl=0.00% holdMs=1260000 high=266000.0000 avgPrice=266000.0000 weightedPnl=-1.29% (pending fill)
2026-06-02 11:37:26 INFO  SELL_FILLED_PNL 108490 reason=VWAP_BREAK filledQty=37/37 fillRatio=1.00 weightedPnl=-1.29% dailyPnl=-1.29%
2026-06-02 11:37:26 INFO  SELL_FILLED 108490 reason=VWAP_BREAK remainingQty=0 phase=NONE exitType=VWAP_BREAK
2026-06-02 11:37:26 INFO  BUY [KRX] 108490 mode=BREAKOUT price=282500.0000 qty=35 size=1.0000x score=100[SS](CONV) | WHY: strongBreakout volBreakout retestOK multiUp vol(3.67x) | VWAP: 1.68%(ABOVE slope=UP) allowedGap=2.20% | TREND: score=3 vel=1.07%/0.89%/1.44% accel=true | VOL: 8143.0000/2217.4500 TO: 2300397500.0000/618152600.0000 | HIGH: 282500.0000 fromHigh=0.00% | entryNo=1
2026-06-02 11:37:26 INFO  BUY_FILLED 108490 phase=HOLDING
2026-06-02 11:37:26 INFO  SELL_EXECUTED [KRX] 108490 mode=BREAKOUT phase=EXITING exitType=VWAP_BREAK price=277000.0000 qty=35 reason=VWAP_BREAK pnl=-1.95% peakPnl=0.18% holdMs=1200000 high=283000.0000 avgPrice=282500.0000 weightedPnl=-1.93% (pending fill)
2026-06-02 11:37:26 INFO  SELL_FILLED_PNL 108490 reason=VWAP_BREAK filledQty=35/35 fillRatio=1.00 weightedPnl=-1.93% dailyPnl=-1.93%
2026-06-02 11:37:26 INFO  SELL_FILLED 108490 reason=VWAP_BREAK remainingQty=0 phase=NONE exitType=VWAP_BREAK
2026-06-02 11:37:26 INFO  BUY [KRX] 108490 mode=BREAKOUT price=353500.0000 qty=28 size=1.0000x score=95[SS](CONV) | WHY: strongBreakout volBreakout retestOK multiUp vol(2.90x) | VWAP: 1.27%(ABOVE slope=UP) allowedGap=2.20% | TREND: score=3 vel=1.00%/0.86%/1.00% accel=true | VOL: 4187.0000/1446.0000 TO: 1480104500.0000/506787950.0000 | HIGH: 353500.0000 fromHigh=0.00% | entryNo=1
2026-06-02 11:37:26 INFO  BUY_FILLED 108490 phase=HOLDING
2026-06-02 11:37:26 INFO  SELL_EXECUTED [KRX] 108490 mode=BREAKOUT phase=EXITING exitType=VWAP_BREAK price=349500.0000 qty=28 reason=VWAP_BREAK pnl=-1.13% peakPnl=0.42% holdMs=1680000 high=355000.0000 avgPrice=353500.0000 weightedPnl=-1.12% (pending fill)
2026-06-02 11:37:26 INFO  SELL_FILLED_PNL 108490 reason=VWAP_BREAK filledQty=28/28 fillRatio=1.00 weightedPnl=-1.12% dailyPnl=-1.12%
2026-06-02 11:37:26 INFO  SELL_FILLED 108490 reason=VWAP_BREAK remainingQty=0 phase=NONE exitType=VWAP_BREAK
2026-06-02 11:37:26 INFO  BUY [KRX] 108490 mode=BREAKOUT price=332500.0000 qty=30 size=1.0000x score=95[SS](CONV) | WHY: strongBreakout volBreakout retestOK multiUp vol(2.35x) | VWAP: 1.33%(ABOVE slope=UP) allowedGap=2.20% | TREND: score=3 vel=0.45%/0.15%/0.61% accel=true | VOL: 1736.0000/737.9000 TO: 577220000.0000/243085000.0000 | HIGH: 332500.0000 fromHigh=0.00% | entryNo=1
2026-06-02 11:37:26 INFO  BUY_FILLED 108490 phase=HOLDING
2026-06-02 11:37:26 INFO  SELL_EXECUTED [KRX] 108490 mode=BREAKOUT phase=EXITING exitType=PROFIT price=342000.0000 qty=30 reason=TAKE_PROFIT_BREAKOUT pnl=2.86% peakPnl=2.86% holdMs=6420000 high=342000.0000 avgPrice=332500.0000 weightedPnl=2.85% (pending fill)
2026-06-02 11:37:26 INFO  SELL_FILLED_PNL 108490 reason=TAKE_PROFIT_BREAKOUT filledQty=30/30 fillRatio=1.00 weightedPnl=2.85% dailyPnl=2.85%
2026-06-02 11:37:26 INFO  SELL_FILLED 108490 reason=TAKE_PROFIT_BREAKOUT remainingQty=0 phase=NONE exitType=PROFIT
2026-06-02 11:37:26 INFO  BUY [KRX] 108490 mode=BREAKOUT price=307500.0000 qty=26 size=0.8000x score=86[A](CONV) | WHY: strongBreakout volBreakout retestOK multiUp vol(1.97x) | VWAP: 1.32%(ABOVE slope=UP) allowedGap=2.20% | TREND: score=3 vel=0.82%/0.65%/0.82% accel=true | VOL: 1451.0000/736.6000 TO: 446182500.0000/224553850.0000 | HIGH: 307500.0000 fromHigh=0.00% | entryNo=1
2026-06-02 11:37:26 INFO  BUY_FILLED 108490 phase=HOLDING
2026-06-02 11:37:26 INFO  SELL_EXECUTED [KRX] 108490 mode=BREAKOUT phase=EXITING exitType=VWAP_BREAK price=304000.0000 qty=26 reason=VWAP_BREAK pnl=-1.14% peakPnl=1.30% holdMs=5700000 high=311500.0000 avgPrice=307500.0000 weightedPnl=-0.91% (pending fill)
2026-06-02 11:37:26 INFO  SELL_FILLED_PNL 108490 reason=VWAP_BREAK filledQty=26/26 fillRatio=1.00 weightedPnl=-0.91% dailyPnl=-0.91%
2026-06-02 11:37:26 INFO  SELL_FILLED 108490 reason=VWAP_BREAK remainingQty=0 phase=NONE exitType=VWAP_BREAK
2026-06-02 11:37:30 INFO  BUY amount set for 108490: 10000000.00
2026-06-02 11:37:30 INFO  BUY [KRX] 108490 mode=BREAKOUT price=240000.0000 qty=33 size=0.8000x score=86[A](CONV) | WHY: strongBreakout volBreakout retestOK multiUp vol(1.81x) | VWAP: 1.77%(ABOVE slope=UP) allowedGap=2.20% | TREND: score=3 vel=0.84%/0.42%/1.05% accel=true | VOL: 1390.0000/769.7000 TO: 333600000.0000/182933850.0000 | HIGH: 240000.0000 fromHigh=0.00% | entryNo=1
2026-06-02 11:37:30 INFO  BUY_FILLED 108490 phase=HOLDING
2026-06-02 11:37:30 INFO  SELL_EXECUTED [KRX] 108490 mode=BREAKOUT phase=EXITING exitType=VWAP_BREAK price=236000.0000 qty=33 reason=VWAP_BREAK pnl=-1.67% peakPnl=1.04% holdMs=2340000 high=242500.0000 avgPrice=240000.0000 weightedPnl=-1.32% (pending fill)
2026-06-02 11:37:30 INFO  SELL_FILLED_PNL 108490 reason=VWAP_BREAK filledQty=33/33 fillRatio=1.00 weightedPnl=-1.32% dailyPnl=-1.32%
2026-06-02 11:37:30 INFO  SELL_FILLED 108490 reason=VWAP_BREAK remainingQty=0 phase=NONE exitType=VWAP_BREAK
2026-06-02 11:37:30 INFO  BUY [KRX] 108490 mode=BREAKOUT price=258500.0000 qty=30 size=0.8000x score=86[A](CONV) | WHY: strongBreakout volBreakout retestOK multiUp vol(1.91x) | VWAP: 1.68%(ABOVE slope=UP) allowedGap=2.20% | TREND: score=3 vel=0.78%/0.58%/0.78% accel=true | VOL: 1013.0000/531.5500 TO: 261860500.0000/136113275.0000 | HIGH: 258500.0000 fromHigh=0.00% | entryNo=1
2026-06-02 11:37:30 INFO  BUY_FILLED 108490 phase=HOLDING
2026-06-02 11:37:30 INFO  SELL_EXECUTED [KRX] 108490 mode=BREAKOUT phase=EXITING exitType=VWAP_BREAK price=256000.0000 qty=30 reason=VWAP_BREAK pnl=-0.97% peakPnl=0.58% holdMs=7020000 high=260000.0000 avgPrice=258500.0000 weightedPnl=-0.75% (pending fill)
2026-06-02 11:37:30 INFO  SELL_FILLED_PNL 108490 reason=VWAP_BREAK filledQty=30/30 fillRatio=1.00 weightedPnl=-0.75% dailyPnl=-0.75%
2026-06-02 11:37:30 INFO  SELL_FILLED 108490 reason=VWAP_BREAK remainingQty=0 phase=NONE exitType=VWAP_BREAK
2026-06-02 11:37:30 INFO  BUY [KRX] 108490 mode=BREAKOUT price=266000.0000 qty=37 size=1.0000x score=100[SS](CONV) | WHY: strongBreakout volBreakout retestOK multiUp vol(5.72x) | VWAP: 1.47%(ABOVE slope=UP) allowedGap=2.20% | TREND: score=3 vel=0.57%/0.38%/0.38% accel=true | VOL: 2753.0000/480.9000 TO: 732298000.0000/127611275.0000 | HIGH: 266000.0000 fromHigh=0.00% | entryNo=1
2026-06-02 11:37:30 INFO  BUY_FILLED 108490 phase=HOLDING
2026-06-02 11:37:30 INFO  SELL_EXECUTED [KRX] 108490 mode=BREAKOUT phase=EXITING exitType=VWAP_BREAK price=262500.0000 qty=37 reason=VWAP_BREAK pnl=-1.32% peakPnl=0.00% holdMs=1260000 high=266000.0000 avgPrice=266000.0000 weightedPnl=-1.29% (pending fill)
2026-06-02 11:37:30 INFO  SELL_FILLED_PNL 108490 reason=VWAP_BREAK filledQty=37/37 fillRatio=1.00 weightedPnl=-1.29% dailyPnl=-1.29%
2026-06-02 11:37:30 INFO  SELL_FILLED 108490 reason=VWAP_BREAK remainingQty=0 phase=NONE exitType=VWAP_BREAK
2026-06-02 11:37:30 INFO  BUY [KRX] 108490 mode=BREAKOUT price=282500.0000 qty=35 size=1.0000x score=100[SS](CONV) | WHY: strongBreakout volBreakout retestOK multiUp vol(3.67x) | VWAP: 1.68%(ABOVE slope=UP) allowedGap=2.20% | TREND: score=3 vel=1.07%/0.89%/1.44% accel=true | VOL: 8143.0000/2217.4500 TO: 2300397500.0000/618152600.0000 | HIGH: 282500.0000 fromHigh=0.00% | entryNo=1
2026-06-02 11:37:30 INFO  BUY_FILLED 108490 phase=HOLDING
2026-06-02 11:37:30 INFO  SELL_EXECUTED [KRX] 108490 mode=BREAKOUT phase=EXITING exitType=VWAP_BREAK price=277000.0000 qty=35 reason=VWAP_BREAK pnl=-1.95% peakPnl=0.18% holdMs=1200000 high=283000.0000 avgPrice=282500.0000 weightedPnl=-1.93% (pending fill)
2026-06-02 11:37:30 INFO  SELL_FILLED_PNL 108490 reason=VWAP_BREAK filledQty=35/35 fillRatio=1.00 weightedPnl=-1.93% dailyPnl=-1.93%
2026-06-02 11:37:30 INFO  SELL_FILLED 108490 reason=VWAP_BREAK remainingQty=0 phase=NONE exitType=VWAP_BREAK
2026-06-02 11:37:30 INFO  BUY [KRX] 108490 mode=BREAKOUT price=353500.0000 qty=28 size=1.0000x score=95[SS](CONV) | WHY: strongBreakout volBreakout retestOK multiUp vol(2.90x) | VWAP: 1.27%(ABOVE slope=UP) allowedGap=2.20% | TREND: score=3 vel=1.00%/0.86%/1.00% accel=true | VOL: 4187.0000/1446.0000 TO: 1480104500.0000/506787950.0000 | HIGH: 353500.0000 fromHigh=0.00% | entryNo=1
2026-06-02 11:37:30 INFO  BUY_FILLED 108490 phase=HOLDING
2026-06-02 11:37:30 INFO  SELL_EXECUTED [KRX] 108490 mode=BREAKOUT phase=EXITING exitType=VWAP_BREAK price=349500.0000 qty=28 reason=VWAP_BREAK pnl=-1.13% peakPnl=0.42% holdMs=1680000 high=355000.0000 avgPrice=353500.0000 weightedPnl=-1.12% (pending fill)
2026-06-02 11:37:30 INFO  SELL_FILLED_PNL 108490 reason=VWAP_BREAK filledQty=28/28 fillRatio=1.00 weightedPnl=-1.12% dailyPnl=-1.12%
2026-06-02 11:37:30 INFO  SELL_FILLED 108490 reason=VWAP_BREAK remainingQty=0 phase=NONE exitType=VWAP_BREAK
2026-06-02 11:37:30 INFO  BUY [KRX] 108490 mode=BREAKOUT price=332500.0000 qty=30 size=1.0000x score=95[SS](CONV) | WHY: strongBreakout volBreakout retestOK multiUp vol(2.35x) | VWAP: 1.33%(ABOVE slope=UP) allowedGap=2.20% | TREND: score=3 vel=0.45%/0.15%/0.61% accel=true | VOL: 1736.0000/737.9000 TO: 577220000.0000/243085000.0000 | HIGH: 332500.0000 fromHigh=0.00% | entryNo=1
2026-06-02 11:37:30 INFO  BUY_FILLED 108490 phase=HOLDING
2026-06-02 11:37:30 INFO  SELL_EXECUTED [KRX] 108490 mode=BREAKOUT phase=EXITING exitType=PROFIT price=342000.0000 qty=30 reason=TAKE_PROFIT_BREAKOUT pnl=2.86% peakPnl=2.86% holdMs=6420000 high=342000.0000 avgPrice=332500.0000 weightedPnl=2.85% (pending fill)
2026-06-02 11:37:30 INFO  SELL_FILLED_PNL 108490 reason=TAKE_PROFIT_BREAKOUT filledQty=30/30 fillRatio=1.00 weightedPnl=2.85% dailyPnl=2.85%
2026-06-02 11:37:30 INFO  SELL_FILLED 108490 reason=TAKE_PROFIT_BREAKOUT remainingQty=0 phase=NONE exitType=PROFIT
2026-06-02 11:37:31 INFO  BUY [KRX] 108490 mode=BREAKOUT price=307500.0000 qty=26 size=0.8000x score=86[A](CONV) | WHY: strongBreakout volBreakout retestOK multiUp vol(1.97x) | VWAP: 1.32%(ABOVE slope=UP) allowedGap=2.20% | TREND: score=3 vel=0.82%/0.65%/0.82% accel=true | VOL: 1451.0000/736.6000 TO: 446182500.0000/224553850.0000 | HIGH: 307500.0000 fromHigh=0.00% | entryNo=1
2026-06-02 11:37:31 INFO  BUY_FILLED 108490 phase=HOLDING
2026-06-02 11:37:31 INFO  SELL_EXECUTED [KRX] 108490 mode=BREAKOUT phase=EXITING exitType=VWAP_BREAK price=304000.0000 qty=26 reason=VWAP_BREAK pnl=-1.14% peakPnl=1.30% holdMs=5700000 high=311500.0000 avgPrice=307500.0000 weightedPnl=-0.91% (pending fill)
2026-06-02 11:37:31 INFO  SELL_FILLED_PNL 108490 reason=VWAP_BREAK filledQty=26/26 fillRatio=1.00 weightedPnl=-0.91% dailyPnl=-0.91%
2026-06-02 11:37:31 INFO  SELL_FILLED 108490 reason=VWAP_BREAK remainingQty=0 phase=NONE exitType=VWAP_BREAK
2026-06-02 11:37:39 INFO  BUY amount set for 108490: 10000000.00
2026-06-02 11:37:39 INFO  BUY [KRX] 108490 mode=BREAKOUT price=240000.0000 qty=33 size=0.8000x score=86[A](CONV) | WHY: strongBreakout volBreakout retestOK multiUp vol(1.81x) | VWAP: 1.77%(ABOVE slope=UP) allowedGap=2.20% | TREND: score=3 vel=0.84%/0.42%/1.05% accel=true | VOL: 1390.0000/769.7000 TO: 333600000.0000/182933850.0000 | HIGH: 240000.0000 fromHigh=0.00% | entryNo=1
2026-06-02 11:37:39 INFO  BUY_FILLED 108490 phase=HOLDING
2026-06-02 11:37:39 INFO  SELL_EXECUTED [KRX] 108490 mode=BREAKOUT phase=EXITING exitType=VWAP_BREAK price=236000.0000 qty=33 reason=VWAP_BREAK pnl=-1.67% peakPnl=1.04% holdMs=2340000 high=242500.0000 avgPrice=240000.0000 weightedPnl=-1.32% (pending fill)
2026-06-02 11:37:39 INFO  SELL_FILLED_PNL 108490 reason=VWAP_BREAK filledQty=33/33 fillRatio=1.00 weightedPnl=-1.32% dailyPnl=-1.32%
2026-06-02 11:37:39 INFO  SELL_FILLED 108490 reason=VWAP_BREAK remainingQty=0 phase=NONE exitType=VWAP_BREAK
2026-06-02 11:37:39 INFO  BUY [KRX] 108490 mode=BREAKOUT price=258500.0000 qty=30 size=0.8000x score=86[A](CONV) | WHY: strongBreakout volBreakout retestOK multiUp vol(1.91x) | VWAP: 1.68%(ABOVE slope=UP) allowedGap=2.20% | TREND: score=3 vel=0.78%/0.58%/0.78% accel=true | VOL: 1013.0000/531.5500 TO: 261860500.0000/136113275.0000 | HIGH: 258500.0000 fromHigh=0.00% | entryNo=1
2026-06-02 11:37:39 INFO  BUY_FILLED 108490 phase=HOLDING
2026-06-02 11:37:39 INFO  SELL_EXECUTED [KRX] 108490 mode=BREAKOUT phase=EXITING exitType=VWAP_BREAK price=256000.0000 qty=30 reason=VWAP_BREAK pnl=-0.97% peakPnl=0.58% holdMs=7020000 high=260000.0000 avgPrice=258500.0000 weightedPnl=-0.75% (pending fill)
2026-06-02 11:37:39 INFO  SELL_FILLED_PNL 108490 reason=VWAP_BREAK filledQty=30/30 fillRatio=1.00 weightedPnl=-0.75% dailyPnl=-0.75%
2026-06-02 11:37:39 INFO  SELL_FILLED 108490 reason=VWAP_BREAK remainingQty=0 phase=NONE exitType=VWAP_BREAK
2026-06-02 11:37:39 INFO  BUY [KRX] 108490 mode=BREAKOUT price=248000.0000 qty=40 size=1.0000x score=95[SS](CONV) | WHY: strongBreakout volBreakout retestOK multiUp vol(4.65x) | VWAP: 2.93%(ABOVE slope=UP) allowedGap=2.20% | TREND: score=3 vel=1.02%/0.61%/1.22% accel=true | VOL: 1478.0000/318.0000 TO: 366544000.0000/78299800.0000 | HIGH: 248000.0000 fromHigh=0.00% | entryNo=1
2026-06-02 11:37:39 INFO  BUY_FILLED 108490 phase=HOLDING
2026-06-02 11:37:39 INFO  SELL_EXECUTED [KRX] 108490 mode=BREAKOUT phase=EXITING exitType=PROFIT price=255500.0000 qty=40 reason=TAKE_PROFIT_BREAKOUT pnl=3.02% peakPnl=3.02% holdMs=2820000 high=255500.0000 avgPrice=248000.0000 weightedPnl=3.00% (pending fill)
2026-06-02 11:37:39 INFO  SELL_FILLED_PNL 108490 reason=TAKE_PROFIT_BREAKOUT filledQty=40/40 fillRatio=1.00 weightedPnl=3.00% dailyPnl=3.00%
2026-06-02 11:37:39 INFO  SELL_FILLED 108490 reason=TAKE_PROFIT_BREAKOUT remainingQty=0 phase=NONE exitType=PROFIT
2026-06-02 11:37:39 INFO  BUY [KRX] 108490 mode=BREAKOUT price=266000.0000 qty=37 size=1.0000x score=100[SS](CONV) | WHY: strongBreakout volBreakout retestOK multiUp vol(5.72x) | VWAP: 1.47%(ABOVE slope=UP) allowedGap=2.20% | TREND: score=3 vel=0.57%/0.38%/0.38% accel=true | VOL: 2753.0000/480.9000 TO: 732298000.0000/127611275.0000 | HIGH: 266000.0000 fromHigh=0.00% | entryNo=1
2026-06-02 11:37:39 INFO  BUY_FILLED 108490 phase=HOLDING
2026-06-02 11:37:39 INFO  SELL_EXECUTED [KRX] 108490 mode=BREAKOUT phase=EXITING exitType=VWAP_BREAK price=262500.0000 qty=37 reason=VWAP_BREAK pnl=-1.32% peakPnl=0.00% holdMs=1260000 high=266000.0000 avgPrice=266000.0000 weightedPnl=-1.29% (pending fill)
2026-06-02 11:37:39 INFO  SELL_FILLED_PNL 108490 reason=VWAP_BREAK filledQty=37/37 fillRatio=1.00 weightedPnl=-1.29% dailyPnl=-1.29%
2026-06-02 11:37:39 INFO  SELL_FILLED 108490 reason=VWAP_BREAK remainingQty=0 phase=NONE exitType=VWAP_BREAK
2026-06-02 11:37:39 INFO  BUY [KRX] 108490 mode=BREAKOUT price=282500.0000 qty=35 size=1.0000x score=100[SS](CONV) | WHY: strongBreakout volBreakout retestOK multiUp vol(3.67x) | VWAP: 1.68%(ABOVE slope=UP) allowedGap=2.20% | TREND: score=3 vel=1.07%/0.89%/1.44% accel=true | VOL: 8143.0000/2217.4500 TO: 2300397500.0000/618152600.0000 | HIGH: 282500.0000 fromHigh=0.00% | entryNo=1
2026-06-02 11:37:39 INFO  BUY_FILLED 108490 phase=HOLDING
2026-06-02 11:37:39 INFO  SELL_EXECUTED [KRX] 108490 mode=BREAKOUT phase=EXITING exitType=VWAP_BREAK price=277000.0000 qty=35 reason=VWAP_BREAK pnl=-1.95% peakPnl=0.18% holdMs=1200000 high=283000.0000 avgPrice=282500.0000 weightedPnl=-1.93% (pending fill)
2026-06-02 11:37:39 INFO  SELL_FILLED_PNL 108490 reason=VWAP_BREAK filledQty=35/35 fillRatio=1.00 weightedPnl=-1.93% dailyPnl=-1.93%
2026-06-02 11:37:39 INFO  SELL_FILLED 108490 reason=VWAP_BREAK remainingQty=0 phase=NONE exitType=VWAP_BREAK
2026-06-02 11:37:40 INFO  BUY [KRX] 108490 mode=BREAKOUT price=353500.0000 qty=28 size=1.0000x score=95[SS](CONV) | WHY: strongBreakout volBreakout retestOK multiUp vol(2.90x) | VWAP: 1.27%(ABOVE slope=UP) allowedGap=2.20% | TREND: score=3 vel=1.00%/0.86%/1.00% accel=true | VOL: 4187.0000/1446.0000 TO: 1480104500.0000/506787950.0000 | HIGH: 353500.0000 fromHigh=0.00% | entryNo=1
2026-06-02 11:37:40 INFO  BUY_FILLED 108490 phase=HOLDING
2026-06-02 11:37:40 INFO  SELL_EXECUTED [KRX] 108490 mode=BREAKOUT phase=EXITING exitType=VWAP_BREAK price=349500.0000 qty=28 reason=VWAP_BREAK pnl=-1.13% peakPnl=0.42% holdMs=1680000 high=355000.0000 avgPrice=353500.0000 weightedPnl=-1.12% (pending fill)
2026-06-02 11:37:40 INFO  SELL_FILLED_PNL 108490 reason=VWAP_BREAK filledQty=28/28 fillRatio=1.00 weightedPnl=-1.12% dailyPnl=-1.12%
2026-06-02 11:37:40 INFO  SELL_FILLED 108490 reason=VWAP_BREAK remainingQty=0 phase=NONE exitType=VWAP_BREAK
2026-06-02 11:37:40 INFO  BUY [KRX] 108490 mode=BREAKOUT price=337000.0000 qty=29 size=1.0000x score=95[SS](CONV) | WHY: strongBreakout volBreakout retestOK multiUp vol(4.65x) | VWAP: 2.53%(ABOVE slope=UP) allowedGap=2.20% | TREND: score=3 vel=0.75%/0.45%/0.75% accel=true | VOL: 8252.0000/1774.1500 TO: 2780924000.0000/593504575.0000 | HIGH: 337000.0000 fromHigh=0.00% | entryNo=1
2026-06-02 11:37:40 INFO  BUY_FILLED 108490 phase=HOLDING
2026-06-02 11:37:40 INFO  SELL_EXECUTED [KRX] 108490 mode=BREAKOUT phase=EXITING exitType=STOPLOSS price=329500.0000 qty=29 reason=STOP_LOSS_BREAKOUT pnl=-2.23% peakPnl=0.15% holdMs=1920000 high=337500.0000 avgPrice=337000.0000 weightedPnl=-2.18% (pending fill)
2026-06-02 11:37:40 INFO  SELL_FILLED_PNL 108490 reason=STOP_LOSS_BREAKOUT filledQty=29/29 fillRatio=1.00 weightedPnl=-2.18% dailyPnl=-2.18%
2026-06-02 11:37:40 INFO  SELL_FILLED 108490 reason=STOP_LOSS_BREAKOUT remainingQty=0 phase=NONE exitType=STOPLOSS
2026-06-02 11:37:40 INFO  BUY [KRX] 108490 mode=BREAKOUT price=332500.0000 qty=30 size=1.0000x score=95[SS](CONV) | WHY: strongBreakout volBreakout retestOK multiUp vol(2.35x) | VWAP: 1.33%(ABOVE slope=UP) allowedGap=2.20% | TREND: score=3 vel=0.45%/0.15%/0.61% accel=true | VOL: 1736.0000/737.9000 TO: 577220000.0000/243085000.0000 | HIGH: 332500.0000 fromHigh=0.00% | entryNo=1
2026-06-02 11:37:40 INFO  BUY_FILLED 108490 phase=HOLDING
2026-06-02 11:37:40 INFO  SELL_EXECUTED [KRX] 108490 mode=BREAKOUT phase=EXITING exitType=PROFIT price=342000.0000 qty=30 reason=TAKE_PROFIT_BREAKOUT pnl=2.86% peakPnl=2.86% holdMs=6420000 high=342000.0000 avgPrice=332500.0000 weightedPnl=2.85% (pending fill)
2026-06-02 11:37:40 INFO  SELL_FILLED_PNL 108490 reason=TAKE_PROFIT_BREAKOUT filledQty=30/30 fillRatio=1.00 weightedPnl=2.85% dailyPnl=2.85%
2026-06-02 11:37:40 INFO  SELL_FILLED 108490 reason=TAKE_PROFIT_BREAKOUT remainingQty=0 phase=NONE exitType=PROFIT
2026-06-02 11:37:40 INFO  BUY [KRX] 108490 mode=BREAKOUT price=307500.0000 qty=26 size=0.8000x score=86[A](CONV) | WHY: strongBreakout volBreakout retestOK multiUp vol(1.97x) | VWAP: 1.32%(ABOVE slope=UP) allowedGap=2.20% | TREND: score=3 vel=0.82%/0.65%/0.82% accel=true | VOL: 1451.0000/736.6000 TO: 446182500.0000/224553850.0000 | HIGH: 307500.0000 fromHigh=0.00% | entryNo=1
2026-06-02 11:37:40 INFO  BUY_FILLED 108490 phase=HOLDING
2026-06-02 11:37:40 INFO  SELL_EXECUTED [KRX] 108490 mode=BREAKOUT phase=EXITING exitType=VWAP_BREAK price=304000.0000 qty=26 reason=VWAP_BREAK pnl=-1.14% peakPnl=1.30% holdMs=5700000 high=311500.0000 avgPrice=307500.0000 weightedPnl=-0.91% (pending fill)
2026-06-02 11:37:40 INFO  SELL_FILLED_PNL 108490 reason=VWAP_BREAK filledQty=26/26 fillRatio=1.00 weightedPnl=-0.91% dailyPnl=-0.91%
2026-06-02 11:37:40 INFO  SELL_FILLED 108490 reason=VWAP_BREAK remainingQty=0 phase=NONE exitType=VWAP_BREAK
2026-06-02 11:37:49 INFO  BUY amount set for 108490: 10000000.00
2026-06-02 11:37:49 INFO  BUY [KRX] 108490 mode=BREAKOUT price=240000.0000 qty=33 size=0.8000x score=86[A](CONV) | WHY: strongBreakout volBreakout retestOK multiUp vol(1.81x) | VWAP: 1.77%(ABOVE slope=UP) allowedGap=2.20% | TREND: score=3 vel=0.84%/0.42%/1.05% accel=true | VOL: 1390.0000/769.7000 TO: 333600000.0000/182933850.0000 | HIGH: 240000.0000 fromHigh=0.00% | entryNo=1
2026-06-02 11:37:49 INFO  BUY_FILLED 108490 phase=HOLDING
2026-06-02 11:37:49 INFO  SELL_EXECUTED [KRX] 108490 mode=BREAKOUT phase=EXITING exitType=VWAP_BREAK price=236000.0000 qty=33 reason=VWAP_BREAK pnl=-1.67% peakPnl=1.04% holdMs=2340000 high=242500.0000 avgPrice=240000.0000 weightedPnl=-1.32% (pending fill)
2026-06-02 11:37:49 INFO  SELL_FILLED_PNL 108490 reason=VWAP_BREAK filledQty=33/33 fillRatio=1.00 weightedPnl=-1.32% dailyPnl=-1.32%
2026-06-02 11:37:49 INFO  SELL_FILLED 108490 reason=VWAP_BREAK remainingQty=0 phase=NONE exitType=VWAP_BREAK
2026-06-02 11:37:49 INFO  BUY [KRX] 108490 mode=BREAKOUT price=258500.0000 qty=30 size=0.8000x score=86[A](CONV) | WHY: strongBreakout volBreakout retestOK multiUp vol(1.91x) | VWAP: 1.68%(ABOVE slope=UP) allowedGap=2.20% | TREND: score=3 vel=0.78%/0.58%/0.78% accel=true | VOL: 1013.0000/531.5500 TO: 261860500.0000/136113275.0000 | HIGH: 258500.0000 fromHigh=0.00% | entryNo=1
2026-06-02 11:37:49 INFO  BUY_FILLED 108490 phase=HOLDING
2026-06-02 11:37:49 INFO  SELL_EXECUTED [KRX] 108490 mode=BREAKOUT phase=EXITING exitType=VWAP_BREAK price=256000.0000 qty=30 reason=VWAP_BREAK pnl=-0.97% peakPnl=0.58% holdMs=7020000 high=260000.0000 avgPrice=258500.0000 weightedPnl=-0.75% (pending fill)
2026-06-02 11:37:49 INFO  SELL_FILLED_PNL 108490 reason=VWAP_BREAK filledQty=30/30 fillRatio=1.00 weightedPnl=-0.75% dailyPnl=-0.75%
2026-06-02 11:37:49 INFO  SELL_FILLED 108490 reason=VWAP_BREAK remainingQty=0 phase=NONE exitType=VWAP_BREAK
2026-06-02 11:37:49 INFO  BUY [KRX] 108490 mode=BREAKOUT price=248000.0000 qty=40 size=1.0000x score=95[SS](CONV) | WHY: strongBreakout volBreakout retestOK multiUp vol(4.65x) | VWAP: 2.93%(ABOVE slope=UP) allowedGap=2.20% | TREND: score=3 vel=1.02%/0.61%/1.22% accel=true | VOL: 1478.0000/318.0000 TO: 366544000.0000/78299800.0000 | HIGH: 248000.0000 fromHigh=0.00% | entryNo=1
2026-06-02 11:37:49 INFO  BUY_FILLED 108490 phase=HOLDING
2026-06-02 11:37:49 INFO  SELL_EXECUTED [KRX] 108490 mode=BREAKOUT phase=EXITING exitType=PROFIT price=255500.0000 qty=40 reason=TAKE_PROFIT_BREAKOUT pnl=3.02% peakPnl=3.02% holdMs=2820000 high=255500.0000 avgPrice=248000.0000 weightedPnl=3.00% (pending fill)
2026-06-02 11:37:49 INFO  SELL_FILLED_PNL 108490 reason=TAKE_PROFIT_BREAKOUT filledQty=40/40 fillRatio=1.00 weightedPnl=3.00% dailyPnl=3.00%
2026-06-02 11:37:49 INFO  SELL_FILLED 108490 reason=TAKE_PROFIT_BREAKOUT remainingQty=0 phase=NONE exitType=PROFIT
2026-06-02 11:37:49 INFO  BUY [KRX] 108490 mode=BREAKOUT price=266000.0000 qty=37 size=1.0000x score=100[SS](CONV) | WHY: strongBreakout volBreakout retestOK multiUp vol(5.72x) | VWAP: 1.47%(ABOVE slope=UP) allowedGap=2.20% | TREND: score=3 vel=0.57%/0.38%/0.38% accel=true | VOL: 2753.0000/480.9000 TO: 732298000.0000/127611275.0000 | HIGH: 266000.0000 fromHigh=0.00% | entryNo=1
2026-06-02 11:37:49 INFO  BUY_FILLED 108490 phase=HOLDING
2026-06-02 11:37:49 INFO  SELL_EXECUTED [KRX] 108490 mode=BREAKOUT phase=EXITING exitType=VWAP_BREAK price=262500.0000 qty=37 reason=VWAP_BREAK pnl=-1.32% peakPnl=0.00% holdMs=1260000 high=266000.0000 avgPrice=266000.0000 weightedPnl=-1.29% (pending fill)
2026-06-02 11:37:49 INFO  SELL_FILLED_PNL 108490 reason=VWAP_BREAK filledQty=37/37 fillRatio=1.00 weightedPnl=-1.29% dailyPnl=-1.29%
2026-06-02 11:37:49 INFO  SELL_FILLED 108490 reason=VWAP_BREAK remainingQty=0 phase=NONE exitType=VWAP_BREAK
2026-06-02 11:37:49 INFO  BUY [KRX] 108490 mode=BREAKOUT price=282500.0000 qty=35 size=1.0000x score=100[SS](CONV) | WHY: strongBreakout volBreakout retestOK multiUp vol(3.67x) | VWAP: 1.68%(ABOVE slope=UP) allowedGap=2.20% | TREND: score=3 vel=1.07%/0.89%/1.44% accel=true | VOL: 8143.0000/2217.4500 TO: 2300397500.0000/618152600.0000 | HIGH: 282500.0000 fromHigh=0.00% | entryNo=1
2026-06-02 11:37:49 INFO  BUY_FILLED 108490 phase=HOLDING
2026-06-02 11:37:49 INFO  SELL_EXECUTED [KRX] 108490 mode=BREAKOUT phase=EXITING exitType=VWAP_BREAK price=277000.0000 qty=35 reason=VWAP_BREAK pnl=-1.95% peakPnl=0.18% holdMs=1200000 high=283000.0000 avgPrice=282500.0000 weightedPnl=-1.93% (pending fill)
2026-06-02 11:37:49 INFO  SELL_FILLED_PNL 108490 reason=VWAP_BREAK filledQty=35/35 fillRatio=1.00 weightedPnl=-1.93% dailyPnl=-1.93%
2026-06-02 11:37:49 INFO  SELL_FILLED 108490 reason=VWAP_BREAK remainingQty=0 phase=NONE exitType=VWAP_BREAK
2026-06-02 11:37:49 INFO  BUY [KRX] 108490 mode=BREAKOUT price=353500.0000 qty=28 size=1.0000x score=95[SS](CONV) | WHY: strongBreakout volBreakout retestOK multiUp vol(2.90x) | VWAP: 1.27%(ABOVE slope=UP) allowedGap=2.20% | TREND: score=3 vel=1.00%/0.86%/1.00% accel=true | VOL: 4187.0000/1446.0000 TO: 1480104500.0000/506787950.0000 | HIGH: 353500.0000 fromHigh=0.00% | entryNo=1
2026-06-02 11:37:49 INFO  BUY_FILLED 108490 phase=HOLDING
2026-06-02 11:37:49 INFO  SELL_EXECUTED [KRX] 108490 mode=BREAKOUT phase=EXITING exitType=VWAP_BREAK price=349500.0000 qty=28 reason=VWAP_BREAK pnl=-1.13% peakPnl=0.42% holdMs=1680000 high=355000.0000 avgPrice=353500.0000 weightedPnl=-1.12% (pending fill)
2026-06-02 11:37:49 INFO  SELL_FILLED_PNL 108490 reason=VWAP_BREAK filledQty=28/28 fillRatio=1.00 weightedPnl=-1.12% dailyPnl=-1.12%
2026-06-02 11:37:49 INFO  SELL_FILLED 108490 reason=VWAP_BREAK remainingQty=0 phase=NONE exitType=VWAP_BREAK
2026-06-02 11:37:49 INFO  BUY [KRX] 108490 mode=BREAKOUT price=337000.0000 qty=29 size=1.0000x score=95[SS](CONV) | WHY: strongBreakout volBreakout retestOK multiUp vol(4.65x) | VWAP: 2.53%(ABOVE slope=UP) allowedGap=2.20% | TREND: score=3 vel=0.75%/0.45%/0.75% accel=true | VOL: 8252.0000/1774.1500 TO: 2780924000.0000/593504575.0000 | HIGH: 337000.0000 fromHigh=0.00% | entryNo=1
2026-06-02 11:37:49 INFO  BUY_FILLED 108490 phase=HOLDING
2026-06-02 11:37:49 INFO  SELL_EXECUTED [KRX] 108490 mode=BREAKOUT phase=EXITING exitType=STOPLOSS price=329500.0000 qty=29 reason=STOP_LOSS_BREAKOUT pnl=-2.23% peakPnl=0.15% holdMs=1920000 high=337500.0000 avgPrice=337000.0000 weightedPnl=-2.18% (pending fill)
2026-06-02 11:37:49 INFO  SELL_FILLED_PNL 108490 reason=STOP_LOSS_BREAKOUT filledQty=29/29 fillRatio=1.00 weightedPnl=-2.18% dailyPnl=-2.18%
2026-06-02 11:37:49 INFO  SELL_FILLED 108490 reason=STOP_LOSS_BREAKOUT remainingQty=0 phase=NONE exitType=STOPLOSS
2026-06-02 11:37:49 INFO  BUY [KRX] 108490 mode=BREAKOUT price=332500.0000 qty=30 size=1.0000x score=95[SS](CONV) | WHY: strongBreakout volBreakout retestOK multiUp vol(2.35x) | VWAP: 1.33%(ABOVE slope=UP) allowedGap=2.20% | TREND: score=3 vel=0.45%/0.15%/0.61% accel=true | VOL: 1736.0000/737.9000 TO: 577220000.0000/243085000.0000 | HIGH: 332500.0000 fromHigh=0.00% | entryNo=1
2026-06-02 11:37:49 INFO  BUY_FILLED 108490 phase=HOLDING
2026-06-02 11:37:49 INFO  SELL_EXECUTED [KRX] 108490 mode=BREAKOUT phase=EXITING exitType=PROFIT price=342000.0000 qty=30 reason=TAKE_PROFIT_BREAKOUT pnl=2.86% peakPnl=2.86% holdMs=6420000 high=342000.0000 avgPrice=332500.0000 weightedPnl=2.85% (pending fill)
2026-06-02 11:37:49 INFO  SELL_FILLED_PNL 108490 reason=TAKE_PROFIT_BREAKOUT filledQty=30/30 fillRatio=1.00 weightedPnl=2.85% dailyPnl=2.85%
2026-06-02 11:37:49 INFO  SELL_FILLED 108490 reason=TAKE_PROFIT_BREAKOUT remainingQty=0 phase=NONE exitType=PROFIT
2026-06-02 11:37:49 INFO  BUY [KRX] 108490 mode=BREAKOUT price=307500.0000 qty=26 size=0.8000x score=86[A](CONV) | WHY: strongBreakout volBreakout retestOK multiUp vol(1.97x) | VWAP: 1.32%(ABOVE slope=UP) allowedGap=2.20% | TREND: score=3 vel=0.82%/0.65%/0.82% accel=true | VOL: 1451.0000/736.6000 TO: 446182500.0000/224553850.0000 | HIGH: 307500.0000 fromHigh=0.00% | entryNo=1
2026-06-02 11:37:49 INFO  BUY_FILLED 108490 phase=HOLDING
2026-06-02 11:37:49 INFO  SELL_EXECUTED [KRX] 108490 mode=BREAKOUT phase=EXITING exitType=VWAP_BREAK price=304000.0000 qty=26 reason=VWAP_BREAK pnl=-1.14% peakPnl=1.30% holdMs=5700000 high=311500.0000 avgPrice=307500.0000 weightedPnl=-0.91% (pending fill)
2026-06-02 11:37:49 INFO  SELL_FILLED_PNL 108490 reason=VWAP_BREAK filledQty=26/26 fillRatio=1.00 weightedPnl=-0.91% dailyPnl=-0.91%
2026-06-02 11:37:49 INFO  SELL_FILLED 108490 reason=VWAP_BREAK remainingQty=0 phase=NONE exitType=VWAP_BREAK
2026-06-02 11:37:54 INFO  BUY amount set for 108490: 10000000.00
2026-06-02 11:37:54 INFO  BUY [KRX] 108490 mode=BREAKOUT price=307500.0000 qty=32 size=1.0000x score=100[SS](CONV) | WHY: strongBreakout volBreakout retestOK multiUp vol(5.84x) | VWAP: 0.61%(ABOVE slope=UP) allowedGap=2.20% | TREND: score=3 vel=0.33%/0.16%/0.33% accel=true | VOL: 1011.0000/173.0500 TO: 310882500.0000/53100725.0000 | HIGH: 307500.0000 fromHigh=0.00% | entryNo=1
2026-06-02 11:37:54 INFO  BUY_FILLED 108490 phase=HOLDING
2026-06-02 11:37:54 INFO  SELL_EXECUTED [KRX] 108490 mode=BREAKOUT phase=EXITING exitType=VWAP_BREAK price=306000.0000 qty=32 reason=VWAP_BREAK pnl=-0.49% peakPnl=0.65% holdMs=5940000 high=309500.0000 avgPrice=307500.0000 weightedPnl=-0.48% (pending fill)
2026-06-02 11:37:54 INFO  SELL_FILLED_PNL 108490 reason=VWAP_BREAK filledQty=32/32 fillRatio=1.00 weightedPnl=-0.48% dailyPnl=-0.48%
2026-06-02 11:37:54 INFO  SELL_FILLED 108490 reason=VWAP_BREAK remainingQty=0 phase=NONE exitType=VWAP_BREAK
2026-06-02 11:38:01 INFO  BUY amount set for 108490: 10000000.00
2026-06-02 11:38:01 INFO  BUY [KRX] 108490 mode=BREAKOUT price=240000.0000 qty=33 size=0.8000x score=86[A](CONV) | WHY: strongBreakout volBreakout retestOK multiUp vol(1.81x) | VWAP: 1.77%(ABOVE slope=UP) allowedGap=2.20% | TREND: score=3 vel=0.84%/0.42%/1.05% accel=true | VOL: 1390.0000/769.7000 TO: 333600000.0000/182933850.0000 | HIGH: 240000.0000 fromHigh=0.00% | entryNo=1
2026-06-02 11:38:01 INFO  BUY_FILLED 108490 phase=HOLDING
2026-06-02 11:38:01 INFO  SELL_EXECUTED [KRX] 108490 mode=BREAKOUT phase=EXITING exitType=VWAP_BREAK price=236000.0000 qty=33 reason=VWAP_BREAK pnl=-1.67% peakPnl=1.04% holdMs=2340000 high=242500.0000 avgPrice=240000.0000 weightedPnl=-1.32% (pending fill)
2026-06-02 11:38:01 INFO  SELL_FILLED_PNL 108490 reason=VWAP_BREAK filledQty=33/33 fillRatio=1.00 weightedPnl=-1.32% dailyPnl=-1.32%
2026-06-02 11:38:01 INFO  SELL_FILLED 108490 reason=VWAP_BREAK remainingQty=0 phase=NONE exitType=VWAP_BREAK
2026-06-02 11:38:01 INFO  BUY [KRX] 108490 mode=BREAKOUT price=258500.0000 qty=30 size=0.8000x score=86[A](CONV) | WHY: strongBreakout volBreakout retestOK multiUp vol(1.91x) | VWAP: 1.68%(ABOVE slope=UP) allowedGap=2.20% | TREND: score=3 vel=0.78%/0.58%/0.78% accel=true | VOL: 1013.0000/531.5500 TO: 261860500.0000/136113275.0000 | HIGH: 258500.0000 fromHigh=0.00% | entryNo=1
2026-06-02 11:38:01 INFO  BUY_FILLED 108490 phase=HOLDING
2026-06-02 11:38:01 INFO  SELL_EXECUTED [KRX] 108490 mode=BREAKOUT phase=EXITING exitType=VWAP_BREAK price=256000.0000 qty=30 reason=VWAP_BREAK pnl=-0.97% peakPnl=0.58% holdMs=7020000 high=260000.0000 avgPrice=258500.0000 weightedPnl=-0.75% (pending fill)
2026-06-02 11:38:01 INFO  SELL_FILLED_PNL 108490 reason=VWAP_BREAK filledQty=30/30 fillRatio=1.00 weightedPnl=-0.75% dailyPnl=-0.75%
2026-06-02 11:38:01 INFO  SELL_FILLED 108490 reason=VWAP_BREAK remainingQty=0 phase=NONE exitType=VWAP_BREAK
2026-06-02 11:38:01 INFO  BUY [KRX] 108490 mode=BREAKOUT price=248000.0000 qty=40 size=1.0000x score=95[SS](CONV) | WHY: strongBreakout volBreakout retestOK multiUp vol(4.65x) | VWAP: 2.93%(ABOVE slope=UP) allowedGap=2.20% | TREND: score=3 vel=1.02%/0.61%/1.22% accel=true | VOL: 1478.0000/318.0000 TO: 366544000.0000/78299800.0000 | HIGH: 248000.0000 fromHigh=0.00% | entryNo=1
2026-06-02 11:38:01 INFO  BUY_FILLED 108490 phase=HOLDING
2026-06-02 11:38:01 INFO  SELL_EXECUTED [KRX] 108490 mode=BREAKOUT phase=EXITING exitType=PROFIT price=255500.0000 qty=40 reason=TAKE_PROFIT_BREAKOUT pnl=3.02% peakPnl=3.02% holdMs=2820000 high=255500.0000 avgPrice=248000.0000 weightedPnl=3.00% (pending fill)
2026-06-02 11:38:01 INFO  SELL_FILLED_PNL 108490 reason=TAKE_PROFIT_BREAKOUT filledQty=40/40 fillRatio=1.00 weightedPnl=3.00% dailyPnl=3.00%
2026-06-02 11:38:01 INFO  SELL_FILLED 108490 reason=TAKE_PROFIT_BREAKOUT remainingQty=0 phase=NONE exitType=PROFIT
2026-06-02 11:38:01 INFO  BUY [KRX] 108490 mode=BREAKOUT price=266000.0000 qty=37 size=1.0000x score=100[SS](CONV) | WHY: strongBreakout volBreakout retestOK multiUp vol(5.72x) | VWAP: 1.47%(ABOVE slope=UP) allowedGap=2.20% | TREND: score=3 vel=0.57%/0.38%/0.38% accel=true | VOL: 2753.0000/480.9000 TO: 732298000.0000/127611275.0000 | HIGH: 266000.0000 fromHigh=0.00% | entryNo=1
2026-06-02 11:38:01 INFO  BUY_FILLED 108490 phase=HOLDING
2026-06-02 11:38:01 INFO  SELL_EXECUTED [KRX] 108490 mode=BREAKOUT phase=EXITING exitType=VWAP_BREAK price=262500.0000 qty=37 reason=VWAP_BREAK pnl=-1.32% peakPnl=0.00% holdMs=1260000 high=266000.0000 avgPrice=266000.0000 weightedPnl=-1.29% (pending fill)
2026-06-02 11:38:01 INFO  SELL_FILLED_PNL 108490 reason=VWAP_BREAK filledQty=37/37 fillRatio=1.00 weightedPnl=-1.29% dailyPnl=-1.29%
2026-06-02 11:38:01 INFO  SELL_FILLED 108490 reason=VWAP_BREAK remainingQty=0 phase=NONE exitType=VWAP_BREAK
2026-06-02 11:38:01 INFO  BUY [KRX] 108490 mode=BREAKOUT price=282500.0000 qty=35 size=1.0000x score=100[SS](CONV) | WHY: strongBreakout volBreakout retestOK multiUp vol(3.67x) | VWAP: 1.68%(ABOVE slope=UP) allowedGap=2.20% | TREND: score=3 vel=1.07%/0.89%/1.44% accel=true | VOL: 8143.0000/2217.4500 TO: 2300397500.0000/618152600.0000 | HIGH: 282500.0000 fromHigh=0.00% | entryNo=1
2026-06-02 11:38:01 INFO  BUY_FILLED 108490 phase=HOLDING
2026-06-02 11:38:01 INFO  SELL_EXECUTED [KRX] 108490 mode=BREAKOUT phase=EXITING exitType=VWAP_BREAK price=277000.0000 qty=35 reason=VWAP_BREAK pnl=-1.95% peakPnl=0.18% holdMs=1200000 high=283000.0000 avgPrice=282500.0000 weightedPnl=-1.93% (pending fill)
2026-06-02 11:38:01 INFO  SELL_FILLED_PNL 108490 reason=VWAP_BREAK filledQty=35/35 fillRatio=1.00 weightedPnl=-1.93% dailyPnl=-1.93%
2026-06-02 11:38:01 INFO  SELL_FILLED 108490 reason=VWAP_BREAK remainingQty=0 phase=NONE exitType=VWAP_BREAK
2026-06-02 11:38:01 INFO  BUY [KRX] 108490 mode=BREAKOUT price=353500.0000 qty=28 size=1.0000x score=95[SS](CONV) | WHY: strongBreakout volBreakout retestOK multiUp vol(2.90x) | VWAP: 1.27%(ABOVE slope=UP) allowedGap=2.20% | TREND: score=3 vel=1.00%/0.86%/1.00% accel=true | VOL: 4187.0000/1446.0000 TO: 1480104500.0000/506787950.0000 | HIGH: 353500.0000 fromHigh=0.00% | entryNo=1
2026-06-02 11:38:01 INFO  BUY_FILLED 108490 phase=HOLDING
2026-06-02 11:38:01 INFO  SELL_EXECUTED [KRX] 108490 mode=BREAKOUT phase=EXITING exitType=VWAP_BREAK price=349500.0000 qty=28 reason=VWAP_BREAK pnl=-1.13% peakPnl=0.42% holdMs=1680000 high=355000.0000 avgPrice=353500.0000 weightedPnl=-1.12% (pending fill)
2026-06-02 11:38:01 INFO  SELL_FILLED_PNL 108490 reason=VWAP_BREAK filledQty=28/28 fillRatio=1.00 weightedPnl=-1.12% dailyPnl=-1.12%
2026-06-02 11:38:01 INFO  SELL_FILLED 108490 reason=VWAP_BREAK remainingQty=0 phase=NONE exitType=VWAP_BREAK
2026-06-02 11:38:01 INFO  BUY [KRX] 108490 mode=BREAKOUT price=337000.0000 qty=29 size=1.0000x score=95[SS](CONV) | WHY: strongBreakout volBreakout retestOK multiUp vol(4.65x) | VWAP: 2.53%(ABOVE slope=UP) allowedGap=2.20% | TREND: score=3 vel=0.75%/0.45%/0.75% accel=true | VOL: 8252.0000/1774.1500 TO: 2780924000.0000/593504575.0000 | HIGH: 337000.0000 fromHigh=0.00% | entryNo=1
2026-06-02 11:38:01 INFO  BUY_FILLED 108490 phase=HOLDING
2026-06-02 11:38:01 INFO  SELL_EXECUTED [KRX] 108490 mode=BREAKOUT phase=EXITING exitType=STOPLOSS price=329500.0000 qty=29 reason=STOP_LOSS_BREAKOUT pnl=-2.23% peakPnl=0.15% holdMs=1920000 high=337500.0000 avgPrice=337000.0000 weightedPnl=-2.18% (pending fill)
2026-06-02 11:38:01 INFO  SELL_FILLED_PNL 108490 reason=STOP_LOSS_BREAKOUT filledQty=29/29 fillRatio=1.00 weightedPnl=-2.18% dailyPnl=-2.18%
2026-06-02 11:38:01 INFO  SELL_FILLED 108490 reason=STOP_LOSS_BREAKOUT remainingQty=0 phase=NONE exitType=STOPLOSS
2026-06-02 11:38:01 INFO  BUY [KRX] 108490 mode=BREAKOUT price=332500.0000 qty=30 size=1.0000x score=95[SS](CONV) | WHY: strongBreakout volBreakout retestOK multiUp vol(2.35x) | VWAP: 1.33%(ABOVE slope=UP) allowedGap=2.20% | TREND: score=3 vel=0.45%/0.15%/0.61% accel=true | VOL: 1736.0000/737.9000 TO: 577220000.0000/243085000.0000 | HIGH: 332500.0000 fromHigh=0.00% | entryNo=1
2026-06-02 11:38:01 INFO  BUY_FILLED 108490 phase=HOLDING
2026-06-02 11:38:01 INFO  SELL_EXECUTED [KRX] 108490 mode=BREAKOUT phase=EXITING exitType=PROFIT price=342000.0000 qty=30 reason=TAKE_PROFIT_BREAKOUT pnl=2.86% peakPnl=2.86% holdMs=6420000 high=342000.0000 avgPrice=332500.0000 weightedPnl=2.85% (pending fill)
2026-06-02 11:38:01 INFO  SELL_FILLED_PNL 108490 reason=TAKE_PROFIT_BREAKOUT filledQty=30/30 fillRatio=1.00 weightedPnl=2.85% dailyPnl=2.85%
2026-06-02 11:38:01 INFO  SELL_FILLED 108490 reason=TAKE_PROFIT_BREAKOUT remainingQty=0 phase=NONE exitType=PROFIT
2026-06-02 11:38:01 INFO  BUY [KRX] 108490 mode=BREAKOUT price=307500.0000 qty=26 size=0.8000x score=86[A](CONV) | WHY: strongBreakout volBreakout retestOK multiUp vol(1.97x) | VWAP: 1.32%(ABOVE slope=UP) allowedGap=2.20% | TREND: score=3 vel=0.82%/0.65%/0.82% accel=true | VOL: 1451.0000/736.6000 TO: 446182500.0000/224553850.0000 | HIGH: 307500.0000 fromHigh=0.00% | entryNo=1
2026-06-02 11:38:01 INFO  BUY_FILLED 108490 phase=HOLDING
2026-06-02 11:38:01 INFO  SELL_EXECUTED [KRX] 108490 mode=BREAKOUT phase=EXITING exitType=VWAP_BREAK price=304000.0000 qty=26 reason=VWAP_BREAK pnl=-1.14% peakPnl=1.30% holdMs=5700000 high=311500.0000 avgPrice=307500.0000 weightedPnl=-0.91% (pending fill)
2026-06-02 11:38:01 INFO  SELL_FILLED_PNL 108490 reason=VWAP_BREAK filledQty=26/26 fillRatio=1.00 weightedPnl=-0.91% dailyPnl=-0.91%
2026-06-02 11:38:01 INFO  SELL_FILLED 108490 reason=VWAP_BREAK remainingQty=0 phase=NONE exitType=VWAP_BREAK
2026-06-02 11:39:56 INFO  BUY amount set for 036930: 600000.00
2026-06-02 11:39:56 INFO  BUY [KRX] 036930 mode=BREAKOUT price=65000.0000 qty=9 size=1.0000x score=100[SS](CONV) | WHY: strongBreakout volBreakout retestOK multiUp vol(3.17x) | VWAP: 1.30%(ABOVE slope=UP) allowedGap=2.20% | TREND: score=3 vel=0.62%/0.46%/0.62% accel=true | VOL: 4978.0000/1570.9500 TO: 323570000.0000/101588415.0000 | HIGH: 65000.0000 fromHigh=0.00% | entryNo=1
2026-06-02 11:39:56 INFO  BUY_FILLED 036930 phase=HOLDING
2026-06-02 11:39:56 INFO  SELL [EOD_FORCE_SELL] 036930 pnl=0.15% time=15:30
2026-06-02 11:39:56 INFO  SELL_EXECUTED [KRX] 036930 mode=BREAKOUT phase=EXITING exitType=TIMESTOP price=65100.0000 qty=9 reason=EOD_FORCE_SELL pnl=0.15% peakPnl=1.08% holdMs=4560000 high=65700.0000 avgPrice=65000.0000 weightedPnl=0.15% (pending fill)
2026-06-02 11:39:56 INFO  SELL_FILLED_PNL 036930 reason=EOD_FORCE_SELL filledQty=9/9 fillRatio=1.00 weightedPnl=0.15% dailyPnl=0.15%
2026-06-02 11:39:56 INFO  SELL_FILLED 036930 reason=EOD_FORCE_SELL remainingQty=0 phase=NONE exitType=TIMESTOP
2026-06-02 11:39:56 INFO  BUY [KRX] 036930 mode=BREAKOUT price=64700.0000 qty=9 size=1.0000x score=100[SS](CONV) | WHY: strongBreakout volBreakout retestOK multiUp vol(5.69x) | VWAP: 0.73%(ABOVE slope=UP) allowedGap=2.20% | TREND: score=3 vel=1.41%/1.09%/0.62% accel=true | VOL: 15249.0000/2681.0500 TO: 986610300.0000/172421957.5000 | HIGH: 64700.0000 fromHigh=0.00% | entryNo=1
2026-06-02 11:39:56 INFO  BUY_FILLED 036930 phase=HOLDING
2026-06-02 11:39:56 INFO  SELL_EXECUTED [KRX] 036930 mode=BREAKOUT phase=EXITING exitType=VWAP_BREAK price=64100.0000 qty=9 reason=VWAP_BREAK pnl=-0.93% peakPnl=0.31% holdMs=2340000 high=64900.0000 avgPrice=64700.0000 weightedPnl=-0.90% (pending fill)
2026-06-02 11:39:56 INFO  SELL_FILLED_PNL 036930 reason=VWAP_BREAK filledQty=9/9 fillRatio=1.00 weightedPnl=-0.90% dailyPnl=-0.90%
2026-06-02 11:39:56 INFO  SELL_FILLED 036930 reason=VWAP_BREAK remainingQty=0 phase=NONE exitType=VWAP_BREAK
2026-06-02 11:39:56 INFO  BUY [KRX] 036930 mode=BREAKOUT price=63400.0000 qty=7 size=0.8000x score=95[SS](CONV) | WHY: strongBreakout volBreakout retestOK multiUp vol(2.27x) | VWAP: 1.21%(ABOVE slope=UP) allowedGap=2.20% | TREND: score=3 vel=0.96%/0.79%/1.28% accel=true | VOL: 10319.0000/4549.1500 TO: 654224600.0000/284902065.0000 | HIGH: 63400.0000 fromHigh=0.00% | entryNo=1
2026-06-02 11:39:56 INFO  BUY_FILLED 036930 phase=HOLDING
2026-06-02 11:39:56 INFO  SELL_EXECUTED [KRX] 036930 mode=BREAKOUT phase=EXITING exitType=VWAP_BREAK price=62900.0000 qty=7 reason=VWAP_BREAK pnl=-0.79% peakPnl=1.26% holdMs=780000 high=64200.0000 avgPrice=63400.0000 weightedPnl=-0.58% (pending fill)
2026-06-02 11:39:56 INFO  SELL_FILLED_PNL 036930 reason=VWAP_BREAK filledQty=7/7 fillRatio=1.00 weightedPnl=-0.58% dailyPnl=-0.58%
2026-06-02 11:39:56 INFO  SELL_FILLED 036930 reason=VWAP_BREAK remainingQty=0 phase=NONE exitType=VWAP_BREAK
2026-06-02 11:39:56 INFO  BUY [KRX] 036930 mode=BREAKOUT price=73300.0000 qty=8 size=1.0000x score=100[SS](CONV) | WHY: strongBreakout volBreakout retestOK multiUp vol(7.17x) | VWAP: 1.22%(ABOVE slope=UP) allowedGap=2.20% | TREND: score=3 vel=0.55%/0.48%/0.69% accel=true | VOL: 11365.0000/1585.5000 TO: 833054500.0000/115735535.0000 | HIGH: 73300.0000 fromHigh=0.00% | entryNo=1
2026-06-02 11:39:56 INFO  BUY_FILLED 036930 phase=HOLDING
2026-06-02 11:39:56 INFO  SELL_EXECUTED [KRX] 036930 mode=BREAKOUT phase=EXITING exitType=VWAP_BREAK price=73000.0000 qty=8 reason=VWAP_BREAK pnl=-0.41% peakPnl=1.23% holdMs=2220000 high=74200.0000 avgPrice=73300.0000 weightedPnl=-0.40% (pending fill)
2026-06-02 11:39:56 INFO  SELL_FILLED_PNL 036930 reason=VWAP_BREAK filledQty=8/8 fillRatio=1.00 weightedPnl=-0.40% dailyPnl=-0.40%
2026-06-02 11:39:56 INFO  SELL_FILLED 036930 reason=VWAP_BREAK remainingQty=0 phase=NONE exitType=VWAP_BREAK
2026-06-02 11:39:56 INFO  BUY [KRX] 036930 mode=BREAKOUT price=120500.0000 qty=4 size=1.0000x score=100[SS](CONV) | WHY: strongBreakout volBreakout retestOK multiUp vol(5.89x) | VWAP: 1.58%(ABOVE slope=UP) allowedGap=2.20% | TREND: score=3 vel=1.18%/0.92%/1.43% accel=true | VOL: 30794.0000/5228.8500 TO: 3707597600.0000/624389815.0000 | HIGH: 120500.0000 fromHigh=-0.08% | entryNo=1
2026-06-02 11:39:56 INFO  BUY_FILLED 036930 phase=HOLDING
2026-06-02 11:39:56 INFO  SELL [BREAKEVEN_GUARD] 036930 pnl=-0.33% peakPnl=1.74% holdMs=4200000
2026-06-02 11:39:56 INFO  SELL_EXECUTED [KRX] 036930 mode=BREAKOUT phase=EXITING exitType=TRAIL price=120000.0000 qty=4 reason=BREAKEVEN_GUARD pnl=-0.33% peakPnl=1.74% holdMs=4200000 high=122500.0000 avgPrice=120400.0000 weightedPnl=-0.27% (pending fill)
2026-06-02 11:39:56 INFO  SELL_FILLED_PNL 036930 reason=BREAKEVEN_GUARD filledQty=4/4 fillRatio=1.00 weightedPnl=-0.27% dailyPnl=-0.27%
2026-06-02 11:39:56 INFO  SELL_FILLED 036930 reason=BREAKEVEN_GUARD remainingQty=0 phase=NONE exitType=TRAIL
2026-06-02 11:39:56 INFO  BUY [KRX] 036930 mode=BREAKOUT price=118000.0000 qty=5 size=1.0000x score=90[S](CONV) | WHY: strongBreakout volBreakout retestOK multiUp vol(5.60x) | VWAP: 2.12%(ABOVE slope=UP) allowedGap=2.20% | TREND: score=3 vel=0.25%/0.17%/0.25% accel=true | VOL: 7279.0000/1300.0000 TO: 858922000.0000/152869615.0000 | HIGH: 118000.0000 fromHigh=0.00% | entryNo=1
2026-06-02 11:39:56 INFO  BUY_FILLED 036930 phase=HOLDING
2026-06-02 11:39:56 INFO  SELL_EXECUTED [KRX] 036930 mode=BREAKOUT phase=EXITING exitType=PROFIT price=122000.0000 qty=5 reason=TAKE_PROFIT_BREAKOUT pnl=3.39% peakPnl=3.39% holdMs=2700000 high=122000.0000 avgPrice=118000.0000 weightedPnl=3.33% (pending fill)
2026-06-02 11:39:56 INFO  SELL_FILLED_PNL 036930 reason=TAKE_PROFIT_BREAKOUT filledQty=5/5 fillRatio=1.00 weightedPnl=3.33% dailyPnl=3.33%
2026-06-02 11:39:56 INFO  SELL_FILLED 036930 reason=TAKE_PROFIT_BREAKOUT remainingQty=0 phase=NONE exitType=PROFIT
2026-06-02 11:39:56 INFO  BUY [KRX] 036930 mode=BREAKOUT price=126500.0000 qty=4 size=1.0000x score=100[SS](CONV) | WHY: strongBreakout volBreakout retestOK multiUp vol(7.34x) | VWAP: 0.87%(ABOVE slope=UP) allowedGap=2.20% | TREND: score=3 vel=0.32%/0.24%/0.16% accel=true | VOL: 7283.0000/992.0000 TO: 919842900.0000/124937085.0000 | HIGH: 126300.0000 fromHigh=0.00% | entryNo=1
2026-06-02 11:39:56 INFO  BUY_FILLED 036930 phase=HOLDING
2026-06-02 11:39:56 INFO  SELL [TRAIL_BREAKOUT] 036930 pnl=1.11% peakPnl=2.69% high=129700.0000 current=127700.0000
2026-06-02 11:39:56 INFO  SELL_EXECUTED [KRX] 036930 mode=BREAKOUT phase=EXITING exitType=TRAIL price=127700.0000 qty=4 reason=TRAIL_BREAKOUT pnl=1.11% peakPnl=2.69% holdMs=1140000 high=129700.0000 avgPrice=126300.0000 weightedPnl=0.93% (pending fill)
2026-06-02 11:39:56 INFO  SELL_FILLED_PNL 036930 reason=TRAIL_BREAKOUT filledQty=4/4 fillRatio=1.00 weightedPnl=0.93% dailyPnl=0.93%
2026-06-02 11:39:56 INFO  SELL_FILLED 036930 reason=TRAIL_BREAKOUT remainingQty=0 phase=NONE exitType=TRAIL
2026-06-02 11:39:56 INFO  BUY [KRX] 036930 mode=BREAKOUT price=126500.0000 qty=4 size=1.0000x score=100[SS](CONV) | WHY: strongBreakout volBreakout retestOK multiUp vol(3.40x) | VWAP: 0.77%(ABOVE slope=UP) allowedGap=2.20% | TREND: score=3 vel=0.24%/0.16%/0.24% accel=true | VOL: 5553.0000/1632.1500 TO: 703565100.0000/206007805.0000 | HIGH: 126800.0000 fromHigh=-0.08% | entryNo=1
2026-06-02 11:39:56 INFO  BUY_FILLED 036930 phase=HOLDING
2026-06-02 11:39:56 INFO  SELL_EXECUTED [KRX] 036930 mode=BREAKOUT phase=EXITING exitType=VWAP_BREAK price=125800.0000 qty=4 reason=VWAP_BREAK pnl=-0.71% peakPnl=0.16% holdMs=5100000 high=126900.0000 avgPrice=126700.0000 weightedPnl=-0.60% (pending fill)
2026-06-02 11:39:56 INFO  SELL_FILLED_PNL 036930 reason=VWAP_BREAK filledQty=4/4 fillRatio=1.00 weightedPnl=-0.60% dailyPnl=-0.60%
2026-06-02 11:39:56 INFO  SELL_FILLED 036930 reason=VWAP_BREAK remainingQty=0 phase=NONE exitType=VWAP_BREAK
2026-06-02 11:39:56 INFO  BUY [KRX] 036930 mode=BREAKOUT price=134500.0000 qty=4 size=1.0000x score=100[SS](CONV) | WHY: strongBreakout volBreakout retestOK multiUp vol(5.37x) | VWAP: 0.66%(ABOVE slope=UP) allowedGap=2.20% | TREND: score=3 vel=0.45%/0.37%/0.45% accel=true | VOL: 9214.0000/1716.6500 TO: 1239283000.0000/229894237.5000 | HIGH: 134500.0000 fromHigh=0.00% | entryNo=1
2026-06-02 11:39:56 INFO  BUY_FILLED 036930 phase=HOLDING
2026-06-02 11:39:56 INFO  SELL [BREAKEVEN_GUARD] 036930 pnl=-0.37% peakPnl=1.71% holdMs=1860000
2026-06-02 11:39:56 INFO  SELL_EXECUTED [KRX] 036930 mode=BREAKOUT phase=EXITING exitType=TRAIL price=134000.0000 qty=4 reason=BREAKEVEN_GUARD pnl=-0.37% peakPnl=1.71% holdMs=1860000 high=136800.0000 avgPrice=134500.0000 weightedPnl=-0.33% (pending fill)
2026-06-02 11:39:56 INFO  SELL_FILLED_PNL 036930 reason=BREAKEVEN_GUARD filledQty=4/4 fillRatio=1.00 weightedPnl=-0.33% dailyPnl=-0.33%
2026-06-02 11:39:56 INFO  SELL_FILLED 036930 reason=BREAKEVEN_GUARD remainingQty=0 phase=NONE exitType=TRAIL
2026-06-02 11:39:56 INFO  BUY [KRX] 036930 mode=BREAKOUT price=208000.0000 qty=2 size=0.8000x score=86[A](CONV) | WHY: strongBreakout volBreakout retestOK multiUp vol(1.71x) | VWAP: 1.63%(ABOVE slope=UP) allowedGap=2.20% | TREND: score=3 vel=0.73%/0.48%/1.22% accel=true | VOL: 10520.0000/6152.6000 TO: 2188160000.0000/1264926225.0000 | HIGH: 208000.0000 fromHigh=0.00% | entryNo=1
2026-06-02 11:39:56 INFO  BUY_FILLED 036930 phase=HOLDING
2026-06-02 11:39:56 INFO  SELL [EOD_FORCE_SELL] 036930 pnl=0.00% time=15:30
2026-06-02 11:39:56 INFO  SELL_EXECUTED [KRX] 036930 mode=BREAKOUT phase=EXITING exitType=TIMESTOP price=208000.0000 qty=2 reason=EOD_FORCE_SELL pnl=0.00% peakPnl=1.20% holdMs=1740000 high=210500.0000 avgPrice=208000.0000 weightedPnl=0.00% (pending fill)
2026-06-02 11:39:56 INFO  SELL_FILLED 036930 reason=EOD_FORCE_SELL remainingQty=0 phase=NONE exitType=TIMESTOP
2026-06-02 11:40:11 INFO  BUY amount set for 036930: 1000000.00
2026-06-02 11:40:11 INFO  BUY [KRX] 036930 mode=BREAKOUT price=65000.0000 qty=15 size=1.0000x score=100[SS](CONV) | WHY: strongBreakout volBreakout retestOK multiUp vol(3.17x) | VWAP: 1.30%(ABOVE slope=UP) allowedGap=2.20% | TREND: score=3 vel=0.62%/0.46%/0.62% accel=true | VOL: 4978.0000/1570.9500 TO: 323570000.0000/101588415.0000 | HIGH: 65000.0000 fromHigh=0.00% | entryNo=1
2026-06-02 11:40:11 INFO  BUY_FILLED 036930 phase=HOLDING
2026-06-02 11:40:11 INFO  SELL [EOD_FORCE_SELL] 036930 pnl=0.15% time=15:30
2026-06-02 11:40:11 INFO  SELL_EXECUTED [KRX] 036930 mode=BREAKOUT phase=EXITING exitType=TIMESTOP price=65100.0000 qty=15 reason=EOD_FORCE_SELL pnl=0.15% peakPnl=1.08% holdMs=4560000 high=65700.0000 avgPrice=65000.0000 weightedPnl=0.15% (pending fill)
2026-06-02 11:40:11 INFO  SELL_FILLED_PNL 036930 reason=EOD_FORCE_SELL filledQty=15/15 fillRatio=1.00 weightedPnl=0.15% dailyPnl=0.15%
2026-06-02 11:40:11 INFO  SELL_FILLED 036930 reason=EOD_FORCE_SELL remainingQty=0 phase=NONE exitType=TIMESTOP
2026-06-02 11:40:11 INFO  BUY [KRX] 036930 mode=BREAKOUT price=64700.0000 qty=15 size=1.0000x score=100[SS](CONV) | WHY: strongBreakout volBreakout retestOK multiUp vol(5.69x) | VWAP: 0.73%(ABOVE slope=UP) allowedGap=2.20% | TREND: score=3 vel=1.41%/1.09%/0.62% accel=true | VOL: 15249.0000/2681.0500 TO: 986610300.0000/172421957.5000 | HIGH: 64700.0000 fromHigh=0.00% | entryNo=1
2026-06-02 11:40:11 INFO  BUY_FILLED 036930 phase=HOLDING
2026-06-02 11:40:11 INFO  SELL_EXECUTED [KRX] 036930 mode=BREAKOUT phase=EXITING exitType=VWAP_BREAK price=64100.0000 qty=15 reason=VWAP_BREAK pnl=-0.93% peakPnl=0.31% holdMs=2340000 high=64900.0000 avgPrice=64700.0000 weightedPnl=-0.90% (pending fill)
2026-06-02 11:40:11 INFO  SELL_FILLED_PNL 036930 reason=VWAP_BREAK filledQty=15/15 fillRatio=1.00 weightedPnl=-0.90% dailyPnl=-0.90%
2026-06-02 11:40:11 INFO  SELL_FILLED 036930 reason=VWAP_BREAK remainingQty=0 phase=NONE exitType=VWAP_BREAK
2026-06-02 11:40:11 INFO  BUY [KRX] 036930 mode=BREAKOUT price=63400.0000 qty=12 size=0.8000x score=95[SS](CONV) | WHY: strongBreakout volBreakout retestOK multiUp vol(2.27x) | VWAP: 1.21%(ABOVE slope=UP) allowedGap=2.20% | TREND: score=3 vel=0.96%/0.79%/1.28% accel=true | VOL: 10319.0000/4549.1500 TO: 654224600.0000/284902065.0000 | HIGH: 63400.0000 fromHigh=0.00% | entryNo=1
2026-06-02 11:40:11 INFO  BUY_FILLED 036930 phase=HOLDING
2026-06-02 11:40:11 INFO  SELL_EXECUTED [KRX] 036930 mode=BREAKOUT phase=EXITING exitType=VWAP_BREAK price=62900.0000 qty=12 reason=VWAP_BREAK pnl=-0.79% peakPnl=1.26% holdMs=780000 high=64200.0000 avgPrice=63400.0000 weightedPnl=-0.60% (pending fill)
2026-06-02 11:40:11 INFO  SELL_FILLED_PNL 036930 reason=VWAP_BREAK filledQty=12/12 fillRatio=1.00 weightedPnl=-0.60% dailyPnl=-0.60%
2026-06-02 11:40:11 INFO  SELL_FILLED 036930 reason=VWAP_BREAK remainingQty=0 phase=NONE exitType=VWAP_BREAK
2026-06-02 11:40:11 INFO  BUY [KRX] 036930 mode=BREAKOUT price=73300.0000 qty=13 size=1.0000x score=100[SS](CONV) | WHY: strongBreakout volBreakout retestOK multiUp vol(7.17x) | VWAP: 1.22%(ABOVE slope=UP) allowedGap=2.20% | TREND: score=3 vel=0.55%/0.48%/0.69% accel=true | VOL: 11365.0000/1585.5000 TO: 833054500.0000/115735535.0000 | HIGH: 73300.0000 fromHigh=0.00% | entryNo=1
2026-06-02 11:40:11 INFO  BUY_FILLED 036930 phase=HOLDING
2026-06-02 11:40:11 INFO  SELL_EXECUTED [KRX] 036930 mode=BREAKOUT phase=EXITING exitType=VWAP_BREAK price=73000.0000 qty=13 reason=VWAP_BREAK pnl=-0.41% peakPnl=1.23% holdMs=2220000 high=74200.0000 avgPrice=73300.0000 weightedPnl=-0.39% (pending fill)
2026-06-02 11:40:11 INFO  SELL_FILLED_PNL 036930 reason=VWAP_BREAK filledQty=13/13 fillRatio=1.00 weightedPnl=-0.39% dailyPnl=-0.39%
2026-06-02 11:40:11 INFO  SELL_FILLED 036930 reason=VWAP_BREAK remainingQty=0 phase=NONE exitType=VWAP_BREAK
2026-06-02 11:40:11 INFO  BUY [KRX] 036930 mode=BREAKOUT price=120500.0000 qty=8 size=1.0000x score=100[SS](CONV) | WHY: strongBreakout volBreakout retestOK multiUp vol(5.89x) | VWAP: 1.58%(ABOVE slope=UP) allowedGap=2.20% | TREND: score=3 vel=1.18%/0.92%/1.43% accel=true | VOL: 30794.0000/5228.8500 TO: 3707597600.0000/624389815.0000 | HIGH: 120500.0000 fromHigh=-0.08% | entryNo=1
2026-06-02 11:40:11 INFO  BUY_FILLED 036930 phase=HOLDING
2026-06-02 11:40:11 INFO  SELL [BREAKEVEN_GUARD] 036930 pnl=-0.33% peakPnl=1.74% holdMs=4200000
2026-06-02 11:40:11 INFO  SELL_EXECUTED [KRX] 036930 mode=BREAKOUT phase=EXITING exitType=TRAIL price=120000.0000 qty=8 reason=BREAKEVEN_GUARD pnl=-0.33% peakPnl=1.74% holdMs=4200000 high=122500.0000 avgPrice=120400.0000 weightedPnl=-0.32% (pending fill)
2026-06-02 11:40:11 INFO  SELL_FILLED_PNL 036930 reason=BREAKEVEN_GUARD filledQty=8/8 fillRatio=1.00 weightedPnl=-0.32% dailyPnl=-0.32%
2026-06-02 11:40:11 INFO  SELL_FILLED 036930 reason=BREAKEVEN_GUARD remainingQty=0 phase=NONE exitType=TRAIL
2026-06-02 11:40:11 INFO  BUY [KRX] 036930 mode=BREAKOUT price=118000.0000 qty=8 size=1.0000x score=90[S](CONV) | WHY: strongBreakout volBreakout retestOK multiUp vol(5.60x) | VWAP: 2.12%(ABOVE slope=UP) allowedGap=2.20% | TREND: score=3 vel=0.25%/0.17%/0.25% accel=true | VOL: 7279.0000/1300.0000 TO: 858922000.0000/152869615.0000 | HIGH: 118000.0000 fromHigh=0.00% | entryNo=1
2026-06-02 11:40:11 INFO  BUY_FILLED 036930 phase=HOLDING
2026-06-02 11:40:11 INFO  SELL_EXECUTED [KRX] 036930 mode=BREAKOUT phase=EXITING exitType=PROFIT price=122000.0000 qty=8 reason=TAKE_PROFIT_BREAKOUT pnl=3.39% peakPnl=3.39% holdMs=2700000 high=122000.0000 avgPrice=118000.0000 weightedPnl=3.20% (pending fill)
2026-06-02 11:40:11 INFO  SELL_FILLED_PNL 036930 reason=TAKE_PROFIT_BREAKOUT filledQty=8/8 fillRatio=1.00 weightedPnl=3.20% dailyPnl=3.20%
2026-06-02 11:40:11 INFO  SELL_FILLED 036930 reason=TAKE_PROFIT_BREAKOUT remainingQty=0 phase=NONE exitType=PROFIT
2026-06-02 11:40:11 INFO  BUY [KRX] 036930 mode=BREAKOUT price=126500.0000 qty=7 size=1.0000x score=100[SS](CONV) | WHY: strongBreakout volBreakout retestOK multiUp vol(7.34x) | VWAP: 0.87%(ABOVE slope=UP) allowedGap=2.20% | TREND: score=3 vel=0.32%/0.24%/0.16% accel=true | VOL: 7283.0000/992.0000 TO: 919842900.0000/124937085.0000 | HIGH: 126300.0000 fromHigh=0.00% | entryNo=1
2026-06-02 11:40:11 INFO  BUY_FILLED 036930 phase=HOLDING
2026-06-02 11:40:11 INFO  SELL [TRAIL_BREAKOUT] 036930 pnl=1.11% peakPnl=2.69% high=129700.0000 current=127700.0000
2026-06-02 11:40:11 INFO  SELL_EXECUTED [KRX] 036930 mode=BREAKOUT phase=EXITING exitType=TRAIL price=127700.0000 qty=7 reason=TRAIL_BREAKOUT pnl=1.11% peakPnl=2.69% holdMs=1140000 high=129700.0000 avgPrice=126300.0000 weightedPnl=0.98% (pending fill)
2026-06-02 11:40:11 INFO  SELL_FILLED_PNL 036930 reason=TRAIL_BREAKOUT filledQty=7/7 fillRatio=1.00 weightedPnl=0.98% dailyPnl=0.98%
2026-06-02 11:40:11 INFO  SELL_FILLED 036930 reason=TRAIL_BREAKOUT remainingQty=0 phase=NONE exitType=TRAIL
2026-06-02 11:40:11 INFO  BUY [KRX] 036930 mode=BREAKOUT price=126500.0000 qty=7 size=1.0000x score=100[SS](CONV) | WHY: strongBreakout volBreakout retestOK multiUp vol(3.40x) | VWAP: 0.77%(ABOVE slope=UP) allowedGap=2.20% | TREND: score=3 vel=0.24%/0.16%/0.24% accel=true | VOL: 5553.0000/1632.1500 TO: 703565100.0000/206007805.0000 | HIGH: 126800.0000 fromHigh=-0.08% | entryNo=1
2026-06-02 11:40:11 INFO  BUY_FILLED 036930 phase=HOLDING
2026-06-02 11:40:11 INFO  SELL_EXECUTED [KRX] 036930 mode=BREAKOUT phase=EXITING exitType=VWAP_BREAK price=125800.0000 qty=7 reason=VWAP_BREAK pnl=-0.71% peakPnl=0.16% holdMs=5100000 high=126900.0000 avgPrice=126700.0000 weightedPnl=-0.63% (pending fill)
2026-06-02 11:40:11 INFO  SELL_FILLED_PNL 036930 reason=VWAP_BREAK filledQty=7/7 fillRatio=1.00 weightedPnl=-0.63% dailyPnl=-0.63%
2026-06-02 11:40:11 INFO  SELL_FILLED 036930 reason=VWAP_BREAK remainingQty=0 phase=NONE exitType=VWAP_BREAK
2026-06-02 11:40:11 INFO  BUY [KRX] 036930 mode=BREAKOUT price=134500.0000 qty=7 size=1.0000x score=100[SS](CONV) | WHY: strongBreakout volBreakout retestOK multiUp vol(5.37x) | VWAP: 0.66%(ABOVE slope=UP) allowedGap=2.20% | TREND: score=3 vel=0.45%/0.37%/0.45% accel=true | VOL: 9214.0000/1716.6500 TO: 1239283000.0000/229894237.5000 | HIGH: 134500.0000 fromHigh=0.00% | entryNo=1
2026-06-02 11:40:11 INFO  BUY_FILLED 036930 phase=HOLDING
2026-06-02 11:40:11 INFO  SELL [BREAKEVEN_GUARD] 036930 pnl=-0.37% peakPnl=1.71% holdMs=1860000
2026-06-02 11:40:11 INFO  SELL_EXECUTED [KRX] 036930 mode=BREAKOUT phase=EXITING exitType=TRAIL price=134000.0000 qty=7 reason=BREAKEVEN_GUARD pnl=-0.37% peakPnl=1.71% holdMs=1860000 high=136800.0000 avgPrice=134500.0000 weightedPnl=-0.35% (pending fill)
2026-06-02 11:40:11 INFO  SELL_FILLED_PNL 036930 reason=BREAKEVEN_GUARD filledQty=7/7 fillRatio=1.00 weightedPnl=-0.35% dailyPnl=-0.35%
2026-06-02 11:40:11 INFO  SELL_FILLED 036930 reason=BREAKEVEN_GUARD remainingQty=0 phase=NONE exitType=TRAIL
2026-06-02 11:40:11 INFO  BUY [KRX] 036930 mode=BREAKOUT price=208000.0000 qty=3 size=0.8000x score=86[A](CONV) | WHY: strongBreakout volBreakout retestOK multiUp vol(1.71x) | VWAP: 1.63%(ABOVE slope=UP) allowedGap=2.20% | TREND: score=3 vel=0.73%/0.48%/1.22% accel=true | VOL: 10520.0000/6152.6000 TO: 2188160000.0000/1264926225.0000 | HIGH: 208000.0000 fromHigh=0.00% | entryNo=1
2026-06-02 11:40:11 INFO  BUY_FILLED 036930 phase=HOLDING
2026-06-02 11:40:11 INFO  SELL [EOD_FORCE_SELL] 036930 pnl=0.00% time=15:30
2026-06-02 11:40:11 INFO  SELL_EXECUTED [KRX] 036930 mode=BREAKOUT phase=EXITING exitType=TIMESTOP price=208000.0000 qty=3 reason=EOD_FORCE_SELL pnl=0.00% peakPnl=1.20% holdMs=1740000 high=210500.0000 avgPrice=208000.0000 weightedPnl=0.00% (pending fill)
2026-06-02 11:40:11 INFO  SELL_FILLED 036930 reason=EOD_FORCE_SELL remainingQty=0 phase=NONE exitType=TIMESTOP
2026-06-02 11:40:25 INFO  BUY amount set for 036930: 10000000.00
2026-06-02 11:40:25 INFO  BUY [KRX] 036930 mode=BREAKOUT price=65000.0000 qty=153 size=1.0000x score=100[SS](CONV) | WHY: strongBreakout volBreakout retestOK multiUp vol(3.17x) | VWAP: 1.30%(ABOVE slope=UP) allowedGap=2.20% | TREND: score=3 vel=0.62%/0.46%/0.62% accel=true | VOL: 4978.0000/1570.9500 TO: 323570000.0000/101588415.0000 | HIGH: 65000.0000 fromHigh=0.00% | entryNo=1
2026-06-02 11:40:25 INFO  BUY_FILLED 036930 phase=HOLDING
2026-06-02 11:40:25 INFO  SELL [EOD_FORCE_SELL] 036930 pnl=0.15% time=15:30
2026-06-02 11:40:25 INFO  SELL_EXECUTED [KRX] 036930 mode=BREAKOUT phase=EXITING exitType=TIMESTOP price=65100.0000 qty=153 reason=EOD_FORCE_SELL pnl=0.15% peakPnl=1.08% holdMs=4560000 high=65700.0000 avgPrice=65000.0000 weightedPnl=0.15% (pending fill)
2026-06-02 11:40:25 INFO  SELL_FILLED_PNL 036930 reason=EOD_FORCE_SELL filledQty=153/153 fillRatio=1.00 weightedPnl=0.15% dailyPnl=0.15%
2026-06-02 11:40:25 INFO  SELL_FILLED 036930 reason=EOD_FORCE_SELL remainingQty=0 phase=NONE exitType=TIMESTOP
2026-06-02 11:40:25 INFO  BUY [KRX] 036930 mode=BREAKOUT price=64700.0000 qty=154 size=1.0000x score=100[SS](CONV) | WHY: strongBreakout volBreakout retestOK multiUp vol(5.69x) | VWAP: 0.73%(ABOVE slope=UP) allowedGap=2.20% | TREND: score=3 vel=1.41%/1.09%/0.62% accel=true | VOL: 15249.0000/2681.0500 TO: 986610300.0000/172421957.5000 | HIGH: 64700.0000 fromHigh=0.00% | entryNo=1
2026-06-02 11:40:25 INFO  BUY_FILLED 036930 phase=HOLDING
2026-06-02 11:40:25 INFO  SELL_EXECUTED [KRX] 036930 mode=BREAKOUT phase=EXITING exitType=VWAP_BREAK price=64100.0000 qty=154 reason=VWAP_BREAK pnl=-0.93% peakPnl=0.31% holdMs=2340000 high=64900.0000 avgPrice=64700.0000 weightedPnl=-0.92% (pending fill)
2026-06-02 11:40:25 INFO  SELL_FILLED_PNL 036930 reason=VWAP_BREAK filledQty=154/154 fillRatio=1.00 weightedPnl=-0.92% dailyPnl=-0.92%
2026-06-02 11:40:25 INFO  SELL_FILLED 036930 reason=VWAP_BREAK remainingQty=0 phase=NONE exitType=VWAP_BREAK
2026-06-02 11:40:25 INFO  BUY [KRX] 036930 mode=BREAKOUT price=63400.0000 qty=126 size=0.8000x score=95[SS](CONV) | WHY: strongBreakout volBreakout retestOK multiUp vol(2.27x) | VWAP: 1.21%(ABOVE slope=UP) allowedGap=2.20% | TREND: score=3 vel=0.96%/0.79%/1.28% accel=true | VOL: 10319.0000/4549.1500 TO: 654224600.0000/284902065.0000 | HIGH: 63400.0000 fromHigh=0.00% | entryNo=1
2026-06-02 11:40:25 INFO  BUY_FILLED 036930 phase=HOLDING
2026-06-02 11:40:25 INFO  SELL_EXECUTED [KRX] 036930 mode=BREAKOUT phase=EXITING exitType=VWAP_BREAK price=62900.0000 qty=126 reason=VWAP_BREAK pnl=-0.79% peakPnl=1.26% holdMs=780000 high=64200.0000 avgPrice=63400.0000 weightedPnl=-0.63% (pending fill)
2026-06-02 11:40:25 INFO  SELL_FILLED_PNL 036930 reason=VWAP_BREAK filledQty=126/126 fillRatio=1.00 weightedPnl=-0.63% dailyPnl=-0.63%
2026-06-02 11:40:25 INFO  SELL_FILLED 036930 reason=VWAP_BREAK remainingQty=0 phase=NONE exitType=VWAP_BREAK
2026-06-02 11:40:25 INFO  BUY [KRX] 036930 mode=BREAKOUT price=73300.0000 qty=136 size=1.0000x score=100[SS](CONV) | WHY: strongBreakout volBreakout retestOK multiUp vol(7.17x) | VWAP: 1.22%(ABOVE slope=UP) allowedGap=2.20% | TREND: score=3 vel=0.55%/0.48%/0.69% accel=true | VOL: 11365.0000/1585.5000 TO: 833054500.0000/115735535.0000 | HIGH: 73300.0000 fromHigh=0.00% | entryNo=1
2026-06-02 11:40:25 INFO  BUY_FILLED 036930 phase=HOLDING
2026-06-02 11:40:25 INFO  SELL_EXECUTED [KRX] 036930 mode=BREAKOUT phase=EXITING exitType=VWAP_BREAK price=73000.0000 qty=136 reason=VWAP_BREAK pnl=-0.41% peakPnl=1.23% holdMs=2220000 high=74200.0000 avgPrice=73300.0000 weightedPnl=-0.41% (pending fill)
2026-06-02 11:40:25 INFO  SELL_FILLED_PNL 036930 reason=VWAP_BREAK filledQty=136/136 fillRatio=1.00 weightedPnl=-0.41% dailyPnl=-0.41%
2026-06-02 11:40:25 INFO  SELL_FILLED 036930 reason=VWAP_BREAK remainingQty=0 phase=NONE exitType=VWAP_BREAK
2026-06-02 11:40:25 INFO  BUY [KRX] 036930 mode=BREAKOUT price=120500.0000 qty=82 size=1.0000x score=100[SS](CONV) | WHY: strongBreakout volBreakout retestOK multiUp vol(5.89x) | VWAP: 1.58%(ABOVE slope=UP) allowedGap=2.20% | TREND: score=3 vel=1.18%/0.92%/1.43% accel=true | VOL: 30794.0000/5228.8500 TO: 3707597600.0000/624389815.0000 | HIGH: 120500.0000 fromHigh=-0.08% | entryNo=1
2026-06-02 11:40:25 INFO  BUY_FILLED 036930 phase=HOLDING
2026-06-02 11:40:25 INFO  SELL [BREAKEVEN_GUARD] 036930 pnl=-0.33% peakPnl=1.74% holdMs=4200000
2026-06-02 11:40:25 INFO  SELL_EXECUTED [KRX] 036930 mode=BREAKOUT phase=EXITING exitType=TRAIL price=120000.0000 qty=82 reason=BREAKEVEN_GUARD pnl=-0.33% peakPnl=1.74% holdMs=4200000 high=122500.0000 avgPrice=120400.0000 weightedPnl=-0.33% (pending fill)
2026-06-02 11:40:25 INFO  SELL_FILLED_PNL 036930 reason=BREAKEVEN_GUARD filledQty=82/82 fillRatio=1.00 weightedPnl=-0.33% dailyPnl=-0.33%
2026-06-02 11:40:25 INFO  SELL_FILLED 036930 reason=BREAKEVEN_GUARD remainingQty=0 phase=NONE exitType=TRAIL
2026-06-02 11:40:25 INFO  BUY [KRX] 036930 mode=BREAKOUT price=118000.0000 qty=84 size=1.0000x score=90[S](CONV) | WHY: strongBreakout volBreakout retestOK multiUp vol(5.60x) | VWAP: 2.12%(ABOVE slope=UP) allowedGap=2.20% | TREND: score=3 vel=0.25%/0.17%/0.25% accel=true | VOL: 7279.0000/1300.0000 TO: 858922000.0000/152869615.0000 | HIGH: 118000.0000 fromHigh=0.00% | entryNo=1
2026-06-02 11:40:25 INFO  BUY_FILLED 036930 phase=HOLDING
2026-06-02 11:40:25 INFO  SELL_EXECUTED [KRX] 036930 mode=BREAKOUT phase=EXITING exitType=PROFIT price=122000.0000 qty=84 reason=TAKE_PROFIT_BREAKOUT pnl=3.39% peakPnl=3.39% holdMs=2700000 high=122000.0000 avgPrice=118000.0000 weightedPnl=3.36% (pending fill)
2026-06-02 11:40:25 INFO  SELL_FILLED_PNL 036930 reason=TAKE_PROFIT_BREAKOUT filledQty=84/84 fillRatio=1.00 weightedPnl=3.36% dailyPnl=3.36%
2026-06-02 11:40:25 INFO  SELL_FILLED 036930 reason=TAKE_PROFIT_BREAKOUT remainingQty=0 phase=NONE exitType=PROFIT
2026-06-02 11:40:25 INFO  BUY [KRX] 036930 mode=BREAKOUT price=126500.0000 qty=79 size=1.0000x score=100[SS](CONV) | WHY: strongBreakout volBreakout retestOK multiUp vol(7.34x) | VWAP: 0.87%(ABOVE slope=UP) allowedGap=2.20% | TREND: score=3 vel=0.32%/0.24%/0.16% accel=true | VOL: 7283.0000/992.0000 TO: 919842900.0000/124937085.0000 | HIGH: 126300.0000 fromHigh=0.00% | entryNo=1
2026-06-02 11:40:25 INFO  BUY_FILLED 036930 phase=HOLDING
2026-06-02 11:40:25 INFO  SELL [TRAIL_BREAKOUT] 036930 pnl=1.11% peakPnl=2.69% high=129700.0000 current=127700.0000
2026-06-02 11:40:25 INFO  SELL_EXECUTED [KRX] 036930 mode=BREAKOUT phase=EXITING exitType=TRAIL price=127700.0000 qty=79 reason=TRAIL_BREAKOUT pnl=1.11% peakPnl=2.69% holdMs=1140000 high=129700.0000 avgPrice=126300.0000 weightedPnl=1.11% (pending fill)
2026-06-02 11:40:25 INFO  SELL_FILLED_PNL 036930 reason=TRAIL_BREAKOUT filledQty=79/79 fillRatio=1.00 weightedPnl=1.11% dailyPnl=1.11%
2026-06-02 11:40:25 INFO  SELL_FILLED 036930 reason=TRAIL_BREAKOUT remainingQty=0 phase=NONE exitType=TRAIL
2026-06-02 11:40:26 INFO  BUY [KRX] 036930 mode=BREAKOUT price=126500.0000 qty=79 size=1.0000x score=100[SS](CONV) | WHY: strongBreakout volBreakout retestOK multiUp vol(3.40x) | VWAP: 0.77%(ABOVE slope=UP) allowedGap=2.20% | TREND: score=3 vel=0.24%/0.16%/0.24% accel=true | VOL: 5553.0000/1632.1500 TO: 703565100.0000/206007805.0000 | HIGH: 126800.0000 fromHigh=-0.08% | entryNo=1
2026-06-02 11:40:26 INFO  BUY_FILLED 036930 phase=HOLDING
2026-06-02 11:40:26 INFO  SELL_EXECUTED [KRX] 036930 mode=BREAKOUT phase=EXITING exitType=VWAP_BREAK price=125800.0000 qty=79 reason=VWAP_BREAK pnl=-0.71% peakPnl=0.16% holdMs=5100000 high=126900.0000 avgPrice=126700.0000 weightedPnl=-0.71% (pending fill)
2026-06-02 11:40:26 INFO  SELL_FILLED_PNL 036930 reason=VWAP_BREAK filledQty=79/79 fillRatio=1.00 weightedPnl=-0.71% dailyPnl=-0.71%
2026-06-02 11:40:26 INFO  SELL_FILLED 036930 reason=VWAP_BREAK remainingQty=0 phase=NONE exitType=VWAP_BREAK
2026-06-02 11:40:26 INFO  BUY [KRX] 036930 mode=BREAKOUT price=134500.0000 qty=74 size=1.0000x score=100[SS](CONV) | WHY: strongBreakout volBreakout retestOK multiUp vol(5.37x) | VWAP: 0.66%(ABOVE slope=UP) allowedGap=2.20% | TREND: score=3 vel=0.45%/0.37%/0.45% accel=true | VOL: 9214.0000/1716.6500 TO: 1239283000.0000/229894237.5000 | HIGH: 134500.0000 fromHigh=0.00% | entryNo=1
2026-06-02 11:40:26 INFO  BUY_FILLED 036930 phase=HOLDING
2026-06-02 11:40:26 INFO  SELL [BREAKEVEN_GUARD] 036930 pnl=-0.37% peakPnl=1.71% holdMs=1860000
2026-06-02 11:40:26 INFO  SELL_EXECUTED [KRX] 036930 mode=BREAKOUT phase=EXITING exitType=TRAIL price=134000.0000 qty=74 reason=BREAKEVEN_GUARD pnl=-0.37% peakPnl=1.71% holdMs=1860000 high=136800.0000 avgPrice=134500.0000 weightedPnl=-0.37% (pending fill)
2026-06-02 11:40:26 INFO  SELL_FILLED_PNL 036930 reason=BREAKEVEN_GUARD filledQty=74/74 fillRatio=1.00 weightedPnl=-0.37% dailyPnl=-0.37%
2026-06-02 11:40:26 INFO  SELL_FILLED 036930 reason=BREAKEVEN_GUARD remainingQty=0 phase=NONE exitType=TRAIL
2026-06-02 11:40:26 INFO  BUY [KRX] 036930 mode=BREAKOUT price=208000.0000 qty=38 size=0.8000x score=86[A](CONV) | WHY: strongBreakout volBreakout retestOK multiUp vol(1.71x) | VWAP: 1.63%(ABOVE slope=UP) allowedGap=2.20% | TREND: score=3 vel=0.73%/0.48%/1.22% accel=true | VOL: 10520.0000/6152.6000 TO: 2188160000.0000/1264926225.0000 | HIGH: 208000.0000 fromHigh=0.00% | entryNo=1
2026-06-02 11:40:26 INFO  BUY_FILLED 036930 phase=HOLDING
2026-06-02 11:40:26 INFO  SELL [EOD_FORCE_SELL] 036930 pnl=0.00% time=15:30
2026-06-02 11:40:26 INFO  SELL_EXECUTED [KRX] 036930 mode=BREAKOUT phase=EXITING exitType=TIMESTOP price=208000.0000 qty=38 reason=EOD_FORCE_SELL pnl=0.00% peakPnl=1.20% holdMs=1740000 high=210500.0000 avgPrice=208000.0000 weightedPnl=0.00% (pending fill)
2026-06-02 11:40:26 INFO  SELL_FILLED 036930 reason=EOD_FORCE_SELL remainingQty=0 phase=NONE exitType=TIMESTOP
2026-06-02 11:59:17 INFO  BUY amount set for 046890: 600000.00
2026-06-02 11:59:18 INFO  BUY amount set for 347700: 600000.00
2026-06-02 11:59:18 INFO  BUY [KRX] 347700 mode=BREAKOUT price=44950.0000 qty=13 size=1.0000x score=90[S](CONV) | WHY: strongBreakout volBreakout retestOK multiUp vol(7.30x) | VWAP: 0.74%(ABOVE slope=UP) allowedGap=2.20% | TREND: score=3 vel=1.24%/1.01%/0.67% accel=true | VOL: 20593.0000/2822.4500 TO: 925655350.0000/125930985.0000 | HIGH: 44950.0000 fromHigh=0.00% | entryNo=1
2026-06-02 11:59:18 INFO  BUY_FILLED 347700 phase=HOLDING
2026-06-02 11:59:18 INFO  SELL_EXECUTED [KRX] 347700 mode=BREAKOUT phase=EXITING exitType=PROFIT price=46350.0000 qty=13 reason=TAKE_PROFIT_BREAKOUT pnl=3.11% peakPnl=3.11% holdMs=480000 high=46350.0000 avgPrice=44950.0000 weightedPnl=3.03% (pending fill)
2026-06-02 11:59:18 INFO  SELL_FILLED_PNL 347700 reason=TAKE_PROFIT_BREAKOUT filledQty=13/13 fillRatio=1.00 weightedPnl=3.03% dailyPnl=3.03%
2026-06-02 11:59:18 INFO  SELL_FILLED 347700 reason=TAKE_PROFIT_BREAKOUT remainingQty=0 phase=NONE exitType=PROFIT
2026-06-02 11:59:18 INFO  BUY [KRX] 347700 mode=BREAKOUT price=52300.0000 qty=11 size=1.0000x score=80[B] | WHY: strongBreakout volBreakout retestOK multiUp vol(7.67x) | VWAP: 1.68%(ABOVE slope=UP) allowedGap=2.20% | TREND: score=3 vel=0.97%/0.77%/1.36% accel=true | VOL: 12350.0000/1609.3500 TO: 645905000.0000/83589880.0000 | HIGH: 52300.0000 fromHigh=0.00% | entryNo=1
2026-06-02 11:59:18 INFO  BUY_FILLED 347700 phase=HOLDING
2026-06-02 11:59:18 INFO  SELL_EXECUTED [KRX] 347700 mode=BREAKOUT phase=EXITING exitType=PROFIT price=54000.0000 qty=11 reason=TAKE_PROFIT_BREAKOUT pnl=3.25% peakPnl=3.25% holdMs=3420000 high=54000.0000 avgPrice=52300.0000 weightedPnl=3.12% (pending fill)
2026-06-02 11:59:18 INFO  SELL_FILLED_PNL 347700 reason=TAKE_PROFIT_BREAKOUT filledQty=11/11 fillRatio=1.00 weightedPnl=3.12% dailyPnl=3.12%
2026-06-02 11:59:18 INFO  SELL_FILLED 347700 reason=TAKE_PROFIT_BREAKOUT remainingQty=0 phase=NONE exitType=PROFIT
2026-06-02 11:59:19 INFO  BUY [KRX] 347700 mode=BREAKOUT price=41550.0000 qty=14 size=1.0000x score=90[S](CONV) | WHY: strongBreakout volBreakout retestOK multiUp vol(3.42x) | VWAP: 1.06%(ABOVE slope=UP) allowedGap=2.20% | TREND: score=3 vel=0.61%/0.48%/0.61% accel=true | VOL: 3018.0000/883.3500 TO: 125397900.0000/36499176.2500 | HIGH: 41550.0000 fromHigh=0.00% | entryNo=1
2026-06-02 11:59:19 INFO  BUY_FILLED 347700 phase=HOLDING
2026-06-02 11:59:19 INFO  SELL [EOD_FORCE_SELL] 347700 pnl=2.53% time=15:30
2026-06-02 11:59:19 INFO  SELL_EXECUTED [KRX] 347700 mode=BREAKOUT phase=EXITING exitType=TIMESTOP price=42600.0000 qty=14 reason=EOD_FORCE_SELL pnl=2.53% peakPnl=2.53% holdMs=5040000 high=42600.0000 avgPrice=41550.0000 weightedPnl=2.45% (pending fill)
2026-06-02 11:59:19 INFO  SELL_FILLED_PNL 347700 reason=EOD_FORCE_SELL filledQty=14/14 fillRatio=1.00 weightedPnl=2.45% dailyPnl=2.45%
2026-06-02 11:59:19 INFO  SELL_FILLED 347700 reason=EOD_FORCE_SELL remainingQty=0 phase=NONE exitType=TIMESTOP
2026-06-02 11:59:19 INFO  BUY [KRX] 347700 mode=BREAKOUT price=46450.0000 qty=12 size=1.0000x score=85[A](CONV) | WHY: strongBreakout volBreakout retestOK multiUp vol(6.48x) | VWAP: 0.93%(ABOVE slope=UP) allowedGap=2.20% | TREND: score=3 vel=1.09%/0.98%/0.98% accel=true | VOL: 19229.0000/2968.5500 TO: 893187050.0000/136813362.5000 | HIGH: 46450.0000 fromHigh=0.00% | entryNo=1
2026-06-02 11:59:19 INFO  BUY_FILLED 347700 phase=HOLDING
2026-06-02 11:59:19 INFO  SELL [EOD_FORCE_SELL] 347700 pnl=1.08% time=15:30
2026-06-02 11:59:19 INFO  SELL_EXECUTED [KRX] 347700 mode=BREAKOUT phase=EXITING exitType=TIMESTOP price=46950.0000 qty=12 reason=EOD_FORCE_SELL pnl=1.08% peakPnl=1.72% holdMs=6420000 high=47250.0000 avgPrice=46450.0000 weightedPnl=1.00% (pending fill)
2026-06-02 11:59:19 INFO  SELL_FILLED_PNL 347700 reason=EOD_FORCE_SELL filledQty=12/12 fillRatio=1.00 weightedPnl=1.00% dailyPnl=1.00%
2026-06-02 11:59:19 INFO  SELL_FILLED 347700 reason=EOD_FORCE_SELL remainingQty=0 phase=NONE exitType=TIMESTOP
2026-06-02 11:59:19 INFO  BUY amount set for 042700: 600000.00
2026-06-02 11:59:19 INFO  BUY [KRX] 042700 mode=BREAKOUT price=327000.0000 qty=1 size=1.0000x score=90[S](CONV) | WHY: strongBreakout volBreakout retestOK multiUp vol(4.87x) | VWAP: 0.68%(ABOVE slope=UP) allowedGap=2.20% | TREND: score=3 vel=0.62%/0.46%/0.77% accel=true | VOL: 9427.0000/1936.4500 TO: 3082629000.0000/629942675.0000 | HIGH: 327000.0000 fromHigh=0.00% | entryNo=1
2026-06-02 11:59:19 INFO  BUY_FILLED 042700 phase=HOLDING
2026-06-02 11:59:19 INFO  SELL [EOD_FORCE_SELL] 042700 pnl=1.99% time=15:30
2026-06-02 11:59:19 INFO  SELL_EXECUTED [KRX] 042700 mode=BREAKOUT phase=EXITING exitType=TIMESTOP price=333500.0000 qty=1 reason=EOD_FORCE_SELL pnl=1.99% peakPnl=1.99% holdMs=6060000 high=333500.0000 avgPrice=327000.0000 weightedPnl=1.08% (pending fill)
2026-06-02 11:59:19 INFO  SELL_FILLED_PNL 042700 reason=EOD_FORCE_SELL filledQty=1/1 fillRatio=1.00 weightedPnl=1.08% dailyPnl=1.08%
2026-06-02 11:59:19 INFO  SELL_FILLED 042700 reason=EOD_FORCE_SELL remainingQty=0 phase=NONE exitType=TIMESTOP
2026-06-02 11:59:19 INFO  BUY [KRX] 042700 mode=BREAKOUT price=295500.0000 qty=2 size=1.0000x score=90[S](CONV) | WHY: strongBreakout volBreakout retestOK multiUp vol(4.22x) | VWAP: 0.75%(ABOVE slope=UP) allowedGap=2.20% | TREND: score=3 vel=0.51%/0.34%/0.51% accel=true | VOL: 9471.0000/2246.3000 TO: 2798680500.0000/662181600.0000 | HIGH: 295500.0000 fromHigh=0.00% | entryNo=1
2026-06-02 11:59:19 INFO  BUY_FILLED 042700 phase=HOLDING
2026-06-02 11:59:19 INFO  SELL_EXECUTED [KRX] 042700 mode=BREAKOUT phase=EXITING exitType=VWAP_BREAK price=294000.0000 qty=2 reason=VWAP_BREAK pnl=-0.51% peakPnl=0.68% holdMs=4260000 high=297500.0000 avgPrice=295500.0000 weightedPnl=-0.50% (pending fill)
2026-06-02 11:59:19 INFO  SELL_FILLED_PNL 042700 reason=VWAP_BREAK filledQty=2/2 fillRatio=1.00 weightedPnl=-0.50% dailyPnl=-0.50%
2026-06-02 11:59:19 INFO  SELL_FILLED 042700 reason=VWAP_BREAK remainingQty=0 phase=NONE exitType=VWAP_BREAK
2026-06-02 11:59:19 INFO  BUY [KRX] 042700 mode=BREAKOUT price=309000.0000 qty=1 size=1.0000x score=85[A](CONV) | WHY: strongBreakout volBreakout retestOK multiUp vol(2.56x) | VWAP: 0.90%(ABOVE slope=UP) allowedGap=2.20% | TREND: score=3 vel=0.73%/0.65%/0.65% accel=true | VOL: 11422.0000/4464.3500 TO: 3529398000.0000/1372543675.0000 | HIGH: 309000.0000 fromHigh=0.00% | entryNo=1
2026-06-02 11:59:19 INFO  BUY_FILLED 042700 phase=HOLDING
2026-06-02 11:59:19 INFO  SELL [EOD_FORCE_SELL] 042700 pnl=0.65% time=15:30
2026-06-02 11:59:19 INFO  SELL_EXECUTED [KRX] 042700 mode=BREAKOUT phase=EXITING exitType=TIMESTOP price=311000.0000 qty=1 reason=EOD_FORCE_SELL pnl=0.65% peakPnl=0.81% holdMs=1920000 high=311500.0000 avgPrice=309000.0000 weightedPnl=0.33% (pending fill)
2026-06-02 11:59:19 INFO  SELL_FILLED_PNL 042700 reason=EOD_FORCE_SELL filledQty=1/1 fillRatio=1.00 weightedPnl=0.33% dailyPnl=0.33%
2026-06-02 11:59:19 INFO  SELL_FILLED 042700 reason=EOD_FORCE_SELL remainingQty=0 phase=NONE exitType=TIMESTOP
2026-06-02 11:59:19 INFO  BUY [KRX] 042700 mode=BREAKOUT price=304000.0000 qty=1 size=0.8000x score=85[A](CONV) | WHY: strongBreakout volBreakout retestOK multiUp vol(2.05x) | VWAP: 0.87%(ABOVE slope=UP) allowedGap=2.20% | TREND: score=3 vel=0.66%/0.50%/0.66% accel=true | VOL: 4006.0000/1958.4000 TO: 1217824000.0000/592987862.5000 | HIGH: 304000.0000 fromHigh=0.00% | entryNo=1
2026-06-02 11:59:19 INFO  BUY_FILLED 042700 phase=HOLDING
2026-06-02 11:59:19 INFO  SELL_EXECUTED [KRX] 042700 mode=BREAKOUT phase=EXITING exitType=VWAP_BREAK price=300500.0000 qty=1 reason=VWAP_BREAK pnl=-1.15% peakPnl=0.00% holdMs=1080000 high=304000.0000 avgPrice=304000.0000 weightedPnl=-0.58% (pending fill)
2026-06-02 11:59:19 INFO  SELL_FILLED_PNL 042700 reason=VWAP_BREAK filledQty=1/1 fillRatio=1.00 weightedPnl=-0.58% dailyPnl=-0.58%
2026-06-02 11:59:19 INFO  SELL_FILLED 042700 reason=VWAP_BREAK remainingQty=0 phase=NONE exitType=VWAP_BREAK
2026-06-02 11:59:19 INFO  BUY [KRX] 042700 mode=BREAKOUT price=261000.0000 qty=2 size=1.0000x score=90[S](CONV) | WHY: strongBreakout volBreakout retestOK multiUp vol(4.48x) | VWAP: 1.03%(ABOVE slope=UP) allowedGap=2.20% | TREND: score=3 vel=0.58%/0.38%/0.38% accel=true | VOL: 7040.0000/1572.8000 TO: 1837440000.0000/409022000.0000 | HIGH: 261000.0000 fromHigh=0.00% | entryNo=1
2026-06-02 11:59:19 INFO  BUY_FILLED 042700 phase=HOLDING
2026-06-02 11:59:19 INFO  SELL_EXECUTED [KRX] 042700 mode=BREAKOUT phase=EXITING exitType=VWAP_BREAK price=259500.0000 qty=2 reason=VWAP_BREAK pnl=-0.57% peakPnl=1.34% holdMs=14400000 high=264500.0000 avgPrice=261000.0000 weightedPnl=-0.50% (pending fill)
2026-06-02 11:59:19 INFO  SELL_FILLED_PNL 042700 reason=VWAP_BREAK filledQty=2/2 fillRatio=1.00 weightedPnl=-0.50% dailyPnl=-0.50%
2026-06-02 11:59:19 INFO  SELL_FILLED 042700 reason=VWAP_BREAK remainingQty=0 phase=NONE exitType=VWAP_BREAK
2026-06-02 11:59:19 INFO  BUY [KRX] 042700 mode=BREAKOUT price=294000.0000 qty=2 size=1.0000x score=90[S](CONV) | WHY: strongBreakout volBreakout retestOK multiUp vol(6.59x) | VWAP: 0.91%(ABOVE slope=UP) allowedGap=2.20% | TREND: score=3 vel=0.51%/0.43%/0.34% accel=true | VOL: 13316.0000/2021.9500 TO: 3914904000.0000/592198887.5000 | HIGH: 294000.0000 fromHigh=0.00% | entryNo=1
2026-06-02 11:59:19 INFO  BUY_FILLED 042700 phase=HOLDING
2026-06-02 11:59:19 INFO  SELL_EXECUTED [KRX] 042700 mode=BREAKOUT phase=EXITING exitType=VWAP_BREAK price=292000.0000 qty=2 reason=VWAP_BREAK pnl=-0.68% peakPnl=0.00% holdMs=8580000 high=294000.0000 avgPrice=294000.0000 weightedPnl=-0.67% (pending fill)
2026-06-02 11:59:19 INFO  SELL_FILLED_PNL 042700 reason=VWAP_BREAK filledQty=2/2 fillRatio=1.00 weightedPnl=-0.67% dailyPnl=-0.67%
2026-06-02 11:59:19 INFO  SELL_FILLED 042700 reason=VWAP_BREAK remainingQty=0 phase=NONE exitType=VWAP_BREAK
2026-06-02 11:59:19 INFO  BUY [KRX] 042700 mode=BREAKOUT price=297000.0000 qty=2 size=1.0000x score=90[S](CONV) | WHY: strongBreakout volBreakout retestOK multiUp vol(3.11x) | VWAP: 0.90%(ABOVE slope=UP) allowedGap=2.20% | TREND: score=3 vel=0.85%/0.51%/0.68% accel=true | VOL: 14074.0000/4519.3000 TO: 4179978000.0000/1332957850.0000 | HIGH: 297000.0000 fromHigh=0.00% | entryNo=1
2026-06-02 11:59:19 INFO  BUY_FILLED 042700 phase=HOLDING
2026-06-02 11:59:19 INFO  SELL_EXECUTED [KRX] 042700 mode=BREAKOUT phase=EXITING exitType=PROFIT price=306500.0000 qty=2 reason=TAKE_PROFIT_BREAKOUT pnl=3.20% peakPnl=3.20% holdMs=540000 high=306500.0000 avgPrice=297000.0000 weightedPnl=3.17% (pending fill)
2026-06-02 11:59:19 INFO  SELL_FILLED_PNL 042700 reason=TAKE_PROFIT_BREAKOUT filledQty=2/2 fillRatio=1.00 weightedPnl=3.17% dailyPnl=3.17%
2026-06-02 11:59:19 INFO  SELL_FILLED 042700 reason=TAKE_PROFIT_BREAKOUT remainingQty=0 phase=NONE exitType=PROFIT
2026-06-02 11:59:19 INFO  BUY [KRX] 042700 mode=BREAKOUT price=379500.0000 qty=1 size=1.0000x score=85[A](CONV) | WHY: strongBreakout volBreakout retestOK multiUp vol(2.69x) | VWAP: 0.78%(ABOVE slope=UP) allowedGap=2.20% | TREND: score=3 vel=0.60%/0.46%/0.60% accel=true | VOL: 9846.0000/3661.3000 TO: 3734095500.0000/1377080825.0000 | HIGH: 379500.0000 fromHigh=-0.07% | entryNo=1
2026-06-02 11:59:19 INFO  BUY_FILLED 042700 phase=HOLDING
2026-06-02 11:59:19 INFO  SELL_EXECUTED [KRX] 042700 mode=BREAKOUT phase=EXITING exitType=VWAP_BREAK price=376000.0000 qty=1 reason=VWAP_BREAK pnl=-0.86% peakPnl=0.73% holdMs=6360000 high=382000.0000 avgPrice=379250.0000 weightedPnl=-0.54% (pending fill)
2026-06-02 11:59:19 INFO  SELL_FILLED_PNL 042700 reason=VWAP_BREAK filledQty=1/1 fillRatio=1.00 weightedPnl=-0.54% dailyPnl=-0.54%
2026-06-02 11:59:19 INFO  SELL_FILLED 042700 reason=VWAP_BREAK remainingQty=0 phase=NONE exitType=VWAP_BREAK
2026-06-02 11:59:19 INFO  BUY [KRX] 042700 mode=BREAKOUT price=379500.0000 qty=1 size=1.0000x score=85[A](CONV) | WHY: strongBreakout volBreakout retestOK multiUp vol(2.69x) | VWAP: 0.78%(ABOVE slope=UP) allowedGap=2.20% | TREND: score=3 vel=0.60%/0.46%/0.60% accel=true | VOL: 9846.0000/3661.3000 TO: 3734095500.0000/1377080825.0000 | HIGH: 379500.0000 fromHigh=-0.07% | entryNo=1
2026-06-02 11:59:19 INFO  BUY_FILLED 042700 phase=HOLDING
2026-06-02 11:59:19 INFO  SELL_EXECUTED [KRX] 042700 mode=BREAKOUT phase=EXITING exitType=VWAP_BREAK price=376000.0000 qty=1 reason=VWAP_BREAK pnl=-0.86% peakPnl=0.73% holdMs=6360000 high=382000.0000 avgPrice=379250.0000 weightedPnl=-0.54% (pending fill)
2026-06-02 11:59:19 INFO  SELL_FILLED_PNL 042700 reason=VWAP_BREAK filledQty=1/1 fillRatio=1.00 weightedPnl=-0.54% dailyPnl=-0.54%
2026-06-02 11:59:19 INFO  SELL_FILLED 042700 reason=VWAP_BREAK remainingQty=0 phase=NONE exitType=VWAP_BREAK
2026-06-02 11:59:19 INFO  BUY [KRX] 042700 mode=BREAKOUT price=395000.0000 qty=1 size=1.0000x score=80[B] | WHY: strongBreakout volBreakout retestOK multiUp vol(3.22x) | VWAP: 1.22%(ABOVE slope=UP) allowedGap=2.20% | TREND: score=3 vel=0.51%/0.25%/0.38% accel=true | VOL: 5517.0000/1713.4000 TO: 2179215000.0000/672795450.0000 | HIGH: 395000.0000 fromHigh=0.00% | entryNo=1
2026-06-02 11:59:19 INFO  BUY_FILLED 042700 phase=HOLDING
2026-06-02 11:59:19 INFO  SELL_EXECUTED [KRX] 042700 mode=BREAKOUT phase=EXITING exitType=VWAP_BREAK price=391000.0000 qty=1 reason=VWAP_BREAK pnl=-1.01% peakPnl=0.13% holdMs=1860000 high=395500.0000 avgPrice=395000.0000 weightedPnl=-0.67% (pending fill)
2026-06-02 11:59:19 INFO  SELL_FILLED_PNL 042700 reason=VWAP_BREAK filledQty=1/1 fillRatio=1.00 weightedPnl=-0.67% dailyPnl=-0.67%
2026-06-02 11:59:19 INFO  SELL_FILLED 042700 reason=VWAP_BREAK remainingQty=0 phase=NONE exitType=VWAP_BREAK
2026-06-02 11:59:19 INFO  BUY [KRX] 042700 mode=BREAKOUT price=304500.0000 qty=1 size=1.0000x score=85[A](CONV) | WHY: strongBreakout volBreakout retestOK multiUp vol(2.47x) | VWAP: 1.06%(ABOVE slope=UP) allowedGap=2.20% | TREND: score=3 vel=0.83%/0.66%/0.66% accel=true | VOL: 7208.0000/2916.0500 TO: 2194836000.0000/879304575.0000 | HIGH: 304500.0000 fromHigh=0.00% | entryNo=1
2026-06-02 11:59:19 INFO  BUY_FILLED 042700 phase=HOLDING
2026-06-02 11:59:19 INFO  SELL_EXECUTED [KRX] 042700 mode=BREAKOUT phase=EXITING exitType=PROFIT price=316000.0000 qty=1 reason=TAKE_PROFIT_BREAKOUT pnl=3.78% peakPnl=3.78% holdMs=3360000 high=316000.0000 avgPrice=304500.0000 weightedPnl=1.92% (pending fill)
2026-06-02 11:59:19 INFO  SELL_FILLED_PNL 042700 reason=TAKE_PROFIT_BREAKOUT filledQty=1/1 fillRatio=1.00 weightedPnl=1.92% dailyPnl=1.92%
2026-06-02 11:59:19 INFO  SELL_FILLED 042700 reason=TAKE_PROFIT_BREAKOUT remainingQty=0 phase=NONE exitType=PROFIT
2026-06-02 11:59:20 INFO  BUY amount set for 128940: 600000.00
2026-06-02 11:59:20 INFO  BUY [KRX] 128940 mode=BREAKOUT price=485500.0000 qty=1 size=1.0000x score=85[A](CONV) | WHY: strongBreakout volBreakout retestOK multiUp vol(2.76x) | VWAP: 1.02%(ABOVE slope=UP) allowedGap=2.20% | TREND: score=3 vel=0.83%/0.52%/1.15% accel=true | VOL: 1170.0000/423.6000 TO: 568035000.0000/203510425.0000 | HIGH: 485500.0000 fromHigh=0.00% | entryNo=1
2026-06-02 11:59:20 INFO  BUY_FILLED 128940 phase=HOLDING
2026-06-02 11:59:20 INFO  SELL_EXECUTED [KRX] 128940 mode=BREAKOUT phase=EXITING exitType=STOPLOSS price=479000.0000 qty=1 reason=FAILED_BREAKOUT pnl=-1.34% peakPnl=-0.41% holdMs=300000 high=483500.0000 avgPrice=485500.0000 weightedPnl=-1.08% (pending fill)
2026-06-02 11:59:20 INFO  SELL_FILLED_PNL 128940 reason=FAILED_BREAKOUT filledQty=1/1 fillRatio=1.00 weightedPnl=-1.08% dailyPnl=-1.08%
2026-06-02 11:59:20 INFO  SELL_FILLED 128940 reason=FAILED_BREAKOUT remainingQty=0 phase=NONE exitType=STOPLOSS
2026-06-02 11:59:20 INFO  BUY [KRX] 128940 mode=BREAKOUT price=491000.0000 qty=1 size=1.0000x score=80[B] | WHY: strongBreakout volBreakout retestOK multiUp vol(8.24x) | VWAP: 1.44%(ABOVE slope=UP) allowedGap=2.20% | TREND: score=3 vel=0.61%/0.41%/0.41% accel=true | VOL: 2233.0000/271.0500 TO: 1096403000.0000/132834825.0000 | HIGH: 491000.0000 fromHigh=0.00% | entryNo=1
2026-06-02 11:59:20 INFO  BUY_FILLED 128940 phase=HOLDING
2026-06-02 11:59:20 INFO  SELL_EXECUTED [KRX] 128940 mode=BREAKOUT phase=EXITING exitType=PROFIT price=505000.0000 qty=1 reason=TAKE_PROFIT_BREAKOUT pnl=2.85% peakPnl=2.85% holdMs=1440000 high=505000.0000 avgPrice=491000.0000 weightedPnl=2.33% (pending fill)
2026-06-02 11:59:20 INFO  SELL_FILLED_PNL 128940 reason=TAKE_PROFIT_BREAKOUT filledQty=1/1 fillRatio=1.00 weightedPnl=2.33% dailyPnl=2.33%
2026-06-02 11:59:20 INFO  SELL_FILLED 128940 reason=TAKE_PROFIT_BREAKOUT remainingQty=0 phase=NONE exitType=PROFIT
2026-06-02 11:59:20 INFO  BUY [KRX] 128940 mode=BREAKOUT price=521000.0000 qty=1 size=1.0000x score=80[B] | WHY: strongBreakout volBreakout retestOK multiUp vol(2.33x) | VWAP: 1.03%(ABOVE slope=UP) allowedGap=2.20% | TREND: score=3 vel=0.39%/0.19%/0.97% accel=true | VOL: 1295.0000/556.4000 TO: 674695000.0000/287355650.0000 | HIGH: 521000.0000 fromHigh=0.00% | entryNo=1
2026-06-02 11:59:20 INFO  BUY_FILLED 128940 phase=HOLDING
2026-06-02 11:59:20 INFO  SELL_EXECUTED [KRX] 128940 mode=BREAKOUT phase=EXITING exitType=PROFIT price=538000.0000 qty=1 reason=TAKE_PROFIT_BREAKOUT pnl=3.26% peakPnl=3.26% holdMs=960000 high=538000.0000 avgPrice=521000.0000 weightedPnl=2.83% (pending fill)
2026-06-02 11:59:20 INFO  SELL_FILLED_PNL 128940 reason=TAKE_PROFIT_BREAKOUT filledQty=1/1 fillRatio=1.00 weightedPnl=2.83% dailyPnl=2.83%
2026-06-02 11:59:20 INFO  SELL_FILLED 128940 reason=TAKE_PROFIT_BREAKOUT remainingQty=0 phase=NONE exitType=PROFIT
2026-06-02 11:59:20 INFO  BUY [KRX] 128940 mode=BREAKOUT price=552000.0000 qty=1 size=1.0000x score=80[B] | WHY: strongBreakout volBreakout retestOK multiUp vol(4.40x) | VWAP: 1.29%(ABOVE slope=UP) allowedGap=2.20% | TREND: score=3 vel=0.91%/0.73%/1.28% accel=true | VOL: 1675.0000/380.3500 TO: 924600000.0000/208382000.0000 | HIGH: 552000.0000 fromHigh=0.00% | entryNo=1
2026-06-02 11:59:20 INFO  BUY_FILLED 128940 phase=HOLDING
2026-06-02 11:59:20 INFO  SELL_EXECUTED [KRX] 128940 mode=BREAKOUT phase=EXITING exitType=VWAP_BREAK price=550000.0000 qty=1 reason=VWAP_BREAK pnl=-0.36% peakPnl=1.45% holdMs=8880000 high=560000.0000 avgPrice=552000.0000 weightedPnl=-0.33% (pending fill)
2026-06-02 11:59:20 INFO  SELL_FILLED_PNL 128940 reason=VWAP_BREAK filledQty=1/1 fillRatio=1.00 weightedPnl=-0.33% dailyPnl=-0.33%
2026-06-02 11:59:20 INFO  SELL_FILLED 128940 reason=VWAP_BREAK remainingQty=0 phase=NONE exitType=VWAP_BREAK
2026-06-02 11:59:20 INFO  BUY [KRX] 128940 mode=BREAKOUT price=538000.0000 qty=1 size=1.0000x score=85[A](CONV) | WHY: strongBreakout volBreakout retestOK multiUp vol(3.82x) | VWAP: 1.12%(ABOVE slope=UP) allowedGap=2.20% | TREND: score=3 vel=0.56%/0.37%/0.37% accel=true | VOL: 351.0000/91.9000 TO: 188838000.0000/49230500.0000 | HIGH: 538500.0000 fromHigh=-0.09% | entryNo=1
2026-06-02 11:59:20 INFO  BUY_FILLED 128940 phase=HOLDING
2026-06-02 11:59:20 INFO  SELL_EXECUTED [KRX] 128940 mode=BREAKOUT phase=EXITING exitType=VWAP_BREAK price=536000.0000 qty=1 reason=VWAP_BREAK pnl=-0.37% peakPnl=1.30% holdMs=7020000 high=545000.0000 avgPrice=538000.0000 weightedPnl=-0.33% (pending fill)
2026-06-02 11:59:20 INFO  SELL_FILLED_PNL 128940 reason=VWAP_BREAK filledQty=1/1 fillRatio=1.00 weightedPnl=-0.33% dailyPnl=-0.33%
2026-06-02 11:59:20 INFO  SELL_FILLED 128940 reason=VWAP_BREAK remainingQty=0 phase=NONE exitType=VWAP_BREAK
2026-06-02 11:59:20 INFO  BUY [KRX] 128940 mode=BREAKOUT price=451000.0000 qty=1 size=1.0000x score=90[S](CONV) | WHY: strongBreakout volBreakout retestOK multiUp vol(3.33x) | VWAP: 0.90%(ABOVE slope=UP) allowedGap=2.20% | TREND: score=3 vel=0.67%/0.33%/0.78% accel=true | VOL: 727.0000/218.4000 TO: 327877000.0000/97976825.0000 | HIGH: 451000.0000 fromHigh=0.00% | entryNo=1
2026-06-02 11:59:20 INFO  BUY_FILLED 128940 phase=HOLDING
2026-06-02 11:59:20 INFO  SELL [EOD_FORCE_SELL] 128940 pnl=-0.33% time=15:30
2026-06-02 11:59:20 INFO  SELL_EXECUTED [KRX] 128940 mode=BREAKOUT phase=EXITING exitType=TIMESTOP price=449500.0000 qty=1 reason=EOD_FORCE_SELL pnl=-0.33% peakPnl=0.22% holdMs=5580000 high=452000.0000 avgPrice=451000.0000 weightedPnl=-0.25% (pending fill)
2026-06-02 11:59:20 INFO  SELL_FILLED_PNL 128940 reason=EOD_FORCE_SELL filledQty=1/1 fillRatio=1.00 weightedPnl=-0.25% dailyPnl=-0.25%
2026-06-02 11:59:20 INFO  SELL_FILLED 128940 reason=EOD_FORCE_SELL remainingQty=0 phase=NONE exitType=TIMESTOP
2026-06-02 11:59:20 INFO  BUY [KRX] 128940 mode=BREAKOUT price=474500.0000 qty=1 size=1.0000x score=80[B] | WHY: strongBreakout volBreakout retestOK multiUp vol(4.14x) | VWAP: 1.22%(ABOVE slope=UP) allowedGap=2.20% | TREND: score=3 vel=1.71%/1.61%/1.61% accel=true | VOL: 3603.0000/869.4500 TO: 1709623500.0000/409721275.0000 | HIGH: 474500.0000 fromHigh=0.00% | entryNo=1
2026-06-02 11:59:20 INFO  BUY_FILLED 128940 phase=HOLDING
2026-06-02 11:59:20 INFO  SELL_EXECUTED [KRX] 128940 mode=BREAKOUT phase=EXITING exitType=PROFIT price=489000.0000 qty=1 reason=TAKE_PROFIT_BREAKOUT pnl=3.06% peakPnl=3.06% holdMs=1680000 high=489000.0000 avgPrice=474500.0000 weightedPnl=2.42% (pending fill)
2026-06-02 11:59:20 INFO  SELL_FILLED_PNL 128940 reason=TAKE_PROFIT_BREAKOUT filledQty=1/1 fillRatio=1.00 weightedPnl=2.42% dailyPnl=2.42%
2026-06-02 11:59:20 INFO  SELL_FILLED 128940 reason=TAKE_PROFIT_BREAKOUT remainingQty=0 phase=NONE exitType=PROFIT
2026-06-02 11:59:20 INFO  BUY [KRX] 128940 mode=BREAKOUT price=446500.0000 qty=1 size=1.0000x score=80[B] | WHY: strongBreakout volBreakout retestOK multiUp vol(3.17x) | VWAP: 1.79%(ABOVE slope=UP) allowedGap=2.20% | TREND: score=3 vel=3.18%/3.12%/3.60% accel=true | VOL: 2835.0000/894.7000 TO: 1265827500.0000/388058450.0000 | HIGH: 446500.0000 fromHigh=0.00% | entryNo=1
2026-06-02 11:59:20 INFO  BUY_FILLED 128940 phase=HOLDING
2026-06-02 11:59:20 INFO  SELL_EXECUTED [KRX] 128940 mode=BREAKOUT phase=EXITING exitType=STOPLOSS price=436500.0000 qty=1 reason=STOP_LOSS_BREAKOUT pnl=-2.24% peakPnl=0.56% holdMs=420000 high=449000.0000 avgPrice=446500.0000 weightedPnl=-1.67% (pending fill)
2026-06-02 11:59:20 INFO  SELL_FILLED_PNL 128940 reason=STOP_LOSS_BREAKOUT filledQty=1/1 fillRatio=1.00 weightedPnl=-1.67% dailyPnl=-1.67%
2026-06-02 11:59:20 INFO  SELL_FILLED 128940 reason=STOP_LOSS_BREAKOUT remainingQty=0 phase=NONE exitType=STOPLOSS
2026-06-02 11:59:20 INFO  BUY amount set for 047040: 600000.00
2026-06-02 11:59:20 INFO  BUY [KRX] 047040 mode=BREAKOUT price=10400.0000 qty=57 size=1.0000x score=80[B] | WHY: strongBreakout volBreakout retestOK multiUp vol(4.28x) | VWAP: 1.20%(ABOVE slope=UP) allowedGap=2.20% | TREND: score=3 vel=0.58%/0.39%/0.48% accel=true | VOL: 73044.0000/17083.5000 TO: 760388040.0000/177315574.0000 | HIGH: 10410.0000 fromHigh=0.00% | entryNo=1
2026-06-02 11:59:20 INFO  BUY_FILLED 047040 phase=HOLDING
2026-06-02 11:59:20 INFO  SELL [EOD_FORCE_SELL] 047040 pnl=0.48% time=15:30
2026-06-02 11:59:20 INFO  SELL_EXECUTED [KRX] 047040 mode=BREAKOUT phase=EXITING exitType=TIMESTOP price=10460.0000 qty=57 reason=EOD_FORCE_SELL pnl=0.48% peakPnl=0.72% holdMs=5220000 high=10485.0000 avgPrice=10410.0000 weightedPnl=0.48% (pending fill)
2026-06-02 11:59:20 INFO  SELL_FILLED_PNL 047040 reason=EOD_FORCE_SELL filledQty=57/57 fillRatio=1.00 weightedPnl=0.48% dailyPnl=0.48%
2026-06-02 11:59:20 INFO  SELL_FILLED 047040 reason=EOD_FORCE_SELL remainingQty=0 phase=NONE exitType=TIMESTOP
2026-06-02 11:59:20 INFO  BUY [KRX] 047040 mode=BREAKOUT price=16100.0000 qty=37 size=1.0000x score=90[S](CONV) | WHY: strongBreakout volBreakout retestOK multiUp vol(4.56x) | VWAP: 1.05%(ABOVE slope=UP) allowedGap=2.20% | TREND: score=3 vel=0.88%/0.81%/0.63% accel=true | VOL: 238854.0000/52368.0500 TO: 3845549400.0000/838053436.0000 | HIGH: 16100.0000 fromHigh=0.00% | entryNo=1
2026-06-02 11:59:20 INFO  BUY_FILLED 047040 phase=HOLDING
2026-06-02 11:59:20 INFO  SELL_EXECUTED [KRX] 047040 mode=BREAKOUT phase=EXITING exitType=VWAP_BREAK price=15930.0000 qty=37 reason=VWAP_BREAK pnl=-1.06% peakPnl=0.75% holdMs=960000 high=16220.0000 avgPrice=16100.0000 weightedPnl=-1.05% (pending fill)
2026-06-02 11:59:20 INFO  SELL_FILLED_PNL 047040 reason=VWAP_BREAK filledQty=37/37 fillRatio=1.00 weightedPnl=-1.05% dailyPnl=-1.05%
2026-06-02 11:59:20 INFO  SELL_FILLED 047040 reason=VWAP_BREAK remainingQty=0 phase=NONE exitType=VWAP_BREAK
2026-06-02 11:59:21 INFO  BUY [KRX] 047040 mode=BREAKOUT price=19000.0000 qty=31 size=1.0000x score=80[B] | WHY: strongBreakout volBreakout retestOK multiUp vol(4.14x) | VWAP: 1.24%(ABOVE slope=UP) allowedGap=2.20% | TREND: score=3 vel=0.53%/0.26%/0.53% accel=true | VOL: 496823.0000/119911.5500 TO: 9434668770.0000/2263580017.5000 | HIGH: 19000.0000 fromHigh=-0.05% | entryNo=1
2026-06-02 11:59:21 INFO  BUY_FILLED 047040 phase=HOLDING
2026-06-02 11:59:21 INFO  SELL_EXECUTED [KRX] 047040 mode=BREAKOUT phase=EXITING exitType=PROFIT price=19550.0000 qty=31 reason=TAKE_PROFIT_BREAKOUT pnl=2.95% peakPnl=2.95% holdMs=6540000 high=19550.0000 avgPrice=18990.0000 weightedPnl=2.89% (pending fill)
2026-06-02 11:59:21 INFO  SELL_FILLED_PNL 047040 reason=TAKE_PROFIT_BREAKOUT filledQty=31/31 fillRatio=1.00 weightedPnl=2.89% dailyPnl=2.89%
2026-06-02 11:59:21 INFO  SELL_FILLED 047040 reason=TAKE_PROFIT_BREAKOUT remainingQty=0 phase=NONE exitType=PROFIT
2026-06-02 11:59:38 INFO  BUY amount set for 046890: 10000000.00
2026-06-02 11:59:39 INFO  BUY amount set for 347700: 10000000.00
2026-06-02 11:59:39 INFO  BUY [KRX] 347700 mode=BREAKOUT price=44950.0000 qty=222 size=1.0000x score=90[S](CONV) | WHY: strongBreakout volBreakout retestOK multiUp vol(7.30x) | VWAP: 0.74%(ABOVE slope=UP) allowedGap=2.20% | TREND: score=3 vel=1.24%/1.01%/0.67% accel=true | VOL: 20593.0000/2822.4500 TO: 925655350.0000/125930985.0000 | HIGH: 44950.0000 fromHigh=0.00% | entryNo=1
2026-06-02 11:59:39 INFO  BUY_FILLED 347700 phase=HOLDING
2026-06-02 11:59:39 INFO  SELL_EXECUTED [KRX] 347700 mode=BREAKOUT phase=EXITING exitType=PROFIT price=46350.0000 qty=222 reason=TAKE_PROFIT_BREAKOUT pnl=3.11% peakPnl=3.11% holdMs=480000 high=46350.0000 avgPrice=44950.0000 weightedPnl=3.11% (pending fill)
2026-06-02 11:59:39 INFO  SELL_FILLED_PNL 347700 reason=TAKE_PROFIT_BREAKOUT filledQty=222/222 fillRatio=1.00 weightedPnl=3.11% dailyPnl=3.11%
2026-06-02 11:59:39 INFO  SELL_FILLED 347700 reason=TAKE_PROFIT_BREAKOUT remainingQty=0 phase=NONE exitType=PROFIT
2026-06-02 11:59:39 INFO  BUY [KRX] 347700 mode=BREAKOUT price=52300.0000 qty=191 size=1.0000x score=80[B] | WHY: strongBreakout volBreakout retestOK multiUp vol(7.67x) | VWAP: 1.68%(ABOVE slope=UP) allowedGap=2.20% | TREND: score=3 vel=0.97%/0.77%/1.36% accel=true | VOL: 12350.0000/1609.3500 TO: 645905000.0000/83589880.0000 | HIGH: 52300.0000 fromHigh=0.00% | entryNo=1
2026-06-02 11:59:39 INFO  BUY_FILLED 347700 phase=HOLDING
2026-06-02 11:59:39 INFO  SELL_EXECUTED [KRX] 347700 mode=BREAKOUT phase=EXITING exitType=PROFIT price=54000.0000 qty=191 reason=TAKE_PROFIT_BREAKOUT pnl=3.25% peakPnl=3.25% holdMs=3420000 high=54000.0000 avgPrice=52300.0000 weightedPnl=3.25% (pending fill)
2026-06-02 11:59:39 INFO  SELL_FILLED_PNL 347700 reason=TAKE_PROFIT_BREAKOUT filledQty=191/191 fillRatio=1.00 weightedPnl=3.25% dailyPnl=3.25%
2026-06-02 11:59:39 INFO  SELL_FILLED 347700 reason=TAKE_PROFIT_BREAKOUT remainingQty=0 phase=NONE exitType=PROFIT
2026-06-02 11:59:39 INFO  BUY [KRX] 347700 mode=BREAKOUT price=41550.0000 qty=240 size=1.0000x score=90[S](CONV) | WHY: strongBreakout volBreakout retestOK multiUp vol(3.42x) | VWAP: 1.06%(ABOVE slope=UP) allowedGap=2.20% | TREND: score=3 vel=0.61%/0.48%/0.61% accel=true | VOL: 3018.0000/883.3500 TO: 125397900.0000/36499176.2500 | HIGH: 41550.0000 fromHigh=0.00% | entryNo=1
2026-06-02 11:59:39 INFO  BUY_FILLED 347700 phase=HOLDING
2026-06-02 11:59:39 INFO  SELL [EOD_FORCE_SELL] 347700 pnl=2.53% time=15:30
2026-06-02 11:59:39 INFO  SELL_EXECUTED [KRX] 347700 mode=BREAKOUT phase=EXITING exitType=TIMESTOP price=42600.0000 qty=240 reason=EOD_FORCE_SELL pnl=2.53% peakPnl=2.53% holdMs=5040000 high=42600.0000 avgPrice=41550.0000 weightedPnl=2.52% (pending fill)
2026-06-02 11:59:39 INFO  SELL_FILLED_PNL 347700 reason=EOD_FORCE_SELL filledQty=240/240 fillRatio=1.00 weightedPnl=2.52% dailyPnl=2.52%
2026-06-02 11:59:39 INFO  SELL_FILLED 347700 reason=EOD_FORCE_SELL remainingQty=0 phase=NONE exitType=TIMESTOP
2026-06-02 11:59:39 INFO  BUY [KRX] 347700 mode=BREAKOUT price=46450.0000 qty=215 size=1.0000x score=85[A](CONV) | WHY: strongBreakout volBreakout retestOK multiUp vol(6.48x) | VWAP: 0.93%(ABOVE slope=UP) allowedGap=2.20% | TREND: score=3 vel=1.09%/0.98%/0.98% accel=true | VOL: 19229.0000/2968.5500 TO: 893187050.0000/136813362.5000 | HIGH: 46450.0000 fromHigh=0.00% | entryNo=1
2026-06-02 11:59:39 INFO  BUY_FILLED 347700 phase=HOLDING
2026-06-02 11:59:39 INFO  SELL [EOD_FORCE_SELL] 347700 pnl=1.08% time=15:30
2026-06-02 11:59:39 INFO  SELL_EXECUTED [KRX] 347700 mode=BREAKOUT phase=EXITING exitType=TIMESTOP price=46950.0000 qty=215 reason=EOD_FORCE_SELL pnl=1.08% peakPnl=1.72% holdMs=6420000 high=47250.0000 avgPrice=46450.0000 weightedPnl=1.08% (pending fill)
2026-06-02 11:59:39 INFO  SELL_FILLED_PNL 347700 reason=EOD_FORCE_SELL filledQty=215/215 fillRatio=1.00 weightedPnl=1.08% dailyPnl=1.08%
2026-06-02 11:59:39 INFO  SELL_FILLED 347700 reason=EOD_FORCE_SELL remainingQty=0 phase=NONE exitType=TIMESTOP
2026-06-02 11:59:40 INFO  BUY amount set for 042700: 10000000.00
2026-06-02 11:59:40 INFO  BUY [KRX] 042700 mode=BREAKOUT price=327000.0000 qty=30 size=1.0000x score=90[S](CONV) | WHY: strongBreakout volBreakout retestOK multiUp vol(4.87x) | VWAP: 0.68%(ABOVE slope=UP) allowedGap=2.20% | TREND: score=3 vel=0.62%/0.46%/0.77% accel=true | VOL: 9427.0000/1936.4500 TO: 3082629000.0000/629942675.0000 | HIGH: 327000.0000 fromHigh=0.00% | entryNo=1
2026-06-02 11:59:40 INFO  BUY_FILLED 042700 phase=HOLDING
2026-06-02 11:59:40 INFO  SELL [EOD_FORCE_SELL] 042700 pnl=1.99% time=15:30
2026-06-02 11:59:40 INFO  SELL_EXECUTED [KRX] 042700 mode=BREAKOUT phase=EXITING exitType=TIMESTOP price=333500.0000 qty=30 reason=EOD_FORCE_SELL pnl=1.99% peakPnl=1.99% holdMs=6060000 high=333500.0000 avgPrice=327000.0000 weightedPnl=1.95% (pending fill)
2026-06-02 11:59:40 INFO  SELL_FILLED_PNL 042700 reason=EOD_FORCE_SELL filledQty=30/30 fillRatio=1.00 weightedPnl=1.95% dailyPnl=1.95%
2026-06-02 11:59:40 INFO  SELL_FILLED 042700 reason=EOD_FORCE_SELL remainingQty=0 phase=NONE exitType=TIMESTOP
2026-06-02 11:59:40 INFO  BUY [KRX] 042700 mode=BREAKOUT price=295500.0000 qty=33 size=1.0000x score=90[S](CONV) | WHY: strongBreakout volBreakout retestOK multiUp vol(4.22x) | VWAP: 0.75%(ABOVE slope=UP) allowedGap=2.20% | TREND: score=3 vel=0.51%/0.34%/0.51% accel=true | VOL: 9471.0000/2246.3000 TO: 2798680500.0000/662181600.0000 | HIGH: 295500.0000 fromHigh=0.00% | entryNo=1
2026-06-02 11:59:40 INFO  BUY_FILLED 042700 phase=HOLDING
2026-06-02 11:59:40 INFO  SELL_EXECUTED [KRX] 042700 mode=BREAKOUT phase=EXITING exitType=VWAP_BREAK price=294000.0000 qty=33 reason=VWAP_BREAK pnl=-0.51% peakPnl=0.68% holdMs=4260000 high=297500.0000 avgPrice=295500.0000 weightedPnl=-0.49% (pending fill)
2026-06-02 11:59:40 INFO  SELL_FILLED_PNL 042700 reason=VWAP_BREAK filledQty=33/33 fillRatio=1.00 weightedPnl=-0.49% dailyPnl=-0.49%
2026-06-02 11:59:40 INFO  SELL_FILLED 042700 reason=VWAP_BREAK remainingQty=0 phase=NONE exitType=VWAP_BREAK
2026-06-02 11:59:40 INFO  BUY [KRX] 042700 mode=BREAKOUT price=309000.0000 qty=32 size=1.0000x score=85[A](CONV) | WHY: strongBreakout volBreakout retestOK multiUp vol(2.56x) | VWAP: 0.90%(ABOVE slope=UP) allowedGap=2.20% | TREND: score=3 vel=0.73%/0.65%/0.65% accel=true | VOL: 11422.0000/4464.3500 TO: 3529398000.0000/1372543675.0000 | HIGH: 309000.0000 fromHigh=0.00% | entryNo=1
2026-06-02 11:59:40 INFO  BUY_FILLED 042700 phase=HOLDING
2026-06-02 11:59:40 INFO  SELL [EOD_FORCE_SELL] 042700 pnl=0.65% time=15:30
2026-06-02 11:59:40 INFO  SELL_EXECUTED [KRX] 042700 mode=BREAKOUT phase=EXITING exitType=TIMESTOP price=311000.0000 qty=32 reason=EOD_FORCE_SELL pnl=0.65% peakPnl=0.81% holdMs=1920000 high=311500.0000 avgPrice=309000.0000 weightedPnl=0.64% (pending fill)
2026-06-02 11:59:40 INFO  SELL_FILLED_PNL 042700 reason=EOD_FORCE_SELL filledQty=32/32 fillRatio=1.00 weightedPnl=0.64% dailyPnl=0.64%
2026-06-02 11:59:40 INFO  SELL_FILLED 042700 reason=EOD_FORCE_SELL remainingQty=0 phase=NONE exitType=TIMESTOP
2026-06-02 11:59:40 INFO  BUY [KRX] 042700 mode=BREAKOUT price=304000.0000 qty=26 size=0.8000x score=85[A](CONV) | WHY: strongBreakout volBreakout retestOK multiUp vol(2.05x) | VWAP: 0.87%(ABOVE slope=UP) allowedGap=2.20% | TREND: score=3 vel=0.66%/0.50%/0.66% accel=true | VOL: 4006.0000/1958.4000 TO: 1217824000.0000/592987862.5000 | HIGH: 304000.0000 fromHigh=0.00% | entryNo=1
2026-06-02 11:59:40 INFO  BUY_FILLED 042700 phase=HOLDING
2026-06-02 11:59:40 INFO  SELL_EXECUTED [KRX] 042700 mode=BREAKOUT phase=EXITING exitType=VWAP_BREAK price=300500.0000 qty=26 reason=VWAP_BREAK pnl=-1.15% peakPnl=0.00% holdMs=1080000 high=304000.0000 avgPrice=304000.0000 weightedPnl=-0.91% (pending fill)
2026-06-02 11:59:40 INFO  SELL_FILLED_PNL 042700 reason=VWAP_BREAK filledQty=26/26 fillRatio=1.00 weightedPnl=-0.91% dailyPnl=-0.91%
2026-06-02 11:59:40 INFO  SELL_FILLED 042700 reason=VWAP_BREAK remainingQty=0 phase=NONE exitType=VWAP_BREAK
2026-06-02 11:59:40 INFO  BUY [KRX] 042700 mode=BREAKOUT price=261000.0000 qty=38 size=1.0000x score=90[S](CONV) | WHY: strongBreakout volBreakout retestOK multiUp vol(4.48x) | VWAP: 1.03%(ABOVE slope=UP) allowedGap=2.20% | TREND: score=3 vel=0.58%/0.38%/0.38% accel=true | VOL: 7040.0000/1572.8000 TO: 1837440000.0000/409022000.0000 | HIGH: 261000.0000 fromHigh=0.00% | entryNo=1
2026-06-02 11:59:40 INFO  BUY_FILLED 042700 phase=HOLDING
2026-06-02 11:59:40 INFO  SELL_EXECUTED [KRX] 042700 mode=BREAKOUT phase=EXITING exitType=VWAP_BREAK price=259500.0000 qty=38 reason=VWAP_BREAK pnl=-0.57% peakPnl=1.34% holdMs=14400000 high=264500.0000 avgPrice=261000.0000 weightedPnl=-0.57% (pending fill)
2026-06-02 11:59:40 INFO  SELL_FILLED_PNL 042700 reason=VWAP_BREAK filledQty=38/38 fillRatio=1.00 weightedPnl=-0.57% dailyPnl=-0.57%
2026-06-02 11:59:40 INFO  SELL_FILLED 042700 reason=VWAP_BREAK remainingQty=0 phase=NONE exitType=VWAP_BREAK
2026-06-02 11:59:40 INFO  BUY [KRX] 042700 mode=BREAKOUT price=294000.0000 qty=34 size=1.0000x score=90[S](CONV) | WHY: strongBreakout volBreakout retestOK multiUp vol(6.59x) | VWAP: 0.91%(ABOVE slope=UP) allowedGap=2.20% | TREND: score=3 vel=0.51%/0.43%/0.34% accel=true | VOL: 13316.0000/2021.9500 TO: 3914904000.0000/592198887.5000 | HIGH: 294000.0000 fromHigh=0.00% | entryNo=1
2026-06-02 11:59:40 INFO  BUY_FILLED 042700 phase=HOLDING
2026-06-02 11:59:40 INFO  SELL_EXECUTED [KRX] 042700 mode=BREAKOUT phase=EXITING exitType=VWAP_BREAK price=292000.0000 qty=34 reason=VWAP_BREAK pnl=-0.68% peakPnl=0.00% holdMs=8580000 high=294000.0000 avgPrice=294000.0000 weightedPnl=-0.68% (pending fill)
2026-06-02 11:59:40 INFO  SELL_FILLED_PNL 042700 reason=VWAP_BREAK filledQty=34/34 fillRatio=1.00 weightedPnl=-0.68% dailyPnl=-0.68%
2026-06-02 11:59:40 INFO  SELL_FILLED 042700 reason=VWAP_BREAK remainingQty=0 phase=NONE exitType=VWAP_BREAK
2026-06-02 11:59:40 INFO  BUY [KRX] 042700 mode=BREAKOUT price=297000.0000 qty=33 size=1.0000x score=90[S](CONV) | WHY: strongBreakout volBreakout retestOK multiUp vol(3.11x) | VWAP: 0.90%(ABOVE slope=UP) allowedGap=2.20% | TREND: score=3 vel=0.85%/0.51%/0.68% accel=true | VOL: 14074.0000/4519.3000 TO: 4179978000.0000/1332957850.0000 | HIGH: 297000.0000 fromHigh=0.00% | entryNo=1
2026-06-02 11:59:40 INFO  BUY_FILLED 042700 phase=HOLDING
2026-06-02 11:59:40 INFO  SELL_EXECUTED [KRX] 042700 mode=BREAKOUT phase=EXITING exitType=PROFIT price=306500.0000 qty=33 reason=TAKE_PROFIT_BREAKOUT pnl=3.20% peakPnl=3.20% holdMs=540000 high=306500.0000 avgPrice=297000.0000 weightedPnl=3.14% (pending fill)
2026-06-02 11:59:40 INFO  SELL_FILLED_PNL 042700 reason=TAKE_PROFIT_BREAKOUT filledQty=33/33 fillRatio=1.00 weightedPnl=3.14% dailyPnl=3.14%
2026-06-02 11:59:40 INFO  SELL_FILLED 042700 reason=TAKE_PROFIT_BREAKOUT remainingQty=0 phase=NONE exitType=PROFIT
2026-06-02 11:59:40 INFO  BUY [KRX] 042700 mode=BREAKOUT price=379500.0000 qty=26 size=1.0000x score=85[A](CONV) | WHY: strongBreakout volBreakout retestOK multiUp vol(2.69x) | VWAP: 0.78%(ABOVE slope=UP) allowedGap=2.20% | TREND: score=3 vel=0.60%/0.46%/0.60% accel=true | VOL: 9846.0000/3661.3000 TO: 3734095500.0000/1377080825.0000 | HIGH: 379500.0000 fromHigh=-0.07% | entryNo=1
2026-06-02 11:59:40 INFO  BUY_FILLED 042700 phase=HOLDING
2026-06-02 11:59:40 INFO  SELL_EXECUTED [KRX] 042700 mode=BREAKOUT phase=EXITING exitType=VWAP_BREAK price=376000.0000 qty=26 reason=VWAP_BREAK pnl=-0.86% peakPnl=0.73% holdMs=6360000 high=382000.0000 avgPrice=379250.0000 weightedPnl=-0.85% (pending fill)
2026-06-02 11:59:40 INFO  SELL_FILLED_PNL 042700 reason=VWAP_BREAK filledQty=26/26 fillRatio=1.00 weightedPnl=-0.85% dailyPnl=-0.85%
2026-06-02 11:59:40 INFO  SELL_FILLED 042700 reason=VWAP_BREAK remainingQty=0 phase=NONE exitType=VWAP_BREAK
2026-06-02 11:59:40 INFO  BUY [KRX] 042700 mode=BREAKOUT price=379500.0000 qty=26 size=1.0000x score=85[A](CONV) | WHY: strongBreakout volBreakout retestOK multiUp vol(2.69x) | VWAP: 0.78%(ABOVE slope=UP) allowedGap=2.20% | TREND: score=3 vel=0.60%/0.46%/0.60% accel=true | VOL: 9846.0000/3661.3000 TO: 3734095500.0000/1377080825.0000 | HIGH: 379500.0000 fromHigh=-0.07% | entryNo=1
2026-06-02 11:59:40 INFO  BUY_FILLED 042700 phase=HOLDING
2026-06-02 11:59:40 INFO  SELL_EXECUTED [KRX] 042700 mode=BREAKOUT phase=EXITING exitType=VWAP_BREAK price=376000.0000 qty=26 reason=VWAP_BREAK pnl=-0.86% peakPnl=0.73% holdMs=6360000 high=382000.0000 avgPrice=379250.0000 weightedPnl=-0.85% (pending fill)
2026-06-02 11:59:40 INFO  SELL_FILLED_PNL 042700 reason=VWAP_BREAK filledQty=26/26 fillRatio=1.00 weightedPnl=-0.85% dailyPnl=-0.85%
2026-06-02 11:59:40 INFO  SELL_FILLED 042700 reason=VWAP_BREAK remainingQty=0 phase=NONE exitType=VWAP_BREAK
2026-06-02 11:59:40 INFO  BUY [KRX] 042700 mode=BREAKOUT price=395000.0000 qty=25 size=1.0000x score=80[B] | WHY: strongBreakout volBreakout retestOK multiUp vol(3.22x) | VWAP: 1.22%(ABOVE slope=UP) allowedGap=2.20% | TREND: score=3 vel=0.51%/0.25%/0.38% accel=true | VOL: 5517.0000/1713.4000 TO: 2179215000.0000/672795450.0000 | HIGH: 395000.0000 fromHigh=0.00% | entryNo=1
2026-06-02 11:59:40 INFO  BUY_FILLED 042700 phase=HOLDING
2026-06-02 11:59:40 INFO  SELL_EXECUTED [KRX] 042700 mode=BREAKOUT phase=EXITING exitType=VWAP_BREAK price=391000.0000 qty=25 reason=VWAP_BREAK pnl=-1.01% peakPnl=0.13% holdMs=1860000 high=395500.0000 avgPrice=395000.0000 weightedPnl=-1.00% (pending fill)
2026-06-02 11:59:40 INFO  SELL_FILLED_PNL 042700 reason=VWAP_BREAK filledQty=25/25 fillRatio=1.00 weightedPnl=-1.00% dailyPnl=-1.00%
2026-06-02 11:59:40 INFO  SELL_FILLED 042700 reason=VWAP_BREAK remainingQty=0 phase=NONE exitType=VWAP_BREAK
2026-06-02 11:59:40 INFO  BUY [KRX] 042700 mode=BREAKOUT price=304500.0000 qty=32 size=1.0000x score=85[A](CONV) | WHY: strongBreakout volBreakout retestOK multiUp vol(2.47x) | VWAP: 1.06%(ABOVE slope=UP) allowedGap=2.20% | TREND: score=3 vel=0.83%/0.66%/0.66% accel=true | VOL: 7208.0000/2916.0500 TO: 2194836000.0000/879304575.0000 | HIGH: 304500.0000 fromHigh=0.00% | entryNo=1
2026-06-02 11:59:40 INFO  BUY_FILLED 042700 phase=HOLDING
2026-06-02 11:59:40 INFO  SELL_EXECUTED [KRX] 042700 mode=BREAKOUT phase=EXITING exitType=PROFIT price=316000.0000 qty=32 reason=TAKE_PROFIT_BREAKOUT pnl=3.78% peakPnl=3.78% holdMs=3360000 high=316000.0000 avgPrice=304500.0000 weightedPnl=3.68% (pending fill)
2026-06-02 11:59:40 INFO  SELL_FILLED_PNL 042700 reason=TAKE_PROFIT_BREAKOUT filledQty=32/32 fillRatio=1.00 weightedPnl=3.68% dailyPnl=3.68%
2026-06-02 11:59:40 INFO  SELL_FILLED 042700 reason=TAKE_PROFIT_BREAKOUT remainingQty=0 phase=NONE exitType=PROFIT
2026-06-02 11:59:40 INFO  BUY amount set for 128940: 10000000.00
2026-06-02 11:59:40 INFO  BUY [KRX] 128940 mode=BREAKOUT price=485500.0000 qty=20 size=1.0000x score=85[A](CONV) | WHY: strongBreakout volBreakout retestOK multiUp vol(2.76x) | VWAP: 1.02%(ABOVE slope=UP) allowedGap=2.20% | TREND: score=3 vel=0.83%/0.52%/1.15% accel=true | VOL: 1170.0000/423.6000 TO: 568035000.0000/203510425.0000 | HIGH: 485500.0000 fromHigh=0.00% | entryNo=1
2026-06-02 11:59:40 INFO  BUY_FILLED 128940 phase=HOLDING
2026-06-02 11:59:40 INFO  SELL_EXECUTED [KRX] 128940 mode=BREAKOUT phase=EXITING exitType=STOPLOSS price=479000.0000 qty=20 reason=FAILED_BREAKOUT pnl=-1.34% peakPnl=-0.41% holdMs=300000 high=483500.0000 avgPrice=485500.0000 weightedPnl=-1.30% (pending fill)
2026-06-02 11:59:40 INFO  SELL_FILLED_PNL 128940 reason=FAILED_BREAKOUT filledQty=20/20 fillRatio=1.00 weightedPnl=-1.30% dailyPnl=-1.30%
2026-06-02 11:59:40 INFO  SELL_FILLED 128940 reason=FAILED_BREAKOUT remainingQty=0 phase=NONE exitType=STOPLOSS
2026-06-02 11:59:40 INFO  BUY [KRX] 128940 mode=BREAKOUT price=491000.0000 qty=20 size=1.0000x score=80[B] | WHY: strongBreakout volBreakout retestOK multiUp vol(8.24x) | VWAP: 1.44%(ABOVE slope=UP) allowedGap=2.20% | TREND: score=3 vel=0.61%/0.41%/0.41% accel=true | VOL: 2233.0000/271.0500 TO: 1096403000.0000/132834825.0000 | HIGH: 491000.0000 fromHigh=0.00% | entryNo=1
2026-06-02 11:59:40 INFO  BUY_FILLED 128940 phase=HOLDING
2026-06-02 11:59:40 INFO  SELL_EXECUTED [KRX] 128940 mode=BREAKOUT phase=EXITING exitType=PROFIT price=505000.0000 qty=20 reason=TAKE_PROFIT_BREAKOUT pnl=2.85% peakPnl=2.85% holdMs=1440000 high=505000.0000 avgPrice=491000.0000 weightedPnl=2.80% (pending fill)
2026-06-02 11:59:40 INFO  SELL_FILLED_PNL 128940 reason=TAKE_PROFIT_BREAKOUT filledQty=20/20 fillRatio=1.00 weightedPnl=2.80% dailyPnl=2.80%
2026-06-02 11:59:40 INFO  SELL_FILLED 128940 reason=TAKE_PROFIT_BREAKOUT remainingQty=0 phase=NONE exitType=PROFIT
2026-06-02 11:59:40 INFO  BUY [KRX] 128940 mode=BREAKOUT price=521000.0000 qty=19 size=1.0000x score=80[B] | WHY: strongBreakout volBreakout retestOK multiUp vol(2.33x) | VWAP: 1.03%(ABOVE slope=UP) allowedGap=2.20% | TREND: score=3 vel=0.39%/0.19%/0.97% accel=true | VOL: 1295.0000/556.4000 TO: 674695000.0000/287355650.0000 | HIGH: 521000.0000 fromHigh=0.00% | entryNo=1
2026-06-02 11:59:40 INFO  BUY_FILLED 128940 phase=HOLDING
2026-06-02 11:59:40 INFO  SELL_EXECUTED [KRX] 128940 mode=BREAKOUT phase=EXITING exitType=PROFIT price=538000.0000 qty=19 reason=TAKE_PROFIT_BREAKOUT pnl=3.26% peakPnl=3.26% holdMs=960000 high=538000.0000 avgPrice=521000.0000 weightedPnl=3.23% (pending fill)
2026-06-02 11:59:40 INFO  SELL_FILLED_PNL 128940 reason=TAKE_PROFIT_BREAKOUT filledQty=19/19 fillRatio=1.00 weightedPnl=3.23% dailyPnl=3.23%
2026-06-02 11:59:40 INFO  SELL_FILLED 128940 reason=TAKE_PROFIT_BREAKOUT remainingQty=0 phase=NONE exitType=PROFIT
2026-06-02 11:59:40 INFO  BUY [KRX] 128940 mode=BREAKOUT price=552000.0000 qty=18 size=1.0000x score=80[B] | WHY: strongBreakout volBreakout retestOK multiUp vol(4.40x) | VWAP: 1.29%(ABOVE slope=UP) allowedGap=2.20% | TREND: score=3 vel=0.91%/0.73%/1.28% accel=true | VOL: 1675.0000/380.3500 TO: 924600000.0000/208382000.0000 | HIGH: 552000.0000 fromHigh=0.00% | entryNo=1
2026-06-02 11:59:40 INFO  BUY_FILLED 128940 phase=HOLDING
2026-06-02 11:59:40 INFO  SELL_EXECUTED [KRX] 128940 mode=BREAKOUT phase=EXITING exitType=VWAP_BREAK price=550000.0000 qty=18 reason=VWAP_BREAK pnl=-0.36% peakPnl=1.45% holdMs=8880000 high=560000.0000 avgPrice=552000.0000 weightedPnl=-0.36% (pending fill)
2026-06-02 11:59:40 INFO  SELL_FILLED_PNL 128940 reason=VWAP_BREAK filledQty=18/18 fillRatio=1.00 weightedPnl=-0.36% dailyPnl=-0.36%
2026-06-02 11:59:40 INFO  SELL_FILLED 128940 reason=VWAP_BREAK remainingQty=0 phase=NONE exitType=VWAP_BREAK
2026-06-02 11:59:40 INFO  BUY [KRX] 128940 mode=BREAKOUT price=538000.0000 qty=18 size=1.0000x score=85[A](CONV) | WHY: strongBreakout volBreakout retestOK multiUp vol(3.82x) | VWAP: 1.12%(ABOVE slope=UP) allowedGap=2.20% | TREND: score=3 vel=0.56%/0.37%/0.37% accel=true | VOL: 351.0000/91.9000 TO: 188838000.0000/49230500.0000 | HIGH: 538500.0000 fromHigh=-0.09% | entryNo=1
2026-06-02 11:59:40 INFO  BUY_FILLED 128940 phase=HOLDING
2026-06-02 11:59:40 INFO  SELL_EXECUTED [KRX] 128940 mode=BREAKOUT phase=EXITING exitType=VWAP_BREAK price=536000.0000 qty=18 reason=VWAP_BREAK pnl=-0.37% peakPnl=1.30% holdMs=7020000 high=545000.0000 avgPrice=538000.0000 weightedPnl=-0.36% (pending fill)
2026-06-02 11:59:40 INFO  SELL_FILLED_PNL 128940 reason=VWAP_BREAK filledQty=18/18 fillRatio=1.00 weightedPnl=-0.36% dailyPnl=-0.36%
2026-06-02 11:59:40 INFO  SELL_FILLED 128940 reason=VWAP_BREAK remainingQty=0 phase=NONE exitType=VWAP_BREAK
2026-06-02 11:59:41 INFO  BUY [KRX] 128940 mode=BREAKOUT price=451000.0000 qty=22 size=1.0000x score=90[S](CONV) | WHY: strongBreakout volBreakout retestOK multiUp vol(3.33x) | VWAP: 0.90%(ABOVE slope=UP) allowedGap=2.20% | TREND: score=3 vel=0.67%/0.33%/0.78% accel=true | VOL: 727.0000/218.4000 TO: 327877000.0000/97976825.0000 | HIGH: 451000.0000 fromHigh=0.00% | entryNo=1
2026-06-02 11:59:41 INFO  BUY_FILLED 128940 phase=HOLDING
2026-06-02 11:59:41 INFO  SELL [EOD_FORCE_SELL] 128940 pnl=-0.33% time=15:30
2026-06-02 11:59:41 INFO  SELL_EXECUTED [KRX] 128940 mode=BREAKOUT phase=EXITING exitType=TIMESTOP price=449500.0000 qty=22 reason=EOD_FORCE_SELL pnl=-0.33% peakPnl=0.22% holdMs=5580000 high=452000.0000 avgPrice=451000.0000 weightedPnl=-0.33% (pending fill)
2026-06-02 11:59:41 INFO  SELL_FILLED_PNL 128940 reason=EOD_FORCE_SELL filledQty=22/22 fillRatio=1.00 weightedPnl=-0.33% dailyPnl=-0.33%
2026-06-02 11:59:41 INFO  SELL_FILLED 128940 reason=EOD_FORCE_SELL remainingQty=0 phase=NONE exitType=TIMESTOP
2026-06-02 11:59:41 INFO  BUY [KRX] 128940 mode=BREAKOUT price=474500.0000 qty=21 size=1.0000x score=80[B] | WHY: strongBreakout volBreakout retestOK multiUp vol(4.14x) | VWAP: 1.22%(ABOVE slope=UP) allowedGap=2.20% | TREND: score=3 vel=1.71%/1.61%/1.61% accel=true | VOL: 3603.0000/869.4500 TO: 1709623500.0000/409721275.0000 | HIGH: 474500.0000 fromHigh=0.00% | entryNo=1
2026-06-02 11:59:41 INFO  BUY_FILLED 128940 phase=HOLDING
2026-06-02 11:59:41 INFO  SELL_EXECUTED [KRX] 128940 mode=BREAKOUT phase=EXITING exitType=PROFIT price=489000.0000 qty=21 reason=TAKE_PROFIT_BREAKOUT pnl=3.06% peakPnl=3.06% holdMs=1680000 high=489000.0000 avgPrice=474500.0000 weightedPnl=3.05% (pending fill)
2026-06-02 11:59:41 INFO  SELL_FILLED_PNL 128940 reason=TAKE_PROFIT_BREAKOUT filledQty=21/21 fillRatio=1.00 weightedPnl=3.05% dailyPnl=3.05%
2026-06-02 11:59:41 INFO  SELL_FILLED 128940 reason=TAKE_PROFIT_BREAKOUT remainingQty=0 phase=NONE exitType=PROFIT
2026-06-02 11:59:41 INFO  BUY [KRX] 128940 mode=BREAKOUT price=446500.0000 qty=22 size=1.0000x score=80[B] | WHY: strongBreakout volBreakout retestOK multiUp vol(3.17x) | VWAP: 1.79%(ABOVE slope=UP) allowedGap=2.20% | TREND: score=3 vel=3.18%/3.12%/3.60% accel=true | VOL: 2835.0000/894.7000 TO: 1265827500.0000/388058450.0000 | HIGH: 446500.0000 fromHigh=0.00% | entryNo=1
2026-06-02 11:59:41 INFO  BUY_FILLED 128940 phase=HOLDING
2026-06-02 11:59:41 INFO  SELL_EXECUTED [KRX] 128940 mode=BREAKOUT phase=EXITING exitType=STOPLOSS price=436500.0000 qty=22 reason=STOP_LOSS_BREAKOUT pnl=-2.24% peakPnl=0.56% holdMs=420000 high=449000.0000 avgPrice=446500.0000 weightedPnl=-2.20% (pending fill)
2026-06-02 11:59:41 INFO  SELL_FILLED_PNL 128940 reason=STOP_LOSS_BREAKOUT filledQty=22/22 fillRatio=1.00 weightedPnl=-2.20% dailyPnl=-2.20%
2026-06-02 11:59:41 INFO  SELL_FILLED 128940 reason=STOP_LOSS_BREAKOUT remainingQty=0 phase=NONE exitType=STOPLOSS
2026-06-02 11:59:41 INFO  BUY amount set for 047040: 10000000.00
2026-06-02 11:59:41 INFO  BUY [KRX] 047040 mode=BREAKOUT price=10400.0000 qty=961 size=1.0000x score=80[B] | WHY: strongBreakout volBreakout retestOK multiUp vol(4.28x) | VWAP: 1.20%(ABOVE slope=UP) allowedGap=2.20% | TREND: score=3 vel=0.58%/0.39%/0.48% accel=true | VOL: 73044.0000/17083.5000 TO: 760388040.0000/177315574.0000 | HIGH: 10410.0000 fromHigh=0.00% | entryNo=1
2026-06-02 11:59:41 INFO  BUY_FILLED 047040 phase=HOLDING
2026-06-02 11:59:41 INFO  SELL [EOD_FORCE_SELL] 047040 pnl=0.48% time=15:30
2026-06-02 11:59:41 INFO  SELL_EXECUTED [KRX] 047040 mode=BREAKOUT phase=EXITING exitType=TIMESTOP price=10460.0000 qty=961 reason=EOD_FORCE_SELL pnl=0.48% peakPnl=0.72% holdMs=5220000 high=10485.0000 avgPrice=10410.0000 weightedPnl=0.48% (pending fill)
2026-06-02 11:59:41 INFO  SELL_FILLED_PNL 047040 reason=EOD_FORCE_SELL filledQty=961/961 fillRatio=1.00 weightedPnl=0.48% dailyPnl=0.48%
2026-06-02 11:59:41 INFO  SELL_FILLED 047040 reason=EOD_FORCE_SELL remainingQty=0 phase=NONE exitType=TIMESTOP
2026-06-02 11:59:41 INFO  BUY [KRX] 047040 mode=BREAKOUT price=16100.0000 qty=621 size=1.0000x score=90[S](CONV) | WHY: strongBreakout volBreakout retestOK multiUp vol(4.56x) | VWAP: 1.05%(ABOVE slope=UP) allowedGap=2.20% | TREND: score=3 vel=0.88%/0.81%/0.63% accel=true | VOL: 238854.0000/52368.0500 TO: 3845549400.0000/838053436.0000 | HIGH: 16100.0000 fromHigh=0.00% | entryNo=1
2026-06-02 11:59:41 INFO  BUY_FILLED 047040 phase=HOLDING
2026-06-02 11:59:41 INFO  SELL_EXECUTED [KRX] 047040 mode=BREAKOUT phase=EXITING exitType=VWAP_BREAK price=15930.0000 qty=621 reason=VWAP_BREAK pnl=-1.06% peakPnl=0.75% holdMs=960000 high=16220.0000 avgPrice=16100.0000 weightedPnl=-1.06% (pending fill)
2026-06-02 11:59:41 INFO  SELL_FILLED_PNL 047040 reason=VWAP_BREAK filledQty=621/621 fillRatio=1.00 weightedPnl=-1.06% dailyPnl=-1.06%
2026-06-02 11:59:41 INFO  SELL_FILLED 047040 reason=VWAP_BREAK remainingQty=0 phase=NONE exitType=VWAP_BREAK
2026-06-02 11:59:41 INFO  BUY [KRX] 047040 mode=BREAKOUT price=19000.0000 qty=526 size=1.0000x score=80[B] | WHY: strongBreakout volBreakout retestOK multiUp vol(4.14x) | VWAP: 1.24%(ABOVE slope=UP) allowedGap=2.20% | TREND: score=3 vel=0.53%/0.26%/0.53% accel=true | VOL: 496823.0000/119911.5500 TO: 9434668770.0000/2263580017.5000 | HIGH: 19000.0000 fromHigh=-0.05% | entryNo=1
2026-06-02 11:59:41 INFO  BUY_FILLED 047040 phase=HOLDING
2026-06-02 11:59:41 INFO  SELL_EXECUTED [KRX] 047040 mode=BREAKOUT phase=EXITING exitType=PROFIT price=19550.0000 qty=526 reason=TAKE_PROFIT_BREAKOUT pnl=2.95% peakPnl=2.95% holdMs=6540000 high=19550.0000 avgPrice=18990.0000 weightedPnl=2.95% (pending fill)
2026-06-02 11:59:41 INFO  SELL_FILLED_PNL 047040 reason=TAKE_PROFIT_BREAKOUT filledQty=526/526 fillRatio=1.00 weightedPnl=2.95% dailyPnl=2.95%
2026-06-02 11:59:41 INFO  SELL_FILLED 047040 reason=TAKE_PROFIT_BREAKOUT remainingQty=0 phase=NONE exitType=PROFIT
2026-06-02 13:27:29 INFO  BUY amount set for 017670: 600000.00
2026-06-02 13:27:29 INFO  BUY [KRX] 017670 mode=BREAKOUT price=100000.0000 qty=6 size=1.0000x score=85[A](CONV) | WHY: strongBreakout volBreakout retestOK multiUp vol(5.72x) | VWAP: 0.75%(ABOVE slope=UP) allowedGap=2.20% | TREND: score=3 vel=0.40%/0.30%/0.30% accel=true | VOL: 13436.0000/2346.9500 TO: 1346287200.0000/234486965.0000 | HIGH: 100200.0000 fromHigh=0.00% | entryNo=1
2026-06-02 13:27:29 INFO  BUY_FILLED 017670 phase=HOLDING
2026-06-02 13:27:29 INFO  SELL_EXECUTED [KRX] 017670 mode=BREAKOUT phase=EXITING exitType=VWAP_BREAK price=99500.0000 qty=6 reason=VWAP_BREAK pnl=-0.70% peakPnl=0.20% holdMs=3000000 high=100400.0000 avgPrice=100200.0000 weightedPnl=-0.70% (pending fill)
2026-06-02 13:27:29 INFO  SELL_FILLED_PNL 017670 reason=VWAP_BREAK filledQty=6/6 fillRatio=1.00 weightedPnl=-0.70% dailyPnl=-0.70%
2026-06-02 13:27:29 INFO  SELL_FILLED 017670 reason=VWAP_BREAK remainingQty=0 phase=NONE exitType=VWAP_BREAK
2026-06-02 13:27:29 INFO  BUY [KRX] 017670 mode=BREAKOUT price=101000.0000 qty=5 size=1.0000x score=80[B] | WHY: strongBreakout volBreakout retestOK multiUp vol(3.57x) | VWAP: 0.71%(ABOVE slope=UP) allowedGap=2.20% | TREND: score=3 vel=0.40%/0.30%/0.50% accel=true | VOL: 10720.0000/3001.8000 TO: 1083792000.0000/301816580.0000 | HIGH: 101100.0000 fromHigh=0.00% | entryNo=1
2026-06-02 13:27:29 INFO  BUY_FILLED 017670 phase=HOLDING
2026-06-02 13:27:29 INFO  SELL_EXECUTED [KRX] 017670 mode=BREAKOUT phase=EXITING exitType=VWAP_BREAK price=100200.0000 qty=5 reason=VWAP_BREAK pnl=-0.89% peakPnl=0.00% holdMs=1440000 high=101100.0000 avgPrice=101100.0000 weightedPnl=-0.75% (pending fill)
2026-06-02 13:27:29 INFO  SELL_FILLED_PNL 017670 reason=VWAP_BREAK filledQty=5/5 fillRatio=1.00 weightedPnl=-0.75% dailyPnl=-0.75%
2026-06-02 13:27:29 INFO  SELL_FILLED 017670 reason=VWAP_BREAK remainingQty=0 phase=NONE exitType=VWAP_BREAK
2026-06-02 13:27:29 INFO  BUY [KRX] 017670 mode=BREAKOUT price=101000.0000 qty=5 size=1.0000x score=80[B] | WHY: strongBreakout volBreakout retestOK multiUp vol(3.53x) | VWAP: 1.27%(ABOVE slope=UP) allowedGap=2.20% | TREND: score=3 vel=0.80%/0.70%/1.00% accel=true | VOL: 6052.0000/1712.8500 TO: 610646800.0000/171483845.0000 | HIGH: 101000.0000 fromHigh=-0.10% | entryNo=1
2026-06-02 13:27:29 INFO  BUY_FILLED 017670 phase=HOLDING
2026-06-02 13:27:29 INFO  SELL_EXECUTED [KRX] 017670 mode=BREAKOUT phase=EXITING exitType=VWAP_BREAK price=100500.0000 qty=5 reason=VWAP_BREAK pnl=-0.40% peakPnl=1.49% holdMs=7380000 high=102400.0000 avgPrice=100900.0000 weightedPnl=-0.33% (pending fill)
2026-06-02 13:27:29 INFO  SELL_FILLED_PNL 017670 reason=VWAP_BREAK filledQty=5/5 fillRatio=1.00 weightedPnl=-0.33% dailyPnl=-0.33%
2026-06-02 13:27:29 INFO  SELL_FILLED 017670 reason=VWAP_BREAK remainingQty=0 phase=NONE exitType=VWAP_BREAK
2026-06-02 13:27:29 INFO  BUY [KRX] 017670 mode=BREAKOUT price=102000.0000 qty=5 size=1.0000x score=85[A](CONV) | WHY: strongBreakout volBreakout retestOK multiUp vol(4.66x) | VWAP: 0.44%(ABOVE slope=UP) allowedGap=2.20% | TREND: score=3 vel=0.59%/0.49%/0.49% accel=true | VOL: 15604.0000/3348.8500 TO: 1593168400.0000/340628230.0000 | HIGH: 102200.0000 fromHigh=-0.10% | entryNo=1
2026-06-02 13:27:29 INFO  BUY_FILLED 017670 phase=HOLDING
2026-06-02 13:27:29 INFO  SELL [EOD_FORCE_SELL] 017670 pnl=0.69% time=15:30
2026-06-02 13:27:29 INFO  SELL_EXECUTED [KRX] 017670 mode=BREAKOUT phase=EXITING exitType=TIMESTOP price=102800.0000 qty=5 reason=EOD_FORCE_SELL pnl=0.69% peakPnl=0.69% holdMs=4440000 high=102800.0000 avgPrice=102100.0000 weightedPnl=0.58% (pending fill)
2026-06-02 13:27:29 INFO  SELL_FILLED_PNL 017670 reason=EOD_FORCE_SELL filledQty=5/5 fillRatio=1.00 weightedPnl=0.58% dailyPnl=0.58%
2026-06-02 13:27:29 INFO  SELL_FILLED 017670 reason=EOD_FORCE_SELL remainingQty=0 phase=NONE exitType=TIMESTOP
2026-06-02 13:27:30 INFO  BUY amount set for 043260: 600000.00
2026-06-02 13:27:30 INFO  BUY [KRX] 043260 mode=BREAKOUT price=45050.0000 qty=13 size=1.0000x score=85[A](CONV) | WHY: strongBreakout volBreakout retestOK multiUp vol(2.41x) | VWAP: 1.19%(ABOVE slope=UP) allowedGap=2.20% | TREND: score=3 vel=0.56%/0.50%/0.45% accel=true | VOL: 4268.0000/1773.9500 TO: 192273400.0000/79393697.5000 | HIGH: 45050.0000 fromHigh=0.00% | entryNo=1
2026-06-02 13:27:30 INFO  BUY_FILLED 043260 phase=HOLDING
2026-06-02 13:27:30 INFO  SELL_EXECUTED [KRX] 043260 mode=BREAKOUT phase=EXITING exitType=PROFIT price=46400.0000 qty=13 reason=TAKE_PROFIT_BREAKOUT pnl=3.00% peakPnl=3.00% holdMs=900000 high=46400.0000 avgPrice=45050.0000 weightedPnl=2.93% (pending fill)
2026-06-02 13:27:30 INFO  SELL_FILLED_PNL 043260 reason=TAKE_PROFIT_BREAKOUT filledQty=13/13 fillRatio=1.00 weightedPnl=2.93% dailyPnl=2.93%
2026-06-02 13:27:30 INFO  SELL_FILLED 043260 reason=TAKE_PROFIT_BREAKOUT remainingQty=0 phase=NONE exitType=PROFIT
2026-06-02 13:27:30 INFO  BUY [KRX] 043260 mode=BREAKOUT price=50000.0000 qty=12 size=1.0000x score=90[S](CONV) | WHY: strongBreakout volBreakout retestOK multiUp vol(4.68x) | VWAP: 1.16%(ABOVE slope=UP) allowedGap=2.20% | TREND: score=3 vel=0.70%/0.60%/0.60% accel=true | VOL: 8233.0000/1757.6500 TO: 411650000.0000/87631335.0000 | HIGH: 50000.0000 fromHigh=0.00% | entryNo=1
2026-06-02 13:27:30 INFO  BUY_FILLED 043260 phase=HOLDING
2026-06-02 13:27:30 INFO  SELL [EOD_FORCE_SELL] 043260 pnl=-0.30% time=15:30
2026-06-02 13:27:30 INFO  SELL_EXECUTED [KRX] 043260 mode=BREAKOUT phase=EXITING exitType=TIMESTOP price=49850.0000 qty=12 reason=EOD_FORCE_SELL pnl=-0.30% peakPnl=0.40% holdMs=1740000 high=50200.0000 avgPrice=50000.0000 weightedPnl=-0.30% (pending fill)
2026-06-02 13:27:30 INFO  SELL_FILLED_PNL 043260 reason=EOD_FORCE_SELL filledQty=12/12 fillRatio=1.00 weightedPnl=-0.30% dailyPnl=-0.30%
2026-06-02 13:27:30 INFO  SELL_FILLED 043260 reason=EOD_FORCE_SELL remainingQty=0 phase=NONE exitType=TIMESTOP
2026-06-02 13:27:30 INFO  BUY [KRX] 043260 mode=BREAKOUT price=44100.0000 qty=13 size=1.0000x score=85[A](CONV) | WHY: strongBreakout volBreakout retestOK multiUp vol(5.96x) | VWAP: 1.02%(ABOVE slope=UP) allowedGap=2.20% | TREND: score=3 vel=1.03%/0.92%/0.80% accel=true | VOL: 12855.0000/2158.3500 TO: 566905500.0000/94608227.5000 | HIGH: 44100.0000 fromHigh=0.00% | entryNo=1
2026-06-02 13:27:30 INFO  BUY_FILLED 043260 phase=HOLDING
2026-06-02 13:27:30 INFO  SELL [EOD_FORCE_SELL] 043260 pnl=-0.68% time=15:30
2026-06-02 13:27:30 INFO  SELL_EXECUTED [KRX] 043260 mode=BREAKOUT phase=EXITING exitType=TIMESTOP price=43800.0000 qty=13 reason=EOD_FORCE_SELL pnl=-0.68% peakPnl=1.13% holdMs=4020000 high=44600.0000 avgPrice=44100.0000 weightedPnl=-0.65% (pending fill)
2026-06-02 13:27:30 INFO  SELL_FILLED_PNL 043260 reason=EOD_FORCE_SELL filledQty=13/13 fillRatio=1.00 weightedPnl=-0.65% dailyPnl=-0.65%
2026-06-02 13:27:30 INFO  SELL_FILLED 043260 reason=EOD_FORCE_SELL remainingQty=0 phase=NONE exitType=TIMESTOP
2026-06-02 13:27:30 INFO  BUY [KRX] 043260 mode=BREAKOUT price=43150.0000 qty=13 size=1.0000x score=90[S](CONV) | WHY: strongBreakout volBreakout retestOK multiUp vol(6.22x) | VWAP: 1.08%(ABOVE slope=UP) allowedGap=2.20% | TREND: score=3 vel=0.82%/0.70%/0.58% accel=true | VOL: 16591.0000/2667.5500 TO: 715901650.0000/114497382.5000 | HIGH: 43150.0000 fromHigh=0.00% | entryNo=1
2026-06-02 13:27:30 INFO  BUY_FILLED 043260 phase=HOLDING
2026-06-02 13:27:30 INFO  SELL [EOD_FORCE_SELL] 043260 pnl=0.70% time=15:30
2026-06-02 13:27:30 INFO  SELL_EXECUTED [KRX] 043260 mode=BREAKOUT phase=EXITING exitType=TIMESTOP price=43450.0000 qty=13 reason=EOD_FORCE_SELL pnl=0.70% peakPnl=1.51% holdMs=5040000 high=43800.0000 avgPrice=43150.0000 weightedPnl=0.65% (pending fill)
2026-06-02 13:27:30 INFO  SELL_FILLED_PNL 043260 reason=EOD_FORCE_SELL filledQty=13/13 fillRatio=1.00 weightedPnl=0.65% dailyPnl=0.65%
2026-06-02 13:27:30 INFO  SELL_FILLED 043260 reason=EOD_FORCE_SELL remainingQty=0 phase=NONE exitType=TIMESTOP
2026-06-02 13:27:30 INFO  BUY [KRX] 043260 mode=BREAKOUT price=43150.0000 qty=13 size=1.0000x score=90[S](CONV) | WHY: strongBreakout volBreakout retestOK multiUp vol(6.22x) | VWAP: 1.08%(ABOVE slope=UP) allowedGap=2.20% | TREND: score=3 vel=0.82%/0.70%/0.58% accel=true | VOL: 16591.0000/2667.5500 TO: 715901650.0000/114497382.5000 | HIGH: 43150.0000 fromHigh=0.00% | entryNo=1
2026-06-02 13:27:30 INFO  BUY_FILLED 043260 phase=HOLDING
2026-06-02 13:27:30 INFO  SELL [EOD_FORCE_SELL] 043260 pnl=0.70% time=15:30
2026-06-02 13:27:30 INFO  SELL_EXECUTED [KRX] 043260 mode=BREAKOUT phase=EXITING exitType=TIMESTOP price=43450.0000 qty=13 reason=EOD_FORCE_SELL pnl=0.70% peakPnl=1.51% holdMs=5040000 high=43800.0000 avgPrice=43150.0000 weightedPnl=0.65% (pending fill)
2026-06-02 13:27:30 INFO  SELL_FILLED_PNL 043260 reason=EOD_FORCE_SELL filledQty=13/13 fillRatio=1.00 weightedPnl=0.65% dailyPnl=0.65%
2026-06-02 13:27:30 INFO  SELL_FILLED 043260 reason=EOD_FORCE_SELL remainingQty=0 phase=NONE exitType=TIMESTOP
2026-06-02 13:27:30 INFO  BUY amount set for 267260: 600000.00
2026-06-02 13:27:31 WARN  BUY_SKIP [KRX] 267260 reason=AMOUNT_TOO_SMALL amount=600000.0000 size=1.0000x price=1067000.0000
2026-06-02 13:27:31 WARN  BUY_SKIP [KRX] 267260 reason=AMOUNT_TOO_SMALL amount=600000.0000 size=1.0000x price=1060000.0000
2026-06-02 13:27:31 WARN  BUY_SKIP [KRX] 267260 reason=AMOUNT_TOO_SMALL amount=600000.0000 size=1.0000x price=1066000.0000
2026-06-02 13:27:31 WARN  BUY_SKIP [KRX] 267260 reason=AMOUNT_TOO_SMALL amount=600000.0000 size=1.0000x price=1069000.0000
2026-06-02 13:27:31 INFO  BUY amount set for 439960: 600000.00
2026-06-02 13:27:44 INFO  BUY amount set for 017670: 10000000.00
2026-06-02 13:27:44 INFO  BUY [KRX] 017670 mode=BREAKOUT price=100000.0000 qty=100 size=1.0000x score=85[A](CONV) | WHY: strongBreakout volBreakout retestOK multiUp vol(5.72x) | VWAP: 0.75%(ABOVE slope=UP) allowedGap=2.20% | TREND: score=3 vel=0.40%/0.30%/0.30% accel=true | VOL: 13436.0000/2346.9500 TO: 1346287200.0000/234486965.0000 | HIGH: 100200.0000 fromHigh=0.00% | entryNo=1
2026-06-02 13:27:44 INFO  BUY_FILLED 017670 phase=HOLDING
2026-06-02 13:27:44 INFO  SELL_EXECUTED [KRX] 017670 mode=BREAKOUT phase=EXITING exitType=VWAP_BREAK price=99500.0000 qty=100 reason=VWAP_BREAK pnl=-0.70% peakPnl=0.20% holdMs=3000000 high=100400.0000 avgPrice=100200.0000 weightedPnl=-0.70% (pending fill)
2026-06-02 13:27:44 INFO  SELL_FILLED_PNL 017670 reason=VWAP_BREAK filledQty=100/100 fillRatio=1.00 weightedPnl=-0.70% dailyPnl=-0.70%
2026-06-02 13:27:44 INFO  SELL_FILLED 017670 reason=VWAP_BREAK remainingQty=0 phase=NONE exitType=VWAP_BREAK
2026-06-02 13:27:44 INFO  BUY [KRX] 017670 mode=BREAKOUT price=101000.0000 qty=99 size=1.0000x score=80[B] | WHY: strongBreakout volBreakout retestOK multiUp vol(3.57x) | VWAP: 0.71%(ABOVE slope=UP) allowedGap=2.20% | TREND: score=3 vel=0.40%/0.30%/0.50% accel=true | VOL: 10720.0000/3001.8000 TO: 1083792000.0000/301816580.0000 | HIGH: 101100.0000 fromHigh=0.00% | entryNo=1
2026-06-02 13:27:44 INFO  BUY_FILLED 017670 phase=HOLDING
2026-06-02 13:27:44 INFO  SELL_EXECUTED [KRX] 017670 mode=BREAKOUT phase=EXITING exitType=VWAP_BREAK price=100200.0000 qty=99 reason=VWAP_BREAK pnl=-0.89% peakPnl=0.00% holdMs=1440000 high=101100.0000 avgPrice=101100.0000 weightedPnl=-0.89% (pending fill)
2026-06-02 13:27:44 INFO  SELL_FILLED_PNL 017670 reason=VWAP_BREAK filledQty=99/99 fillRatio=1.00 weightedPnl=-0.89% dailyPnl=-0.89%
2026-06-02 13:27:44 INFO  SELL_FILLED 017670 reason=VWAP_BREAK remainingQty=0 phase=NONE exitType=VWAP_BREAK
2026-06-02 13:27:45 INFO  BUY [KRX] 017670 mode=BREAKOUT price=101000.0000 qty=99 size=1.0000x score=80[B] | WHY: strongBreakout volBreakout retestOK multiUp vol(3.53x) | VWAP: 1.27%(ABOVE slope=UP) allowedGap=2.20% | TREND: score=3 vel=0.80%/0.70%/1.00% accel=true | VOL: 6052.0000/1712.8500 TO: 610646800.0000/171483845.0000 | HIGH: 101000.0000 fromHigh=-0.10% | entryNo=1
2026-06-02 13:27:45 INFO  BUY_FILLED 017670 phase=HOLDING
2026-06-02 13:27:45 INFO  SELL_EXECUTED [KRX] 017670 mode=BREAKOUT phase=EXITING exitType=VWAP_BREAK price=100500.0000 qty=99 reason=VWAP_BREAK pnl=-0.40% peakPnl=1.49% holdMs=7380000 high=102400.0000 avgPrice=100900.0000 weightedPnl=-0.40% (pending fill)
2026-06-02 13:27:45 INFO  SELL_FILLED_PNL 017670 reason=VWAP_BREAK filledQty=99/99 fillRatio=1.00 weightedPnl=-0.40% dailyPnl=-0.40%
2026-06-02 13:27:45 INFO  SELL_FILLED 017670 reason=VWAP_BREAK remainingQty=0 phase=NONE exitType=VWAP_BREAK
2026-06-02 13:27:45 INFO  BUY [KRX] 017670 mode=BREAKOUT price=102000.0000 qty=98 size=1.0000x score=85[A](CONV) | WHY: strongBreakout volBreakout retestOK multiUp vol(4.66x) | VWAP: 0.44%(ABOVE slope=UP) allowedGap=2.20% | TREND: score=3 vel=0.59%/0.49%/0.49% accel=true | VOL: 15604.0000/3348.8500 TO: 1593168400.0000/340628230.0000 | HIGH: 102200.0000 fromHigh=-0.10% | entryNo=1
2026-06-02 13:27:45 INFO  BUY_FILLED 017670 phase=HOLDING
2026-06-02 13:27:45 INFO  SELL [EOD_FORCE_SELL] 017670 pnl=0.69% time=15:30
2026-06-02 13:27:45 INFO  SELL_EXECUTED [KRX] 017670 mode=BREAKOUT phase=EXITING exitType=TIMESTOP price=102800.0000 qty=98 reason=EOD_FORCE_SELL pnl=0.69% peakPnl=0.69% holdMs=4440000 high=102800.0000 avgPrice=102100.0000 weightedPnl=0.69% (pending fill)
2026-06-02 13:27:45 INFO  SELL_FILLED_PNL 017670 reason=EOD_FORCE_SELL filledQty=98/98 fillRatio=1.00 weightedPnl=0.69% dailyPnl=0.69%
2026-06-02 13:27:45 INFO  SELL_FILLED 017670 reason=EOD_FORCE_SELL remainingQty=0 phase=NONE exitType=TIMESTOP
2026-06-02 13:27:45 INFO  BUY amount set for 043260: 10000000.00
2026-06-02 13:27:45 INFO  BUY [KRX] 043260 mode=BREAKOUT price=45050.0000 qty=221 size=1.0000x score=85[A](CONV) | WHY: strongBreakout volBreakout retestOK multiUp vol(2.41x) | VWAP: 1.19%(ABOVE slope=UP) allowedGap=2.20% | TREND: score=3 vel=0.56%/0.50%/0.45% accel=true | VOL: 4268.0000/1773.9500 TO: 192273400.0000/79393697.5000 | HIGH: 45050.0000 fromHigh=0.00% | entryNo=1
2026-06-02 13:27:45 INFO  BUY_FILLED 043260 phase=HOLDING
2026-06-02 13:27:45 INFO  SELL_EXECUTED [KRX] 043260 mode=BREAKOUT phase=EXITING exitType=PROFIT price=46400.0000 qty=221 reason=TAKE_PROFIT_BREAKOUT pnl=3.00% peakPnl=3.00% holdMs=900000 high=46400.0000 avgPrice=45050.0000 weightedPnl=2.98% (pending fill)
2026-06-02 13:27:45 INFO  SELL_FILLED_PNL 043260 reason=TAKE_PROFIT_BREAKOUT filledQty=221/221 fillRatio=1.00 weightedPnl=2.98% dailyPnl=2.98%
2026-06-02 13:27:45 INFO  SELL_FILLED 043260 reason=TAKE_PROFIT_BREAKOUT remainingQty=0 phase=NONE exitType=PROFIT
2026-06-02 13:27:45 INFO  BUY [KRX] 043260 mode=BREAKOUT price=50000.0000 qty=200 size=1.0000x score=90[S](CONV) | WHY: strongBreakout volBreakout retestOK multiUp vol(4.68x) | VWAP: 1.16%(ABOVE slope=UP) allowedGap=2.20% | TREND: score=3 vel=0.70%/0.60%/0.60% accel=true | VOL: 8233.0000/1757.6500 TO: 411650000.0000/87631335.0000 | HIGH: 50000.0000 fromHigh=0.00% | entryNo=1
2026-06-02 13:27:45 INFO  BUY_FILLED 043260 phase=HOLDING
2026-06-02 13:27:45 INFO  SELL [EOD_FORCE_SELL] 043260 pnl=-0.30% time=15:30
2026-06-02 13:27:45 INFO  SELL_EXECUTED [KRX] 043260 mode=BREAKOUT phase=EXITING exitType=TIMESTOP price=49850.0000 qty=200 reason=EOD_FORCE_SELL pnl=-0.30% peakPnl=0.40% holdMs=1740000 high=50200.0000 avgPrice=50000.0000 weightedPnl=-0.30% (pending fill)
2026-06-02 13:27:45 INFO  SELL_FILLED_PNL 043260 reason=EOD_FORCE_SELL filledQty=200/200 fillRatio=1.00 weightedPnl=-0.30% dailyPnl=-0.30%
2026-06-02 13:27:45 INFO  SELL_FILLED 043260 reason=EOD_FORCE_SELL remainingQty=0 phase=NONE exitType=TIMESTOP
2026-06-02 13:27:45 INFO  BUY [KRX] 043260 mode=BREAKOUT price=44100.0000 qty=226 size=1.0000x score=85[A](CONV) | WHY: strongBreakout volBreakout retestOK multiUp vol(5.96x) | VWAP: 1.02%(ABOVE slope=UP) allowedGap=2.20% | TREND: score=3 vel=1.03%/0.92%/0.80% accel=true | VOL: 12855.0000/2158.3500 TO: 566905500.0000/94608227.5000 | HIGH: 44100.0000 fromHigh=0.00% | entryNo=1
2026-06-02 13:27:45 INFO  BUY_FILLED 043260 phase=HOLDING
2026-06-02 13:27:45 INFO  SELL [EOD_FORCE_SELL] 043260 pnl=-0.68% time=15:30
2026-06-02 13:27:45 INFO  SELL_EXECUTED [KRX] 043260 mode=BREAKOUT phase=EXITING exitType=TIMESTOP price=43800.0000 qty=226 reason=EOD_FORCE_SELL pnl=-0.68% peakPnl=1.13% holdMs=4020000 high=44600.0000 avgPrice=44100.0000 weightedPnl=-0.68% (pending fill)
2026-06-02 13:27:45 INFO  SELL_FILLED_PNL 043260 reason=EOD_FORCE_SELL filledQty=226/226 fillRatio=1.00 weightedPnl=-0.68% dailyPnl=-0.68%
2026-06-02 13:27:45 INFO  SELL_FILLED 043260 reason=EOD_FORCE_SELL remainingQty=0 phase=NONE exitType=TIMESTOP
2026-06-02 13:27:45 INFO  BUY [KRX] 043260 mode=BREAKOUT price=43150.0000 qty=231 size=1.0000x score=90[S](CONV) | WHY: strongBreakout volBreakout retestOK multiUp vol(6.22x) | VWAP: 1.08%(ABOVE slope=UP) allowedGap=2.20% | TREND: score=3 vel=0.82%/0.70%/0.58% accel=true | VOL: 16591.0000/2667.5500 TO: 715901650.0000/114497382.5000 | HIGH: 43150.0000 fromHigh=0.00% | entryNo=1
2026-06-02 13:27:45 INFO  BUY_FILLED 043260 phase=HOLDING
2026-06-02 13:27:45 INFO  SELL [EOD_FORCE_SELL] 043260 pnl=0.70% time=15:30
2026-06-02 13:27:45 INFO  SELL_EXECUTED [KRX] 043260 mode=BREAKOUT phase=EXITING exitType=TIMESTOP price=43450.0000 qty=231 reason=EOD_FORCE_SELL pnl=0.70% peakPnl=1.51% holdMs=5040000 high=43800.0000 avgPrice=43150.0000 weightedPnl=0.69% (pending fill)
2026-06-02 13:27:45 INFO  SELL_FILLED_PNL 043260 reason=EOD_FORCE_SELL filledQty=231/231 fillRatio=1.00 weightedPnl=0.69% dailyPnl=0.69%
2026-06-02 13:27:45 INFO  SELL_FILLED 043260 reason=EOD_FORCE_SELL remainingQty=0 phase=NONE exitType=TIMESTOP
2026-06-02 13:27:45 INFO  BUY [KRX] 043260 mode=BREAKOUT price=43150.0000 qty=231 size=1.0000x score=90[S](CONV) | WHY: strongBreakout volBreakout retestOK multiUp vol(6.22x) | VWAP: 1.08%(ABOVE slope=UP) allowedGap=2.20% | TREND: score=3 vel=0.82%/0.70%/0.58% accel=true | VOL: 16591.0000/2667.5500 TO: 715901650.0000/114497382.5000 | HIGH: 43150.0000 fromHigh=0.00% | entryNo=1
2026-06-02 13:27:45 INFO  BUY_FILLED 043260 phase=HOLDING
2026-06-02 13:27:45 INFO  SELL [EOD_FORCE_SELL] 043260 pnl=0.70% time=15:30
2026-06-02 13:27:45 INFO  SELL_EXECUTED [KRX] 043260 mode=BREAKOUT phase=EXITING exitType=TIMESTOP price=43450.0000 qty=231 reason=EOD_FORCE_SELL pnl=0.70% peakPnl=1.51% holdMs=5040000 high=43800.0000 avgPrice=43150.0000 weightedPnl=0.69% (pending fill)
2026-06-02 13:27:45 INFO  SELL_FILLED_PNL 043260 reason=EOD_FORCE_SELL filledQty=231/231 fillRatio=1.00 weightedPnl=0.69% dailyPnl=0.69%
2026-06-02 13:27:45 INFO  SELL_FILLED 043260 reason=EOD_FORCE_SELL remainingQty=0 phase=NONE exitType=TIMESTOP
2026-06-02 13:27:45 INFO  BUY amount set for 267260: 10000000.00
2026-06-02 13:27:46 INFO  BUY [KRX] 267260 mode=BREAKOUT price=1067000.0000 qty=9 size=1.0000x score=80[B] | WHY: strongBreakout volBreakout retestOK multiUp vol(3.59x) | VWAP: 1.00%(ABOVE slope=UP) allowedGap=2.20% | TREND: score=3 vel=0.28%/0.19%/0.19% accel=true | VOL: 2576.0000/717.0500 TO: 2748592000.0000/762967050.0000 | HIGH: 1068000.0000 fromHigh=-0.09% | entryNo=1
2026-06-02 13:27:46 INFO  BUY_FILLED 267260 phase=HOLDING
2026-06-02 13:27:46 INFO  SELL [EOD_FORCE_SELL] 267260 pnl=-0.56% time=15:30
2026-06-02 13:27:46 INFO  SELL_EXECUTED [KRX] 267260 mode=BREAKOUT phase=EXITING exitType=TIMESTOP price=1061000.0000 qty=9 reason=EOD_FORCE_SELL pnl=-0.56% peakPnl=0.09% holdMs=5460000 high=1068000.0000 avgPrice=1067000.0000 weightedPnl=-0.54% (pending fill)
2026-06-02 13:27:46 INFO  SELL_FILLED_PNL 267260 reason=EOD_FORCE_SELL filledQty=9/9 fillRatio=1.00 weightedPnl=-0.54% dailyPnl=-0.54%
2026-06-02 13:27:46 INFO  SELL_FILLED 267260 reason=EOD_FORCE_SELL remainingQty=0 phase=NONE exitType=TIMESTOP
2026-06-02 13:27:46 INFO  BUY [KRX] 267260 mode=BREAKOUT price=1060000.0000 qty=9 size=1.0000x score=85[A](CONV) | WHY: strongBreakout volBreakout retestOK multiUp vol(4.00x) | VWAP: 1.05%(ABOVE slope=UP) allowedGap=2.20% | TREND: score=3 vel=0.24%/0.19%/0.28% accel=true | VOL: 673.0000/168.3000 TO: 713380000.0000/177955625.0000 | HIGH: 1060000.0000 fromHigh=0.00% | entryNo=1
2026-06-02 13:27:46 INFO  BUY_FILLED 267260 phase=HOLDING
2026-06-02 13:27:46 INFO  SELL_EXECUTED [KRX] 267260 mode=BREAKOUT phase=EXITING exitType=PROFIT price=1090000.0000 qty=9 reason=TAKE_PROFIT_BREAKOUT pnl=2.83% peakPnl=2.83% holdMs=9480000 high=1090000.0000 avgPrice=1060000.0000 weightedPnl=2.70% (pending fill)
2026-06-02 13:27:46 INFO  SELL_FILLED_PNL 267260 reason=TAKE_PROFIT_BREAKOUT filledQty=9/9 fillRatio=1.00 weightedPnl=2.70% dailyPnl=2.70%
2026-06-02 13:27:46 INFO  SELL_FILLED 267260 reason=TAKE_PROFIT_BREAKOUT remainingQty=0 phase=NONE exitType=PROFIT
2026-06-02 13:27:46 INFO  BUY amount set for 439960: 10000000.00
2026-06-02 17:33:49 INFO  BUY amount set for 241520: 600000.00
2026-06-02 17:33:50 INFO  BUY [KRX] 241520 mode=BREAKOUT price=16150.0000 qty=37 size=1.0000x score=90[S](CONV) | WHY: strongBreakout volBreakout retestOK multiUp vol(7.38x) | VWAP: 1.12%(ABOVE slope=UP) allowedGap=2.20% | TREND: score=3 vel=0.75%/0.69%/0.81% accel=true | VOL: 20421.0000/2767.1500 TO: 329390730.0000/44443708.7500 | HIGH: 16140.0000 fromHigh=-0.06% | entryNo=1
2026-06-02 17:33:50 INFO  BUY_FILLED 241520 phase=HOLDING
2026-06-02 17:33:50 INFO  SELL [EOD_FORCE_SELL] 241520 pnl=-0.56% time=15:30
2026-06-02 17:33:50 INFO  SELL_EXECUTED [KRX] 241520 mode=BREAKOUT phase=EXITING exitType=TIMESTOP price=16040.0000 qty=37 reason=EOD_FORCE_SELL pnl=-0.56% peakPnl=0.00% holdMs=4920000 high=16130.0000 avgPrice=16130.0000 weightedPnl=-0.55% (pending fill)
2026-06-02 17:33:50 INFO  SELL_FILLED_PNL 241520 reason=EOD_FORCE_SELL filledQty=37/37 fillRatio=1.00 weightedPnl=-0.55% dailyPnl=-0.55%
2026-06-02 17:33:50 INFO  SELL_FILLED 241520 reason=EOD_FORCE_SELL remainingQty=0 phase=NONE exitType=TIMESTOP
2026-06-02 17:33:50 INFO  BUY amount set for 267260: 600000.00
2026-06-02 17:33:50 WARN  BUY_SKIP [KRX] 267260 reason=AMOUNT_TOO_SMALL amount=600000.0000 size=1.0000x price=965000.0000
2026-06-02 17:33:50 WARN  BUY_SKIP [KRX] 267260 reason=AMOUNT_TOO_SMALL amount=600000.0000 size=1.0000x price=964000.0000
2026-06-02 17:33:51 WARN  BUY_SKIP [KRX] 267260 reason=AMOUNT_TOO_SMALL amount=600000.0000 size=1.0000x price=1067000.0000
2026-06-02 17:33:51 WARN  BUY_SKIP [KRX] 267260 reason=AMOUNT_TOO_SMALL amount=600000.0000 size=1.0000x price=1064000.0000
2026-06-02 17:33:51 WARN  BUY_SKIP [KRX] 267260 reason=AMOUNT_TOO_SMALL amount=600000.0000 size=1.0000x price=1087000.0000
2026-06-02 17:33:51 WARN  BUY_SKIP [KRX] 267260 reason=AMOUNT_TOO_SMALL amount=600000.0000 size=1.0000x price=1060000.0000
2026-06-02 17:33:51 WARN  BUY_SKIP [KRX] 267260 reason=AMOUNT_TOO_SMALL amount=600000.0000 size=1.0000x price=1060000.0000
2026-06-02 17:33:51 WARN  BUY_SKIP [KRX] 267260 reason=AMOUNT_TOO_SMALL amount=600000.0000 size=1.0000x price=1066000.0000
2026-06-02 17:33:51 WARN  BUY_SKIP [KRX] 267260 reason=AMOUNT_TOO_SMALL amount=600000.0000 size=1.0000x price=1069000.0000
2026-06-02 17:33:51 WARN  BUY_SKIP [KRX] 267260 reason=AMOUNT_TOO_SMALL amount=600000.0000 size=1.0000x price=1121000.0000
2026-06-02 17:33:51 INFO  BUY amount set for 196170: 600000.00
2026-06-02 17:33:52 INFO  BUY [KRX] 196170 mode=BREAKOUT price=368500.0000 qty=1 size=1.0000x score=80[B] | WHY: strongBreakout volBreakout retestOK multiUp vol(4.98x) | VWAP: 1.08%(ABOVE slope=UP) allowedGap=2.20% | TREND: score=3 vel=0.34%/0.20%/0.34% accel=true | VOL: 2708.0000/543.8500 TO: 997221000.0000/199767200.0000 | HIGH: 368500.0000 fromHigh=-0.07% | entryNo=1
2026-06-02 17:33:52 INFO  BUY_FILLED 196170 phase=HOLDING
2026-06-02 17:33:52 INFO  SELL_EXECUTED [KRX] 196170 mode=BREAKOUT phase=EXITING exitType=VWAP_BREAK price=366750.0000 qty=1 reason=VWAP_BREAK pnl=-0.41% peakPnl=0.07% holdMs=5040000 high=368500.0000 avgPrice=368250.0000 weightedPnl=-0.25% (pending fill)
2026-06-02 17:33:52 INFO  SELL_FILLED_PNL 196170 reason=VWAP_BREAK filledQty=1/1 fillRatio=1.00 weightedPnl=-0.25% dailyPnl=-0.25%
2026-06-02 17:33:52 INFO  SELL_FILLED 196170 reason=VWAP_BREAK remainingQty=0 phase=NONE exitType=VWAP_BREAK
2026-06-02 17:33:52 INFO  BUY [KRX] 196170 mode=BREAKOUT price=362500.0000 qty=1 size=1.0000x score=83[B] | WHY: strongBreakout volBreakout retestOK multiUp vol(3.67x) | VWAP: 0.86%(ABOVE slope=UP) allowedGap=2.20% | TREND: score=3 vel=0.55%/0.42%/0.97% accel=true | VOL: 2473.0000/672.9500 TO: 896462500.0000/242634375.0000 | HIGH: 363500.0000 fromHigh=-0.28% | entryNo=1
2026-06-02 17:33:52 INFO  BUY_FILLED 196170 phase=HOLDING
2026-06-02 17:33:52 INFO  SELL_EXECUTED [KRX] 196170 mode=BREAKOUT phase=EXITING exitType=PROFIT price=373000.0000 qty=1 reason=TAKE_PROFIT_BREAKOUT pnl=2.90% peakPnl=2.90% holdMs=11280000 high=373000.0000 avgPrice=362500.0000 weightedPnl=1.75% (pending fill)
2026-06-02 17:33:52 INFO  SELL_FILLED_PNL 196170 reason=TAKE_PROFIT_BREAKOUT filledQty=1/1 fillRatio=1.00 weightedPnl=1.75% dailyPnl=1.75%
2026-06-02 17:33:52 INFO  SELL_FILLED 196170 reason=TAKE_PROFIT_BREAKOUT remainingQty=0 phase=NONE exitType=PROFIT
2026-06-02 17:33:52 INFO  BUY [KRX] 196170 mode=BREAKOUT price=382000.0000 qty=1 size=1.0000x score=90[S](CONV) | WHY: strongBreakout volBreakout retestOK multiUp vol(3.53x) | VWAP: 0.76%(ABOVE slope=UP) allowedGap=2.20% | TREND: score=3 vel=0.59%/0.53%/0.92% accel=true | VOL: 8977.0000/2543.6500 TO: 3429214000.0000/966020212.5000 | HIGH: 382000.0000 fromHigh=0.00% | entryNo=1
2026-06-02 17:33:52 INFO  BUY_FILLED 196170 phase=HOLDING
2026-06-02 17:33:52 INFO  SELL_EXECUTED [KRX] 196170 mode=BREAKOUT phase=EXITING exitType=VWAP_BREAK price=380500.0000 qty=1 reason=VWAP_BREAK pnl=-0.39% peakPnl=1.05% holdMs=12660000 high=386000.0000 avgPrice=382000.0000 weightedPnl=-0.25% (pending fill)
2026-06-02 17:33:52 INFO  SELL_FILLED_PNL 196170 reason=VWAP_BREAK filledQty=1/1 fillRatio=1.00 weightedPnl=-0.25% dailyPnl=-0.25%
2026-06-02 17:33:52 INFO  SELL_FILLED 196170 reason=VWAP_BREAK remainingQty=0 phase=NONE exitType=VWAP_BREAK
2026-06-02 17:33:52 INFO  BUY [KRX] 196170 mode=BREAKOUT price=383500.0000 qty=1 size=1.0000x score=80[B] | WHY: strongBreakout volBreakout retestOK multiUp vol(4.29x) | VWAP: 1.23%(ABOVE slope=UP) allowedGap=2.20% | TREND: score=3 vel=1.05%/0.99%/0.92% accel=true | VOL: 11523.0000/2683.8000 TO: 4419070500.0000/1018244875.0000 | HIGH: 384000.0000 fromHigh=-0.13% | entryNo=1
2026-06-02 17:33:52 INFO  BUY_FILLED 196170 phase=HOLDING
2026-06-02 17:33:52 INFO  SELL_EXECUTED [KRX] 196170 mode=BREAKOUT phase=EXITING exitType=VWAP_BREAK price=378000.0000 qty=1 reason=VWAP_BREAK pnl=-1.43% peakPnl=0.39% holdMs=360000 high=385000.0000 avgPrice=383500.0000 weightedPnl=-0.92% (pending fill)
2026-06-02 17:33:52 INFO  SELL_FILLED_PNL 196170 reason=VWAP_BREAK filledQty=1/1 fillRatio=1.00 weightedPnl=-0.92% dailyPnl=-0.92%
2026-06-02 17:33:52 INFO  SELL_FILLED 196170 reason=VWAP_BREAK remainingQty=0 phase=NONE exitType=VWAP_BREAK
2026-06-02 17:33:52 INFO  BUY amount set for 247540: 600000.00
2026-06-02 17:33:52 INFO  BUY [KRX] 247540 mode=BREAKOUT price=202500.0000 qty=2 size=1.0000x score=90[S](CONV) | WHY: strongBreakout volBreakout retestOK multiUp vol(4.49x) | VWAP: 0.91%(ABOVE slope=UP) allowedGap=2.20% | TREND: score=3 vel=0.50%/0.25%/0.50% accel=true | VOL: 3801.0000/847.4500 TO: 769702500.0000/171004825.0000 | HIGH: 202500.0000 fromHigh=0.00% | entryNo=1
2026-06-02 17:33:52 INFO  BUY_FILLED 247540 phase=HOLDING
2026-06-02 17:33:52 INFO  SELL [EOD_FORCE_SELL] 247540 pnl=0.25% time=15:30
2026-06-02 17:33:52 INFO  SELL_EXECUTED [KRX] 247540 mode=BREAKOUT phase=EXITING exitType=TIMESTOP price=203000.0000 qty=2 reason=EOD_FORCE_SELL pnl=0.25% peakPnl=0.49% holdMs=4080000 high=203500.0000 avgPrice=202500.0000 weightedPnl=0.17% (pending fill)
2026-06-02 17:33:52 INFO  SELL_FILLED_PNL 247540 reason=EOD_FORCE_SELL filledQty=2/2 fillRatio=1.00 weightedPnl=0.17% dailyPnl=0.17%
2026-06-02 17:33:52 INFO  SELL_FILLED 247540 reason=EOD_FORCE_SELL remainingQty=0 phase=NONE exitType=TIMESTOP
2026-06-02 17:33:52 INFO  BUY [KRX] 247540 mode=BREAKOUT price=203000.0000 qty=2 size=0.8000x score=91[S](CONV) | WHY: strongBreakout volBreakout retestOK multiUp vol(1.98x) | VWAP: 1.07%(ABOVE slope=UP) allowedGap=2.20% | TREND: score=3 vel=0.50%/0.25%/1.37% accel=true | VOL: 6998.0000/3525.5333 TO: 1420594000.0000/708087450.0000 | HIGH: 203500.0000 fromHigh=-0.25% | entryNo=1
2026-06-02 17:33:52 INFO  BUY_FILLED 247540 phase=HOLDING
2026-06-02 17:33:52 INFO  SELL_EXECUTED [KRX] 247540 mode=BREAKOUT phase=EXITING exitType=VWAP_BREAK price=202000.0000 qty=2 reason=VWAP_BREAK pnl=-0.49% peakPnl=1.48% holdMs=3720000 high=206000.0000 avgPrice=203000.0000 weightedPnl=-0.33% (pending fill)
2026-06-02 17:33:52 INFO  SELL_FILLED_PNL 247540 reason=VWAP_BREAK filledQty=2/2 fillRatio=1.00 weightedPnl=-0.33% dailyPnl=-0.33%
2026-06-02 17:33:52 INFO  SELL_FILLED 247540 reason=VWAP_BREAK remainingQty=0 phase=NONE exitType=VWAP_BREAK
2026-06-02 17:33:52 INFO  BUY [KRX] 247540 mode=BREAKOUT price=202500.0000 qty=2 size=1.0000x score=100[SS](CONV) | WHY: strongBreakout volBreakout retestOK multiUp vol(7.42x) | VWAP: 0.96%(ABOVE slope=UP) allowedGap=2.20% | TREND: score=3 vel=0.50%/0.37%/0.50% accel=true | VOL: 6774.0000/913.3000 TO: 1371735000.0000/184468025.0000 | HIGH: 203000.0000 fromHigh=-0.25% | entryNo=1
2026-06-02 17:33:52 INFO  BUY_FILLED 247540 phase=HOLDING
2026-06-02 17:33:52 INFO  SELL [EOD_FORCE_SELL] 247540 pnl=-0.25% time=15:30
2026-06-02 17:33:52 INFO  SELL_EXECUTED [KRX] 247540 mode=BREAKOUT phase=EXITING exitType=TIMESTOP price=202000.0000 qty=2 reason=EOD_FORCE_SELL pnl=-0.25% peakPnl=0.74% holdMs=4980000 high=204000.0000 avgPrice=202500.0000 weightedPnl=-0.17% (pending fill)
2026-06-02 17:33:52 INFO  SELL_FILLED_PNL 247540 reason=EOD_FORCE_SELL filledQty=2/2 fillRatio=1.00 weightedPnl=-0.17% dailyPnl=-0.17%
2026-06-02 17:33:52 INFO  SELL_FILLED 247540 reason=EOD_FORCE_SELL remainingQty=0 phase=NONE exitType=TIMESTOP
2026-06-02 17:33:52 INFO  BUY [KRX] 247540 mode=BREAKOUT price=200000.0000 qty=2 size=0.8000x score=85[A](CONV) | WHY: strongBreakout volBreakout retestOK multiUp vol(2.24x) | VWAP: 1.05%(ABOVE slope=UP) allowedGap=2.20% | TREND: score=3 vel=0.60%/0.55%/0.55% accel=true | VOL: 11030.0000/4917.2500 TO: 2204897000.0000/974579247.5000 | HIGH: 200000.0000 fromHigh=-0.05% | entryNo=1
2026-06-02 17:33:52 INFO  BUY_FILLED 247540 phase=HOLDING
2026-06-02 17:33:52 INFO  SELL_EXECUTED [KRX] 247540 mode=BREAKOUT phase=EXITING exitType=VWAP_BREAK price=197500.0000 qty=2 reason=VWAP_BREAK pnl=-1.20% peakPnl=-0.20% holdMs=360000 high=199500.0000 avgPrice=199900.0000 weightedPnl=-0.80% (pending fill)
2026-06-02 17:33:52 INFO  SELL_FILLED_PNL 247540 reason=VWAP_BREAK filledQty=2/2 fillRatio=1.00 weightedPnl=-0.80% dailyPnl=-0.80%
2026-06-02 17:33:52 INFO  SELL_FILLED 247540 reason=VWAP_BREAK remainingQty=0 phase=NONE exitType=VWAP_BREAK
2026-06-02 17:33:52 INFO  BUY [KRX] 247540 mode=BREAKOUT price=208000.0000 qty=2 size=1.0000x score=95[SS](CONV) | WHY: strongBreakout volBreakout retestOK multiUp vol(2.92x) | VWAP: 0.90%(ABOVE slope=UP) allowedGap=2.20% | TREND: score=3 vel=0.60%/0.48%/0.97% accel=true | VOL: 8327.0000/2855.8500 TO: 1732016000.0000/588539025.0000 | HIGH: 208500.0000 fromHigh=-0.24% | entryNo=1
2026-06-02 17:33:52 INFO  BUY_FILLED 247540 phase=HOLDING
2026-06-02 17:33:52 INFO  SELL [BREAKEVEN_GUARD] 247540 pnl=-0.48% peakPnl=1.68% holdMs=7980000
2026-06-02 17:33:52 INFO  SELL_EXECUTED [KRX] 247540 mode=BREAKOUT phase=EXITING exitType=TRAIL price=207000.0000 qty=2 reason=BREAKEVEN_GUARD pnl=-0.48% peakPnl=1.68% holdMs=7980000 high=211500.0000 avgPrice=208000.0000 weightedPnl=-0.33% (pending fill)
2026-06-02 17:33:52 INFO  SELL_FILLED_PNL 247540 reason=BREAKEVEN_GUARD filledQty=2/2 fillRatio=1.00 weightedPnl=-0.33% dailyPnl=-0.33%
2026-06-02 17:33:52 INFO  SELL_FILLED 247540 reason=BREAKEVEN_GUARD remainingQty=0 phase=NONE exitType=TRAIL
2026-06-02 17:33:52 INFO  BUY [KRX] 247540 mode=BREAKOUT price=208000.0000 qty=2 size=1.0000x score=90[S](CONV) | WHY: strongBreakout volBreakout retestOK multiUp vol(4.38x) | VWAP: 0.98%(ABOVE slope=UP) allowedGap=2.20% | TREND: score=3 vel=0.48%/0.24%/0.48% accel=true | VOL: 5145.0000/1174.8000 TO: 1070160000.0000/243188087.5000 | HIGH: 208000.0000 fromHigh=0.00% | entryNo=1
2026-06-02 17:33:52 INFO  BUY_FILLED 247540 phase=HOLDING
2026-06-02 17:33:52 INFO  SELL [EOD_FORCE_SELL] 247540 pnl=0.00% time=15:30
2026-06-02 17:33:52 INFO  SELL_EXECUTED [KRX] 247540 mode=BREAKOUT phase=EXITING exitType=TIMESTOP price=208000.0000 qty=2 reason=EOD_FORCE_SELL pnl=0.00% peakPnl=0.00% holdMs=3240000 high=208000.0000 avgPrice=208000.0000 weightedPnl=0.00% (pending fill)
2026-06-02 17:33:52 INFO  SELL_FILLED 247540 reason=EOD_FORCE_SELL remainingQty=0 phase=NONE exitType=TIMESTOP
2026-06-02 17:33:52 INFO  BUY [KRX] 247540 mode=BREAKOUT price=209500.0000 qty=2 size=1.0000x score=90[S](CONV) | WHY: strongBreakout volBreakout retestOK multiUp vol(3.59x) | VWAP: 0.94%(ABOVE slope=UP) allowedGap=2.20% | TREND: score=3 vel=0.48%/0.24%/0.48% accel=true | VOL: 2588.0000/721.0000 TO: 542186000.0000/150560525.0000 | HIGH: 209500.0000 fromHigh=0.00% | entryNo=1
2026-06-02 17:33:52 INFO  BUY_FILLED 247540 phase=HOLDING
2026-06-02 17:33:52 INFO  SELL_EXECUTED [KRX] 247540 mode=BREAKOUT phase=EXITING exitType=VWAP_BREAK price=207500.0000 qty=2 reason=VWAP_BREAK pnl=-0.95% peakPnl=0.24% holdMs=3420000 high=210000.0000 avgPrice=209500.0000 weightedPnl=-0.67% (pending fill)
2026-06-02 17:33:52 INFO  SELL_FILLED_PNL 247540 reason=VWAP_BREAK filledQty=2/2 fillRatio=1.00 weightedPnl=-0.67% dailyPnl=-0.67%
2026-06-02 17:33:52 INFO  SELL_FILLED 247540 reason=VWAP_BREAK remainingQty=0 phase=NONE exitType=VWAP_BREAK
2026-06-02 17:33:52 INFO  BUY [KRX] 247540 mode=BREAKOUT price=213000.0000 qty=2 size=1.0000x score=90[S](CONV) | WHY: strongBreakout volBreakout retestOK multiUp vol(9.95x) | VWAP: 0.83%(ABOVE slope=UP) allowedGap=2.20% | TREND: score=3 vel=0.47%/0.24%/0.24% accel=true | VOL: 3511.0000/352.8000 TO: 747843000.0000/75018762.5000 | HIGH: 213000.0000 fromHigh=0.00% | entryNo=1
2026-06-02 17:33:52 INFO  BUY_FILLED 247540 phase=HOLDING
2026-06-02 17:33:52 INFO  SELL_EXECUTED [KRX] 247540 mode=BREAKOUT phase=EXITING exitType=VWAP_BREAK price=211500.0000 qty=2 reason=VWAP_BREAK pnl=-0.70% peakPnl=0.47% holdMs=2280000 high=214000.0000 avgPrice=213000.0000 weightedPnl=-0.50% (pending fill)
2026-06-02 17:33:52 INFO  SELL_FILLED_PNL 247540 reason=VWAP_BREAK filledQty=2/2 fillRatio=1.00 weightedPnl=-0.50% dailyPnl=-0.50%
2026-06-02 17:33:52 INFO  SELL_FILLED 247540 reason=VWAP_BREAK remainingQty=0 phase=NONE exitType=VWAP_BREAK
2026-06-02 17:33:52 INFO  BUY [KRX] 247540 mode=BREAKOUT price=190500.0000 qty=3 size=1.0000x score=85[A](CONV) | WHY: strongBreakout volBreakout retestOK multiUp vol(2.63x) | VWAP: 1.54%(ABOVE slope=UP) allowedGap=2.20% | TREND: score=3 vel=1.55%/1.49%/1.65% accel=true | VOL: 5878.0000/2233.7500 TO: 1119759000.0000/417711932.5000 | HIGH: 190950.0000 fromHigh=-0.24% | entryNo=1
2026-06-02 17:33:52 INFO  BUY_FILLED 247540 phase=HOLDING
2026-06-02 17:33:52 INFO  SELL_EXECUTED [KRX] 247540 mode=BREAKOUT phase=EXITING exitType=VWAP_BREAK price=187000.0000 qty=3 reason=VWAP_BREAK pnl=-1.84% peakPnl=0.58% holdMs=840000 high=191600.0000 avgPrice=190500.0000 weightedPnl=-1.75% (pending fill)
2026-06-02 17:33:52 INFO  SELL_FILLED_PNL 247540 reason=VWAP_BREAK filledQty=3/3 fillRatio=1.00 weightedPnl=-1.75% dailyPnl=-1.75%
2026-06-02 17:33:52 INFO  SELL_FILLED 247540 reason=VWAP_BREAK remainingQty=0 phase=NONE exitType=VWAP_BREAK
2026-06-02 17:33:53 INFO  BUY [KRX] 247540 mode=BREAKOUT price=232000.0000 qty=2 size=1.0000x score=90[S](CONV) | WHY: strongBreakout volBreakout retestOK multiUp vol(2.72x) | VWAP: 1.02%(ABOVE slope=UP) allowedGap=2.20% | TREND: score=3 vel=0.65%/0.43%/0.65% accel=true | VOL: 15327.0000/5641.2000 TO: 3555864000.0000/1305371125.0000 | HIGH: 232500.0000 fromHigh=-0.22% | entryNo=1
2026-06-02 17:33:53 INFO  BUY_FILLED 247540 phase=HOLDING
2026-06-02 17:33:53 INFO  SELL_EXECUTED [KRX] 247540 mode=BREAKOUT phase=EXITING exitType=VWAP_BREAK price=229000.0000 qty=2 reason=VWAP_BREAK pnl=-1.29% peakPnl=0.22% holdMs=420000 high=232500.0000 avgPrice=232000.0000 weightedPnl=-1.00% (pending fill)
2026-06-02 17:33:53 INFO  SELL_FILLED_PNL 247540 reason=VWAP_BREAK filledQty=2/2 fillRatio=1.00 weightedPnl=-1.00% dailyPnl=-1.00%
2026-06-02 17:33:53 INFO  SELL_FILLED 247540 reason=VWAP_BREAK remainingQty=0 phase=NONE exitType=VWAP_BREAK
2026-06-02 17:33:53 INFO  BUY amount set for 095340: 600000.00
2026-06-02 17:33:53 INFO  BUY [KRX] 095340 mode=BREAKOUT price=178500.0000 qty=3 size=1.0000x score=80[B] | WHY: strongBreakout volBreakout retestOK multiUp vol(5.67x) | VWAP: 1.73%(ABOVE slope=UP) allowedGap=2.20% | TREND: score=3 vel=0.85%/0.79%/1.02% accel=true | VOL: 2735.0000/482.1500 TO: 488744500.0000/85725740.0000 | HIGH: 178800.0000 fromHigh=-0.06% | entryNo=1
2026-06-02 17:33:53 INFO  BUY_FILLED 095340 phase=HOLDING
2026-06-02 17:33:53 INFO  SELL_EXECUTED [KRX] 095340 mode=BREAKOUT phase=EXITING exitType=VWAP_BREAK price=175600.0000 qty=3 reason=VWAP_BREAK pnl=-1.73% peakPnl=-0.17% holdMs=2280000 high=178400.0000 avgPrice=178700.0000 weightedPnl=-1.55% (pending fill)
2026-06-02 17:33:53 INFO  SELL_FILLED_PNL 095340 reason=VWAP_BREAK filledQty=3/3 fillRatio=1.00 weightedPnl=-1.55% dailyPnl=-1.55%
2026-06-02 17:33:53 INFO  SELL_FILLED 095340 reason=VWAP_BREAK remainingQty=0 phase=NONE exitType=VWAP_BREAK
2026-06-02 17:33:53 INFO  BUY [KRX] 095340 mode=BREAKOUT price=184000.0000 qty=3 size=1.0000x score=90[S](CONV) | WHY: strongBreakout volBreakout retestOK multiUp vol(5.50x) | VWAP: 0.83%(ABOVE slope=UP) allowedGap=2.20% | TREND: score=3 vel=0.55%/0.22%/0.49% accel=true | VOL: 1963.0000/357.2000 TO: 361584600.0000/65503500.0000 | HIGH: 184200.0000 fromHigh=0.00% | entryNo=1
2026-06-02 17:33:53 INFO  BUY_FILLED 095340 phase=HOLDING
2026-06-02 17:33:53 INFO  SELL [EOD_FORCE_SELL] 095340 pnl=0.65% time=15:30
2026-06-02 17:33:53 INFO  SELL_EXECUTED [KRX] 095340 mode=BREAKOUT phase=EXITING exitType=TIMESTOP price=185400.0000 qty=3 reason=EOD_FORCE_SELL pnl=0.65% peakPnl=1.95% holdMs=8820000 high=187800.0000 avgPrice=184200.0000 weightedPnl=0.60% (pending fill)
2026-06-02 17:33:53 INFO  SELL_FILLED_PNL 095340 reason=EOD_FORCE_SELL filledQty=3/3 fillRatio=1.00 weightedPnl=0.60% dailyPnl=0.60%
2026-06-02 17:33:53 INFO  SELL_FILLED 095340 reason=EOD_FORCE_SELL remainingQty=0 phase=NONE exitType=TIMESTOP
2026-06-02 17:33:53 INFO  BUY [KRX] 095340 mode=BREAKOUT price=220500.0000 qty=2 size=1.0000x score=95[SS](CONV) | WHY: strongBreakout volBreakout retestOK multiUp vol(2.81x) | VWAP: 0.81%(ABOVE slope=UP) allowedGap=2.20% | TREND: score=3 vel=1.61%/1.15%/0.68% accel=true | VOL: 3513.0000/1252.2000 TO: 774616500.0000/272485825.0000 | HIGH: 221000.0000 fromHigh=-0.23% | entryNo=1
2026-06-02 17:33:53 INFO  BUY_FILLED 095340 phase=HOLDING
2026-06-02 17:33:53 INFO  SELL_EXECUTED [KRX] 095340 mode=BREAKOUT phase=EXITING exitType=PROFIT price=227000.0000 qty=2 reason=TAKE_PROFIT_BREAKOUT pnl=2.95% peakPnl=2.95% holdMs=5220000 high=227000.0000 avgPrice=220500.0000 weightedPnl=2.17% (pending fill)
2026-06-02 17:33:53 INFO  SELL_FILLED_PNL 095340 reason=TAKE_PROFIT_BREAKOUT filledQty=2/2 fillRatio=1.00 weightedPnl=2.17% dailyPnl=2.17%
2026-06-02 17:33:53 INFO  SELL_FILLED 095340 reason=TAKE_PROFIT_BREAKOUT remainingQty=0 phase=NONE exitType=PROFIT
2026-06-02 17:33:53 INFO  BUY [KRX] 095340 mode=BREAKOUT price=264000.0000 qty=2 size=1.0000x score=80[B] | WHY: strongBreakout volBreakout retestOK multiUp vol(5.21x) | VWAP: 1.48%(ABOVE slope=UP) allowedGap=2.20% | TREND: score=3 vel=0.76%/0.57%/0.96% accel=true | VOL: 2307.0000/442.6000 TO: 609048000.0000/116102825.0000 | HIGH: 264000.0000 fromHigh=0.00% | entryNo=1
2026-06-02 17:33:53 INFO  BUY_FILLED 095340 phase=HOLDING
2026-06-02 17:33:53 INFO  SELL [EOD_FORCE_SELL] 095340 pnl=0.00% time=15:30
2026-06-02 17:33:53 INFO  SELL_EXECUTED [KRX] 095340 mode=BREAKOUT phase=EXITING exitType=TIMESTOP price=264000.0000 qty=2 reason=EOD_FORCE_SELL pnl=0.00% peakPnl=0.76% holdMs=6600000 high=266000.0000 avgPrice=264000.0000 weightedPnl=0.00% (pending fill)
2026-06-02 17:33:53 INFO  SELL_FILLED 095340 reason=EOD_FORCE_SELL remainingQty=0 phase=NONE exitType=TIMESTOP
2026-06-02 17:33:53 INFO  BUY [KRX] 095340 mode=BREAKOUT price=248500.0000 qty=2 size=1.0000x score=85[A](CONV) | WHY: strongBreakout volBreakout retestOK multiUp vol(3.59x) | VWAP: 1.28%(ABOVE slope=UP) allowedGap=2.20% | TREND: score=3 vel=0.81%/0.61%/1.02% accel=true | VOL: 1174.0000/326.6000 TO: 291739000.0000/80192050.0000 | HIGH: 249000.0000 fromHigh=-0.20% | entryNo=1
2026-06-02 17:33:53 INFO  BUY_FILLED 095340 phase=HOLDING
2026-06-02 17:33:53 INFO  SELL [BREAKEVEN_GUARD] 095340 pnl=-0.40% peakPnl=1.61% holdMs=480000
2026-06-02 17:33:53 INFO  SELL_EXECUTED [KRX] 095340 mode=BREAKOUT phase=EXITING exitType=TRAIL price=247500.0000 qty=2 reason=BREAKEVEN_GUARD pnl=-0.40% peakPnl=1.61% holdMs=480000 high=252500.0000 avgPrice=248500.0000 weightedPnl=-0.33% (pending fill)
2026-06-02 17:33:53 INFO  SELL_FILLED_PNL 095340 reason=BREAKEVEN_GUARD filledQty=2/2 fillRatio=1.00 weightedPnl=-0.33% dailyPnl=-0.33%
2026-06-02 17:33:53 INFO  SELL_FILLED 095340 reason=BREAKEVEN_GUARD remainingQty=0 phase=NONE exitType=TRAIL
2026-06-02 17:33:53 INFO  BUY [KRX] 095340 mode=BREAKOUT price=223500.0000 qty=2 size=1.0000x score=80[B] | WHY: strongBreakout volBreakout retestOK multiUp vol(2.44x) | VWAP: 0.61%(ABOVE slope=UP) allowedGap=2.20% | TREND: score=3 vel=0.68%/0.45%/0.68% accel=true | VOL: 2173.0000/891.9000 TO: 485665500.0000/198354500.0000 | HIGH: 223500.0000 fromHigh=0.00% | entryNo=1
2026-06-02 17:33:53 INFO  BUY_FILLED 095340 phase=HOLDING
2026-06-02 17:33:53 INFO  SELL_EXECUTED [KRX] 095340 mode=BREAKOUT phase=EXITING exitType=VWAP_BREAK price=221500.0000 qty=2 reason=VWAP_BREAK pnl=-0.89% peakPnl=0.00% holdMs=780000 high=223500.0000 avgPrice=223500.0000 weightedPnl=-0.67% (pending fill)
2026-06-02 17:33:53 INFO  SELL_FILLED_PNL 095340 reason=VWAP_BREAK filledQty=2/2 fillRatio=1.00 weightedPnl=-0.67% dailyPnl=-0.67%
2026-06-02 17:33:53 INFO  SELL_FILLED 095340 reason=VWAP_BREAK remainingQty=0 phase=NONE exitType=VWAP_BREAK
2026-06-02 17:33:53 INFO  BUY [KRX] 095340 mode=BREAKOUT price=220000.0000 qty=2 size=1.0000x score=83[B] | WHY: strongBreakout volBreakout retestOK multiUp vol(3.97x) | VWAP: 0.41%(ABOVE slope=UP) allowedGap=2.20% | TREND: score=3 vel=0.46%/0.23%/0.23% accel=true | VOL: 1351.0000/339.9500 TO: 297220000.0000/74600150.0000 | HIGH: 220500.0000 fromHigh=-0.23% | entryNo=1
2026-06-02 17:33:53 INFO  BUY_FILLED 095340 phase=HOLDING
2026-06-02 17:33:53 INFO  SELL_EXECUTED [KRX] 095340 mode=BREAKOUT phase=EXITING exitType=PROFIT price=226500.0000 qty=2 reason=TAKE_PROFIT_BREAKOUT pnl=2.95% peakPnl=2.95% holdMs=12420000 high=226500.0000 avgPrice=220000.0000 weightedPnl=2.17% (pending fill)
2026-06-02 17:33:53 INFO  SELL_FILLED_PNL 095340 reason=TAKE_PROFIT_BREAKOUT filledQty=2/2 fillRatio=1.00 weightedPnl=2.17% dailyPnl=2.17%
2026-06-02 17:33:53 INFO  SELL_FILLED 095340 reason=TAKE_PROFIT_BREAKOUT remainingQty=0 phase=NONE exitType=PROFIT
2026-06-02 17:33:53 INFO  BUY [KRX] 095340 mode=BREAKOUT price=239500.0000 qty=2 size=1.0000x score=95[SS](CONV) | WHY: strongBreakout volBreakout retestOK multiUp vol(3.27x) | VWAP: 0.45%(ABOVE slope=UP) allowedGap=2.20% | TREND: score=3 vel=0.42%/0.21%/0.21% accel=true | VOL: 1534.0000/469.3000 TO: 367393000.0000/111990975.0000 | HIGH: 240000.0000 fromHigh=-0.21% | entryNo=1
2026-06-02 17:33:53 INFO  BUY_FILLED 095340 phase=HOLDING
2026-06-02 17:33:53 INFO  SELL_EXECUTED [KRX] 095340 mode=BREAKOUT phase=EXITING exitType=VWAP_BREAK price=238500.0000 qty=2 reason=VWAP_BREAK pnl=-0.42% peakPnl=1.25% holdMs=1020000 high=242500.0000 avgPrice=239500.0000 weightedPnl=-0.33% (pending fill)
2026-06-02 17:33:53 INFO  SELL_FILLED_PNL 095340 reason=VWAP_BREAK filledQty=2/2 fillRatio=1.00 weightedPnl=-0.33% dailyPnl=-0.33%
2026-06-02 17:33:53 INFO  SELL_FILLED 095340 reason=VWAP_BREAK remainingQty=0 phase=NONE exitType=VWAP_BREAK
2026-06-02 17:33:53 INFO  BUY [KRX] 095340 mode=BREAKOUT price=226500.0000 qty=2 size=1.0000x score=100[SS](CONV) | WHY: strongBreakout volBreakout retestOK multiUp vol(7.40x) | VWAP: 0.84%(ABOVE slope=UP) allowedGap=2.20% | TREND: score=3 vel=0.67%/0.44%/0.67% accel=true | VOL: 5043.0000/681.1500 TO: 1142239500.0000/154051400.0000 | HIGH: 227000.0000 fromHigh=-0.22% | entryNo=1
2026-06-02 17:33:53 INFO  BUY_FILLED 095340 phase=HOLDING
2026-06-02 17:33:53 INFO  SELL [EOD_FORCE_SELL] 095340 pnl=1.10% time=15:30
2026-06-02 17:33:53 INFO  SELL_EXECUTED [KRX] 095340 mode=BREAKOUT phase=EXITING exitType=TIMESTOP price=229000.0000 qty=2 reason=EOD_FORCE_SELL pnl=1.10% peakPnl=1.10% holdMs=3480000 high=229000.0000 avgPrice=226500.0000 weightedPnl=0.83% (pending fill)
2026-06-02 17:33:53 INFO  SELL_FILLED_PNL 095340 reason=EOD_FORCE_SELL filledQty=2/2 fillRatio=1.00 weightedPnl=0.83% dailyPnl=0.83%
2026-06-02 17:33:53 INFO  SELL_FILLED 095340 reason=EOD_FORCE_SELL remainingQty=0 phase=NONE exitType=TIMESTOP
2026-06-02 17:33:53 INFO  BUY [KRX] 095340 mode=PULLBACK price=236000.0000 qty=3 size=1.5000x score=80[B] | WHY: zone(-1.26%fromHigh) vel+ avgCross priceAboveAvg vol(3.08x) | VWAP: 0.90%(ABOVE slope=UP) allowedGap=1.00% | TREND: score=3 vel=2.39%/2.61%/1.72% accel=false | VOL: 8212.0000/2665.7692 TO: 1938032000.0000/623496807.6923 | HIGH: 239000.0000 fromHigh=-1.26% | entryNo=1
2026-06-02 17:33:53 INFO  BUY_FILLED 095340 phase=HOLDING
2026-06-02 17:33:53 INFO  SELL [TRAIL_PULLBACK] 095340 pnl=0.00% peakPnl=2.33% high=241500.0000 current=236000.0000
2026-06-02 17:33:53 INFO  SELL_EXECUTED [KRX] 095340 mode=PULLBACK phase=EXITING exitType=TRAIL price=236000.0000 qty=3 reason=TRAIL_PULLBACK pnl=0.00% peakPnl=2.33% holdMs=1020000 high=241500.0000 avgPrice=236000.0000 weightedPnl=0.00% (pending fill)
2026-06-02 17:33:53 INFO  SELL_FILLED 095340 reason=TRAIL_PULLBACK remainingQty=0 phase=NONE exitType=TRAIL
2026-06-02 17:33:53 INFO  BUY [KRX] 095340 mode=BREAKOUT price=239000.0000 qty=2 size=0.8000x score=87[A](CONV) | WHY: strongBreakout volBreakout retestOK multiUp vol(1.63x) | VWAP: 0.45%(ABOVE slope=UP) allowedGap=2.20% | TREND: score=3 vel=1.06%/0.84%/0.84% accel=true | VOL: 1398.0000/859.0500 TO: 334122000.0000/204496750.0000 | HIGH: 239500.0000 fromHigh=-0.21% | entryNo=1
2026-06-02 17:33:53 INFO  BUY_FILLED 095340 phase=HOLDING
2026-06-02 17:33:53 INFO  SELL_EXECUTED [KRX] 095340 mode=BREAKOUT phase=EXITING exitType=VWAP_BREAK price=237500.0000 qty=2 reason=VWAP_BREAK pnl=-0.63% peakPnl=0.21% holdMs=840000 high=239500.0000 avgPrice=239000.0000 weightedPnl=-0.50% (pending fill)
2026-06-02 17:33:53 INFO  SELL_FILLED_PNL 095340 reason=VWAP_BREAK filledQty=2/2 fillRatio=1.00 weightedPnl=-0.50% dailyPnl=-0.50%
2026-06-02 17:33:53 INFO  SELL_FILLED 095340 reason=VWAP_BREAK remainingQty=0 phase=NONE exitType=VWAP_BREAK
2026-06-02 17:33:53 INFO  BUY [KRX] 095340 mode=BREAKOUT price=245000.0000 qty=2 size=1.0000x score=100[SS](CONV) | WHY: strongBreakout volBreakout retestOK multiUp vol(12.74x) | VWAP: 0.89%(ABOVE slope=UP) allowedGap=2.20% | TREND: score=3 vel=1.03%/0.82%/0.93% accel=true | VOL: 4944.0000/388.1500 TO: 1211280000.0000/94813312.5000 | HIGH: 245500.0000 fromHigh=-0.20% | entryNo=1
2026-06-02 17:33:53 INFO  BUY_FILLED 095340 phase=HOLDING
2026-06-02 17:33:53 INFO  SELL_EXECUTED [KRX] 095340 mode=BREAKOUT phase=EXITING exitType=VWAP_BREAK price=244000.0000 qty=2 reason=VWAP_BREAK pnl=-0.41% peakPnl=0.82% holdMs=4620000 high=247000.0000 avgPrice=245000.0000 weightedPnl=-0.33% (pending fill)
2026-06-02 17:33:53 INFO  SELL_FILLED_PNL 095340 reason=VWAP_BREAK filledQty=2/2 fillRatio=1.00 weightedPnl=-0.33% dailyPnl=-0.33%
2026-06-02 17:33:53 INFO  SELL_FILLED 095340 reason=VWAP_BREAK remainingQty=0 phase=NONE exitType=VWAP_BREAK
2026-06-02 17:33:53 INFO  BUY [KRX] 095340 mode=BREAKOUT price=243500.0000 qty=1 size=0.8000x score=87[A](CONV) | WHY: strongBreakout volBreakout retestOK multiUp vol(1.76x) | VWAP: 1.18%(ABOVE slope=UP) allowedGap=2.20% | TREND: score=3 vel=0.83%/0.62%/0.41% accel=true | VOL: 2602.0000/1478.9000 TO: 633587000.0000/355904450.0000 | HIGH: 244000.0000 fromHigh=-0.20% | entryNo=1
2026-06-02 17:33:53 INFO  BUY_FILLED 095340 phase=HOLDING
2026-06-02 17:33:53 INFO  SELL_EXECUTED [KRX] 095340 mode=BREAKOUT phase=EXITING exitType=VWAP_BREAK price=241000.0000 qty=1 reason=VWAP_BREAK pnl=-1.03% peakPnl=0.21% holdMs=780000 high=244000.0000 avgPrice=243500.0000 weightedPnl=-0.42% (pending fill)
2026-06-02 17:33:53 INFO  SELL_FILLED_PNL 095340 reason=VWAP_BREAK filledQty=1/1 fillRatio=1.00 weightedPnl=-0.42% dailyPnl=-0.42%
2026-06-02 17:33:53 INFO  SELL_FILLED 095340 reason=VWAP_BREAK remainingQty=0 phase=NONE exitType=VWAP_BREAK
2026-06-02 17:33:53 INFO  BUY [KRX] 095340 mode=BREAKOUT price=242000.0000 qty=2 size=1.0000x score=78[C] | WHY: strongBreakout volBreakout retestOK multiUp vol(2.40x) | VWAP: 1.01%(ABOVE slope=UP) allowedGap=2.20% | TREND: score=3 vel=0.41%/0.21%/0.83% accel=true | VOL: 760.0000/316.5500 TO: 183920000.0000/76091025.0000 | HIGH: 242500.0000 fromHigh=-0.21% | entryNo=1
2026-06-02 17:33:53 INFO  BUY_FILLED 095340 phase=HOLDING
2026-06-02 17:33:53 INFO  SELL [EOD_FORCE_SELL] 095340 pnl=2.27% time=15:30
2026-06-02 17:33:53 INFO  SELL_EXECUTED [KRX] 095340 mode=BREAKOUT phase=EXITING exitType=TIMESTOP price=247500.0000 qty=2 reason=EOD_FORCE_SELL pnl=2.27% peakPnl=2.27% holdMs=3360000 high=247500.0000 avgPrice=242000.0000 weightedPnl=1.83% (pending fill)
2026-06-02 17:33:53 INFO  SELL_FILLED_PNL 095340 reason=EOD_FORCE_SELL filledQty=2/2 fillRatio=1.00 weightedPnl=1.83% dailyPnl=1.83%
2026-06-02 17:33:53 INFO  SELL_FILLED 095340 reason=EOD_FORCE_SELL remainingQty=0 phase=NONE exitType=TIMESTOP
2026-06-02 17:33:53 INFO  BUY [KRX] 095340 mode=BREAKOUT price=249500.0000 qty=2 size=1.0000x score=95[SS](CONV) | WHY: strongBreakout volBreakout retestOK multiUp vol(3.78x) | VWAP: 0.59%(ABOVE slope=UP) allowedGap=2.20% | TREND: score=3 vel=0.60%/0.40%/0.60% accel=true | VOL: 1759.0000/465.9000 TO: 438870500.0000/115759450.0000 | HIGH: 250000.0000 fromHigh=-0.20% | entryNo=1
2026-06-02 17:33:53 INFO  BUY_FILLED 095340 phase=HOLDING
2026-06-02 17:33:53 INFO  SELL [BREAKEVEN_GUARD] 095340 pnl=-0.40% peakPnl=1.80% holdMs=1080000
2026-06-02 17:33:53 INFO  SELL_EXECUTED [KRX] 095340 mode=BREAKOUT phase=EXITING exitType=TRAIL price=248500.0000 qty=2 reason=BREAKEVEN_GUARD pnl=-0.40% peakPnl=1.80% holdMs=1080000 high=254000.0000 avgPrice=249500.0000 weightedPnl=-0.33% (pending fill)
2026-06-02 17:33:53 INFO  SELL_FILLED_PNL 095340 reason=BREAKEVEN_GUARD filledQty=2/2 fillRatio=1.00 weightedPnl=-0.33% dailyPnl=-0.33%
2026-06-02 17:33:53 INFO  SELL_FILLED 095340 reason=BREAKEVEN_GUARD remainingQty=0 phase=NONE exitType=TRAIL
2026-06-02 17:33:54 INFO  BUY [KRX] 095340 mode=BREAKOUT price=219500.0000 qty=2 size=1.0000x score=80[B] | WHY: strongBreakout volBreakout retestOK multiUp vol(3.03x) | VWAP: 1.86%(ABOVE slope=UP) allowedGap=2.20% | TREND: score=3 vel=1.62%/1.39%/1.39% accel=true | VOL: 1087.0000/358.2500 TO: 238596500.0000/77891650.0000 | HIGH: 220000.0000 fromHigh=-0.23% | entryNo=1
2026-06-02 17:33:54 INFO  BUY_FILLED 095340 phase=HOLDING
2026-06-02 17:33:54 INFO  SELL_EXECUTED [KRX] 095340 mode=BREAKOUT phase=EXITING exitType=VWAP_BREAK price=217000.0000 qty=2 reason=VWAP_BREAK pnl=-1.14% peakPnl=0.46% holdMs=2520000 high=220500.0000 avgPrice=219500.0000 weightedPnl=-0.83% (pending fill)
2026-06-02 17:33:54 INFO  SELL_FILLED_PNL 095340 reason=VWAP_BREAK filledQty=2/2 fillRatio=1.00 weightedPnl=-0.83% dailyPnl=-0.83%
2026-06-02 17:33:54 INFO  SELL_FILLED 095340 reason=VWAP_BREAK remainingQty=0 phase=NONE exitType=VWAP_BREAK
2026-06-02 17:33:54 INFO  BUY [KRX] 095340 mode=BREAKOUT price=220000.0000 qty=2 size=1.0000x score=80[B] | WHY: strongBreakout volBreakout retestOK multiUp vol(2.65x) | VWAP: 0.72%(ABOVE slope=UP) allowedGap=2.20% | TREND: score=3 vel=1.38%/1.15%/1.15% accel=true | VOL: 1857.0000/701.0000 TO: 408540000.0000/153072850.0000 | HIGH: 220000.0000 fromHigh=0.00% | entryNo=1
2026-06-02 17:33:54 INFO  BUY_FILLED 095340 phase=HOLDING
2026-06-02 17:33:54 INFO  SELL_EXECUTED [KRX] 095340 mode=BREAKOUT phase=EXITING exitType=STOPLOSS price=217000.0000 qty=2 reason=FAILED_BREAKOUT pnl=-1.36% peakPnl=-0.45% holdMs=180000 high=219000.0000 avgPrice=220000.0000 weightedPnl=-1.00% (pending fill)
2026-06-02 17:33:54 INFO  SELL_FILLED_PNL 095340 reason=FAILED_BREAKOUT filledQty=2/2 fillRatio=1.00 weightedPnl=-1.00% dailyPnl=-1.00%
2026-06-02 17:33:54 INFO  SELL_FILLED 095340 reason=FAILED_BREAKOUT remainingQty=0 phase=NONE exitType=STOPLOSS
2026-06-02 17:33:54 INFO  BUY [KRX] 095340 mode=BREAKOUT price=220000.0000 qty=2 size=1.0000x score=80[B] | WHY: strongBreakout volBreakout retestOK multiUp vol(2.65x) | VWAP: 0.72%(ABOVE slope=UP) allowedGap=2.20% | TREND: score=3 vel=1.38%/1.15%/1.15% accel=true | VOL: 1857.0000/701.0000 TO: 408540000.0000/153072850.0000 | HIGH: 220000.0000 fromHigh=0.00% | entryNo=1
2026-06-02 17:33:54 INFO  BUY_FILLED 095340 phase=HOLDING
2026-06-02 17:33:54 INFO  SELL_EXECUTED [KRX] 095340 mode=BREAKOUT phase=EXITING exitType=STOPLOSS price=217000.0000 qty=2 reason=FAILED_BREAKOUT pnl=-1.36% peakPnl=-0.45% holdMs=180000 high=219000.0000 avgPrice=220000.0000 weightedPnl=-1.00% (pending fill)
2026-06-02 17:33:54 INFO  SELL_FILLED_PNL 095340 reason=FAILED_BREAKOUT filledQty=2/2 fillRatio=1.00 weightedPnl=-1.00% dailyPnl=-1.00%
2026-06-02 17:33:54 INFO  SELL_FILLED 095340 reason=FAILED_BREAKOUT remainingQty=0 phase=NONE exitType=STOPLOSS
2026-06-02 17:33:54 INFO  BUY amount set for 098460: 600000.00
2026-06-02 17:33:54 INFO  BUY [KRX] 098460 mode=BREAKOUT price=29550.0000 qty=16 size=0.8000x score=85[A](CONV) | WHY: strongBreakout volBreakout retestOK multiUp vol(2.05x) | VWAP: 1.18%(ABOVE slope=UP) allowedGap=2.20% | TREND: score=3 vel=0.51%/0.34%/0.68% accel=true | VOL: 10337.0000/5043.5500 TO: 305458350.0000/147966905.0000 | HIGH: 29550.0000 fromHigh=0.00% | entryNo=1
2026-06-02 17:33:54 INFO  BUY_FILLED 098460 phase=HOLDING
2026-06-02 17:33:54 INFO  SELL [EOD_FORCE_SELL] 098460 pnl=-0.17% time=15:30
2026-06-02 17:33:54 INFO  SELL_EXECUTED [KRX] 098460 mode=BREAKOUT phase=EXITING exitType=TIMESTOP price=29500.0000 qty=16 reason=EOD_FORCE_SELL pnl=-0.17% peakPnl=0.34% holdMs=3840000 high=29650.0000 avgPrice=29550.0000 weightedPnl=-0.13% (pending fill)
2026-06-02 17:33:54 INFO  SELL_FILLED_PNL 098460 reason=EOD_FORCE_SELL filledQty=16/16 fillRatio=1.00 weightedPnl=-0.13% dailyPnl=-0.13%
2026-06-02 17:33:54 INFO  SELL_FILLED 098460 reason=EOD_FORCE_SELL remainingQty=0 phase=NONE exitType=TIMESTOP
2026-06-02 17:33:54 INFO  BUY [KRX] 098460 mode=BREAKOUT price=28850.0000 qty=20 size=1.0000x score=80[B] | WHY: strongBreakout volBreakout retestOK multiUp vol(3.52x) | VWAP: 1.23%(ABOVE slope=UP) allowedGap=2.20% | TREND: score=3 vel=1.05%/0.87%/0.87% accel=true | VOL: 5727.0000/1627.3500 TO: 165223950.0000/46523241.2500 | HIGH: 28850.0000 fromHigh=0.00% | entryNo=1
2026-06-02 17:33:54 INFO  BUY_FILLED 098460 phase=HOLDING
2026-06-02 17:33:54 INFO  SELL [EOD_FORCE_SELL] 098460 pnl=0.69% time=15:30
2026-06-02 17:33:54 INFO  SELL_EXECUTED [KRX] 098460 mode=BREAKOUT phase=EXITING exitType=TIMESTOP price=29050.0000 qty=20 reason=EOD_FORCE_SELL pnl=0.69% peakPnl=1.21% holdMs=4560000 high=29200.0000 avgPrice=28850.0000 weightedPnl=0.67% (pending fill)
2026-06-02 17:33:54 INFO  SELL_FILLED_PNL 098460 reason=EOD_FORCE_SELL filledQty=20/20 fillRatio=1.00 weightedPnl=0.67% dailyPnl=0.67%
2026-06-02 17:33:54 INFO  SELL_FILLED 098460 reason=EOD_FORCE_SELL remainingQty=0 phase=NONE exitType=TIMESTOP
2026-06-02 17:33:54 INFO  BUY [KRX] 098460 mode=BREAKOUT price=30250.0000 qty=19 size=1.0000x score=80[B] | WHY: strongBreakout volBreakout retestOK multiUp vol(4.32x) | VWAP: 0.90%(ABOVE slope=UP) allowedGap=2.20% | TREND: score=3 vel=0.33%/0.17%/0.33% accel=true | VOL: 24356.0000/5643.4000 TO: 736769000.0000/170061817.5000 | HIGH: 30250.0000 fromHigh=0.00% | entryNo=1
2026-06-02 17:33:54 INFO  BUY_FILLED 098460 phase=HOLDING
2026-06-02 17:33:54 INFO  SELL_EXECUTED [KRX] 098460 mode=BREAKOUT phase=EXITING exitType=VWAP_BREAK price=29950.0000 qty=19 reason=VWAP_BREAK pnl=-0.99% peakPnl=0.00% holdMs=2400000 high=30250.0000 avgPrice=30250.0000 weightedPnl=-0.95% (pending fill)
2026-06-02 17:33:54 INFO  SELL_FILLED_PNL 098460 reason=VWAP_BREAK filledQty=19/19 fillRatio=1.00 weightedPnl=-0.95% dailyPnl=-0.95%
2026-06-02 17:33:54 INFO  SELL_FILLED 098460 reason=VWAP_BREAK remainingQty=0 phase=NONE exitType=VWAP_BREAK
2026-06-02 17:33:54 INFO  BUY [KRX] 098460 mode=BREAKOUT price=30000.0000 qty=20 size=1.0000x score=85[A](CONV) | WHY: strongBreakout volBreakout retestOK multiUp vol(7.29x) | VWAP: 1.00%(ABOVE slope=UP) allowedGap=2.20% | TREND: score=3 vel=0.33%/0.17%/0.33% accel=true | VOL: 9217.0000/1264.7000 TO: 276510000.0000/37864767.5000 | HIGH: 30000.0000 fromHigh=0.00% | entryNo=1
2026-06-02 17:33:54 INFO  BUY_FILLED 098460 phase=HOLDING
2026-06-02 17:33:54 INFO  SELL_EXECUTED [KRX] 098460 mode=BREAKOUT phase=EXITING exitType=VWAP_BREAK price=29700.0000 qty=20 reason=VWAP_BREAK pnl=-1.00% peakPnl=-0.17% holdMs=2520000 high=29950.0000 avgPrice=30000.0000 weightedPnl=-1.00% (pending fill)
2026-06-02 17:33:54 INFO  SELL_FILLED_PNL 098460 reason=VWAP_BREAK filledQty=20/20 fillRatio=1.00 weightedPnl=-1.00% dailyPnl=-1.00%
2026-06-02 17:33:54 INFO  SELL_FILLED 098460 reason=VWAP_BREAK remainingQty=0 phase=NONE exitType=VWAP_BREAK
2026-06-02 17:33:54 INFO  BUY [KRX] 098460 mode=BREAKOUT price=30000.0000 qty=20 size=1.0000x score=90[S](CONV) | WHY: strongBreakout volBreakout retestOK multiUp vol(4.39x) | VWAP: 0.99%(ABOVE slope=UP) allowedGap=2.20% | TREND: score=3 vel=0.50%/0.33%/0.84% accel=true | VOL: 23330.0000/5312.0500 TO: 699900000.0000/158035732.5000 | HIGH: 30050.0000 fromHigh=-0.17% | entryNo=1
2026-06-02 17:33:54 INFO  BUY_FILLED 098460 phase=HOLDING
2026-06-02 17:33:54 INFO  SELL_EXECUTED [KRX] 098460 mode=BREAKOUT phase=EXITING exitType=PROFIT price=31150.0000 qty=20 reason=TAKE_PROFIT_BREAKOUT pnl=3.83% peakPnl=3.83% holdMs=240000 high=31150.0000 avgPrice=30000.0000 weightedPnl=3.83% (pending fill)
2026-06-02 17:33:54 INFO  SELL_FILLED_PNL 098460 reason=TAKE_PROFIT_BREAKOUT filledQty=20/20 fillRatio=1.00 weightedPnl=3.83% dailyPnl=3.83%
2026-06-02 17:33:54 INFO  SELL_FILLED 098460 reason=TAKE_PROFIT_BREAKOUT remainingQty=0 phase=NONE exitType=PROFIT
2026-06-02 17:33:54 INFO  BUY [KRX] 098460 mode=BREAKOUT price=32350.0000 qty=18 size=1.0000x score=90[S](CONV) | WHY: strongBreakout volBreakout retestOK multiUp vol(4.80x) | VWAP: 0.88%(ABOVE slope=UP) allowedGap=2.20% | TREND: score=3 vel=0.47%/0.31%/0.47% accel=true | VOL: 15420.0000/3212.2000 TO: 498837000.0000/103615437.5000 | HIGH: 32350.0000 fromHigh=0.00% | entryNo=1
2026-06-02 17:33:54 INFO  BUY_FILLED 098460 phase=HOLDING
2026-06-02 17:33:54 INFO  SELL [EOD_FORCE_SELL] 098460 pnl=0.62% time=15:30
2026-06-02 17:33:54 INFO  SELL_EXECUTED [KRX] 098460 mode=BREAKOUT phase=EXITING exitType=TIMESTOP price=32550.0000 qty=18 reason=EOD_FORCE_SELL pnl=0.62% peakPnl=0.62% holdMs=2280000 high=32550.0000 avgPrice=32350.0000 weightedPnl=0.60% (pending fill)
2026-06-02 17:33:54 INFO  SELL_FILLED_PNL 098460 reason=EOD_FORCE_SELL filledQty=18/18 fillRatio=1.00 weightedPnl=0.60% dailyPnl=0.60%
2026-06-02 17:33:54 INFO  SELL_FILLED 098460 reason=EOD_FORCE_SELL remainingQty=0 phase=NONE exitType=TIMESTOP
2026-06-02 17:33:54 INFO  BUY [KRX] 098460 mode=BREAKOUT price=41950.0000 qty=14 size=1.0000x score=80[B] | WHY: strongBreakout volBreakout retestOK multiUp vol(5.81x) | VWAP: 1.79%(ABOVE slope=UP) allowedGap=2.20% | TREND: score=3 vel=0.84%/0.60%/1.70% accel=true | VOL: 122111.0000/21018.8500 TO: 5122556450.0000/875967570.0000 | HIGH: 42000.0000 fromHigh=-0.12% | entryNo=1
2026-06-02 17:33:54 INFO  BUY_FILLED 098460 phase=HOLDING
2026-06-02 17:33:54 INFO  SELL_EXECUTED [KRX] 098460 mode=BREAKOUT phase=EXITING exitType=VWAP_BREAK price=41300.0000 qty=14 reason=VWAP_BREAK pnl=-1.55% peakPnl=0.48% holdMs=1560000 high=42150.0000 avgPrice=41950.0000 weightedPnl=-1.52% (pending fill)
2026-06-02 17:33:54 INFO  SELL_FILLED_PNL 098460 reason=VWAP_BREAK filledQty=14/14 fillRatio=1.00 weightedPnl=-1.52% dailyPnl=-1.52%
2026-06-02 17:33:54 INFO  SELL_FILLED 098460 reason=VWAP_BREAK remainingQty=0 phase=NONE exitType=VWAP_BREAK
2026-06-02 17:33:54 INFO  BUY [KRX] 098460 mode=BREAKOUT price=40950.0000 qty=14 size=1.0000x score=90[S](CONV) | WHY: strongBreakout volBreakout retestOK multiUp vol(3.11x) | VWAP: 0.95%(ABOVE slope=UP) allowedGap=2.20% | TREND: score=3 vel=0.49%/0.37%/0.37% accel=true | VOL: 10359.0000/3326.1500 TO: 424201050.0000/135674642.5000 | HIGH: 40950.0000 fromHigh=0.00% | entryNo=1
2026-06-02 17:33:54 INFO  BUY_FILLED 098460 phase=HOLDING
2026-06-02 17:33:54 INFO  SELL_EXECUTED [KRX] 098460 mode=BREAKOUT phase=EXITING exitType=VWAP_BREAK price=40500.0000 qty=14 reason=VWAP_BREAK pnl=-1.10% peakPnl=0.00% holdMs=3300000 high=40950.0000 avgPrice=40950.0000 weightedPnl=-1.05% (pending fill)
2026-06-02 17:33:54 INFO  SELL_FILLED_PNL 098460 reason=VWAP_BREAK filledQty=14/14 fillRatio=1.00 weightedPnl=-1.05% dailyPnl=-1.05%
2026-06-02 17:33:54 INFO  SELL_FILLED 098460 reason=VWAP_BREAK remainingQty=0 phase=NONE exitType=VWAP_BREAK
2026-06-02 17:33:55 INFO  BUY amount set for 069540: 600000.00
2026-06-02 17:33:55 INFO  BUY [KRX] 069540 mode=BREAKOUT price=5270.0000 qty=113 size=1.0000x score=90[S](CONV) | WHY: strongBreakout volBreakout retestOK multiUp vol(3.60x) | VWAP: 0.73%(ABOVE slope=UP) allowedGap=2.20% | TREND: score=3 vel=0.76%/0.57%/0.57% accel=true | VOL: 34580.0000/9615.6000 TO: 182236600.0000/50444832.7500 | HIGH: 5270.0000 fromHigh=0.00% | entryNo=1
2026-06-02 17:33:55 INFO  BUY_FILLED 069540 phase=HOLDING
2026-06-02 17:33:55 INFO  SELL [EOD_FORCE_SELL] 069540 pnl=-0.19% time=15:30
2026-06-02 17:33:55 INFO  SELL_EXECUTED [KRX] 069540 mode=BREAKOUT phase=EXITING exitType=TIMESTOP price=5260.0000 qty=113 reason=EOD_FORCE_SELL pnl=-0.19% peakPnl=-0.19% holdMs=720000 high=5260.0000 avgPrice=5270.0000 weightedPnl=-0.19% (pending fill)
2026-06-02 17:33:55 INFO  SELL_FILLED_PNL 069540 reason=EOD_FORCE_SELL filledQty=113/113 fillRatio=1.00 weightedPnl=-0.19% dailyPnl=-0.19%
2026-06-02 17:33:55 INFO  SELL_FILLED 069540 reason=EOD_FORCE_SELL remainingQty=0 phase=NONE exitType=TIMESTOP
2026-06-02 17:33:55 INFO  BUY [KRX] 069540 mode=BREAKOUT price=5200.0000 qty=115 size=1.0000x score=80[B] | WHY: strongBreakout volBreakout retestOK multiUp vol(2.52x) | VWAP: 0.68%(ABOVE slope=UP) allowedGap=2.20% | TREND: score=3 vel=0.58%/0.19%/0.19% accel=true | VOL: 35209.0000/13969.5500 TO: 183086800.0000/72489274.5000 | HIGH: 5210.0000 fromHigh=-0.19% | entryNo=1
2026-06-02 17:33:55 INFO  BUY_FILLED 069540 phase=HOLDING
2026-06-02 17:33:55 INFO  SELL [EOD_FORCE_SELL] 069540 pnl=0.00% time=15:30
2026-06-02 17:33:55 INFO  SELL_EXECUTED [KRX] 069540 mode=BREAKOUT phase=EXITING exitType=TIMESTOP price=5200.0000 qty=115 reason=EOD_FORCE_SELL pnl=0.00% peakPnl=0.19% holdMs=900000 high=5210.0000 avgPrice=5200.0000 weightedPnl=0.00% (pending fill)
2026-06-02 17:33:55 INFO  SELL_FILLED 069540 reason=EOD_FORCE_SELL remainingQty=0 phase=NONE exitType=TIMESTOP
2026-06-02 17:33:55 INFO  BUY amount set for 007390: 600000.00
2026-06-02 17:33:56 INFO  BUY [KRX] 007390 mode=BREAKOUT price=18000.0000 qty=26 size=0.8000x score=85[A](CONV) | WHY: strongBreakout volBreakout retestOK multiUp vol(2.16x) | VWAP: 0.87%(ABOVE slope=UP) allowedGap=2.20% | TREND: score=3 vel=0.90%/0.78%/0.56% accel=true | VOL: 4984.0000/2305.6500 TO: 89761840.0000/41231904.0000 | HIGH: 18020.0000 fromHigh=-0.06% | entryNo=1
2026-06-02 17:33:56 INFO  BUY_FILLED 007390 phase=HOLDING
2026-06-02 17:33:56 INFO  SELL_EXECUTED [KRX] 007390 mode=BREAKOUT phase=EXITING exitType=VWAP_BREAK price=17850.0000 qty=26 reason=VWAP_BREAK pnl=-0.89% peakPnl=0.17% holdMs=780000 high=18040.0000 avgPrice=18010.0000 weightedPnl=-0.69% (pending fill)
2026-06-02 17:33:56 INFO  SELL_FILLED_PNL 007390 reason=VWAP_BREAK filledQty=26/26 fillRatio=1.00 weightedPnl=-0.69% dailyPnl=-0.69%
2026-06-02 17:33:56 INFO  SELL_FILLED 007390 reason=VWAP_BREAK remainingQty=0 phase=NONE exitType=VWAP_BREAK
2026-06-02 17:33:56 INFO  BUY [KRX] 007390 mode=BREAKOUT price=18500.0000 qty=32 size=1.0000x score=80[B] | WHY: strongBreakout volBreakout retestOK multiUp vol(5.57x) | VWAP: 1.26%(ABOVE slope=UP) allowedGap=2.20% | TREND: score=3 vel=1.87%/1.76%/2.15% accel=true | VOL: 18432.0000/3309.0625 TO: 340807680.0000/60422715.0000 | HIGH: 18500.0000 fromHigh=-0.05% | entryNo=1
2026-06-02 17:33:56 INFO  BUY_FILLED 007390 phase=HOLDING
2026-06-02 17:33:56 INFO  SELL_EXECUTED [KRX] 007390 mode=BREAKOUT phase=EXITING exitType=VWAP_BREAK price=18240.0000 qty=32 reason=VWAP_BREAK pnl=-1.35% peakPnl=-0.49% holdMs=420000 high=18400.0000 avgPrice=18490.0000 weightedPnl=-1.33% (pending fill)
2026-06-02 17:33:56 INFO  SELL_FILLED_PNL 007390 reason=VWAP_BREAK filledQty=32/32 fillRatio=1.00 weightedPnl=-1.33% dailyPnl=-1.33%
2026-06-02 17:33:56 INFO  SELL_FILLED 007390 reason=VWAP_BREAK remainingQty=0 phase=NONE exitType=VWAP_BREAK
2026-06-02 17:33:56 INFO  BUY [KRX] 007390 mode=BREAKOUT price=20150.0000 qty=29 size=1.0000x score=85[A](CONV) | WHY: strongBreakout volBreakout retestOK multiUp vol(4.79x) | VWAP: 0.44%(ABOVE slope=UP) allowedGap=2.20% | TREND: score=3 vel=0.50%/0.25%/0.75% accel=true | VOL: 10242.0000/2137.8000 TO: 206376300.0000/42858790.0000 | HIGH: 20150.0000 fromHigh=0.00% | entryNo=1
2026-06-02 17:33:56 INFO  BUY_FILLED 007390 phase=HOLDING
2026-06-02 17:33:56 INFO  SELL_EXECUTED [KRX] 007390 mode=BREAKOUT phase=EXITING exitType=VWAP_BREAK price=20025.0000 qty=29 reason=VWAP_BREAK pnl=-0.62% peakPnl=0.00% holdMs=1860000 high=20150.0000 avgPrice=20150.0000 weightedPnl=-0.60% (pending fill)
2026-06-02 17:33:56 INFO  SELL_FILLED_PNL 007390 reason=VWAP_BREAK filledQty=29/29 fillRatio=1.00 weightedPnl=-0.60% dailyPnl=-0.60%
2026-06-02 17:33:56 INFO  SELL_FILLED 007390 reason=VWAP_BREAK remainingQty=0 phase=NONE exitType=VWAP_BREAK
2026-06-02 17:33:56 INFO  BUY [KRX] 007390 mode=BREAKOUT price=19650.0000 qty=24 size=0.8000x score=85[A](CONV) | WHY: strongBreakout volBreakout retestOK multiUp vol(2.21x) | VWAP: 0.91%(ABOVE slope=UP) allowedGap=2.20% | TREND: score=3 vel=0.62%/0.56%/1.13% accel=true | VOL: 3581.0000/1617.9000 TO: 70295030.0000/31509244.0000 | HIGH: 19630.0000 fromHigh=0.00% | entryNo=1
2026-06-02 17:33:56 INFO  BUY_FILLED 007390 phase=HOLDING
2026-06-02 17:33:56 INFO  SELL_EXECUTED [KRX] 007390 mode=BREAKOUT phase=EXITING exitType=PROFIT price=20200.0000 qty=24 reason=TAKE_PROFIT_BREAKOUT pnl=2.90% peakPnl=2.90% holdMs=1500000 high=20200.0000 avgPrice=19630.0000 weightedPnl=2.28% (pending fill)
2026-06-02 17:33:56 INFO  SELL_FILLED_PNL 007390 reason=TAKE_PROFIT_BREAKOUT filledQty=24/24 fillRatio=1.00 weightedPnl=2.28% dailyPnl=2.28%
2026-06-02 17:33:56 INFO  SELL_FILLED 007390 reason=TAKE_PROFIT_BREAKOUT remainingQty=0 phase=NONE exitType=PROFIT
2026-06-02 17:33:56 INFO  BUY [KRX] 007390 mode=BREAKOUT price=19650.0000 qty=24 size=0.8000x score=85[A](CONV) | WHY: strongBreakout volBreakout retestOK multiUp vol(2.21x) | VWAP: 0.91%(ABOVE slope=UP) allowedGap=2.20% | TREND: score=3 vel=0.62%/0.56%/1.13% accel=true | VOL: 3581.0000/1617.9000 TO: 70295030.0000/31509244.0000 | HIGH: 19630.0000 fromHigh=0.00% | entryNo=1
2026-06-02 17:33:56 INFO  BUY_FILLED 007390 phase=HOLDING
2026-06-02 17:33:56 INFO  SELL_EXECUTED [KRX] 007390 mode=BREAKOUT phase=EXITING exitType=PROFIT price=20200.0000 qty=24 reason=TAKE_PROFIT_BREAKOUT pnl=2.90% peakPnl=2.90% holdMs=1500000 high=20200.0000 avgPrice=19630.0000 weightedPnl=2.28% (pending fill)
2026-06-02 17:33:56 INFO  SELL_FILLED_PNL 007390 reason=TAKE_PROFIT_BREAKOUT filledQty=24/24 fillRatio=1.00 weightedPnl=2.28% dailyPnl=2.28%
2026-06-02 17:33:56 INFO  SELL_FILLED 007390 reason=TAKE_PROFIT_BREAKOUT remainingQty=0 phase=NONE exitType=PROFIT
2026-06-02 17:33:56 INFO  BUY amount set for 440110: 600000.00
2026-06-02 17:33:57 INFO  BUY [KRX] 440110 mode=BREAKOUT price=50800.0000 qty=11 size=1.0000x score=80[B] | WHY: strongBreakout volBreakout retestOK multiUp vol(4.27x) | VWAP: 1.59%(ABOVE slope=UP) allowedGap=2.20% | TREND: score=3 vel=0.59%/0.40%/0.59% accel=true | VOL: 3990.0000/934.7000 TO: 202692000.0000/47269400.0000 | HIGH: 50800.0000 fromHigh=0.00% | entryNo=1
2026-06-02 17:33:57 INFO  BUY_FILLED 440110 phase=HOLDING
2026-06-02 17:33:57 INFO  SELL_EXECUTED [KRX] 440110 mode=BREAKOUT phase=EXITING exitType=VWAP_BREAK price=50500.0000 qty=11 reason=VWAP_BREAK pnl=-0.59% peakPnl=1.18% holdMs=4800000 high=51400.0000 avgPrice=50800.0000 weightedPnl=-0.55% (pending fill)
2026-06-02 17:33:57 INFO  SELL_FILLED_PNL 440110 reason=VWAP_BREAK filledQty=11/11 fillRatio=1.00 weightedPnl=-0.55% dailyPnl=-0.55%
2026-06-02 17:33:57 INFO  SELL_FILLED 440110 reason=VWAP_BREAK remainingQty=0 phase=NONE exitType=VWAP_BREAK
2026-06-02 17:33:57 INFO  BUY [KRX] 440110 mode=BREAKOUT price=59700.0000 qty=10 size=1.0000x score=80[B] | WHY: strongBreakout volBreakout retestOK multiUp vol(6.11x) | VWAP: 1.26%(ABOVE slope=UP) allowedGap=2.20% | TREND: score=3 vel=1.70%/1.53%/1.88% accel=true | VOL: 24919.0000/4075.2000 TO: 1487664300.0000/240695785.0000 | HIGH: 59800.0000 fromHigh=-0.17% | entryNo=1
2026-06-02 17:33:57 INFO  BUY_FILLED 440110 phase=HOLDING
2026-06-02 17:33:57 INFO  SELL_EXECUTED [KRX] 440110 mode=BREAKOUT phase=EXITING exitType=PROFIT price=61700.0000 qty=10 reason=TAKE_PROFIT_BREAKOUT pnl=3.35% peakPnl=3.35% holdMs=840000 high=61700.0000 avgPrice=59700.0000 weightedPnl=3.33% (pending fill)
2026-06-02 17:33:57 INFO  SELL_FILLED_PNL 440110 reason=TAKE_PROFIT_BREAKOUT filledQty=10/10 fillRatio=1.00 weightedPnl=3.33% dailyPnl=3.33%
2026-06-02 17:33:57 INFO  SELL_FILLED 440110 reason=TAKE_PROFIT_BREAKOUT remainingQty=0 phase=NONE exitType=PROFIT
2026-06-02 17:33:57 INFO  BUY [KRX] 440110 mode=BREAKOUT price=61000.0000 qty=9 size=1.0000x score=90[S](CONV) | WHY: strongBreakout volBreakout retestOK multiUp vol(4.26x) | VWAP: 1.07%(ABOVE slope=UP) allowedGap=2.20% | TREND: score=3 vel=1.50%/1.16%/1.33% accel=true | VOL: 7902.0000/1855.2000 TO: 482022000.0000/111901960.0000 | HIGH: 61100.0000 fromHigh=-0.16% | entryNo=1
2026-06-02 17:33:57 INFO  BUY_FILLED 440110 phase=HOLDING
2026-06-02 17:33:57 INFO  SELL_EXECUTED [KRX] 440110 mode=BREAKOUT phase=EXITING exitType=STOPLOSS price=60200.0000 qty=9 reason=FAILED_BREAKOUT pnl=-1.31% peakPnl=0.00% holdMs=240000 high=61000.0000 avgPrice=61000.0000 weightedPnl=-1.20% (pending fill)
2026-06-02 17:33:57 INFO  SELL_FILLED_PNL 440110 reason=FAILED_BREAKOUT filledQty=9/9 fillRatio=1.00 weightedPnl=-1.20% dailyPnl=-1.20%
2026-06-02 17:33:57 INFO  SELL_FILLED 440110 reason=FAILED_BREAKOUT remainingQty=0 phase=NONE exitType=STOPLOSS
2026-06-02 17:33:57 INFO  BUY [KRX] 440110 mode=BREAKOUT price=80900.0000 qty=7 size=1.0000x score=90[S](CONV) | WHY: strongBreakout volBreakout retestOK multiUp vol(6.91x) | VWAP: 0.91%(ABOVE slope=UP) allowedGap=2.20% | TREND: score=3 vel=0.50%/0.37%/0.87% accel=true | VOL: 10269.0000/1485.1500 TO: 830762100.0000/119551795.0000 | HIGH: 81000.0000 fromHigh=-0.12% | entryNo=1
2026-06-02 17:33:57 INFO  BUY_FILLED 440110 phase=HOLDING
2026-06-02 17:33:57 INFO  SELL_EXECUTED [KRX] 440110 mode=BREAKOUT phase=EXITING exitType=PROFIT price=83300.0000 qty=7 reason=TAKE_PROFIT_BREAKOUT pnl=2.97% peakPnl=2.97% holdMs=1380000 high=83300.0000 avgPrice=80900.0000 weightedPnl=2.80% (pending fill)
2026-06-02 17:33:57 INFO  SELL_FILLED_PNL 440110 reason=TAKE_PROFIT_BREAKOUT filledQty=7/7 fillRatio=1.00 weightedPnl=2.80% dailyPnl=2.80%
2026-06-02 17:33:57 INFO  SELL_FILLED 440110 reason=TAKE_PROFIT_BREAKOUT remainingQty=0 phase=NONE exitType=PROFIT
2026-06-02 17:33:57 INFO  BUY [KRX] 440110 mode=BREAKOUT price=123000.0000 qty=4 size=1.0000x score=90[S](CONV) | WHY: strongBreakout volBreakout retestOK multiUp vol(3.36x) | VWAP: 1.50%(ABOVE slope=UP) allowedGap=2.20% | TREND: score=3 vel=1.23%/1.07%/0.82% accel=true | VOL: 23047.0000/6850.3000 TO: 2834781000.0000/831643937.5000 | HIGH: 123300.0000 fromHigh=-0.24% | entryNo=1
2026-06-02 17:33:57 INFO  BUY_FILLED 440110 phase=HOLDING
2026-06-02 17:33:57 INFO  SELL_EXECUTED [KRX] 440110 mode=BREAKOUT phase=EXITING exitType=STOPLOSS price=120400.0000 qty=4 reason=STOP_LOSS_BREAKOUT pnl=-2.11% peakPnl=0.41% holdMs=1560000 high=123500.0000 avgPrice=123000.0000 weightedPnl=-1.73% (pending fill)
2026-06-02 17:33:57 INFO  SELL_FILLED_PNL 440110 reason=STOP_LOSS_BREAKOUT filledQty=4/4 fillRatio=1.00 weightedPnl=-1.73% dailyPnl=-1.73%
2026-06-02 17:33:57 INFO  SELL_FILLED 440110 reason=STOP_LOSS_BREAKOUT remainingQty=0 phase=NONE exitType=STOPLOSS
2026-06-02 17:33:57 INFO  BUY [KRX] 440110 mode=BREAKOUT price=123000.0000 qty=4 size=1.0000x score=90[S](CONV) | WHY: strongBreakout volBreakout retestOK multiUp vol(3.36x) | VWAP: 1.50%(ABOVE slope=UP) allowedGap=2.20% | TREND: score=3 vel=1.23%/1.07%/0.82% accel=true | VOL: 23047.0000/6850.3000 TO: 2834781000.0000/831643937.5000 | HIGH: 123300.0000 fromHigh=-0.24% | entryNo=1
2026-06-02 17:33:57 INFO  BUY_FILLED 440110 phase=HOLDING
2026-06-02 17:33:57 INFO  SELL_EXECUTED [KRX] 440110 mode=BREAKOUT phase=EXITING exitType=STOPLOSS price=120400.0000 qty=4 reason=STOP_LOSS_BREAKOUT pnl=-2.11% peakPnl=0.41% holdMs=1560000 high=123500.0000 avgPrice=123000.0000 weightedPnl=-1.73% (pending fill)
2026-06-02 17:33:57 INFO  SELL_FILLED_PNL 440110 reason=STOP_LOSS_BREAKOUT filledQty=4/4 fillRatio=1.00 weightedPnl=-1.73% dailyPnl=-1.73%
2026-06-02 17:33:57 INFO  SELL_FILLED 440110 reason=STOP_LOSS_BREAKOUT remainingQty=0 phase=NONE exitType=STOPLOSS
2026-06-02 17:33:57 INFO  BUY amount set for 403870: 600000.00
2026-06-02 17:33:57 INFO  BUY [KRX] 403870 mode=BREAKOUT price=42700.0000 qty=14 size=1.0000x score=80[B] | WHY: strongBreakout volBreakout retestOK multiUp vol(4.49x) | VWAP: 0.78%(ABOVE slope=UP) allowedGap=2.20% | TREND: score=3 vel=0.35%/0.23%/0.23% accel=true | VOL: 8846.0000/1968.0000 TO: 377724200.0000/83706745.0000 | HIGH: 42700.0000 fromHigh=0.00% | entryNo=1
2026-06-02 17:33:57 INFO  BUY_FILLED 403870 phase=HOLDING
2026-06-02 17:33:57 INFO  SELL_EXECUTED [KRX] 403870 mode=BREAKOUT phase=EXITING exitType=VWAP_BREAK price=42450.0000 qty=14 reason=VWAP_BREAK pnl=-0.59% peakPnl=0.59% holdMs=3240000 high=42950.0000 avgPrice=42700.0000 weightedPnl=-0.58% (pending fill)
2026-06-02 17:33:57 INFO  SELL_FILLED_PNL 403870 reason=VWAP_BREAK filledQty=14/14 fillRatio=1.00 weightedPnl=-0.58% dailyPnl=-0.58%
2026-06-02 17:33:57 INFO  SELL_FILLED 403870 reason=VWAP_BREAK remainingQty=0 phase=NONE exitType=VWAP_BREAK
2026-06-02 17:33:57 INFO  BUY [KRX] 403870 mode=BREAKOUT price=44300.0000 qty=13 size=1.0000x score=85[A](CONV) | WHY: strongBreakout volBreakout retestOK multiUp vol(3.81x) | VWAP: 0.65%(ABOVE slope=UP) allowedGap=2.20% | TREND: score=3 vel=0.28%/0.23%/0.28% accel=true | VOL: 8904.0000/2334.3500 TO: 394224600.0000/103105160.0000 | HIGH: 44300.0000 fromHigh=-0.06% | entryNo=1
2026-06-02 17:33:57 INFO  BUY_FILLED 403870 phase=HOLDING
2026-06-02 17:33:57 INFO  SELL [EOD_FORCE_SELL] 403870 pnl=0.51% time=15:30
2026-06-02 17:33:57 INFO  SELL_EXECUTED [KRX] 403870 mode=BREAKOUT phase=EXITING exitType=TIMESTOP price=44500.0000 qty=13 reason=EOD_FORCE_SELL pnl=0.51% peakPnl=1.07% holdMs=6360000 high=44750.0000 avgPrice=44275.0000 weightedPnl=0.49% (pending fill)
2026-06-02 17:33:57 INFO  SELL_FILLED_PNL 403870 reason=EOD_FORCE_SELL filledQty=13/13 fillRatio=1.00 weightedPnl=0.49% dailyPnl=0.49%
2026-06-02 17:33:57 INFO  SELL_FILLED 403870 reason=EOD_FORCE_SELL remainingQty=0 phase=NONE exitType=TIMESTOP
2026-06-02 17:33:57 INFO  BUY [KRX] 403870 mode=BREAKOUT price=45550.0000 qty=13 size=1.0000x score=80[B] | WHY: strongBreakout volBreakout retestOK multiUp vol(2.84x) | VWAP: 0.89%(ABOVE slope=UP) allowedGap=2.20% | TREND: score=3 vel=0.22%/0.11%/0.22% accel=true | VOL: 17982.0000/6331.8500 TO: 819080100.0000/287535132.5000 | HIGH: 45550.0000 fromHigh=0.00% | entryNo=1
2026-06-02 17:33:57 INFO  BUY_FILLED 403870 phase=HOLDING
2026-06-02 17:33:57 INFO  SELL [EOD_FORCE_SELL] 403870 pnl=0.77% time=15:30
2026-06-02 17:33:57 INFO  SELL_EXECUTED [KRX] 403870 mode=BREAKOUT phase=EXITING exitType=TIMESTOP price=45900.0000 qty=13 reason=EOD_FORCE_SELL pnl=0.77% peakPnl=0.88% holdMs=1380000 high=45950.0000 avgPrice=45550.0000 weightedPnl=0.76% (pending fill)
2026-06-02 17:33:57 INFO  SELL_FILLED_PNL 403870 reason=EOD_FORCE_SELL filledQty=13/13 fillRatio=1.00 weightedPnl=0.76% dailyPnl=0.76%
2026-06-02 17:33:57 INFO  SELL_FILLED 403870 reason=EOD_FORCE_SELL remainingQty=0 phase=NONE exitType=TIMESTOP
2026-06-02 17:33:57 INFO  BUY [KRX] 403870 mode=BREAKOUT price=43750.0000 qty=13 size=1.0000x score=90[S](CONV) | WHY: strongBreakout volBreakout retestOK multiUp vol(6.58x) | VWAP: 1.04%(ABOVE slope=UP) allowedGap=2.20% | TREND: score=3 vel=0.69%/0.57%/0.69% accel=true | VOL: 50411.0000/7661.1000 TO: 2205481250.0000/333683667.5000 | HIGH: 43800.0000 fromHigh=-0.11% | entryNo=1
2026-06-02 17:33:57 INFO  BUY_FILLED 403870 phase=HOLDING
2026-06-02 17:33:57 INFO  SELL [EOD_FORCE_SELL] 403870 pnl=0.91% time=15:30
2026-06-02 17:33:57 INFO  SELL_EXECUTED [KRX] 403870 mode=BREAKOUT phase=EXITING exitType=TIMESTOP price=44150.0000 qty=13 reason=EOD_FORCE_SELL pnl=0.91% peakPnl=1.26% holdMs=11400000 high=44300.0000 avgPrice=43750.0000 weightedPnl=0.87% (pending fill)
2026-06-02 17:33:57 INFO  SELL_FILLED_PNL 403870 reason=EOD_FORCE_SELL filledQty=13/13 fillRatio=1.00 weightedPnl=0.87% dailyPnl=0.87%
2026-06-02 17:33:57 INFO  SELL_FILLED 403870 reason=EOD_FORCE_SELL remainingQty=0 phase=NONE exitType=TIMESTOP
2026-06-02 17:33:57 INFO  BUY [KRX] 403870 mode=BREAKOUT price=47050.0000 qty=12 size=1.0000x score=90[S](CONV) | WHY: strongBreakout volBreakout retestOK multiUp vol(4.23x) | VWAP: 0.83%(ABOVE slope=UP) allowedGap=2.20% | TREND: score=3 vel=0.75%/0.53%/0.43% accel=true | VOL: 16458.0000/3891.2000 TO: 774348900.0000/182169512.5000 | HIGH: 47050.0000 fromHigh=0.00% | entryNo=1
2026-06-02 17:33:57 INFO  BUY_FILLED 403870 phase=HOLDING
2026-06-02 17:33:57 INFO  SELL_EXECUTED [KRX] 403870 mode=BREAKOUT phase=EXITING exitType=PROFIT price=48400.0000 qty=12 reason=TAKE_PROFIT_BREAKOUT pnl=2.87% peakPnl=2.87% holdMs=2040000 high=48400.0000 avgPrice=47050.0000 weightedPnl=2.70% (pending fill)
2026-06-02 17:33:57 INFO  SELL_FILLED_PNL 403870 reason=TAKE_PROFIT_BREAKOUT filledQty=12/12 fillRatio=1.00 weightedPnl=2.70% dailyPnl=2.70%
2026-06-02 17:33:57 INFO  SELL_FILLED 403870 reason=TAKE_PROFIT_BREAKOUT remainingQty=0 phase=NONE exitType=PROFIT
2026-06-02 17:33:57 INFO  BUY [KRX] 403870 mode=BREAKOUT price=55600.0000 qty=10 size=1.0000x score=80[B] | WHY: strongBreakout volBreakout retestOK multiUp vol(3.18x) | VWAP: 1.45%(ABOVE slope=UP) allowedGap=2.20% | TREND: score=3 vel=0.72%/0.54%/0.54% accel=true | VOL: 31309.0000/9841.4500 TO: 1740780400.0000/544167715.0000 | HIGH: 55600.0000 fromHigh=0.00% | entryNo=1
2026-06-02 17:33:57 INFO  BUY_FILLED 403870 phase=HOLDING
2026-06-02 17:33:57 INFO  SELL_EXECUTED [KRX] 403870 mode=BREAKOUT phase=EXITING exitType=VWAP_BREAK price=54900.0000 qty=10 reason=VWAP_BREAK pnl=-1.26% peakPnl=0.54% holdMs=4080000 high=55900.0000 avgPrice=55600.0000 weightedPnl=-1.17% (pending fill)
2026-06-02 17:33:57 INFO  SELL_FILLED_PNL 403870 reason=VWAP_BREAK filledQty=10/10 fillRatio=1.00 weightedPnl=-1.17% dailyPnl=-1.17%
2026-06-02 17:33:57 INFO  SELL_FILLED 403870 reason=VWAP_BREAK remainingQty=0 phase=NONE exitType=VWAP_BREAK
2026-06-02 17:33:57 INFO  BUY [KRX] 403870 mode=BREAKOUT price=54000.0000 qty=11 size=1.0000x score=90[S](CONV) | WHY: strongBreakout volBreakout retestOK multiUp vol(4.09x) | VWAP: 1.03%(ABOVE slope=UP) allowedGap=2.20% | TREND: score=3 vel=0.75%/0.56%/1.12% accel=true | VOL: 20733.0000/5073.9500 TO: 1119582000.0000/271993160.0000 | HIGH: 54000.0000 fromHigh=0.00% | entryNo=1
2026-06-02 17:33:57 INFO  BUY_FILLED 403870 phase=HOLDING
2026-06-02 17:33:57 INFO  SELL [EOD_FORCE_SELL] 403870 pnl=-0.56% time=15:30
2026-06-02 17:33:57 INFO  SELL_EXECUTED [KRX] 403870 mode=BREAKOUT phase=EXITING exitType=TIMESTOP price=53700.0000 qty=11 reason=EOD_FORCE_SELL pnl=-0.56% peakPnl=0.28% holdMs=2820000 high=54150.0000 avgPrice=54000.0000 weightedPnl=-0.55% (pending fill)
2026-06-02 17:33:57 INFO  SELL_FILLED_PNL 403870 reason=EOD_FORCE_SELL filledQty=11/11 fillRatio=1.00 weightedPnl=-0.55% dailyPnl=-0.55%
2026-06-02 17:33:57 INFO  SELL_FILLED 403870 reason=EOD_FORCE_SELL remainingQty=0 phase=NONE exitType=TIMESTOP
2026-06-02 17:33:58 INFO  BUY [KRX] 403870 mode=BREAKOUT price=54000.0000 qty=11 size=1.0000x score=85[A](CONV) | WHY: strongBreakout volBreakout retestOK multiUp vol(7.64x) | VWAP: 0.91%(ABOVE slope=UP) allowedGap=2.20% | TREND: score=3 vel=0.93%/0.75%/0.93% accel=true | VOL: 26336.0000/3447.2500 TO: 1422144000.0000/184930820.0000 | HIGH: 54000.0000 fromHigh=0.00% | entryNo=1
2026-06-02 17:33:58 INFO  BUY_FILLED 403870 phase=HOLDING
2026-06-02 17:33:58 INFO  SELL [EOD_FORCE_SELL] 403870 pnl=1.30% time=15:30
2026-06-02 17:33:58 INFO  SELL_EXECUTED [KRX] 403870 mode=BREAKOUT phase=EXITING exitType=TIMESTOP price=54700.0000 qty=11 reason=EOD_FORCE_SELL pnl=1.30% peakPnl=2.59% holdMs=17040000 high=55400.0000 avgPrice=54000.0000 weightedPnl=1.28% (pending fill)
2026-06-02 17:33:58 INFO  SELL_FILLED_PNL 403870 reason=EOD_FORCE_SELL filledQty=11/11 fillRatio=1.00 weightedPnl=1.28% dailyPnl=1.28%
2026-06-02 17:33:58 INFO  SELL_FILLED 403870 reason=EOD_FORCE_SELL remainingQty=0 phase=NONE exitType=TIMESTOP
2026-06-02 17:33:58 INFO  BUY [KRX] 403870 mode=BREAKOUT price=54000.0000 qty=11 size=1.0000x score=85[A](CONV) | WHY: strongBreakout volBreakout retestOK multiUp vol(7.64x) | VWAP: 0.91%(ABOVE slope=UP) allowedGap=2.20% | TREND: score=3 vel=0.93%/0.75%/0.93% accel=true | VOL: 26336.0000/3447.2500 TO: 1422144000.0000/184930820.0000 | HIGH: 54000.0000 fromHigh=0.00% | entryNo=1
2026-06-02 17:33:58 INFO  BUY_FILLED 403870 phase=HOLDING
2026-06-02 17:33:58 INFO  SELL [EOD_FORCE_SELL] 403870 pnl=1.30% time=15:30
2026-06-02 17:33:58 INFO  SELL_EXECUTED [KRX] 403870 mode=BREAKOUT phase=EXITING exitType=TIMESTOP price=54700.0000 qty=11 reason=EOD_FORCE_SELL pnl=1.30% peakPnl=2.59% holdMs=17040000 high=55400.0000 avgPrice=54000.0000 weightedPnl=1.28% (pending fill)
2026-06-02 17:33:58 INFO  SELL_FILLED_PNL 403870 reason=EOD_FORCE_SELL filledQty=11/11 fillRatio=1.00 weightedPnl=1.28% dailyPnl=1.28%
2026-06-02 17:33:58 INFO  SELL_FILLED 403870 reason=EOD_FORCE_SELL remainingQty=0 phase=NONE exitType=TIMESTOP
2026-06-02 17:33:58 INFO  BUY amount set for 001440: 600000.00
2026-06-02 17:33:58 INFO  BUY [KRX] 001440 mode=BREAKOUT price=29700.0000 qty=20 size=1.0000x score=90[S](CONV) | WHY: strongBreakout volBreakout retestOK multiUp vol(5.08x) | VWAP: 1.03%(ABOVE slope=UP) allowedGap=2.20% | TREND: score=3 vel=0.85%/0.51%/0.68% accel=true | VOL: 29686.0000/5844.5000 TO: 881674200.0000/172614857.5000 | HIGH: 29700.0000 fromHigh=0.00% | entryNo=1
2026-06-02 17:33:58 INFO  BUY_FILLED 001440 phase=HOLDING
2026-06-02 17:33:58 INFO  SELL_EXECUTED [KRX] 001440 mode=BREAKOUT phase=EXITING exitType=VWAP_BREAK price=29550.0000 qty=20 reason=VWAP_BREAK pnl=-0.51% peakPnl=1.01% holdMs=4980000 high=30000.0000 avgPrice=29700.0000 weightedPnl=-0.50% (pending fill)
2026-06-02 17:33:58 INFO  SELL_FILLED_PNL 001440 reason=VWAP_BREAK filledQty=20/20 fillRatio=1.00 weightedPnl=-0.50% dailyPnl=-0.50%
2026-06-02 17:33:58 INFO  SELL_FILLED 001440 reason=VWAP_BREAK remainingQty=0 phase=NONE exitType=VWAP_BREAK
2026-06-02 17:33:58 INFO  BUY [KRX] 001440 mode=BREAKOUT price=30350.0000 qty=15 size=0.8000x score=85[A](CONV) | WHY: strongBreakout volBreakout retestOK multiUp vol(2.17x) | VWAP: 0.64%(ABOVE slope=UP) allowedGap=2.20% | TREND: score=3 vel=0.83%/0.58%/0.50% accel=true | VOL: 51350.0000/23663.8750 TO: 1558472500.0000/713596185.9375 | HIGH: 30350.0000 fromHigh=0.00% | entryNo=1
2026-06-02 17:33:58 INFO  BUY_FILLED 001440 phase=HOLDING
2026-06-02 17:33:58 INFO  SELL_EXECUTED [KRX] 001440 mode=BREAKOUT phase=EXITING exitType=VWAP_BREAK price=30200.0000 qty=15 reason=VWAP_BREAK pnl=-0.49% peakPnl=0.66% holdMs=2760000 high=30550.0000 avgPrice=30350.0000 weightedPnl=-0.38% (pending fill)
2026-06-02 17:33:58 INFO  SELL_FILLED_PNL 001440 reason=VWAP_BREAK filledQty=15/15 fillRatio=1.00 weightedPnl=-0.38% dailyPnl=-0.38%
2026-06-02 17:33:58 INFO  SELL_FILLED 001440 reason=VWAP_BREAK remainingQty=0 phase=NONE exitType=VWAP_BREAK
2026-06-02 17:33:58 INFO  BUY [KRX] 001440 mode=BREAKOUT price=30750.0000 qty=19 size=1.0000x score=80[B] | WHY: strongBreakout volBreakout retestOK multiUp vol(3.17x) | VWAP: 1.23%(ABOVE slope=UP) allowedGap=2.20% | TREND: score=3 vel=0.82%/0.49%/0.82% accel=true | VOL: 77187.0000/24324.2000 TO: 2373500250.0000/742616557.5000 | HIGH: 30750.0000 fromHigh=0.00% | entryNo=1
2026-06-02 17:33:58 INFO  BUY_FILLED 001440 phase=HOLDING
2026-06-02 17:33:58 INFO  SELL_EXECUTED [KRX] 001440 mode=BREAKOUT phase=EXITING exitType=VWAP_BREAK price=30450.0000 qty=19 reason=VWAP_BREAK pnl=-0.98% peakPnl=0.65% holdMs=2640000 high=30950.0000 avgPrice=30750.0000 weightedPnl=-0.95% (pending fill)
2026-06-02 17:33:58 INFO  SELL_FILLED_PNL 001440 reason=VWAP_BREAK filledQty=19/19 fillRatio=1.00 weightedPnl=-0.95% dailyPnl=-0.95%
2026-06-02 17:33:58 INFO  SELL_FILLED 001440 reason=VWAP_BREAK remainingQty=0 phase=NONE exitType=VWAP_BREAK
2026-06-02 17:33:58 INFO  BUY [KRX] 001440 mode=BREAKOUT price=31050.0000 qty=19 size=1.0000x score=90[S](CONV) | WHY: strongBreakout volBreakout retestOK multiUp vol(5.73x) | VWAP: 0.95%(ABOVE slope=UP) allowedGap=2.20% | TREND: score=3 vel=1.31%/1.14%/1.31% accel=true | VOL: 113689.0000/19831.6000 TO: 3530043450.0000/612482365.0000 | HIGH: 31050.0000 fromHigh=0.00% | entryNo=1
2026-06-02 17:33:58 INFO  BUY_FILLED 001440 phase=HOLDING
2026-06-02 17:33:58 INFO  SELL_EXECUTED [KRX] 001440 mode=BREAKOUT phase=EXITING exitType=VWAP_BREAK price=30700.0000 qty=19 reason=VWAP_BREAK pnl=-1.13% peakPnl=-0.32% holdMs=1140000 high=30950.0000 avgPrice=31050.0000 weightedPnl=-1.11% (pending fill)
2026-06-02 17:33:58 INFO  SELL_FILLED_PNL 001440 reason=VWAP_BREAK filledQty=19/19 fillRatio=1.00 weightedPnl=-1.11% dailyPnl=-1.11%
2026-06-02 17:33:58 INFO  SELL_FILLED 001440 reason=VWAP_BREAK remainingQty=0 phase=NONE exitType=VWAP_BREAK
2026-06-02 17:33:58 INFO  BUY [KRX] 001440 mode=BREAKOUT price=29750.0000 qty=20 size=1.0000x score=85[A](CONV) | WHY: strongBreakout volBreakout retestOK multiUp vol(7.68x) | VWAP: 1.11%(ABOVE slope=UP) allowedGap=2.20% | TREND: score=3 vel=0.34%/0.17%/0.42% accel=true | VOL: 36571.0000/4760.3500 TO: 1087987250.0000/141386440.0000 | HIGH: 29800.0000 fromHigh=-0.17% | entryNo=1
2026-06-02 17:33:58 INFO  BUY_FILLED 001440 phase=HOLDING
2026-06-02 17:33:58 INFO  SELL [EOD_FORCE_SELL] 001440 pnl=1.01% time=15:30
2026-06-02 17:33:58 INFO  SELL_EXECUTED [KRX] 001440 mode=BREAKOUT phase=EXITING exitType=TIMESTOP price=30050.0000 qty=20 reason=EOD_FORCE_SELL pnl=1.01% peakPnl=2.10% holdMs=11760000 high=30375.0000 avgPrice=29750.0000 weightedPnl=1.00% (pending fill)
2026-06-02 17:33:58 INFO  SELL_FILLED_PNL 001440 reason=EOD_FORCE_SELL filledQty=20/20 fillRatio=1.00 weightedPnl=1.00% dailyPnl=1.00%
2026-06-02 17:33:58 INFO  SELL_FILLED 001440 reason=EOD_FORCE_SELL remainingQty=0 phase=NONE exitType=TIMESTOP
2026-06-02 17:33:58 INFO  BUY [KRX] 001440 mode=BREAKOUT price=31950.0000 qty=18 size=1.0000x score=85[A](CONV) | WHY: strongBreakout volBreakout retestOK multiUp vol(3.57x) | VWAP: 0.89%(ABOVE slope=UP) allowedGap=2.20% | TREND: score=3 vel=0.47%/0.31%/0.63% accel=true | VOL: 21751.0000/6088.4000 TO: 694944450.0000/193667637.5000 | HIGH: 31950.0000 fromHigh=0.00% | entryNo=1
2026-06-02 17:33:58 INFO  BUY_FILLED 001440 phase=HOLDING
2026-06-02 17:33:58 INFO  SELL [EOD_FORCE_SELL] 001440 pnl=0.16% time=15:30
2026-06-02 17:33:58 INFO  SELL_EXECUTED [KRX] 001440 mode=BREAKOUT phase=EXITING exitType=TIMESTOP price=32000.0000 qty=18 reason=EOD_FORCE_SELL pnl=0.16% peakPnl=0.16% holdMs=7320000 high=32000.0000 avgPrice=31950.0000 weightedPnl=0.15% (pending fill)
2026-06-02 17:33:58 INFO  SELL_FILLED_PNL 001440 reason=EOD_FORCE_SELL filledQty=18/18 fillRatio=1.00 weightedPnl=0.15% dailyPnl=0.15%
2026-06-02 17:33:58 INFO  SELL_FILLED 001440 reason=EOD_FORCE_SELL remainingQty=0 phase=NONE exitType=TIMESTOP
2026-06-02 17:33:58 INFO  BUY [KRX] 001440 mode=BREAKOUT price=41200.0000 qty=14 size=1.0000x score=80[B] | WHY: strongBreakout volBreakout retestOK multiUp vol(2.80x) | VWAP: 1.14%(ABOVE slope=UP) allowedGap=2.20% | TREND: score=3 vel=0.37%/0.24%/0.37% accel=true | VOL: 37793.0000/13484.0500 TO: 1557071600.0000/553073638.7500 | HIGH: 41250.0000 fromHigh=-0.12% | entryNo=1
2026-06-02 17:33:58 INFO  BUY_FILLED 001440 phase=HOLDING
2026-06-02 17:33:58 INFO  SELL_EXECUTED [KRX] 001440 mode=BREAKOUT phase=EXITING exitType=VWAP_BREAK price=40925.0000 qty=14 reason=VWAP_BREAK pnl=-0.67% peakPnl=1.09% holdMs=1980000 high=41650.0000 avgPrice=41200.0000 weightedPnl=-0.64% (pending fill)
2026-06-02 17:33:58 INFO  SELL_FILLED_PNL 001440 reason=VWAP_BREAK filledQty=14/14 fillRatio=1.00 weightedPnl=-0.64% dailyPnl=-0.64%
2026-06-02 17:33:58 INFO  SELL_FILLED 001440 reason=VWAP_BREAK remainingQty=0 phase=NONE exitType=VWAP_BREAK
2026-06-02 17:33:58 INFO  BUY [KRX] 001440 mode=BREAKOUT price=69400.0000 qty=8 size=1.0000x score=90[S](CONV) | WHY: strongBreakout volBreakout retestOK multiUp vol(5.52x) | VWAP: 1.00%(ABOVE slope=UP) allowedGap=2.20% | TREND: score=3 vel=0.73%/0.51%/0.73% accel=true | VOL: 70964.0000/12861.3000 TO: 4924901600.0000/888363917.5000 | HIGH: 69400.0000 fromHigh=0.00% | entryNo=1
2026-06-02 17:33:58 INFO  BUY_FILLED 001440 phase=HOLDING
2026-06-02 17:33:58 INFO  SELL_EXECUTED [KRX] 001440 mode=BREAKOUT phase=EXITING exitType=PROFIT price=71400.0000 qty=8 reason=TAKE_PROFIT_BREAKOUT pnl=2.88% peakPnl=2.88% holdMs=1920000 high=71400.0000 avgPrice=69400.0000 weightedPnl=2.67% (pending fill)
2026-06-02 17:33:58 INFO  SELL_FILLED_PNL 001440 reason=TAKE_PROFIT_BREAKOUT filledQty=8/8 fillRatio=1.00 weightedPnl=2.67% dailyPnl=2.67%
2026-06-02 17:33:58 INFO  SELL_FILLED 001440 reason=TAKE_PROFIT_BREAKOUT remainingQty=0 phase=NONE exitType=PROFIT
2026-06-02 17:33:58 INFO  BUY [KRX] 001440 mode=BREAKOUT price=56200.0000 qty=10 size=1.0000x score=80[B] | WHY: strongBreakout volBreakout retestOK multiUp vol(6.93x) | VWAP: 1.48%(ABOVE slope=UP) allowedGap=2.20% | TREND: score=3 vel=0.90%/0.72%/0.81% accel=true | VOL: 75477.0000/10892.1500 TO: 4241807400.0000/608793175.0000 | HIGH: 56200.0000 fromHigh=0.00% | entryNo=1
2026-06-02 17:33:58 INFO  BUY_FILLED 001440 phase=HOLDING
2026-06-02 17:33:58 INFO  SELL [EOD_FORCE_SELL] 001440 pnl=-0.36% time=15:30
2026-06-02 17:33:58 INFO  SELL_EXECUTED [KRX] 001440 mode=BREAKOUT phase=EXITING exitType=TIMESTOP price=56000.0000 qty=10 reason=EOD_FORCE_SELL pnl=-0.36% peakPnl=0.18% holdMs=5460000 high=56300.0000 avgPrice=56200.0000 weightedPnl=-0.33% (pending fill)
2026-06-02 17:33:58 INFO  SELL_FILLED_PNL 001440 reason=EOD_FORCE_SELL filledQty=10/10 fillRatio=1.00 weightedPnl=-0.33% dailyPnl=-0.33%
2026-06-02 17:33:58 INFO  SELL_FILLED 001440 reason=EOD_FORCE_SELL remainingQty=0 phase=NONE exitType=TIMESTOP
2026-06-02 17:33:59 INFO  BUY amount set for 037560: 600000.00
2026-06-02 17:33:59 INFO  BUY amount set for 003550: 600000.00
2026-06-02 17:33:59 INFO  BUY [KRX] 003550 mode=BREAKOUT price=95700.0000 qty=5 size=0.8000x score=87[A](CONV) | WHY: strongBreakout volBreakout retestOK multiUp vol(1.75x) | VWAP: 0.41%(ABOVE slope=UP) allowedGap=2.20% | TREND: score=3 vel=0.53%/0.26%/0.42% accel=true | VOL: 2930.0000/1675.8889 TO: 280401000.0000/159727936.1111 | HIGH: 95900.0000 fromHigh=-0.21% | entryNo=1
2026-06-02 17:33:59 INFO  BUY_FILLED 003550 phase=HOLDING
2026-06-02 17:33:59 INFO  SELL_EXECUTED [KRX] 003550 mode=BREAKOUT phase=EXITING exitType=VWAP_BREAK price=95300.0000 qty=5 reason=VWAP_BREAK pnl=-0.42% peakPnl=0.52% holdMs=960000 high=96200.0000 avgPrice=95700.0000 weightedPnl=-0.33% (pending fill)
2026-06-02 17:33:59 INFO  SELL_FILLED_PNL 003550 reason=VWAP_BREAK filledQty=5/5 fillRatio=1.00 weightedPnl=-0.33% dailyPnl=-0.33%
2026-06-02 17:33:59 INFO  SELL_FILLED 003550 reason=VWAP_BREAK remainingQty=0 phase=NONE exitType=VWAP_BREAK
2026-06-02 17:33:59 INFO  BUY [KRX] 003550 mode=BREAKOUT price=89000.0000 qty=6 size=1.0000x score=85[A](CONV) | WHY: strongBreakout volBreakout retestOK multiUp vol(4.20x) | VWAP: 0.65%(ABOVE slope=UP) allowedGap=2.20% | TREND: score=3 vel=0.23%/0.11%/0.23% accel=true | VOL: 2594.0000/617.9000 TO: 230866000.0000/54898045.0000 | HIGH: 89100.0000 fromHigh=-0.11% | entryNo=1
2026-06-02 17:33:59 INFO  BUY_FILLED 003550 phase=HOLDING
2026-06-02 17:33:59 INFO  SELL [EOD_FORCE_SELL] 003550 pnl=-0.22% time=15:30
2026-06-02 17:33:59 INFO  SELL_EXECUTED [KRX] 003550 mode=BREAKOUT phase=EXITING exitType=TIMESTOP price=88800.0000 qty=6 reason=EOD_FORCE_SELL pnl=-0.22% peakPnl=0.11% holdMs=4920000 high=89100.0000 avgPrice=89000.0000 weightedPnl=-0.20% (pending fill)
2026-06-02 17:33:59 INFO  SELL_FILLED_PNL 003550 reason=EOD_FORCE_SELL filledQty=6/6 fillRatio=1.00 weightedPnl=-0.20% dailyPnl=-0.20%
2026-06-02 17:33:59 INFO  SELL_FILLED 003550 reason=EOD_FORCE_SELL remainingQty=0 phase=NONE exitType=TIMESTOP
2026-06-02 17:33:59 INFO  BUY [KRX] 003550 mode=BREAKOUT price=85700.0000 qty=7 size=1.0000x score=85[A](CONV) | WHY: strongBreakout volBreakout retestOK multiUp vol(7.87x) | VWAP: 0.39%(ABOVE slope=UP) allowedGap=2.20% | TREND: score=3 vel=0.35%/0.29%/0.23% accel=true | VOL: 2934.0000/372.8500 TO: 251443800.0000/31869795.0000 | HIGH: 85800.0000 fromHigh=-0.12% | entryNo=1
2026-06-02 17:33:59 INFO  BUY_FILLED 003550 phase=HOLDING
2026-06-02 17:33:59 INFO  SELL_EXECUTED [KRX] 003550 mode=BREAKOUT phase=EXITING exitType=VWAP_BREAK price=85200.0000 qty=7 reason=VWAP_BREAK pnl=-0.58% peakPnl=0.00% holdMs=1860000 high=85700.0000 avgPrice=85700.0000 weightedPnl=-0.58% (pending fill)
2026-06-02 17:33:59 INFO  SELL_FILLED_PNL 003550 reason=VWAP_BREAK filledQty=7/7 fillRatio=1.00 weightedPnl=-0.58% dailyPnl=-0.58%
2026-06-02 17:33:59 INFO  SELL_FILLED 003550 reason=VWAP_BREAK remainingQty=0 phase=NONE exitType=VWAP_BREAK
2026-06-02 17:33:59 INFO  BUY [KRX] 003550 mode=BREAKOUT price=88000.0000 qty=6 size=1.0000x score=85[A](CONV) | WHY: strongBreakout volBreakout retestOK multiUp vol(2.94x) | VWAP: 0.72%(ABOVE slope=UP) allowedGap=2.20% | TREND: score=3 vel=0.34%/0.23%/0.57% accel=true | VOL: 4202.0000/1430.5500 TO: 369776000.0000/125718435.0000 | HIGH: 88200.0000 fromHigh=-0.23% | entryNo=1
2026-06-02 17:33:59 INFO  BUY_FILLED 003550 phase=HOLDING
2026-06-02 17:33:59 INFO  SELL_EXECUTED [KRX] 003550 mode=BREAKOUT phase=EXITING exitType=VWAP_BREAK price=87200.0000 qty=6 reason=VWAP_BREAK pnl=-0.91% peakPnl=-0.11% holdMs=660000 high=87900.0000 avgPrice=88000.0000 weightedPnl=-0.80% (pending fill)
2026-06-02 17:33:59 INFO  SELL_FILLED_PNL 003550 reason=VWAP_BREAK filledQty=6/6 fillRatio=1.00 weightedPnl=-0.80% dailyPnl=-0.80%
2026-06-02 17:33:59 INFO  SELL_FILLED 003550 reason=VWAP_BREAK remainingQty=0 phase=NONE exitType=VWAP_BREAK
2026-06-02 17:33:59 INFO  BUY [KRX] 003550 mode=BREAKOUT price=88000.0000 qty=6 size=1.0000x score=80[B] | WHY: strongBreakout volBreakout retestOK multiUp vol(2.78x) | VWAP: 0.25%(ABOVE slope=UP) allowedGap=2.20% | TREND: score=3 vel=0.46%/0.34%/0.34% accel=true | VOL: 1983.0000/713.4000 TO: 174504000.0000/62623095.0000 | HIGH: 88000.0000 fromHigh=0.00% | entryNo=1
2026-06-02 17:33:59 INFO  BUY_FILLED 003550 phase=HOLDING
2026-06-02 17:33:59 INFO  SELL_EXECUTED [KRX] 003550 mode=BREAKOUT phase=EXITING exitType=VWAP_BREAK price=87700.0000 qty=6 reason=VWAP_BREAK pnl=-0.34% peakPnl=1.14% holdMs=3420000 high=89000.0000 avgPrice=88000.0000 weightedPnl=-0.30% (pending fill)
2026-06-02 17:33:59 INFO  SELL_FILLED_PNL 003550 reason=VWAP_BREAK filledQty=6/6 fillRatio=1.00 weightedPnl=-0.30% dailyPnl=-0.30%
2026-06-02 17:33:59 INFO  SELL_FILLED 003550 reason=VWAP_BREAK remainingQty=0 phase=NONE exitType=VWAP_BREAK
2026-06-02 17:33:59 INFO  BUY [KRX] 003550 mode=BREAKOUT price=88700.0000 qty=6 size=1.0000x score=95[SS](CONV) | WHY: strongBreakout volBreakout retestOK multiUp vol(12.30x) | VWAP: 0.58%(ABOVE slope=UP) allowedGap=2.20% | TREND: score=3 vel=0.34%/0.28%/0.28% accel=true | VOL: 4229.0000/343.9000 TO: 375112300.0000/30468780.0000 | HIGH: 88900.0000 fromHigh=-0.22% | entryNo=1
2026-06-02 17:34:00 INFO  BUY_FILLED 003550 phase=HOLDING
2026-06-02 17:34:00 INFO  SELL_EXECUTED [KRX] 003550 mode=BREAKOUT phase=EXITING exitType=VWAP_BREAK price=88000.0000 qty=6 reason=VWAP_BREAK pnl=-0.79% peakPnl=0.11% holdMs=1860000 high=88800.0000 avgPrice=88700.0000 weightedPnl=-0.70% (pending fill)
2026-06-02 17:34:00 INFO  SELL_FILLED_PNL 003550 reason=VWAP_BREAK filledQty=6/6 fillRatio=1.00 weightedPnl=-0.70% dailyPnl=-0.70%
2026-06-02 17:34:00 INFO  SELL_FILLED 003550 reason=VWAP_BREAK remainingQty=0 phase=NONE exitType=VWAP_BREAK
2026-06-02 17:34:00 INFO  BUY [KRX] 003550 mode=BREAKOUT price=91000.0000 qty=6 size=1.0000x score=85[A](CONV) | WHY: strongBreakout volBreakout retestOK multiUp vol(6.53x) | VWAP: 0.68%(ABOVE slope=UP) allowedGap=2.20% | TREND: score=3 vel=0.44%/0.33%/0.22% accel=true | VOL: 9044.0000/1384.6000 TO: 823004000.0000/125431410.0000 | HIGH: 91000.0000 fromHigh=0.00% | entryNo=1
2026-06-02 17:34:00 INFO  BUY_FILLED 003550 phase=HOLDING
2026-06-02 17:34:00 INFO  SELL_EXECUTED [KRX] 003550 mode=BREAKOUT phase=EXITING exitType=VWAP_BREAK price=90000.0000 qty=6 reason=VWAP_BREAK pnl=-1.10% peakPnl=-0.11% holdMs=420000 high=90900.0000 avgPrice=91000.0000 weightedPnl=-1.00% (pending fill)
2026-06-02 17:34:00 INFO  SELL_FILLED_PNL 003550 reason=VWAP_BREAK filledQty=6/6 fillRatio=1.00 weightedPnl=-1.00% dailyPnl=-1.00%
2026-06-02 17:34:00 INFO  SELL_FILLED 003550 reason=VWAP_BREAK remainingQty=0 phase=NONE exitType=VWAP_BREAK
2026-06-02 17:34:00 INFO  BUY [KRX] 003550 mode=BREAKOUT price=92100.0000 qty=6 size=1.0000x score=85[A](CONV) | WHY: strongBreakout volBreakout retestOK multiUp vol(2.85x) | VWAP: 0.39%(ABOVE slope=UP) allowedGap=2.20% | TREND: score=3 vel=0.55%/0.44%/0.22% accel=true | VOL: 3667.0000/1284.7500 TO: 337730700.0000/117865615.0000 | HIGH: 92200.0000 fromHigh=-0.11% | entryNo=1
2026-06-02 17:34:00 INFO  BUY_FILLED 003550 phase=HOLDING
2026-06-02 17:34:00 INFO  SELL [EOD_FORCE_SELL] 003550 pnl=0.98% time=15:30
2026-06-02 17:34:00 INFO  SELL_EXECUTED [KRX] 003550 mode=BREAKOUT phase=EXITING exitType=TIMESTOP price=93000.0000 qty=6 reason=EOD_FORCE_SELL pnl=0.98% peakPnl=1.85% holdMs=22260000 high=93800.0000 avgPrice=92100.0000 weightedPnl=0.90% (pending fill)
2026-06-02 17:34:00 INFO  SELL_FILLED_PNL 003550 reason=EOD_FORCE_SELL filledQty=6/6 fillRatio=1.00 weightedPnl=0.90% dailyPnl=0.90%
2026-06-02 17:34:00 INFO  SELL_FILLED 003550 reason=EOD_FORCE_SELL remainingQty=0 phase=NONE exitType=TIMESTOP
2026-06-02 17:34:00 INFO  BUY [KRX] 003550 mode=BREAKOUT price=98400.0000 qty=6 size=1.0000x score=85[A](CONV) | WHY: strongBreakout volBreakout retestOK multiUp vol(3.14x) | VWAP: 0.34%(ABOVE slope=UP) allowedGap=2.20% | TREND: score=3 vel=0.20%/0.10%/0.31% accel=true | VOL: 5763.0000/1836.5500 TO: 567079200.0000/180273802.5000 | HIGH: 98500.0000 fromHigh=-0.10% | entryNo=1
2026-06-02 17:34:00 INFO  BUY_FILLED 003550 phase=HOLDING
2026-06-02 17:34:00 INFO  SELL [EOD_FORCE_SELL] 003550 pnl=-0.10% time=15:30
2026-06-02 17:34:00 INFO  SELL_EXECUTED [KRX] 003550 mode=BREAKOUT phase=EXITING exitType=TIMESTOP price=98300.0000 qty=6 reason=EOD_FORCE_SELL pnl=-0.10% peakPnl=0.00% holdMs=1140000 high=98400.0000 avgPrice=98400.0000 weightedPnl=-0.10% (pending fill)
2026-06-02 17:34:00 INFO  SELL_FILLED_PNL 003550 reason=EOD_FORCE_SELL filledQty=6/6 fillRatio=1.00 weightedPnl=-0.10% dailyPnl=-0.10%
2026-06-02 17:34:00 INFO  SELL_FILLED 003550 reason=EOD_FORCE_SELL remainingQty=0 phase=NONE exitType=TIMESTOP
2026-06-02 17:34:00 INFO  BUY [KRX] 003550 mode=BREAKOUT price=106000.0000 qty=5 size=1.0000x score=80[B] | WHY: strongBreakout volBreakout retestOK multiUp vol(3.99x) | VWAP: 1.26%(ABOVE slope=UP) allowedGap=2.20% | TREND: score=3 vel=0.95%/0.86%/0.95% accel=true | VOL: 5688.0000/1425.4000 TO: 602359200.0000/150024095.0000 | HIGH: 106000.0000 fromHigh=-0.09% | entryNo=1
2026-06-02 17:34:00 INFO  BUY_FILLED 003550 phase=HOLDING
2026-06-02 17:34:00 INFO  SELL [EOD_FORCE_SELL] 003550 pnl=-0.57% time=15:30
2026-06-02 17:34:00 INFO  SELL_EXECUTED [KRX] 003550 mode=BREAKOUT phase=EXITING exitType=TIMESTOP price=105300.0000 qty=5 reason=EOD_FORCE_SELL pnl=-0.57% peakPnl=0.38% holdMs=3720000 high=106300.0000 avgPrice=105900.0000 weightedPnl=-0.50% (pending fill)
2026-06-02 17:34:00 INFO  SELL_FILLED_PNL 003550 reason=EOD_FORCE_SELL filledQty=5/5 fillRatio=1.00 weightedPnl=-0.50% dailyPnl=-0.50%
2026-06-02 17:34:00 INFO  SELL_FILLED 003550 reason=EOD_FORCE_SELL remainingQty=0 phase=NONE exitType=TIMESTOP
2026-06-02 17:43:20 INFO  BUY amount set for 241520: 9810000.00
2026-06-02 17:43:20 INFO  BUY [KRX] 241520 mode=BREAKOUT price=16150.0000 qty=607 size=1.0000x score=90[S](CONV) | WHY: strongBreakout volBreakout retestOK multiUp vol(7.38x) | VWAP: 1.12%(ABOVE slope=UP) allowedGap=2.20% | TREND: score=3 vel=0.75%/0.69%/0.81% accel=true | VOL: 20421.0000/2767.1500 TO: 329390730.0000/44443708.7500 | HIGH: 16140.0000 fromHigh=-0.06% | entryNo=1
2026-06-02 17:43:20 INFO  BUY_FILLED 241520 phase=HOLDING
2026-06-02 17:43:20 INFO  SELL [EOD_FORCE_SELL] 241520 pnl=-0.56% time=15:30
2026-06-02 17:43:20 INFO  SELL_EXECUTED [KRX] 241520 mode=BREAKOUT phase=EXITING exitType=TIMESTOP price=16040.0000 qty=607 reason=EOD_FORCE_SELL pnl=-0.56% peakPnl=0.00% holdMs=4920000 high=16130.0000 avgPrice=16130.0000 weightedPnl=-0.56% (pending fill)
2026-06-02 17:43:20 INFO  SELL_FILLED_PNL 241520 reason=EOD_FORCE_SELL filledQty=607/607 fillRatio=1.00 weightedPnl=-0.56% dailyPnl=-0.56%
2026-06-02 17:43:20 INFO  SELL_FILLED 241520 reason=EOD_FORCE_SELL remainingQty=0 phase=NONE exitType=TIMESTOP
2026-06-02 17:43:21 INFO  BUY amount set for 267260: 9810000.00
2026-06-02 17:43:21 INFO  BUY [KRX] 267260 mode=BREAKOUT price=965000.0000 qty=10 size=1.0000x score=100[SS](CONV) | WHY: strongBreakout volBreakout retestOK multiUp vol(3.38x) | VWAP: 0.82%(ABOVE slope=UP) allowedGap=2.20% | TREND: score=3 vel=0.42%/0.31%/0.21% accel=true | VOL: 1674.0000/495.5500 TO: 1615410000.0000/477508250.0000 | HIGH: 967000.0000 fromHigh=-0.21% | entryNo=1
2026-06-02 17:43:21 INFO  BUY_FILLED 267260 phase=HOLDING
2026-06-02 17:43:21 INFO  SELL [EOD_FORCE_SELL] 267260 pnl=0.31% time=15:30
2026-06-02 17:43:21 INFO  SELL_EXECUTED [KRX] 267260 mode=BREAKOUT phase=EXITING exitType=TIMESTOP price=968000.0000 qty=10 reason=EOD_FORCE_SELL pnl=0.31% peakPnl=0.52% holdMs=2340000 high=970000.0000 avgPrice=965000.0000 weightedPnl=0.31% (pending fill)
2026-06-02 17:43:21 INFO  SELL_FILLED_PNL 267260 reason=EOD_FORCE_SELL filledQty=10/10 fillRatio=1.00 weightedPnl=0.31% dailyPnl=0.31%
2026-06-02 17:43:21 INFO  SELL_FILLED 267260 reason=EOD_FORCE_SELL remainingQty=0 phase=NONE exitType=TIMESTOP
2026-06-02 17:43:21 INFO  BUY [KRX] 267260 mode=BREAKOUT price=964000.0000 qty=10 size=1.0000x score=90[S](CONV) | WHY: strongBreakout volBreakout retestOK multiUp vol(3.50x) | VWAP: 0.56%(ABOVE slope=UP) allowedGap=2.20% | TREND: score=3 vel=0.63%/0.31%/0.31% accel=true | VOL: 1772.0000/506.9000 TO: 1708208000.0000/485954600.0000 | HIGH: 965000.0000 fromHigh=-0.10% | entryNo=1
2026-06-02 17:43:21 INFO  BUY_FILLED 267260 phase=HOLDING
2026-06-02 17:43:21 INFO  SELL [EOD_FORCE_SELL] 267260 pnl=1.04% time=15:30
2026-06-02 17:43:21 INFO  SELL_EXECUTED [KRX] 267260 mode=BREAKOUT phase=EXITING exitType=TIMESTOP price=974000.0000 qty=10 reason=EOD_FORCE_SELL pnl=1.04% peakPnl=1.24% holdMs=21960000 high=976000.0000 avgPrice=964000.0000 weightedPnl=1.02% (pending fill)
2026-06-02 17:43:21 INFO  SELL_FILLED_PNL 267260 reason=EOD_FORCE_SELL filledQty=10/10 fillRatio=1.00 weightedPnl=1.02% dailyPnl=1.02%
2026-06-02 17:43:21 INFO  SELL_FILLED 267260 reason=EOD_FORCE_SELL remainingQty=0 phase=NONE exitType=TIMESTOP
2026-06-02 17:43:21 INFO  BUY [KRX] 267260 mode=BREAKOUT price=1067000.0000 qty=9 size=1.0000x score=80[B] | WHY: strongBreakout volBreakout retestOK multiUp vol(3.59x) | VWAP: 1.00%(ABOVE slope=UP) allowedGap=2.20% | TREND: score=3 vel=0.28%/0.19%/0.19% accel=true | VOL: 2576.0000/717.0500 TO: 2748592000.0000/762967050.0000 | HIGH: 1068000.0000 fromHigh=-0.09% | entryNo=1
2026-06-02 17:43:21 INFO  BUY_FILLED 267260 phase=HOLDING
2026-06-02 17:43:21 INFO  SELL [EOD_FORCE_SELL] 267260 pnl=-0.56% time=15:30
2026-06-02 17:43:21 INFO  SELL_EXECUTED [KRX] 267260 mode=BREAKOUT phase=EXITING exitType=TIMESTOP price=1061000.0000 qty=9 reason=EOD_FORCE_SELL pnl=-0.56% peakPnl=0.09% holdMs=5460000 high=1068000.0000 avgPrice=1067000.0000 weightedPnl=-0.55% (pending fill)
2026-06-02 17:43:21 INFO  SELL_FILLED_PNL 267260 reason=EOD_FORCE_SELL filledQty=9/9 fillRatio=1.00 weightedPnl=-0.55% dailyPnl=-0.55%
2026-06-02 17:43:21 INFO  SELL_FILLED 267260 reason=EOD_FORCE_SELL remainingQty=0 phase=NONE exitType=TIMESTOP
2026-06-02 17:43:21 INFO  BUY [KRX] 267260 mode=BREAKOUT price=1064000.0000 qty=9 size=1.0000x score=85[A](CONV) | WHY: strongBreakout volBreakout retestOK multiUp vol(4.28x) | VWAP: 0.48%(ABOVE slope=UP) allowedGap=2.20% | TREND: score=3 vel=0.28%/0.19%/0.28% accel=true | VOL: 1411.0000/329.5500 TO: 1501304000.0000/349827100.0000 | HIGH: 1066000.0000 fromHigh=-0.19% | entryNo=1
2026-06-02 17:43:21 INFO  BUY_FILLED 267260 phase=HOLDING
2026-06-02 17:43:21 INFO  SELL [EOD_FORCE_SELL] 267260 pnl=1.97% time=15:30
2026-06-02 17:43:21 INFO  SELL_EXECUTED [KRX] 267260 mode=BREAKOUT phase=EXITING exitType=TIMESTOP price=1085000.0000 qty=9 reason=EOD_FORCE_SELL pnl=1.97% peakPnl=2.07% holdMs=18000000 high=1086000.0000 avgPrice=1064000.0000 weightedPnl=1.93% (pending fill)
2026-06-02 17:43:21 INFO  SELL_FILLED_PNL 267260 reason=EOD_FORCE_SELL filledQty=9/9 fillRatio=1.00 weightedPnl=1.93% dailyPnl=1.93%
2026-06-02 17:43:21 INFO  SELL_FILLED 267260 reason=EOD_FORCE_SELL remainingQty=0 phase=NONE exitType=TIMESTOP
2026-06-02 17:43:21 INFO  BUY [KRX] 267260 mode=BREAKOUT price=1087000.0000 qty=9 size=1.0000x score=85[A](CONV) | WHY: strongBreakout volBreakout retestOK multiUp vol(3.92x) | VWAP: 0.62%(ABOVE slope=UP) allowedGap=2.20% | TREND: score=3 vel=0.37%/0.28%/0.37% accel=true | VOL: 1352.0000/345.2000 TO: 1469624000.0000/373890000.0000 | HIGH: 1087000.0000 fromHigh=0.00% | entryNo=1
2026-06-02 17:43:21 INFO  BUY_FILLED 267260 phase=HOLDING
2026-06-02 17:43:21 INFO  SELL [BREAKEVEN_GUARD] 267260 pnl=-0.37% peakPnl=1.75% holdMs=3480000
2026-06-02 17:43:21 INFO  SELL_EXECUTED [KRX] 267260 mode=BREAKOUT phase=EXITING exitType=TRAIL price=1083000.0000 qty=9 reason=BREAKEVEN_GUARD pnl=-0.37% peakPnl=1.75% holdMs=3480000 high=1106000.0000 avgPrice=1087000.0000 weightedPnl=-0.37% (pending fill)
2026-06-02 17:43:21 INFO  SELL_FILLED_PNL 267260 reason=BREAKEVEN_GUARD filledQty=9/9 fillRatio=1.00 weightedPnl=-0.37% dailyPnl=-0.37%
2026-06-02 17:43:21 INFO  SELL_FILLED 267260 reason=BREAKEVEN_GUARD remainingQty=0 phase=NONE exitType=TRAIL
2026-06-02 17:43:21 INFO  BUY [KRX] 267260 mode=BREAKOUT price=1060000.0000 qty=9 size=1.0000x score=80[B] | WHY: strongBreakout volBreakout retestOK multiUp vol(5.46x) | VWAP: 0.73%(ABOVE slope=UP) allowedGap=2.20% | TREND: score=3 vel=0.28%/0.24%/0.28% accel=true | VOL: 1682.0000/308.1000 TO: 1782920000.0000/326053675.0000 | HIGH: 1061500.0000 fromHigh=-0.14% | entryNo=1
2026-06-02 17:43:21 INFO  BUY_FILLED 267260 phase=HOLDING
2026-06-02 17:43:21 INFO  SELL [EOD_FORCE_SELL] 267260 pnl=-0.19% time=15:30
2026-06-02 17:43:21 INFO  SELL_EXECUTED [KRX] 267260 mode=BREAKOUT phase=EXITING exitType=TIMESTOP price=1058000.0000 qty=9 reason=EOD_FORCE_SELL pnl=-0.19% peakPnl=0.38% holdMs=5640000 high=1064000.0000 avgPrice=1060000.0000 weightedPnl=-0.18% (pending fill)
2026-06-02 17:43:21 INFO  SELL_FILLED_PNL 267260 reason=EOD_FORCE_SELL filledQty=9/9 fillRatio=1.00 weightedPnl=-0.18% dailyPnl=-0.18%
2026-06-02 17:43:21 INFO  SELL_FILLED 267260 reason=EOD_FORCE_SELL remainingQty=0 phase=NONE exitType=TIMESTOP
2026-06-02 17:43:21 INFO  BUY [KRX] 267260 mode=BREAKOUT price=1060000.0000 qty=9 size=1.0000x score=85[A](CONV) | WHY: strongBreakout volBreakout retestOK multiUp vol(4.00x) | VWAP: 1.05%(ABOVE slope=UP) allowedGap=2.20% | TREND: score=3 vel=0.24%/0.19%/0.28% accel=true | VOL: 673.0000/168.3000 TO: 713380000.0000/177955625.0000 | HIGH: 1060000.0000 fromHigh=0.00% | entryNo=1
2026-06-02 17:43:21 INFO  BUY_FILLED 267260 phase=HOLDING
2026-06-02 17:43:21 INFO  SELL_EXECUTED [KRX] 267260 mode=BREAKOUT phase=EXITING exitType=PROFIT price=1090000.0000 qty=9 reason=TAKE_PROFIT_BREAKOUT pnl=2.83% peakPnl=2.83% holdMs=9480000 high=1090000.0000 avgPrice=1060000.0000 weightedPnl=2.75% (pending fill)
2026-06-02 17:43:21 INFO  SELL_FILLED_PNL 267260 reason=TAKE_PROFIT_BREAKOUT filledQty=9/9 fillRatio=1.00 weightedPnl=2.75% dailyPnl=2.75%
2026-06-02 17:43:21 INFO  SELL_FILLED 267260 reason=TAKE_PROFIT_BREAKOUT remainingQty=0 phase=NONE exitType=PROFIT
2026-06-02 17:43:21 INFO  BUY [KRX] 267260 mode=BREAKOUT price=1121000.0000 qty=8 size=1.0000x score=83[B] | WHY: strongBreakout volBreakout retestOK multiUp vol(2.94x) | VWAP: 1.12%(ABOVE slope=UP) allowedGap=2.20% | TREND: score=3 vel=0.40%/0.36%/0.27% accel=true | VOL: 1295.0000/440.6000 TO: 1451695000.0000/492258650.0000 | HIGH: 1124000.0000 fromHigh=-0.27% | entryNo=1
2026-06-02 17:43:21 INFO  BUY_FILLED 267260 phase=HOLDING
2026-06-02 17:43:21 INFO  SELL [EOD_FORCE_SELL] 267260 pnl=1.34% time=15:30
2026-06-02 17:43:21 INFO  SELL_EXECUTED [KRX] 267260 mode=BREAKOUT phase=EXITING exitType=TIMESTOP price=1136000.0000 qty=8 reason=EOD_FORCE_SELL pnl=1.34% peakPnl=2.59% holdMs=17400000 high=1150000.0000 avgPrice=1121000.0000 weightedPnl=1.22% (pending fill)
2026-06-02 17:43:21 INFO  SELL_FILLED_PNL 267260 reason=EOD_FORCE_SELL filledQty=8/8 fillRatio=1.00 weightedPnl=1.22% dailyPnl=1.22%
2026-06-02 17:43:21 INFO  SELL_FILLED 267260 reason=EOD_FORCE_SELL remainingQty=0 phase=NONE exitType=TIMESTOP
2026-06-02 17:43:22 INFO  BUY amount set for 196170: 9810000.00
2026-06-02 17:43:22 INFO  BUY [KRX] 196170 mode=BREAKOUT price=368500.0000 qty=26 size=1.0000x score=80[B] | WHY: strongBreakout volBreakout retestOK multiUp vol(4.98x) | VWAP: 1.08%(ABOVE slope=UP) allowedGap=2.20% | TREND: score=3 vel=0.34%/0.20%/0.34% accel=true | VOL: 2708.0000/543.8500 TO: 997221000.0000/199767200.0000 | HIGH: 368500.0000 fromHigh=-0.07% | entryNo=1
2026-06-02 17:43:22 INFO  BUY_FILLED 196170 phase=HOLDING
2026-06-02 17:43:22 INFO  SELL_EXECUTED [KRX] 196170 mode=BREAKOUT phase=EXITING exitType=VWAP_BREAK price=366750.0000 qty=26 reason=VWAP_BREAK pnl=-0.41% peakPnl=0.07% holdMs=5040000 high=368500.0000 avgPrice=368250.0000 weightedPnl=-0.40% (pending fill)
2026-06-02 17:43:22 INFO  SELL_FILLED_PNL 196170 reason=VWAP_BREAK filledQty=26/26 fillRatio=1.00 weightedPnl=-0.40% dailyPnl=-0.40%
2026-06-02 17:43:22 INFO  SELL_FILLED 196170 reason=VWAP_BREAK remainingQty=0 phase=NONE exitType=VWAP_BREAK
2026-06-02 17:43:22 INFO  BUY [KRX] 196170 mode=BREAKOUT price=362500.0000 qty=27 size=1.0000x score=83[B] | WHY: strongBreakout volBreakout retestOK multiUp vol(3.67x) | VWAP: 0.86%(ABOVE slope=UP) allowedGap=2.20% | TREND: score=3 vel=0.55%/0.42%/0.97% accel=true | VOL: 2473.0000/672.9500 TO: 896462500.0000/242634375.0000 | HIGH: 363500.0000 fromHigh=-0.28% | entryNo=1
2026-06-02 17:43:22 INFO  BUY_FILLED 196170 phase=HOLDING
2026-06-02 17:43:22 INFO  SELL_EXECUTED [KRX] 196170 mode=BREAKOUT phase=EXITING exitType=PROFIT price=373000.0000 qty=27 reason=TAKE_PROFIT_BREAKOUT pnl=2.90% peakPnl=2.90% holdMs=11280000 high=373000.0000 avgPrice=362500.0000 weightedPnl=2.89% (pending fill)
2026-06-02 17:43:22 INFO  SELL_FILLED_PNL 196170 reason=TAKE_PROFIT_BREAKOUT filledQty=27/27 fillRatio=1.00 weightedPnl=2.89% dailyPnl=2.89%
2026-06-02 17:43:22 INFO  SELL_FILLED 196170 reason=TAKE_PROFIT_BREAKOUT remainingQty=0 phase=NONE exitType=PROFIT
2026-06-02 17:43:22 INFO  BUY [KRX] 196170 mode=BREAKOUT price=382000.0000 qty=25 size=1.0000x score=90[S](CONV) | WHY: strongBreakout volBreakout retestOK multiUp vol(3.53x) | VWAP: 0.76%(ABOVE slope=UP) allowedGap=2.20% | TREND: score=3 vel=0.59%/0.53%/0.92% accel=true | VOL: 8977.0000/2543.6500 TO: 3429214000.0000/966020212.5000 | HIGH: 382000.0000 fromHigh=0.00% | entryNo=1
2026-06-02 17:43:22 INFO  BUY_FILLED 196170 phase=HOLDING
2026-06-02 17:43:22 INFO  SELL_EXECUTED [KRX] 196170 mode=BREAKOUT phase=EXITING exitType=VWAP_BREAK price=380500.0000 qty=25 reason=VWAP_BREAK pnl=-0.39% peakPnl=1.05% holdMs=12660000 high=386000.0000 avgPrice=382000.0000 weightedPnl=-0.38% (pending fill)
2026-06-02 17:43:22 INFO  SELL_FILLED_PNL 196170 reason=VWAP_BREAK filledQty=25/25 fillRatio=1.00 weightedPnl=-0.38% dailyPnl=-0.38%
2026-06-02 17:43:22 INFO  SELL_FILLED 196170 reason=VWAP_BREAK remainingQty=0 phase=NONE exitType=VWAP_BREAK
2026-06-02 17:43:22 INFO  BUY [KRX] 196170 mode=BREAKOUT price=383500.0000 qty=25 size=1.0000x score=80[B] | WHY: strongBreakout volBreakout retestOK multiUp vol(4.29x) | VWAP: 1.23%(ABOVE slope=UP) allowedGap=2.20% | TREND: score=3 vel=1.05%/0.99%/0.92% accel=true | VOL: 11523.0000/2683.8000 TO: 4419070500.0000/1018244875.0000 | HIGH: 384000.0000 fromHigh=-0.13% | entryNo=1
2026-06-02 17:43:22 INFO  BUY_FILLED 196170 phase=HOLDING
2026-06-02 17:43:22 INFO  SELL_EXECUTED [KRX] 196170 mode=BREAKOUT phase=EXITING exitType=VWAP_BREAK price=378000.0000 qty=25 reason=VWAP_BREAK pnl=-1.43% peakPnl=0.39% holdMs=360000 high=385000.0000 avgPrice=383500.0000 weightedPnl=-1.40% (pending fill)
2026-06-02 17:43:22 INFO  SELL_FILLED_PNL 196170 reason=VWAP_BREAK filledQty=25/25 fillRatio=1.00 weightedPnl=-1.40% dailyPnl=-1.40%
2026-06-02 17:43:22 INFO  SELL_FILLED 196170 reason=VWAP_BREAK remainingQty=0 phase=NONE exitType=VWAP_BREAK
2026-06-02 17:43:22 INFO  BUY amount set for 247540: 9810000.00
2026-06-02 17:43:22 INFO  BUY [KRX] 247540 mode=BREAKOUT price=202500.0000 qty=48 size=1.0000x score=90[S](CONV) | WHY: strongBreakout volBreakout retestOK multiUp vol(4.49x) | VWAP: 0.91%(ABOVE slope=UP) allowedGap=2.20% | TREND: score=3 vel=0.50%/0.25%/0.50% accel=true | VOL: 3801.0000/847.4500 TO: 769702500.0000/171004825.0000 | HIGH: 202500.0000 fromHigh=0.00% | entryNo=1
2026-06-02 17:43:22 INFO  BUY_FILLED 247540 phase=HOLDING
2026-06-02 17:43:22 INFO  SELL [EOD_FORCE_SELL] 247540 pnl=0.25% time=15:30
2026-06-02 17:43:22 INFO  SELL_EXECUTED [KRX] 247540 mode=BREAKOUT phase=EXITING exitType=TIMESTOP price=203000.0000 qty=48 reason=EOD_FORCE_SELL pnl=0.25% peakPnl=0.49% holdMs=4080000 high=203500.0000 avgPrice=202500.0000 weightedPnl=0.24% (pending fill)
2026-06-02 17:43:22 INFO  SELL_FILLED_PNL 247540 reason=EOD_FORCE_SELL filledQty=48/48 fillRatio=1.00 weightedPnl=0.24% dailyPnl=0.24%
2026-06-02 17:43:22 INFO  SELL_FILLED 247540 reason=EOD_FORCE_SELL remainingQty=0 phase=NONE exitType=TIMESTOP
2026-06-02 17:43:22 INFO  BUY [KRX] 247540 mode=BREAKOUT price=203000.0000 qty=38 size=0.8000x score=91[S](CONV) | WHY: strongBreakout volBreakout retestOK multiUp vol(1.98x) | VWAP: 1.07%(ABOVE slope=UP) allowedGap=2.20% | TREND: score=3 vel=0.50%/0.25%/1.37% accel=true | VOL: 6998.0000/3525.5333 TO: 1420594000.0000/708087450.0000 | HIGH: 203500.0000 fromHigh=-0.25% | entryNo=1
2026-06-02 17:43:22 INFO  BUY_FILLED 247540 phase=HOLDING
2026-06-02 17:43:22 INFO  SELL_EXECUTED [KRX] 247540 mode=BREAKOUT phase=EXITING exitType=VWAP_BREAK price=202000.0000 qty=38 reason=VWAP_BREAK pnl=-0.49% peakPnl=1.48% holdMs=3720000 high=206000.0000 avgPrice=203000.0000 weightedPnl=-0.39% (pending fill)
2026-06-02 17:43:22 INFO  SELL_FILLED_PNL 247540 reason=VWAP_BREAK filledQty=38/38 fillRatio=1.00 weightedPnl=-0.39% dailyPnl=-0.39%
2026-06-02 17:43:22 INFO  SELL_FILLED 247540 reason=VWAP_BREAK remainingQty=0 phase=NONE exitType=VWAP_BREAK
2026-06-02 17:43:22 INFO  BUY [KRX] 247540 mode=BREAKOUT price=202500.0000 qty=48 size=1.0000x score=100[SS](CONV) | WHY: strongBreakout volBreakout retestOK multiUp vol(7.42x) | VWAP: 0.96%(ABOVE slope=UP) allowedGap=2.20% | TREND: score=3 vel=0.50%/0.37%/0.50% accel=true | VOL: 6774.0000/913.3000 TO: 1371735000.0000/184468025.0000 | HIGH: 203000.0000 fromHigh=-0.25% | entryNo=1
2026-06-02 17:43:23 INFO  BUY_FILLED 247540 phase=HOLDING
2026-06-02 17:43:23 INFO  SELL [EOD_FORCE_SELL] 247540 pnl=-0.25% time=15:30
2026-06-02 17:43:23 INFO  SELL_EXECUTED [KRX] 247540 mode=BREAKOUT phase=EXITING exitType=TIMESTOP price=202000.0000 qty=48 reason=EOD_FORCE_SELL pnl=-0.25% peakPnl=0.74% holdMs=4980000 high=204000.0000 avgPrice=202500.0000 weightedPnl=-0.24% (pending fill)
2026-06-02 17:43:23 INFO  SELL_FILLED_PNL 247540 reason=EOD_FORCE_SELL filledQty=48/48 fillRatio=1.00 weightedPnl=-0.24% dailyPnl=-0.24%
2026-06-02 17:43:23 INFO  SELL_FILLED 247540 reason=EOD_FORCE_SELL remainingQty=0 phase=NONE exitType=TIMESTOP
2026-06-02 17:43:23 INFO  BUY [KRX] 247540 mode=BREAKOUT price=200000.0000 qty=39 size=0.8000x score=85[A](CONV) | WHY: strongBreakout volBreakout retestOK multiUp vol(2.24x) | VWAP: 1.05%(ABOVE slope=UP) allowedGap=2.20% | TREND: score=3 vel=0.60%/0.55%/0.55% accel=true | VOL: 11030.0000/4917.2500 TO: 2204897000.0000/974579247.5000 | HIGH: 200000.0000 fromHigh=-0.05% | entryNo=1
2026-06-02 17:43:23 INFO  BUY_FILLED 247540 phase=HOLDING
2026-06-02 17:43:23 INFO  SELL_EXECUTED [KRX] 247540 mode=BREAKOUT phase=EXITING exitType=VWAP_BREAK price=197500.0000 qty=39 reason=VWAP_BREAK pnl=-1.20% peakPnl=-0.20% holdMs=360000 high=199500.0000 avgPrice=199900.0000 weightedPnl=-0.95% (pending fill)
2026-06-02 17:43:23 INFO  SELL_FILLED_PNL 247540 reason=VWAP_BREAK filledQty=39/39 fillRatio=1.00 weightedPnl=-0.95% dailyPnl=-0.95%
2026-06-02 17:43:23 INFO  SELL_FILLED 247540 reason=VWAP_BREAK remainingQty=0 phase=NONE exitType=VWAP_BREAK
2026-06-02 17:43:23 INFO  BUY [KRX] 247540 mode=BREAKOUT price=208000.0000 qty=47 size=1.0000x score=95[SS](CONV) | WHY: strongBreakout volBreakout retestOK multiUp vol(2.92x) | VWAP: 0.90%(ABOVE slope=UP) allowedGap=2.20% | TREND: score=3 vel=0.60%/0.48%/0.97% accel=true | VOL: 8327.0000/2855.8500 TO: 1732016000.0000/588539025.0000 | HIGH: 208500.0000 fromHigh=-0.24% | entryNo=1
2026-06-02 17:43:23 INFO  BUY_FILLED 247540 phase=HOLDING
2026-06-02 17:43:23 INFO  SELL [BREAKEVEN_GUARD] 247540 pnl=-0.48% peakPnl=1.68% holdMs=7980000
2026-06-02 17:43:23 INFO  SELL_EXECUTED [KRX] 247540 mode=BREAKOUT phase=EXITING exitType=TRAIL price=207000.0000 qty=47 reason=BREAKEVEN_GUARD pnl=-0.48% peakPnl=1.68% holdMs=7980000 high=211500.0000 avgPrice=208000.0000 weightedPnl=-0.48% (pending fill)
2026-06-02 17:43:23 INFO  SELL_FILLED_PNL 247540 reason=BREAKEVEN_GUARD filledQty=47/47 fillRatio=1.00 weightedPnl=-0.48% dailyPnl=-0.48%
2026-06-02 17:43:23 INFO  SELL_FILLED 247540 reason=BREAKEVEN_GUARD remainingQty=0 phase=NONE exitType=TRAIL
2026-06-02 17:43:23 INFO  BUY [KRX] 247540 mode=BREAKOUT price=208000.0000 qty=47 size=1.0000x score=90[S](CONV) | WHY: strongBreakout volBreakout retestOK multiUp vol(4.38x) | VWAP: 0.98%(ABOVE slope=UP) allowedGap=2.20% | TREND: score=3 vel=0.48%/0.24%/0.48% accel=true | VOL: 5145.0000/1174.8000 TO: 1070160000.0000/243188087.5000 | HIGH: 208000.0000 fromHigh=0.00% | entryNo=1
2026-06-02 17:43:23 INFO  BUY_FILLED 247540 phase=HOLDING
2026-06-02 17:43:23 INFO  SELL [EOD_FORCE_SELL] 247540 pnl=0.00% time=15:30
2026-06-02 17:43:23 INFO  SELL_EXECUTED [KRX] 247540 mode=BREAKOUT phase=EXITING exitType=TIMESTOP price=208000.0000 qty=47 reason=EOD_FORCE_SELL pnl=0.00% peakPnl=0.00% holdMs=3240000 high=208000.0000 avgPrice=208000.0000 weightedPnl=0.00% (pending fill)
2026-06-02 17:43:23 INFO  SELL_FILLED 247540 reason=EOD_FORCE_SELL remainingQty=0 phase=NONE exitType=TIMESTOP
2026-06-02 17:43:23 INFO  BUY [KRX] 247540 mode=BREAKOUT price=209500.0000 qty=46 size=1.0000x score=90[S](CONV) | WHY: strongBreakout volBreakout retestOK multiUp vol(3.59x) | VWAP: 0.94%(ABOVE slope=UP) allowedGap=2.20% | TREND: score=3 vel=0.48%/0.24%/0.48% accel=true | VOL: 2588.0000/721.0000 TO: 542186000.0000/150560525.0000 | HIGH: 209500.0000 fromHigh=0.00% | entryNo=1
2026-06-02 17:43:23 INFO  BUY_FILLED 247540 phase=HOLDING
2026-06-02 17:43:23 INFO  SELL_EXECUTED [KRX] 247540 mode=BREAKOUT phase=EXITING exitType=VWAP_BREAK price=207500.0000 qty=46 reason=VWAP_BREAK pnl=-0.95% peakPnl=0.24% holdMs=3420000 high=210000.0000 avgPrice=209500.0000 weightedPnl=-0.94% (pending fill)
2026-06-02 17:43:23 INFO  SELL_FILLED_PNL 247540 reason=VWAP_BREAK filledQty=46/46 fillRatio=1.00 weightedPnl=-0.94% dailyPnl=-0.94%
2026-06-02 17:43:23 INFO  SELL_FILLED 247540 reason=VWAP_BREAK remainingQty=0 phase=NONE exitType=VWAP_BREAK
2026-06-02 17:43:23 INFO  BUY [KRX] 247540 mode=BREAKOUT price=213000.0000 qty=46 size=1.0000x score=90[S](CONV) | WHY: strongBreakout volBreakout retestOK multiUp vol(9.95x) | VWAP: 0.83%(ABOVE slope=UP) allowedGap=2.20% | TREND: score=3 vel=0.47%/0.24%/0.24% accel=true | VOL: 3511.0000/352.8000 TO: 747843000.0000/75018762.5000 | HIGH: 213000.0000 fromHigh=0.00% | entryNo=1
2026-06-02 17:43:23 INFO  BUY_FILLED 247540 phase=HOLDING
2026-06-02 17:43:23 INFO  SELL_EXECUTED [KRX] 247540 mode=BREAKOUT phase=EXITING exitType=VWAP_BREAK price=211500.0000 qty=46 reason=VWAP_BREAK pnl=-0.70% peakPnl=0.47% holdMs=2280000 high=214000.0000 avgPrice=213000.0000 weightedPnl=-0.70% (pending fill)
2026-06-02 17:43:23 INFO  SELL_FILLED_PNL 247540 reason=VWAP_BREAK filledQty=46/46 fillRatio=1.00 weightedPnl=-0.70% dailyPnl=-0.70%
2026-06-02 17:43:23 INFO  SELL_FILLED 247540 reason=VWAP_BREAK remainingQty=0 phase=NONE exitType=VWAP_BREAK
2026-06-02 17:43:23 INFO  BUY [KRX] 247540 mode=BREAKOUT price=190500.0000 qty=51 size=1.0000x score=85[A](CONV) | WHY: strongBreakout volBreakout retestOK multiUp vol(2.63x) | VWAP: 1.54%(ABOVE slope=UP) allowedGap=2.20% | TREND: score=3 vel=1.55%/1.49%/1.65% accel=true | VOL: 5878.0000/2233.7500 TO: 1119759000.0000/417711932.5000 | HIGH: 190950.0000 fromHigh=-0.24% | entryNo=1
2026-06-02 17:43:23 INFO  BUY_FILLED 247540 phase=HOLDING
2026-06-02 17:43:23 INFO  SELL_EXECUTED [KRX] 247540 mode=BREAKOUT phase=EXITING exitType=VWAP_BREAK price=187000.0000 qty=51 reason=VWAP_BREAK pnl=-1.84% peakPnl=0.58% holdMs=840000 high=191600.0000 avgPrice=190500.0000 weightedPnl=-1.82% (pending fill)
2026-06-02 17:43:23 INFO  SELL_FILLED_PNL 247540 reason=VWAP_BREAK filledQty=51/51 fillRatio=1.00 weightedPnl=-1.82% dailyPnl=-1.82%
2026-06-02 17:43:23 INFO  SELL_FILLED 247540 reason=VWAP_BREAK remainingQty=0 phase=NONE exitType=VWAP_BREAK
2026-06-02 17:43:23 INFO  BUY [KRX] 247540 mode=BREAKOUT price=232000.0000 qty=42 size=1.0000x score=90[S](CONV) | WHY: strongBreakout volBreakout retestOK multiUp vol(2.72x) | VWAP: 1.02%(ABOVE slope=UP) allowedGap=2.20% | TREND: score=3 vel=0.65%/0.43%/0.65% accel=true | VOL: 15327.0000/5641.2000 TO: 3555864000.0000/1305371125.0000 | HIGH: 232500.0000 fromHigh=-0.22% | entryNo=1
2026-06-02 17:43:23 INFO  BUY_FILLED 247540 phase=HOLDING
2026-06-02 17:43:23 INFO  SELL_EXECUTED [KRX] 247540 mode=BREAKOUT phase=EXITING exitType=VWAP_BREAK price=229000.0000 qty=42 reason=VWAP_BREAK pnl=-1.29% peakPnl=0.22% holdMs=420000 high=232500.0000 avgPrice=232000.0000 weightedPnl=-1.28% (pending fill)
2026-06-02 17:43:23 INFO  SELL_FILLED_PNL 247540 reason=VWAP_BREAK filledQty=42/42 fillRatio=1.00 weightedPnl=-1.28% dailyPnl=-1.28%
2026-06-02 17:43:23 INFO  SELL_FILLED 247540 reason=VWAP_BREAK remainingQty=0 phase=NONE exitType=VWAP_BREAK
2026-06-02 17:43:23 INFO  BUY amount set for 095340: 9810000.00
2026-06-02 17:43:23 INFO  BUY [KRX] 095340 mode=BREAKOUT price=178500.0000 qty=54 size=1.0000x score=80[B] | WHY: strongBreakout volBreakout retestOK multiUp vol(5.67x) | VWAP: 1.73%(ABOVE slope=UP) allowedGap=2.20% | TREND: score=3 vel=0.85%/0.79%/1.02% accel=true | VOL: 2735.0000/482.1500 TO: 488744500.0000/85725740.0000 | HIGH: 178800.0000 fromHigh=-0.06% | entryNo=1
2026-06-02 17:43:23 INFO  BUY_FILLED 095340 phase=HOLDING
2026-06-02 17:43:23 INFO  SELL_EXECUTED [KRX] 095340 mode=BREAKOUT phase=EXITING exitType=VWAP_BREAK price=175600.0000 qty=54 reason=VWAP_BREAK pnl=-1.73% peakPnl=-0.17% holdMs=2280000 high=178400.0000 avgPrice=178700.0000 weightedPnl=-1.71% (pending fill)
2026-06-02 17:43:23 INFO  SELL_FILLED_PNL 095340 reason=VWAP_BREAK filledQty=54/54 fillRatio=1.00 weightedPnl=-1.71% dailyPnl=-1.71%
2026-06-02 17:43:23 INFO  SELL_FILLED 095340 reason=VWAP_BREAK remainingQty=0 phase=NONE exitType=VWAP_BREAK
2026-06-02 17:43:23 INFO  BUY [KRX] 095340 mode=BREAKOUT price=184000.0000 qty=53 size=1.0000x score=90[S](CONV) | WHY: strongBreakout volBreakout retestOK multiUp vol(5.50x) | VWAP: 0.83%(ABOVE slope=UP) allowedGap=2.20% | TREND: score=3 vel=0.55%/0.22%/0.49% accel=true | VOL: 1963.0000/357.2000 TO: 361584600.0000/65503500.0000 | HIGH: 184200.0000 fromHigh=0.00% | entryNo=1
2026-06-02 17:43:23 INFO  BUY_FILLED 095340 phase=HOLDING
2026-06-02 17:43:23 INFO  SELL [EOD_FORCE_SELL] 095340 pnl=0.65% time=15:30
2026-06-02 17:43:23 INFO  SELL_EXECUTED [KRX] 095340 mode=BREAKOUT phase=EXITING exitType=TIMESTOP price=185400.0000 qty=53 reason=EOD_FORCE_SELL pnl=0.65% peakPnl=1.95% holdMs=8820000 high=187800.0000 avgPrice=184200.0000 weightedPnl=0.65% (pending fill)
2026-06-02 17:43:23 INFO  SELL_FILLED_PNL 095340 reason=EOD_FORCE_SELL filledQty=53/53 fillRatio=1.00 weightedPnl=0.65% dailyPnl=0.65%
2026-06-02 17:43:23 INFO  SELL_FILLED 095340 reason=EOD_FORCE_SELL remainingQty=0 phase=NONE exitType=TIMESTOP
2026-06-02 17:43:23 INFO  BUY [KRX] 095340 mode=BREAKOUT price=220500.0000 qty=44 size=1.0000x score=95[SS](CONV) | WHY: strongBreakout volBreakout retestOK multiUp vol(2.81x) | VWAP: 0.81%(ABOVE slope=UP) allowedGap=2.20% | TREND: score=3 vel=1.61%/1.15%/0.68% accel=true | VOL: 3513.0000/1252.2000 TO: 774616500.0000/272485825.0000 | HIGH: 221000.0000 fromHigh=-0.23% | entryNo=1
2026-06-02 17:43:23 INFO  BUY_FILLED 095340 phase=HOLDING
2026-06-02 17:43:23 INFO  SELL_EXECUTED [KRX] 095340 mode=BREAKOUT phase=EXITING exitType=PROFIT price=227000.0000 qty=44 reason=TAKE_PROFIT_BREAKOUT pnl=2.95% peakPnl=2.95% holdMs=5220000 high=227000.0000 avgPrice=220500.0000 weightedPnl=2.92% (pending fill)
2026-06-02 17:43:23 INFO  SELL_FILLED_PNL 095340 reason=TAKE_PROFIT_BREAKOUT filledQty=44/44 fillRatio=1.00 weightedPnl=2.92% dailyPnl=2.92%
2026-06-02 17:43:23 INFO  SELL_FILLED 095340 reason=TAKE_PROFIT_BREAKOUT remainingQty=0 phase=NONE exitType=PROFIT
2026-06-02 17:43:23 INFO  BUY [KRX] 095340 mode=BREAKOUT price=264000.0000 qty=37 size=1.0000x score=80[B] | WHY: strongBreakout volBreakout retestOK multiUp vol(5.21x) | VWAP: 1.48%(ABOVE slope=UP) allowedGap=2.20% | TREND: score=3 vel=0.76%/0.57%/0.96% accel=true | VOL: 2307.0000/442.6000 TO: 609048000.0000/116102825.0000 | HIGH: 264000.0000 fromHigh=0.00% | entryNo=1
2026-06-02 17:43:23 INFO  BUY_FILLED 095340 phase=HOLDING
2026-06-02 17:43:23 INFO  SELL [EOD_FORCE_SELL] 095340 pnl=0.00% time=15:30
2026-06-02 17:43:23 INFO  SELL_EXECUTED [KRX] 095340 mode=BREAKOUT phase=EXITING exitType=TIMESTOP price=264000.0000 qty=37 reason=EOD_FORCE_SELL pnl=0.00% peakPnl=0.76% holdMs=6600000 high=266000.0000 avgPrice=264000.0000 weightedPnl=0.00% (pending fill)
2026-06-02 17:43:23 INFO  SELL_FILLED 095340 reason=EOD_FORCE_SELL remainingQty=0 phase=NONE exitType=TIMESTOP
2026-06-02 17:43:23 INFO  BUY [KRX] 095340 mode=BREAKOUT price=248500.0000 qty=39 size=1.0000x score=85[A](CONV) | WHY: strongBreakout volBreakout retestOK multiUp vol(3.59x) | VWAP: 1.28%(ABOVE slope=UP) allowedGap=2.20% | TREND: score=3 vel=0.81%/0.61%/1.02% accel=true | VOL: 1174.0000/326.6000 TO: 291739000.0000/80192050.0000 | HIGH: 249000.0000 fromHigh=-0.20% | entryNo=1
2026-06-02 17:43:23 INFO  BUY_FILLED 095340 phase=HOLDING
2026-06-02 17:43:23 INFO  SELL [BREAKEVEN_GUARD] 095340 pnl=-0.40% peakPnl=1.61% holdMs=480000
2026-06-02 17:43:23 INFO  SELL_EXECUTED [KRX] 095340 mode=BREAKOUT phase=EXITING exitType=TRAIL price=247500.0000 qty=39 reason=BREAKEVEN_GUARD pnl=-0.40% peakPnl=1.61% holdMs=480000 high=252500.0000 avgPrice=248500.0000 weightedPnl=-0.40% (pending fill)
2026-06-02 17:43:23 INFO  SELL_FILLED_PNL 095340 reason=BREAKEVEN_GUARD filledQty=39/39 fillRatio=1.00 weightedPnl=-0.40% dailyPnl=-0.40%
2026-06-02 17:43:23 INFO  SELL_FILLED 095340 reason=BREAKEVEN_GUARD remainingQty=0 phase=NONE exitType=TRAIL
2026-06-02 17:43:23 INFO  BUY [KRX] 095340 mode=BREAKOUT price=223500.0000 qty=43 size=1.0000x score=80[B] | WHY: strongBreakout volBreakout retestOK multiUp vol(2.44x) | VWAP: 0.61%(ABOVE slope=UP) allowedGap=2.20% | TREND: score=3 vel=0.68%/0.45%/0.68% accel=true | VOL: 2173.0000/891.9000 TO: 485665500.0000/198354500.0000 | HIGH: 223500.0000 fromHigh=0.00% | entryNo=1
2026-06-02 17:43:23 INFO  BUY_FILLED 095340 phase=HOLDING
2026-06-02 17:43:23 INFO  SELL_EXECUTED [KRX] 095340 mode=BREAKOUT phase=EXITING exitType=VWAP_BREAK price=221500.0000 qty=43 reason=VWAP_BREAK pnl=-0.89% peakPnl=0.00% holdMs=780000 high=223500.0000 avgPrice=223500.0000 weightedPnl=-0.88% (pending fill)
2026-06-02 17:43:23 INFO  SELL_FILLED_PNL 095340 reason=VWAP_BREAK filledQty=43/43 fillRatio=1.00 weightedPnl=-0.88% dailyPnl=-0.88%
2026-06-02 17:43:23 INFO  SELL_FILLED 095340 reason=VWAP_BREAK remainingQty=0 phase=NONE exitType=VWAP_BREAK
2026-06-02 17:43:24 INFO  BUY [KRX] 095340 mode=BREAKOUT price=220000.0000 qty=44 size=1.0000x score=83[B] | WHY: strongBreakout volBreakout retestOK multiUp vol(3.97x) | VWAP: 0.41%(ABOVE slope=UP) allowedGap=2.20% | TREND: score=3 vel=0.46%/0.23%/0.23% accel=true | VOL: 1351.0000/339.9500 TO: 297220000.0000/74600150.0000 | HIGH: 220500.0000 fromHigh=-0.23% | entryNo=1
2026-06-02 17:43:24 INFO  BUY_FILLED 095340 phase=HOLDING
2026-06-02 17:43:24 INFO  SELL_EXECUTED [KRX] 095340 mode=BREAKOUT phase=EXITING exitType=PROFIT price=226500.0000 qty=44 reason=TAKE_PROFIT_BREAKOUT pnl=2.95% peakPnl=2.95% holdMs=12420000 high=226500.0000 avgPrice=220000.0000 weightedPnl=2.92% (pending fill)
2026-06-02 17:43:24 INFO  SELL_FILLED_PNL 095340 reason=TAKE_PROFIT_BREAKOUT filledQty=44/44 fillRatio=1.00 weightedPnl=2.92% dailyPnl=2.92%
2026-06-02 17:43:24 INFO  SELL_FILLED 095340 reason=TAKE_PROFIT_BREAKOUT remainingQty=0 phase=NONE exitType=PROFIT
2026-06-02 17:43:24 INFO  BUY [KRX] 095340 mode=BREAKOUT price=239500.0000 qty=40 size=1.0000x score=95[SS](CONV) | WHY: strongBreakout volBreakout retestOK multiUp vol(3.27x) | VWAP: 0.45%(ABOVE slope=UP) allowedGap=2.20% | TREND: score=3 vel=0.42%/0.21%/0.21% accel=true | VOL: 1534.0000/469.3000 TO: 367393000.0000/111990975.0000 | HIGH: 240000.0000 fromHigh=-0.21% | entryNo=1
2026-06-02 17:43:24 INFO  BUY_FILLED 095340 phase=HOLDING
2026-06-02 17:43:24 INFO  SELL_EXECUTED [KRX] 095340 mode=BREAKOUT phase=EXITING exitType=VWAP_BREAK price=238500.0000 qty=40 reason=VWAP_BREAK pnl=-0.42% peakPnl=1.25% holdMs=1020000 high=242500.0000 avgPrice=239500.0000 weightedPnl=-0.41% (pending fill)
2026-06-02 17:43:24 INFO  SELL_FILLED_PNL 095340 reason=VWAP_BREAK filledQty=40/40 fillRatio=1.00 weightedPnl=-0.41% dailyPnl=-0.41%
2026-06-02 17:43:24 INFO  SELL_FILLED 095340 reason=VWAP_BREAK remainingQty=0 phase=NONE exitType=VWAP_BREAK
2026-06-02 17:43:24 INFO  BUY [KRX] 095340 mode=BREAKOUT price=226500.0000 qty=43 size=1.0000x score=100[SS](CONV) | WHY: strongBreakout volBreakout retestOK multiUp vol(7.40x) | VWAP: 0.84%(ABOVE slope=UP) allowedGap=2.20% | TREND: score=3 vel=0.67%/0.44%/0.67% accel=true | VOL: 5043.0000/681.1500 TO: 1142239500.0000/154051400.0000 | HIGH: 227000.0000 fromHigh=-0.22% | entryNo=1
2026-06-02 17:43:24 INFO  BUY_FILLED 095340 phase=HOLDING
2026-06-02 17:43:24 INFO  SELL [EOD_FORCE_SELL] 095340 pnl=1.10% time=15:30
2026-06-02 17:43:24 INFO  SELL_EXECUTED [KRX] 095340 mode=BREAKOUT phase=EXITING exitType=TIMESTOP price=229000.0000 qty=43 reason=EOD_FORCE_SELL pnl=1.10% peakPnl=1.10% holdMs=3480000 high=229000.0000 avgPrice=226500.0000 weightedPnl=1.10% (pending fill)
2026-06-02 17:43:24 INFO  SELL_FILLED_PNL 095340 reason=EOD_FORCE_SELL filledQty=43/43 fillRatio=1.00 weightedPnl=1.10% dailyPnl=1.10%
2026-06-02 17:43:24 INFO  SELL_FILLED 095340 reason=EOD_FORCE_SELL remainingQty=0 phase=NONE exitType=TIMESTOP
2026-06-02 17:43:24 INFO  BUY [KRX] 095340 mode=PULLBACK price=236000.0000 qty=62 size=1.5000x score=80[B] | WHY: zone(-1.26%fromHigh) vel+ avgCross priceAboveAvg vol(3.08x) | VWAP: 0.90%(ABOVE slope=UP) allowedGap=1.00% | TREND: score=3 vel=2.39%/2.61%/1.72% accel=false | VOL: 8212.0000/2665.7692 TO: 1938032000.0000/623496807.6923 | HIGH: 239000.0000 fromHigh=-1.26% | entryNo=1
2026-06-02 17:43:24 INFO  BUY_FILLED 095340 phase=HOLDING
2026-06-02 17:43:24 INFO  SELL [TRAIL_PULLBACK] 095340 pnl=0.00% peakPnl=2.33% high=241500.0000 current=236000.0000
2026-06-02 17:43:24 INFO  SELL_EXECUTED [KRX] 095340 mode=PULLBACK phase=EXITING exitType=TRAIL price=236000.0000 qty=62 reason=TRAIL_PULLBACK pnl=0.00% peakPnl=2.33% holdMs=1020000 high=241500.0000 avgPrice=236000.0000 weightedPnl=0.00% (pending fill)
2026-06-02 17:43:24 INFO  SELL_FILLED 095340 reason=TRAIL_PULLBACK remainingQty=0 phase=NONE exitType=TRAIL
2026-06-02 17:43:24 INFO  BUY [KRX] 095340 mode=BREAKOUT price=239000.0000 qty=32 size=0.8000x score=87[A](CONV) | WHY: strongBreakout volBreakout retestOK multiUp vol(1.63x) | VWAP: 0.45%(ABOVE slope=UP) allowedGap=2.20% | TREND: score=3 vel=1.06%/0.84%/0.84% accel=true | VOL: 1398.0000/859.0500 TO: 334122000.0000/204496750.0000 | HIGH: 239500.0000 fromHigh=-0.21% | entryNo=1
2026-06-02 17:43:24 INFO  BUY_FILLED 095340 phase=HOLDING
2026-06-02 17:43:24 INFO  SELL_EXECUTED [KRX] 095340 mode=BREAKOUT phase=EXITING exitType=VWAP_BREAK price=237500.0000 qty=32 reason=VWAP_BREAK pnl=-0.63% peakPnl=0.21% holdMs=840000 high=239500.0000 avgPrice=239000.0000 weightedPnl=-0.49% (pending fill)
2026-06-02 17:43:24 INFO  SELL_FILLED_PNL 095340 reason=VWAP_BREAK filledQty=32/32 fillRatio=1.00 weightedPnl=-0.49% dailyPnl=-0.49%
2026-06-02 17:43:24 INFO  SELL_FILLED 095340 reason=VWAP_BREAK remainingQty=0 phase=NONE exitType=VWAP_BREAK
2026-06-02 17:43:24 INFO  BUY [KRX] 095340 mode=BREAKOUT price=245000.0000 qty=40 size=1.0000x score=100[SS](CONV) | WHY: strongBreakout volBreakout retestOK multiUp vol(12.74x) | VWAP: 0.89%(ABOVE slope=UP) allowedGap=2.20% | TREND: score=3 vel=1.03%/0.82%/0.93% accel=true | VOL: 4944.0000/388.1500 TO: 1211280000.0000/94813312.5000 | HIGH: 245500.0000 fromHigh=-0.20% | entryNo=1
2026-06-02 17:43:24 INFO  BUY_FILLED 095340 phase=HOLDING
2026-06-02 17:43:24 INFO  SELL_EXECUTED [KRX] 095340 mode=BREAKOUT phase=EXITING exitType=VWAP_BREAK price=244000.0000 qty=40 reason=VWAP_BREAK pnl=-0.41% peakPnl=0.82% holdMs=4620000 high=247000.0000 avgPrice=245000.0000 weightedPnl=-0.41% (pending fill)
2026-06-02 17:43:24 INFO  SELL_FILLED_PNL 095340 reason=VWAP_BREAK filledQty=40/40 fillRatio=1.00 weightedPnl=-0.41% dailyPnl=-0.41%
2026-06-02 17:43:24 INFO  SELL_FILLED 095340 reason=VWAP_BREAK remainingQty=0 phase=NONE exitType=VWAP_BREAK
2026-06-02 17:43:24 INFO  BUY [KRX] 095340 mode=BREAKOUT price=243500.0000 qty=32 size=0.8000x score=87[A](CONV) | WHY: strongBreakout volBreakout retestOK multiUp vol(1.76x) | VWAP: 1.18%(ABOVE slope=UP) allowedGap=2.20% | TREND: score=3 vel=0.83%/0.62%/0.41% accel=true | VOL: 2602.0000/1478.9000 TO: 633587000.0000/355904450.0000 | HIGH: 244000.0000 fromHigh=-0.20% | entryNo=1
2026-06-02 17:43:24 INFO  BUY_FILLED 095340 phase=HOLDING
2026-06-02 17:43:24 INFO  SELL_EXECUTED [KRX] 095340 mode=BREAKOUT phase=EXITING exitType=VWAP_BREAK price=241000.0000 qty=32 reason=VWAP_BREAK pnl=-1.03% peakPnl=0.21% holdMs=780000 high=244000.0000 avgPrice=243500.0000 weightedPnl=-0.82% (pending fill)
2026-06-02 17:43:24 INFO  SELL_FILLED_PNL 095340 reason=VWAP_BREAK filledQty=32/32 fillRatio=1.00 weightedPnl=-0.82% dailyPnl=-0.82%
2026-06-02 17:43:24 INFO  SELL_FILLED 095340 reason=VWAP_BREAK remainingQty=0 phase=NONE exitType=VWAP_BREAK
2026-06-02 17:43:24 INFO  BUY [KRX] 095340 mode=BREAKOUT price=242000.0000 qty=40 size=1.0000x score=78[C] | WHY: strongBreakout volBreakout retestOK multiUp vol(2.40x) | VWAP: 1.01%(ABOVE slope=UP) allowedGap=2.20% | TREND: score=3 vel=0.41%/0.21%/0.83% accel=true | VOL: 760.0000/316.5500 TO: 183920000.0000/76091025.0000 | HIGH: 242500.0000 fromHigh=-0.21% | entryNo=1
2026-06-02 17:43:24 INFO  BUY_FILLED 095340 phase=HOLDING
2026-06-02 17:43:24 INFO  SELL [EOD_FORCE_SELL] 095340 pnl=2.27% time=15:30
2026-06-02 17:43:24 INFO  SELL_EXECUTED [KRX] 095340 mode=BREAKOUT phase=EXITING exitType=TIMESTOP price=247500.0000 qty=40 reason=EOD_FORCE_SELL pnl=2.27% peakPnl=2.27% holdMs=3360000 high=247500.0000 avgPrice=242000.0000 weightedPnl=2.24% (pending fill)
2026-06-02 17:43:24 INFO  SELL_FILLED_PNL 095340 reason=EOD_FORCE_SELL filledQty=40/40 fillRatio=1.00 weightedPnl=2.24% dailyPnl=2.24%
2026-06-02 17:43:24 INFO  SELL_FILLED 095340 reason=EOD_FORCE_SELL remainingQty=0 phase=NONE exitType=TIMESTOP
2026-06-02 17:43:24 INFO  BUY [KRX] 095340 mode=BREAKOUT price=249500.0000 qty=39 size=1.0000x score=95[SS](CONV) | WHY: strongBreakout volBreakout retestOK multiUp vol(3.78x) | VWAP: 0.59%(ABOVE slope=UP) allowedGap=2.20% | TREND: score=3 vel=0.60%/0.40%/0.60% accel=true | VOL: 1759.0000/465.9000 TO: 438870500.0000/115759450.0000 | HIGH: 250000.0000 fromHigh=-0.20% | entryNo=1
2026-06-02 17:43:24 INFO  BUY_FILLED 095340 phase=HOLDING
2026-06-02 17:43:24 INFO  SELL [BREAKEVEN_GUARD] 095340 pnl=-0.40% peakPnl=1.80% holdMs=1080000
2026-06-02 17:43:24 INFO  SELL_EXECUTED [KRX] 095340 mode=BREAKOUT phase=EXITING exitType=TRAIL price=248500.0000 qty=39 reason=BREAKEVEN_GUARD pnl=-0.40% peakPnl=1.80% holdMs=1080000 high=254000.0000 avgPrice=249500.0000 weightedPnl=-0.40% (pending fill)
2026-06-02 17:43:24 INFO  SELL_FILLED_PNL 095340 reason=BREAKEVEN_GUARD filledQty=39/39 fillRatio=1.00 weightedPnl=-0.40% dailyPnl=-0.40%
2026-06-02 17:43:24 INFO  SELL_FILLED 095340 reason=BREAKEVEN_GUARD remainingQty=0 phase=NONE exitType=TRAIL
2026-06-02 17:43:24 INFO  BUY [KRX] 095340 mode=BREAKOUT price=219500.0000 qty=44 size=1.0000x score=80[B] | WHY: strongBreakout volBreakout retestOK multiUp vol(3.03x) | VWAP: 1.86%(ABOVE slope=UP) allowedGap=2.20% | TREND: score=3 vel=1.62%/1.39%/1.39% accel=true | VOL: 1087.0000/358.2500 TO: 238596500.0000/77891650.0000 | HIGH: 220000.0000 fromHigh=-0.23% | entryNo=1
2026-06-02 17:43:24 INFO  BUY_FILLED 095340 phase=HOLDING
2026-06-02 17:43:24 INFO  SELL_EXECUTED [KRX] 095340 mode=BREAKOUT phase=EXITING exitType=VWAP_BREAK price=217000.0000 qty=44 reason=VWAP_BREAK pnl=-1.14% peakPnl=0.46% holdMs=2520000 high=220500.0000 avgPrice=219500.0000 weightedPnl=-1.12% (pending fill)
2026-06-02 17:43:24 INFO  SELL_FILLED_PNL 095340 reason=VWAP_BREAK filledQty=44/44 fillRatio=1.00 weightedPnl=-1.12% dailyPnl=-1.12%
2026-06-02 17:43:24 INFO  SELL_FILLED 095340 reason=VWAP_BREAK remainingQty=0 phase=NONE exitType=VWAP_BREAK
2026-06-02 17:43:24 INFO  BUY [KRX] 095340 mode=BREAKOUT price=220000.0000 qty=44 size=1.0000x score=80[B] | WHY: strongBreakout volBreakout retestOK multiUp vol(2.65x) | VWAP: 0.72%(ABOVE slope=UP) allowedGap=2.20% | TREND: score=3 vel=1.38%/1.15%/1.15% accel=true | VOL: 1857.0000/701.0000 TO: 408540000.0000/153072850.0000 | HIGH: 220000.0000 fromHigh=0.00% | entryNo=1
2026-06-02 17:43:24 INFO  BUY_FILLED 095340 phase=HOLDING
2026-06-02 17:43:24 INFO  SELL_EXECUTED [KRX] 095340 mode=BREAKOUT phase=EXITING exitType=STOPLOSS price=217000.0000 qty=44 reason=FAILED_BREAKOUT pnl=-1.36% peakPnl=-0.45% holdMs=180000 high=219000.0000 avgPrice=220000.0000 weightedPnl=-1.35% (pending fill)
2026-06-02 17:43:24 INFO  SELL_FILLED_PNL 095340 reason=FAILED_BREAKOUT filledQty=44/44 fillRatio=1.00 weightedPnl=-1.35% dailyPnl=-1.35%
2026-06-02 17:43:24 INFO  SELL_FILLED 095340 reason=FAILED_BREAKOUT remainingQty=0 phase=NONE exitType=STOPLOSS
2026-06-02 17:43:24 INFO  BUY [KRX] 095340 mode=BREAKOUT price=220000.0000 qty=44 size=1.0000x score=80[B] | WHY: strongBreakout volBreakout retestOK multiUp vol(2.65x) | VWAP: 0.72%(ABOVE slope=UP) allowedGap=2.20% | TREND: score=3 vel=1.38%/1.15%/1.15% accel=true | VOL: 1857.0000/701.0000 TO: 408540000.0000/153072850.0000 | HIGH: 220000.0000 fromHigh=0.00% | entryNo=1
2026-06-02 17:43:24 INFO  BUY_FILLED 095340 phase=HOLDING
2026-06-02 17:43:24 INFO  SELL_EXECUTED [KRX] 095340 mode=BREAKOUT phase=EXITING exitType=STOPLOSS price=217000.0000 qty=44 reason=FAILED_BREAKOUT pnl=-1.36% peakPnl=-0.45% holdMs=180000 high=219000.0000 avgPrice=220000.0000 weightedPnl=-1.35% (pending fill)
2026-06-02 17:43:24 INFO  SELL_FILLED_PNL 095340 reason=FAILED_BREAKOUT filledQty=44/44 fillRatio=1.00 weightedPnl=-1.35% dailyPnl=-1.35%
2026-06-02 17:43:24 INFO  SELL_FILLED 095340 reason=FAILED_BREAKOUT remainingQty=0 phase=NONE exitType=STOPLOSS
2026-06-02 17:43:24 INFO  BUY amount set for 098460: 9810000.00
2026-06-02 17:43:24 INFO  BUY [KRX] 098460 mode=BREAKOUT price=29550.0000 qty=265 size=0.8000x score=85[A](CONV) | WHY: strongBreakout volBreakout retestOK multiUp vol(2.05x) | VWAP: 1.18%(ABOVE slope=UP) allowedGap=2.20% | TREND: score=3 vel=0.51%/0.34%/0.68% accel=true | VOL: 10337.0000/5043.5500 TO: 305458350.0000/147966905.0000 | HIGH: 29550.0000 fromHigh=0.00% | entryNo=1
2026-06-02 17:43:24 INFO  BUY_FILLED 098460 phase=HOLDING
2026-06-02 17:43:24 INFO  SELL [EOD_FORCE_SELL] 098460 pnl=-0.17% time=15:30
2026-06-02 17:43:24 INFO  SELL_EXECUTED [KRX] 098460 mode=BREAKOUT phase=EXITING exitType=TIMESTOP price=29500.0000 qty=265 reason=EOD_FORCE_SELL pnl=-0.17% peakPnl=0.34% holdMs=3840000 high=29650.0000 avgPrice=29550.0000 weightedPnl=-0.14% (pending fill)
2026-06-02 17:43:24 INFO  SELL_FILLED_PNL 098460 reason=EOD_FORCE_SELL filledQty=265/265 fillRatio=1.00 weightedPnl=-0.14% dailyPnl=-0.14%
2026-06-02 17:43:24 INFO  SELL_FILLED 098460 reason=EOD_FORCE_SELL remainingQty=0 phase=NONE exitType=TIMESTOP
2026-06-02 17:43:24 INFO  BUY [KRX] 098460 mode=BREAKOUT price=28850.0000 qty=340 size=1.0000x score=80[B] | WHY: strongBreakout volBreakout retestOK multiUp vol(3.52x) | VWAP: 1.23%(ABOVE slope=UP) allowedGap=2.20% | TREND: score=3 vel=1.05%/0.87%/0.87% accel=true | VOL: 5727.0000/1627.3500 TO: 165223950.0000/46523241.2500 | HIGH: 28850.0000 fromHigh=0.00% | entryNo=1
2026-06-02 17:43:24 INFO  BUY_FILLED 098460 phase=HOLDING
2026-06-02 17:43:24 INFO  SELL [EOD_FORCE_SELL] 098460 pnl=0.69% time=15:30
2026-06-02 17:43:24 INFO  SELL_EXECUTED [KRX] 098460 mode=BREAKOUT phase=EXITING exitType=TIMESTOP price=29050.0000 qty=340 reason=EOD_FORCE_SELL pnl=0.69% peakPnl=1.21% holdMs=4560000 high=29200.0000 avgPrice=28850.0000 weightedPnl=0.69% (pending fill)
2026-06-02 17:43:24 INFO  SELL_FILLED_PNL 098460 reason=EOD_FORCE_SELL filledQty=340/340 fillRatio=1.00 weightedPnl=0.69% dailyPnl=0.69%
2026-06-02 17:43:24 INFO  SELL_FILLED 098460 reason=EOD_FORCE_SELL remainingQty=0 phase=NONE exitType=TIMESTOP
2026-06-02 17:43:24 INFO  BUY [KRX] 098460 mode=BREAKOUT price=30250.0000 qty=324 size=1.0000x score=80[B] | WHY: strongBreakout volBreakout retestOK multiUp vol(4.32x) | VWAP: 0.90%(ABOVE slope=UP) allowedGap=2.20% | TREND: score=3 vel=0.33%/0.17%/0.33% accel=true | VOL: 24356.0000/5643.4000 TO: 736769000.0000/170061817.5000 | HIGH: 30250.0000 fromHigh=0.00% | entryNo=1
2026-06-02 17:43:24 INFO  BUY_FILLED 098460 phase=HOLDING
2026-06-02 17:43:24 INFO  SELL_EXECUTED [KRX] 098460 mode=BREAKOUT phase=EXITING exitType=VWAP_BREAK price=29950.0000 qty=324 reason=VWAP_BREAK pnl=-0.99% peakPnl=0.00% holdMs=2400000 high=30250.0000 avgPrice=30250.0000 weightedPnl=-0.99% (pending fill)
2026-06-02 17:43:24 INFO  SELL_FILLED_PNL 098460 reason=VWAP_BREAK filledQty=324/324 fillRatio=1.00 weightedPnl=-0.99% dailyPnl=-0.99%
2026-06-02 17:43:24 INFO  SELL_FILLED 098460 reason=VWAP_BREAK remainingQty=0 phase=NONE exitType=VWAP_BREAK
2026-06-02 17:43:24 INFO  BUY [KRX] 098460 mode=BREAKOUT price=30000.0000 qty=327 size=1.0000x score=85[A](CONV) | WHY: strongBreakout volBreakout retestOK multiUp vol(7.29x) | VWAP: 1.00%(ABOVE slope=UP) allowedGap=2.20% | TREND: score=3 vel=0.33%/0.17%/0.33% accel=true | VOL: 9217.0000/1264.7000 TO: 276510000.0000/37864767.5000 | HIGH: 30000.0000 fromHigh=0.00% | entryNo=1
2026-06-02 17:43:24 INFO  BUY_FILLED 098460 phase=HOLDING
2026-06-02 17:43:24 INFO  SELL_EXECUTED [KRX] 098460 mode=BREAKOUT phase=EXITING exitType=VWAP_BREAK price=29700.0000 qty=327 reason=VWAP_BREAK pnl=-1.00% peakPnl=-0.17% holdMs=2520000 high=29950.0000 avgPrice=30000.0000 weightedPnl=-1.00% (pending fill)
2026-06-02 17:43:24 INFO  SELL_FILLED_PNL 098460 reason=VWAP_BREAK filledQty=327/327 fillRatio=1.00 weightedPnl=-1.00% dailyPnl=-1.00%
2026-06-02 17:43:24 INFO  SELL_FILLED 098460 reason=VWAP_BREAK remainingQty=0 phase=NONE exitType=VWAP_BREAK
2026-06-02 17:43:24 INFO  BUY [KRX] 098460 mode=BREAKOUT price=30000.0000 qty=327 size=1.0000x score=90[S](CONV) | WHY: strongBreakout volBreakout retestOK multiUp vol(4.39x) | VWAP: 0.99%(ABOVE slope=UP) allowedGap=2.20% | TREND: score=3 vel=0.50%/0.33%/0.84% accel=true | VOL: 23330.0000/5312.0500 TO: 699900000.0000/158035732.5000 | HIGH: 30050.0000 fromHigh=-0.17% | entryNo=1
2026-06-02 17:43:24 INFO  BUY_FILLED 098460 phase=HOLDING
2026-06-02 17:43:24 INFO  SELL_EXECUTED [KRX] 098460 mode=BREAKOUT phase=EXITING exitType=PROFIT price=31150.0000 qty=327 reason=TAKE_PROFIT_BREAKOUT pnl=3.83% peakPnl=3.83% holdMs=240000 high=31150.0000 avgPrice=30000.0000 weightedPnl=3.83% (pending fill)
2026-06-02 17:43:24 INFO  SELL_FILLED_PNL 098460 reason=TAKE_PROFIT_BREAKOUT filledQty=327/327 fillRatio=1.00 weightedPnl=3.83% dailyPnl=3.83%
2026-06-02 17:43:24 INFO  SELL_FILLED 098460 reason=TAKE_PROFIT_BREAKOUT remainingQty=0 phase=NONE exitType=PROFIT
2026-06-02 17:43:24 INFO  BUY [KRX] 098460 mode=BREAKOUT price=32350.0000 qty=303 size=1.0000x score=90[S](CONV) | WHY: strongBreakout volBreakout retestOK multiUp vol(4.80x) | VWAP: 0.88%(ABOVE slope=UP) allowedGap=2.20% | TREND: score=3 vel=0.47%/0.31%/0.47% accel=true | VOL: 15420.0000/3212.2000 TO: 498837000.0000/103615437.5000 | HIGH: 32350.0000 fromHigh=0.00% | entryNo=1
2026-06-02 17:43:24 INFO  BUY_FILLED 098460 phase=HOLDING
2026-06-02 17:43:24 INFO  SELL [EOD_FORCE_SELL] 098460 pnl=0.62% time=15:30
2026-06-02 17:43:24 INFO  SELL_EXECUTED [KRX] 098460 mode=BREAKOUT phase=EXITING exitType=TIMESTOP price=32550.0000 qty=303 reason=EOD_FORCE_SELL pnl=0.62% peakPnl=0.62% holdMs=2280000 high=32550.0000 avgPrice=32350.0000 weightedPnl=0.62% (pending fill)
2026-06-02 17:43:24 INFO  SELL_FILLED_PNL 098460 reason=EOD_FORCE_SELL filledQty=303/303 fillRatio=1.00 weightedPnl=0.62% dailyPnl=0.62%
2026-06-02 17:43:24 INFO  SELL_FILLED 098460 reason=EOD_FORCE_SELL remainingQty=0 phase=NONE exitType=TIMESTOP
2026-06-02 17:43:24 INFO  BUY [KRX] 098460 mode=BREAKOUT price=41950.0000 qty=233 size=1.0000x score=80[B] | WHY: strongBreakout volBreakout retestOK multiUp vol(5.81x) | VWAP: 1.79%(ABOVE slope=UP) allowedGap=2.20% | TREND: score=3 vel=0.84%/0.60%/1.70% accel=true | VOL: 122111.0000/21018.8500 TO: 5122556450.0000/875967570.0000 | HIGH: 42000.0000 fromHigh=-0.12% | entryNo=1
2026-06-02 17:43:24 INFO  BUY_FILLED 098460 phase=HOLDING
2026-06-02 17:43:24 INFO  SELL_EXECUTED [KRX] 098460 mode=BREAKOUT phase=EXITING exitType=VWAP_BREAK price=41300.0000 qty=233 reason=VWAP_BREAK pnl=-1.55% peakPnl=0.48% holdMs=1560000 high=42150.0000 avgPrice=41950.0000 weightedPnl=-1.54% (pending fill)
2026-06-02 17:43:24 INFO  SELL_FILLED_PNL 098460 reason=VWAP_BREAK filledQty=233/233 fillRatio=1.00 weightedPnl=-1.54% dailyPnl=-1.54%
2026-06-02 17:43:24 INFO  SELL_FILLED 098460 reason=VWAP_BREAK remainingQty=0 phase=NONE exitType=VWAP_BREAK
2026-06-02 17:43:24 INFO  BUY [KRX] 098460 mode=BREAKOUT price=40950.0000 qty=239 size=1.0000x score=90[S](CONV) | WHY: strongBreakout volBreakout retestOK multiUp vol(3.11x) | VWAP: 0.95%(ABOVE slope=UP) allowedGap=2.20% | TREND: score=3 vel=0.49%/0.37%/0.37% accel=true | VOL: 10359.0000/3326.1500 TO: 424201050.0000/135674642.5000 | HIGH: 40950.0000 fromHigh=0.00% | entryNo=1
2026-06-02 17:43:24 INFO  BUY_FILLED 098460 phase=HOLDING
2026-06-02 17:43:24 INFO  SELL_EXECUTED [KRX] 098460 mode=BREAKOUT phase=EXITING exitType=VWAP_BREAK price=40500.0000 qty=239 reason=VWAP_BREAK pnl=-1.10% peakPnl=0.00% holdMs=3300000 high=40950.0000 avgPrice=40950.0000 weightedPnl=-1.10% (pending fill)
2026-06-02 17:43:24 INFO  SELL_FILLED_PNL 098460 reason=VWAP_BREAK filledQty=239/239 fillRatio=1.00 weightedPnl=-1.10% dailyPnl=-1.10%
2026-06-02 17:43:24 INFO  SELL_FILLED 098460 reason=VWAP_BREAK remainingQty=0 phase=NONE exitType=VWAP_BREAK
2026-06-02 17:43:25 INFO  BUY amount set for 069540: 9810000.00
2026-06-02 17:43:25 INFO  BUY [KRX] 069540 mode=BREAKOUT price=5270.0000 qty=1861 size=1.0000x score=90[S](CONV) | WHY: strongBreakout volBreakout retestOK multiUp vol(3.60x) | VWAP: 0.73%(ABOVE slope=UP) allowedGap=2.20% | TREND: score=3 vel=0.76%/0.57%/0.57% accel=true | VOL: 34580.0000/9615.6000 TO: 182236600.0000/50444832.7500 | HIGH: 5270.0000 fromHigh=0.00% | entryNo=1
2026-06-02 17:43:25 INFO  BUY_FILLED 069540 phase=HOLDING
2026-06-02 17:43:25 INFO  SELL [EOD_FORCE_SELL] 069540 pnl=-0.19% time=15:30
2026-06-02 17:43:25 INFO  SELL_EXECUTED [KRX] 069540 mode=BREAKOUT phase=EXITING exitType=TIMESTOP price=5260.0000 qty=1861 reason=EOD_FORCE_SELL pnl=-0.19% peakPnl=-0.19% holdMs=720000 high=5260.0000 avgPrice=5270.0000 weightedPnl=-0.19% (pending fill)
2026-06-02 17:43:25 INFO  SELL_FILLED_PNL 069540 reason=EOD_FORCE_SELL filledQty=1861/1861 fillRatio=1.00 weightedPnl=-0.19% dailyPnl=-0.19%
2026-06-02 17:43:25 INFO  SELL_FILLED 069540 reason=EOD_FORCE_SELL remainingQty=0 phase=NONE exitType=TIMESTOP
2026-06-02 17:43:25 INFO  BUY [KRX] 069540 mode=BREAKOUT price=5200.0000 qty=1886 size=1.0000x score=80[B] | WHY: strongBreakout volBreakout retestOK multiUp vol(2.52x) | VWAP: 0.68%(ABOVE slope=UP) allowedGap=2.20% | TREND: score=3 vel=0.58%/0.19%/0.19% accel=true | VOL: 35209.0000/13969.5500 TO: 183086800.0000/72489274.5000 | HIGH: 5210.0000 fromHigh=-0.19% | entryNo=1
2026-06-02 17:43:25 INFO  BUY_FILLED 069540 phase=HOLDING
2026-06-02 17:43:25 INFO  SELL [EOD_FORCE_SELL] 069540 pnl=0.00% time=15:30
2026-06-02 17:43:25 INFO  SELL_EXECUTED [KRX] 069540 mode=BREAKOUT phase=EXITING exitType=TIMESTOP price=5200.0000 qty=1886 reason=EOD_FORCE_SELL pnl=0.00% peakPnl=0.19% holdMs=900000 high=5210.0000 avgPrice=5200.0000 weightedPnl=0.00% (pending fill)
2026-06-02 17:43:25 INFO  SELL_FILLED 069540 reason=EOD_FORCE_SELL remainingQty=0 phase=NONE exitType=TIMESTOP
2026-06-02 17:43:25 INFO  BUY amount set for 007390: 9810000.00
2026-06-02 17:43:26 INFO  BUY [KRX] 007390 mode=BREAKOUT price=18000.0000 qty=436 size=0.8000x score=85[A](CONV) | WHY: strongBreakout volBreakout retestOK multiUp vol(2.16x) | VWAP: 0.87%(ABOVE slope=UP) allowedGap=2.20% | TREND: score=3 vel=0.90%/0.78%/0.56% accel=true | VOL: 4984.0000/2305.6500 TO: 89761840.0000/41231904.0000 | HIGH: 18020.0000 fromHigh=-0.06% | entryNo=1
2026-06-02 17:43:26 INFO  BUY_FILLED 007390 phase=HOLDING
2026-06-02 17:43:26 INFO  SELL_EXECUTED [KRX] 007390 mode=BREAKOUT phase=EXITING exitType=VWAP_BREAK price=17850.0000 qty=436 reason=VWAP_BREAK pnl=-0.89% peakPnl=0.17% holdMs=780000 high=18040.0000 avgPrice=18010.0000 weightedPnl=-0.71% (pending fill)
2026-06-02 17:43:26 INFO  SELL_FILLED_PNL 007390 reason=VWAP_BREAK filledQty=436/436 fillRatio=1.00 weightedPnl=-0.71% dailyPnl=-0.71%
2026-06-02 17:43:26 INFO  SELL_FILLED 007390 reason=VWAP_BREAK remainingQty=0 phase=NONE exitType=VWAP_BREAK
2026-06-02 17:43:26 INFO  BUY [KRX] 007390 mode=BREAKOUT price=18500.0000 qty=530 size=1.0000x score=80[B] | WHY: strongBreakout volBreakout retestOK multiUp vol(5.57x) | VWAP: 1.26%(ABOVE slope=UP) allowedGap=2.20% | TREND: score=3 vel=1.87%/1.76%/2.15% accel=true | VOL: 18432.0000/3309.0625 TO: 340807680.0000/60422715.0000 | HIGH: 18500.0000 fromHigh=-0.05% | entryNo=1
2026-06-02 17:43:26 INFO  BUY_FILLED 007390 phase=HOLDING
2026-06-02 17:43:26 INFO  SELL_EXECUTED [KRX] 007390 mode=BREAKOUT phase=EXITING exitType=VWAP_BREAK price=18240.0000 qty=530 reason=VWAP_BREAK pnl=-1.35% peakPnl=-0.49% holdMs=420000 high=18400.0000 avgPrice=18490.0000 weightedPnl=-1.35% (pending fill)
2026-06-02 17:43:26 INFO  SELL_FILLED_PNL 007390 reason=VWAP_BREAK filledQty=530/530 fillRatio=1.00 weightedPnl=-1.35% dailyPnl=-1.35%
2026-06-02 17:43:26 INFO  SELL_FILLED 007390 reason=VWAP_BREAK remainingQty=0 phase=NONE exitType=VWAP_BREAK
2026-06-02 17:43:26 INFO  BUY [KRX] 007390 mode=BREAKOUT price=20150.0000 qty=486 size=1.0000x score=85[A](CONV) | WHY: strongBreakout volBreakout retestOK multiUp vol(4.79x) | VWAP: 0.44%(ABOVE slope=UP) allowedGap=2.20% | TREND: score=3 vel=0.50%/0.25%/0.75% accel=true | VOL: 10242.0000/2137.8000 TO: 206376300.0000/42858790.0000 | HIGH: 20150.0000 fromHigh=0.00% | entryNo=1
2026-06-02 17:43:26 INFO  BUY_FILLED 007390 phase=HOLDING
2026-06-02 17:43:26 INFO  SELL_EXECUTED [KRX] 007390 mode=BREAKOUT phase=EXITING exitType=VWAP_BREAK price=20025.0000 qty=486 reason=VWAP_BREAK pnl=-0.62% peakPnl=0.00% holdMs=1860000 high=20150.0000 avgPrice=20150.0000 weightedPnl=-0.62% (pending fill)
2026-06-02 17:43:26 INFO  SELL_FILLED_PNL 007390 reason=VWAP_BREAK filledQty=486/486 fillRatio=1.00 weightedPnl=-0.62% dailyPnl=-0.62%
2026-06-02 17:43:26 INFO  SELL_FILLED 007390 reason=VWAP_BREAK remainingQty=0 phase=NONE exitType=VWAP_BREAK
2026-06-02 17:43:26 INFO  BUY [KRX] 007390 mode=BREAKOUT price=19650.0000 qty=399 size=0.8000x score=85[A](CONV) | WHY: strongBreakout volBreakout retestOK multiUp vol(2.21x) | VWAP: 0.91%(ABOVE slope=UP) allowedGap=2.20% | TREND: score=3 vel=0.62%/0.56%/1.13% accel=true | VOL: 3581.0000/1617.9000 TO: 70295030.0000/31509244.0000 | HIGH: 19630.0000 fromHigh=0.00% | entryNo=1
2026-06-02 17:43:26 INFO  BUY_FILLED 007390 phase=HOLDING
2026-06-02 17:43:26 INFO  SELL_EXECUTED [KRX] 007390 mode=BREAKOUT phase=EXITING exitType=PROFIT price=20200.0000 qty=399 reason=TAKE_PROFIT_BREAKOUT pnl=2.90% peakPnl=2.90% holdMs=1500000 high=20200.0000 avgPrice=19630.0000 weightedPnl=2.32% (pending fill)
2026-06-02 17:43:26 INFO  SELL_FILLED_PNL 007390 reason=TAKE_PROFIT_BREAKOUT filledQty=399/399 fillRatio=1.00 weightedPnl=2.32% dailyPnl=2.32%
2026-06-02 17:43:26 INFO  SELL_FILLED 007390 reason=TAKE_PROFIT_BREAKOUT remainingQty=0 phase=NONE exitType=PROFIT
2026-06-02 17:43:26 INFO  BUY [KRX] 007390 mode=BREAKOUT price=19650.0000 qty=399 size=0.8000x score=85[A](CONV) | WHY: strongBreakout volBreakout retestOK multiUp vol(2.21x) | VWAP: 0.91%(ABOVE slope=UP) allowedGap=2.20% | TREND: score=3 vel=0.62%/0.56%/1.13% accel=true | VOL: 3581.0000/1617.9000 TO: 70295030.0000/31509244.0000 | HIGH: 19630.0000 fromHigh=0.00% | entryNo=1
2026-06-02 17:43:26 INFO  BUY_FILLED 007390 phase=HOLDING
2026-06-02 17:43:26 INFO  SELL_EXECUTED [KRX] 007390 mode=BREAKOUT phase=EXITING exitType=PROFIT price=20200.0000 qty=399 reason=TAKE_PROFIT_BREAKOUT pnl=2.90% peakPnl=2.90% holdMs=1500000 high=20200.0000 avgPrice=19630.0000 weightedPnl=2.32% (pending fill)
2026-06-02 17:43:26 INFO  SELL_FILLED_PNL 007390 reason=TAKE_PROFIT_BREAKOUT filledQty=399/399 fillRatio=1.00 weightedPnl=2.32% dailyPnl=2.32%
2026-06-02 17:43:26 INFO  SELL_FILLED 007390 reason=TAKE_PROFIT_BREAKOUT remainingQty=0 phase=NONE exitType=PROFIT
2026-06-02 17:43:26 INFO  BUY amount set for 440110: 9810000.00
2026-06-02 17:43:27 INFO  BUY [KRX] 440110 mode=BREAKOUT price=50800.0000 qty=193 size=1.0000x score=80[B] | WHY: strongBreakout volBreakout retestOK multiUp vol(4.27x) | VWAP: 1.59%(ABOVE slope=UP) allowedGap=2.20% | TREND: score=3 vel=0.59%/0.40%/0.59% accel=true | VOL: 3990.0000/934.7000 TO: 202692000.0000/47269400.0000 | HIGH: 50800.0000 fromHigh=0.00% | entryNo=1
2026-06-02 17:43:27 INFO  BUY_FILLED 440110 phase=HOLDING
2026-06-02 17:43:27 INFO  SELL_EXECUTED [KRX] 440110 mode=BREAKOUT phase=EXITING exitType=VWAP_BREAK price=50500.0000 qty=193 reason=VWAP_BREAK pnl=-0.59% peakPnl=1.18% holdMs=4800000 high=51400.0000 avgPrice=50800.0000 weightedPnl=-0.59% (pending fill)
2026-06-02 17:43:27 INFO  SELL_FILLED_PNL 440110 reason=VWAP_BREAK filledQty=193/193 fillRatio=1.00 weightedPnl=-0.59% dailyPnl=-0.59%
2026-06-02 17:43:27 INFO  SELL_FILLED 440110 reason=VWAP_BREAK remainingQty=0 phase=NONE exitType=VWAP_BREAK
2026-06-02 17:43:27 INFO  BUY [KRX] 440110 mode=BREAKOUT price=59700.0000 qty=164 size=1.0000x score=80[B] | WHY: strongBreakout volBreakout retestOK multiUp vol(6.11x) | VWAP: 1.26%(ABOVE slope=UP) allowedGap=2.20% | TREND: score=3 vel=1.70%/1.53%/1.88% accel=true | VOL: 24919.0000/4075.2000 TO: 1487664300.0000/240695785.0000 | HIGH: 59800.0000 fromHigh=-0.17% | entryNo=1
2026-06-02 17:43:27 INFO  BUY_FILLED 440110 phase=HOLDING
2026-06-02 17:43:27 INFO  SELL_EXECUTED [KRX] 440110 mode=BREAKOUT phase=EXITING exitType=PROFIT price=61700.0000 qty=164 reason=TAKE_PROFIT_BREAKOUT pnl=3.35% peakPnl=3.35% holdMs=840000 high=61700.0000 avgPrice=59700.0000 weightedPnl=3.34% (pending fill)
2026-06-02 17:43:27 INFO  SELL_FILLED_PNL 440110 reason=TAKE_PROFIT_BREAKOUT filledQty=164/164 fillRatio=1.00 weightedPnl=3.34% dailyPnl=3.34%
2026-06-02 17:43:27 INFO  SELL_FILLED 440110 reason=TAKE_PROFIT_BREAKOUT remainingQty=0 phase=NONE exitType=PROFIT
2026-06-02 17:43:27 INFO  BUY [KRX] 440110 mode=BREAKOUT price=61000.0000 qty=160 size=1.0000x score=90[S](CONV) | WHY: strongBreakout volBreakout retestOK multiUp vol(4.26x) | VWAP: 1.07%(ABOVE slope=UP) allowedGap=2.20% | TREND: score=3 vel=1.50%/1.16%/1.33% accel=true | VOL: 7902.0000/1855.2000 TO: 482022000.0000/111901960.0000 | HIGH: 61100.0000 fromHigh=-0.16% | entryNo=1
2026-06-02 17:43:27 INFO  BUY_FILLED 440110 phase=HOLDING
2026-06-02 17:43:27 INFO  SELL_EXECUTED [KRX] 440110 mode=BREAKOUT phase=EXITING exitType=STOPLOSS price=60200.0000 qty=160 reason=FAILED_BREAKOUT pnl=-1.31% peakPnl=0.00% holdMs=240000 high=61000.0000 avgPrice=61000.0000 weightedPnl=-1.30% (pending fill)
2026-06-02 17:43:27 INFO  SELL_FILLED_PNL 440110 reason=FAILED_BREAKOUT filledQty=160/160 fillRatio=1.00 weightedPnl=-1.30% dailyPnl=-1.30%
2026-06-02 17:43:27 INFO  SELL_FILLED 440110 reason=FAILED_BREAKOUT remainingQty=0 phase=NONE exitType=STOPLOSS
2026-06-02 17:43:27 INFO  BUY [KRX] 440110 mode=BREAKOUT price=80900.0000 qty=121 size=1.0000x score=90[S](CONV) | WHY: strongBreakout volBreakout retestOK multiUp vol(6.91x) | VWAP: 0.91%(ABOVE slope=UP) allowedGap=2.20% | TREND: score=3 vel=0.50%/0.37%/0.87% accel=true | VOL: 10269.0000/1485.1500 TO: 830762100.0000/119551795.0000 | HIGH: 81000.0000 fromHigh=-0.12% | entryNo=1
2026-06-02 17:43:27 INFO  BUY_FILLED 440110 phase=HOLDING
2026-06-02 17:43:27 INFO  SELL_EXECUTED [KRX] 440110 mode=BREAKOUT phase=EXITING exitType=PROFIT price=83300.0000 qty=121 reason=TAKE_PROFIT_BREAKOUT pnl=2.97% peakPnl=2.97% holdMs=1380000 high=83300.0000 avgPrice=80900.0000 weightedPnl=2.96% (pending fill)
2026-06-02 17:43:27 INFO  SELL_FILLED_PNL 440110 reason=TAKE_PROFIT_BREAKOUT filledQty=121/121 fillRatio=1.00 weightedPnl=2.96% dailyPnl=2.96%
2026-06-02 17:43:27 INFO  SELL_FILLED 440110 reason=TAKE_PROFIT_BREAKOUT remainingQty=0 phase=NONE exitType=PROFIT
2026-06-02 17:43:27 INFO  BUY [KRX] 440110 mode=BREAKOUT price=123000.0000 qty=79 size=1.0000x score=90[S](CONV) | WHY: strongBreakout volBreakout retestOK multiUp vol(3.36x) | VWAP: 1.50%(ABOVE slope=UP) allowedGap=2.20% | TREND: score=3 vel=1.23%/1.07%/0.82% accel=true | VOL: 23047.0000/6850.3000 TO: 2834781000.0000/831643937.5000 | HIGH: 123300.0000 fromHigh=-0.24% | entryNo=1
2026-06-02 17:43:27 INFO  BUY_FILLED 440110 phase=HOLDING
2026-06-02 17:43:27 INFO  SELL_EXECUTED [KRX] 440110 mode=BREAKOUT phase=EXITING exitType=STOPLOSS price=120400.0000 qty=79 reason=STOP_LOSS_BREAKOUT pnl=-2.11% peakPnl=0.41% holdMs=1560000 high=123500.0000 avgPrice=123000.0000 weightedPnl=-2.09% (pending fill)
2026-06-02 17:43:27 INFO  SELL_FILLED_PNL 440110 reason=STOP_LOSS_BREAKOUT filledQty=79/79 fillRatio=1.00 weightedPnl=-2.09% dailyPnl=-2.09%
2026-06-02 17:43:27 INFO  SELL_FILLED 440110 reason=STOP_LOSS_BREAKOUT remainingQty=0 phase=NONE exitType=STOPLOSS
2026-06-02 17:43:27 INFO  BUY [KRX] 440110 mode=BREAKOUT price=123000.0000 qty=79 size=1.0000x score=90[S](CONV) | WHY: strongBreakout volBreakout retestOK multiUp vol(3.36x) | VWAP: 1.50%(ABOVE slope=UP) allowedGap=2.20% | TREND: score=3 vel=1.23%/1.07%/0.82% accel=true | VOL: 23047.0000/6850.3000 TO: 2834781000.0000/831643937.5000 | HIGH: 123300.0000 fromHigh=-0.24% | entryNo=1
2026-06-02 17:43:27 INFO  BUY_FILLED 440110 phase=HOLDING
2026-06-02 17:43:27 INFO  SELL_EXECUTED [KRX] 440110 mode=BREAKOUT phase=EXITING exitType=STOPLOSS price=120400.0000 qty=79 reason=STOP_LOSS_BREAKOUT pnl=-2.11% peakPnl=0.41% holdMs=1560000 high=123500.0000 avgPrice=123000.0000 weightedPnl=-2.09% (pending fill)
2026-06-02 17:43:27 INFO  SELL_FILLED_PNL 440110 reason=STOP_LOSS_BREAKOUT filledQty=79/79 fillRatio=1.00 weightedPnl=-2.09% dailyPnl=-2.09%
2026-06-02 17:43:27 INFO  SELL_FILLED 440110 reason=STOP_LOSS_BREAKOUT remainingQty=0 phase=NONE exitType=STOPLOSS
2026-06-02 17:43:27 INFO  BUY amount set for 403870: 9810000.00
2026-06-02 17:43:27 INFO  BUY [KRX] 403870 mode=BREAKOUT price=42700.0000 qty=229 size=1.0000x score=80[B] | WHY: strongBreakout volBreakout retestOK multiUp vol(4.49x) | VWAP: 0.78%(ABOVE slope=UP) allowedGap=2.20% | TREND: score=3 vel=0.35%/0.23%/0.23% accel=true | VOL: 8846.0000/1968.0000 TO: 377724200.0000/83706745.0000 | HIGH: 42700.0000 fromHigh=0.00% | entryNo=1
2026-06-02 17:43:27 INFO  BUY_FILLED 403870 phase=HOLDING
2026-06-02 17:43:27 INFO  SELL_EXECUTED [KRX] 403870 mode=BREAKOUT phase=EXITING exitType=VWAP_BREAK price=42450.0000 qty=229 reason=VWAP_BREAK pnl=-0.59% peakPnl=0.59% holdMs=3240000 high=42950.0000 avgPrice=42700.0000 weightedPnl=-0.58% (pending fill)
2026-06-02 17:43:27 INFO  SELL_FILLED_PNL 403870 reason=VWAP_BREAK filledQty=229/229 fillRatio=1.00 weightedPnl=-0.58% dailyPnl=-0.58%
2026-06-02 17:43:27 INFO  SELL_FILLED 403870 reason=VWAP_BREAK remainingQty=0 phase=NONE exitType=VWAP_BREAK
2026-06-02 17:43:27 INFO  BUY [KRX] 403870 mode=BREAKOUT price=44300.0000 qty=221 size=1.0000x score=85[A](CONV) | WHY: strongBreakout volBreakout retestOK multiUp vol(3.81x) | VWAP: 0.65%(ABOVE slope=UP) allowedGap=2.20% | TREND: score=3 vel=0.28%/0.23%/0.28% accel=true | VOL: 8904.0000/2334.3500 TO: 394224600.0000/103105160.0000 | HIGH: 44300.0000 fromHigh=-0.06% | entryNo=1
2026-06-02 17:43:27 INFO  BUY_FILLED 403870 phase=HOLDING
2026-06-02 17:43:27 INFO  SELL [EOD_FORCE_SELL] 403870 pnl=0.51% time=15:30
2026-06-02 17:43:27 INFO  SELL_EXECUTED [KRX] 403870 mode=BREAKOUT phase=EXITING exitType=TIMESTOP price=44500.0000 qty=221 reason=EOD_FORCE_SELL pnl=0.51% peakPnl=1.07% holdMs=6360000 high=44750.0000 avgPrice=44275.0000 weightedPnl=0.51% (pending fill)
2026-06-02 17:43:27 INFO  SELL_FILLED_PNL 403870 reason=EOD_FORCE_SELL filledQty=221/221 fillRatio=1.00 weightedPnl=0.51% dailyPnl=0.51%
2026-06-02 17:43:27 INFO  SELL_FILLED 403870 reason=EOD_FORCE_SELL remainingQty=0 phase=NONE exitType=TIMESTOP
2026-06-02 17:43:27 INFO  BUY [KRX] 403870 mode=BREAKOUT price=45550.0000 qty=215 size=1.0000x score=80[B] | WHY: strongBreakout volBreakout retestOK multiUp vol(2.84x) | VWAP: 0.89%(ABOVE slope=UP) allowedGap=2.20% | TREND: score=3 vel=0.22%/0.11%/0.22% accel=true | VOL: 17982.0000/6331.8500 TO: 819080100.0000/287535132.5000 | HIGH: 45550.0000 fromHigh=0.00% | entryNo=1
2026-06-02 17:43:27 INFO  BUY_FILLED 403870 phase=HOLDING
2026-06-02 17:43:27 INFO  SELL [EOD_FORCE_SELL] 403870 pnl=0.77% time=15:30
2026-06-02 17:43:27 INFO  SELL_EXECUTED [KRX] 403870 mode=BREAKOUT phase=EXITING exitType=TIMESTOP price=45900.0000 qty=215 reason=EOD_FORCE_SELL pnl=0.77% peakPnl=0.88% holdMs=1380000 high=45950.0000 avgPrice=45550.0000 weightedPnl=0.77% (pending fill)
2026-06-02 17:43:27 INFO  SELL_FILLED_PNL 403870 reason=EOD_FORCE_SELL filledQty=215/215 fillRatio=1.00 weightedPnl=0.77% dailyPnl=0.77%
2026-06-02 17:43:27 INFO  SELL_FILLED 403870 reason=EOD_FORCE_SELL remainingQty=0 phase=NONE exitType=TIMESTOP
2026-06-02 17:43:28 INFO  BUY [KRX] 403870 mode=BREAKOUT price=43750.0000 qty=224 size=1.0000x score=90[S](CONV) | WHY: strongBreakout volBreakout retestOK multiUp vol(6.58x) | VWAP: 1.04%(ABOVE slope=UP) allowedGap=2.20% | TREND: score=3 vel=0.69%/0.57%/0.69% accel=true | VOL: 50411.0000/7661.1000 TO: 2205481250.0000/333683667.5000 | HIGH: 43800.0000 fromHigh=-0.11% | entryNo=1
2026-06-02 17:43:28 INFO  BUY_FILLED 403870 phase=HOLDING
2026-06-02 17:43:28 INFO  SELL [EOD_FORCE_SELL] 403870 pnl=0.91% time=15:30
2026-06-02 17:43:28 INFO  SELL_EXECUTED [KRX] 403870 mode=BREAKOUT phase=EXITING exitType=TIMESTOP price=44150.0000 qty=224 reason=EOD_FORCE_SELL pnl=0.91% peakPnl=1.26% holdMs=11400000 high=44300.0000 avgPrice=43750.0000 weightedPnl=0.91% (pending fill)
2026-06-02 17:43:28 INFO  SELL_FILLED_PNL 403870 reason=EOD_FORCE_SELL filledQty=224/224 fillRatio=1.00 weightedPnl=0.91% dailyPnl=0.91%
2026-06-02 17:43:28 INFO  SELL_FILLED 403870 reason=EOD_FORCE_SELL remainingQty=0 phase=NONE exitType=TIMESTOP
2026-06-02 17:43:28 INFO  BUY [KRX] 403870 mode=BREAKOUT price=47050.0000 qty=208 size=1.0000x score=90[S](CONV) | WHY: strongBreakout volBreakout retestOK multiUp vol(4.23x) | VWAP: 0.83%(ABOVE slope=UP) allowedGap=2.20% | TREND: score=3 vel=0.75%/0.53%/0.43% accel=true | VOL: 16458.0000/3891.2000 TO: 774348900.0000/182169512.5000 | HIGH: 47050.0000 fromHigh=0.00% | entryNo=1
2026-06-02 17:43:28 INFO  BUY_FILLED 403870 phase=HOLDING
2026-06-02 17:43:28 INFO  SELL_EXECUTED [KRX] 403870 mode=BREAKOUT phase=EXITING exitType=PROFIT price=48400.0000 qty=208 reason=TAKE_PROFIT_BREAKOUT pnl=2.87% peakPnl=2.87% holdMs=2040000 high=48400.0000 avgPrice=47050.0000 weightedPnl=2.86% (pending fill)
2026-06-02 17:43:28 INFO  SELL_FILLED_PNL 403870 reason=TAKE_PROFIT_BREAKOUT filledQty=208/208 fillRatio=1.00 weightedPnl=2.86% dailyPnl=2.86%
2026-06-02 17:43:28 INFO  SELL_FILLED 403870 reason=TAKE_PROFIT_BREAKOUT remainingQty=0 phase=NONE exitType=PROFIT
2026-06-02 17:43:28 INFO  BUY [KRX] 403870 mode=BREAKOUT price=55600.0000 qty=176 size=1.0000x score=80[B] | WHY: strongBreakout volBreakout retestOK multiUp vol(3.18x) | VWAP: 1.45%(ABOVE slope=UP) allowedGap=2.20% | TREND: score=3 vel=0.72%/0.54%/0.54% accel=true | VOL: 31309.0000/9841.4500 TO: 1740780400.0000/544167715.0000 | HIGH: 55600.0000 fromHigh=0.00% | entryNo=1
2026-06-02 17:43:28 INFO  BUY_FILLED 403870 phase=HOLDING
2026-06-02 17:43:28 INFO  SELL_EXECUTED [KRX] 403870 mode=BREAKOUT phase=EXITING exitType=VWAP_BREAK price=54900.0000 qty=176 reason=VWAP_BREAK pnl=-1.26% peakPnl=0.54% holdMs=4080000 high=55900.0000 avgPrice=55600.0000 weightedPnl=-1.26% (pending fill)
2026-06-02 17:43:28 INFO  SELL_FILLED_PNL 403870 reason=VWAP_BREAK filledQty=176/176 fillRatio=1.00 weightedPnl=-1.26% dailyPnl=-1.26%
2026-06-02 17:43:28 INFO  SELL_FILLED 403870 reason=VWAP_BREAK remainingQty=0 phase=NONE exitType=VWAP_BREAK
2026-06-02 17:43:28 INFO  BUY [KRX] 403870 mode=BREAKOUT price=54000.0000 qty=181 size=1.0000x score=90[S](CONV) | WHY: strongBreakout volBreakout retestOK multiUp vol(4.09x) | VWAP: 1.03%(ABOVE slope=UP) allowedGap=2.20% | TREND: score=3 vel=0.75%/0.56%/1.12% accel=true | VOL: 20733.0000/5073.9500 TO: 1119582000.0000/271993160.0000 | HIGH: 54000.0000 fromHigh=0.00% | entryNo=1
2026-06-02 17:43:28 INFO  BUY_FILLED 403870 phase=HOLDING
2026-06-02 17:43:28 INFO  SELL [EOD_FORCE_SELL] 403870 pnl=-0.56% time=15:30
2026-06-02 17:43:28 INFO  SELL_EXECUTED [KRX] 403870 mode=BREAKOUT phase=EXITING exitType=TIMESTOP price=53700.0000 qty=181 reason=EOD_FORCE_SELL pnl=-0.56% peakPnl=0.28% holdMs=2820000 high=54150.0000 avgPrice=54000.0000 weightedPnl=-0.55% (pending fill)
2026-06-02 17:43:28 INFO  SELL_FILLED_PNL 403870 reason=EOD_FORCE_SELL filledQty=181/181 fillRatio=1.00 weightedPnl=-0.55% dailyPnl=-0.55%
2026-06-02 17:43:28 INFO  SELL_FILLED 403870 reason=EOD_FORCE_SELL remainingQty=0 phase=NONE exitType=TIMESTOP
2026-06-02 17:43:28 INFO  BUY [KRX] 403870 mode=BREAKOUT price=54000.0000 qty=181 size=1.0000x score=85[A](CONV) | WHY: strongBreakout volBreakout retestOK multiUp vol(7.64x) | VWAP: 0.91%(ABOVE slope=UP) allowedGap=2.20% | TREND: score=3 vel=0.93%/0.75%/0.93% accel=true | VOL: 26336.0000/3447.2500 TO: 1422144000.0000/184930820.0000 | HIGH: 54000.0000 fromHigh=0.00% | entryNo=1
2026-06-02 17:43:28 INFO  BUY_FILLED 403870 phase=HOLDING
2026-06-02 17:43:28 INFO  SELL [EOD_FORCE_SELL] 403870 pnl=1.30% time=15:30
2026-06-02 17:43:28 INFO  SELL_EXECUTED [KRX] 403870 mode=BREAKOUT phase=EXITING exitType=TIMESTOP price=54700.0000 qty=181 reason=EOD_FORCE_SELL pnl=1.30% peakPnl=2.59% holdMs=17040000 high=55400.0000 avgPrice=54000.0000 weightedPnl=1.29% (pending fill)
2026-06-02 17:43:28 INFO  SELL_FILLED_PNL 403870 reason=EOD_FORCE_SELL filledQty=181/181 fillRatio=1.00 weightedPnl=1.29% dailyPnl=1.29%
2026-06-02 17:43:28 INFO  SELL_FILLED 403870 reason=EOD_FORCE_SELL remainingQty=0 phase=NONE exitType=TIMESTOP
2026-06-02 17:43:28 INFO  BUY [KRX] 403870 mode=BREAKOUT price=54000.0000 qty=181 size=1.0000x score=85[A](CONV) | WHY: strongBreakout volBreakout retestOK multiUp vol(7.64x) | VWAP: 0.91%(ABOVE slope=UP) allowedGap=2.20% | TREND: score=3 vel=0.93%/0.75%/0.93% accel=true | VOL: 26336.0000/3447.2500 TO: 1422144000.0000/184930820.0000 | HIGH: 54000.0000 fromHigh=0.00% | entryNo=1
2026-06-02 17:43:28 INFO  BUY_FILLED 403870 phase=HOLDING
2026-06-02 17:43:28 INFO  SELL [EOD_FORCE_SELL] 403870 pnl=1.30% time=15:30
2026-06-02 17:43:28 INFO  SELL_EXECUTED [KRX] 403870 mode=BREAKOUT phase=EXITING exitType=TIMESTOP price=54700.0000 qty=181 reason=EOD_FORCE_SELL pnl=1.30% peakPnl=2.59% holdMs=17040000 high=55400.0000 avgPrice=54000.0000 weightedPnl=1.29% (pending fill)
2026-06-02 17:43:28 INFO  SELL_FILLED_PNL 403870 reason=EOD_FORCE_SELL filledQty=181/181 fillRatio=1.00 weightedPnl=1.29% dailyPnl=1.29%
2026-06-02 17:43:28 INFO  SELL_FILLED 403870 reason=EOD_FORCE_SELL remainingQty=0 phase=NONE exitType=TIMESTOP
2026-06-02 17:43:28 INFO  BUY amount set for 001440: 9810000.00
2026-06-02 17:43:28 INFO  BUY [KRX] 001440 mode=BREAKOUT price=29700.0000 qty=330 size=1.0000x score=90[S](CONV) | WHY: strongBreakout volBreakout retestOK multiUp vol(5.08x) | VWAP: 1.03%(ABOVE slope=UP) allowedGap=2.20% | TREND: score=3 vel=0.85%/0.51%/0.68% accel=true | VOL: 29686.0000/5844.5000 TO: 881674200.0000/172614857.5000 | HIGH: 29700.0000 fromHigh=0.00% | entryNo=1
2026-06-02 17:43:28 INFO  BUY_FILLED 001440 phase=HOLDING
2026-06-02 17:43:28 INFO  SELL_EXECUTED [KRX] 001440 mode=BREAKOUT phase=EXITING exitType=VWAP_BREAK price=29550.0000 qty=330 reason=VWAP_BREAK pnl=-0.51% peakPnl=1.01% holdMs=4980000 high=30000.0000 avgPrice=29700.0000 weightedPnl=-0.50% (pending fill)
2026-06-02 17:43:28 INFO  SELL_FILLED_PNL 001440 reason=VWAP_BREAK filledQty=330/330 fillRatio=1.00 weightedPnl=-0.50% dailyPnl=-0.50%
2026-06-02 17:43:28 INFO  SELL_FILLED 001440 reason=VWAP_BREAK remainingQty=0 phase=NONE exitType=VWAP_BREAK
2026-06-02 17:43:28 INFO  BUY [KRX] 001440 mode=BREAKOUT price=30350.0000 qty=258 size=0.8000x score=85[A](CONV) | WHY: strongBreakout volBreakout retestOK multiUp vol(2.17x) | VWAP: 0.64%(ABOVE slope=UP) allowedGap=2.20% | TREND: score=3 vel=0.83%/0.58%/0.50% accel=true | VOL: 51350.0000/23663.8750 TO: 1558472500.0000/713596185.9375 | HIGH: 30350.0000 fromHigh=0.00% | entryNo=1
2026-06-02 17:43:28 INFO  BUY_FILLED 001440 phase=HOLDING
2026-06-02 17:43:28 INFO  SELL_EXECUTED [KRX] 001440 mode=BREAKOUT phase=EXITING exitType=VWAP_BREAK price=30200.0000 qty=258 reason=VWAP_BREAK pnl=-0.49% peakPnl=0.66% holdMs=2760000 high=30550.0000 avgPrice=30350.0000 weightedPnl=-0.39% (pending fill)
2026-06-02 17:43:28 INFO  SELL_FILLED_PNL 001440 reason=VWAP_BREAK filledQty=258/258 fillRatio=1.00 weightedPnl=-0.39% dailyPnl=-0.39%
2026-06-02 17:43:28 INFO  SELL_FILLED 001440 reason=VWAP_BREAK remainingQty=0 phase=NONE exitType=VWAP_BREAK
2026-06-02 17:43:28 INFO  BUY [KRX] 001440 mode=BREAKOUT price=30750.0000 qty=319 size=1.0000x score=80[B] | WHY: strongBreakout volBreakout retestOK multiUp vol(3.17x) | VWAP: 1.23%(ABOVE slope=UP) allowedGap=2.20% | TREND: score=3 vel=0.82%/0.49%/0.82% accel=true | VOL: 77187.0000/24324.2000 TO: 2373500250.0000/742616557.5000 | HIGH: 30750.0000 fromHigh=0.00% | entryNo=1
2026-06-02 17:43:28 INFO  BUY_FILLED 001440 phase=HOLDING
2026-06-02 17:43:28 INFO  SELL_EXECUTED [KRX] 001440 mode=BREAKOUT phase=EXITING exitType=VWAP_BREAK price=30450.0000 qty=319 reason=VWAP_BREAK pnl=-0.98% peakPnl=0.65% holdMs=2640000 high=30950.0000 avgPrice=30750.0000 weightedPnl=-0.98% (pending fill)
2026-06-02 17:43:28 INFO  SELL_FILLED_PNL 001440 reason=VWAP_BREAK filledQty=319/319 fillRatio=1.00 weightedPnl=-0.98% dailyPnl=-0.98%
2026-06-02 17:43:28 INFO  SELL_FILLED 001440 reason=VWAP_BREAK remainingQty=0 phase=NONE exitType=VWAP_BREAK
2026-06-02 17:43:28 INFO  BUY [KRX] 001440 mode=BREAKOUT price=31050.0000 qty=315 size=1.0000x score=90[S](CONV) | WHY: strongBreakout volBreakout retestOK multiUp vol(5.73x) | VWAP: 0.95%(ABOVE slope=UP) allowedGap=2.20% | TREND: score=3 vel=1.31%/1.14%/1.31% accel=true | VOL: 113689.0000/19831.6000 TO: 3530043450.0000/612482365.0000 | HIGH: 31050.0000 fromHigh=0.00% | entryNo=1
2026-06-02 17:43:28 INFO  BUY_FILLED 001440 phase=HOLDING
2026-06-02 17:43:28 INFO  SELL_EXECUTED [KRX] 001440 mode=BREAKOUT phase=EXITING exitType=VWAP_BREAK price=30700.0000 qty=315 reason=VWAP_BREAK pnl=-1.13% peakPnl=-0.32% holdMs=1140000 high=30950.0000 avgPrice=31050.0000 weightedPnl=-1.12% (pending fill)
2026-06-02 17:43:28 INFO  SELL_FILLED_PNL 001440 reason=VWAP_BREAK filledQty=315/315 fillRatio=1.00 weightedPnl=-1.12% dailyPnl=-1.12%
2026-06-02 17:43:28 INFO  SELL_FILLED 001440 reason=VWAP_BREAK remainingQty=0 phase=NONE exitType=VWAP_BREAK
2026-06-02 17:43:28 INFO  BUY [KRX] 001440 mode=BREAKOUT price=29750.0000 qty=329 size=1.0000x score=85[A](CONV) | WHY: strongBreakout volBreakout retestOK multiUp vol(7.68x) | VWAP: 1.11%(ABOVE slope=UP) allowedGap=2.20% | TREND: score=3 vel=0.34%/0.17%/0.42% accel=true | VOL: 36571.0000/4760.3500 TO: 1087987250.0000/141386440.0000 | HIGH: 29800.0000 fromHigh=-0.17% | entryNo=1
2026-06-02 17:43:28 INFO  BUY_FILLED 001440 phase=HOLDING
2026-06-02 17:43:28 INFO  SELL [EOD_FORCE_SELL] 001440 pnl=1.01% time=15:30
2026-06-02 17:43:28 INFO  SELL_EXECUTED [KRX] 001440 mode=BREAKOUT phase=EXITING exitType=TIMESTOP price=30050.0000 qty=329 reason=EOD_FORCE_SELL pnl=1.01% peakPnl=2.10% holdMs=11760000 high=30375.0000 avgPrice=29750.0000 weightedPnl=1.01% (pending fill)
2026-06-02 17:43:28 INFO  SELL_FILLED_PNL 001440 reason=EOD_FORCE_SELL filledQty=329/329 fillRatio=1.00 weightedPnl=1.01% dailyPnl=1.01%
2026-06-02 17:43:28 INFO  SELL_FILLED 001440 reason=EOD_FORCE_SELL remainingQty=0 phase=NONE exitType=TIMESTOP
2026-06-02 17:43:28 INFO  BUY [KRX] 001440 mode=BREAKOUT price=31950.0000 qty=307 size=1.0000x score=85[A](CONV) | WHY: strongBreakout volBreakout retestOK multiUp vol(3.57x) | VWAP: 0.89%(ABOVE slope=UP) allowedGap=2.20% | TREND: score=3 vel=0.47%/0.31%/0.63% accel=true | VOL: 21751.0000/6088.4000 TO: 694944450.0000/193667637.5000 | HIGH: 31950.0000 fromHigh=0.00% | entryNo=1
2026-06-02 17:43:28 INFO  BUY_FILLED 001440 phase=HOLDING
2026-06-02 17:43:28 INFO  SELL [EOD_FORCE_SELL] 001440 pnl=0.16% time=15:30
2026-06-02 17:43:28 INFO  SELL_EXECUTED [KRX] 001440 mode=BREAKOUT phase=EXITING exitType=TIMESTOP price=32000.0000 qty=307 reason=EOD_FORCE_SELL pnl=0.16% peakPnl=0.16% holdMs=7320000 high=32000.0000 avgPrice=31950.0000 weightedPnl=0.16% (pending fill)
2026-06-02 17:43:28 INFO  SELL_FILLED_PNL 001440 reason=EOD_FORCE_SELL filledQty=307/307 fillRatio=1.00 weightedPnl=0.16% dailyPnl=0.16%
2026-06-02 17:43:28 INFO  SELL_FILLED 001440 reason=EOD_FORCE_SELL remainingQty=0 phase=NONE exitType=TIMESTOP
2026-06-02 17:43:29 INFO  BUY [KRX] 001440 mode=BREAKOUT price=41200.0000 qty=238 size=1.0000x score=80[B] | WHY: strongBreakout volBreakout retestOK multiUp vol(2.80x) | VWAP: 1.14%(ABOVE slope=UP) allowedGap=2.20% | TREND: score=3 vel=0.37%/0.24%/0.37% accel=true | VOL: 37793.0000/13484.0500 TO: 1557071600.0000/553073638.7500 | HIGH: 41250.0000 fromHigh=-0.12% | entryNo=1
2026-06-02 17:43:29 INFO  BUY_FILLED 001440 phase=HOLDING
2026-06-02 17:43:29 INFO  SELL_EXECUTED [KRX] 001440 mode=BREAKOUT phase=EXITING exitType=VWAP_BREAK price=40925.0000 qty=238 reason=VWAP_BREAK pnl=-0.67% peakPnl=1.09% holdMs=1980000 high=41650.0000 avgPrice=41200.0000 weightedPnl=-0.67% (pending fill)
2026-06-02 17:43:29 INFO  SELL_FILLED_PNL 001440 reason=VWAP_BREAK filledQty=238/238 fillRatio=1.00 weightedPnl=-0.67% dailyPnl=-0.67%
2026-06-02 17:43:29 INFO  SELL_FILLED 001440 reason=VWAP_BREAK remainingQty=0 phase=NONE exitType=VWAP_BREAK
2026-06-02 17:43:29 INFO  BUY [KRX] 001440 mode=BREAKOUT price=69400.0000 qty=141 size=1.0000x score=90[S](CONV) | WHY: strongBreakout volBreakout retestOK multiUp vol(5.52x) | VWAP: 1.00%(ABOVE slope=UP) allowedGap=2.20% | TREND: score=3 vel=0.73%/0.51%/0.73% accel=true | VOL: 70964.0000/12861.3000 TO: 4924901600.0000/888363917.5000 | HIGH: 69400.0000 fromHigh=0.00% | entryNo=1
2026-06-02 17:43:29 INFO  BUY_FILLED 001440 phase=HOLDING
2026-06-02 17:43:29 INFO  SELL_EXECUTED [KRX] 001440 mode=BREAKOUT phase=EXITING exitType=PROFIT price=71400.0000 qty=141 reason=TAKE_PROFIT_BREAKOUT pnl=2.88% peakPnl=2.88% holdMs=1920000 high=71400.0000 avgPrice=69400.0000 weightedPnl=2.87% (pending fill)
2026-06-02 17:43:29 INFO  SELL_FILLED_PNL 001440 reason=TAKE_PROFIT_BREAKOUT filledQty=141/141 fillRatio=1.00 weightedPnl=2.87% dailyPnl=2.87%
2026-06-02 17:43:29 INFO  SELL_FILLED 001440 reason=TAKE_PROFIT_BREAKOUT remainingQty=0 phase=NONE exitType=PROFIT
2026-06-02 17:43:29 INFO  BUY [KRX] 001440 mode=BREAKOUT price=56200.0000 qty=174 size=1.0000x score=80[B] | WHY: strongBreakout volBreakout retestOK multiUp vol(6.93x) | VWAP: 1.48%(ABOVE slope=UP) allowedGap=2.20% | TREND: score=3 vel=0.90%/0.72%/0.81% accel=true | VOL: 75477.0000/10892.1500 TO: 4241807400.0000/608793175.0000 | HIGH: 56200.0000 fromHigh=0.00% | entryNo=1
2026-06-02 17:43:29 INFO  BUY_FILLED 001440 phase=HOLDING
2026-06-02 17:43:29 INFO  SELL [EOD_FORCE_SELL] 001440 pnl=-0.36% time=15:30
2026-06-02 17:43:29 INFO  SELL_EXECUTED [KRX] 001440 mode=BREAKOUT phase=EXITING exitType=TIMESTOP price=56000.0000 qty=174 reason=EOD_FORCE_SELL pnl=-0.36% peakPnl=0.18% holdMs=5460000 high=56300.0000 avgPrice=56200.0000 weightedPnl=-0.35% (pending fill)
2026-06-02 17:43:29 INFO  SELL_FILLED_PNL 001440 reason=EOD_FORCE_SELL filledQty=174/174 fillRatio=1.00 weightedPnl=-0.35% dailyPnl=-0.35%
2026-06-02 17:43:29 INFO  SELL_FILLED 001440 reason=EOD_FORCE_SELL remainingQty=0 phase=NONE exitType=TIMESTOP
2026-06-02 17:43:29 INFO  BUY amount set for 037560: 9810000.00
2026-06-02 17:43:30 INFO  BUY amount set for 003550: 9810000.00
2026-06-02 17:43:30 INFO  BUY [KRX] 003550 mode=BREAKOUT price=95700.0000 qty=82 size=0.8000x score=87[A](CONV) | WHY: strongBreakout volBreakout retestOK multiUp vol(1.75x) | VWAP: 0.41%(ABOVE slope=UP) allowedGap=2.20% | TREND: score=3 vel=0.53%/0.26%/0.42% accel=true | VOL: 2930.0000/1675.8889 TO: 280401000.0000/159727936.1111 | HIGH: 95900.0000 fromHigh=-0.21% | entryNo=1
2026-06-02 17:43:30 INFO  BUY_FILLED 003550 phase=HOLDING
2026-06-02 17:43:30 INFO  SELL_EXECUTED [KRX] 003550 mode=BREAKOUT phase=EXITING exitType=VWAP_BREAK price=95300.0000 qty=82 reason=VWAP_BREAK pnl=-0.42% peakPnl=0.52% holdMs=960000 high=96200.0000 avgPrice=95700.0000 weightedPnl=-0.33% (pending fill)
2026-06-02 17:43:30 INFO  SELL_FILLED_PNL 003550 reason=VWAP_BREAK filledQty=82/82 fillRatio=1.00 weightedPnl=-0.33% dailyPnl=-0.33%
2026-06-02 17:43:30 INFO  SELL_FILLED 003550 reason=VWAP_BREAK remainingQty=0 phase=NONE exitType=VWAP_BREAK
2026-06-02 17:43:30 INFO  BUY [KRX] 003550 mode=BREAKOUT price=89000.0000 qty=110 size=1.0000x score=85[A](CONV) | WHY: strongBreakout volBreakout retestOK multiUp vol(4.20x) | VWAP: 0.65%(ABOVE slope=UP) allowedGap=2.20% | TREND: score=3 vel=0.23%/0.11%/0.23% accel=true | VOL: 2594.0000/617.9000 TO: 230866000.0000/54898045.0000 | HIGH: 89100.0000 fromHigh=-0.11% | entryNo=1
2026-06-02 17:43:30 INFO  BUY_FILLED 003550 phase=HOLDING
2026-06-02 17:43:30 INFO  SELL [EOD_FORCE_SELL] 003550 pnl=-0.22% time=15:30
2026-06-02 17:43:30 INFO  SELL_EXECUTED [KRX] 003550 mode=BREAKOUT phase=EXITING exitType=TIMESTOP price=88800.0000 qty=110 reason=EOD_FORCE_SELL pnl=-0.22% peakPnl=0.11% holdMs=4920000 high=89100.0000 avgPrice=89000.0000 weightedPnl=-0.22% (pending fill)
2026-06-02 17:43:30 INFO  SELL_FILLED_PNL 003550 reason=EOD_FORCE_SELL filledQty=110/110 fillRatio=1.00 weightedPnl=-0.22% dailyPnl=-0.22%
2026-06-02 17:43:30 INFO  SELL_FILLED 003550 reason=EOD_FORCE_SELL remainingQty=0 phase=NONE exitType=TIMESTOP
2026-06-02 17:43:30 INFO  BUY [KRX] 003550 mode=BREAKOUT price=85700.0000 qty=114 size=1.0000x score=85[A](CONV) | WHY: strongBreakout volBreakout retestOK multiUp vol(7.87x) | VWAP: 0.39%(ABOVE slope=UP) allowedGap=2.20% | TREND: score=3 vel=0.35%/0.29%/0.23% accel=true | VOL: 2934.0000/372.8500 TO: 251443800.0000/31869795.0000 | HIGH: 85800.0000 fromHigh=-0.12% | entryNo=1
2026-06-02 17:43:30 INFO  BUY_FILLED 003550 phase=HOLDING
2026-06-02 17:43:30 INFO  SELL_EXECUTED [KRX] 003550 mode=BREAKOUT phase=EXITING exitType=VWAP_BREAK price=85200.0000 qty=114 reason=VWAP_BREAK pnl=-0.58% peakPnl=0.00% holdMs=1860000 high=85700.0000 avgPrice=85700.0000 weightedPnl=-0.58% (pending fill)
2026-06-02 17:43:30 INFO  SELL_FILLED_PNL 003550 reason=VWAP_BREAK filledQty=114/114 fillRatio=1.00 weightedPnl=-0.58% dailyPnl=-0.58%
2026-06-02 17:43:30 INFO  SELL_FILLED 003550 reason=VWAP_BREAK remainingQty=0 phase=NONE exitType=VWAP_BREAK
2026-06-02 17:43:30 INFO  BUY [KRX] 003550 mode=BREAKOUT price=88000.0000 qty=111 size=1.0000x score=85[A](CONV) | WHY: strongBreakout volBreakout retestOK multiUp vol(2.94x) | VWAP: 0.72%(ABOVE slope=UP) allowedGap=2.20% | TREND: score=3 vel=0.34%/0.23%/0.57% accel=true | VOL: 4202.0000/1430.5500 TO: 369776000.0000/125718435.0000 | HIGH: 88200.0000 fromHigh=-0.23% | entryNo=1
2026-06-02 17:43:30 INFO  BUY_FILLED 003550 phase=HOLDING
2026-06-02 17:43:30 INFO  SELL_EXECUTED [KRX] 003550 mode=BREAKOUT phase=EXITING exitType=VWAP_BREAK price=87200.0000 qty=111 reason=VWAP_BREAK pnl=-0.91% peakPnl=-0.11% holdMs=660000 high=87900.0000 avgPrice=88000.0000 weightedPnl=-0.91% (pending fill)
2026-06-02 17:43:30 INFO  SELL_FILLED_PNL 003550 reason=VWAP_BREAK filledQty=111/111 fillRatio=1.00 weightedPnl=-0.91% dailyPnl=-0.91%
2026-06-02 17:43:30 INFO  SELL_FILLED 003550 reason=VWAP_BREAK remainingQty=0 phase=NONE exitType=VWAP_BREAK
2026-06-02 17:43:30 INFO  BUY [KRX] 003550 mode=BREAKOUT price=88000.0000 qty=111 size=1.0000x score=80[B] | WHY: strongBreakout volBreakout retestOK multiUp vol(2.78x) | VWAP: 0.25%(ABOVE slope=UP) allowedGap=2.20% | TREND: score=3 vel=0.46%/0.34%/0.34% accel=true | VOL: 1983.0000/713.4000 TO: 174504000.0000/62623095.0000 | HIGH: 88000.0000 fromHigh=0.00% | entryNo=1
2026-06-02 17:43:30 INFO  BUY_FILLED 003550 phase=HOLDING
2026-06-02 17:43:30 INFO  SELL_EXECUTED [KRX] 003550 mode=BREAKOUT phase=EXITING exitType=VWAP_BREAK price=87700.0000 qty=111 reason=VWAP_BREAK pnl=-0.34% peakPnl=1.14% holdMs=3420000 high=89000.0000 avgPrice=88000.0000 weightedPnl=-0.34% (pending fill)
2026-06-02 17:43:30 INFO  SELL_FILLED_PNL 003550 reason=VWAP_BREAK filledQty=111/111 fillRatio=1.00 weightedPnl=-0.34% dailyPnl=-0.34%
2026-06-02 17:43:30 INFO  SELL_FILLED 003550 reason=VWAP_BREAK remainingQty=0 phase=NONE exitType=VWAP_BREAK
2026-06-02 17:43:30 INFO  BUY [KRX] 003550 mode=BREAKOUT price=88700.0000 qty=110 size=1.0000x score=95[SS](CONV) | WHY: strongBreakout volBreakout retestOK multiUp vol(12.30x) | VWAP: 0.58%(ABOVE slope=UP) allowedGap=2.20% | TREND: score=3 vel=0.34%/0.28%/0.28% accel=true | VOL: 4229.0000/343.9000 TO: 375112300.0000/30468780.0000 | HIGH: 88900.0000 fromHigh=-0.22% | entryNo=1
2026-06-02 17:43:30 INFO  BUY_FILLED 003550 phase=HOLDING
2026-06-02 17:43:30 INFO  SELL_EXECUTED [KRX] 003550 mode=BREAKOUT phase=EXITING exitType=VWAP_BREAK price=88000.0000 qty=110 reason=VWAP_BREAK pnl=-0.79% peakPnl=0.11% holdMs=1860000 high=88800.0000 avgPrice=88700.0000 weightedPnl=-0.78% (pending fill)
2026-06-02 17:43:30 INFO  SELL_FILLED_PNL 003550 reason=VWAP_BREAK filledQty=110/110 fillRatio=1.00 weightedPnl=-0.78% dailyPnl=-0.78%
2026-06-02 17:43:30 INFO  SELL_FILLED 003550 reason=VWAP_BREAK remainingQty=0 phase=NONE exitType=VWAP_BREAK
2026-06-02 17:43:30 INFO  BUY [KRX] 003550 mode=BREAKOUT price=91000.0000 qty=107 size=1.0000x score=85[A](CONV) | WHY: strongBreakout volBreakout retestOK multiUp vol(6.53x) | VWAP: 0.68%(ABOVE slope=UP) allowedGap=2.20% | TREND: score=3 vel=0.44%/0.33%/0.22% accel=true | VOL: 9044.0000/1384.6000 TO: 823004000.0000/125431410.0000 | HIGH: 91000.0000 fromHigh=0.00% | entryNo=1
2026-06-02 17:43:30 INFO  BUY_FILLED 003550 phase=HOLDING
2026-06-02 17:43:30 INFO  SELL_EXECUTED [KRX] 003550 mode=BREAKOUT phase=EXITING exitType=VWAP_BREAK price=90000.0000 qty=107 reason=VWAP_BREAK pnl=-1.10% peakPnl=-0.11% holdMs=420000 high=90900.0000 avgPrice=91000.0000 weightedPnl=-1.09% (pending fill)
2026-06-02 17:43:30 INFO  SELL_FILLED_PNL 003550 reason=VWAP_BREAK filledQty=107/107 fillRatio=1.00 weightedPnl=-1.09% dailyPnl=-1.09%
2026-06-02 17:43:30 INFO  SELL_FILLED 003550 reason=VWAP_BREAK remainingQty=0 phase=NONE exitType=VWAP_BREAK
2026-06-02 17:43:30 INFO  BUY [KRX] 003550 mode=BREAKOUT price=92100.0000 qty=106 size=1.0000x score=85[A](CONV) | WHY: strongBreakout volBreakout retestOK multiUp vol(2.85x) | VWAP: 0.39%(ABOVE slope=UP) allowedGap=2.20% | TREND: score=3 vel=0.55%/0.44%/0.22% accel=true | VOL: 3667.0000/1284.7500 TO: 337730700.0000/117865615.0000 | HIGH: 92200.0000 fromHigh=-0.11% | entryNo=1
2026-06-02 17:43:30 INFO  BUY_FILLED 003550 phase=HOLDING
2026-06-02 17:43:30 INFO  SELL [EOD_FORCE_SELL] 003550 pnl=0.98% time=15:30
2026-06-02 17:43:30 INFO  SELL_EXECUTED [KRX] 003550 mode=BREAKOUT phase=EXITING exitType=TIMESTOP price=93000.0000 qty=106 reason=EOD_FORCE_SELL pnl=0.98% peakPnl=1.85% holdMs=22260000 high=93800.0000 avgPrice=92100.0000 weightedPnl=0.97% (pending fill)
2026-06-02 17:43:30 INFO  SELL_FILLED_PNL 003550 reason=EOD_FORCE_SELL filledQty=106/106 fillRatio=1.00 weightedPnl=0.97% dailyPnl=0.97%
2026-06-02 17:43:30 INFO  SELL_FILLED 003550 reason=EOD_FORCE_SELL remainingQty=0 phase=NONE exitType=TIMESTOP
2026-06-02 17:43:30 INFO  BUY [KRX] 003550 mode=BREAKOUT price=98400.0000 qty=99 size=1.0000x score=85[A](CONV) | WHY: strongBreakout volBreakout retestOK multiUp vol(3.14x) | VWAP: 0.34%(ABOVE slope=UP) allowedGap=2.20% | TREND: score=3 vel=0.20%/0.10%/0.31% accel=true | VOL: 5763.0000/1836.5500 TO: 567079200.0000/180273802.5000 | HIGH: 98500.0000 fromHigh=-0.10% | entryNo=1
2026-06-02 17:43:30 INFO  BUY_FILLED 003550 phase=HOLDING
2026-06-02 17:43:30 INFO  SELL [EOD_FORCE_SELL] 003550 pnl=-0.10% time=15:30
2026-06-02 17:43:30 INFO  SELL_EXECUTED [KRX] 003550 mode=BREAKOUT phase=EXITING exitType=TIMESTOP price=98300.0000 qty=99 reason=EOD_FORCE_SELL pnl=-0.10% peakPnl=0.00% holdMs=1140000 high=98400.0000 avgPrice=98400.0000 weightedPnl=-0.10% (pending fill)
2026-06-02 17:43:30 INFO  SELL_FILLED_PNL 003550 reason=EOD_FORCE_SELL filledQty=99/99 fillRatio=1.00 weightedPnl=-0.10% dailyPnl=-0.10%
2026-06-02 17:43:30 INFO  SELL_FILLED 003550 reason=EOD_FORCE_SELL remainingQty=0 phase=NONE exitType=TIMESTOP
2026-06-02 17:43:30 INFO  BUY [KRX] 003550 mode=BREAKOUT price=106000.0000 qty=92 size=1.0000x score=80[B] | WHY: strongBreakout volBreakout retestOK multiUp vol(3.99x) | VWAP: 1.26%(ABOVE slope=UP) allowedGap=2.20% | TREND: score=3 vel=0.95%/0.86%/0.95% accel=true | VOL: 5688.0000/1425.4000 TO: 602359200.0000/150024095.0000 | HIGH: 106000.0000 fromHigh=-0.09% | entryNo=1
2026-06-02 17:43:30 INFO  BUY_FILLED 003550 phase=HOLDING
2026-06-02 17:43:30 INFO  SELL [EOD_FORCE_SELL] 003550 pnl=-0.57% time=15:30
2026-06-02 17:43:30 INFO  SELL_EXECUTED [KRX] 003550 mode=BREAKOUT phase=EXITING exitType=TIMESTOP price=105300.0000 qty=92 reason=EOD_FORCE_SELL pnl=-0.57% peakPnl=0.38% holdMs=3720000 high=106300.0000 avgPrice=105900.0000 weightedPnl=-0.56% (pending fill)
2026-06-02 17:43:30 INFO  SELL_FILLED_PNL 003550 reason=EOD_FORCE_SELL filledQty=92/92 fillRatio=1.00 weightedPnl=-0.56% dailyPnl=-0.56%
2026-06-02 17:43:30 INFO  SELL_FILLED 003550 reason=EOD_FORCE_SELL remainingQty=0 phase=NONE exitType=TIMESTOP
