2026-05-06 00:24:07 WARN  BUY pending timeout cleared for IREN
2026-05-06 00:24:07 INFO  BUY [US] IREN mode=BREAKOUT price=50.9700 qty=4 size=0.8000x score=85(CONV) | WHY: strongBreakout retestOK multiUp vol(1.58x) | VWAP: 0.56%(ABOVE slope=UP) | TREND: score=3 vel=0.25%/0.45%/0.39% | VOL: 9849138.0000/6239519.6000 TO: 501813581.1000/316570244.5199 | entryNo=2
2026-05-06 00:24:08 INFO  BUY_FILLED IREN phase=HOLDING
2026-05-06 00:24:12 INFO  BUY_FILLED IREN phase=HOLDING
2026-05-06 00:24:17 INFO  BUY_FILLED IREN phase=HOLDING
2026-05-06 00:24:22 INFO  BUY_FILLED IREN phase=HOLDING
2026-05-06 00:24:27 INFO  BUY_FILLED IREN phase=HOLDING
2026-05-06 00:24:33 INFO  BUY_FILLED IREN phase=HOLDING
2026-05-06 00:24:38 INFO  BUY_FILLED IREN phase=HOLDING
2026-05-06 00:24:43 INFO  BUY_FILLED IREN phase=HOLDING
2026-05-06 00:24:48 INFO  BUY_FILLED IREN phase=HOLDING
2026-05-06 00:24:53 INFO  BUY_FILLED IREN phase=HOLDING
2026-05-06 00:24:58 INFO  BUY_FILLED IREN phase=HOLDING
2026-05-06 00:25:03 INFO  BUY_FILLED IREN phase=HOLDING
2026-05-06 00:25:08 INFO  BUY_FILLED IREN phase=HOLDING
2026-05-06 00:25:13 INFO  BUY_FILLED IREN phase=HOLDING
2026-05-06 00:25:18 INFO  BUY_FILLED IREN phase=HOLDING
2026-05-06 00:25:23 INFO  BUY_FILLED IREN phase=HOLDING
2026-05-06 00:25:29 INFO  BUY_FILLED IREN phase=HOLDING
2026-05-06 00:25:34 INFO  BUY_FILLED IREN phase=HOLDING
2026-05-06 00:25:39 INFO  BUY_FILLED IREN phase=HOLDING
2026-05-06 00:25:44 INFO  BUY_FILLED IREN phase=HOLDING
2026-05-06 00:25:49 INFO  BUY_FILLED IREN phase=HOLDING
2026-05-06 00:25:54 INFO  BUY_FILLED IREN phase=HOLDING
2026-05-06 00:25:59 INFO  BUY_FILLED IREN phase=HOLDING
2026-05-06 00:26:04 INFO  BUY_FILLED IREN phase=HOLDING
2026-05-06 00:26:09 INFO  BUY_FILLED IREN phase=HOLDING
2026-05-06 00:26:14 INFO  BUY_FILLED IREN phase=HOLDING
2026-05-06 00:26:19 INFO  BUY_FILLED IREN phase=HOLDING
2026-05-06 00:26:24 INFO  BUY_FILLED IREN phase=HOLDING
2026-05-06 00:26:30 INFO  BUY_FILLED IREN phase=HOLDING
2026-05-06 00:26:35 INFO  BUY_FILLED IREN phase=HOLDING
2026-05-06 00:26:40 INFO  BUY_FILLED IREN phase=HOLDING
2026-05-06 00:26:45 INFO  BUY_FILLED IREN phase=HOLDING
2026-05-06 00:26:50 INFO  BUY_FILLED IREN phase=HOLDING
2026-05-06 00:26:55 WARN  SELL_SKIP [US] IREN reason=PHANTOM_POSITION phase=NONE qty=4 avgPrice=50.9700
2026-05-06 00:27:00 WARN  SELL_SKIP [US] IREN reason=PHANTOM_POSITION phase=NONE qty=4 avgPrice=50.9700
2026-05-06 00:27:05 WARN  SELL_SKIP [US] IREN reason=PHANTOM_POSITION phase=NONE qty=4 avgPrice=50.9700
2026-05-06 00:27:15 WARN  SELL_SKIP [US] IREN reason=PHANTOM_POSITION phase=NONE qty=4 avgPrice=50.9700
2026-05-06 00:27:20 WARN  SELL_SKIP [US] IREN reason=PHANTOM_POSITION phase=NONE qty=4 avgPrice=50.9700
2026-05-06 00:27:26 WARN  SELL_SKIP [US] IREN reason=PHANTOM_POSITION phase=NONE qty=4 avgPrice=50.9700
2026-05-06 00:27:31 WARN  SELL_SKIP [US] IREN reason=PHANTOM_POSITION phase=NONE qty=4 avgPrice=50.9700
2026-05-06 00:27:36 WARN  SELL_SKIP [US] IREN reason=PHANTOM_POSITION phase=NONE qty=4 avgPrice=50.9700
2026-05-06 00:27:41 WARN  SELL_SKIP [US] IREN reason=PHANTOM_POSITION phase=NONE qty=4 avgPrice=50.9700
2026-05-06 00:27:46 WARN  SELL_SKIP [US] IREN reason=PHANTOM_POSITION phase=NONE qty=4 avgPrice=50.9700
2026-05-06 00:27:51 WARN  SELL_SKIP [US] IREN reason=PHANTOM_POSITION phase=NONE qty=4 avgPrice=50.9700
2026-05-06 00:27:56 WARN  SELL_SKIP [US] IREN reason=PHANTOM_POSITION phase=NONE qty=4 avgPrice=50.9700
2026-05-06 00:28:01 WARN  SELL_SKIP [US] IREN reason=PHANTOM_POSITION phase=NONE qty=4 avgPrice=50.9700
2026-05-06 00:28:11 WARN  SELL_SKIP [US] IREN reason=PHANTOM_POSITION phase=NONE qty=4 avgPrice=50.9700
2026-05-06 00:28:16 WARN  SELL_SKIP [US] IREN reason=PHANTOM_POSITION phase=NONE qty=4 avgPrice=50.9700
2026-05-06 00:28:22 WARN  SELL_SKIP [US] IREN reason=PHANTOM_POSITION phase=NONE qty=4 avgPrice=50.9700
2026-05-06 00:28:27 WARN  SELL_SKIP [US] IREN reason=PHANTOM_POSITION phase=NONE qty=4 avgPrice=50.9700
2026-05-06 00:28:32 WARN  SELL_SKIP [US] IREN reason=PHANTOM_POSITION phase=NONE qty=4 avgPrice=50.9700
2026-05-06 00:28:37 WARN  SELL_SKIP [US] IREN reason=PHANTOM_POSITION phase=NONE qty=4 avgPrice=50.9700
2026-05-06 00:28:42 WARN  SELL_SKIP [US] IREN reason=PHANTOM_POSITION phase=NONE qty=4 avgPrice=50.9700
2026-05-06 00:28:47 WARN  SELL_SKIP [US] IREN reason=PHANTOM_POSITION phase=NONE qty=4 avgPrice=50.9700
2026-05-06 00:28:52 WARN  SELL_SKIP [US] IREN reason=PHANTOM_POSITION phase=NONE qty=4 avgPrice=50.9700
2026-05-06 00:28:57 WARN  SELL_SKIP [US] IREN reason=PHANTOM_POSITION phase=NONE qty=4 avgPrice=50.9700
2026-05-06 00:29:07 WARN  SELL_SKIP [US] IREN reason=PHANTOM_POSITION phase=NONE qty=4 avgPrice=50.9700
2026-05-06 00:29:12 WARN  SELL_SKIP [US] IREN reason=PHANTOM_POSITION phase=NONE qty=4 avgPrice=50.9700
2026-05-06 00:29:17 WARN  SELL_SKIP [US] IREN reason=PHANTOM_POSITION phase=NONE qty=4 avgPrice=50.9700
2026-05-06 00:29:23 WARN  SELL_SKIP [US] IREN reason=PHANTOM_POSITION phase=NONE qty=4 avgPrice=50.9700
2026-05-06 00:29:28 WARN  SELL_SKIP [US] IREN reason=PHANTOM_POSITION phase=NONE qty=4 avgPrice=50.9700
2026-05-06 00:29:33 WARN  SELL_SKIP [US] IREN reason=PHANTOM_POSITION phase=NONE qty=4 avgPrice=50.9700
2026-05-06 00:29:43 WARN  SELL_SKIP [US] IREN reason=PHANTOM_POSITION phase=NONE qty=4 avgPrice=50.9700
2026-05-06 00:29:48 WARN  SELL_SKIP [US] IREN reason=PHANTOM_POSITION phase=NONE qty=4 avgPrice=50.9700
2026-05-06 00:29:53 WARN  SELL_SKIP [US] IREN reason=PHANTOM_POSITION phase=NONE qty=4 avgPrice=50.9700
2026-05-06 00:29:58 WARN  SELL_SKIP [US] IREN reason=PHANTOM_POSITION phase=NONE qty=4 avgPrice=50.9700
2026-05-06 00:30:03 WARN  SELL_SKIP [US] IREN reason=PHANTOM_POSITION phase=NONE qty=4 avgPrice=50.9700
2026-05-06 00:30:08 WARN  SELL_SKIP [US] IREN reason=PHANTOM_POSITION phase=NONE qty=4 avgPrice=50.9700
2026-05-06 00:30:14 WARN  SELL_SKIP [US] IREN reason=PHANTOM_POSITION phase=NONE qty=4 avgPrice=50.9700
2026-05-06 00:30:19 WARN  SELL_SKIP [US] IREN reason=PHANTOM_POSITION phase=NONE qty=4 avgPrice=50.9700
2026-05-06 00:30:24 WARN  SELL_SKIP [US] IREN reason=PHANTOM_POSITION phase=NONE qty=4 avgPrice=50.9700
2026-05-06 00:30:29 WARN  SELL_SKIP [US] IREN reason=PHANTOM_POSITION phase=NONE qty=4 avgPrice=50.9700
2026-05-06 00:30:34 WARN  SELL_SKIP [US] IREN reason=PHANTOM_POSITION phase=NONE qty=4 avgPrice=50.9700
2026-05-06 00:30:39 WARN  SELL_SKIP [US] IREN reason=PHANTOM_POSITION phase=NONE qty=4 avgPrice=50.9700
2026-05-06 00:30:44 WARN  SELL_SKIP [US] IREN reason=PHANTOM_POSITION phase=NONE qty=4 avgPrice=50.9700
2026-05-06 00:30:49 WARN  SELL_SKIP [US] IREN reason=PHANTOM_POSITION phase=NONE qty=4 avgPrice=50.9700
2026-05-06 00:30:59 WARN  SELL_SKIP [US] IREN reason=PHANTOM_POSITION phase=NONE qty=4 avgPrice=50.9700
2026-05-06 00:31:04 WARN  SELL_SKIP [US] IREN reason=PHANTOM_POSITION phase=NONE qty=4 avgPrice=50.9700
2026-05-06 00:31:09 WARN  SELL_SKIP [US] IREN reason=PHANTOM_POSITION phase=NONE qty=4 avgPrice=50.9700
2026-05-06 00:31:15 WARN  SELL_SKIP [US] IREN reason=PHANTOM_POSITION phase=NONE qty=4 avgPrice=50.9700
2026-05-06 00:31:20 WARN  SELL_SKIP [US] IREN reason=PHANTOM_POSITION phase=NONE qty=4 avgPrice=50.9700
2026-05-06 00:31:25 WARN  SELL_SKIP [US] IREN reason=PHANTOM_POSITION phase=NONE qty=4 avgPrice=50.9700
2026-05-06 00:31:30 WARN  SELL_SKIP [US] IREN reason=PHANTOM_POSITION phase=NONE qty=4 avgPrice=50.9700
2026-05-06 00:31:35 WARN  SELL_SKIP [US] IREN reason=PHANTOM_POSITION phase=NONE qty=4 avgPrice=50.9700
2026-05-06 00:31:40 WARN  SELL_SKIP [US] IREN reason=PHANTOM_POSITION phase=NONE qty=4 avgPrice=50.9700
2026-05-06 00:31:45 WARN  SELL_SKIP [US] IREN reason=PHANTOM_POSITION phase=NONE qty=4 avgPrice=50.9700
2026-05-06 00:31:50 WARN  SELL_SKIP [US] IREN reason=PHANTOM_POSITION phase=NONE qty=4 avgPrice=50.9700
2026-05-06 00:31:55 WARN  SELL_SKIP [US] IREN reason=PHANTOM_POSITION phase=NONE qty=4 avgPrice=50.9700
2026-05-06 00:32:00 WARN  SELL_SKIP [US] IREN reason=PHANTOM_POSITION phase=NONE qty=4 avgPrice=50.9700
2026-05-06 00:32:05 WARN  SELL_SKIP [US] IREN reason=PHANTOM_POSITION phase=NONE qty=4 avgPrice=50.9700
2026-05-06 00:32:11 WARN  SELL_SKIP [US] IREN reason=PHANTOM_POSITION phase=NONE qty=4 avgPrice=50.9700
2026-05-06 00:32:16 WARN  SELL_SKIP [US] IREN reason=PHANTOM_POSITION phase=NONE qty=4 avgPrice=50.9700
2026-05-06 00:32:21 WARN  SELL_SKIP [US] IREN reason=PHANTOM_POSITION phase=NONE qty=4 avgPrice=50.9700
2026-05-06 00:32:31 WARN  SELL_SKIP [US] IREN reason=PHANTOM_POSITION phase=NONE qty=4 avgPrice=50.9700
2026-05-06 00:32:41 WARN  SELL_SKIP [US] IREN reason=PHANTOM_POSITION phase=NONE qty=4 avgPrice=50.9700
2026-05-06 00:32:46 WARN  SELL_SKIP [US] IREN reason=PHANTOM_POSITION phase=NONE qty=4 avgPrice=50.9700
2026-05-06 00:32:51 WARN  SELL_SKIP [US] IREN reason=PHANTOM_POSITION phase=NONE qty=4 avgPrice=50.9700
2026-05-06 00:32:56 WARN  SELL_SKIP [US] IREN reason=PHANTOM_POSITION phase=NONE qty=4 avgPrice=50.9700
2026-05-06 00:33:01 WARN  SELL_SKIP [US] IREN reason=PHANTOM_POSITION phase=NONE qty=4 avgPrice=50.9700
2026-05-06 00:33:07 WARN  SELL_SKIP [US] IREN reason=PHANTOM_POSITION phase=NONE qty=4 avgPrice=50.9700
2026-05-06 00:33:12 WARN  SELL_SKIP [US] IREN reason=PHANTOM_POSITION phase=NONE qty=4 avgPrice=50.9700
2026-05-06 00:33:17 WARN  SELL_SKIP [US] IREN reason=PHANTOM_POSITION phase=NONE qty=4 avgPrice=50.9700
2026-05-06 00:33:22 WARN  SELL_SKIP [US] IREN reason=PHANTOM_POSITION phase=NONE qty=4 avgPrice=50.9700
2026-05-06 00:33:27 WARN  SELL_SKIP [US] IREN reason=PHANTOM_POSITION phase=NONE qty=4 avgPrice=50.9700
2026-05-06 00:33:32 WARN  SELL_SKIP [US] IREN reason=PHANTOM_POSITION phase=NONE qty=4 avgPrice=50.9700
2026-05-06 00:33:37 WARN  SELL_SKIP [US] IREN reason=PHANTOM_POSITION phase=NONE qty=4 avgPrice=50.9700
2026-05-06 00:33:42 WARN  SELL_SKIP [US] IREN reason=PHANTOM_POSITION phase=NONE qty=4 avgPrice=50.9700
2026-05-06 00:33:47 WARN  SELL_SKIP [US] IREN reason=PHANTOM_POSITION phase=NONE qty=4 avgPrice=50.9700
2026-05-06 00:33:52 WARN  SELL_SKIP [US] IREN reason=PHANTOM_POSITION phase=NONE qty=4 avgPrice=50.9700
2026-05-06 00:33:57 WARN  SELL_SKIP [US] IREN reason=PHANTOM_POSITION phase=NONE qty=4 avgPrice=50.9700
2026-05-06 00:34:02 WARN  SELL_SKIP [US] IREN reason=PHANTOM_POSITION phase=NONE qty=4 avgPrice=50.9700
2026-05-06 00:34:08 WARN  SELL_SKIP [US] IREN reason=PHANTOM_POSITION phase=NONE qty=4 avgPrice=50.9700
2026-05-06 00:34:13 WARN  SELL_SKIP [US] IREN reason=PHANTOM_POSITION phase=NONE qty=4 avgPrice=50.9700
2026-05-06 00:34:18 WARN  SELL_SKIP [US] IREN reason=PHANTOM_POSITION phase=NONE qty=4 avgPrice=50.9700
2026-05-06 00:34:23 WARN  SELL_SKIP [US] IREN reason=PHANTOM_POSITION phase=NONE qty=4 avgPrice=50.9700
2026-05-06 00:34:28 WARN  SELL_SKIP [US] IREN reason=PHANTOM_POSITION phase=NONE qty=4 avgPrice=50.9700
2026-05-06 00:34:33 WARN  SELL_SKIP [US] IREN reason=PHANTOM_POSITION phase=NONE qty=4 avgPrice=50.9700
2026-05-06 00:34:38 WARN  SELL_SKIP [US] IREN reason=PHANTOM_POSITION phase=NONE qty=4 avgPrice=50.9700
2026-05-06 00:34:43 WARN  SELL_SKIP [US] IREN reason=PHANTOM_POSITION phase=NONE qty=4 avgPrice=50.9700
2026-05-06 00:34:48 WARN  SELL_SKIP [US] IREN reason=PHANTOM_POSITION phase=NONE qty=4 avgPrice=50.9700
2026-05-06 00:34:53 WARN  SELL_SKIP [US] IREN reason=PHANTOM_POSITION phase=NONE qty=4 avgPrice=50.9700
2026-05-06 00:34:58 WARN  SELL_SKIP [US] IREN reason=PHANTOM_POSITION phase=NONE qty=4 avgPrice=50.9700
2026-05-06 00:35:04 WARN  SELL_SKIP [US] IREN reason=PHANTOM_POSITION phase=NONE qty=4 avgPrice=50.9700
2026-05-06 00:35:09 WARN  SELL_SKIP [US] IREN reason=PHANTOM_POSITION phase=NONE qty=4 avgPrice=50.9700
2026-05-06 00:35:14 WARN  SELL_SKIP [US] IREN reason=PHANTOM_POSITION phase=NONE qty=4 avgPrice=50.9700
2026-05-06 00:35:19 WARN  SELL_SKIP [US] IREN reason=PHANTOM_POSITION phase=NONE qty=4 avgPrice=50.9700
2026-05-06 00:35:24 WARN  SELL_SKIP [US] IREN reason=PHANTOM_POSITION phase=NONE qty=4 avgPrice=50.9700
2026-05-06 00:35:29 WARN  SELL_SKIP [US] IREN reason=PHANTOM_POSITION phase=NONE qty=4 avgPrice=50.9700
2026-05-06 00:35:34 WARN  SELL_SKIP [US] IREN reason=PHANTOM_POSITION phase=NONE qty=4 avgPrice=50.9700
2026-05-06 00:35:39 WARN  SELL_SKIP [US] IREN reason=PHANTOM_POSITION phase=NONE qty=4 avgPrice=50.9700
2026-05-06 00:35:44 WARN  SELL_SKIP [US] IREN reason=PHANTOM_POSITION phase=NONE qty=4 avgPrice=50.9700
2026-05-06 00:35:49 WARN  SELL_SKIP [US] IREN reason=PHANTOM_POSITION phase=NONE qty=4 avgPrice=50.9700
2026-05-06 00:35:54 WARN  SELL_SKIP [US] IREN reason=PHANTOM_POSITION phase=NONE qty=4 avgPrice=50.9700
2026-05-06 00:36:00 WARN  SELL_SKIP [US] IREN reason=PHANTOM_POSITION phase=NONE qty=4 avgPrice=50.9700
2026-05-06 00:36:05 WARN  SELL_SKIP [US] IREN reason=PHANTOM_POSITION phase=NONE qty=4 avgPrice=50.9700
2026-05-06 00:36:10 WARN  SELL_SKIP [US] IREN reason=PHANTOM_POSITION phase=NONE qty=4 avgPrice=50.9700
2026-05-06 00:36:15 WARN  SELL_SKIP [US] IREN reason=PHANTOM_POSITION phase=NONE qty=4 avgPrice=50.9700
2026-05-06 00:36:20 WARN  SELL_SKIP [US] IREN reason=PHANTOM_POSITION phase=NONE qty=4 avgPrice=50.9700
2026-05-06 00:36:25 WARN  SELL_SKIP [US] IREN reason=PHANTOM_POSITION phase=NONE qty=4 avgPrice=50.9700
2026-05-06 00:36:30 WARN  SELL_SKIP [US] IREN reason=PHANTOM_POSITION phase=NONE qty=4 avgPrice=50.9700
2026-05-06 00:36:35 WARN  SELL_SKIP [US] IREN reason=PHANTOM_POSITION phase=NONE qty=4 avgPrice=50.9700
2026-05-06 00:36:40 WARN  SELL_SKIP [US] IREN reason=PHANTOM_POSITION phase=NONE qty=4 avgPrice=50.9700
2026-05-06 00:36:45 WARN  SELL_SKIP [US] IREN reason=PHANTOM_POSITION phase=NONE qty=4 avgPrice=50.9700
2026-05-06 00:36:50 WARN  SELL_SKIP [US] IREN reason=PHANTOM_POSITION phase=NONE qty=4 avgPrice=50.9700
2026-05-06 00:36:56 WARN  SELL_SKIP [US] IREN reason=PHANTOM_POSITION phase=NONE qty=4 avgPrice=50.9700
2026-05-06 00:37:01 WARN  SELL_SKIP [US] IREN reason=PHANTOM_POSITION phase=NONE qty=4 avgPrice=50.9700
2026-05-06 00:37:06 WARN  SELL_SKIP [US] IREN reason=PHANTOM_POSITION phase=NONE qty=4 avgPrice=50.9700
2026-05-06 00:37:11 WARN  SELL_SKIP [US] IREN reason=PHANTOM_POSITION phase=NONE qty=4 avgPrice=50.9700
2026-05-06 00:37:16 WARN  SELL_SKIP [US] IREN reason=PHANTOM_POSITION phase=NONE qty=4 avgPrice=50.9700
2026-05-06 00:37:21 WARN  SELL_SKIP [US] IREN reason=PHANTOM_POSITION phase=NONE qty=4 avgPrice=50.9700
2026-05-06 00:37:26 WARN  SELL_SKIP [US] IREN reason=PHANTOM_POSITION phase=NONE qty=4 avgPrice=50.9700
2026-05-06 00:37:31 WARN  SELL_SKIP [US] IREN reason=PHANTOM_POSITION phase=NONE qty=4 avgPrice=50.9700
2026-05-06 00:37:36 WARN  SELL_SKIP [US] IREN reason=PHANTOM_POSITION phase=NONE qty=4 avgPrice=50.9700
2026-05-06 00:37:41 WARN  SELL_SKIP [US] IREN reason=PHANTOM_POSITION phase=NONE qty=4 avgPrice=50.9700
2026-05-06 00:37:46 WARN  SELL_SKIP [US] IREN reason=PHANTOM_POSITION phase=NONE qty=4 avgPrice=50.9700
2026-05-06 00:37:51 WARN  SELL_SKIP [US] IREN reason=PHANTOM_POSITION phase=NONE qty=4 avgPrice=50.9700
2026-05-06 00:37:57 WARN  SELL_SKIP [US] IREN reason=PHANTOM_POSITION phase=NONE qty=4 avgPrice=50.9700
2026-05-06 00:38:02 WARN  SELL_SKIP [US] IREN reason=PHANTOM_POSITION phase=NONE qty=4 avgPrice=50.9700
2026-05-06 00:38:07 WARN  SELL_SKIP [US] IREN reason=PHANTOM_POSITION phase=NONE qty=4 avgPrice=50.9700
2026-05-06 00:38:12 WARN  SELL_SKIP [US] IREN reason=PHANTOM_POSITION phase=NONE qty=4 avgPrice=50.9700
2026-05-06 00:38:22 WARN  SELL_SKIP [US] IREN reason=PHANTOM_POSITION phase=NONE qty=4 avgPrice=50.9700
2026-05-06 00:38:27 WARN  SELL_SKIP [US] IREN reason=PHANTOM_POSITION phase=NONE qty=4 avgPrice=50.9700
2026-05-06 00:38:37 WARN  SELL_SKIP [US] IREN reason=PHANTOM_POSITION phase=NONE qty=4 avgPrice=50.9700
2026-05-06 00:38:42 WARN  SELL_SKIP [US] IREN reason=PHANTOM_POSITION phase=NONE qty=4 avgPrice=50.9700
2026-05-06 00:38:47 WARN  SELL_SKIP [US] IREN reason=PHANTOM_POSITION phase=NONE qty=4 avgPrice=50.9700
2026-05-06 00:38:52 WARN  SELL_SKIP [US] IREN reason=PHANTOM_POSITION phase=NONE qty=4 avgPrice=50.9700
2026-05-06 00:38:58 WARN  SELL_SKIP [US] IREN reason=PHANTOM_POSITION phase=NONE qty=4 avgPrice=50.9700
2026-05-06 00:39:03 WARN  SELL_SKIP [US] IREN reason=PHANTOM_POSITION phase=NONE qty=4 avgPrice=50.9700
2026-05-06 00:39:08 WARN  SELL_SKIP [US] IREN reason=PHANTOM_POSITION phase=NONE qty=4 avgPrice=50.9700
2026-05-06 00:39:13 WARN  SELL_SKIP [US] IREN reason=PHANTOM_POSITION phase=NONE qty=4 avgPrice=50.9700
2026-05-06 00:39:18 WARN  SELL_SKIP [US] IREN reason=PHANTOM_POSITION phase=NONE qty=4 avgPrice=50.9700
2026-05-06 00:39:23 WARN  SELL_SKIP [US] IREN reason=PHANTOM_POSITION phase=NONE qty=4 avgPrice=50.9700
2026-05-06 00:39:28 WARN  SELL_SKIP [US] IREN reason=PHANTOM_POSITION phase=NONE qty=4 avgPrice=50.9700
2026-05-06 00:39:33 WARN  SELL_SKIP [US] IREN reason=PHANTOM_POSITION phase=NONE qty=4 avgPrice=50.9700
2026-05-06 00:39:38 WARN  SELL_SKIP [US] IREN reason=PHANTOM_POSITION phase=NONE qty=4 avgPrice=50.9700
2026-05-06 00:39:43 WARN  SELL_SKIP [US] IREN reason=PHANTOM_POSITION phase=NONE qty=4 avgPrice=50.9700
2026-05-06 00:39:48 WARN  SELL_SKIP [US] IREN reason=PHANTOM_POSITION phase=NONE qty=4 avgPrice=50.9700
2026-05-06 00:39:53 WARN  SELL_SKIP [US] IREN reason=PHANTOM_POSITION phase=NONE qty=4 avgPrice=50.9700
2026-05-06 00:39:58 WARN  SELL_SKIP [US] IREN reason=PHANTOM_POSITION phase=NONE qty=4 avgPrice=50.9700
2026-05-06 00:40:04 WARN  SELL_SKIP [US] IREN reason=PHANTOM_POSITION phase=NONE qty=4 avgPrice=50.9700
2026-05-06 00:40:09 WARN  SELL_SKIP [US] IREN reason=PHANTOM_POSITION phase=NONE qty=4 avgPrice=50.9700
2026-05-06 00:40:14 WARN  SELL_SKIP [US] IREN reason=PHANTOM_POSITION phase=NONE qty=4 avgPrice=50.9700
2026-05-06 00:40:19 WARN  SELL_SKIP [US] IREN reason=PHANTOM_POSITION phase=NONE qty=4 avgPrice=50.9700
2026-05-06 00:40:24 WARN  SELL_SKIP [US] IREN reason=PHANTOM_POSITION phase=NONE qty=4 avgPrice=50.9700
2026-05-06 00:40:29 WARN  SELL_SKIP [US] IREN reason=PHANTOM_POSITION phase=NONE qty=4 avgPrice=50.9700
2026-05-06 00:40:34 WARN  SELL_SKIP [US] IREN reason=PHANTOM_POSITION phase=NONE qty=4 avgPrice=50.9700
2026-05-06 00:40:39 WARN  SELL_SKIP [US] IREN reason=PHANTOM_POSITION phase=NONE qty=4 avgPrice=50.9700
2026-05-06 00:40:44 WARN  SELL_SKIP [US] IREN reason=PHANTOM_POSITION phase=NONE qty=4 avgPrice=50.9700
2026-05-06 00:40:49 WARN  SELL_SKIP [US] IREN reason=PHANTOM_POSITION phase=NONE qty=4 avgPrice=50.9700
2026-05-06 00:40:54 WARN  SELL_SKIP [US] IREN reason=PHANTOM_POSITION phase=NONE qty=4 avgPrice=50.9700
2026-05-06 00:41:00 WARN  SELL_SKIP [US] IREN reason=PHANTOM_POSITION phase=NONE qty=4 avgPrice=50.9700
2026-05-06 00:41:05 WARN  SELL_SKIP [US] IREN reason=PHANTOM_POSITION phase=NONE qty=4 avgPrice=50.9700
2026-05-06 00:41:10 WARN  SELL_SKIP [US] IREN reason=PHANTOM_POSITION phase=NONE qty=4 avgPrice=50.9700
2026-05-06 00:41:15 WARN  SELL_SKIP [US] IREN reason=PHANTOM_POSITION phase=NONE qty=4 avgPrice=50.9700
2026-05-06 00:41:20 WARN  SELL_SKIP [US] IREN reason=PHANTOM_POSITION phase=NONE qty=4 avgPrice=50.9700
2026-05-06 00:41:25 WARN  SELL_SKIP [US] IREN reason=PHANTOM_POSITION phase=NONE qty=4 avgPrice=50.9700
2026-05-06 00:41:30 WARN  SELL_SKIP [US] IREN reason=PHANTOM_POSITION phase=NONE qty=4 avgPrice=50.9700
2026-05-06 00:41:35 WARN  SELL_SKIP [US] IREN reason=PHANTOM_POSITION phase=NONE qty=4 avgPrice=50.9700
2026-05-06 00:41:40 WARN  SELL_SKIP [US] IREN reason=PHANTOM_POSITION phase=NONE qty=4 avgPrice=50.9700
2026-05-06 00:41:45 WARN  SELL_SKIP [US] IREN reason=PHANTOM_POSITION phase=NONE qty=4 avgPrice=50.9700
2026-05-06 00:41:50 WARN  SELL_SKIP [US] IREN reason=PHANTOM_POSITION phase=NONE qty=4 avgPrice=50.9700
2026-05-06 00:41:55 WARN  SELL_SKIP [US] IREN reason=PHANTOM_POSITION phase=NONE qty=4 avgPrice=50.9700
2026-05-06 00:42:01 WARN  SELL_SKIP [US] IREN reason=PHANTOM_POSITION phase=NONE qty=4 avgPrice=50.9700
2026-05-06 00:42:06 WARN  SELL_SKIP [US] IREN reason=PHANTOM_POSITION phase=NONE qty=4 avgPrice=50.9700
2026-05-06 00:42:11 WARN  SELL_SKIP [US] IREN reason=PHANTOM_POSITION phase=NONE qty=4 avgPrice=50.9700
2026-05-06 00:42:16 WARN  SELL_SKIP [US] IREN reason=PHANTOM_POSITION phase=NONE qty=4 avgPrice=50.9700
2026-05-06 00:42:21 WARN  SELL_SKIP [US] IREN reason=PHANTOM_POSITION phase=NONE qty=4 avgPrice=50.9700
2026-05-06 00:42:31 WARN  SELL_SKIP [US] IREN reason=PHANTOM_POSITION phase=NONE qty=4 avgPrice=50.9700
2026-05-06 00:42:36 WARN  SELL_SKIP [US] IREN reason=PHANTOM_POSITION phase=NONE qty=4 avgPrice=50.9700
2026-05-06 00:42:41 WARN  SELL_SKIP [US] IREN reason=PHANTOM_POSITION phase=NONE qty=4 avgPrice=50.9700
2026-05-06 00:42:46 WARN  SELL_SKIP [US] IREN reason=PHANTOM_POSITION phase=NONE qty=4 avgPrice=50.9700
2026-05-06 00:42:51 WARN  SELL_SKIP [US] IREN reason=PHANTOM_POSITION phase=NONE qty=4 avgPrice=50.9700
2026-05-06 00:42:56 WARN  SELL_SKIP [US] IREN reason=PHANTOM_POSITION phase=NONE qty=4 avgPrice=50.9700
2026-05-06 00:43:02 WARN  SELL_SKIP [US] IREN reason=PHANTOM_POSITION phase=NONE qty=4 avgPrice=50.9700
2026-05-06 00:43:07 WARN  SELL_SKIP [US] IREN reason=PHANTOM_POSITION phase=NONE qty=4 avgPrice=50.9700
2026-05-06 00:43:12 WARN  SELL_SKIP [US] IREN reason=PHANTOM_POSITION phase=NONE qty=4 avgPrice=50.9700
2026-05-06 00:43:17 WARN  SELL_SKIP [US] IREN reason=PHANTOM_POSITION phase=NONE qty=4 avgPrice=50.9700
2026-05-06 00:43:22 WARN  SELL_SKIP [US] IREN reason=PHANTOM_POSITION phase=NONE qty=4 avgPrice=50.9700
2026-05-06 00:43:27 WARN  SELL_SKIP [US] IREN reason=PHANTOM_POSITION phase=NONE qty=4 avgPrice=50.9700
2026-05-06 00:43:32 WARN  SELL_SKIP [US] IREN reason=PHANTOM_POSITION phase=NONE qty=4 avgPrice=50.9700
2026-05-06 00:43:37 WARN  SELL_SKIP [US] IREN reason=PHANTOM_POSITION phase=NONE qty=4 avgPrice=50.9700
2026-05-06 00:43:42 WARN  SELL_SKIP [US] IREN reason=PHANTOM_POSITION phase=NONE qty=4 avgPrice=50.9700
2026-05-06 00:43:47 WARN  SELL_SKIP [US] IREN reason=PHANTOM_POSITION phase=NONE qty=4 avgPrice=50.9700
2026-05-06 00:43:52 WARN  SELL_SKIP [US] IREN reason=PHANTOM_POSITION phase=NONE qty=4 avgPrice=50.9700
2026-05-06 00:43:58 WARN  SELL_SKIP [US] IREN reason=PHANTOM_POSITION phase=NONE qty=4 avgPrice=50.9700
2026-05-06 00:44:03 WARN  SELL_SKIP [US] IREN reason=PHANTOM_POSITION phase=NONE qty=4 avgPrice=50.9700
2026-05-06 00:44:08 WARN  SELL_SKIP [US] IREN reason=PHANTOM_POSITION phase=NONE qty=4 avgPrice=50.9700
2026-05-06 00:44:13 WARN  SELL_SKIP [US] IREN reason=PHANTOM_POSITION phase=NONE qty=4 avgPrice=50.9700
2026-05-06 00:44:18 WARN  SELL_SKIP [US] IREN reason=PHANTOM_POSITION phase=NONE qty=4 avgPrice=50.9700
2026-05-06 00:44:23 WARN  SELL_SKIP [US] IREN reason=PHANTOM_POSITION phase=NONE qty=4 avgPrice=50.9700
2026-05-06 00:44:28 WARN  SELL_SKIP [US] IREN reason=PHANTOM_POSITION phase=NONE qty=4 avgPrice=50.9700
2026-05-06 00:44:33 WARN  SELL_SKIP [US] IREN reason=PHANTOM_POSITION phase=NONE qty=4 avgPrice=50.9700
2026-05-06 00:44:38 WARN  SELL_SKIP [US] IREN reason=PHANTOM_POSITION phase=NONE qty=4 avgPrice=50.9700
2026-05-06 00:44:43 WARN  SELL_SKIP [US] IREN reason=PHANTOM_POSITION phase=NONE qty=4 avgPrice=50.9700
2026-05-06 00:44:48 WARN  SELL_SKIP [US] IREN reason=PHANTOM_POSITION phase=NONE qty=4 avgPrice=50.9700
2026-05-06 00:44:53 WARN  SELL_SKIP [US] IREN reason=PHANTOM_POSITION phase=NONE qty=4 avgPrice=50.9700
2026-05-06 00:44:59 WARN  SELL_SKIP [US] IREN reason=PHANTOM_POSITION phase=NONE qty=4 avgPrice=50.9700
2026-05-06 00:45:04 WARN  SELL_SKIP [US] IREN reason=PHANTOM_POSITION phase=NONE qty=4 avgPrice=50.9700
2026-05-06 00:45:09 WARN  SELL_SKIP [US] IREN reason=PHANTOM_POSITION phase=NONE qty=4 avgPrice=50.9700
2026-05-06 00:45:14 WARN  SELL_SKIP [US] IREN reason=PHANTOM_POSITION phase=NONE qty=4 avgPrice=50.9700
2026-05-06 00:45:19 WARN  SELL_SKIP [US] IREN reason=PHANTOM_POSITION phase=NONE qty=4 avgPrice=50.9700
2026-05-06 00:45:24 WARN  SELL_SKIP [US] IREN reason=PHANTOM_POSITION phase=NONE qty=4 avgPrice=50.9700
2026-05-06 00:45:29 WARN  SELL_SKIP [US] IREN reason=PHANTOM_POSITION phase=NONE qty=4 avgPrice=50.9700
2026-05-06 00:45:34 WARN  SELL_SKIP [US] IREN reason=PHANTOM_POSITION phase=NONE qty=4 avgPrice=50.9700
2026-05-06 00:45:39 WARN  SELL_SKIP [US] IREN reason=PHANTOM_POSITION phase=NONE qty=4 avgPrice=50.9700
2026-05-06 00:45:44 WARN  SELL_SKIP [US] IREN reason=PHANTOM_POSITION phase=NONE qty=4 avgPrice=50.9700
2026-05-06 00:45:49 WARN  SELL_SKIP [US] IREN reason=PHANTOM_POSITION phase=NONE qty=4 avgPrice=50.9700
2026-05-06 00:45:54 WARN  SELL_SKIP [US] IREN reason=PHANTOM_POSITION phase=NONE qty=4 avgPrice=50.9700
2026-05-06 00:46:00 WARN  SELL_SKIP [US] IREN reason=PHANTOM_POSITION phase=NONE qty=4 avgPrice=50.9700
2026-05-06 00:46:05 WARN  SELL_SKIP [US] IREN reason=PHANTOM_POSITION phase=NONE qty=4 avgPrice=50.9700
2026-05-06 00:46:10 WARN  SELL_SKIP [US] IREN reason=PHANTOM_POSITION phase=NONE qty=4 avgPrice=50.9700
2026-05-06 00:46:15 WARN  SELL_SKIP [US] IREN reason=PHANTOM_POSITION phase=NONE qty=4 avgPrice=50.9700
2026-05-06 00:46:20 WARN  SELL_SKIP [US] IREN reason=PHANTOM_POSITION phase=NONE qty=4 avgPrice=50.9700
2026-05-06 00:46:25 WARN  SELL_SKIP [US] IREN reason=PHANTOM_POSITION phase=NONE qty=4 avgPrice=50.9700
2026-05-06 00:46:30 WARN  SELL_SKIP [US] IREN reason=PHANTOM_POSITION phase=NONE qty=4 avgPrice=50.9700
2026-05-06 00:46:40 WARN  SELL_SKIP [US] IREN reason=PHANTOM_POSITION phase=NONE qty=4 avgPrice=50.9700
2026-05-06 00:46:45 WARN  SELL_SKIP [US] IREN reason=PHANTOM_POSITION phase=NONE qty=4 avgPrice=50.9700
2026-05-06 00:46:50 WARN  SELL_SKIP [US] IREN reason=PHANTOM_POSITION phase=NONE qty=4 avgPrice=50.9700
2026-05-06 00:46:55 WARN  SELL_SKIP [US] IREN reason=PHANTOM_POSITION phase=NONE qty=4 avgPrice=50.9700
2026-05-06 00:47:01 WARN  SELL_SKIP [US] IREN reason=PHANTOM_POSITION phase=NONE qty=4 avgPrice=50.9700
2026-05-06 00:47:06 WARN  SELL_SKIP [US] IREN reason=PHANTOM_POSITION phase=NONE qty=4 avgPrice=50.9700
2026-05-06 00:47:11 WARN  SELL_SKIP [US] IREN reason=PHANTOM_POSITION phase=NONE qty=4 avgPrice=50.9700
2026-05-06 00:47:16 WARN  SELL_SKIP [US] IREN reason=PHANTOM_POSITION phase=NONE qty=4 avgPrice=50.9700
2026-05-06 00:47:21 WARN  SELL_SKIP [US] IREN reason=PHANTOM_POSITION phase=NONE qty=4 avgPrice=50.9700
2026-05-06 00:47:26 WARN  SELL_SKIP [US] IREN reason=PHANTOM_POSITION phase=NONE qty=4 avgPrice=50.9700
2026-05-06 00:47:31 WARN  SELL_SKIP [US] IREN reason=PHANTOM_POSITION phase=NONE qty=4 avgPrice=50.9700
2026-05-06 00:47:36 WARN  SELL_SKIP [US] IREN reason=PHANTOM_POSITION phase=NONE qty=4 avgPrice=50.9700
2026-05-06 00:47:41 WARN  SELL_SKIP [US] IREN reason=PHANTOM_POSITION phase=NONE qty=4 avgPrice=50.9700
2026-05-06 00:47:46 WARN  SELL_SKIP [US] IREN reason=PHANTOM_POSITION phase=NONE qty=4 avgPrice=50.9700
2026-05-06 00:47:51 WARN  SELL_SKIP [US] IREN reason=PHANTOM_POSITION phase=NONE qty=4 avgPrice=50.9700
2026-05-06 00:47:57 WARN  SELL_SKIP [US] IREN reason=PHANTOM_POSITION phase=NONE qty=4 avgPrice=50.9700
2026-05-06 00:48:02 WARN  SELL_SKIP [US] IREN reason=PHANTOM_POSITION phase=NONE qty=4 avgPrice=50.9700
2026-05-06 00:48:07 WARN  SELL_SKIP [US] IREN reason=PHANTOM_POSITION phase=NONE qty=4 avgPrice=50.9700
2026-05-06 00:48:12 WARN  SELL_SKIP [US] IREN reason=PHANTOM_POSITION phase=NONE qty=4 avgPrice=50.9700
2026-05-06 00:48:17 WARN  SELL_SKIP [US] IREN reason=PHANTOM_POSITION phase=NONE qty=4 avgPrice=50.9700
2026-05-06 00:48:22 WARN  SELL_SKIP [US] IREN reason=PHANTOM_POSITION phase=NONE qty=4 avgPrice=50.9700
2026-05-06 00:48:27 WARN  SELL_SKIP [US] IREN reason=PHANTOM_POSITION phase=NONE qty=4 avgPrice=50.9700
2026-05-06 00:48:32 WARN  SELL_SKIP [US] IREN reason=PHANTOM_POSITION phase=NONE qty=4 avgPrice=50.9700
2026-05-06 00:48:37 WARN  SELL_SKIP [US] IREN reason=PHANTOM_POSITION phase=NONE qty=4 avgPrice=50.9700
2026-05-06 00:48:42 WARN  SELL_SKIP [US] IREN reason=PHANTOM_POSITION phase=NONE qty=4 avgPrice=50.9700
2026-05-06 00:48:47 WARN  SELL_SKIP [US] IREN reason=PHANTOM_POSITION phase=NONE qty=4 avgPrice=50.9700
2026-05-06 00:48:52 WARN  SELL_SKIP [US] IREN reason=PHANTOM_POSITION phase=NONE qty=4 avgPrice=50.9700
2026-05-06 00:48:57 WARN  SELL_SKIP [US] IREN reason=PHANTOM_POSITION phase=NONE qty=4 avgPrice=50.9700
2026-05-06 00:49:03 WARN  SELL_SKIP [US] IREN reason=PHANTOM_POSITION phase=NONE qty=4 avgPrice=50.9700
2026-05-06 00:49:08 WARN  SELL_SKIP [US] IREN reason=PHANTOM_POSITION phase=NONE qty=4 avgPrice=50.9700
2026-05-06 00:49:13 WARN  SELL_SKIP [US] IREN reason=PHANTOM_POSITION phase=NONE qty=4 avgPrice=50.9700
2026-05-06 00:49:18 WARN  SELL_SKIP [US] IREN reason=PHANTOM_POSITION phase=NONE qty=4 avgPrice=50.9700
2026-05-06 00:49:23 WARN  SELL_SKIP [US] IREN reason=PHANTOM_POSITION phase=NONE qty=4 avgPrice=50.9700
2026-05-06 00:49:28 WARN  SELL_SKIP [US] IREN reason=PHANTOM_POSITION phase=NONE qty=4 avgPrice=50.9700
2026-05-06 00:49:33 WARN  SELL_SKIP [US] IREN reason=PHANTOM_POSITION phase=NONE qty=4 avgPrice=50.9700
2026-05-06 00:49:38 WARN  SELL_SKIP [US] IREN reason=PHANTOM_POSITION phase=NONE qty=4 avgPrice=50.9700
2026-05-06 00:49:43 WARN  SELL_SKIP [US] IREN reason=PHANTOM_POSITION phase=NONE qty=4 avgPrice=50.9700
2026-05-06 00:49:48 WARN  SELL_SKIP [US] IREN reason=PHANTOM_POSITION phase=NONE qty=4 avgPrice=50.9700
2026-05-06 00:49:53 WARN  SELL_SKIP [US] IREN reason=PHANTOM_POSITION phase=NONE qty=4 avgPrice=50.9700
2026-05-06 00:49:59 WARN  SELL_SKIP [US] IREN reason=PHANTOM_POSITION phase=NONE qty=4 avgPrice=50.9700
2026-05-06 00:50:04 WARN  SELL_SKIP [US] IREN reason=PHANTOM_POSITION phase=NONE qty=4 avgPrice=50.9700
2026-05-06 00:50:09 WARN  SELL_SKIP [US] IREN reason=PHANTOM_POSITION phase=NONE qty=4 avgPrice=50.9700
2026-05-06 00:50:14 WARN  SELL_SKIP [US] IREN reason=PHANTOM_POSITION phase=NONE qty=4 avgPrice=50.9700
2026-05-06 00:50:19 WARN  SELL_SKIP [US] IREN reason=PHANTOM_POSITION phase=NONE qty=4 avgPrice=50.9700
2026-05-06 00:50:24 WARN  SELL_SKIP [US] IREN reason=PHANTOM_POSITION phase=NONE qty=4 avgPrice=50.9700
2026-05-06 00:50:29 WARN  SELL_SKIP [US] IREN reason=PHANTOM_POSITION phase=NONE qty=4 avgPrice=50.9700
2026-05-06 00:50:34 WARN  SELL_SKIP [US] IREN reason=PHANTOM_POSITION phase=NONE qty=4 avgPrice=50.9700
2026-05-06 00:50:39 WARN  SELL_SKIP [US] IREN reason=PHANTOM_POSITION phase=NONE qty=4 avgPrice=50.9700
2026-05-06 00:50:44 WARN  SELL_SKIP [US] IREN reason=PHANTOM_POSITION phase=NONE qty=4 avgPrice=50.9700
2026-05-06 00:50:49 WARN  SELL_SKIP [US] IREN reason=PHANTOM_POSITION phase=NONE qty=4 avgPrice=50.9700
2026-05-06 00:50:54 WARN  SELL_SKIP [US] IREN reason=PHANTOM_POSITION phase=NONE qty=4 avgPrice=50.9700
2026-05-06 00:51:00 WARN  SELL_SKIP [US] IREN reason=PHANTOM_POSITION phase=NONE qty=4 avgPrice=50.9700
2026-05-06 00:51:05 WARN  SELL_SKIP [US] IREN reason=PHANTOM_POSITION phase=NONE qty=4 avgPrice=50.9700
2026-05-06 00:51:10 WARN  SELL_SKIP [US] IREN reason=PHANTOM_POSITION phase=NONE qty=4 avgPrice=50.9700
2026-05-06 00:51:15 WARN  SELL_SKIP [US] IREN reason=PHANTOM_POSITION phase=NONE qty=4 avgPrice=50.9700
2026-05-06 00:51:20 WARN  SELL_SKIP [US] IREN reason=PHANTOM_POSITION phase=NONE qty=4 avgPrice=50.9700
2026-05-06 00:51:25 WARN  SELL_SKIP [US] IREN reason=PHANTOM_POSITION phase=NONE qty=4 avgPrice=50.9700
2026-05-06 00:51:30 WARN  SELL_SKIP [US] IREN reason=PHANTOM_POSITION phase=NONE qty=4 avgPrice=50.9700
2026-05-06 00:51:35 WARN  SELL_SKIP [US] IREN reason=PHANTOM_POSITION phase=NONE qty=4 avgPrice=50.9700
2026-05-06 00:51:40 WARN  SELL_SKIP [US] IREN reason=PHANTOM_POSITION phase=NONE qty=4 avgPrice=50.9700
2026-05-06 00:51:45 WARN  SELL_SKIP [US] IREN reason=PHANTOM_POSITION phase=NONE qty=4 avgPrice=50.9700
2026-05-06 00:51:50 WARN  SELL_SKIP [US] IREN reason=PHANTOM_POSITION phase=NONE qty=4 avgPrice=50.9700
2026-05-06 00:51:56 WARN  SELL_SKIP [US] IREN reason=PHANTOM_POSITION phase=NONE qty=4 avgPrice=50.9700
2026-05-06 00:52:01 WARN  SELL_SKIP [US] IREN reason=PHANTOM_POSITION phase=NONE qty=4 avgPrice=50.9700
2026-05-06 00:52:06 WARN  SELL_SKIP [US] IREN reason=PHANTOM_POSITION phase=NONE qty=4 avgPrice=50.9700
2026-05-06 00:52:11 WARN  SELL_SKIP [US] IREN reason=PHANTOM_POSITION phase=NONE qty=4 avgPrice=50.9700
2026-05-06 00:52:16 WARN  SELL_SKIP [US] IREN reason=PHANTOM_POSITION phase=NONE qty=4 avgPrice=50.9700
2026-05-06 00:52:21 WARN  SELL_SKIP [US] IREN reason=PHANTOM_POSITION phase=NONE qty=4 avgPrice=50.9700
2026-05-06 00:52:26 WARN  SELL_SKIP [US] IREN reason=PHANTOM_POSITION phase=NONE qty=4 avgPrice=50.9700
2026-05-06 00:52:31 WARN  SELL_SKIP [US] IREN reason=PHANTOM_POSITION phase=NONE qty=4 avgPrice=50.9700
2026-05-06 00:52:36 WARN  SELL_SKIP [US] IREN reason=PHANTOM_POSITION phase=NONE qty=4 avgPrice=50.9700
2026-05-06 00:52:46 WARN  SELL_SKIP [US] IREN reason=PHANTOM_POSITION phase=NONE qty=4 avgPrice=50.9700
2026-05-06 00:52:52 WARN  SELL_SKIP [US] IREN reason=PHANTOM_POSITION phase=NONE qty=4 avgPrice=50.9700
2026-05-06 00:52:57 WARN  SELL_SKIP [US] IREN reason=PHANTOM_POSITION phase=NONE qty=4 avgPrice=50.9700
2026-05-06 00:53:02 WARN  SELL_SKIP [US] IREN reason=PHANTOM_POSITION phase=NONE qty=4 avgPrice=50.9700
2026-05-06 00:53:07 WARN  SELL_SKIP [US] IREN reason=PHANTOM_POSITION phase=NONE qty=4 avgPrice=50.9700
2026-05-06 00:53:12 WARN  SELL_SKIP [US] IREN reason=PHANTOM_POSITION phase=NONE qty=4 avgPrice=50.9700
2026-05-06 00:53:17 WARN  SELL_SKIP [US] IREN reason=PHANTOM_POSITION phase=NONE qty=4 avgPrice=50.9700
2026-05-06 00:53:22 WARN  SELL_SKIP [US] IREN reason=PHANTOM_POSITION phase=NONE qty=4 avgPrice=50.9700
2026-05-06 00:53:27 WARN  SELL_SKIP [US] IREN reason=PHANTOM_POSITION phase=NONE qty=4 avgPrice=50.9700
2026-05-06 00:53:32 WARN  SELL_SKIP [US] IREN reason=PHANTOM_POSITION phase=NONE qty=4 avgPrice=50.9700
2026-05-06 00:53:37 WARN  SELL_SKIP [US] IREN reason=PHANTOM_POSITION phase=NONE qty=4 avgPrice=50.9700
2026-05-06 00:53:42 WARN  SELL_SKIP [US] IREN reason=PHANTOM_POSITION phase=NONE qty=4 avgPrice=50.9700
2026-05-06 00:53:47 WARN  SELL_SKIP [US] IREN reason=PHANTOM_POSITION phase=NONE qty=4 avgPrice=50.9700
2026-05-06 00:53:53 WARN  SELL_SKIP [US] IREN reason=PHANTOM_POSITION phase=NONE qty=4 avgPrice=50.9700
2026-05-06 00:53:58 WARN  SELL_SKIP [US] IREN reason=PHANTOM_POSITION phase=NONE qty=4 avgPrice=50.9700
2026-05-06 00:54:03 WARN  SELL_SKIP [US] IREN reason=PHANTOM_POSITION phase=NONE qty=4 avgPrice=50.9700
2026-05-06 00:54:08 WARN  SELL_SKIP [US] IREN reason=PHANTOM_POSITION phase=NONE qty=4 avgPrice=50.9700
2026-05-06 00:54:13 WARN  SELL_SKIP [US] IREN reason=PHANTOM_POSITION phase=NONE qty=4 avgPrice=50.9700
2026-05-06 00:54:18 WARN  SELL_SKIP [US] IREN reason=PHANTOM_POSITION phase=NONE qty=4 avgPrice=50.9700
2026-05-06 00:54:23 WARN  SELL_SKIP [US] IREN reason=PHANTOM_POSITION phase=NONE qty=4 avgPrice=50.9700
2026-05-06 00:54:28 WARN  SELL_SKIP [US] IREN reason=PHANTOM_POSITION phase=NONE qty=4 avgPrice=50.9700
2026-05-06 00:54:33 WARN  SELL_SKIP [US] IREN reason=PHANTOM_POSITION phase=NONE qty=4 avgPrice=50.9700
2026-05-06 00:54:38 WARN  SELL_SKIP [US] IREN reason=PHANTOM_POSITION phase=NONE qty=4 avgPrice=50.9700
2026-05-06 00:54:43 WARN  SELL_SKIP [US] IREN reason=PHANTOM_POSITION phase=NONE qty=4 avgPrice=50.9700
2026-05-06 00:54:48 WARN  SELL_SKIP [US] IREN reason=PHANTOM_POSITION phase=NONE qty=4 avgPrice=50.9700
2026-05-06 00:54:54 WARN  SELL_SKIP [US] IREN reason=PHANTOM_POSITION phase=NONE qty=4 avgPrice=50.9700
2026-05-06 00:54:59 WARN  SELL_SKIP [US] IREN reason=PHANTOM_POSITION phase=NONE qty=4 avgPrice=50.9700
2026-05-06 00:55:04 WARN  SELL_SKIP [US] IREN reason=PHANTOM_POSITION phase=NONE qty=4 avgPrice=50.9700
2026-05-06 00:55:09 WARN  SELL_SKIP [US] IREN reason=PHANTOM_POSITION phase=NONE qty=4 avgPrice=50.9700
2026-05-06 00:55:14 WARN  SELL_SKIP [US] IREN reason=PHANTOM_POSITION phase=NONE qty=4 avgPrice=50.9700
2026-05-06 00:55:19 WARN  SELL_SKIP [US] IREN reason=PHANTOM_POSITION phase=NONE qty=4 avgPrice=50.9700
2026-05-06 00:55:24 WARN  SELL_SKIP [US] IREN reason=PHANTOM_POSITION phase=NONE qty=4 avgPrice=50.9700
2026-05-06 00:55:29 WARN  SELL_SKIP [US] IREN reason=PHANTOM_POSITION phase=NONE qty=4 avgPrice=50.9700
2026-05-06 00:55:34 WARN  SELL_SKIP [US] IREN reason=PHANTOM_POSITION phase=NONE qty=4 avgPrice=50.9700
2026-05-06 00:55:39 WARN  SELL_SKIP [US] IREN reason=PHANTOM_POSITION phase=NONE qty=4 avgPrice=50.9700
2026-05-06 00:55:44 WARN  SELL_SKIP [US] IREN reason=PHANTOM_POSITION phase=NONE qty=4 avgPrice=50.9700
2026-05-06 00:55:50 WARN  SELL_SKIP [US] IREN reason=PHANTOM_POSITION phase=NONE qty=4 avgPrice=50.9700
2026-05-06 00:55:55 WARN  SELL_SKIP [US] IREN reason=PHANTOM_POSITION phase=NONE qty=4 avgPrice=50.9700
2026-05-06 00:56:00 WARN  SELL_SKIP [US] IREN reason=PHANTOM_POSITION phase=NONE qty=4 avgPrice=50.9700
2026-05-06 00:56:05 WARN  SELL_SKIP [US] IREN reason=PHANTOM_POSITION phase=NONE qty=4 avgPrice=50.9700
2026-05-06 00:56:10 WARN  SELL_SKIP [US] IREN reason=PHANTOM_POSITION phase=NONE qty=4 avgPrice=50.9700
2026-05-06 00:56:15 WARN  SELL_SKIP [US] IREN reason=PHANTOM_POSITION phase=NONE qty=4 avgPrice=50.9700
2026-05-06 00:56:20 WARN  SELL_SKIP [US] IREN reason=PHANTOM_POSITION phase=NONE qty=4 avgPrice=50.9700
2026-05-06 00:56:25 WARN  SELL_SKIP [US] IREN reason=PHANTOM_POSITION phase=NONE qty=4 avgPrice=50.9700
2026-05-06 00:56:30 WARN  SELL_SKIP [US] IREN reason=PHANTOM_POSITION phase=NONE qty=4 avgPrice=50.9700
2026-05-06 00:56:35 WARN  SELL_SKIP [US] IREN reason=PHANTOM_POSITION phase=NONE qty=4 avgPrice=50.9700
2026-05-06 00:56:40 WARN  SELL_SKIP [US] IREN reason=PHANTOM_POSITION phase=NONE qty=4 avgPrice=50.9700
2026-05-06 00:56:46 WARN  SELL_SKIP [US] IREN reason=PHANTOM_POSITION phase=NONE qty=4 avgPrice=50.9700
2026-05-06 00:56:51 WARN  SELL_SKIP [US] IREN reason=PHANTOM_POSITION phase=NONE qty=4 avgPrice=50.9700
2026-05-06 00:56:56 WARN  SELL_SKIP [US] IREN reason=PHANTOM_POSITION phase=NONE qty=4 avgPrice=50.9700
2026-05-06 00:57:01 WARN  SELL_SKIP [US] IREN reason=PHANTOM_POSITION phase=NONE qty=4 avgPrice=50.9700
2026-05-06 00:57:06 WARN  SELL_SKIP [US] IREN reason=PHANTOM_POSITION phase=NONE qty=4 avgPrice=50.9700
2026-05-06 00:57:11 WARN  SELL_SKIP [US] IREN reason=PHANTOM_POSITION phase=NONE qty=4 avgPrice=50.9700
2026-05-06 00:57:16 WARN  SELL_SKIP [US] IREN reason=PHANTOM_POSITION phase=NONE qty=4 avgPrice=50.9700
2026-05-06 00:57:21 WARN  SELL_SKIP [US] IREN reason=PHANTOM_POSITION phase=NONE qty=4 avgPrice=50.9700
2026-05-06 00:57:26 WARN  SELL_SKIP [US] IREN reason=PHANTOM_POSITION phase=NONE qty=4 avgPrice=50.9700
2026-05-06 00:57:31 WARN  SELL_SKIP [US] IREN reason=PHANTOM_POSITION phase=NONE qty=4 avgPrice=50.9700
2026-05-06 00:57:36 WARN  SELL_SKIP [US] IREN reason=PHANTOM_POSITION phase=NONE qty=4 avgPrice=50.9700
2026-05-06 00:57:41 WARN  SELL_SKIP [US] IREN reason=PHANTOM_POSITION phase=NONE qty=4 avgPrice=50.9700
2026-05-06 00:57:47 WARN  SELL_SKIP [US] IREN reason=PHANTOM_POSITION phase=NONE qty=4 avgPrice=50.9700
2026-05-06 00:57:52 WARN  SELL_SKIP [US] IREN reason=PHANTOM_POSITION phase=NONE qty=4 avgPrice=50.9700
2026-05-06 00:57:57 WARN  SELL_SKIP [US] IREN reason=PHANTOM_POSITION phase=NONE qty=4 avgPrice=50.9700
2026-05-06 00:58:02 WARN  SELL_SKIP [US] IREN reason=PHANTOM_POSITION phase=NONE qty=4 avgPrice=50.9700
2026-05-06 00:58:12 WARN  SELL_SKIP [US] IREN reason=PHANTOM_POSITION phase=NONE qty=4 avgPrice=50.9700
2026-05-06 00:58:17 WARN  SELL_SKIP [US] IREN reason=PHANTOM_POSITION phase=NONE qty=4 avgPrice=50.9700
2026-05-06 00:58:22 WARN  SELL_SKIP [US] IREN reason=PHANTOM_POSITION phase=NONE qty=4 avgPrice=50.9700
2026-05-06 00:58:27 WARN  SELL_SKIP [US] IREN reason=PHANTOM_POSITION phase=NONE qty=4 avgPrice=50.9700
2026-05-06 00:58:32 WARN  SELL_SKIP [US] IREN reason=PHANTOM_POSITION phase=NONE qty=4 avgPrice=50.9700
2026-05-06 00:58:37 WARN  SELL_SKIP [US] IREN reason=PHANTOM_POSITION phase=NONE qty=4 avgPrice=50.9700
2026-05-06 00:58:43 WARN  SELL_SKIP [US] IREN reason=PHANTOM_POSITION phase=NONE qty=4 avgPrice=50.9700
2026-05-06 00:58:48 WARN  SELL_SKIP [US] IREN reason=PHANTOM_POSITION phase=NONE qty=4 avgPrice=50.9700
2026-05-06 00:58:53 WARN  SELL_SKIP [US] IREN reason=PHANTOM_POSITION phase=NONE qty=4 avgPrice=50.9700
2026-05-06 00:58:58 WARN  SELL_SKIP [US] IREN reason=PHANTOM_POSITION phase=NONE qty=4 avgPrice=50.9700
2026-05-06 00:59:03 WARN  SELL_SKIP [US] IREN reason=PHANTOM_POSITION phase=NONE qty=4 avgPrice=50.9700
2026-05-06 00:59:08 WARN  SELL_SKIP [US] IREN reason=PHANTOM_POSITION phase=NONE qty=4 avgPrice=50.9700
2026-05-06 00:59:13 WARN  SELL_SKIP [US] IREN reason=PHANTOM_POSITION phase=NONE qty=4 avgPrice=50.9700
2026-05-06 00:59:18 WARN  SELL_SKIP [US] IREN reason=PHANTOM_POSITION phase=NONE qty=4 avgPrice=50.9700
2026-05-06 00:59:23 WARN  SELL_SKIP [US] IREN reason=PHANTOM_POSITION phase=NONE qty=4 avgPrice=50.9700
2026-05-06 00:59:28 WARN  SELL_SKIP [US] IREN reason=PHANTOM_POSITION phase=NONE qty=4 avgPrice=50.9700
2026-05-06 00:59:33 WARN  SELL_SKIP [US] IREN reason=PHANTOM_POSITION phase=NONE qty=4 avgPrice=50.9700
2026-05-06 00:59:38 WARN  SELL_SKIP [US] IREN reason=PHANTOM_POSITION phase=NONE qty=4 avgPrice=50.9700
2026-05-06 00:59:44 WARN  SELL_SKIP [US] IREN reason=PHANTOM_POSITION phase=NONE qty=4 avgPrice=50.9700
2026-05-06 00:59:49 WARN  SELL_SKIP [US] IREN reason=PHANTOM_POSITION phase=NONE qty=4 avgPrice=50.9700
2026-05-06 00:59:54 WARN  SELL_SKIP [US] IREN reason=PHANTOM_POSITION phase=NONE qty=4 avgPrice=50.9700
2026-05-06 00:59:59 WARN  SELL_SKIP [US] IREN reason=PHANTOM_POSITION phase=NONE qty=4 avgPrice=50.9700
2026-05-06 01:00:04 WARN  SELL_SKIP [US] IREN reason=PHANTOM_POSITION phase=NONE qty=4 avgPrice=50.9700
2026-05-06 01:00:09 WARN  SELL_SKIP [US] IREN reason=PHANTOM_POSITION phase=NONE qty=4 avgPrice=50.9700
2026-05-06 01:00:14 WARN  SELL_SKIP [US] IREN reason=PHANTOM_POSITION phase=NONE qty=4 avgPrice=50.9700
2026-05-06 01:00:19 WARN  SELL_SKIP [US] IREN reason=PHANTOM_POSITION phase=NONE qty=4 avgPrice=50.9700
2026-05-06 01:00:24 WARN  SELL_SKIP [US] IREN reason=PHANTOM_POSITION phase=NONE qty=4 avgPrice=50.9700
2026-05-06 01:00:29 WARN  SELL_SKIP [US] IREN reason=PHANTOM_POSITION phase=NONE qty=4 avgPrice=50.9700
2026-05-06 01:00:34 WARN  SELL_SKIP [US] IREN reason=PHANTOM_POSITION phase=NONE qty=4 avgPrice=50.9700
2026-05-06 01:00:39 WARN  SELL_SKIP [US] IREN reason=PHANTOM_POSITION phase=NONE qty=4 avgPrice=50.9700
2026-05-06 01:00:45 WARN  SELL_SKIP [US] IREN reason=PHANTOM_POSITION phase=NONE qty=4 avgPrice=50.9700
2026-05-06 01:00:50 WARN  SELL_SKIP [US] IREN reason=PHANTOM_POSITION phase=NONE qty=4 avgPrice=50.9700
2026-05-06 01:00:55 WARN  SELL_SKIP [US] IREN reason=PHANTOM_POSITION phase=NONE qty=4 avgPrice=50.9700
2026-05-06 01:01:00 WARN  SELL_SKIP [US] IREN reason=PHANTOM_POSITION phase=NONE qty=4 avgPrice=50.9700
2026-05-06 01:01:10 WARN  SELL_SKIP [US] IREN reason=PHANTOM_POSITION phase=NONE qty=4 avgPrice=50.9700
2026-05-06 01:01:15 WARN  SELL_SKIP [US] IREN reason=PHANTOM_POSITION phase=NONE qty=4 avgPrice=50.9700
2026-05-06 01:01:20 WARN  SELL_SKIP [US] IREN reason=PHANTOM_POSITION phase=NONE qty=4 avgPrice=50.9700
2026-05-06 01:01:25 WARN  SELL_SKIP [US] IREN reason=PHANTOM_POSITION phase=NONE qty=4 avgPrice=50.9700
2026-05-06 01:01:30 WARN  SELL_SKIP [US] IREN reason=PHANTOM_POSITION phase=NONE qty=4 avgPrice=50.9700
2026-05-06 01:01:35 WARN  SELL_SKIP [US] IREN reason=PHANTOM_POSITION phase=NONE qty=4 avgPrice=50.9700
2026-05-06 01:01:40 WARN  SELL_SKIP [US] IREN reason=PHANTOM_POSITION phase=NONE qty=4 avgPrice=50.9700
2026-05-06 01:01:46 WARN  SELL_SKIP [US] IREN reason=PHANTOM_POSITION phase=NONE qty=4 avgPrice=50.9700
2026-05-06 01:01:51 WARN  SELL_SKIP [US] IREN reason=PHANTOM_POSITION phase=NONE qty=4 avgPrice=50.9700
2026-05-06 01:01:56 WARN  SELL_SKIP [US] IREN reason=PHANTOM_POSITION phase=NONE qty=4 avgPrice=50.9700
2026-05-06 01:02:01 WARN  SELL_SKIP [US] IREN reason=PHANTOM_POSITION phase=NONE qty=4 avgPrice=50.9700
2026-05-06 01:02:06 WARN  SELL_SKIP [US] IREN reason=PHANTOM_POSITION phase=NONE qty=4 avgPrice=50.9700
2026-05-06 01:02:11 WARN  SELL_SKIP [US] IREN reason=PHANTOM_POSITION phase=NONE qty=4 avgPrice=50.9700
2026-05-06 01:02:16 WARN  SELL_SKIP [US] IREN reason=PHANTOM_POSITION phase=NONE qty=4 avgPrice=50.9700
2026-05-06 01:02:21 WARN  SELL_SKIP [US] IREN reason=PHANTOM_POSITION phase=NONE qty=4 avgPrice=50.9700
2026-05-06 01:02:26 WARN  SELL_SKIP [US] IREN reason=PHANTOM_POSITION phase=NONE qty=4 avgPrice=50.9700
2026-05-06 01:02:31 WARN  SELL_SKIP [US] IREN reason=PHANTOM_POSITION phase=NONE qty=4 avgPrice=50.9700
2026-05-06 01:02:36 WARN  SELL_SKIP [US] IREN reason=PHANTOM_POSITION phase=NONE qty=4 avgPrice=50.9700
2026-05-06 01:02:42 WARN  SELL_SKIP [US] IREN reason=PHANTOM_POSITION phase=NONE qty=4 avgPrice=50.9700
2026-05-06 01:02:47 WARN  SELL_SKIP [US] IREN reason=PHANTOM_POSITION phase=NONE qty=4 avgPrice=50.9700
2026-05-06 01:02:52 WARN  SELL_SKIP [US] IREN reason=PHANTOM_POSITION phase=NONE qty=4 avgPrice=50.9700
2026-05-06 01:02:57 WARN  SELL_SKIP [US] IREN reason=PHANTOM_POSITION phase=NONE qty=4 avgPrice=50.9700
2026-05-06 01:03:02 WARN  SELL_SKIP [US] IREN reason=PHANTOM_POSITION phase=NONE qty=4 avgPrice=50.9700
2026-05-06 01:03:07 WARN  SELL_SKIP [US] IREN reason=PHANTOM_POSITION phase=NONE qty=4 avgPrice=50.9700
2026-05-06 01:03:12 WARN  SELL_SKIP [US] IREN reason=PHANTOM_POSITION phase=NONE qty=4 avgPrice=50.9700
2026-05-06 01:03:17 WARN  SELL_SKIP [US] IREN reason=PHANTOM_POSITION phase=NONE qty=4 avgPrice=50.9700
2026-05-06 01:03:22 WARN  SELL_SKIP [US] IREN reason=PHANTOM_POSITION phase=NONE qty=4 avgPrice=50.9700
2026-05-06 01:03:27 WARN  SELL_SKIP [US] IREN reason=PHANTOM_POSITION phase=NONE qty=4 avgPrice=50.9700
2026-05-06 01:03:32 WARN  SELL_SKIP [US] IREN reason=PHANTOM_POSITION phase=NONE qty=4 avgPrice=50.9700
2026-05-06 01:03:37 WARN  SELL_SKIP [US] IREN reason=PHANTOM_POSITION phase=NONE qty=4 avgPrice=50.9700
2026-05-06 01:03:43 WARN  SELL_SKIP [US] IREN reason=PHANTOM_POSITION phase=NONE qty=4 avgPrice=50.9700
2026-05-06 01:03:48 WARN  SELL_SKIP [US] IREN reason=PHANTOM_POSITION phase=NONE qty=4 avgPrice=50.9700
2026-05-06 01:03:53 WARN  SELL_SKIP [US] IREN reason=PHANTOM_POSITION phase=NONE qty=4 avgPrice=50.9700
2026-05-06 01:03:58 WARN  SELL_SKIP [US] IREN reason=PHANTOM_POSITION phase=NONE qty=4 avgPrice=50.9700
2026-05-06 01:04:03 WARN  SELL_SKIP [US] IREN reason=PHANTOM_POSITION phase=NONE qty=4 avgPrice=50.9700
2026-05-06 01:04:08 WARN  SELL_SKIP [US] IREN reason=PHANTOM_POSITION phase=NONE qty=4 avgPrice=50.9700
2026-05-06 01:04:13 WARN  SELL_SKIP [US] IREN reason=PHANTOM_POSITION phase=NONE qty=4 avgPrice=50.9700
2026-05-06 01:04:18 WARN  SELL_SKIP [US] IREN reason=PHANTOM_POSITION phase=NONE qty=4 avgPrice=50.9700
2026-05-06 01:04:23 WARN  SELL_SKIP [US] IREN reason=PHANTOM_POSITION phase=NONE qty=4 avgPrice=50.9700
2026-05-06 01:04:28 WARN  SELL_SKIP [US] IREN reason=PHANTOM_POSITION phase=NONE qty=4 avgPrice=50.9700
2026-05-06 01:04:33 WARN  SELL_SKIP [US] IREN reason=PHANTOM_POSITION phase=NONE qty=4 avgPrice=50.9700
2026-05-06 01:04:38 WARN  SELL_SKIP [US] IREN reason=PHANTOM_POSITION phase=NONE qty=4 avgPrice=50.9700
2026-05-06 01:04:44 WARN  SELL_SKIP [US] IREN reason=PHANTOM_POSITION phase=NONE qty=4 avgPrice=50.9700
2026-05-06 01:04:49 WARN  SELL_SKIP [US] IREN reason=PHANTOM_POSITION phase=NONE qty=4 avgPrice=50.9700
2026-05-06 01:04:54 WARN  SELL_SKIP [US] IREN reason=PHANTOM_POSITION phase=NONE qty=4 avgPrice=50.9700
2026-05-06 01:04:59 WARN  SELL_SKIP [US] IREN reason=PHANTOM_POSITION phase=NONE qty=4 avgPrice=50.9700
2026-05-06 01:05:04 WARN  SELL_SKIP [US] IREN reason=PHANTOM_POSITION phase=NONE qty=4 avgPrice=50.9700
2026-05-06 01:05:09 WARN  SELL_SKIP [US] IREN reason=PHANTOM_POSITION phase=NONE qty=4 avgPrice=50.9700
2026-05-06 01:05:14 WARN  SELL_SKIP [US] IREN reason=PHANTOM_POSITION phase=NONE qty=4 avgPrice=50.9700
2026-05-06 01:05:19 WARN  SELL_SKIP [US] IREN reason=PHANTOM_POSITION phase=NONE qty=4 avgPrice=50.9700
2026-05-06 01:05:24 WARN  SELL_SKIP [US] IREN reason=PHANTOM_POSITION phase=NONE qty=4 avgPrice=50.9700
2026-05-06 01:05:29 WARN  SELL_SKIP [US] IREN reason=PHANTOM_POSITION phase=NONE qty=4 avgPrice=50.9700
2026-05-06 01:05:34 WARN  SELL_SKIP [US] IREN reason=PHANTOM_POSITION phase=NONE qty=4 avgPrice=50.9700
2026-05-06 01:05:40 WARN  SELL_SKIP [US] IREN reason=PHANTOM_POSITION phase=NONE qty=4 avgPrice=50.9700
2026-05-06 01:05:45 WARN  SELL_SKIP [US] IREN reason=PHANTOM_POSITION phase=NONE qty=4 avgPrice=50.9700
2026-05-06 01:05:50 WARN  SELL_SKIP [US] IREN reason=PHANTOM_POSITION phase=NONE qty=4 avgPrice=50.9700
2026-05-06 01:05:55 WARN  SELL_SKIP [US] IREN reason=PHANTOM_POSITION phase=NONE qty=4 avgPrice=50.9700
2026-05-06 01:06:00 WARN  SELL_SKIP [US] IREN reason=PHANTOM_POSITION phase=NONE qty=4 avgPrice=50.9700
2026-05-06 01:06:05 WARN  SELL_SKIP [US] IREN reason=PHANTOM_POSITION phase=NONE qty=4 avgPrice=50.9700
2026-05-06 01:06:10 WARN  SELL_SKIP [US] IREN reason=PHANTOM_POSITION phase=NONE qty=4 avgPrice=50.9700
2026-05-06 01:06:15 WARN  SELL_SKIP [US] IREN reason=PHANTOM_POSITION phase=NONE qty=4 avgPrice=50.9700
2026-05-06 01:06:20 WARN  SELL_SKIP [US] IREN reason=PHANTOM_POSITION phase=NONE qty=4 avgPrice=50.9700
2026-05-06 01:06:25 WARN  SELL_SKIP [US] IREN reason=PHANTOM_POSITION phase=NONE qty=4 avgPrice=50.9700
2026-05-06 01:06:30 WARN  SELL_SKIP [US] IREN reason=PHANTOM_POSITION phase=NONE qty=4 avgPrice=50.9700
2026-05-06 01:06:35 WARN  SELL_SKIP [US] IREN reason=PHANTOM_POSITION phase=NONE qty=4 avgPrice=50.9700
2026-05-06 01:06:41 WARN  SELL_SKIP [US] IREN reason=PHANTOM_POSITION phase=NONE qty=4 avgPrice=50.9700
2026-05-06 01:06:46 WARN  SELL_SKIP [US] IREN reason=PHANTOM_POSITION phase=NONE qty=4 avgPrice=50.9700
2026-05-06 01:06:51 WARN  SELL_SKIP [US] IREN reason=PHANTOM_POSITION phase=NONE qty=4 avgPrice=50.9700
2026-05-06 01:06:56 WARN  SELL_SKIP [US] IREN reason=PHANTOM_POSITION phase=NONE qty=4 avgPrice=50.9700
2026-05-06 01:07:01 WARN  SELL_SKIP [US] IREN reason=PHANTOM_POSITION phase=NONE qty=4 avgPrice=50.9700
2026-05-06 01:07:06 WARN  SELL_SKIP [US] IREN reason=PHANTOM_POSITION phase=NONE qty=4 avgPrice=50.9700
2026-05-06 01:07:11 WARN  SELL_SKIP [US] IREN reason=PHANTOM_POSITION phase=NONE qty=4 avgPrice=50.9700
2026-05-06 01:07:16 WARN  SELL_SKIP [US] IREN reason=PHANTOM_POSITION phase=NONE qty=4 avgPrice=50.9700
2026-05-06 01:07:21 WARN  SELL_SKIP [US] IREN reason=PHANTOM_POSITION phase=NONE qty=4 avgPrice=50.9700
2026-05-06 01:07:26 WARN  SELL_SKIP [US] IREN reason=PHANTOM_POSITION phase=NONE qty=4 avgPrice=50.9700
2026-05-06 01:07:31 WARN  SELL_SKIP [US] IREN reason=PHANTOM_POSITION phase=NONE qty=4 avgPrice=50.9700
2026-05-06 01:07:37 WARN  SELL_SKIP [US] IREN reason=PHANTOM_POSITION phase=NONE qty=4 avgPrice=50.9700
2026-05-06 01:07:42 WARN  SELL_SKIP [US] IREN reason=PHANTOM_POSITION phase=NONE qty=4 avgPrice=50.9700
2026-05-06 01:07:47 WARN  SELL_SKIP [US] IREN reason=PHANTOM_POSITION phase=NONE qty=4 avgPrice=50.9700
2026-05-06 01:07:52 WARN  SELL_SKIP [US] IREN reason=PHANTOM_POSITION phase=NONE qty=4 avgPrice=50.9700
2026-05-06 01:07:57 WARN  SELL_SKIP [US] IREN reason=PHANTOM_POSITION phase=NONE qty=4 avgPrice=50.9700
2026-05-06 01:08:02 WARN  SELL_SKIP [US] IREN reason=PHANTOM_POSITION phase=NONE qty=4 avgPrice=50.9700
2026-05-06 01:08:07 WARN  SELL_SKIP [US] IREN reason=PHANTOM_POSITION phase=NONE qty=4 avgPrice=50.9700
2026-05-06 01:08:12 WARN  SELL_SKIP [US] IREN reason=PHANTOM_POSITION phase=NONE qty=4 avgPrice=50.9700
2026-05-06 01:08:17 WARN  SELL_SKIP [US] IREN reason=PHANTOM_POSITION phase=NONE qty=4 avgPrice=50.9700
2026-05-06 01:08:22 WARN  SELL_SKIP [US] IREN reason=PHANTOM_POSITION phase=NONE qty=4 avgPrice=50.9700
2026-05-06 01:08:28 WARN  SELL_SKIP [US] IREN reason=PHANTOM_POSITION phase=NONE qty=4 avgPrice=50.9700
2026-05-06 01:08:33 WARN  SELL_SKIP [US] IREN reason=PHANTOM_POSITION phase=NONE qty=4 avgPrice=50.9700
2026-05-06 01:08:38 WARN  SELL_SKIP [US] IREN reason=PHANTOM_POSITION phase=NONE qty=4 avgPrice=50.9700
2026-05-06 01:08:43 WARN  SELL_SKIP [US] IREN reason=PHANTOM_POSITION phase=NONE qty=4 avgPrice=50.9700
2026-05-06 01:08:48 WARN  SELL_SKIP [US] IREN reason=PHANTOM_POSITION phase=NONE qty=4 avgPrice=50.9700
2026-05-06 01:08:53 WARN  SELL_SKIP [US] IREN reason=PHANTOM_POSITION phase=NONE qty=4 avgPrice=50.9700
2026-05-06 01:08:58 WARN  SELL_SKIP [US] IREN reason=PHANTOM_POSITION phase=NONE qty=4 avgPrice=50.9700
2026-05-06 01:09:03 WARN  SELL_SKIP [US] IREN reason=PHANTOM_POSITION phase=NONE qty=4 avgPrice=50.9700
2026-05-06 01:09:08 WARN  SELL_SKIP [US] IREN reason=PHANTOM_POSITION phase=NONE qty=4 avgPrice=50.9700
2026-05-06 01:09:13 WARN  SELL_SKIP [US] IREN reason=PHANTOM_POSITION phase=NONE qty=4 avgPrice=50.9700
2026-05-06 01:09:19 WARN  SELL_SKIP [US] IREN reason=PHANTOM_POSITION phase=NONE qty=4 avgPrice=50.9700
2026-05-06 01:09:24 WARN  SELL_SKIP [US] IREN reason=PHANTOM_POSITION phase=NONE qty=4 avgPrice=50.9700
2026-05-06 01:09:29 WARN  SELL_SKIP [US] IREN reason=PHANTOM_POSITION phase=NONE qty=4 avgPrice=50.9700
2026-05-06 01:09:34 WARN  SELL_SKIP [US] IREN reason=PHANTOM_POSITION phase=NONE qty=4 avgPrice=50.9700
2026-05-06 01:09:39 WARN  SELL_SKIP [US] IREN reason=PHANTOM_POSITION phase=NONE qty=4 avgPrice=50.9700
2026-05-06 01:09:44 WARN  SELL_SKIP [US] IREN reason=PHANTOM_POSITION phase=NONE qty=4 avgPrice=50.9700
2026-05-06 01:09:49 WARN  SELL_SKIP [US] IREN reason=PHANTOM_POSITION phase=NONE qty=4 avgPrice=50.9700
2026-05-06 01:09:54 WARN  SELL_SKIP [US] IREN reason=PHANTOM_POSITION phase=NONE qty=4 avgPrice=50.9700
2026-05-06 01:09:59 WARN  SELL_SKIP [US] IREN reason=PHANTOM_POSITION phase=NONE qty=4 avgPrice=50.9700
2026-05-06 01:10:05 WARN  SELL_SKIP [US] IREN reason=PHANTOM_POSITION phase=NONE qty=4 avgPrice=50.9700
2026-05-06 01:10:10 WARN  SELL_SKIP [US] IREN reason=PHANTOM_POSITION phase=NONE qty=4 avgPrice=50.9700
2026-05-06 01:10:15 WARN  SELL_SKIP [US] IREN reason=PHANTOM_POSITION phase=NONE qty=4 avgPrice=50.9700
2026-05-06 01:10:20 WARN  SELL_SKIP [US] IREN reason=PHANTOM_POSITION phase=NONE qty=4 avgPrice=50.9700
2026-05-06 01:10:25 WARN  SELL_SKIP [US] IREN reason=PHANTOM_POSITION phase=NONE qty=4 avgPrice=50.9700
2026-05-06 01:10:30 WARN  SELL_SKIP [US] IREN reason=PHANTOM_POSITION phase=NONE qty=4 avgPrice=50.9700
2026-05-06 01:10:35 WARN  SELL_SKIP [US] IREN reason=PHANTOM_POSITION phase=NONE qty=4 avgPrice=50.9700
2026-05-06 01:10:40 WARN  SELL_SKIP [US] IREN reason=PHANTOM_POSITION phase=NONE qty=4 avgPrice=50.9700
2026-05-06 01:10:45 WARN  SELL_SKIP [US] IREN reason=PHANTOM_POSITION phase=NONE qty=4 avgPrice=50.9700
2026-05-06 01:10:50 WARN  SELL_SKIP [US] IREN reason=PHANTOM_POSITION phase=NONE qty=4 avgPrice=50.9700
2026-05-06 01:10:55 WARN  SELL_SKIP [US] IREN reason=PHANTOM_POSITION phase=NONE qty=4 avgPrice=50.9700
2026-05-06 01:11:01 WARN  SELL_SKIP [US] IREN reason=PHANTOM_POSITION phase=NONE qty=4 avgPrice=50.9700
2026-05-06 01:11:06 WARN  SELL_SKIP [US] IREN reason=PHANTOM_POSITION phase=NONE qty=4 avgPrice=50.9700
2026-05-06 01:11:11 WARN  SELL_SKIP [US] IREN reason=PHANTOM_POSITION phase=NONE qty=4 avgPrice=50.9700
2026-05-06 01:11:16 WARN  SELL_SKIP [US] IREN reason=PHANTOM_POSITION phase=NONE qty=4 avgPrice=50.9700
2026-05-06 01:11:21 WARN  SELL_SKIP [US] IREN reason=PHANTOM_POSITION phase=NONE qty=4 avgPrice=50.9700
2026-05-06 01:11:26 WARN  SELL_SKIP [US] IREN reason=PHANTOM_POSITION phase=NONE qty=4 avgPrice=50.9700
2026-05-06 01:11:31 WARN  SELL_SKIP [US] IREN reason=PHANTOM_POSITION phase=NONE qty=4 avgPrice=50.9700
2026-05-06 01:11:36 WARN  SELL_SKIP [US] IREN reason=PHANTOM_POSITION phase=NONE qty=4 avgPrice=50.9700
2026-05-06 01:11:41 WARN  SELL_SKIP [US] IREN reason=PHANTOM_POSITION phase=NONE qty=4 avgPrice=50.9700
2026-05-06 01:11:46 WARN  SELL_SKIP [US] IREN reason=PHANTOM_POSITION phase=NONE qty=4 avgPrice=50.9700
2026-05-06 01:11:51 WARN  SELL_SKIP [US] IREN reason=PHANTOM_POSITION phase=NONE qty=4 avgPrice=50.9700
2026-05-06 01:11:57 WARN  SELL_SKIP [US] IREN reason=PHANTOM_POSITION phase=NONE qty=4 avgPrice=50.9700
2026-05-06 01:12:02 WARN  SELL_SKIP [US] IREN reason=PHANTOM_POSITION phase=NONE qty=4 avgPrice=50.9700
2026-05-06 01:12:07 WARN  SELL_SKIP [US] IREN reason=PHANTOM_POSITION phase=NONE qty=4 avgPrice=50.9700
2026-05-06 01:12:12 WARN  SELL_SKIP [US] IREN reason=PHANTOM_POSITION phase=NONE qty=4 avgPrice=50.9700
2026-05-06 01:12:17 WARN  SELL_SKIP [US] IREN reason=PHANTOM_POSITION phase=NONE qty=4 avgPrice=50.9700
2026-05-06 01:12:22 WARN  SELL_SKIP [US] IREN reason=PHANTOM_POSITION phase=NONE qty=4 avgPrice=50.9700
2026-05-06 01:12:27 WARN  SELL_SKIP [US] IREN reason=PHANTOM_POSITION phase=NONE qty=4 avgPrice=50.9700
2026-05-06 01:12:32 WARN  SELL_SKIP [US] IREN reason=PHANTOM_POSITION phase=NONE qty=4 avgPrice=50.9700
2026-05-06 01:12:37 WARN  SELL_SKIP [US] IREN reason=PHANTOM_POSITION phase=NONE qty=4 avgPrice=50.9700
2026-05-06 01:12:42 WARN  SELL_SKIP [US] IREN reason=PHANTOM_POSITION phase=NONE qty=4 avgPrice=50.9700
2026-05-06 01:12:47 WARN  SELL_SKIP [US] IREN reason=PHANTOM_POSITION phase=NONE qty=4 avgPrice=50.9700
2026-05-06 01:12:53 WARN  SELL_SKIP [US] IREN reason=PHANTOM_POSITION phase=NONE qty=4 avgPrice=50.9700
2026-05-06 01:12:58 WARN  SELL_SKIP [US] IREN reason=PHANTOM_POSITION phase=NONE qty=4 avgPrice=50.9700
2026-05-06 01:13:03 WARN  SELL_SKIP [US] IREN reason=PHANTOM_POSITION phase=NONE qty=4 avgPrice=50.9700
2026-05-06 01:13:08 WARN  SELL_SKIP [US] IREN reason=PHANTOM_POSITION phase=NONE qty=4 avgPrice=50.9700
2026-05-06 01:13:13 WARN  SELL_SKIP [US] IREN reason=PHANTOM_POSITION phase=NONE qty=4 avgPrice=50.9700
2026-05-06 01:13:18 WARN  SELL_SKIP [US] IREN reason=PHANTOM_POSITION phase=NONE qty=4 avgPrice=50.9700
2026-05-06 01:13:23 WARN  SELL_SKIP [US] IREN reason=PHANTOM_POSITION phase=NONE qty=4 avgPrice=50.9700
2026-05-06 01:13:28 WARN  SELL_SKIP [US] IREN reason=PHANTOM_POSITION phase=NONE qty=4 avgPrice=50.9700
2026-05-06 01:13:33 WARN  SELL_SKIP [US] IREN reason=PHANTOM_POSITION phase=NONE qty=4 avgPrice=50.9700
2026-05-06 01:13:38 WARN  SELL_SKIP [US] IREN reason=PHANTOM_POSITION phase=NONE qty=4 avgPrice=50.9700
2026-05-06 01:13:43 WARN  SELL_SKIP [US] IREN reason=PHANTOM_POSITION phase=NONE qty=4 avgPrice=50.9700
2026-05-06 01:13:49 WARN  SELL_SKIP [US] IREN reason=PHANTOM_POSITION phase=NONE qty=4 avgPrice=50.9700
2026-05-06 01:13:54 WARN  SELL_SKIP [US] IREN reason=PHANTOM_POSITION phase=NONE qty=4 avgPrice=50.9700
2026-05-06 01:13:59 WARN  SELL_SKIP [US] IREN reason=PHANTOM_POSITION phase=NONE qty=4 avgPrice=50.9700
2026-05-06 01:14:04 WARN  SELL_SKIP [US] IREN reason=PHANTOM_POSITION phase=NONE qty=4 avgPrice=50.9700
2026-05-06 01:14:09 WARN  SELL_SKIP [US] IREN reason=PHANTOM_POSITION phase=NONE qty=4 avgPrice=50.9700
2026-05-06 01:14:14 WARN  SELL_SKIP [US] IREN reason=PHANTOM_POSITION phase=NONE qty=4 avgPrice=50.9700
2026-05-06 01:14:19 WARN  SELL_SKIP [US] IREN reason=PHANTOM_POSITION phase=NONE qty=4 avgPrice=50.9700
2026-05-06 01:14:24 WARN  SELL_SKIP [US] IREN reason=PHANTOM_POSITION phase=NONE qty=4 avgPrice=50.9700
2026-05-06 01:14:29 WARN  SELL_SKIP [US] IREN reason=PHANTOM_POSITION phase=NONE qty=4 avgPrice=50.9700
2026-05-06 01:14:34 WARN  SELL_SKIP [US] IREN reason=PHANTOM_POSITION phase=NONE qty=4 avgPrice=50.9700
2026-05-06 01:14:39 WARN  SELL_SKIP [US] IREN reason=PHANTOM_POSITION phase=NONE qty=4 avgPrice=50.9700
2026-05-06 01:14:44 WARN  SELL_SKIP [US] IREN reason=PHANTOM_POSITION phase=NONE qty=4 avgPrice=50.9700
2026-05-06 01:14:50 WARN  SELL_SKIP [US] IREN reason=PHANTOM_POSITION phase=NONE qty=4 avgPrice=50.9700
2026-05-06 01:14:55 WARN  SELL_SKIP [US] IREN reason=PHANTOM_POSITION phase=NONE qty=4 avgPrice=50.9700
2026-05-06 01:15:00 WARN  SELL_SKIP [US] IREN reason=PHANTOM_POSITION phase=NONE qty=4 avgPrice=50.9700
2026-05-06 01:15:05 WARN  SELL_SKIP [US] IREN reason=PHANTOM_POSITION phase=NONE qty=4 avgPrice=50.9700
2026-05-06 01:15:10 WARN  SELL_SKIP [US] IREN reason=PHANTOM_POSITION phase=NONE qty=4 avgPrice=50.9700
2026-05-06 01:15:15 WARN  SELL_SKIP [US] IREN reason=PHANTOM_POSITION phase=NONE qty=4 avgPrice=50.9700
2026-05-06 01:15:20 WARN  SELL_SKIP [US] IREN reason=PHANTOM_POSITION phase=NONE qty=4 avgPrice=50.9700
2026-05-06 01:15:25 WARN  SELL_SKIP [US] IREN reason=PHANTOM_POSITION phase=NONE qty=4 avgPrice=50.9700
2026-05-06 01:15:30 WARN  SELL_SKIP [US] IREN reason=PHANTOM_POSITION phase=NONE qty=4 avgPrice=50.9700
2026-05-06 01:15:35 WARN  SELL_SKIP [US] IREN reason=PHANTOM_POSITION phase=NONE qty=4 avgPrice=50.9700
2026-05-06 01:15:40 WARN  SELL_SKIP [US] IREN reason=PHANTOM_POSITION phase=NONE qty=4 avgPrice=50.9700
2026-05-06 01:15:45 WARN  SELL_SKIP [US] IREN reason=PHANTOM_POSITION phase=NONE qty=4 avgPrice=50.9700
2026-05-06 01:15:51 WARN  SELL_SKIP [US] IREN reason=PHANTOM_POSITION phase=NONE qty=4 avgPrice=50.9700
2026-05-06 01:15:56 WARN  SELL_SKIP [US] IREN reason=PHANTOM_POSITION phase=NONE qty=4 avgPrice=50.9700
2026-05-06 01:16:01 WARN  SELL_SKIP [US] IREN reason=PHANTOM_POSITION phase=NONE qty=4 avgPrice=50.9700
2026-05-06 01:16:06 WARN  SELL_SKIP [US] IREN reason=PHANTOM_POSITION phase=NONE qty=4 avgPrice=50.9700
2026-05-06 01:16:11 WARN  SELL_SKIP [US] IREN reason=PHANTOM_POSITION phase=NONE qty=4 avgPrice=50.9700
2026-05-06 01:16:16 WARN  SELL_SKIP [US] IREN reason=PHANTOM_POSITION phase=NONE qty=4 avgPrice=50.9700
2026-05-06 01:16:21 WARN  SELL_SKIP [US] IREN reason=PHANTOM_POSITION phase=NONE qty=4 avgPrice=50.9700
2026-05-06 01:16:26 WARN  SELL_SKIP [US] IREN reason=PHANTOM_POSITION phase=NONE qty=4 avgPrice=50.9700
2026-05-06 01:16:31 WARN  SELL_SKIP [US] IREN reason=PHANTOM_POSITION phase=NONE qty=4 avgPrice=50.9700
2026-05-06 01:16:36 WARN  SELL_SKIP [US] IREN reason=PHANTOM_POSITION phase=NONE qty=4 avgPrice=50.9700
2026-05-06 01:16:41 WARN  SELL_SKIP [US] IREN reason=PHANTOM_POSITION phase=NONE qty=4 avgPrice=50.9700
2026-05-06 01:16:46 WARN  SELL_SKIP [US] IREN reason=PHANTOM_POSITION phase=NONE qty=4 avgPrice=50.9700
2026-05-06 01:16:52 WARN  SELL_SKIP [US] IREN reason=PHANTOM_POSITION phase=NONE qty=4 avgPrice=50.9700
2026-05-06 01:16:57 WARN  SELL_SKIP [US] IREN reason=PHANTOM_POSITION phase=NONE qty=4 avgPrice=50.9700
2026-05-06 01:17:02 WARN  SELL_SKIP [US] IREN reason=PHANTOM_POSITION phase=NONE qty=4 avgPrice=50.9700
2026-05-06 01:17:07 WARN  SELL_SKIP [US] IREN reason=PHANTOM_POSITION phase=NONE qty=4 avgPrice=50.9700
2026-05-06 01:17:12 WARN  SELL_SKIP [US] IREN reason=PHANTOM_POSITION phase=NONE qty=4 avgPrice=50.9700
2026-05-06 01:17:17 WARN  SELL_SKIP [US] IREN reason=PHANTOM_POSITION phase=NONE qty=4 avgPrice=50.9700
2026-05-06 01:17:22 WARN  SELL_SKIP [US] IREN reason=PHANTOM_POSITION phase=NONE qty=4 avgPrice=50.9700
2026-05-06 01:17:27 WARN  SELL_SKIP [US] IREN reason=PHANTOM_POSITION phase=NONE qty=4 avgPrice=50.9700
2026-05-06 01:17:32 WARN  SELL_SKIP [US] IREN reason=PHANTOM_POSITION phase=NONE qty=4 avgPrice=50.9700
2026-05-06 01:17:37 WARN  SELL_SKIP [US] IREN reason=PHANTOM_POSITION phase=NONE qty=4 avgPrice=50.9700
2026-05-06 01:17:43 WARN  SELL_SKIP [US] IREN reason=PHANTOM_POSITION phase=NONE qty=4 avgPrice=50.9700
2026-05-06 01:17:48 WARN  SELL_SKIP [US] IREN reason=PHANTOM_POSITION phase=NONE qty=4 avgPrice=50.9700
2026-05-06 01:17:53 WARN  SELL_SKIP [US] IREN reason=PHANTOM_POSITION phase=NONE qty=4 avgPrice=50.9700
2026-05-06 01:17:58 WARN  SELL_SKIP [US] IREN reason=PHANTOM_POSITION phase=NONE qty=4 avgPrice=50.9700
2026-05-06 01:18:03 WARN  SELL_SKIP [US] IREN reason=PHANTOM_POSITION phase=NONE qty=4 avgPrice=50.9700
2026-05-06 01:18:08 WARN  SELL_SKIP [US] IREN reason=PHANTOM_POSITION phase=NONE qty=4 avgPrice=50.9700
2026-05-06 01:18:13 WARN  SELL_SKIP [US] IREN reason=PHANTOM_POSITION phase=NONE qty=4 avgPrice=50.9700
2026-05-06 01:18:18 WARN  SELL_SKIP [US] IREN reason=PHANTOM_POSITION phase=NONE qty=4 avgPrice=50.9700
2026-05-06 01:18:23 WARN  SELL_SKIP [US] IREN reason=PHANTOM_POSITION phase=NONE qty=4 avgPrice=50.9700
2026-05-06 01:18:28 WARN  SELL_SKIP [US] IREN reason=PHANTOM_POSITION phase=NONE qty=4 avgPrice=50.9700
2026-05-06 01:18:33 WARN  SELL_SKIP [US] IREN reason=PHANTOM_POSITION phase=NONE qty=4 avgPrice=50.9700
2026-05-06 01:18:38 WARN  SELL_SKIP [US] IREN reason=PHANTOM_POSITION phase=NONE qty=4 avgPrice=50.9700
2026-05-06 01:18:44 WARN  SELL_SKIP [US] IREN reason=PHANTOM_POSITION phase=NONE qty=4 avgPrice=50.9700
2026-05-06 01:18:49 WARN  SELL_SKIP [US] IREN reason=PHANTOM_POSITION phase=NONE qty=4 avgPrice=50.9700
2026-05-06 01:18:54 WARN  SELL_SKIP [US] IREN reason=PHANTOM_POSITION phase=NONE qty=4 avgPrice=50.9700
2026-05-06 01:18:59 WARN  SELL_SKIP [US] IREN reason=PHANTOM_POSITION phase=NONE qty=4 avgPrice=50.9700
2026-05-06 01:19:04 WARN  SELL_SKIP [US] IREN reason=PHANTOM_POSITION phase=NONE qty=4 avgPrice=50.9700
2026-05-06 01:19:09 WARN  SELL_SKIP [US] IREN reason=PHANTOM_POSITION phase=NONE qty=4 avgPrice=50.9700
2026-05-06 01:19:14 WARN  SELL_SKIP [US] IREN reason=PHANTOM_POSITION phase=NONE qty=4 avgPrice=50.9700
2026-05-06 01:19:19 WARN  SELL_SKIP [US] IREN reason=PHANTOM_POSITION phase=NONE qty=4 avgPrice=50.9700
2026-05-06 01:19:24 WARN  SELL_SKIP [US] IREN reason=PHANTOM_POSITION phase=NONE qty=4 avgPrice=50.9700
2026-05-06 01:19:29 WARN  SELL_SKIP [US] IREN reason=PHANTOM_POSITION phase=NONE qty=4 avgPrice=50.9700
2026-05-06 01:19:35 WARN  SELL_SKIP [US] IREN reason=PHANTOM_POSITION phase=NONE qty=4 avgPrice=50.9700
2026-05-06 01:19:40 WARN  SELL_SKIP [US] IREN reason=PHANTOM_POSITION phase=NONE qty=4 avgPrice=50.9700
2026-05-06 01:19:45 WARN  SELL_SKIP [US] IREN reason=PHANTOM_POSITION phase=NONE qty=4 avgPrice=50.9700
2026-05-06 01:19:50 WARN  SELL_SKIP [US] IREN reason=PHANTOM_POSITION phase=NONE qty=4 avgPrice=50.9700
2026-05-06 01:19:55 WARN  SELL_SKIP [US] IREN reason=PHANTOM_POSITION phase=NONE qty=4 avgPrice=50.9700
2026-05-06 01:20:00 WARN  SELL_SKIP [US] IREN reason=PHANTOM_POSITION phase=NONE qty=4 avgPrice=50.9700
2026-05-06 01:20:05 WARN  SELL_SKIP [US] IREN reason=PHANTOM_POSITION phase=NONE qty=4 avgPrice=50.9700
2026-05-06 01:20:10 WARN  SELL_SKIP [US] IREN reason=PHANTOM_POSITION phase=NONE qty=4 avgPrice=50.9700
2026-05-06 01:20:15 WARN  SELL_SKIP [US] IREN reason=PHANTOM_POSITION phase=NONE qty=4 avgPrice=50.9700
2026-05-06 01:20:20 WARN  SELL_SKIP [US] IREN reason=PHANTOM_POSITION phase=NONE qty=4 avgPrice=50.9700
2026-05-06 01:20:25 WARN  SELL_SKIP [US] IREN reason=PHANTOM_POSITION phase=NONE qty=4 avgPrice=50.9700
2026-05-06 01:20:30 WARN  SELL_SKIP [US] IREN reason=PHANTOM_POSITION phase=NONE qty=4 avgPrice=50.9700
2026-05-06 01:20:35 WARN  SELL_SKIP [US] IREN reason=PHANTOM_POSITION phase=NONE qty=4 avgPrice=50.9700
2026-05-06 01:20:41 WARN  SELL_SKIP [US] IREN reason=PHANTOM_POSITION phase=NONE qty=4 avgPrice=50.9700
2026-05-06 01:20:46 WARN  SELL_SKIP [US] IREN reason=PHANTOM_POSITION phase=NONE qty=4 avgPrice=50.9700
2026-05-06 01:20:51 WARN  SELL_SKIP [US] IREN reason=PHANTOM_POSITION phase=NONE qty=4 avgPrice=50.9700
2026-05-06 01:20:56 WARN  SELL_SKIP [US] IREN reason=PHANTOM_POSITION phase=NONE qty=4 avgPrice=50.9700
2026-05-06 01:21:01 WARN  SELL_SKIP [US] IREN reason=PHANTOM_POSITION phase=NONE qty=4 avgPrice=50.9700
2026-05-06 01:21:06 WARN  SELL_SKIP [US] IREN reason=PHANTOM_POSITION phase=NONE qty=4 avgPrice=50.9700
2026-05-06 01:21:11 WARN  SELL_SKIP [US] IREN reason=PHANTOM_POSITION phase=NONE qty=4 avgPrice=50.9700
2026-05-06 01:21:16 WARN  SELL_SKIP [US] IREN reason=PHANTOM_POSITION phase=NONE qty=4 avgPrice=50.9700
2026-05-06 01:21:21 WARN  SELL_SKIP [US] IREN reason=PHANTOM_POSITION phase=NONE qty=4 avgPrice=50.9700
2026-05-06 01:21:26 WARN  SELL_SKIP [US] IREN reason=PHANTOM_POSITION phase=NONE qty=4 avgPrice=50.9700
2026-05-06 01:21:31 WARN  SELL_SKIP [US] IREN reason=PHANTOM_POSITION phase=NONE qty=4 avgPrice=50.9700
2026-05-06 01:21:37 WARN  SELL_SKIP [US] IREN reason=PHANTOM_POSITION phase=NONE qty=4 avgPrice=50.9700
2026-05-06 01:21:42 WARN  SELL_SKIP [US] IREN reason=PHANTOM_POSITION phase=NONE qty=4 avgPrice=50.9700
2026-05-06 01:21:47 WARN  SELL_SKIP [US] IREN reason=PHANTOM_POSITION phase=NONE qty=4 avgPrice=50.9700
2026-05-06 01:21:52 WARN  SELL_SKIP [US] IREN reason=PHANTOM_POSITION phase=NONE qty=4 avgPrice=50.9700
2026-05-06 01:21:57 WARN  SELL_SKIP [US] IREN reason=PHANTOM_POSITION phase=NONE qty=4 avgPrice=50.9700
2026-05-06 01:22:02 WARN  SELL_SKIP [US] IREN reason=PHANTOM_POSITION phase=NONE qty=4 avgPrice=50.9700
2026-05-06 01:22:07 WARN  SELL_SKIP [US] IREN reason=PHANTOM_POSITION phase=NONE qty=4 avgPrice=50.9700
2026-05-06 01:22:12 WARN  SELL_SKIP [US] IREN reason=PHANTOM_POSITION phase=NONE qty=4 avgPrice=50.9700
2026-05-06 01:22:17 WARN  SELL_SKIP [US] IREN reason=PHANTOM_POSITION phase=NONE qty=4 avgPrice=50.9700
2026-05-06 01:22:22 WARN  SELL_SKIP [US] IREN reason=PHANTOM_POSITION phase=NONE qty=4 avgPrice=50.9700
2026-05-06 01:22:27 WARN  SELL_SKIP [US] IREN reason=PHANTOM_POSITION phase=NONE qty=4 avgPrice=50.9700
2026-05-06 01:22:32 WARN  SELL_SKIP [US] IREN reason=PHANTOM_POSITION phase=NONE qty=4 avgPrice=50.9700
2026-05-06 01:22:38 WARN  SELL_SKIP [US] IREN reason=PHANTOM_POSITION phase=NONE qty=4 avgPrice=50.9700
2026-05-06 01:22:43 WARN  SELL_SKIP [US] IREN reason=PHANTOM_POSITION phase=NONE qty=4 avgPrice=50.9700
2026-05-06 01:22:48 WARN  SELL_SKIP [US] IREN reason=PHANTOM_POSITION phase=NONE qty=4 avgPrice=50.9700
2026-05-06 01:22:53 WARN  SELL_SKIP [US] IREN reason=PHANTOM_POSITION phase=NONE qty=4 avgPrice=50.9700
2026-05-06 01:22:58 WARN  SELL_SKIP [US] IREN reason=PHANTOM_POSITION phase=NONE qty=4 avgPrice=50.9700
2026-05-06 01:23:03 WARN  SELL_SKIP [US] IREN reason=PHANTOM_POSITION phase=NONE qty=4 avgPrice=50.9700
2026-05-06 01:23:08 WARN  SELL_SKIP [US] IREN reason=PHANTOM_POSITION phase=NONE qty=4 avgPrice=50.9700
2026-05-06 01:23:13 WARN  SELL_SKIP [US] IREN reason=PHANTOM_POSITION phase=NONE qty=4 avgPrice=50.9700
2026-05-06 01:23:18 WARN  SELL_SKIP [US] IREN reason=PHANTOM_POSITION phase=NONE qty=4 avgPrice=50.9700
2026-05-06 01:23:23 WARN  SELL_SKIP [US] IREN reason=PHANTOM_POSITION phase=NONE qty=4 avgPrice=50.9700
2026-05-06 01:23:28 WARN  SELL_SKIP [US] IREN reason=PHANTOM_POSITION phase=NONE qty=4 avgPrice=50.9700
2026-05-06 01:23:34 WARN  SELL_SKIP [US] IREN reason=PHANTOM_POSITION phase=NONE qty=4 avgPrice=50.9700
2026-05-06 01:23:39 WARN  SELL_SKIP [US] IREN reason=PHANTOM_POSITION phase=NONE qty=4 avgPrice=50.9700
2026-05-06 01:23:49 WARN  SELL_SKIP [US] IREN reason=PHANTOM_POSITION phase=NONE qty=4 avgPrice=50.9700
2026-05-06 01:23:54 WARN  SELL_SKIP [US] IREN reason=PHANTOM_POSITION phase=NONE qty=4 avgPrice=50.9700
2026-05-06 01:23:59 WARN  SELL_SKIP [US] IREN reason=PHANTOM_POSITION phase=NONE qty=4 avgPrice=50.9700
2026-05-06 01:24:04 WARN  SELL_SKIP [US] IREN reason=PHANTOM_POSITION phase=NONE qty=4 avgPrice=50.9700
2026-05-06 01:24:09 WARN  SELL_SKIP [US] IREN reason=PHANTOM_POSITION phase=NONE qty=4 avgPrice=50.9700
2026-05-06 01:24:14 WARN  SELL_SKIP [US] IREN reason=PHANTOM_POSITION phase=NONE qty=4 avgPrice=50.9700
2026-05-06 01:24:19 WARN  SELL_SKIP [US] IREN reason=PHANTOM_POSITION phase=NONE qty=4 avgPrice=50.9700
2026-05-06 01:24:24 WARN  SELL_SKIP [US] IREN reason=PHANTOM_POSITION phase=NONE qty=4 avgPrice=50.9700
2026-05-06 01:24:29 WARN  SELL_SKIP [US] IREN reason=PHANTOM_POSITION phase=NONE qty=4 avgPrice=50.9700
2026-05-06 01:24:35 WARN  SELL_SKIP [US] IREN reason=PHANTOM_POSITION phase=NONE qty=4 avgPrice=50.9700
2026-05-06 01:24:40 WARN  SELL_SKIP [US] IREN reason=PHANTOM_POSITION phase=NONE qty=4 avgPrice=50.9700
2026-05-06 01:24:45 WARN  SELL_SKIP [US] IREN reason=PHANTOM_POSITION phase=NONE qty=4 avgPrice=50.9700
2026-05-06 01:24:50 WARN  SELL_SKIP [US] IREN reason=PHANTOM_POSITION phase=NONE qty=4 avgPrice=50.9700
2026-05-06 01:24:55 WARN  SELL_SKIP [US] IREN reason=PHANTOM_POSITION phase=NONE qty=4 avgPrice=50.9700
2026-05-06 01:25:00 WARN  SELL_SKIP [US] IREN reason=PHANTOM_POSITION phase=NONE qty=4 avgPrice=50.9700
2026-05-06 01:25:05 WARN  SELL_SKIP [US] IREN reason=PHANTOM_POSITION phase=NONE qty=4 avgPrice=50.9700
2026-05-06 01:25:10 WARN  SELL_SKIP [US] IREN reason=PHANTOM_POSITION phase=NONE qty=4 avgPrice=50.9700
2026-05-06 01:25:15 WARN  SELL_SKIP [US] IREN reason=PHANTOM_POSITION phase=NONE qty=4 avgPrice=50.9700
2026-05-06 01:25:20 WARN  SELL_SKIP [US] IREN reason=PHANTOM_POSITION phase=NONE qty=4 avgPrice=50.9700
2026-05-06 01:25:25 WARN  SELL_SKIP [US] IREN reason=PHANTOM_POSITION phase=NONE qty=4 avgPrice=50.9700
2026-05-06 01:25:31 WARN  SELL_SKIP [US] IREN reason=PHANTOM_POSITION phase=NONE qty=4 avgPrice=50.9700
2026-05-06 01:25:36 WARN  SELL_SKIP [US] IREN reason=PHANTOM_POSITION phase=NONE qty=4 avgPrice=50.9700
2026-05-06 01:25:41 WARN  SELL_SKIP [US] IREN reason=PHANTOM_POSITION phase=NONE qty=4 avgPrice=50.9700
2026-05-06 01:25:46 WARN  SELL_SKIP [US] IREN reason=PHANTOM_POSITION phase=NONE qty=4 avgPrice=50.9700
2026-05-06 01:25:51 WARN  SELL_SKIP [US] IREN reason=PHANTOM_POSITION phase=NONE qty=4 avgPrice=50.9700
2026-05-06 01:25:56 WARN  SELL_SKIP [US] IREN reason=PHANTOM_POSITION phase=NONE qty=4 avgPrice=50.9700
2026-05-06 01:26:01 WARN  SELL_SKIP [US] IREN reason=PHANTOM_POSITION phase=NONE qty=4 avgPrice=50.9700
2026-05-06 01:26:11 WARN  SELL_SKIP [US] IREN reason=PHANTOM_POSITION phase=NONE qty=4 avgPrice=50.9700
2026-05-06 01:26:16 WARN  SELL_SKIP [US] IREN reason=PHANTOM_POSITION phase=NONE qty=4 avgPrice=50.9700
2026-05-06 01:26:21 WARN  SELL_SKIP [US] IREN reason=PHANTOM_POSITION phase=NONE qty=4 avgPrice=50.9700
2026-05-06 01:26:26 WARN  SELL_SKIP [US] IREN reason=PHANTOM_POSITION phase=NONE qty=4 avgPrice=50.9700
2026-05-06 01:26:32 WARN  SELL_SKIP [US] IREN reason=PHANTOM_POSITION phase=NONE qty=4 avgPrice=50.9700
2026-05-06 01:26:37 WARN  SELL_SKIP [US] IREN reason=PHANTOM_POSITION phase=NONE qty=4 avgPrice=50.9700
2026-05-06 01:26:42 WARN  SELL_SKIP [US] IREN reason=PHANTOM_POSITION phase=NONE qty=4 avgPrice=50.9700
2026-05-06 01:26:47 WARN  SELL_SKIP [US] IREN reason=PHANTOM_POSITION phase=NONE qty=4 avgPrice=50.9700
2026-05-06 01:26:52 WARN  SELL_SKIP [US] IREN reason=PHANTOM_POSITION phase=NONE qty=4 avgPrice=50.9700
2026-05-06 01:27:02 WARN  SELL_SKIP [US] IREN reason=PHANTOM_POSITION phase=NONE qty=4 avgPrice=50.9700
2026-05-06 01:27:07 WARN  SELL_SKIP [US] IREN reason=PHANTOM_POSITION phase=NONE qty=4 avgPrice=50.9700
2026-05-06 01:27:12 WARN  SELL_SKIP [US] IREN reason=PHANTOM_POSITION phase=NONE qty=4 avgPrice=50.9700
2026-05-06 01:27:17 WARN  SELL_SKIP [US] IREN reason=PHANTOM_POSITION phase=NONE qty=4 avgPrice=50.9700
2026-05-06 01:27:22 WARN  SELL_SKIP [US] IREN reason=PHANTOM_POSITION phase=NONE qty=4 avgPrice=50.9700
2026-05-06 01:27:28 WARN  SELL_SKIP [US] IREN reason=PHANTOM_POSITION phase=NONE qty=4 avgPrice=50.9700
2026-05-06 01:27:33 WARN  SELL_SKIP [US] IREN reason=PHANTOM_POSITION phase=NONE qty=4 avgPrice=50.9700
2026-05-06 01:27:38 WARN  SELL_SKIP [US] IREN reason=PHANTOM_POSITION phase=NONE qty=4 avgPrice=50.9700
2026-05-06 01:27:43 WARN  SELL_SKIP [US] IREN reason=PHANTOM_POSITION phase=NONE qty=4 avgPrice=50.9700
2026-05-06 01:27:48 WARN  SELL_SKIP [US] IREN reason=PHANTOM_POSITION phase=NONE qty=4 avgPrice=50.9700
2026-05-06 01:27:53 WARN  SELL_SKIP [US] IREN reason=PHANTOM_POSITION phase=NONE qty=4 avgPrice=50.9700
2026-05-06 01:27:58 WARN  SELL_SKIP [US] IREN reason=PHANTOM_POSITION phase=NONE qty=4 avgPrice=50.9700
2026-05-06 01:28:03 WARN  SELL_SKIP [US] IREN reason=PHANTOM_POSITION phase=NONE qty=4 avgPrice=50.9700
2026-05-06 01:28:08 WARN  SELL_SKIP [US] IREN reason=PHANTOM_POSITION phase=NONE qty=4 avgPrice=50.9700
2026-05-06 01:28:13 WARN  SELL_SKIP [US] IREN reason=PHANTOM_POSITION phase=NONE qty=4 avgPrice=50.9700
2026-05-06 01:28:18 WARN  SELL_SKIP [US] IREN reason=PHANTOM_POSITION phase=NONE qty=4 avgPrice=50.9700
2026-05-06 01:28:24 WARN  SELL_SKIP [US] IREN reason=PHANTOM_POSITION phase=NONE qty=4 avgPrice=50.9700
2026-05-06 01:28:29 WARN  SELL_SKIP [US] IREN reason=PHANTOM_POSITION phase=NONE qty=4 avgPrice=50.9700
2026-05-06 01:28:34 WARN  SELL_SKIP [US] IREN reason=PHANTOM_POSITION phase=NONE qty=4 avgPrice=50.9700
2026-05-06 01:28:39 WARN  SELL_SKIP [US] IREN reason=PHANTOM_POSITION phase=NONE qty=4 avgPrice=50.9700
2026-05-06 01:28:44 WARN  SELL_SKIP [US] IREN reason=PHANTOM_POSITION phase=NONE qty=4 avgPrice=50.9700
2026-05-06 01:28:49 WARN  SELL_SKIP [US] IREN reason=PHANTOM_POSITION phase=NONE qty=4 avgPrice=50.9700
2026-05-06 01:28:54 WARN  SELL_SKIP [US] IREN reason=PHANTOM_POSITION phase=NONE qty=4 avgPrice=50.9700
2026-05-06 01:28:59 WARN  SELL_SKIP [US] IREN reason=PHANTOM_POSITION phase=NONE qty=4 avgPrice=50.9700
2026-05-06 01:29:04 WARN  SELL_SKIP [US] IREN reason=PHANTOM_POSITION phase=NONE qty=4 avgPrice=50.9700
2026-05-06 01:29:09 WARN  SELL_SKIP [US] IREN reason=PHANTOM_POSITION phase=NONE qty=4 avgPrice=50.9700
2026-05-06 01:29:14 WARN  SELL_SKIP [US] IREN reason=PHANTOM_POSITION phase=NONE qty=4 avgPrice=50.9700
2026-05-06 01:29:19 WARN  SELL_SKIP [US] IREN reason=PHANTOM_POSITION phase=NONE qty=4 avgPrice=50.9700
2026-05-06 01:29:25 WARN  SELL_SKIP [US] IREN reason=PHANTOM_POSITION phase=NONE qty=4 avgPrice=50.9700
2026-05-06 01:29:30 WARN  SELL_SKIP [US] IREN reason=PHANTOM_POSITION phase=NONE qty=4 avgPrice=50.9700
2026-05-06 01:29:35 WARN  SELL_SKIP [US] IREN reason=PHANTOM_POSITION phase=NONE qty=4 avgPrice=50.9700
2026-05-06 01:29:40 WARN  SELL_SKIP [US] IREN reason=PHANTOM_POSITION phase=NONE qty=4 avgPrice=50.9700
2026-05-06 01:29:45 WARN  SELL_SKIP [US] IREN reason=PHANTOM_POSITION phase=NONE qty=4 avgPrice=50.9700
2026-05-06 01:29:50 WARN  SELL_SKIP [US] IREN reason=PHANTOM_POSITION phase=NONE qty=4 avgPrice=50.9700
2026-05-06 01:29:55 WARN  SELL_SKIP [US] IREN reason=PHANTOM_POSITION phase=NONE qty=4 avgPrice=50.9700
2026-05-06 01:30:00 WARN  SELL_SKIP [US] IREN reason=PHANTOM_POSITION phase=NONE qty=4 avgPrice=50.9700
2026-05-06 01:30:05 WARN  SELL_SKIP [US] IREN reason=PHANTOM_POSITION phase=NONE qty=4 avgPrice=50.9700
2026-05-06 01:30:10 WARN  SELL_SKIP [US] IREN reason=PHANTOM_POSITION phase=NONE qty=4 avgPrice=50.9700
2026-05-06 01:30:15 WARN  SELL_SKIP [US] IREN reason=PHANTOM_POSITION phase=NONE qty=4 avgPrice=50.9700
2026-05-06 01:30:20 WARN  SELL_SKIP [US] IREN reason=PHANTOM_POSITION phase=NONE qty=4 avgPrice=50.9700
2026-05-06 01:30:25 WARN  SELL_SKIP [US] IREN reason=PHANTOM_POSITION phase=NONE qty=4 avgPrice=50.9700
2026-05-06 01:30:31 WARN  SELL_SKIP [US] IREN reason=PHANTOM_POSITION phase=NONE qty=4 avgPrice=50.9700
2026-05-06 01:30:36 WARN  SELL_SKIP [US] IREN reason=PHANTOM_POSITION phase=NONE qty=4 avgPrice=50.9700
2026-05-06 01:30:41 WARN  SELL_SKIP [US] IREN reason=PHANTOM_POSITION phase=NONE qty=4 avgPrice=50.9700
2026-05-06 01:30:46 WARN  SELL_SKIP [US] IREN reason=PHANTOM_POSITION phase=NONE qty=4 avgPrice=50.9700
2026-05-06 01:30:51 WARN  SELL_SKIP [US] IREN reason=PHANTOM_POSITION phase=NONE qty=4 avgPrice=50.9700
2026-05-06 01:30:56 WARN  SELL_SKIP [US] IREN reason=PHANTOM_POSITION phase=NONE qty=4 avgPrice=50.9700
2026-05-06 01:31:01 WARN  SELL_SKIP [US] IREN reason=PHANTOM_POSITION phase=NONE qty=4 avgPrice=50.9700
2026-05-06 01:31:06 WARN  SELL_SKIP [US] IREN reason=PHANTOM_POSITION phase=NONE qty=4 avgPrice=50.9700
2026-05-06 01:31:11 WARN  SELL_SKIP [US] IREN reason=PHANTOM_POSITION phase=NONE qty=4 avgPrice=50.9700
2026-05-06 01:31:16 WARN  SELL_SKIP [US] IREN reason=PHANTOM_POSITION phase=NONE qty=4 avgPrice=50.9700
2026-05-06 01:31:21 WARN  SELL_SKIP [US] IREN reason=PHANTOM_POSITION phase=NONE qty=4 avgPrice=50.9700
2026-05-06 01:31:26 WARN  SELL_SKIP [US] IREN reason=PHANTOM_POSITION phase=NONE qty=4 avgPrice=50.9700
2026-05-06 01:31:32 WARN  SELL_SKIP [US] IREN reason=PHANTOM_POSITION phase=NONE qty=4 avgPrice=50.9700
2026-05-06 01:31:37 WARN  SELL_SKIP [US] IREN reason=PHANTOM_POSITION phase=NONE qty=4 avgPrice=50.9700
2026-05-06 01:31:42 WARN  SELL_SKIP [US] IREN reason=PHANTOM_POSITION phase=NONE qty=4 avgPrice=50.9700
2026-05-06 01:31:47 WARN  SELL_SKIP [US] IREN reason=PHANTOM_POSITION phase=NONE qty=4 avgPrice=50.9700
2026-05-06 01:31:52 WARN  SELL_SKIP [US] IREN reason=PHANTOM_POSITION phase=NONE qty=4 avgPrice=50.9700
2026-05-06 01:31:57 WARN  SELL_SKIP [US] IREN reason=PHANTOM_POSITION phase=NONE qty=4 avgPrice=50.9700
2026-05-06 01:32:02 WARN  SELL_SKIP [US] IREN reason=PHANTOM_POSITION phase=NONE qty=4 avgPrice=50.9700
2026-05-06 01:32:07 WARN  SELL_SKIP [US] IREN reason=PHANTOM_POSITION phase=NONE qty=4 avgPrice=50.9700
2026-05-06 01:32:12 WARN  SELL_SKIP [US] IREN reason=PHANTOM_POSITION phase=NONE qty=4 avgPrice=50.9700
2026-05-06 01:32:17 WARN  SELL_SKIP [US] IREN reason=PHANTOM_POSITION phase=NONE qty=4 avgPrice=50.9700
2026-05-06 01:32:22 WARN  SELL_SKIP [US] IREN reason=PHANTOM_POSITION phase=NONE qty=4 avgPrice=50.9700
2026-05-06 01:32:28 WARN  SELL_SKIP [US] IREN reason=PHANTOM_POSITION phase=NONE qty=4 avgPrice=50.9700
2026-05-06 01:32:33 WARN  SELL_SKIP [US] IREN reason=PHANTOM_POSITION phase=NONE qty=4 avgPrice=50.9700
2026-05-06 01:32:38 WARN  SELL_SKIP [US] IREN reason=PHANTOM_POSITION phase=NONE qty=4 avgPrice=50.9700
2026-05-06 01:32:48 WARN  SELL_SKIP [US] IREN reason=PHANTOM_POSITION phase=NONE qty=4 avgPrice=50.9700
2026-05-06 01:32:53 WARN  SELL_SKIP [US] IREN reason=PHANTOM_POSITION phase=NONE qty=4 avgPrice=50.9700
2026-05-06 01:32:58 WARN  SELL_SKIP [US] IREN reason=PHANTOM_POSITION phase=NONE qty=4 avgPrice=50.9700
2026-05-06 01:33:03 WARN  SELL_SKIP [US] IREN reason=PHANTOM_POSITION phase=NONE qty=4 avgPrice=50.9700
2026-05-06 01:33:08 WARN  SELL_SKIP [US] IREN reason=PHANTOM_POSITION phase=NONE qty=4 avgPrice=50.9700
2026-05-06 01:33:13 WARN  SELL_SKIP [US] IREN reason=PHANTOM_POSITION phase=NONE qty=4 avgPrice=50.9700
2026-05-06 01:33:18 WARN  SELL_SKIP [US] IREN reason=PHANTOM_POSITION phase=NONE qty=4 avgPrice=50.9700
2026-05-06 01:33:24 WARN  SELL_SKIP [US] IREN reason=PHANTOM_POSITION phase=NONE qty=4 avgPrice=50.9700
2026-05-06 01:33:29 WARN  SELL_SKIP [US] IREN reason=PHANTOM_POSITION phase=NONE qty=4 avgPrice=50.9700
2026-05-06 01:33:34 WARN  SELL_SKIP [US] IREN reason=PHANTOM_POSITION phase=NONE qty=4 avgPrice=50.9700
2026-05-06 01:33:39 WARN  SELL_SKIP [US] IREN reason=PHANTOM_POSITION phase=NONE qty=4 avgPrice=50.9700
2026-05-06 01:33:44 WARN  SELL_SKIP [US] IREN reason=PHANTOM_POSITION phase=NONE qty=4 avgPrice=50.9700
2026-05-06 01:33:49 WARN  SELL_SKIP [US] IREN reason=PHANTOM_POSITION phase=NONE qty=4 avgPrice=50.9700
2026-05-06 01:33:54 WARN  SELL_SKIP [US] IREN reason=PHANTOM_POSITION phase=NONE qty=4 avgPrice=50.9700
2026-05-06 01:33:59 WARN  SELL_SKIP [US] IREN reason=PHANTOM_POSITION phase=NONE qty=4 avgPrice=50.9700
2026-05-06 01:34:04 WARN  SELL_SKIP [US] IREN reason=PHANTOM_POSITION phase=NONE qty=4 avgPrice=50.9700
2026-05-06 01:34:09 WARN  SELL_SKIP [US] IREN reason=PHANTOM_POSITION phase=NONE qty=4 avgPrice=50.9700
2026-05-06 01:34:15 WARN  SELL_SKIP [US] IREN reason=PHANTOM_POSITION phase=NONE qty=4 avgPrice=50.9700
2026-05-06 01:34:20 WARN  SELL_SKIP [US] IREN reason=PHANTOM_POSITION phase=NONE qty=4 avgPrice=50.9700
2026-05-06 01:34:25 WARN  SELL_SKIP [US] IREN reason=PHANTOM_POSITION phase=NONE qty=4 avgPrice=50.9700
2026-05-06 01:34:30 WARN  SELL_SKIP [US] IREN reason=PHANTOM_POSITION phase=NONE qty=4 avgPrice=50.9700
2026-05-06 01:34:35 WARN  SELL_SKIP [US] IREN reason=PHANTOM_POSITION phase=NONE qty=4 avgPrice=50.9700
2026-05-06 01:34:40 WARN  SELL_SKIP [US] IREN reason=PHANTOM_POSITION phase=NONE qty=4 avgPrice=50.9700
2026-05-06 01:34:45 WARN  SELL_SKIP [US] IREN reason=PHANTOM_POSITION phase=NONE qty=4 avgPrice=50.9700
2026-05-06 01:34:50 WARN  SELL_SKIP [US] IREN reason=PHANTOM_POSITION phase=NONE qty=4 avgPrice=50.9700
2026-05-06 01:34:55 WARN  SELL_SKIP [US] IREN reason=PHANTOM_POSITION phase=NONE qty=4 avgPrice=50.9700
2026-05-06 01:35:00 WARN  SELL_SKIP [US] IREN reason=PHANTOM_POSITION phase=NONE qty=4 avgPrice=50.9700
2026-05-06 01:35:05 WARN  SELL_SKIP [US] IREN reason=PHANTOM_POSITION phase=NONE qty=4 avgPrice=50.9700
2026-05-06 01:35:10 WARN  SELL_SKIP [US] IREN reason=PHANTOM_POSITION phase=NONE qty=4 avgPrice=50.9700
2026-05-06 01:35:16 WARN  SELL_SKIP [US] IREN reason=PHANTOM_POSITION phase=NONE qty=4 avgPrice=50.9700
2026-05-06 01:35:21 WARN  SELL_SKIP [US] IREN reason=PHANTOM_POSITION phase=NONE qty=4 avgPrice=50.9700
2026-05-06 01:35:26 WARN  SELL_SKIP [US] IREN reason=PHANTOM_POSITION phase=NONE qty=4 avgPrice=50.9700
2026-05-06 01:35:31 WARN  SELL_SKIP [US] IREN reason=PHANTOM_POSITION phase=NONE qty=4 avgPrice=50.9700
2026-05-06 01:35:36 WARN  SELL_SKIP [US] IREN reason=PHANTOM_POSITION phase=NONE qty=4 avgPrice=50.9700
2026-05-06 01:35:41 WARN  SELL_SKIP [US] IREN reason=PHANTOM_POSITION phase=NONE qty=4 avgPrice=50.9700
2026-05-06 01:35:46 WARN  SELL_SKIP [US] IREN reason=PHANTOM_POSITION phase=NONE qty=4 avgPrice=50.9700
2026-05-06 01:35:51 WARN  SELL_SKIP [US] IREN reason=PHANTOM_POSITION phase=NONE qty=4 avgPrice=50.9700
2026-05-06 01:35:56 WARN  SELL_SKIP [US] IREN reason=PHANTOM_POSITION phase=NONE qty=4 avgPrice=50.9700
2026-05-06 01:36:01 WARN  SELL_SKIP [US] IREN reason=PHANTOM_POSITION phase=NONE qty=4 avgPrice=50.9700
2026-05-06 01:36:06 WARN  SELL_SKIP [US] IREN reason=PHANTOM_POSITION phase=NONE qty=4 avgPrice=50.9700
2026-05-06 01:36:11 WARN  SELL_SKIP [US] IREN reason=PHANTOM_POSITION phase=NONE qty=4 avgPrice=50.9700
2026-05-06 01:36:17 WARN  SELL_SKIP [US] IREN reason=PHANTOM_POSITION phase=NONE qty=4 avgPrice=50.9700
2026-05-06 01:36:22 WARN  SELL_SKIP [US] IREN reason=PHANTOM_POSITION phase=NONE qty=4 avgPrice=50.9700
2026-05-06 01:36:27 WARN  SELL_SKIP [US] IREN reason=PHANTOM_POSITION phase=NONE qty=4 avgPrice=50.9700
2026-05-06 01:36:32 WARN  SELL_SKIP [US] IREN reason=PHANTOM_POSITION phase=NONE qty=4 avgPrice=50.9700
2026-05-06 01:36:37 WARN  SELL_SKIP [US] IREN reason=PHANTOM_POSITION phase=NONE qty=4 avgPrice=50.9700
2026-05-06 01:36:42 WARN  SELL_SKIP [US] IREN reason=PHANTOM_POSITION phase=NONE qty=4 avgPrice=50.9700
2026-05-06 01:36:47 WARN  SELL_SKIP [US] IREN reason=PHANTOM_POSITION phase=NONE qty=4 avgPrice=50.9700
2026-05-06 01:36:52 WARN  SELL_SKIP [US] IREN reason=PHANTOM_POSITION phase=NONE qty=4 avgPrice=50.9700
2026-05-06 01:36:57 WARN  SELL_SKIP [US] IREN reason=PHANTOM_POSITION phase=NONE qty=4 avgPrice=50.9700
2026-05-06 01:37:02 WARN  SELL_SKIP [US] IREN reason=PHANTOM_POSITION phase=NONE qty=4 avgPrice=50.9700
2026-05-06 01:37:07 WARN  SELL_SKIP [US] IREN reason=PHANTOM_POSITION phase=NONE qty=4 avgPrice=50.9700
2026-05-06 01:37:12 WARN  SELL_SKIP [US] IREN reason=PHANTOM_POSITION phase=NONE qty=4 avgPrice=50.9700
2026-05-06 01:37:18 WARN  SELL_SKIP [US] IREN reason=PHANTOM_POSITION phase=NONE qty=4 avgPrice=50.9700
2026-05-06 01:37:23 WARN  SELL_SKIP [US] IREN reason=PHANTOM_POSITION phase=NONE qty=4 avgPrice=50.9700
2026-05-06 01:37:28 WARN  SELL_SKIP [US] IREN reason=PHANTOM_POSITION phase=NONE qty=4 avgPrice=50.9700
2026-05-06 01:37:33 WARN  SELL_SKIP [US] IREN reason=PHANTOM_POSITION phase=NONE qty=4 avgPrice=50.9700
2026-05-06 01:37:38 WARN  SELL_SKIP [US] IREN reason=PHANTOM_POSITION phase=NONE qty=4 avgPrice=50.9700
2026-05-06 01:37:43 WARN  SELL_SKIP [US] IREN reason=PHANTOM_POSITION phase=NONE qty=4 avgPrice=50.9700
2026-05-06 01:37:48 WARN  SELL_SKIP [US] IREN reason=PHANTOM_POSITION phase=NONE qty=4 avgPrice=50.9700
2026-05-06 01:37:58 WARN  SELL_SKIP [US] IREN reason=PHANTOM_POSITION phase=NONE qty=4 avgPrice=50.9700
2026-05-06 01:38:03 WARN  SELL_SKIP [US] IREN reason=PHANTOM_POSITION phase=NONE qty=4 avgPrice=50.9700
2026-05-06 01:38:08 WARN  SELL_SKIP [US] IREN reason=PHANTOM_POSITION phase=NONE qty=4 avgPrice=50.9700
2026-05-06 01:38:14 WARN  SELL_SKIP [US] IREN reason=PHANTOM_POSITION phase=NONE qty=4 avgPrice=50.9700
2026-05-06 01:38:19 WARN  SELL_SKIP [US] IREN reason=PHANTOM_POSITION phase=NONE qty=4 avgPrice=50.9700
2026-05-06 01:38:24 WARN  SELL_SKIP [US] IREN reason=PHANTOM_POSITION phase=NONE qty=4 avgPrice=50.9700
2026-05-06 01:38:29 WARN  SELL_SKIP [US] IREN reason=PHANTOM_POSITION phase=NONE qty=4 avgPrice=50.9700
2026-05-06 01:38:34 WARN  SELL_SKIP [US] IREN reason=PHANTOM_POSITION phase=NONE qty=4 avgPrice=50.9700
2026-05-06 01:38:39 WARN  SELL_SKIP [US] IREN reason=PHANTOM_POSITION phase=NONE qty=4 avgPrice=50.9700
2026-05-06 01:38:44 WARN  SELL_SKIP [US] IREN reason=PHANTOM_POSITION phase=NONE qty=4 avgPrice=50.9700
2026-05-06 01:38:49 WARN  SELL_SKIP [US] IREN reason=PHANTOM_POSITION phase=NONE qty=4 avgPrice=50.9700
2026-05-06 01:38:54 WARN  SELL_SKIP [US] IREN reason=PHANTOM_POSITION phase=NONE qty=4 avgPrice=50.9700
2026-05-06 01:38:59 WARN  SELL_SKIP [US] IREN reason=PHANTOM_POSITION phase=NONE qty=4 avgPrice=50.9700
2026-05-06 01:39:04 WARN  SELL_SKIP [US] IREN reason=PHANTOM_POSITION phase=NONE qty=4 avgPrice=50.9700
2026-05-06 01:39:10 WARN  SELL_SKIP [US] IREN reason=PHANTOM_POSITION phase=NONE qty=4 avgPrice=50.9700
2026-05-06 01:39:15 WARN  SELL_SKIP [US] IREN reason=PHANTOM_POSITION phase=NONE qty=4 avgPrice=50.9700
2026-05-06 01:39:20 WARN  SELL_SKIP [US] IREN reason=PHANTOM_POSITION phase=NONE qty=4 avgPrice=50.9700
2026-05-06 01:39:25 WARN  SELL_SKIP [US] IREN reason=PHANTOM_POSITION phase=NONE qty=4 avgPrice=50.9700
2026-05-06 01:39:35 WARN  SELL_SKIP [US] IREN reason=PHANTOM_POSITION phase=NONE qty=4 avgPrice=50.9700
2026-05-06 01:39:40 WARN  SELL_SKIP [US] IREN reason=PHANTOM_POSITION phase=NONE qty=4 avgPrice=50.9700
2026-05-06 01:39:45 WARN  SELL_SKIP [US] IREN reason=PHANTOM_POSITION phase=NONE qty=4 avgPrice=50.9700
2026-05-06 01:39:50 WARN  SELL_SKIP [US] IREN reason=PHANTOM_POSITION phase=NONE qty=4 avgPrice=50.9700
2026-05-06 01:39:55 WARN  SELL_SKIP [US] IREN reason=PHANTOM_POSITION phase=NONE qty=4 avgPrice=50.9700
2026-05-06 01:40:00 WARN  SELL_SKIP [US] IREN reason=PHANTOM_POSITION phase=NONE qty=4 avgPrice=50.9700
2026-05-06 01:40:05 WARN  SELL_SKIP [US] IREN reason=PHANTOM_POSITION phase=NONE qty=4 avgPrice=50.9700
2026-05-06 01:40:11 WARN  SELL_SKIP [US] IREN reason=PHANTOM_POSITION phase=NONE qty=4 avgPrice=50.9700
2026-05-06 01:40:16 WARN  SELL_SKIP [US] IREN reason=PHANTOM_POSITION phase=NONE qty=4 avgPrice=50.9700
2026-05-06 01:40:21 WARN  SELL_SKIP [US] IREN reason=PHANTOM_POSITION phase=NONE qty=4 avgPrice=50.9700
2026-05-06 01:40:26 WARN  SELL_SKIP [US] IREN reason=PHANTOM_POSITION phase=NONE qty=4 avgPrice=50.9700
2026-05-06 01:40:31 WARN  SELL_SKIP [US] IREN reason=PHANTOM_POSITION phase=NONE qty=4 avgPrice=50.9700
2026-05-06 01:40:36 WARN  SELL_SKIP [US] IREN reason=PHANTOM_POSITION phase=NONE qty=4 avgPrice=50.9700
2026-05-06 01:40:41 WARN  SELL_SKIP [US] IREN reason=PHANTOM_POSITION phase=NONE qty=4 avgPrice=50.9700
2026-05-06 01:40:46 WARN  SELL_SKIP [US] IREN reason=PHANTOM_POSITION phase=NONE qty=4 avgPrice=50.9700
2026-05-06 01:40:51 WARN  SELL_SKIP [US] IREN reason=PHANTOM_POSITION phase=NONE qty=4 avgPrice=50.9700
2026-05-06 01:40:56 WARN  SELL_SKIP [US] IREN reason=PHANTOM_POSITION phase=NONE qty=4 avgPrice=50.9700
2026-05-06 01:41:01 WARN  SELL_SKIP [US] IREN reason=PHANTOM_POSITION phase=NONE qty=4 avgPrice=50.9700
2026-05-06 01:41:06 WARN  SELL_SKIP [US] IREN reason=PHANTOM_POSITION phase=NONE qty=4 avgPrice=50.9700
2026-05-06 01:41:12 WARN  SELL_SKIP [US] IREN reason=PHANTOM_POSITION phase=NONE qty=4 avgPrice=50.9700
2026-05-06 01:41:17 WARN  SELL_SKIP [US] IREN reason=PHANTOM_POSITION phase=NONE qty=4 avgPrice=50.9700
2026-05-06 01:41:22 WARN  SELL_SKIP [US] IREN reason=PHANTOM_POSITION phase=NONE qty=4 avgPrice=50.9700
2026-05-06 01:41:27 WARN  SELL_SKIP [US] IREN reason=PHANTOM_POSITION phase=NONE qty=4 avgPrice=50.9700
2026-05-06 01:41:32 WARN  SELL_SKIP [US] IREN reason=PHANTOM_POSITION phase=NONE qty=4 avgPrice=50.9700
2026-05-06 01:41:37 WARN  SELL_SKIP [US] IREN reason=PHANTOM_POSITION phase=NONE qty=4 avgPrice=50.9700
2026-05-06 01:41:42 WARN  SELL_SKIP [US] IREN reason=PHANTOM_POSITION phase=NONE qty=4 avgPrice=50.9700
2026-05-06 01:41:47 WARN  SELL_SKIP [US] IREN reason=PHANTOM_POSITION phase=NONE qty=4 avgPrice=50.9700
2026-05-06 01:41:52 WARN  SELL_SKIP [US] IREN reason=PHANTOM_POSITION phase=NONE qty=4 avgPrice=50.9700
2026-05-06 01:41:57 WARN  SELL_SKIP [US] IREN reason=PHANTOM_POSITION phase=NONE qty=4 avgPrice=50.9700
2026-05-06 01:42:02 WARN  SELL_SKIP [US] IREN reason=PHANTOM_POSITION phase=NONE qty=4 avgPrice=50.9700
2026-05-06 01:42:07 WARN  SELL_SKIP [US] IREN reason=PHANTOM_POSITION phase=NONE qty=4 avgPrice=50.9700
2026-05-06 01:42:13 WARN  SELL_SKIP [US] IREN reason=PHANTOM_POSITION phase=NONE qty=4 avgPrice=50.9700
2026-05-06 01:42:18 WARN  SELL_SKIP [US] IREN reason=PHANTOM_POSITION phase=NONE qty=4 avgPrice=50.9700
2026-05-06 01:42:23 WARN  SELL_SKIP [US] IREN reason=PHANTOM_POSITION phase=NONE qty=4 avgPrice=50.9700
2026-05-06 01:42:28 WARN  SELL_SKIP [US] IREN reason=PHANTOM_POSITION phase=NONE qty=4 avgPrice=50.9700
2026-05-06 01:42:33 WARN  SELL_SKIP [US] IREN reason=PHANTOM_POSITION phase=NONE qty=4 avgPrice=50.9700
2026-05-06 01:42:38 WARN  SELL_SKIP [US] IREN reason=PHANTOM_POSITION phase=NONE qty=4 avgPrice=50.9700
2026-05-06 01:42:43 WARN  SELL_SKIP [US] IREN reason=PHANTOM_POSITION phase=NONE qty=4 avgPrice=50.9700
2026-05-06 01:42:48 WARN  SELL_SKIP [US] IREN reason=PHANTOM_POSITION phase=NONE qty=4 avgPrice=50.9700
2026-05-06 01:42:53 WARN  SELL_SKIP [US] IREN reason=PHANTOM_POSITION phase=NONE qty=4 avgPrice=50.9700
2026-05-06 01:42:58 WARN  SELL_SKIP [US] IREN reason=PHANTOM_POSITION phase=NONE qty=4 avgPrice=50.9700
2026-05-06 01:43:03 WARN  SELL_SKIP [US] IREN reason=PHANTOM_POSITION phase=NONE qty=4 avgPrice=50.9700
2026-05-06 01:43:09 WARN  SELL_SKIP [US] IREN reason=PHANTOM_POSITION phase=NONE qty=4 avgPrice=50.9700
2026-05-06 01:43:14 WARN  SELL_SKIP [US] IREN reason=PHANTOM_POSITION phase=NONE qty=4 avgPrice=50.9700
2026-05-06 01:43:19 WARN  SELL_SKIP [US] IREN reason=PHANTOM_POSITION phase=NONE qty=4 avgPrice=50.9700
2026-05-06 01:43:29 WARN  SELL_SKIP [US] IREN reason=PHANTOM_POSITION phase=NONE qty=4 avgPrice=50.9700
2026-05-06 01:43:34 WARN  SELL_SKIP [US] IREN reason=PHANTOM_POSITION phase=NONE qty=4 avgPrice=50.9700
2026-05-06 01:43:39 WARN  SELL_SKIP [US] IREN reason=PHANTOM_POSITION phase=NONE qty=4 avgPrice=50.9700
2026-05-06 01:43:44 WARN  SELL_SKIP [US] IREN reason=PHANTOM_POSITION phase=NONE qty=4 avgPrice=50.9700
2026-05-06 01:43:49 WARN  SELL_SKIP [US] IREN reason=PHANTOM_POSITION phase=NONE qty=4 avgPrice=50.9700
2026-05-06 01:43:54 WARN  SELL_SKIP [US] IREN reason=PHANTOM_POSITION phase=NONE qty=4 avgPrice=50.9700
2026-05-06 01:43:59 WARN  SELL_SKIP [US] IREN reason=PHANTOM_POSITION phase=NONE qty=4 avgPrice=50.9700
2026-05-06 01:44:05 WARN  SELL_SKIP [US] IREN reason=PHANTOM_POSITION phase=NONE qty=4 avgPrice=50.9700
2026-05-06 01:44:10 WARN  SELL_SKIP [US] IREN reason=PHANTOM_POSITION phase=NONE qty=4 avgPrice=50.9700
2026-05-06 01:44:15 WARN  SELL_SKIP [US] IREN reason=PHANTOM_POSITION phase=NONE qty=4 avgPrice=50.9700
2026-05-06 01:44:20 WARN  SELL_SKIP [US] IREN reason=PHANTOM_POSITION phase=NONE qty=4 avgPrice=50.9700
2026-05-06 01:44:25 WARN  SELL_SKIP [US] IREN reason=PHANTOM_POSITION phase=NONE qty=4 avgPrice=50.9700
2026-05-06 01:44:30 WARN  SELL_SKIP [US] IREN reason=PHANTOM_POSITION phase=NONE qty=4 avgPrice=50.9700
2026-05-06 01:44:35 WARN  SELL_SKIP [US] IREN reason=PHANTOM_POSITION phase=NONE qty=4 avgPrice=50.9700
2026-05-06 01:44:40 WARN  SELL_SKIP [US] IREN reason=PHANTOM_POSITION phase=NONE qty=4 avgPrice=50.9700
2026-05-06 01:44:45 WARN  SELL_SKIP [US] IREN reason=PHANTOM_POSITION phase=NONE qty=4 avgPrice=50.9700
2026-05-06 01:44:50 WARN  SELL_SKIP [US] IREN reason=PHANTOM_POSITION phase=NONE qty=4 avgPrice=50.9700
2026-05-06 01:44:55 WARN  SELL_SKIP [US] IREN reason=PHANTOM_POSITION phase=NONE qty=4 avgPrice=50.9700
2026-05-06 01:45:00 WARN  SELL_SKIP [US] IREN reason=PHANTOM_POSITION phase=NONE qty=4 avgPrice=50.9700
2026-05-06 01:45:06 WARN  SELL_SKIP [US] IREN reason=PHANTOM_POSITION phase=NONE qty=4 avgPrice=50.9700
2026-05-06 01:45:11 WARN  SELL_SKIP [US] IREN reason=PHANTOM_POSITION phase=NONE qty=4 avgPrice=50.9700
2026-05-06 01:45:16 WARN  SELL_SKIP [US] IREN reason=PHANTOM_POSITION phase=NONE qty=4 avgPrice=50.9700
2026-05-06 01:45:21 WARN  SELL_SKIP [US] IREN reason=PHANTOM_POSITION phase=NONE qty=4 avgPrice=50.9700
2026-05-06 01:45:26 WARN  SELL_SKIP [US] IREN reason=PHANTOM_POSITION phase=NONE qty=4 avgPrice=50.9700
2026-05-06 01:45:31 WARN  SELL_SKIP [US] IREN reason=PHANTOM_POSITION phase=NONE qty=4 avgPrice=50.9700
2026-05-06 01:45:36 WARN  SELL_SKIP [US] IREN reason=PHANTOM_POSITION phase=NONE qty=4 avgPrice=50.9700
2026-05-06 01:45:41 WARN  SELL_SKIP [US] IREN reason=PHANTOM_POSITION phase=NONE qty=4 avgPrice=50.9700
2026-05-06 01:45:46 WARN  SELL_SKIP [US] IREN reason=PHANTOM_POSITION phase=NONE qty=4 avgPrice=50.9700
2026-05-06 01:45:51 WARN  SELL_SKIP [US] IREN reason=PHANTOM_POSITION phase=NONE qty=4 avgPrice=50.9700
2026-05-06 01:45:56 WARN  SELL_SKIP [US] IREN reason=PHANTOM_POSITION phase=NONE qty=4 avgPrice=50.9700
2026-05-06 01:46:02 WARN  SELL_SKIP [US] IREN reason=PHANTOM_POSITION phase=NONE qty=4 avgPrice=50.9700
2026-05-06 01:46:07 WARN  SELL_SKIP [US] IREN reason=PHANTOM_POSITION phase=NONE qty=4 avgPrice=50.9700
2026-05-06 01:46:12 WARN  SELL_SKIP [US] IREN reason=PHANTOM_POSITION phase=NONE qty=4 avgPrice=50.9700
2026-05-06 01:46:17 WARN  SELL_SKIP [US] IREN reason=PHANTOM_POSITION phase=NONE qty=4 avgPrice=50.9700
2026-05-06 01:46:22 WARN  SELL_SKIP [US] IREN reason=PHANTOM_POSITION phase=NONE qty=4 avgPrice=50.9700
2026-05-06 01:46:27 WARN  SELL_SKIP [US] IREN reason=PHANTOM_POSITION phase=NONE qty=4 avgPrice=50.9700
2026-05-06 01:46:32 WARN  SELL_SKIP [US] IREN reason=PHANTOM_POSITION phase=NONE qty=4 avgPrice=50.9700
2026-05-06 01:46:37 WARN  SELL_SKIP [US] IREN reason=PHANTOM_POSITION phase=NONE qty=4 avgPrice=50.9700
2026-05-06 01:46:42 WARN  SELL_SKIP [US] IREN reason=PHANTOM_POSITION phase=NONE qty=4 avgPrice=50.9700
2026-05-06 01:46:47 WARN  SELL_SKIP [US] IREN reason=PHANTOM_POSITION phase=NONE qty=4 avgPrice=50.9700
2026-05-06 01:46:52 WARN  SELL_SKIP [US] IREN reason=PHANTOM_POSITION phase=NONE qty=4 avgPrice=50.9700
2026-05-06 01:46:57 WARN  SELL_SKIP [US] IREN reason=PHANTOM_POSITION phase=NONE qty=4 avgPrice=50.9700
2026-05-06 01:47:03 WARN  SELL_SKIP [US] IREN reason=PHANTOM_POSITION phase=NONE qty=4 avgPrice=50.9700
2026-05-06 01:47:08 WARN  SELL_SKIP [US] IREN reason=PHANTOM_POSITION phase=NONE qty=4 avgPrice=50.9700
2026-05-06 01:47:13 WARN  SELL_SKIP [US] IREN reason=PHANTOM_POSITION phase=NONE qty=4 avgPrice=50.9700
2026-05-06 01:47:18 WARN  SELL_SKIP [US] IREN reason=PHANTOM_POSITION phase=NONE qty=4 avgPrice=50.9700
2026-05-06 01:47:23 WARN  SELL_SKIP [US] IREN reason=PHANTOM_POSITION phase=NONE qty=4 avgPrice=50.9700
2026-05-06 01:47:28 WARN  SELL_SKIP [US] IREN reason=PHANTOM_POSITION phase=NONE qty=4 avgPrice=50.9700
2026-05-06 01:47:33 WARN  SELL_SKIP [US] IREN reason=PHANTOM_POSITION phase=NONE qty=4 avgPrice=50.9700
2026-05-06 01:47:38 WARN  SELL_SKIP [US] IREN reason=PHANTOM_POSITION phase=NONE qty=4 avgPrice=50.9700
2026-05-06 01:47:43 WARN  SELL_SKIP [US] IREN reason=PHANTOM_POSITION phase=NONE qty=4 avgPrice=50.9700
2026-05-06 01:47:48 WARN  SELL_SKIP [US] IREN reason=PHANTOM_POSITION phase=NONE qty=4 avgPrice=50.9700
2026-05-06 01:47:53 WARN  SELL_SKIP [US] IREN reason=PHANTOM_POSITION phase=NONE qty=4 avgPrice=50.9700
2026-05-06 01:47:58 WARN  SELL_SKIP [US] IREN reason=PHANTOM_POSITION phase=NONE qty=4 avgPrice=50.9700
2026-05-06 01:48:04 WARN  SELL_SKIP [US] IREN reason=PHANTOM_POSITION phase=NONE qty=4 avgPrice=50.9700
2026-05-06 01:48:09 WARN  SELL_SKIP [US] IREN reason=PHANTOM_POSITION phase=NONE qty=4 avgPrice=50.9700
2026-05-06 01:48:14 WARN  SELL_SKIP [US] IREN reason=PHANTOM_POSITION phase=NONE qty=4 avgPrice=50.9700
2026-05-06 01:48:19 WARN  SELL_SKIP [US] IREN reason=PHANTOM_POSITION phase=NONE qty=4 avgPrice=50.9700
2026-05-06 01:48:24 WARN  SELL_SKIP [US] IREN reason=PHANTOM_POSITION phase=NONE qty=4 avgPrice=50.9700
2026-05-06 01:48:29 WARN  SELL_SKIP [US] IREN reason=PHANTOM_POSITION phase=NONE qty=4 avgPrice=50.9700
2026-05-06 01:48:34 WARN  SELL_SKIP [US] IREN reason=PHANTOM_POSITION phase=NONE qty=4 avgPrice=50.9700
2026-05-06 01:48:39 WARN  SELL_SKIP [US] IREN reason=PHANTOM_POSITION phase=NONE qty=4 avgPrice=50.9700
2026-05-06 01:48:44 WARN  SELL_SKIP [US] IREN reason=PHANTOM_POSITION phase=NONE qty=4 avgPrice=50.9700
2026-05-06 01:48:49 WARN  SELL_SKIP [US] IREN reason=PHANTOM_POSITION phase=NONE qty=4 avgPrice=50.9700
2026-05-06 01:48:55 WARN  SELL_SKIP [US] IREN reason=PHANTOM_POSITION phase=NONE qty=4 avgPrice=50.9700
2026-05-06 01:49:00 WARN  SELL_SKIP [US] IREN reason=PHANTOM_POSITION phase=NONE qty=4 avgPrice=50.9700
2026-05-06 01:49:05 WARN  SELL_SKIP [US] IREN reason=PHANTOM_POSITION phase=NONE qty=4 avgPrice=50.9700
2026-05-06 01:49:10 WARN  SELL_SKIP [US] IREN reason=PHANTOM_POSITION phase=NONE qty=4 avgPrice=50.9700
2026-05-06 01:49:15 WARN  SELL_SKIP [US] IREN reason=PHANTOM_POSITION phase=NONE qty=4 avgPrice=50.9700
2026-05-06 01:49:20 WARN  SELL_SKIP [US] IREN reason=PHANTOM_POSITION phase=NONE qty=4 avgPrice=50.9700
2026-05-06 01:49:25 WARN  SELL_SKIP [US] IREN reason=PHANTOM_POSITION phase=NONE qty=4 avgPrice=50.9700
2026-05-06 01:49:30 WARN  SELL_SKIP [US] IREN reason=PHANTOM_POSITION phase=NONE qty=4 avgPrice=50.9700
2026-05-06 01:49:35 WARN  SELL_SKIP [US] IREN reason=PHANTOM_POSITION phase=NONE qty=4 avgPrice=50.9700
2026-05-06 01:49:40 WARN  SELL_SKIP [US] IREN reason=PHANTOM_POSITION phase=NONE qty=4 avgPrice=50.9700
2026-05-06 01:49:45 WARN  SELL_SKIP [US] IREN reason=PHANTOM_POSITION phase=NONE qty=4 avgPrice=50.9700
2026-05-06 01:49:50 WARN  SELL_SKIP [US] IREN reason=PHANTOM_POSITION phase=NONE qty=4 avgPrice=50.9700
2026-05-06 01:49:56 WARN  SELL_SKIP [US] IREN reason=PHANTOM_POSITION phase=NONE qty=4 avgPrice=50.9700
2026-05-06 01:50:01 WARN  SELL_SKIP [US] IREN reason=PHANTOM_POSITION phase=NONE qty=4 avgPrice=50.9700
2026-05-06 01:50:06 WARN  SELL_SKIP [US] IREN reason=PHANTOM_POSITION phase=NONE qty=4 avgPrice=50.9700
2026-05-06 01:50:11 WARN  SELL_SKIP [US] IREN reason=PHANTOM_POSITION phase=NONE qty=4 avgPrice=50.9700
2026-05-06 01:50:16 WARN  SELL_SKIP [US] IREN reason=PHANTOM_POSITION phase=NONE qty=4 avgPrice=50.9700
2026-05-06 01:50:21 WARN  SELL_SKIP [US] IREN reason=PHANTOM_POSITION phase=NONE qty=4 avgPrice=50.9700
2026-05-06 01:50:26 WARN  SELL_SKIP [US] IREN reason=PHANTOM_POSITION phase=NONE qty=4 avgPrice=50.9700
2026-05-06 01:50:31 WARN  SELL_SKIP [US] IREN reason=PHANTOM_POSITION phase=NONE qty=4 avgPrice=50.9700
2026-05-06 01:50:36 WARN  SELL_SKIP [US] IREN reason=PHANTOM_POSITION phase=NONE qty=4 avgPrice=50.9700
2026-05-06 01:50:41 WARN  SELL_SKIP [US] IREN reason=PHANTOM_POSITION phase=NONE qty=4 avgPrice=50.9700
2026-05-06 01:50:46 WARN  SELL_SKIP [US] IREN reason=PHANTOM_POSITION phase=NONE qty=4 avgPrice=50.9700
2026-05-06 01:50:51 WARN  SELL_SKIP [US] IREN reason=PHANTOM_POSITION phase=NONE qty=4 avgPrice=50.9700
2026-05-06 01:50:57 WARN  SELL_SKIP [US] IREN reason=PHANTOM_POSITION phase=NONE qty=4 avgPrice=50.9700
2026-05-06 01:51:02 WARN  SELL_SKIP [US] IREN reason=PHANTOM_POSITION phase=NONE qty=4 avgPrice=50.9700
2026-05-06 01:51:07 WARN  SELL_SKIP [US] IREN reason=PHANTOM_POSITION phase=NONE qty=4 avgPrice=50.9700
2026-05-06 01:51:17 WARN  SELL_SKIP [US] IREN reason=PHANTOM_POSITION phase=NONE qty=4 avgPrice=50.9700
2026-05-06 01:51:22 WARN  SELL_SKIP [US] IREN reason=PHANTOM_POSITION phase=NONE qty=4 avgPrice=50.9700
2026-05-06 01:51:27 WARN  SELL_SKIP [US] IREN reason=PHANTOM_POSITION phase=NONE qty=4 avgPrice=50.9700
2026-05-06 01:51:32 WARN  SELL_SKIP [US] IREN reason=PHANTOM_POSITION phase=NONE qty=4 avgPrice=50.9700
2026-05-06 01:51:37 WARN  SELL_SKIP [US] IREN reason=PHANTOM_POSITION phase=NONE qty=4 avgPrice=50.9700
2026-05-06 01:51:42 WARN  SELL_SKIP [US] IREN reason=PHANTOM_POSITION phase=NONE qty=4 avgPrice=50.9700
2026-05-06 01:51:47 WARN  SELL_SKIP [US] IREN reason=PHANTOM_POSITION phase=NONE qty=4 avgPrice=50.9700
2026-05-06 01:51:52 WARN  SELL_SKIP [US] IREN reason=PHANTOM_POSITION phase=NONE qty=4 avgPrice=50.9700
2026-05-06 01:51:58 WARN  SELL_SKIP [US] IREN reason=PHANTOM_POSITION phase=NONE qty=4 avgPrice=50.9700
2026-05-06 01:52:03 WARN  SELL_SKIP [US] IREN reason=PHANTOM_POSITION phase=NONE qty=4 avgPrice=50.9700
2026-05-06 01:52:08 WARN  SELL_SKIP [US] IREN reason=PHANTOM_POSITION phase=NONE qty=4 avgPrice=50.9700
2026-05-06 01:52:13 WARN  SELL_SKIP [US] IREN reason=PHANTOM_POSITION phase=NONE qty=4 avgPrice=50.9700
2026-05-06 01:52:18 WARN  SELL_SKIP [US] IREN reason=PHANTOM_POSITION phase=NONE qty=4 avgPrice=50.9700
2026-05-06 01:52:23 WARN  SELL_SKIP [US] IREN reason=PHANTOM_POSITION phase=NONE qty=4 avgPrice=50.9700
2026-05-06 01:52:28 WARN  SELL_SKIP [US] IREN reason=PHANTOM_POSITION phase=NONE qty=4 avgPrice=50.9700
2026-05-06 01:52:33 WARN  SELL_SKIP [US] IREN reason=PHANTOM_POSITION phase=NONE qty=4 avgPrice=50.9700
2026-05-06 01:52:38 WARN  SELL_SKIP [US] IREN reason=PHANTOM_POSITION phase=NONE qty=4 avgPrice=50.9700
2026-05-06 01:52:43 WARN  SELL_SKIP [US] IREN reason=PHANTOM_POSITION phase=NONE qty=4 avgPrice=50.9700
2026-05-06 01:52:48 WARN  SELL_SKIP [US] IREN reason=PHANTOM_POSITION phase=NONE qty=4 avgPrice=50.9700
2026-05-06 01:52:53 WARN  SELL_SKIP [US] IREN reason=PHANTOM_POSITION phase=NONE qty=4 avgPrice=50.9700
2026-05-06 01:52:59 WARN  SELL_SKIP [US] IREN reason=PHANTOM_POSITION phase=NONE qty=4 avgPrice=50.9700
2026-05-06 01:53:04 WARN  SELL_SKIP [US] IREN reason=PHANTOM_POSITION phase=NONE qty=4 avgPrice=50.9700
2026-05-06 01:53:09 WARN  SELL_SKIP [US] IREN reason=PHANTOM_POSITION phase=NONE qty=4 avgPrice=50.9700
2026-05-06 01:53:14 WARN  SELL_SKIP [US] IREN reason=PHANTOM_POSITION phase=NONE qty=4 avgPrice=50.9700
2026-05-06 01:53:19 WARN  SELL_SKIP [US] IREN reason=PHANTOM_POSITION phase=NONE qty=4 avgPrice=50.9700
2026-05-06 01:53:24 WARN  SELL_SKIP [US] IREN reason=PHANTOM_POSITION phase=NONE qty=4 avgPrice=50.9700
2026-05-06 01:53:29 WARN  SELL_SKIP [US] IREN reason=PHANTOM_POSITION phase=NONE qty=4 avgPrice=50.9700
2026-05-06 01:53:34 WARN  SELL_SKIP [US] IREN reason=PHANTOM_POSITION phase=NONE qty=4 avgPrice=50.9700
2026-05-06 01:53:39 WARN  SELL_SKIP [US] IREN reason=PHANTOM_POSITION phase=NONE qty=4 avgPrice=50.9700
2026-05-06 01:53:44 WARN  SELL_SKIP [US] IREN reason=PHANTOM_POSITION phase=NONE qty=4 avgPrice=50.9700
2026-05-06 01:53:49 WARN  SELL_SKIP [US] IREN reason=PHANTOM_POSITION phase=NONE qty=4 avgPrice=50.9700
2026-05-06 01:53:54 WARN  SELL_SKIP [US] IREN reason=PHANTOM_POSITION phase=NONE qty=4 avgPrice=50.9700
2026-05-06 01:54:00 WARN  SELL_SKIP [US] IREN reason=PHANTOM_POSITION phase=NONE qty=4 avgPrice=50.9700
2026-05-06 01:54:05 WARN  SELL_SKIP [US] IREN reason=PHANTOM_POSITION phase=NONE qty=4 avgPrice=50.9700
2026-05-06 01:54:10 WARN  SELL_SKIP [US] IREN reason=PHANTOM_POSITION phase=NONE qty=4 avgPrice=50.9700
2026-05-06 01:54:15 WARN  SELL_SKIP [US] IREN reason=PHANTOM_POSITION phase=NONE qty=4 avgPrice=50.9700
2026-05-06 01:54:20 WARN  SELL_SKIP [US] IREN reason=PHANTOM_POSITION phase=NONE qty=4 avgPrice=50.9700
2026-05-06 01:54:25 WARN  SELL_SKIP [US] IREN reason=PHANTOM_POSITION phase=NONE qty=4 avgPrice=50.9700
2026-05-06 01:54:30 WARN  SELL_SKIP [US] IREN reason=PHANTOM_POSITION phase=NONE qty=4 avgPrice=50.9700
2026-05-06 01:54:35 WARN  SELL_SKIP [US] IREN reason=PHANTOM_POSITION phase=NONE qty=4 avgPrice=50.9700
2026-05-06 01:54:40 WARN  SELL_SKIP [US] IREN reason=PHANTOM_POSITION phase=NONE qty=4 avgPrice=50.9700
2026-05-06 01:54:45 WARN  SELL_SKIP [US] IREN reason=PHANTOM_POSITION phase=NONE qty=4 avgPrice=50.9700
2026-05-06 01:54:50 WARN  SELL_SKIP [US] IREN reason=PHANTOM_POSITION phase=NONE qty=4 avgPrice=50.9700
2026-05-06 01:54:56 WARN  SELL_SKIP [US] IREN reason=PHANTOM_POSITION phase=NONE qty=4 avgPrice=50.9700
2026-05-06 01:55:01 WARN  SELL_SKIP [US] IREN reason=PHANTOM_POSITION phase=NONE qty=4 avgPrice=50.9700
2026-05-06 01:55:06 WARN  SELL_SKIP [US] IREN reason=PHANTOM_POSITION phase=NONE qty=4 avgPrice=50.9700
2026-05-06 01:55:11 WARN  SELL_SKIP [US] IREN reason=PHANTOM_POSITION phase=NONE qty=4 avgPrice=50.9700
2026-05-06 01:55:16 WARN  SELL_SKIP [US] IREN reason=PHANTOM_POSITION phase=NONE qty=4 avgPrice=50.9700
2026-05-06 01:55:21 WARN  SELL_SKIP [US] IREN reason=PHANTOM_POSITION phase=NONE qty=4 avgPrice=50.9700
2026-05-06 01:55:26 WARN  SELL_SKIP [US] IREN reason=PHANTOM_POSITION phase=NONE qty=4 avgPrice=50.9700
2026-05-06 01:55:31 WARN  SELL_SKIP [US] IREN reason=PHANTOM_POSITION phase=NONE qty=4 avgPrice=50.9700
2026-05-06 01:55:36 WARN  SELL_SKIP [US] IREN reason=PHANTOM_POSITION phase=NONE qty=4 avgPrice=50.9700
2026-05-06 01:55:41 WARN  SELL_SKIP [US] IREN reason=PHANTOM_POSITION phase=NONE qty=4 avgPrice=50.9700
2026-05-06 01:55:47 WARN  SELL_SKIP [US] IREN reason=PHANTOM_POSITION phase=NONE qty=4 avgPrice=50.9700
2026-05-06 01:55:52 WARN  SELL_SKIP [US] IREN reason=PHANTOM_POSITION phase=NONE qty=4 avgPrice=50.9700
2026-05-06 01:55:57 WARN  SELL_SKIP [US] IREN reason=PHANTOM_POSITION phase=NONE qty=4 avgPrice=50.9700
2026-05-06 01:56:02 WARN  SELL_SKIP [US] IREN reason=PHANTOM_POSITION phase=NONE qty=4 avgPrice=50.9700
2026-05-06 01:56:07 WARN  SELL_SKIP [US] IREN reason=PHANTOM_POSITION phase=NONE qty=4 avgPrice=50.9700
2026-05-06 01:56:12 WARN  SELL_SKIP [US] IREN reason=PHANTOM_POSITION phase=NONE qty=4 avgPrice=50.9700
2026-05-06 01:56:17 WARN  SELL_SKIP [US] IREN reason=PHANTOM_POSITION phase=NONE qty=4 avgPrice=50.9700
2026-05-06 01:56:22 WARN  SELL_SKIP [US] IREN reason=PHANTOM_POSITION phase=NONE qty=4 avgPrice=50.9700
2026-05-06 01:56:27 WARN  SELL_SKIP [US] IREN reason=PHANTOM_POSITION phase=NONE qty=4 avgPrice=50.9700
2026-05-06 01:56:32 WARN  SELL_SKIP [US] IREN reason=PHANTOM_POSITION phase=NONE qty=4 avgPrice=50.9700
2026-05-06 01:56:37 WARN  SELL_SKIP [US] IREN reason=PHANTOM_POSITION phase=NONE qty=4 avgPrice=50.9700
2026-05-06 01:56:42 WARN  SELL_SKIP [US] IREN reason=PHANTOM_POSITION phase=NONE qty=4 avgPrice=50.9700
2026-05-06 01:56:48 WARN  SELL_SKIP [US] IREN reason=PHANTOM_POSITION phase=NONE qty=4 avgPrice=50.9700
2026-05-06 01:56:53 WARN  SELL_SKIP [US] IREN reason=PHANTOM_POSITION phase=NONE qty=4 avgPrice=50.9700
2026-05-06 01:56:58 WARN  SELL_SKIP [US] IREN reason=PHANTOM_POSITION phase=NONE qty=4 avgPrice=50.9700
2026-05-06 01:57:03 WARN  SELL_SKIP [US] IREN reason=PHANTOM_POSITION phase=NONE qty=4 avgPrice=50.9700
2026-05-06 01:57:08 WARN  SELL_SKIP [US] IREN reason=PHANTOM_POSITION phase=NONE qty=4 avgPrice=50.9700
2026-05-06 01:57:13 WARN  SELL_SKIP [US] IREN reason=PHANTOM_POSITION phase=NONE qty=4 avgPrice=50.9700
2026-05-06 01:57:18 WARN  SELL_SKIP [US] IREN reason=PHANTOM_POSITION phase=NONE qty=4 avgPrice=50.9700
2026-05-06 01:57:28 WARN  SELL_SKIP [US] IREN reason=PHANTOM_POSITION phase=NONE qty=4 avgPrice=50.9700
2026-05-06 01:57:33 WARN  SELL_SKIP [US] IREN reason=PHANTOM_POSITION phase=NONE qty=4 avgPrice=50.9700
2026-05-06 01:57:38 WARN  SELL_SKIP [US] IREN reason=PHANTOM_POSITION phase=NONE qty=4 avgPrice=50.9700
2026-05-06 01:57:43 WARN  SELL_SKIP [US] IREN reason=PHANTOM_POSITION phase=NONE qty=4 avgPrice=50.9700
2026-05-06 01:57:49 WARN  SELL_SKIP [US] IREN reason=PHANTOM_POSITION phase=NONE qty=4 avgPrice=50.9700
2026-05-06 01:57:54 WARN  SELL_SKIP [US] IREN reason=PHANTOM_POSITION phase=NONE qty=4 avgPrice=50.9700
2026-05-06 01:57:59 WARN  SELL_SKIP [US] IREN reason=PHANTOM_POSITION phase=NONE qty=4 avgPrice=50.9700
2026-05-06 01:58:04 WARN  SELL_SKIP [US] IREN reason=PHANTOM_POSITION phase=NONE qty=4 avgPrice=50.9700
2026-05-06 01:58:09 WARN  SELL_SKIP [US] IREN reason=PHANTOM_POSITION phase=NONE qty=4 avgPrice=50.9700
2026-05-06 01:58:14 WARN  SELL_SKIP [US] IREN reason=PHANTOM_POSITION phase=NONE qty=4 avgPrice=50.9700
2026-05-06 01:58:19 WARN  SELL_SKIP [US] IREN reason=PHANTOM_POSITION phase=NONE qty=4 avgPrice=50.9700
2026-05-06 01:58:24 WARN  SELL_SKIP [US] IREN reason=PHANTOM_POSITION phase=NONE qty=4 avgPrice=50.9700
2026-05-06 01:58:29 WARN  SELL_SKIP [US] IREN reason=PHANTOM_POSITION phase=NONE qty=4 avgPrice=50.9700
2026-05-06 01:58:34 WARN  SELL_SKIP [US] IREN reason=PHANTOM_POSITION phase=NONE qty=4 avgPrice=50.9700
2026-05-06 01:58:39 WARN  SELL_SKIP [US] IREN reason=PHANTOM_POSITION phase=NONE qty=4 avgPrice=50.9700
2026-05-06 01:58:45 WARN  SELL_SKIP [US] IREN reason=PHANTOM_POSITION phase=NONE qty=4 avgPrice=50.9700
2026-05-06 01:58:50 WARN  SELL_SKIP [US] IREN reason=PHANTOM_POSITION phase=NONE qty=4 avgPrice=50.9700
2026-05-06 01:58:55 WARN  SELL_SKIP [US] IREN reason=PHANTOM_POSITION phase=NONE qty=4 avgPrice=50.9700
2026-05-06 01:59:00 WARN  SELL_SKIP [US] IREN reason=PHANTOM_POSITION phase=NONE qty=4 avgPrice=50.9700
2026-05-06 01:59:05 WARN  SELL_SKIP [US] IREN reason=PHANTOM_POSITION phase=NONE qty=4 avgPrice=50.9700
2026-05-06 01:59:10 WARN  SELL_SKIP [US] IREN reason=PHANTOM_POSITION phase=NONE qty=4 avgPrice=50.9700
2026-05-06 01:59:15 WARN  SELL_SKIP [US] IREN reason=PHANTOM_POSITION phase=NONE qty=4 avgPrice=50.9700
2026-05-06 01:59:20 WARN  SELL_SKIP [US] IREN reason=PHANTOM_POSITION phase=NONE qty=4 avgPrice=50.9700
2026-05-06 01:59:25 WARN  SELL_SKIP [US] IREN reason=PHANTOM_POSITION phase=NONE qty=4 avgPrice=50.9700
2026-05-06 01:59:30 WARN  SELL_SKIP [US] IREN reason=PHANTOM_POSITION phase=NONE qty=4 avgPrice=50.9700
2026-05-06 01:59:35 WARN  SELL_SKIP [US] IREN reason=PHANTOM_POSITION phase=NONE qty=4 avgPrice=50.9700
2026-05-06 01:59:40 WARN  SELL_SKIP [US] IREN reason=PHANTOM_POSITION phase=NONE qty=4 avgPrice=50.9700
2026-05-06 01:59:46 WARN  SELL_SKIP [US] IREN reason=PHANTOM_POSITION phase=NONE qty=4 avgPrice=50.9700
2026-05-06 01:59:51 WARN  SELL_SKIP [US] IREN reason=PHANTOM_POSITION phase=NONE qty=4 avgPrice=50.9700
2026-05-06 01:59:56 WARN  SELL_SKIP [US] IREN reason=PHANTOM_POSITION phase=NONE qty=4 avgPrice=50.9700
2026-05-06 02:00:01 WARN  SELL_SKIP [US] IREN reason=PHANTOM_POSITION phase=NONE qty=4 avgPrice=50.9700
2026-05-06 02:00:06 WARN  SELL_SKIP [US] IREN reason=PHANTOM_POSITION phase=NONE qty=4 avgPrice=50.9700
2026-05-06 02:00:11 WARN  SELL_SKIP [US] IREN reason=PHANTOM_POSITION phase=NONE qty=4 avgPrice=50.9700
2026-05-06 02:00:16 WARN  SELL_SKIP [US] IREN reason=PHANTOM_POSITION phase=NONE qty=4 avgPrice=50.9700
2026-05-06 02:00:21 WARN  SELL_SKIP [US] IREN reason=PHANTOM_POSITION phase=NONE qty=4 avgPrice=50.9700
2026-05-06 02:00:26 WARN  SELL_SKIP [US] IREN reason=PHANTOM_POSITION phase=NONE qty=4 avgPrice=50.9700
2026-05-06 02:00:31 WARN  SELL_SKIP [US] IREN reason=PHANTOM_POSITION phase=NONE qty=4 avgPrice=50.9700
2026-05-06 02:00:36 WARN  SELL_SKIP [US] IREN reason=PHANTOM_POSITION phase=NONE qty=4 avgPrice=50.9700
2026-05-06 02:00:41 WARN  SELL_SKIP [US] IREN reason=PHANTOM_POSITION phase=NONE qty=4 avgPrice=50.9700
2026-05-06 02:00:47 WARN  SELL_SKIP [US] IREN reason=PHANTOM_POSITION phase=NONE qty=4 avgPrice=50.9700
2026-05-06 02:00:52 WARN  SELL_SKIP [US] IREN reason=PHANTOM_POSITION phase=NONE qty=4 avgPrice=50.9700
2026-05-06 02:00:57 WARN  SELL_SKIP [US] IREN reason=PHANTOM_POSITION phase=NONE qty=4 avgPrice=50.9700
2026-05-06 02:01:02 WARN  SELL_SKIP [US] IREN reason=PHANTOM_POSITION phase=NONE qty=4 avgPrice=50.9700
2026-05-06 02:01:07 WARN  SELL_SKIP [US] IREN reason=PHANTOM_POSITION phase=NONE qty=4 avgPrice=50.9700
2026-05-06 02:01:12 WARN  SELL_SKIP [US] IREN reason=PHANTOM_POSITION phase=NONE qty=4 avgPrice=50.9700
2026-05-06 02:01:17 WARN  SELL_SKIP [US] IREN reason=PHANTOM_POSITION phase=NONE qty=4 avgPrice=50.9700
2026-05-06 02:01:22 WARN  SELL_SKIP [US] IREN reason=PHANTOM_POSITION phase=NONE qty=4 avgPrice=50.9700
2026-05-06 02:01:27 WARN  SELL_SKIP [US] IREN reason=PHANTOM_POSITION phase=NONE qty=4 avgPrice=50.9700
2026-05-06 02:01:32 WARN  SELL_SKIP [US] IREN reason=PHANTOM_POSITION phase=NONE qty=4 avgPrice=50.9700
2026-05-06 02:01:37 WARN  SELL_SKIP [US] IREN reason=PHANTOM_POSITION phase=NONE qty=4 avgPrice=50.9700
2026-05-06 02:01:42 WARN  SELL_SKIP [US] IREN reason=PHANTOM_POSITION phase=NONE qty=4 avgPrice=50.9700
2026-05-06 02:01:48 WARN  SELL_SKIP [US] IREN reason=PHANTOM_POSITION phase=NONE qty=4 avgPrice=50.9700
2026-05-06 02:01:53 WARN  SELL_SKIP [US] IREN reason=PHANTOM_POSITION phase=NONE qty=4 avgPrice=50.9700
2026-05-06 02:01:58 WARN  SELL_SKIP [US] IREN reason=PHANTOM_POSITION phase=NONE qty=4 avgPrice=50.9700
2026-05-06 02:02:03 WARN  SELL_SKIP [US] IREN reason=PHANTOM_POSITION phase=NONE qty=4 avgPrice=50.9700
2026-05-06 02:02:08 WARN  SELL_SKIP [US] IREN reason=PHANTOM_POSITION phase=NONE qty=4 avgPrice=50.9700
2026-05-06 02:02:13 WARN  SELL_SKIP [US] IREN reason=PHANTOM_POSITION phase=NONE qty=4 avgPrice=50.9700
2026-05-06 02:02:18 WARN  SELL_SKIP [US] IREN reason=PHANTOM_POSITION phase=NONE qty=4 avgPrice=50.9700
2026-05-06 02:02:23 WARN  SELL_SKIP [US] IREN reason=PHANTOM_POSITION phase=NONE qty=4 avgPrice=50.9700
2026-05-06 02:02:28 WARN  SELL_SKIP [US] IREN reason=PHANTOM_POSITION phase=NONE qty=4 avgPrice=50.9700
2026-05-06 02:02:33 WARN  SELL_SKIP [US] IREN reason=PHANTOM_POSITION phase=NONE qty=4 avgPrice=50.9700
2026-05-06 02:02:38 WARN  SELL_SKIP [US] IREN reason=PHANTOM_POSITION phase=NONE qty=4 avgPrice=50.9700
2026-05-06 02:02:44 WARN  SELL_SKIP [US] IREN reason=PHANTOM_POSITION phase=NONE qty=4 avgPrice=50.9700
2026-05-06 02:02:49 WARN  SELL_SKIP [US] IREN reason=PHANTOM_POSITION phase=NONE qty=4 avgPrice=50.9700
2026-05-06 02:02:54 WARN  SELL_SKIP [US] IREN reason=PHANTOM_POSITION phase=NONE qty=4 avgPrice=50.9700
2026-05-06 02:02:59 WARN  SELL_SKIP [US] IREN reason=PHANTOM_POSITION phase=NONE qty=4 avgPrice=50.9700
2026-05-06 02:03:04 WARN  SELL_SKIP [US] IREN reason=PHANTOM_POSITION phase=NONE qty=4 avgPrice=50.9700
2026-05-06 02:03:09 WARN  SELL_SKIP [US] IREN reason=PHANTOM_POSITION phase=NONE qty=4 avgPrice=50.9700
2026-05-06 02:03:14 WARN  SELL_SKIP [US] IREN reason=PHANTOM_POSITION phase=NONE qty=4 avgPrice=50.9700
2026-05-06 02:03:19 WARN  SELL_SKIP [US] IREN reason=PHANTOM_POSITION phase=NONE qty=4 avgPrice=50.9700
2026-05-06 02:03:24 WARN  SELL_SKIP [US] IREN reason=PHANTOM_POSITION phase=NONE qty=4 avgPrice=50.9700
2026-05-06 02:03:29 WARN  SELL_SKIP [US] IREN reason=PHANTOM_POSITION phase=NONE qty=4 avgPrice=50.9700
2026-05-06 02:03:34 WARN  SELL_SKIP [US] IREN reason=PHANTOM_POSITION phase=NONE qty=4 avgPrice=50.9700
2026-05-06 02:03:39 WARN  SELL_SKIP [US] IREN reason=PHANTOM_POSITION phase=NONE qty=4 avgPrice=50.9700
2026-05-06 02:03:44 WARN  SELL_SKIP [US] IREN reason=PHANTOM_POSITION phase=NONE qty=4 avgPrice=50.9700
2026-05-06 02:03:50 WARN  SELL_SKIP [US] IREN reason=PHANTOM_POSITION phase=NONE qty=4 avgPrice=50.9700
2026-05-06 02:03:55 WARN  SELL_SKIP [US] IREN reason=PHANTOM_POSITION phase=NONE qty=4 avgPrice=50.9700
2026-05-06 02:04:00 WARN  SELL_SKIP [US] IREN reason=PHANTOM_POSITION phase=NONE qty=4 avgPrice=50.9700
2026-05-06 02:04:05 WARN  SELL_SKIP [US] IREN reason=PHANTOM_POSITION phase=NONE qty=4 avgPrice=50.9700
2026-05-06 02:04:10 WARN  SELL_SKIP [US] IREN reason=PHANTOM_POSITION phase=NONE qty=4 avgPrice=50.9700
2026-05-06 02:04:15 WARN  SELL_SKIP [US] IREN reason=PHANTOM_POSITION phase=NONE qty=4 avgPrice=50.9700
2026-05-06 02:04:20 WARN  SELL_SKIP [US] IREN reason=PHANTOM_POSITION phase=NONE qty=4 avgPrice=50.9700
2026-05-06 02:04:25 WARN  SELL_SKIP [US] IREN reason=PHANTOM_POSITION phase=NONE qty=4 avgPrice=50.9700
2026-05-06 02:04:30 WARN  SELL_SKIP [US] IREN reason=PHANTOM_POSITION phase=NONE qty=4 avgPrice=50.9700
2026-05-06 02:04:35 WARN  SELL_SKIP [US] IREN reason=PHANTOM_POSITION phase=NONE qty=4 avgPrice=50.9700
2026-05-06 02:04:40 WARN  SELL_SKIP [US] IREN reason=PHANTOM_POSITION phase=NONE qty=4 avgPrice=50.9700
2026-05-06 02:04:45 WARN  SELL_SKIP [US] IREN reason=PHANTOM_POSITION phase=NONE qty=4 avgPrice=50.9700
2026-05-06 02:04:50 WARN  SELL_SKIP [US] IREN reason=PHANTOM_POSITION phase=NONE qty=4 avgPrice=50.9700
2026-05-06 02:04:56 WARN  SELL_SKIP [US] IREN reason=PHANTOM_POSITION phase=NONE qty=4 avgPrice=50.9700
2026-05-06 02:05:01 WARN  SELL_SKIP [US] IREN reason=PHANTOM_POSITION phase=NONE qty=4 avgPrice=50.9700
2026-05-06 02:05:06 WARN  SELL_SKIP [US] IREN reason=PHANTOM_POSITION phase=NONE qty=4 avgPrice=50.9700
2026-05-06 02:05:11 WARN  SELL_SKIP [US] IREN reason=PHANTOM_POSITION phase=NONE qty=4 avgPrice=50.9700
2026-05-06 02:05:16 WARN  SELL_SKIP [US] IREN reason=PHANTOM_POSITION phase=NONE qty=4 avgPrice=50.9700
2026-05-06 02:05:21 WARN  SELL_SKIP [US] IREN reason=PHANTOM_POSITION phase=NONE qty=4 avgPrice=50.9700
2026-05-06 02:05:26 WARN  SELL_SKIP [US] IREN reason=PHANTOM_POSITION phase=NONE qty=4 avgPrice=50.9700
2026-05-06 02:05:31 WARN  SELL_SKIP [US] IREN reason=PHANTOM_POSITION phase=NONE qty=4 avgPrice=50.9700
2026-05-06 02:05:36 WARN  SELL_SKIP [US] IREN reason=PHANTOM_POSITION phase=NONE qty=4 avgPrice=50.9700
2026-05-06 02:05:41 WARN  SELL_SKIP [US] IREN reason=PHANTOM_POSITION phase=NONE qty=4 avgPrice=50.9700
2026-05-06 02:05:46 WARN  SELL_SKIP [US] IREN reason=PHANTOM_POSITION phase=NONE qty=4 avgPrice=50.9700
2026-05-06 02:05:51 WARN  SELL_SKIP [US] IREN reason=PHANTOM_POSITION phase=NONE qty=4 avgPrice=50.9700
2026-05-06 02:05:57 WARN  SELL_SKIP [US] IREN reason=PHANTOM_POSITION phase=NONE qty=4 avgPrice=50.9700
2026-05-06 02:06:02 WARN  SELL_SKIP [US] IREN reason=PHANTOM_POSITION phase=NONE qty=4 avgPrice=50.9700
2026-05-06 02:06:07 WARN  SELL_SKIP [US] IREN reason=PHANTOM_POSITION phase=NONE qty=4 avgPrice=50.9700
2026-05-06 02:06:12 WARN  SELL_SKIP [US] IREN reason=PHANTOM_POSITION phase=NONE qty=4 avgPrice=50.9700
2026-05-06 02:06:17 WARN  SELL_SKIP [US] IREN reason=PHANTOM_POSITION phase=NONE qty=4 avgPrice=50.9700
2026-05-06 02:06:22 WARN  SELL_SKIP [US] IREN reason=PHANTOM_POSITION phase=NONE qty=4 avgPrice=50.9700
2026-05-06 02:06:27 WARN  SELL_SKIP [US] IREN reason=PHANTOM_POSITION phase=NONE qty=4 avgPrice=50.9700
2026-05-06 02:06:32 WARN  SELL_SKIP [US] IREN reason=PHANTOM_POSITION phase=NONE qty=4 avgPrice=50.9700
2026-05-06 02:06:37 WARN  SELL_SKIP [US] IREN reason=PHANTOM_POSITION phase=NONE qty=4 avgPrice=50.9700
2026-05-06 02:06:42 WARN  SELL_SKIP [US] IREN reason=PHANTOM_POSITION phase=NONE qty=4 avgPrice=50.9700
2026-05-06 02:06:47 WARN  SELL_SKIP [US] IREN reason=PHANTOM_POSITION phase=NONE qty=4 avgPrice=50.9700
2026-05-06 02:06:52 WARN  SELL_SKIP [US] IREN reason=PHANTOM_POSITION phase=NONE qty=4 avgPrice=50.9700
2026-05-06 02:06:58 WARN  SELL_SKIP [US] IREN reason=PHANTOM_POSITION phase=NONE qty=4 avgPrice=50.9700
2026-05-06 02:07:03 WARN  SELL_SKIP [US] IREN reason=PHANTOM_POSITION phase=NONE qty=4 avgPrice=50.9700
2026-05-06 02:07:08 WARN  SELL_SKIP [US] IREN reason=PHANTOM_POSITION phase=NONE qty=4 avgPrice=50.9700
2026-05-06 02:07:13 WARN  SELL_SKIP [US] IREN reason=PHANTOM_POSITION phase=NONE qty=4 avgPrice=50.9700
2026-05-06 02:07:18 WARN  SELL_SKIP [US] IREN reason=PHANTOM_POSITION phase=NONE qty=4 avgPrice=50.9700
2026-05-06 02:07:23 WARN  SELL_SKIP [US] IREN reason=PHANTOM_POSITION phase=NONE qty=4 avgPrice=50.9700
2026-05-06 02:07:28 WARN  SELL_SKIP [US] IREN reason=PHANTOM_POSITION phase=NONE qty=4 avgPrice=50.9700
2026-05-06 02:07:33 WARN  SELL_SKIP [US] IREN reason=PHANTOM_POSITION phase=NONE qty=4 avgPrice=50.9700
2026-05-06 02:07:38 WARN  SELL_SKIP [US] IREN reason=PHANTOM_POSITION phase=NONE qty=4 avgPrice=50.9700
2026-05-06 02:07:43 WARN  SELL_SKIP [US] IREN reason=PHANTOM_POSITION phase=NONE qty=4 avgPrice=50.9700
2026-05-06 02:07:48 WARN  SELL_SKIP [US] IREN reason=PHANTOM_POSITION phase=NONE qty=4 avgPrice=50.9700
2026-05-06 02:07:54 WARN  SELL_SKIP [US] IREN reason=PHANTOM_POSITION phase=NONE qty=4 avgPrice=50.9700
2026-05-06 02:07:59 WARN  SELL_SKIP [US] IREN reason=PHANTOM_POSITION phase=NONE qty=4 avgPrice=50.9700
2026-05-06 02:08:04 WARN  SELL_SKIP [US] IREN reason=PHANTOM_POSITION phase=NONE qty=4 avgPrice=50.9700
2026-05-06 02:08:09 WARN  SELL_SKIP [US] IREN reason=PHANTOM_POSITION phase=NONE qty=4 avgPrice=50.9700
2026-05-06 02:08:14 WARN  SELL_SKIP [US] IREN reason=PHANTOM_POSITION phase=NONE qty=4 avgPrice=50.9700
2026-05-06 02:08:19 WARN  SELL_SKIP [US] IREN reason=PHANTOM_POSITION phase=NONE qty=4 avgPrice=50.9700
2026-05-06 02:08:24 WARN  SELL_SKIP [US] IREN reason=PHANTOM_POSITION phase=NONE qty=4 avgPrice=50.9700
2026-05-06 02:08:29 WARN  SELL_SKIP [US] IREN reason=PHANTOM_POSITION phase=NONE qty=4 avgPrice=50.9700
2026-05-06 02:08:34 WARN  SELL_SKIP [US] IREN reason=PHANTOM_POSITION phase=NONE qty=4 avgPrice=50.9700
2026-05-06 02:08:39 WARN  SELL_SKIP [US] IREN reason=PHANTOM_POSITION phase=NONE qty=4 avgPrice=50.9700
2026-05-06 02:08:44 WARN  SELL_SKIP [US] IREN reason=PHANTOM_POSITION phase=NONE qty=4 avgPrice=50.9700
2026-05-06 02:08:49 WARN  SELL_SKIP [US] IREN reason=PHANTOM_POSITION phase=NONE qty=4 avgPrice=50.9700
2026-05-06 02:08:55 WARN  SELL_SKIP [US] IREN reason=PHANTOM_POSITION phase=NONE qty=4 avgPrice=50.9700
2026-05-06 02:09:00 WARN  SELL_SKIP [US] IREN reason=PHANTOM_POSITION phase=NONE qty=4 avgPrice=50.9700
2026-05-06 02:09:05 WARN  SELL_SKIP [US] IREN reason=PHANTOM_POSITION phase=NONE qty=4 avgPrice=50.9700
2026-05-06 02:09:10 WARN  SELL_SKIP [US] IREN reason=PHANTOM_POSITION phase=NONE qty=4 avgPrice=50.9700
2026-05-06 02:09:15 WARN  SELL_SKIP [US] IREN reason=PHANTOM_POSITION phase=NONE qty=4 avgPrice=50.9700
2026-05-06 02:09:20 WARN  SELL_SKIP [US] IREN reason=PHANTOM_POSITION phase=NONE qty=4 avgPrice=50.9700
2026-05-06 02:09:25 WARN  SELL_SKIP [US] IREN reason=PHANTOM_POSITION phase=NONE qty=4 avgPrice=50.9700
2026-05-06 02:09:30 WARN  SELL_SKIP [US] IREN reason=PHANTOM_POSITION phase=NONE qty=4 avgPrice=50.9700
2026-05-06 02:09:35 WARN  SELL_SKIP [US] IREN reason=PHANTOM_POSITION phase=NONE qty=4 avgPrice=50.9700
2026-05-06 02:09:40 WARN  SELL_SKIP [US] IREN reason=PHANTOM_POSITION phase=NONE qty=4 avgPrice=50.9700
2026-05-06 02:09:46 WARN  SELL_SKIP [US] IREN reason=PHANTOM_POSITION phase=NONE qty=4 avgPrice=50.9700
2026-05-06 02:09:51 WARN  SELL_SKIP [US] IREN reason=PHANTOM_POSITION phase=NONE qty=4 avgPrice=50.9700
2026-05-06 02:09:56 WARN  SELL_SKIP [US] IREN reason=PHANTOM_POSITION phase=NONE qty=4 avgPrice=50.9700
2026-05-06 02:10:01 WARN  SELL_SKIP [US] IREN reason=PHANTOM_POSITION phase=NONE qty=4 avgPrice=50.9700
2026-05-06 02:10:06 WARN  SELL_SKIP [US] IREN reason=PHANTOM_POSITION phase=NONE qty=4 avgPrice=50.9700
2026-05-06 02:10:11 WARN  SELL_SKIP [US] IREN reason=PHANTOM_POSITION phase=NONE qty=4 avgPrice=50.9700
2026-05-06 02:10:16 WARN  SELL_SKIP [US] IREN reason=PHANTOM_POSITION phase=NONE qty=4 avgPrice=50.9700
2026-05-06 02:10:21 WARN  SELL_SKIP [US] IREN reason=PHANTOM_POSITION phase=NONE qty=4 avgPrice=50.9700
2026-05-06 02:10:26 WARN  SELL_SKIP [US] IREN reason=PHANTOM_POSITION phase=NONE qty=4 avgPrice=50.9700
2026-05-06 02:10:31 WARN  SELL_SKIP [US] IREN reason=PHANTOM_POSITION phase=NONE qty=4 avgPrice=50.9700
2026-05-06 02:10:36 WARN  SELL_SKIP [US] IREN reason=PHANTOM_POSITION phase=NONE qty=4 avgPrice=50.9700
2026-05-06 02:10:41 WARN  SELL_SKIP [US] IREN reason=PHANTOM_POSITION phase=NONE qty=4 avgPrice=50.9700
2026-05-06 02:10:46 WARN  SELL_SKIP [US] IREN reason=PHANTOM_POSITION phase=NONE qty=4 avgPrice=50.9700
2026-05-06 02:10:52 WARN  SELL_SKIP [US] IREN reason=PHANTOM_POSITION phase=NONE qty=4 avgPrice=50.9700
2026-05-06 02:10:57 WARN  SELL_SKIP [US] IREN reason=PHANTOM_POSITION phase=NONE qty=4 avgPrice=50.9700
2026-05-06 02:11:02 WARN  SELL_SKIP [US] IREN reason=PHANTOM_POSITION phase=NONE qty=4 avgPrice=50.9700
2026-05-06 02:11:07 WARN  SELL_SKIP [US] IREN reason=PHANTOM_POSITION phase=NONE qty=4 avgPrice=50.9700
2026-05-06 02:11:12 WARN  SELL_SKIP [US] IREN reason=PHANTOM_POSITION phase=NONE qty=4 avgPrice=50.9700
2026-05-06 02:11:17 WARN  SELL_SKIP [US] IREN reason=PHANTOM_POSITION phase=NONE qty=4 avgPrice=50.9700
2026-05-06 02:11:22 WARN  SELL_SKIP [US] IREN reason=PHANTOM_POSITION phase=NONE qty=4 avgPrice=50.9700
2026-05-06 02:11:27 WARN  SELL_SKIP [US] IREN reason=PHANTOM_POSITION phase=NONE qty=4 avgPrice=50.9700
2026-05-06 02:11:37 WARN  SELL_SKIP [US] IREN reason=PHANTOM_POSITION phase=NONE qty=4 avgPrice=50.9700
2026-05-06 02:11:42 WARN  SELL_SKIP [US] IREN reason=PHANTOM_POSITION phase=NONE qty=4 avgPrice=50.9700
2026-05-06 02:11:47 WARN  SELL_SKIP [US] IREN reason=PHANTOM_POSITION phase=NONE qty=4 avgPrice=50.9700
2026-05-06 02:11:53 WARN  SELL_SKIP [US] IREN reason=PHANTOM_POSITION phase=NONE qty=4 avgPrice=50.9700
2026-05-06 02:11:58 WARN  SELL_SKIP [US] IREN reason=PHANTOM_POSITION phase=NONE qty=4 avgPrice=50.9700
2026-05-06 02:12:03 WARN  SELL_SKIP [US] IREN reason=PHANTOM_POSITION phase=NONE qty=4 avgPrice=50.9700
2026-05-06 02:12:08 WARN  SELL_SKIP [US] IREN reason=PHANTOM_POSITION phase=NONE qty=4 avgPrice=50.9700
2026-05-06 02:12:13 WARN  SELL_SKIP [US] IREN reason=PHANTOM_POSITION phase=NONE qty=4 avgPrice=50.9700
2026-05-06 02:12:18 WARN  SELL_SKIP [US] IREN reason=PHANTOM_POSITION phase=NONE qty=4 avgPrice=50.9700
2026-05-06 02:12:23 WARN  SELL_SKIP [US] IREN reason=PHANTOM_POSITION phase=NONE qty=4 avgPrice=50.9700
2026-05-06 02:12:28 WARN  SELL_SKIP [US] IREN reason=PHANTOM_POSITION phase=NONE qty=4 avgPrice=50.9700
2026-05-06 02:12:33 WARN  SELL_SKIP [US] IREN reason=PHANTOM_POSITION phase=NONE qty=4 avgPrice=50.9700
2026-05-06 02:12:38 WARN  SELL_SKIP [US] IREN reason=PHANTOM_POSITION phase=NONE qty=4 avgPrice=50.9700
2026-05-06 02:12:43 WARN  SELL_SKIP [US] IREN reason=PHANTOM_POSITION phase=NONE qty=4 avgPrice=50.9700
2026-05-06 02:12:48 WARN  SELL_SKIP [US] IREN reason=PHANTOM_POSITION phase=NONE qty=4 avgPrice=50.9700
2026-05-06 02:12:54 WARN  SELL_SKIP [US] IREN reason=PHANTOM_POSITION phase=NONE qty=4 avgPrice=50.9700
2026-05-06 02:12:59 WARN  SELL_SKIP [US] IREN reason=PHANTOM_POSITION phase=NONE qty=4 avgPrice=50.9700
2026-05-06 02:13:04 WARN  SELL_SKIP [US] IREN reason=PHANTOM_POSITION phase=NONE qty=4 avgPrice=50.9700
2026-05-06 02:13:09 WARN  SELL_SKIP [US] IREN reason=PHANTOM_POSITION phase=NONE qty=4 avgPrice=50.9700
2026-05-06 02:13:14 WARN  SELL_SKIP [US] IREN reason=PHANTOM_POSITION phase=NONE qty=4 avgPrice=50.9700
2026-05-06 02:13:19 WARN  SELL_SKIP [US] IREN reason=PHANTOM_POSITION phase=NONE qty=4 avgPrice=50.9700
2026-05-06 02:13:24 WARN  SELL_SKIP [US] IREN reason=PHANTOM_POSITION phase=NONE qty=4 avgPrice=50.9700
2026-05-06 02:13:29 WARN  SELL_SKIP [US] IREN reason=PHANTOM_POSITION phase=NONE qty=4 avgPrice=50.9700
2026-05-06 02:13:34 WARN  SELL_SKIP [US] IREN reason=PHANTOM_POSITION phase=NONE qty=4 avgPrice=50.9700
2026-05-06 02:13:39 WARN  SELL_SKIP [US] IREN reason=PHANTOM_POSITION phase=NONE qty=4 avgPrice=50.9700
2026-05-06 02:13:44 WARN  SELL_SKIP [US] IREN reason=PHANTOM_POSITION phase=NONE qty=4 avgPrice=50.9700
2026-05-06 02:13:50 WARN  SELL_SKIP [US] IREN reason=PHANTOM_POSITION phase=NONE qty=4 avgPrice=50.9700
2026-05-06 02:13:55 WARN  SELL_SKIP [US] IREN reason=PHANTOM_POSITION phase=NONE qty=4 avgPrice=50.9700
2026-05-06 02:14:00 WARN  SELL_SKIP [US] IREN reason=PHANTOM_POSITION phase=NONE qty=4 avgPrice=50.9700
2026-05-06 02:14:05 WARN  SELL_SKIP [US] IREN reason=PHANTOM_POSITION phase=NONE qty=4 avgPrice=50.9700
2026-05-06 02:14:10 WARN  SELL_SKIP [US] IREN reason=PHANTOM_POSITION phase=NONE qty=4 avgPrice=50.9700
2026-05-06 02:14:15 WARN  SELL_SKIP [US] IREN reason=PHANTOM_POSITION phase=NONE qty=4 avgPrice=50.9700
2026-05-06 02:14:20 WARN  SELL_SKIP [US] IREN reason=PHANTOM_POSITION phase=NONE qty=4 avgPrice=50.9700
2026-05-06 02:14:25 WARN  SELL_SKIP [US] IREN reason=PHANTOM_POSITION phase=NONE qty=4 avgPrice=50.9700
2026-05-06 02:14:30 WARN  SELL_SKIP [US] IREN reason=PHANTOM_POSITION phase=NONE qty=4 avgPrice=50.9700
2026-05-06 02:14:35 WARN  SELL_SKIP [US] IREN reason=PHANTOM_POSITION phase=NONE qty=4 avgPrice=50.9700
2026-05-06 02:14:40 WARN  SELL_SKIP [US] IREN reason=PHANTOM_POSITION phase=NONE qty=4 avgPrice=50.9700
2026-05-06 02:14:46 WARN  SELL_SKIP [US] IREN reason=PHANTOM_POSITION phase=NONE qty=4 avgPrice=50.9700
2026-05-06 02:14:51 WARN  SELL_SKIP [US] IREN reason=PHANTOM_POSITION phase=NONE qty=4 avgPrice=50.9700
2026-05-06 02:14:56 WARN  SELL_SKIP [US] IREN reason=PHANTOM_POSITION phase=NONE qty=4 avgPrice=50.9700
2026-05-06 02:15:01 WARN  SELL_SKIP [US] IREN reason=PHANTOM_POSITION phase=NONE qty=4 avgPrice=50.9700
2026-05-06 02:15:06 WARN  SELL_SKIP [US] IREN reason=PHANTOM_POSITION phase=NONE qty=4 avgPrice=50.9700
2026-05-06 02:15:11 WARN  SELL_SKIP [US] IREN reason=PHANTOM_POSITION phase=NONE qty=4 avgPrice=50.9700
2026-05-06 02:15:16 WARN  SELL_SKIP [US] IREN reason=PHANTOM_POSITION phase=NONE qty=4 avgPrice=50.9700
2026-05-06 02:15:21 WARN  SELL_SKIP [US] IREN reason=PHANTOM_POSITION phase=NONE qty=4 avgPrice=50.9700
2026-05-06 02:15:26 WARN  SELL_SKIP [US] IREN reason=PHANTOM_POSITION phase=NONE qty=4 avgPrice=50.9700
2026-05-06 02:15:31 WARN  SELL_SKIP [US] IREN reason=PHANTOM_POSITION phase=NONE qty=4 avgPrice=50.9700
2026-05-06 02:15:36 WARN  SELL_SKIP [US] IREN reason=PHANTOM_POSITION phase=NONE qty=4 avgPrice=50.9700
2026-05-06 02:15:41 WARN  SELL_SKIP [US] IREN reason=PHANTOM_POSITION phase=NONE qty=4 avgPrice=50.9700
2026-05-06 02:15:47 WARN  SELL_SKIP [US] IREN reason=PHANTOM_POSITION phase=NONE qty=4 avgPrice=50.9700
2026-05-06 02:15:52 WARN  SELL_SKIP [US] IREN reason=PHANTOM_POSITION phase=NONE qty=4 avgPrice=50.9700
2026-05-06 02:15:57 WARN  SELL_SKIP [US] IREN reason=PHANTOM_POSITION phase=NONE qty=4 avgPrice=50.9700
2026-05-06 02:16:02 WARN  SELL_SKIP [US] IREN reason=PHANTOM_POSITION phase=NONE qty=4 avgPrice=50.9700
2026-05-06 02:16:07 WARN  SELL_SKIP [US] IREN reason=PHANTOM_POSITION phase=NONE qty=4 avgPrice=50.9700
2026-05-06 02:16:12 WARN  SELL_SKIP [US] IREN reason=PHANTOM_POSITION phase=NONE qty=4 avgPrice=50.9700
2026-05-06 02:16:17 WARN  SELL_SKIP [US] IREN reason=PHANTOM_POSITION phase=NONE qty=4 avgPrice=50.9700
2026-05-06 02:16:22 WARN  SELL_SKIP [US] IREN reason=PHANTOM_POSITION phase=NONE qty=4 avgPrice=50.9700
2026-05-06 02:16:27 WARN  SELL_SKIP [US] IREN reason=PHANTOM_POSITION phase=NONE qty=4 avgPrice=50.9700
2026-05-06 02:16:32 WARN  SELL_SKIP [US] IREN reason=PHANTOM_POSITION phase=NONE qty=4 avgPrice=50.9700
2026-05-06 02:16:37 WARN  SELL_SKIP [US] IREN reason=PHANTOM_POSITION phase=NONE qty=4 avgPrice=50.9700
2026-05-06 02:16:43 WARN  SELL_SKIP [US] IREN reason=PHANTOM_POSITION phase=NONE qty=4 avgPrice=50.9700
2026-05-06 02:16:48 WARN  SELL_SKIP [US] IREN reason=PHANTOM_POSITION phase=NONE qty=4 avgPrice=50.9700
2026-05-06 02:16:53 WARN  SELL_SKIP [US] IREN reason=PHANTOM_POSITION phase=NONE qty=4 avgPrice=50.9700
2026-05-06 02:16:58 WARN  SELL_SKIP [US] IREN reason=PHANTOM_POSITION phase=NONE qty=4 avgPrice=50.9700
2026-05-06 02:17:03 WARN  SELL_SKIP [US] IREN reason=PHANTOM_POSITION phase=NONE qty=4 avgPrice=50.9700
2026-05-06 02:17:08 WARN  SELL_SKIP [US] IREN reason=PHANTOM_POSITION phase=NONE qty=4 avgPrice=50.9700
2026-05-06 02:17:13 WARN  SELL_SKIP [US] IREN reason=PHANTOM_POSITION phase=NONE qty=4 avgPrice=50.9700
2026-05-06 02:17:18 WARN  SELL_SKIP [US] IREN reason=PHANTOM_POSITION phase=NONE qty=4 avgPrice=50.9700
2026-05-06 02:17:23 WARN  SELL_SKIP [US] IREN reason=PHANTOM_POSITION phase=NONE qty=4 avgPrice=50.9700
2026-05-06 02:17:28 WARN  SELL_SKIP [US] IREN reason=PHANTOM_POSITION phase=NONE qty=4 avgPrice=50.9700
2026-05-06 02:17:33 WARN  SELL_SKIP [US] IREN reason=PHANTOM_POSITION phase=NONE qty=4 avgPrice=50.9700
2026-05-06 02:17:38 WARN  SELL_SKIP [US] IREN reason=PHANTOM_POSITION phase=NONE qty=4 avgPrice=50.9700
2026-05-06 02:17:44 WARN  SELL_SKIP [US] IREN reason=PHANTOM_POSITION phase=NONE qty=4 avgPrice=50.9700
2026-05-06 02:17:49 WARN  SELL_SKIP [US] IREN reason=PHANTOM_POSITION phase=NONE qty=4 avgPrice=50.9700
2026-05-06 02:17:54 WARN  SELL_SKIP [US] IREN reason=PHANTOM_POSITION phase=NONE qty=4 avgPrice=50.9700
2026-05-06 02:17:59 WARN  SELL_SKIP [US] IREN reason=PHANTOM_POSITION phase=NONE qty=4 avgPrice=50.9700
2026-05-06 02:18:04 WARN  SELL_SKIP [US] IREN reason=PHANTOM_POSITION phase=NONE qty=4 avgPrice=50.9700
2026-05-06 02:18:09 WARN  SELL_SKIP [US] IREN reason=PHANTOM_POSITION phase=NONE qty=4 avgPrice=50.9700
2026-05-06 02:18:14 WARN  SELL_SKIP [US] IREN reason=PHANTOM_POSITION phase=NONE qty=4 avgPrice=50.9700
2026-05-06 02:18:19 WARN  SELL_SKIP [US] IREN reason=PHANTOM_POSITION phase=NONE qty=4 avgPrice=50.9700
2026-05-06 02:18:24 WARN  SELL_SKIP [US] IREN reason=PHANTOM_POSITION phase=NONE qty=4 avgPrice=50.9700
2026-05-06 02:18:29 WARN  SELL_SKIP [US] IREN reason=PHANTOM_POSITION phase=NONE qty=4 avgPrice=50.9700
2026-05-06 02:18:34 WARN  SELL_SKIP [US] IREN reason=PHANTOM_POSITION phase=NONE qty=4 avgPrice=50.9700
2026-05-06 02:18:39 WARN  SELL_SKIP [US] IREN reason=PHANTOM_POSITION phase=NONE qty=4 avgPrice=50.9700
2026-05-06 02:18:45 WARN  SELL_SKIP [US] IREN reason=PHANTOM_POSITION phase=NONE qty=4 avgPrice=50.9700
2026-05-06 02:18:50 WARN  SELL_SKIP [US] IREN reason=PHANTOM_POSITION phase=NONE qty=4 avgPrice=50.9700
2026-05-06 02:18:55 WARN  SELL_SKIP [US] IREN reason=PHANTOM_POSITION phase=NONE qty=4 avgPrice=50.9700
2026-05-06 02:19:00 WARN  SELL_SKIP [US] IREN reason=PHANTOM_POSITION phase=NONE qty=4 avgPrice=50.9700
2026-05-06 02:19:05 WARN  SELL_SKIP [US] IREN reason=PHANTOM_POSITION phase=NONE qty=4 avgPrice=50.9700
2026-05-06 02:19:10 WARN  SELL_SKIP [US] IREN reason=PHANTOM_POSITION phase=NONE qty=4 avgPrice=50.9700
2026-05-06 02:19:15 WARN  SELL_SKIP [US] IREN reason=PHANTOM_POSITION phase=NONE qty=4 avgPrice=50.9700
2026-05-06 02:19:20 WARN  SELL_SKIP [US] IREN reason=PHANTOM_POSITION phase=NONE qty=4 avgPrice=50.9700
2026-05-06 02:19:25 WARN  SELL_SKIP [US] IREN reason=PHANTOM_POSITION phase=NONE qty=4 avgPrice=50.9700
2026-05-06 02:19:30 WARN  SELL_SKIP [US] IREN reason=PHANTOM_POSITION phase=NONE qty=4 avgPrice=50.9700
2026-05-06 02:19:35 WARN  SELL_SKIP [US] IREN reason=PHANTOM_POSITION phase=NONE qty=4 avgPrice=50.9700
2026-05-06 02:19:40 WARN  SELL_SKIP [US] IREN reason=PHANTOM_POSITION phase=NONE qty=4 avgPrice=50.9700
2026-05-06 02:19:46 WARN  SELL_SKIP [US] IREN reason=PHANTOM_POSITION phase=NONE qty=4 avgPrice=50.9700
2026-05-06 02:19:51 WARN  SELL_SKIP [US] IREN reason=PHANTOM_POSITION phase=NONE qty=4 avgPrice=50.9700
2026-05-06 02:19:56 WARN  SELL_SKIP [US] IREN reason=PHANTOM_POSITION phase=NONE qty=4 avgPrice=50.9700
2026-05-06 02:20:01 WARN  SELL_SKIP [US] IREN reason=PHANTOM_POSITION phase=NONE qty=4 avgPrice=50.9700
2026-05-06 02:20:06 WARN  SELL_SKIP [US] IREN reason=PHANTOM_POSITION phase=NONE qty=4 avgPrice=50.9700
2026-05-06 02:20:11 WARN  SELL_SKIP [US] IREN reason=PHANTOM_POSITION phase=NONE qty=4 avgPrice=50.9700
2026-05-06 02:20:16 WARN  SELL_SKIP [US] IREN reason=PHANTOM_POSITION phase=NONE qty=4 avgPrice=50.9700
2026-05-06 02:20:21 WARN  SELL_SKIP [US] IREN reason=PHANTOM_POSITION phase=NONE qty=4 avgPrice=50.9700
2026-05-06 02:20:26 WARN  SELL_SKIP [US] IREN reason=PHANTOM_POSITION phase=NONE qty=4 avgPrice=50.9700
2026-05-06 02:20:31 WARN  SELL_SKIP [US] IREN reason=PHANTOM_POSITION phase=NONE qty=4 avgPrice=50.9700
2026-05-06 02:20:36 WARN  SELL_SKIP [US] IREN reason=PHANTOM_POSITION phase=NONE qty=4 avgPrice=50.9700
2026-05-06 02:20:41 WARN  SELL_SKIP [US] IREN reason=PHANTOM_POSITION phase=NONE qty=4 avgPrice=50.9700
2026-05-06 02:20:47 WARN  SELL_SKIP [US] IREN reason=PHANTOM_POSITION phase=NONE qty=4 avgPrice=50.9700
2026-05-06 02:20:52 WARN  SELL_SKIP [US] IREN reason=PHANTOM_POSITION phase=NONE qty=4 avgPrice=50.9700
2026-05-06 02:20:57 WARN  SELL_SKIP [US] IREN reason=PHANTOM_POSITION phase=NONE qty=4 avgPrice=50.9700
2026-05-06 02:21:07 WARN  SELL_SKIP [US] IREN reason=PHANTOM_POSITION phase=NONE qty=4 avgPrice=50.9700
2026-05-06 02:21:12 WARN  SELL_SKIP [US] IREN reason=PHANTOM_POSITION phase=NONE qty=4 avgPrice=50.9700
2026-05-06 02:21:17 WARN  SELL_SKIP [US] IREN reason=PHANTOM_POSITION phase=NONE qty=4 avgPrice=50.9700
2026-05-06 02:21:22 WARN  SELL_SKIP [US] IREN reason=PHANTOM_POSITION phase=NONE qty=4 avgPrice=50.9700
2026-05-06 02:21:27 WARN  SELL_SKIP [US] IREN reason=PHANTOM_POSITION phase=NONE qty=4 avgPrice=50.9700
2026-05-06 02:21:32 WARN  SELL_SKIP [US] IREN reason=PHANTOM_POSITION phase=NONE qty=4 avgPrice=50.9700
2026-05-06 02:21:37 WARN  SELL_SKIP [US] IREN reason=PHANTOM_POSITION phase=NONE qty=4 avgPrice=50.9700
2026-05-06 02:21:43 WARN  SELL_SKIP [US] IREN reason=PHANTOM_POSITION phase=NONE qty=4 avgPrice=50.9700
2026-05-06 02:21:48 WARN  SELL_SKIP [US] IREN reason=PHANTOM_POSITION phase=NONE qty=4 avgPrice=50.9700
2026-05-06 02:21:53 WARN  SELL_SKIP [US] IREN reason=PHANTOM_POSITION phase=NONE qty=4 avgPrice=50.9700
2026-05-06 02:21:58 WARN  SELL_SKIP [US] IREN reason=PHANTOM_POSITION phase=NONE qty=4 avgPrice=50.9700
2026-05-06 02:22:03 WARN  SELL_SKIP [US] IREN reason=PHANTOM_POSITION phase=NONE qty=4 avgPrice=50.9700
2026-05-06 02:22:08 WARN  SELL_SKIP [US] IREN reason=PHANTOM_POSITION phase=NONE qty=4 avgPrice=50.9700
2026-05-06 02:22:13 WARN  SELL_SKIP [US] IREN reason=PHANTOM_POSITION phase=NONE qty=4 avgPrice=50.9700
2026-05-06 02:22:18 WARN  SELL_SKIP [US] IREN reason=PHANTOM_POSITION phase=NONE qty=4 avgPrice=50.9700
2026-05-06 02:22:23 WARN  SELL_SKIP [US] IREN reason=PHANTOM_POSITION phase=NONE qty=4 avgPrice=50.9700
2026-05-06 02:22:28 WARN  SELL_SKIP [US] IREN reason=PHANTOM_POSITION phase=NONE qty=4 avgPrice=50.9700
2026-05-06 02:22:33 WARN  SELL_SKIP [US] IREN reason=PHANTOM_POSITION phase=NONE qty=4 avgPrice=50.9700
2026-05-06 02:22:38 WARN  SELL_SKIP [US] IREN reason=PHANTOM_POSITION phase=NONE qty=4 avgPrice=50.9700
2026-05-06 02:22:44 WARN  SELL_SKIP [US] IREN reason=PHANTOM_POSITION phase=NONE qty=4 avgPrice=50.9700
2026-05-06 02:22:49 WARN  SELL_SKIP [US] IREN reason=PHANTOM_POSITION phase=NONE qty=4 avgPrice=50.9700
2026-05-06 02:22:54 WARN  SELL_SKIP [US] IREN reason=PHANTOM_POSITION phase=NONE qty=4 avgPrice=50.9700
2026-05-06 02:22:59 WARN  SELL_SKIP [US] IREN reason=PHANTOM_POSITION phase=NONE qty=4 avgPrice=50.9700
2026-05-06 02:23:04 WARN  SELL_SKIP [US] IREN reason=PHANTOM_POSITION phase=NONE qty=4 avgPrice=50.9700
2026-05-06 02:23:09 WARN  SELL_SKIP [US] IREN reason=PHANTOM_POSITION phase=NONE qty=4 avgPrice=50.9700
2026-05-06 02:23:14 WARN  SELL_SKIP [US] IREN reason=PHANTOM_POSITION phase=NONE qty=4 avgPrice=50.9700
2026-05-06 02:23:19 WARN  SELL_SKIP [US] IREN reason=PHANTOM_POSITION phase=NONE qty=4 avgPrice=50.9700
2026-05-06 02:23:24 WARN  SELL_SKIP [US] IREN reason=PHANTOM_POSITION phase=NONE qty=4 avgPrice=50.9700
2026-05-06 02:23:29 WARN  SELL_SKIP [US] IREN reason=PHANTOM_POSITION phase=NONE qty=4 avgPrice=50.9700
2026-05-06 02:23:35 WARN  SELL_SKIP [US] IREN reason=PHANTOM_POSITION phase=NONE qty=4 avgPrice=50.9700
2026-05-06 02:23:40 WARN  SELL_SKIP [US] IREN reason=PHANTOM_POSITION phase=NONE qty=4 avgPrice=50.9700
2026-05-06 02:23:45 WARN  SELL_SKIP [US] IREN reason=PHANTOM_POSITION phase=NONE qty=4 avgPrice=50.9700
2026-05-06 02:23:50 WARN  SELL_SKIP [US] IREN reason=PHANTOM_POSITION phase=NONE qty=4 avgPrice=50.9700
2026-05-06 02:23:55 WARN  SELL_SKIP [US] IREN reason=PHANTOM_POSITION phase=NONE qty=4 avgPrice=50.9700
2026-05-06 02:24:00 WARN  SELL_SKIP [US] IREN reason=PHANTOM_POSITION phase=NONE qty=4 avgPrice=50.9700
2026-05-06 02:24:05 WARN  SELL_SKIP [US] IREN reason=PHANTOM_POSITION phase=NONE qty=4 avgPrice=50.9700
2026-05-06 02:24:10 WARN  SELL_SKIP [US] IREN reason=PHANTOM_POSITION phase=NONE qty=4 avgPrice=50.9700
2026-05-06 02:24:15 WARN  SELL_SKIP [US] IREN reason=PHANTOM_POSITION phase=NONE qty=4 avgPrice=50.9700
2026-05-06 02:24:20 WARN  SELL_SKIP [US] IREN reason=PHANTOM_POSITION phase=NONE qty=4 avgPrice=50.9700
2026-05-06 02:24:25 WARN  SELL_SKIP [US] IREN reason=PHANTOM_POSITION phase=NONE qty=4 avgPrice=50.9700
2026-05-06 02:24:30 WARN  SELL_SKIP [US] IREN reason=PHANTOM_POSITION phase=NONE qty=4 avgPrice=50.9700
2026-05-06 02:24:36 WARN  SELL_SKIP [US] IREN reason=PHANTOM_POSITION phase=NONE qty=4 avgPrice=50.9700
2026-05-06 02:24:41 WARN  SELL_SKIP [US] IREN reason=PHANTOM_POSITION phase=NONE qty=4 avgPrice=50.9700
2026-05-06 02:24:46 WARN  SELL_SKIP [US] IREN reason=PHANTOM_POSITION phase=NONE qty=4 avgPrice=50.9700
2026-05-06 02:24:51 WARN  SELL_SKIP [US] IREN reason=PHANTOM_POSITION phase=NONE qty=4 avgPrice=50.9700
2026-05-06 02:24:56 WARN  SELL_SKIP [US] IREN reason=PHANTOM_POSITION phase=NONE qty=4 avgPrice=50.9700
2026-05-06 02:25:01 WARN  SELL_SKIP [US] IREN reason=PHANTOM_POSITION phase=NONE qty=4 avgPrice=50.9700
2026-05-06 02:25:06 WARN  SELL_SKIP [US] IREN reason=PHANTOM_POSITION phase=NONE qty=4 avgPrice=50.9700
2026-05-06 02:25:11 WARN  SELL_SKIP [US] IREN reason=PHANTOM_POSITION phase=NONE qty=4 avgPrice=50.9700
2026-05-06 02:25:16 WARN  SELL_SKIP [US] IREN reason=PHANTOM_POSITION phase=NONE qty=4 avgPrice=50.9700
2026-05-06 02:25:21 WARN  SELL_SKIP [US] IREN reason=PHANTOM_POSITION phase=NONE qty=4 avgPrice=50.9700
2026-05-06 02:25:26 WARN  SELL_SKIP [US] IREN reason=PHANTOM_POSITION phase=NONE qty=4 avgPrice=50.9700
2026-05-06 02:25:31 WARN  SELL_SKIP [US] IREN reason=PHANTOM_POSITION phase=NONE qty=4 avgPrice=50.9700
2026-05-06 02:25:37 WARN  SELL_SKIP [US] IREN reason=PHANTOM_POSITION phase=NONE qty=4 avgPrice=50.9700
2026-05-06 02:25:42 WARN  SELL_SKIP [US] IREN reason=PHANTOM_POSITION phase=NONE qty=4 avgPrice=50.9700
2026-05-06 02:25:47 WARN  SELL_SKIP [US] IREN reason=PHANTOM_POSITION phase=NONE qty=4 avgPrice=50.9700
2026-05-06 02:25:52 WARN  SELL_SKIP [US] IREN reason=PHANTOM_POSITION phase=NONE qty=4 avgPrice=50.9700
2026-05-06 02:25:57 WARN  SELL_SKIP [US] IREN reason=PHANTOM_POSITION phase=NONE qty=4 avgPrice=50.9700
2026-05-06 02:26:02 WARN  SELL_SKIP [US] IREN reason=PHANTOM_POSITION phase=NONE qty=4 avgPrice=50.9700
2026-05-06 02:26:07 WARN  SELL_SKIP [US] IREN reason=PHANTOM_POSITION phase=NONE qty=4 avgPrice=50.9700
2026-05-06 02:26:12 WARN  SELL_SKIP [US] IREN reason=PHANTOM_POSITION phase=NONE qty=4 avgPrice=50.9700
2026-05-06 02:26:17 WARN  SELL_SKIP [US] IREN reason=PHANTOM_POSITION phase=NONE qty=4 avgPrice=50.9700
2026-05-06 02:26:22 WARN  SELL_SKIP [US] IREN reason=PHANTOM_POSITION phase=NONE qty=4 avgPrice=50.9700
2026-05-06 02:26:27 WARN  SELL_SKIP [US] IREN reason=PHANTOM_POSITION phase=NONE qty=4 avgPrice=50.9700
2026-05-06 02:26:33 WARN  SELL_SKIP [US] IREN reason=PHANTOM_POSITION phase=NONE qty=4 avgPrice=50.9700
2026-05-06 02:26:38 WARN  SELL_SKIP [US] IREN reason=PHANTOM_POSITION phase=NONE qty=4 avgPrice=50.9700
2026-05-06 02:26:43 WARN  SELL_SKIP [US] IREN reason=PHANTOM_POSITION phase=NONE qty=4 avgPrice=50.9700
2026-05-06 02:26:48 WARN  SELL_SKIP [US] IREN reason=PHANTOM_POSITION phase=NONE qty=4 avgPrice=50.9700
2026-05-06 02:26:53 WARN  SELL_SKIP [US] IREN reason=PHANTOM_POSITION phase=NONE qty=4 avgPrice=50.9700
2026-05-06 02:26:58 WARN  SELL_SKIP [US] IREN reason=PHANTOM_POSITION phase=NONE qty=4 avgPrice=50.9700
2026-05-06 02:27:03 WARN  SELL_SKIP [US] IREN reason=PHANTOM_POSITION phase=NONE qty=4 avgPrice=50.9700
2026-05-06 02:27:08 WARN  SELL_SKIP [US] IREN reason=PHANTOM_POSITION phase=NONE qty=4 avgPrice=50.9700
2026-05-06 02:27:13 WARN  SELL_SKIP [US] IREN reason=PHANTOM_POSITION phase=NONE qty=4 avgPrice=50.9700
2026-05-06 02:27:18 WARN  SELL_SKIP [US] IREN reason=PHANTOM_POSITION phase=NONE qty=4 avgPrice=50.9700
2026-05-06 02:27:23 WARN  SELL_SKIP [US] IREN reason=PHANTOM_POSITION phase=NONE qty=4 avgPrice=50.9700
2026-05-06 02:27:28 WARN  SELL_SKIP [US] IREN reason=PHANTOM_POSITION phase=NONE qty=4 avgPrice=50.9700
2026-05-06 02:27:34 WARN  SELL_SKIP [US] IREN reason=PHANTOM_POSITION phase=NONE qty=4 avgPrice=50.9700
2026-05-06 02:27:39 WARN  SELL_SKIP [US] IREN reason=PHANTOM_POSITION phase=NONE qty=4 avgPrice=50.9700
2026-05-06 02:27:44 WARN  SELL_SKIP [US] IREN reason=PHANTOM_POSITION phase=NONE qty=4 avgPrice=50.9700
2026-05-06 02:27:54 WARN  SELL_SKIP [US] IREN reason=PHANTOM_POSITION phase=NONE qty=4 avgPrice=50.9700
2026-05-06 02:27:59 WARN  SELL_SKIP [US] IREN reason=PHANTOM_POSITION phase=NONE qty=4 avgPrice=50.9700
2026-05-06 02:28:04 WARN  SELL_SKIP [US] IREN reason=PHANTOM_POSITION phase=NONE qty=4 avgPrice=50.9700
2026-05-06 02:28:09 WARN  SELL_SKIP [US] IREN reason=PHANTOM_POSITION phase=NONE qty=4 avgPrice=50.9700
2026-05-06 02:28:14 WARN  SELL_SKIP [US] IREN reason=PHANTOM_POSITION phase=NONE qty=4 avgPrice=50.9700
2026-05-06 02:28:19 WARN  SELL_SKIP [US] IREN reason=PHANTOM_POSITION phase=NONE qty=4 avgPrice=50.9700
2026-05-06 02:28:25 WARN  SELL_SKIP [US] IREN reason=PHANTOM_POSITION phase=NONE qty=4 avgPrice=50.9700
2026-05-06 02:28:30 WARN  SELL_SKIP [US] IREN reason=PHANTOM_POSITION phase=NONE qty=4 avgPrice=50.9700
2026-05-06 02:28:35 WARN  SELL_SKIP [US] IREN reason=PHANTOM_POSITION phase=NONE qty=4 avgPrice=50.9700
2026-05-06 02:28:40 WARN  SELL_SKIP [US] IREN reason=PHANTOM_POSITION phase=NONE qty=4 avgPrice=50.9700
2026-05-06 02:28:45 WARN  SELL_SKIP [US] IREN reason=PHANTOM_POSITION phase=NONE qty=4 avgPrice=50.9700
2026-05-06 02:28:50 WARN  SELL_SKIP [US] IREN reason=PHANTOM_POSITION phase=NONE qty=4 avgPrice=50.9700
2026-05-06 02:28:55 WARN  SELL_SKIP [US] IREN reason=PHANTOM_POSITION phase=NONE qty=4 avgPrice=50.9700
2026-05-06 02:29:00 WARN  SELL_SKIP [US] IREN reason=PHANTOM_POSITION phase=NONE qty=4 avgPrice=50.9700
2026-05-06 02:29:05 WARN  SELL_SKIP [US] IREN reason=PHANTOM_POSITION phase=NONE qty=4 avgPrice=50.9700
2026-05-06 02:29:10 WARN  SELL_SKIP [US] IREN reason=PHANTOM_POSITION phase=NONE qty=4 avgPrice=50.9700
2026-05-06 02:29:16 WARN  SELL_SKIP [US] IREN reason=PHANTOM_POSITION phase=NONE qty=4 avgPrice=50.9700
2026-05-06 02:29:21 WARN  SELL_SKIP [US] IREN reason=PHANTOM_POSITION phase=NONE qty=4 avgPrice=50.9700
2026-05-06 02:29:26 WARN  SELL_SKIP [US] IREN reason=PHANTOM_POSITION phase=NONE qty=4 avgPrice=50.9700
2026-05-06 02:29:31 WARN  SELL_SKIP [US] IREN reason=PHANTOM_POSITION phase=NONE qty=4 avgPrice=50.9700
2026-05-06 02:29:36 WARN  SELL_SKIP [US] IREN reason=PHANTOM_POSITION phase=NONE qty=4 avgPrice=50.9700
2026-05-06 02:29:41 WARN  SELL_SKIP [US] IREN reason=PHANTOM_POSITION phase=NONE qty=4 avgPrice=50.9700
2026-05-06 02:29:46 WARN  SELL_SKIP [US] IREN reason=PHANTOM_POSITION phase=NONE qty=4 avgPrice=50.9700
2026-05-06 02:29:51 WARN  SELL_SKIP [US] IREN reason=PHANTOM_POSITION phase=NONE qty=4 avgPrice=50.9700
2026-05-06 02:29:56 WARN  SELL_SKIP [US] IREN reason=PHANTOM_POSITION phase=NONE qty=4 avgPrice=50.9700
2026-05-06 02:30:01 WARN  SELL_SKIP [US] IREN reason=PHANTOM_POSITION phase=NONE qty=4 avgPrice=50.9700
2026-05-06 02:30:06 WARN  SELL_SKIP [US] IREN reason=PHANTOM_POSITION phase=NONE qty=4 avgPrice=50.9700
2026-05-06 02:30:11 WARN  SELL_SKIP [US] IREN reason=PHANTOM_POSITION phase=NONE qty=4 avgPrice=50.9700
2026-05-06 02:30:17 WARN  SELL_SKIP [US] IREN reason=PHANTOM_POSITION phase=NONE qty=4 avgPrice=50.9700
2026-05-06 02:30:22 WARN  SELL_SKIP [US] IREN reason=PHANTOM_POSITION phase=NONE qty=4 avgPrice=50.9700
2026-05-06 02:30:27 WARN  SELL_SKIP [US] IREN reason=PHANTOM_POSITION phase=NONE qty=4 avgPrice=50.9700
2026-05-06 02:30:32 WARN  SELL_SKIP [US] IREN reason=PHANTOM_POSITION phase=NONE qty=4 avgPrice=50.9700
2026-05-06 02:30:37 WARN  SELL_SKIP [US] IREN reason=PHANTOM_POSITION phase=NONE qty=4 avgPrice=50.9700
2026-05-06 02:30:42 WARN  SELL_SKIP [US] IREN reason=PHANTOM_POSITION phase=NONE qty=4 avgPrice=50.9700
2026-05-06 02:30:47 WARN  SELL_SKIP [US] IREN reason=PHANTOM_POSITION phase=NONE qty=4 avgPrice=50.9700
2026-05-06 02:30:52 WARN  SELL_SKIP [US] IREN reason=PHANTOM_POSITION phase=NONE qty=4 avgPrice=50.9700
2026-05-06 02:30:57 WARN  SELL_SKIP [US] IREN reason=PHANTOM_POSITION phase=NONE qty=4 avgPrice=50.9700
2026-05-06 02:31:02 WARN  SELL_SKIP [US] IREN reason=PHANTOM_POSITION phase=NONE qty=4 avgPrice=50.9700
2026-05-06 02:31:08 WARN  SELL_SKIP [US] IREN reason=PHANTOM_POSITION phase=NONE qty=4 avgPrice=50.9700
2026-05-06 02:31:13 WARN  SELL_SKIP [US] IREN reason=PHANTOM_POSITION phase=NONE qty=4 avgPrice=50.9700
2026-05-06 02:31:18 WARN  SELL_SKIP [US] IREN reason=PHANTOM_POSITION phase=NONE qty=4 avgPrice=50.9700
2026-05-06 02:31:23 WARN  SELL_SKIP [US] IREN reason=PHANTOM_POSITION phase=NONE qty=4 avgPrice=50.9700
2026-05-06 02:31:28 WARN  SELL_SKIP [US] IREN reason=PHANTOM_POSITION phase=NONE qty=4 avgPrice=50.9700
2026-05-06 02:31:33 WARN  SELL_SKIP [US] IREN reason=PHANTOM_POSITION phase=NONE qty=4 avgPrice=50.9700
2026-05-06 02:31:38 WARN  SELL_SKIP [US] IREN reason=PHANTOM_POSITION phase=NONE qty=4 avgPrice=50.9700
2026-05-06 02:31:43 WARN  SELL_SKIP [US] IREN reason=PHANTOM_POSITION phase=NONE qty=4 avgPrice=50.9700
2026-05-06 02:31:48 WARN  SELL_SKIP [US] IREN reason=PHANTOM_POSITION phase=NONE qty=4 avgPrice=50.9700
2026-05-06 02:31:53 WARN  SELL_SKIP [US] IREN reason=PHANTOM_POSITION phase=NONE qty=4 avgPrice=50.9700
2026-05-06 02:31:58 WARN  SELL_SKIP [US] IREN reason=PHANTOM_POSITION phase=NONE qty=4 avgPrice=50.9700
2026-05-06 02:32:03 WARN  SELL_SKIP [US] IREN reason=PHANTOM_POSITION phase=NONE qty=4 avgPrice=50.9700
2026-05-06 02:32:09 WARN  SELL_SKIP [US] IREN reason=PHANTOM_POSITION phase=NONE qty=4 avgPrice=50.9700
2026-05-06 02:32:14 WARN  SELL_SKIP [US] IREN reason=PHANTOM_POSITION phase=NONE qty=4 avgPrice=50.9700
2026-05-06 02:32:19 WARN  SELL_SKIP [US] IREN reason=PHANTOM_POSITION phase=NONE qty=4 avgPrice=50.9700
2026-05-06 02:32:24 WARN  SELL_SKIP [US] IREN reason=PHANTOM_POSITION phase=NONE qty=4 avgPrice=50.9700
2026-05-06 02:32:29 WARN  SELL_SKIP [US] IREN reason=PHANTOM_POSITION phase=NONE qty=4 avgPrice=50.9700
2026-05-06 02:32:34 WARN  SELL_SKIP [US] IREN reason=PHANTOM_POSITION phase=NONE qty=4 avgPrice=50.9700
2026-05-06 02:32:39 WARN  SELL_SKIP [US] IREN reason=PHANTOM_POSITION phase=NONE qty=4 avgPrice=50.9700
2026-05-06 02:32:44 WARN  SELL_SKIP [US] IREN reason=PHANTOM_POSITION phase=NONE qty=4 avgPrice=50.9700
2026-05-06 02:32:50 WARN  SELL_SKIP [US] IREN reason=PHANTOM_POSITION phase=NONE qty=4 avgPrice=50.9700
2026-05-06 02:32:55 WARN  SELL_SKIP [US] IREN reason=PHANTOM_POSITION phase=NONE qty=4 avgPrice=50.9700
2026-05-06 02:33:00 WARN  SELL_SKIP [US] IREN reason=PHANTOM_POSITION phase=NONE qty=4 avgPrice=50.9700
2026-05-06 02:33:05 WARN  SELL_SKIP [US] IREN reason=PHANTOM_POSITION phase=NONE qty=4 avgPrice=50.9700
2026-05-06 02:33:10 WARN  SELL_SKIP [US] IREN reason=PHANTOM_POSITION phase=NONE qty=4 avgPrice=50.9700
2026-05-06 02:33:15 WARN  SELL_SKIP [US] IREN reason=PHANTOM_POSITION phase=NONE qty=4 avgPrice=50.9700
2026-05-06 02:33:20 WARN  SELL_SKIP [US] IREN reason=PHANTOM_POSITION phase=NONE qty=4 avgPrice=50.9700
2026-05-06 02:33:25 WARN  SELL_SKIP [US] IREN reason=PHANTOM_POSITION phase=NONE qty=4 avgPrice=50.9700
2026-05-06 02:33:30 WARN  SELL_SKIP [US] IREN reason=PHANTOM_POSITION phase=NONE qty=4 avgPrice=50.9700
2026-05-06 02:33:35 WARN  SELL_SKIP [US] IREN reason=PHANTOM_POSITION phase=NONE qty=4 avgPrice=50.9700
2026-05-06 02:33:40 WARN  SELL_SKIP [US] IREN reason=PHANTOM_POSITION phase=NONE qty=4 avgPrice=50.9700
2026-05-06 02:33:45 WARN  SELL_SKIP [US] IREN reason=PHANTOM_POSITION phase=NONE qty=4 avgPrice=50.9700
2026-05-06 02:33:51 WARN  SELL_SKIP [US] IREN reason=PHANTOM_POSITION phase=NONE qty=4 avgPrice=50.9700
2026-05-06 02:33:56 WARN  SELL_SKIP [US] IREN reason=PHANTOM_POSITION phase=NONE qty=4 avgPrice=50.9700
2026-05-06 02:34:01 WARN  SELL_SKIP [US] IREN reason=PHANTOM_POSITION phase=NONE qty=4 avgPrice=50.9700
2026-05-06 02:34:06 WARN  SELL_SKIP [US] IREN reason=PHANTOM_POSITION phase=NONE qty=4 avgPrice=50.9700
2026-05-06 02:34:11 WARN  SELL_SKIP [US] IREN reason=PHANTOM_POSITION phase=NONE qty=4 avgPrice=50.9700
2026-05-06 02:34:16 WARN  SELL_SKIP [US] IREN reason=PHANTOM_POSITION phase=NONE qty=4 avgPrice=50.9700
2026-05-06 02:34:21 WARN  SELL_SKIP [US] IREN reason=PHANTOM_POSITION phase=NONE qty=4 avgPrice=50.9700
2026-05-06 02:34:26 WARN  SELL_SKIP [US] IREN reason=PHANTOM_POSITION phase=NONE qty=4 avgPrice=50.9700
2026-05-06 02:34:31 WARN  SELL_SKIP [US] IREN reason=PHANTOM_POSITION phase=NONE qty=4 avgPrice=50.9700
2026-05-06 02:34:36 WARN  SELL_SKIP [US] IREN reason=PHANTOM_POSITION phase=NONE qty=4 avgPrice=50.9700
2026-05-06 02:34:41 WARN  SELL_SKIP [US] IREN reason=PHANTOM_POSITION phase=NONE qty=4 avgPrice=50.9700
2026-05-06 02:34:46 WARN  SELL_SKIP [US] IREN reason=PHANTOM_POSITION phase=NONE qty=4 avgPrice=50.9700
2026-05-06 02:34:51 WARN  SELL_SKIP [US] IREN reason=PHANTOM_POSITION phase=NONE qty=4 avgPrice=50.9700
2026-05-06 02:34:57 WARN  SELL_SKIP [US] IREN reason=PHANTOM_POSITION phase=NONE qty=4 avgPrice=50.9700
2026-05-06 02:35:02 WARN  SELL_SKIP [US] IREN reason=PHANTOM_POSITION phase=NONE qty=4 avgPrice=50.9700
2026-05-06 02:35:07 WARN  SELL_SKIP [US] IREN reason=PHANTOM_POSITION phase=NONE qty=4 avgPrice=50.9700
2026-05-06 02:35:12 WARN  SELL_SKIP [US] IREN reason=PHANTOM_POSITION phase=NONE qty=4 avgPrice=50.9700
2026-05-06 02:35:17 WARN  SELL_SKIP [US] IREN reason=PHANTOM_POSITION phase=NONE qty=4 avgPrice=50.9700
2026-05-06 02:35:22 WARN  SELL_SKIP [US] IREN reason=PHANTOM_POSITION phase=NONE qty=4 avgPrice=50.9700
2026-05-06 02:35:27 WARN  SELL_SKIP [US] IREN reason=PHANTOM_POSITION phase=NONE qty=4 avgPrice=50.9700
2026-05-06 02:35:32 WARN  SELL_SKIP [US] IREN reason=PHANTOM_POSITION phase=NONE qty=4 avgPrice=50.9700
2026-05-06 02:35:37 WARN  SELL_SKIP [US] IREN reason=PHANTOM_POSITION phase=NONE qty=4 avgPrice=50.9700
2026-05-06 02:35:42 WARN  SELL_SKIP [US] IREN reason=PHANTOM_POSITION phase=NONE qty=4 avgPrice=50.9700
2026-05-06 02:35:47 WARN  SELL_SKIP [US] IREN reason=PHANTOM_POSITION phase=NONE qty=4 avgPrice=50.9700
2026-05-06 02:35:52 WARN  SELL_SKIP [US] IREN reason=PHANTOM_POSITION phase=NONE qty=4 avgPrice=50.9700
2026-05-06 02:35:58 WARN  SELL_SKIP [US] IREN reason=PHANTOM_POSITION phase=NONE qty=4 avgPrice=50.9700
2026-05-06 02:36:03 WARN  SELL_SKIP [US] IREN reason=PHANTOM_POSITION phase=NONE qty=4 avgPrice=50.9700
2026-05-06 02:36:08 WARN  SELL_SKIP [US] IREN reason=PHANTOM_POSITION phase=NONE qty=4 avgPrice=50.9700
2026-05-06 02:36:13 WARN  SELL_SKIP [US] IREN reason=PHANTOM_POSITION phase=NONE qty=4 avgPrice=50.9700
2026-05-06 02:36:18 WARN  SELL_SKIP [US] IREN reason=PHANTOM_POSITION phase=NONE qty=4 avgPrice=50.9700
2026-05-06 02:36:23 WARN  SELL_SKIP [US] IREN reason=PHANTOM_POSITION phase=NONE qty=4 avgPrice=50.9700
2026-05-06 02:36:28 WARN  SELL_SKIP [US] IREN reason=PHANTOM_POSITION phase=NONE qty=4 avgPrice=50.9700
2026-05-06 02:36:33 WARN  SELL_SKIP [US] IREN reason=PHANTOM_POSITION phase=NONE qty=4 avgPrice=50.9700
2026-05-06 02:36:38 WARN  SELL_SKIP [US] IREN reason=PHANTOM_POSITION phase=NONE qty=4 avgPrice=50.9700
2026-05-06 02:36:43 WARN  SELL_SKIP [US] IREN reason=PHANTOM_POSITION phase=NONE qty=4 avgPrice=50.9700
2026-05-06 02:36:49 WARN  SELL_SKIP [US] IREN reason=PHANTOM_POSITION phase=NONE qty=4 avgPrice=50.9700
2026-05-06 02:36:54 WARN  SELL_SKIP [US] IREN reason=PHANTOM_POSITION phase=NONE qty=4 avgPrice=50.9700
2026-05-06 02:36:59 WARN  SELL_SKIP [US] IREN reason=PHANTOM_POSITION phase=NONE qty=4 avgPrice=50.9700
2026-05-06 02:37:04 WARN  SELL_SKIP [US] IREN reason=PHANTOM_POSITION phase=NONE qty=4 avgPrice=50.9700
2026-05-06 02:37:09 WARN  SELL_SKIP [US] IREN reason=PHANTOM_POSITION phase=NONE qty=4 avgPrice=50.9700
2026-05-06 02:37:14 WARN  SELL_SKIP [US] IREN reason=PHANTOM_POSITION phase=NONE qty=4 avgPrice=50.9700
2026-05-06 02:37:19 WARN  SELL_SKIP [US] IREN reason=PHANTOM_POSITION phase=NONE qty=4 avgPrice=50.9700
2026-05-06 02:37:24 WARN  SELL_SKIP [US] IREN reason=PHANTOM_POSITION phase=NONE qty=4 avgPrice=50.9700
2026-05-06 02:37:29 WARN  SELL_SKIP [US] IREN reason=PHANTOM_POSITION phase=NONE qty=4 avgPrice=50.9700
2026-05-06 02:37:34 WARN  SELL_SKIP [US] IREN reason=PHANTOM_POSITION phase=NONE qty=4 avgPrice=50.9700
2026-05-06 02:37:39 WARN  SELL_SKIP [US] IREN reason=PHANTOM_POSITION phase=NONE qty=4 avgPrice=50.9700
2026-05-06 02:37:44 WARN  SELL_SKIP [US] IREN reason=PHANTOM_POSITION phase=NONE qty=4 avgPrice=50.9700
2026-05-06 02:37:50 WARN  SELL_SKIP [US] IREN reason=PHANTOM_POSITION phase=NONE qty=4 avgPrice=50.9700
2026-05-06 02:37:55 WARN  SELL_SKIP [US] IREN reason=PHANTOM_POSITION phase=NONE qty=4 avgPrice=50.9700
2026-05-06 02:38:00 WARN  SELL_SKIP [US] IREN reason=PHANTOM_POSITION phase=NONE qty=4 avgPrice=50.9700
2026-05-06 02:38:05 WARN  SELL_SKIP [US] IREN reason=PHANTOM_POSITION phase=NONE qty=4 avgPrice=50.9700
2026-05-06 02:38:10 WARN  SELL_SKIP [US] IREN reason=PHANTOM_POSITION phase=NONE qty=4 avgPrice=50.9700
2026-05-06 02:38:15 WARN  SELL_SKIP [US] IREN reason=PHANTOM_POSITION phase=NONE qty=4 avgPrice=50.9700
2026-05-06 02:38:20 WARN  SELL_SKIP [US] IREN reason=PHANTOM_POSITION phase=NONE qty=4 avgPrice=50.9700
2026-05-06 02:38:25 WARN  SELL_SKIP [US] IREN reason=PHANTOM_POSITION phase=NONE qty=4 avgPrice=50.9700
2026-05-06 02:38:30 WARN  SELL_SKIP [US] IREN reason=PHANTOM_POSITION phase=NONE qty=4 avgPrice=50.9700
2026-05-06 02:38:35 WARN  SELL_SKIP [US] IREN reason=PHANTOM_POSITION phase=NONE qty=4 avgPrice=50.9700
2026-05-06 02:38:40 WARN  SELL_SKIP [US] IREN reason=PHANTOM_POSITION phase=NONE qty=4 avgPrice=50.9700
2026-05-06 02:38:45 WARN  SELL_SKIP [US] IREN reason=PHANTOM_POSITION phase=NONE qty=4 avgPrice=50.9700
2026-05-06 02:38:51 WARN  SELL_SKIP [US] IREN reason=PHANTOM_POSITION phase=NONE qty=4 avgPrice=50.9700
2026-05-06 02:38:56 WARN  SELL_SKIP [US] IREN reason=PHANTOM_POSITION phase=NONE qty=4 avgPrice=50.9700
2026-05-06 02:39:01 WARN  SELL_SKIP [US] IREN reason=PHANTOM_POSITION phase=NONE qty=4 avgPrice=50.9700
2026-05-06 02:39:06 WARN  SELL_SKIP [US] IREN reason=PHANTOM_POSITION phase=NONE qty=4 avgPrice=50.9700
2026-05-06 02:39:11 WARN  SELL_SKIP [US] IREN reason=PHANTOM_POSITION phase=NONE qty=4 avgPrice=50.9700
2026-05-06 02:39:16 WARN  SELL_SKIP [US] IREN reason=PHANTOM_POSITION phase=NONE qty=4 avgPrice=50.9700
2026-05-06 02:39:21 WARN  SELL_SKIP [US] IREN reason=PHANTOM_POSITION phase=NONE qty=4 avgPrice=50.9700
2026-05-06 02:39:26 WARN  SELL_SKIP [US] IREN reason=PHANTOM_POSITION phase=NONE qty=4 avgPrice=50.9700
2026-05-06 02:39:31 WARN  SELL_SKIP [US] IREN reason=PHANTOM_POSITION phase=NONE qty=4 avgPrice=50.9700
2026-05-06 02:39:36 WARN  SELL_SKIP [US] IREN reason=PHANTOM_POSITION phase=NONE qty=4 avgPrice=50.9700
2026-05-06 02:39:41 WARN  SELL_SKIP [US] IREN reason=PHANTOM_POSITION phase=NONE qty=4 avgPrice=50.9700
2026-05-06 02:39:47 WARN  SELL_SKIP [US] IREN reason=PHANTOM_POSITION phase=NONE qty=4 avgPrice=50.9700
2026-05-06 02:39:52 WARN  SELL_SKIP [US] IREN reason=PHANTOM_POSITION phase=NONE qty=4 avgPrice=50.9700
2026-05-06 02:39:57 WARN  SELL_SKIP [US] IREN reason=PHANTOM_POSITION phase=NONE qty=4 avgPrice=50.9700
2026-05-06 02:40:02 WARN  SELL_SKIP [US] IREN reason=PHANTOM_POSITION phase=NONE qty=4 avgPrice=50.9700
2026-05-06 02:40:07 WARN  SELL_SKIP [US] IREN reason=PHANTOM_POSITION phase=NONE qty=4 avgPrice=50.9700
2026-05-06 02:40:12 WARN  SELL_SKIP [US] IREN reason=PHANTOM_POSITION phase=NONE qty=4 avgPrice=50.9700
2026-05-06 02:40:17 WARN  SELL_SKIP [US] IREN reason=PHANTOM_POSITION phase=NONE qty=4 avgPrice=50.9700
2026-05-06 02:40:22 WARN  SELL_SKIP [US] IREN reason=PHANTOM_POSITION phase=NONE qty=4 avgPrice=50.9700
2026-05-06 02:40:27 WARN  SELL_SKIP [US] IREN reason=PHANTOM_POSITION phase=NONE qty=4 avgPrice=50.9700
2026-05-06 02:40:37 WARN  SELL_SKIP [US] IREN reason=PHANTOM_POSITION phase=NONE qty=4 avgPrice=50.9700
2026-05-06 02:40:42 WARN  SELL_SKIP [US] IREN reason=PHANTOM_POSITION phase=NONE qty=4 avgPrice=50.9700
2026-05-06 02:40:47 WARN  SELL_SKIP [US] IREN reason=PHANTOM_POSITION phase=NONE qty=4 avgPrice=50.9700
2026-05-06 02:40:53 WARN  SELL_SKIP [US] IREN reason=PHANTOM_POSITION phase=NONE qty=4 avgPrice=50.9700
2026-05-06 02:40:58 WARN  SELL_SKIP [US] IREN reason=PHANTOM_POSITION phase=NONE qty=4 avgPrice=50.9700
2026-05-06 02:41:03 WARN  SELL_SKIP [US] IREN reason=PHANTOM_POSITION phase=NONE qty=4 avgPrice=50.9700
2026-05-06 02:41:08 WARN  SELL_SKIP [US] IREN reason=PHANTOM_POSITION phase=NONE qty=4 avgPrice=50.9700
2026-05-06 02:41:13 WARN  SELL_SKIP [US] IREN reason=PHANTOM_POSITION phase=NONE qty=4 avgPrice=50.9700
2026-05-06 02:41:18 WARN  SELL_SKIP [US] IREN reason=PHANTOM_POSITION phase=NONE qty=4 avgPrice=50.9700
2026-05-06 02:41:23 WARN  SELL_SKIP [US] IREN reason=PHANTOM_POSITION phase=NONE qty=4 avgPrice=50.9700
2026-05-06 02:41:28 WARN  SELL_SKIP [US] IREN reason=PHANTOM_POSITION phase=NONE qty=4 avgPrice=50.9700
2026-05-06 02:41:33 WARN  SELL_SKIP [US] IREN reason=PHANTOM_POSITION phase=NONE qty=4 avgPrice=50.9700
2026-05-06 02:41:38 WARN  SELL_SKIP [US] IREN reason=PHANTOM_POSITION phase=NONE qty=4 avgPrice=50.9700
2026-05-06 02:41:43 WARN  SELL_SKIP [US] IREN reason=PHANTOM_POSITION phase=NONE qty=4 avgPrice=50.9700
2026-05-06 02:41:49 WARN  SELL_SKIP [US] IREN reason=PHANTOM_POSITION phase=NONE qty=4 avgPrice=50.9700
2026-05-06 02:41:54 WARN  SELL_SKIP [US] IREN reason=PHANTOM_POSITION phase=NONE qty=4 avgPrice=50.9700
2026-05-06 02:41:59 WARN  SELL_SKIP [US] IREN reason=PHANTOM_POSITION phase=NONE qty=4 avgPrice=50.9700
2026-05-06 02:42:04 WARN  SELL_SKIP [US] IREN reason=PHANTOM_POSITION phase=NONE qty=4 avgPrice=50.9700
2026-05-06 02:42:09 WARN  SELL_SKIP [US] IREN reason=PHANTOM_POSITION phase=NONE qty=4 avgPrice=50.9700
2026-05-06 02:42:14 WARN  SELL_SKIP [US] IREN reason=PHANTOM_POSITION phase=NONE qty=4 avgPrice=50.9700
2026-05-06 02:42:19 WARN  SELL_SKIP [US] IREN reason=PHANTOM_POSITION phase=NONE qty=4 avgPrice=50.9700
2026-05-06 02:42:24 WARN  SELL_SKIP [US] IREN reason=PHANTOM_POSITION phase=NONE qty=4 avgPrice=50.9700
2026-05-06 02:42:29 WARN  SELL_SKIP [US] IREN reason=PHANTOM_POSITION phase=NONE qty=4 avgPrice=50.9700
2026-05-06 02:42:34 WARN  SELL_SKIP [US] IREN reason=PHANTOM_POSITION phase=NONE qty=4 avgPrice=50.9700
2026-05-06 02:42:39 WARN  SELL_SKIP [US] IREN reason=PHANTOM_POSITION phase=NONE qty=4 avgPrice=50.9700
2026-05-06 02:42:44 WARN  SELL_SKIP [US] IREN reason=PHANTOM_POSITION phase=NONE qty=4 avgPrice=50.9700
2026-05-06 02:42:50 WARN  SELL_SKIP [US] IREN reason=PHANTOM_POSITION phase=NONE qty=4 avgPrice=50.9700
2026-05-06 02:42:55 WARN  SELL_SKIP [US] IREN reason=PHANTOM_POSITION phase=NONE qty=4 avgPrice=50.9700
2026-05-06 02:43:00 WARN  SELL_SKIP [US] IREN reason=PHANTOM_POSITION phase=NONE qty=4 avgPrice=50.9700
2026-05-06 02:43:05 WARN  SELL_SKIP [US] IREN reason=PHANTOM_POSITION phase=NONE qty=4 avgPrice=50.9700
2026-05-06 02:43:10 WARN  SELL_SKIP [US] IREN reason=PHANTOM_POSITION phase=NONE qty=4 avgPrice=50.9700
2026-05-06 02:43:15 WARN  SELL_SKIP [US] IREN reason=PHANTOM_POSITION phase=NONE qty=4 avgPrice=50.9700
2026-05-06 02:43:20 WARN  SELL_SKIP [US] IREN reason=PHANTOM_POSITION phase=NONE qty=4 avgPrice=50.9700
2026-05-06 02:43:25 WARN  SELL_SKIP [US] IREN reason=PHANTOM_POSITION phase=NONE qty=4 avgPrice=50.9700
2026-05-06 02:43:30 WARN  SELL_SKIP [US] IREN reason=PHANTOM_POSITION phase=NONE qty=4 avgPrice=50.9700
2026-05-06 02:43:35 WARN  SELL_SKIP [US] IREN reason=PHANTOM_POSITION phase=NONE qty=4 avgPrice=50.9700
2026-05-06 02:43:40 WARN  SELL_SKIP [US] IREN reason=PHANTOM_POSITION phase=NONE qty=4 avgPrice=50.9700
2026-05-06 02:43:45 WARN  SELL_SKIP [US] IREN reason=PHANTOM_POSITION phase=NONE qty=4 avgPrice=50.9700
2026-05-06 02:43:51 WARN  SELL_SKIP [US] IREN reason=PHANTOM_POSITION phase=NONE qty=4 avgPrice=50.9700
2026-05-06 02:43:56 WARN  SELL_SKIP [US] IREN reason=PHANTOM_POSITION phase=NONE qty=4 avgPrice=50.9700
2026-05-06 02:44:01 WARN  SELL_SKIP [US] IREN reason=PHANTOM_POSITION phase=NONE qty=4 avgPrice=50.9700
2026-05-06 02:44:06 WARN  SELL_SKIP [US] IREN reason=PHANTOM_POSITION phase=NONE qty=4 avgPrice=50.9700
2026-05-06 02:44:11 WARN  SELL_SKIP [US] IREN reason=PHANTOM_POSITION phase=NONE qty=4 avgPrice=50.9700
2026-05-06 02:44:16 WARN  SELL_SKIP [US] IREN reason=PHANTOM_POSITION phase=NONE qty=4 avgPrice=50.9700
2026-05-06 02:44:21 WARN  SELL_SKIP [US] IREN reason=PHANTOM_POSITION phase=NONE qty=4 avgPrice=50.9700
2026-05-06 02:44:26 WARN  SELL_SKIP [US] IREN reason=PHANTOM_POSITION phase=NONE qty=4 avgPrice=50.9700
2026-05-06 02:44:31 WARN  SELL_SKIP [US] IREN reason=PHANTOM_POSITION phase=NONE qty=4 avgPrice=50.9700
2026-05-06 02:44:36 WARN  SELL_SKIP [US] IREN reason=PHANTOM_POSITION phase=NONE qty=4 avgPrice=50.9700
2026-05-06 02:44:41 WARN  SELL_SKIP [US] IREN reason=PHANTOM_POSITION phase=NONE qty=4 avgPrice=50.9700
2026-05-06 02:44:46 WARN  SELL_SKIP [US] IREN reason=PHANTOM_POSITION phase=NONE qty=4 avgPrice=50.9700
2026-05-06 02:44:52 WARN  SELL_SKIP [US] IREN reason=PHANTOM_POSITION phase=NONE qty=4 avgPrice=50.9700
2026-05-06 02:44:57 WARN  SELL_SKIP [US] IREN reason=PHANTOM_POSITION phase=NONE qty=4 avgPrice=50.9700
2026-05-06 02:45:02 WARN  SELL_SKIP [US] IREN reason=PHANTOM_POSITION phase=NONE qty=4 avgPrice=50.9700
2026-05-06 02:45:07 WARN  SELL_SKIP [US] IREN reason=PHANTOM_POSITION phase=NONE qty=4 avgPrice=50.9700
2026-05-06 02:45:12 WARN  SELL_SKIP [US] IREN reason=PHANTOM_POSITION phase=NONE qty=4 avgPrice=50.9700
2026-05-06 02:45:17 WARN  SELL_SKIP [US] IREN reason=PHANTOM_POSITION phase=NONE qty=4 avgPrice=50.9700
2026-05-06 02:45:22 WARN  SELL_SKIP [US] IREN reason=PHANTOM_POSITION phase=NONE qty=4 avgPrice=50.9700
2026-05-06 02:45:27 WARN  SELL_SKIP [US] IREN reason=PHANTOM_POSITION phase=NONE qty=4 avgPrice=50.9700
2026-05-06 02:45:32 WARN  SELL_SKIP [US] IREN reason=PHANTOM_POSITION phase=NONE qty=4 avgPrice=50.9700
2026-05-06 02:45:37 WARN  SELL_SKIP [US] IREN reason=PHANTOM_POSITION phase=NONE qty=4 avgPrice=50.9700
2026-05-06 02:45:42 WARN  SELL_SKIP [US] IREN reason=PHANTOM_POSITION phase=NONE qty=4 avgPrice=50.9700
2026-05-06 02:45:47 WARN  SELL_SKIP [US] IREN reason=PHANTOM_POSITION phase=NONE qty=4 avgPrice=50.9700
2026-05-06 02:45:53 WARN  SELL_SKIP [US] IREN reason=PHANTOM_POSITION phase=NONE qty=4 avgPrice=50.9700
2026-05-06 02:45:58 WARN  SELL_SKIP [US] IREN reason=PHANTOM_POSITION phase=NONE qty=4 avgPrice=50.9700
2026-05-06 02:46:03 WARN  SELL_SKIP [US] IREN reason=PHANTOM_POSITION phase=NONE qty=4 avgPrice=50.9700
2026-05-06 02:46:08 WARN  SELL_SKIP [US] IREN reason=PHANTOM_POSITION phase=NONE qty=4 avgPrice=50.9700
2026-05-06 02:46:13 WARN  SELL_SKIP [US] IREN reason=PHANTOM_POSITION phase=NONE qty=4 avgPrice=50.9700
2026-05-06 02:46:18 WARN  SELL_SKIP [US] IREN reason=PHANTOM_POSITION phase=NONE qty=4 avgPrice=50.9700
2026-05-06 02:46:23 WARN  SELL_SKIP [US] IREN reason=PHANTOM_POSITION phase=NONE qty=4 avgPrice=50.9700
2026-05-06 02:46:28 WARN  SELL_SKIP [US] IREN reason=PHANTOM_POSITION phase=NONE qty=4 avgPrice=50.9700
2026-05-06 02:46:33 WARN  SELL_SKIP [US] IREN reason=PHANTOM_POSITION phase=NONE qty=4 avgPrice=50.9700
2026-05-06 02:46:38 WARN  SELL_SKIP [US] IREN reason=PHANTOM_POSITION phase=NONE qty=4 avgPrice=50.9700
2026-05-06 02:46:43 WARN  SELL_SKIP [US] IREN reason=PHANTOM_POSITION phase=NONE qty=4 avgPrice=50.9700
2026-05-06 02:46:48 WARN  SELL_SKIP [US] IREN reason=PHANTOM_POSITION phase=NONE qty=4 avgPrice=50.9700
2026-05-06 02:46:54 WARN  SELL_SKIP [US] IREN reason=PHANTOM_POSITION phase=NONE qty=4 avgPrice=50.9700
2026-05-06 02:46:59 WARN  SELL_SKIP [US] IREN reason=PHANTOM_POSITION phase=NONE qty=4 avgPrice=50.9700
2026-05-06 02:47:04 WARN  SELL_SKIP [US] IREN reason=PHANTOM_POSITION phase=NONE qty=4 avgPrice=50.9700
2026-05-06 02:47:09 WARN  SELL_SKIP [US] IREN reason=PHANTOM_POSITION phase=NONE qty=4 avgPrice=50.9700
2026-05-06 02:47:14 WARN  SELL_SKIP [US] IREN reason=PHANTOM_POSITION phase=NONE qty=4 avgPrice=50.9700
2026-05-06 02:47:19 WARN  SELL_SKIP [US] IREN reason=PHANTOM_POSITION phase=NONE qty=4 avgPrice=50.9700
2026-05-06 02:47:24 WARN  SELL_SKIP [US] IREN reason=PHANTOM_POSITION phase=NONE qty=4 avgPrice=50.9700
2026-05-06 02:47:29 WARN  SELL_SKIP [US] IREN reason=PHANTOM_POSITION phase=NONE qty=4 avgPrice=50.9700
2026-05-06 02:47:34 WARN  SELL_SKIP [US] IREN reason=PHANTOM_POSITION phase=NONE qty=4 avgPrice=50.9700
2026-05-06 02:47:39 WARN  SELL_SKIP [US] IREN reason=PHANTOM_POSITION phase=NONE qty=4 avgPrice=50.9700
2026-05-06 02:47:44 WARN  SELL_SKIP [US] IREN reason=PHANTOM_POSITION phase=NONE qty=4 avgPrice=50.9700
2026-05-06 02:47:55 WARN  SELL_SKIP [US] IREN reason=PHANTOM_POSITION phase=NONE qty=4 avgPrice=50.9700
2026-05-06 02:48:00 WARN  SELL_SKIP [US] IREN reason=PHANTOM_POSITION phase=NONE qty=4 avgPrice=50.9700
2026-05-06 02:48:05 WARN  SELL_SKIP [US] IREN reason=PHANTOM_POSITION phase=NONE qty=4 avgPrice=50.9700
2026-05-06 02:48:10 WARN  SELL_SKIP [US] IREN reason=PHANTOM_POSITION phase=NONE qty=4 avgPrice=50.9700
2026-05-06 02:48:15 WARN  SELL_SKIP [US] IREN reason=PHANTOM_POSITION phase=NONE qty=4 avgPrice=50.9700
2026-05-06 02:48:20 WARN  SELL_SKIP [US] IREN reason=PHANTOM_POSITION phase=NONE qty=4 avgPrice=50.9700
2026-05-06 02:48:25 WARN  SELL_SKIP [US] IREN reason=PHANTOM_POSITION phase=NONE qty=4 avgPrice=50.9700
2026-05-06 02:48:30 WARN  SELL_SKIP [US] IREN reason=PHANTOM_POSITION phase=NONE qty=4 avgPrice=50.9700
2026-05-06 02:48:35 WARN  SELL_SKIP [US] IREN reason=PHANTOM_POSITION phase=NONE qty=4 avgPrice=50.9700
2026-05-06 02:48:40 WARN  SELL_SKIP [US] IREN reason=PHANTOM_POSITION phase=NONE qty=4 avgPrice=50.9700
2026-05-06 02:48:45 WARN  SELL_SKIP [US] IREN reason=PHANTOM_POSITION phase=NONE qty=4 avgPrice=50.9700
2026-05-06 02:48:51 WARN  SELL_SKIP [US] IREN reason=PHANTOM_POSITION phase=NONE qty=4 avgPrice=50.9700
2026-05-06 02:48:56 WARN  SELL_SKIP [US] IREN reason=PHANTOM_POSITION phase=NONE qty=4 avgPrice=50.9700
2026-05-06 02:49:01 WARN  SELL_SKIP [US] IREN reason=PHANTOM_POSITION phase=NONE qty=4 avgPrice=50.9700
2026-05-06 02:49:06 WARN  SELL_SKIP [US] IREN reason=PHANTOM_POSITION phase=NONE qty=4 avgPrice=50.9700
2026-05-06 02:49:11 WARN  SELL_SKIP [US] IREN reason=PHANTOM_POSITION phase=NONE qty=4 avgPrice=50.9700
2026-05-06 02:49:16 WARN  SELL_SKIP [US] IREN reason=PHANTOM_POSITION phase=NONE qty=4 avgPrice=50.9700
2026-05-06 02:49:21 WARN  SELL_SKIP [US] IREN reason=PHANTOM_POSITION phase=NONE qty=4 avgPrice=50.9700
2026-05-06 02:49:26 WARN  SELL_SKIP [US] IREN reason=PHANTOM_POSITION phase=NONE qty=4 avgPrice=50.9700
2026-05-06 02:49:31 WARN  SELL_SKIP [US] IREN reason=PHANTOM_POSITION phase=NONE qty=4 avgPrice=50.9700
2026-05-06 02:49:36 WARN  SELL_SKIP [US] IREN reason=PHANTOM_POSITION phase=NONE qty=4 avgPrice=50.9700
2026-05-06 02:49:41 WARN  SELL_SKIP [US] IREN reason=PHANTOM_POSITION phase=NONE qty=4 avgPrice=50.9700
2026-05-06 02:49:47 WARN  SELL_SKIP [US] IREN reason=PHANTOM_POSITION phase=NONE qty=4 avgPrice=50.9700
2026-05-06 02:49:52 WARN  SELL_SKIP [US] IREN reason=PHANTOM_POSITION phase=NONE qty=4 avgPrice=50.9700
2026-05-06 02:49:57 WARN  SELL_SKIP [US] IREN reason=PHANTOM_POSITION phase=NONE qty=4 avgPrice=50.9700
2026-05-06 02:50:02 WARN  SELL_SKIP [US] IREN reason=PHANTOM_POSITION phase=NONE qty=4 avgPrice=50.9700
2026-05-06 02:50:07 WARN  SELL_SKIP [US] IREN reason=PHANTOM_POSITION phase=NONE qty=4 avgPrice=50.9700
2026-05-06 02:50:12 WARN  SELL_SKIP [US] IREN reason=PHANTOM_POSITION phase=NONE qty=4 avgPrice=50.9700
2026-05-06 02:50:17 WARN  SELL_SKIP [US] IREN reason=PHANTOM_POSITION phase=NONE qty=4 avgPrice=50.9700
2026-05-06 02:50:22 WARN  SELL_SKIP [US] IREN reason=PHANTOM_POSITION phase=NONE qty=4 avgPrice=50.9700
2026-05-06 02:50:32 WARN  SELL_SKIP [US] IREN reason=PHANTOM_POSITION phase=NONE qty=4 avgPrice=50.9700
2026-05-06 02:50:37 WARN  SELL_SKIP [US] IREN reason=PHANTOM_POSITION phase=NONE qty=4 avgPrice=50.9700
2026-05-06 02:50:42 WARN  SELL_SKIP [US] IREN reason=PHANTOM_POSITION phase=NONE qty=4 avgPrice=50.9700
2026-05-06 02:50:48 WARN  SELL_SKIP [US] IREN reason=PHANTOM_POSITION phase=NONE qty=4 avgPrice=50.9700
2026-05-06 02:50:53 WARN  SELL_SKIP [US] IREN reason=PHANTOM_POSITION phase=NONE qty=4 avgPrice=50.9700
2026-05-06 02:50:58 WARN  SELL_SKIP [US] IREN reason=PHANTOM_POSITION phase=NONE qty=4 avgPrice=50.9700
2026-05-06 02:51:03 WARN  SELL_SKIP [US] IREN reason=PHANTOM_POSITION phase=NONE qty=4 avgPrice=50.9700
2026-05-06 02:51:08 WARN  SELL_SKIP [US] IREN reason=PHANTOM_POSITION phase=NONE qty=4 avgPrice=50.9700
2026-05-06 02:51:13 WARN  SELL_SKIP [US] IREN reason=PHANTOM_POSITION phase=NONE qty=4 avgPrice=50.9700
2026-05-06 02:51:18 WARN  SELL_SKIP [US] IREN reason=PHANTOM_POSITION phase=NONE qty=4 avgPrice=50.9700
2026-05-06 02:51:23 WARN  SELL_SKIP [US] IREN reason=PHANTOM_POSITION phase=NONE qty=4 avgPrice=50.9700
2026-05-06 02:51:28 WARN  SELL_SKIP [US] IREN reason=PHANTOM_POSITION phase=NONE qty=4 avgPrice=50.9700
2026-05-06 02:51:33 WARN  SELL_SKIP [US] IREN reason=PHANTOM_POSITION phase=NONE qty=4 avgPrice=50.9700
2026-05-06 02:51:38 WARN  SELL_SKIP [US] IREN reason=PHANTOM_POSITION phase=NONE qty=4 avgPrice=50.9700
2026-05-06 02:51:43 WARN  SELL_SKIP [US] IREN reason=PHANTOM_POSITION phase=NONE qty=4 avgPrice=50.9700
2026-05-06 02:51:49 WARN  SELL_SKIP [US] IREN reason=PHANTOM_POSITION phase=NONE qty=4 avgPrice=50.9700
2026-05-06 02:51:54 WARN  SELL_SKIP [US] IREN reason=PHANTOM_POSITION phase=NONE qty=4 avgPrice=50.9700
2026-05-06 02:51:59 WARN  SELL_SKIP [US] IREN reason=PHANTOM_POSITION phase=NONE qty=4 avgPrice=50.9700
2026-05-06 02:52:04 WARN  SELL_SKIP [US] IREN reason=PHANTOM_POSITION phase=NONE qty=4 avgPrice=50.9700
2026-05-06 02:52:09 WARN  SELL_SKIP [US] IREN reason=PHANTOM_POSITION phase=NONE qty=4 avgPrice=50.9700
2026-05-06 02:52:14 WARN  SELL_SKIP [US] IREN reason=PHANTOM_POSITION phase=NONE qty=4 avgPrice=50.9700
2026-05-06 02:52:19 WARN  SELL_SKIP [US] IREN reason=PHANTOM_POSITION phase=NONE qty=4 avgPrice=50.9700
2026-05-06 02:52:24 WARN  SELL_SKIP [US] IREN reason=PHANTOM_POSITION phase=NONE qty=4 avgPrice=50.9700
2026-05-06 02:52:29 WARN  SELL_SKIP [US] IREN reason=PHANTOM_POSITION phase=NONE qty=4 avgPrice=50.9700
2026-05-06 02:52:34 WARN  SELL_SKIP [US] IREN reason=PHANTOM_POSITION phase=NONE qty=4 avgPrice=50.9700
2026-05-06 02:52:39 WARN  SELL_SKIP [US] IREN reason=PHANTOM_POSITION phase=NONE qty=4 avgPrice=50.9700
2026-05-06 02:52:45 WARN  SELL_SKIP [US] IREN reason=PHANTOM_POSITION phase=NONE qty=4 avgPrice=50.9700
2026-05-06 02:52:50 WARN  SELL_SKIP [US] IREN reason=PHANTOM_POSITION phase=NONE qty=4 avgPrice=50.9700
2026-05-06 02:52:55 WARN  SELL_SKIP [US] IREN reason=PHANTOM_POSITION phase=NONE qty=4 avgPrice=50.9700
2026-05-06 02:53:00 WARN  SELL_SKIP [US] IREN reason=PHANTOM_POSITION phase=NONE qty=4 avgPrice=50.9700
2026-05-06 02:53:05 WARN  SELL_SKIP [US] IREN reason=PHANTOM_POSITION phase=NONE qty=4 avgPrice=50.9700
2026-05-06 02:53:10 WARN  SELL_SKIP [US] IREN reason=PHANTOM_POSITION phase=NONE qty=4 avgPrice=50.9700
2026-05-06 02:53:15 WARN  SELL_SKIP [US] IREN reason=PHANTOM_POSITION phase=NONE qty=4 avgPrice=50.9700
2026-05-06 02:53:20 WARN  SELL_SKIP [US] IREN reason=PHANTOM_POSITION phase=NONE qty=4 avgPrice=50.9700
2026-05-06 02:53:25 WARN  SELL_SKIP [US] IREN reason=PHANTOM_POSITION phase=NONE qty=4 avgPrice=50.9700
2026-05-06 02:53:30 WARN  SELL_SKIP [US] IREN reason=PHANTOM_POSITION phase=NONE qty=4 avgPrice=50.9700
2026-05-06 02:53:35 WARN  SELL_SKIP [US] IREN reason=PHANTOM_POSITION phase=NONE qty=4 avgPrice=50.9700
2026-05-06 02:53:40 WARN  SELL_SKIP [US] IREN reason=PHANTOM_POSITION phase=NONE qty=4 avgPrice=50.9700
2026-05-06 02:53:46 WARN  SELL_SKIP [US] IREN reason=PHANTOM_POSITION phase=NONE qty=4 avgPrice=50.9700
2026-05-06 02:53:51 WARN  SELL_SKIP [US] IREN reason=PHANTOM_POSITION phase=NONE qty=4 avgPrice=50.9700
2026-05-06 02:53:56 WARN  SELL_SKIP [US] IREN reason=PHANTOM_POSITION phase=NONE qty=4 avgPrice=50.9700
2026-05-06 02:54:01 WARN  SELL_SKIP [US] IREN reason=PHANTOM_POSITION phase=NONE qty=4 avgPrice=50.9700
2026-05-06 02:54:06 WARN  SELL_SKIP [US] IREN reason=PHANTOM_POSITION phase=NONE qty=4 avgPrice=50.9700
2026-05-06 02:54:11 WARN  SELL_SKIP [US] IREN reason=PHANTOM_POSITION phase=NONE qty=4 avgPrice=50.9700
2026-05-06 02:54:16 WARN  SELL_SKIP [US] IREN reason=PHANTOM_POSITION phase=NONE qty=4 avgPrice=50.9700
2026-05-06 02:54:21 WARN  SELL_SKIP [US] IREN reason=PHANTOM_POSITION phase=NONE qty=4 avgPrice=50.9700
2026-05-06 02:54:26 WARN  SELL_SKIP [US] IREN reason=PHANTOM_POSITION phase=NONE qty=4 avgPrice=50.9700
2026-05-06 02:54:31 WARN  SELL_SKIP [US] IREN reason=PHANTOM_POSITION phase=NONE qty=4 avgPrice=50.9700
2026-05-06 02:54:36 WARN  SELL_SKIP [US] IREN reason=PHANTOM_POSITION phase=NONE qty=4 avgPrice=50.9700
2026-05-06 02:54:42 WARN  SELL_SKIP [US] IREN reason=PHANTOM_POSITION phase=NONE qty=4 avgPrice=50.9700
2026-05-06 02:54:47 WARN  SELL_SKIP [US] IREN reason=PHANTOM_POSITION phase=NONE qty=4 avgPrice=50.9700
2026-05-06 02:54:52 WARN  SELL_SKIP [US] IREN reason=PHANTOM_POSITION phase=NONE qty=4 avgPrice=50.9700
2026-05-06 02:54:57 WARN  SELL_SKIP [US] IREN reason=PHANTOM_POSITION phase=NONE qty=4 avgPrice=50.9700
2026-05-06 02:55:02 WARN  SELL_SKIP [US] IREN reason=PHANTOM_POSITION phase=NONE qty=4 avgPrice=50.9700
2026-05-06 02:55:07 WARN  SELL_SKIP [US] IREN reason=PHANTOM_POSITION phase=NONE qty=4 avgPrice=50.9700
2026-05-06 02:55:12 WARN  SELL_SKIP [US] IREN reason=PHANTOM_POSITION phase=NONE qty=4 avgPrice=50.9700
2026-05-06 02:55:17 WARN  SELL_SKIP [US] IREN reason=PHANTOM_POSITION phase=NONE qty=4 avgPrice=50.9700
2026-05-06 02:55:22 WARN  SELL_SKIP [US] IREN reason=PHANTOM_POSITION phase=NONE qty=4 avgPrice=50.9700
2026-05-06 02:55:27 WARN  SELL_SKIP [US] IREN reason=PHANTOM_POSITION phase=NONE qty=4 avgPrice=50.9700
2026-05-06 02:55:32 WARN  SELL_SKIP [US] IREN reason=PHANTOM_POSITION phase=NONE qty=4 avgPrice=50.9700
2026-05-06 02:55:37 WARN  SELL_SKIP [US] IREN reason=PHANTOM_POSITION phase=NONE qty=4 avgPrice=50.9700
2026-05-06 02:55:43 WARN  SELL_SKIP [US] IREN reason=PHANTOM_POSITION phase=NONE qty=4 avgPrice=50.9700
2026-05-06 02:55:48 WARN  SELL_SKIP [US] IREN reason=PHANTOM_POSITION phase=NONE qty=4 avgPrice=50.9700
2026-05-06 02:55:53 WARN  SELL_SKIP [US] IREN reason=PHANTOM_POSITION phase=NONE qty=4 avgPrice=50.9700
2026-05-06 02:55:58 WARN  SELL_SKIP [US] IREN reason=PHANTOM_POSITION phase=NONE qty=4 avgPrice=50.9700
2026-05-06 02:56:03 WARN  SELL_SKIP [US] IREN reason=PHANTOM_POSITION phase=NONE qty=4 avgPrice=50.9700
2026-05-06 02:56:08 WARN  SELL_SKIP [US] IREN reason=PHANTOM_POSITION phase=NONE qty=4 avgPrice=50.9700
2026-05-06 02:56:13 WARN  SELL_SKIP [US] IREN reason=PHANTOM_POSITION phase=NONE qty=4 avgPrice=50.9700
2026-05-06 02:56:18 WARN  SELL_SKIP [US] IREN reason=PHANTOM_POSITION phase=NONE qty=4 avgPrice=50.9700
2026-05-06 02:56:23 WARN  SELL_SKIP [US] IREN reason=PHANTOM_POSITION phase=NONE qty=4 avgPrice=50.9700
2026-05-06 02:56:28 WARN  SELL_SKIP [US] IREN reason=PHANTOM_POSITION phase=NONE qty=4 avgPrice=50.9700
2026-05-06 02:56:33 WARN  SELL_SKIP [US] IREN reason=PHANTOM_POSITION phase=NONE qty=4 avgPrice=50.9700
2026-05-06 02:56:38 WARN  SELL_SKIP [US] IREN reason=PHANTOM_POSITION phase=NONE qty=4 avgPrice=50.9700
2026-05-06 02:56:44 WARN  SELL_SKIP [US] IREN reason=PHANTOM_POSITION phase=NONE qty=4 avgPrice=50.9700
2026-05-06 02:56:49 WARN  SELL_SKIP [US] IREN reason=PHANTOM_POSITION phase=NONE qty=4 avgPrice=50.9700
2026-05-06 02:56:54 WARN  SELL_SKIP [US] IREN reason=PHANTOM_POSITION phase=NONE qty=4 avgPrice=50.9700
2026-05-06 02:56:59 WARN  SELL_SKIP [US] IREN reason=PHANTOM_POSITION phase=NONE qty=4 avgPrice=50.9700
2026-05-06 02:57:04 WARN  SELL_SKIP [US] IREN reason=PHANTOM_POSITION phase=NONE qty=4 avgPrice=50.9700
2026-05-06 02:57:09 WARN  SELL_SKIP [US] IREN reason=PHANTOM_POSITION phase=NONE qty=4 avgPrice=50.9700
2026-05-06 02:57:14 WARN  SELL_SKIP [US] IREN reason=PHANTOM_POSITION phase=NONE qty=4 avgPrice=50.9700
2026-05-06 02:57:19 WARN  SELL_SKIP [US] IREN reason=PHANTOM_POSITION phase=NONE qty=4 avgPrice=50.9700
2026-05-06 02:57:24 WARN  SELL_SKIP [US] IREN reason=PHANTOM_POSITION phase=NONE qty=4 avgPrice=50.9700
2026-05-06 02:57:29 WARN  SELL_SKIP [US] IREN reason=PHANTOM_POSITION phase=NONE qty=4 avgPrice=50.9700
2026-05-06 02:57:34 WARN  SELL_SKIP [US] IREN reason=PHANTOM_POSITION phase=NONE qty=4 avgPrice=50.9700
2026-05-06 02:57:40 WARN  SELL_SKIP [US] IREN reason=PHANTOM_POSITION phase=NONE qty=4 avgPrice=50.9700
2026-05-06 02:57:45 WARN  SELL_SKIP [US] IREN reason=PHANTOM_POSITION phase=NONE qty=4 avgPrice=50.9700
2026-05-06 02:57:50 WARN  SELL_SKIP [US] IREN reason=PHANTOM_POSITION phase=NONE qty=4 avgPrice=50.9700
2026-05-06 02:57:55 WARN  SELL_SKIP [US] IREN reason=PHANTOM_POSITION phase=NONE qty=4 avgPrice=50.9700
2026-05-06 02:58:00 WARN  SELL_SKIP [US] IREN reason=PHANTOM_POSITION phase=NONE qty=4 avgPrice=50.9700
2026-05-06 02:58:05 WARN  SELL_SKIP [US] IREN reason=PHANTOM_POSITION phase=NONE qty=4 avgPrice=50.9700
2026-05-06 02:58:10 WARN  SELL_SKIP [US] IREN reason=PHANTOM_POSITION phase=NONE qty=4 avgPrice=50.9700
2026-05-06 02:58:15 WARN  SELL_SKIP [US] IREN reason=PHANTOM_POSITION phase=NONE qty=4 avgPrice=50.9700
2026-05-06 02:58:20 WARN  SELL_SKIP [US] IREN reason=PHANTOM_POSITION phase=NONE qty=4 avgPrice=50.9700
2026-05-06 02:58:25 WARN  SELL_SKIP [US] IREN reason=PHANTOM_POSITION phase=NONE qty=4 avgPrice=50.9700
2026-05-06 02:58:30 WARN  SELL_SKIP [US] IREN reason=PHANTOM_POSITION phase=NONE qty=4 avgPrice=50.9700
2026-05-06 02:58:35 WARN  SELL_SKIP [US] IREN reason=PHANTOM_POSITION phase=NONE qty=4 avgPrice=50.9700
2026-05-06 02:58:41 WARN  SELL_SKIP [US] IREN reason=PHANTOM_POSITION phase=NONE qty=4 avgPrice=50.9700
2026-05-06 02:58:46 WARN  SELL_SKIP [US] IREN reason=PHANTOM_POSITION phase=NONE qty=4 avgPrice=50.9700
2026-05-06 02:58:51 WARN  SELL_SKIP [US] IREN reason=PHANTOM_POSITION phase=NONE qty=4 avgPrice=50.9700
2026-05-06 02:58:56 WARN  SELL_SKIP [US] IREN reason=PHANTOM_POSITION phase=NONE qty=4 avgPrice=50.9700
2026-05-06 02:59:01 WARN  SELL_SKIP [US] IREN reason=PHANTOM_POSITION phase=NONE qty=4 avgPrice=50.9700
2026-05-06 02:59:06 WARN  SELL_SKIP [US] IREN reason=PHANTOM_POSITION phase=NONE qty=4 avgPrice=50.9700
2026-05-06 02:59:11 WARN  SELL_SKIP [US] IREN reason=PHANTOM_POSITION phase=NONE qty=4 avgPrice=50.9700
2026-05-06 02:59:16 WARN  SELL_SKIP [US] IREN reason=PHANTOM_POSITION phase=NONE qty=4 avgPrice=50.9700
2026-05-06 02:59:21 WARN  SELL_SKIP [US] IREN reason=PHANTOM_POSITION phase=NONE qty=4 avgPrice=50.9700
2026-05-06 02:59:26 WARN  SELL_SKIP [US] IREN reason=PHANTOM_POSITION phase=NONE qty=4 avgPrice=50.9700
2026-05-06 02:59:31 WARN  SELL_SKIP [US] IREN reason=PHANTOM_POSITION phase=NONE qty=4 avgPrice=50.9700
2026-05-06 02:59:37 WARN  SELL_SKIP [US] IREN reason=PHANTOM_POSITION phase=NONE qty=4 avgPrice=50.9700
2026-05-06 02:59:42 WARN  SELL_SKIP [US] IREN reason=PHANTOM_POSITION phase=NONE qty=4 avgPrice=50.9700
2026-05-06 02:59:47 WARN  SELL_SKIP [US] IREN reason=PHANTOM_POSITION phase=NONE qty=4 avgPrice=50.9700
2026-05-06 02:59:52 WARN  SELL_SKIP [US] IREN reason=PHANTOM_POSITION phase=NONE qty=4 avgPrice=50.9700
2026-05-06 02:59:57 WARN  SELL_SKIP [US] IREN reason=PHANTOM_POSITION phase=NONE qty=4 avgPrice=50.9700
2026-05-06 03:00:02 WARN  SELL_SKIP [US] IREN reason=PHANTOM_POSITION phase=NONE qty=4 avgPrice=50.9700
2026-05-06 03:00:07 WARN  SELL_SKIP [US] IREN reason=PHANTOM_POSITION phase=NONE qty=4 avgPrice=50.9700
2026-05-06 03:00:12 WARN  SELL_SKIP [US] IREN reason=PHANTOM_POSITION phase=NONE qty=4 avgPrice=50.9700
2026-05-06 03:00:17 WARN  SELL_SKIP [US] IREN reason=PHANTOM_POSITION phase=NONE qty=4 avgPrice=50.9700
2026-05-06 03:00:22 WARN  SELL_SKIP [US] IREN reason=PHANTOM_POSITION phase=NONE qty=4 avgPrice=50.9700
2026-05-06 03:00:27 WARN  SELL_SKIP [US] IREN reason=PHANTOM_POSITION phase=NONE qty=4 avgPrice=50.9700
2026-05-06 03:00:32 WARN  SELL_SKIP [US] IREN reason=PHANTOM_POSITION phase=NONE qty=4 avgPrice=50.9700
2026-05-06 03:00:37 WARN  SELL_SKIP [US] IREN reason=PHANTOM_POSITION phase=NONE qty=4 avgPrice=50.9700
2026-05-06 03:00:43 WARN  SELL_SKIP [US] IREN reason=PHANTOM_POSITION phase=NONE qty=4 avgPrice=50.9700
2026-05-06 03:00:48 WARN  SELL_SKIP [US] IREN reason=PHANTOM_POSITION phase=NONE qty=4 avgPrice=50.9700
2026-05-06 03:00:53 WARN  SELL_SKIP [US] IREN reason=PHANTOM_POSITION phase=NONE qty=4 avgPrice=50.9700
2026-05-06 03:00:58 WARN  SELL_SKIP [US] IREN reason=PHANTOM_POSITION phase=NONE qty=4 avgPrice=50.9700
2026-05-06 03:01:03 WARN  SELL_SKIP [US] IREN reason=PHANTOM_POSITION phase=NONE qty=4 avgPrice=50.9700
2026-05-06 03:01:08 WARN  SELL_SKIP [US] IREN reason=PHANTOM_POSITION phase=NONE qty=4 avgPrice=50.9700
2026-05-06 03:01:13 WARN  SELL_SKIP [US] IREN reason=PHANTOM_POSITION phase=NONE qty=4 avgPrice=50.9700
2026-05-06 03:01:18 WARN  SELL_SKIP [US] IREN reason=PHANTOM_POSITION phase=NONE qty=4 avgPrice=50.9700
2026-05-06 03:01:23 WARN  SELL_SKIP [US] IREN reason=PHANTOM_POSITION phase=NONE qty=4 avgPrice=50.9700
2026-05-06 03:01:28 WARN  SELL_SKIP [US] IREN reason=PHANTOM_POSITION phase=NONE qty=4 avgPrice=50.9700
2026-05-06 03:01:33 WARN  SELL_SKIP [US] IREN reason=PHANTOM_POSITION phase=NONE qty=4 avgPrice=50.9700
2026-05-06 03:01:39 WARN  SELL_SKIP [US] IREN reason=PHANTOM_POSITION phase=NONE qty=4 avgPrice=50.9700
2026-05-06 03:01:44 WARN  SELL_SKIP [US] IREN reason=PHANTOM_POSITION phase=NONE qty=4 avgPrice=50.9700
2026-05-06 03:01:49 WARN  SELL_SKIP [US] IREN reason=PHANTOM_POSITION phase=NONE qty=4 avgPrice=50.9700
2026-05-06 03:01:54 WARN  SELL_SKIP [US] IREN reason=PHANTOM_POSITION phase=NONE qty=4 avgPrice=50.9700
2026-05-06 03:01:59 WARN  SELL_SKIP [US] IREN reason=PHANTOM_POSITION phase=NONE qty=4 avgPrice=50.9700
2026-05-06 03:02:04 WARN  SELL_SKIP [US] IREN reason=PHANTOM_POSITION phase=NONE qty=4 avgPrice=50.9700
2026-05-06 03:02:09 WARN  SELL_SKIP [US] IREN reason=PHANTOM_POSITION phase=NONE qty=4 avgPrice=50.9700
2026-05-06 03:02:14 WARN  SELL_SKIP [US] IREN reason=PHANTOM_POSITION phase=NONE qty=4 avgPrice=50.9700
2026-05-06 03:02:19 WARN  SELL_SKIP [US] IREN reason=PHANTOM_POSITION phase=NONE qty=4 avgPrice=50.9700
2026-05-06 03:02:24 WARN  SELL_SKIP [US] IREN reason=PHANTOM_POSITION phase=NONE qty=4 avgPrice=50.9700
2026-05-06 03:02:29 WARN  SELL_SKIP [US] IREN reason=PHANTOM_POSITION phase=NONE qty=4 avgPrice=50.9700
2026-05-06 03:02:35 WARN  SELL_SKIP [US] IREN reason=PHANTOM_POSITION phase=NONE qty=4 avgPrice=50.9700
2026-05-06 03:02:40 WARN  SELL_SKIP [US] IREN reason=PHANTOM_POSITION phase=NONE qty=4 avgPrice=50.9700
2026-05-06 03:02:45 WARN  SELL_SKIP [US] IREN reason=PHANTOM_POSITION phase=NONE qty=4 avgPrice=50.9700
2026-05-06 03:02:50 WARN  SELL_SKIP [US] IREN reason=PHANTOM_POSITION phase=NONE qty=4 avgPrice=50.9700
2026-05-06 03:02:55 WARN  SELL_SKIP [US] IREN reason=PHANTOM_POSITION phase=NONE qty=4 avgPrice=50.9700
2026-05-06 03:03:00 WARN  SELL_SKIP [US] IREN reason=PHANTOM_POSITION phase=NONE qty=4 avgPrice=50.9700
2026-05-06 03:03:05 WARN  SELL_SKIP [US] IREN reason=PHANTOM_POSITION phase=NONE qty=4 avgPrice=50.9700
2026-05-06 03:03:10 WARN  SELL_SKIP [US] IREN reason=PHANTOM_POSITION phase=NONE qty=4 avgPrice=50.9700
2026-05-06 03:03:15 WARN  SELL_SKIP [US] IREN reason=PHANTOM_POSITION phase=NONE qty=4 avgPrice=50.9700
2026-05-06 03:03:20 WARN  SELL_SKIP [US] IREN reason=PHANTOM_POSITION phase=NONE qty=4 avgPrice=50.9700
2026-05-06 03:03:25 WARN  SELL_SKIP [US] IREN reason=PHANTOM_POSITION phase=NONE qty=4 avgPrice=50.9700
2026-05-06 03:03:31 WARN  SELL_SKIP [US] IREN reason=PHANTOM_POSITION phase=NONE qty=4 avgPrice=50.9700
2026-05-06 03:03:36 WARN  SELL_SKIP [US] IREN reason=PHANTOM_POSITION phase=NONE qty=4 avgPrice=50.9700
2026-05-06 03:03:46 WARN  SELL_SKIP [US] IREN reason=PHANTOM_POSITION phase=NONE qty=4 avgPrice=50.9700
2026-05-06 03:03:51 WARN  SELL_SKIP [US] IREN reason=PHANTOM_POSITION phase=NONE qty=4 avgPrice=50.9700
2026-05-06 03:03:56 WARN  SELL_SKIP [US] IREN reason=PHANTOM_POSITION phase=NONE qty=4 avgPrice=50.9700
2026-05-06 03:04:01 WARN  SELL_SKIP [US] IREN reason=PHANTOM_POSITION phase=NONE qty=4 avgPrice=50.9700
2026-05-06 03:04:06 WARN  SELL_SKIP [US] IREN reason=PHANTOM_POSITION phase=NONE qty=4 avgPrice=50.9700
2026-05-06 03:04:11 WARN  SELL_SKIP [US] IREN reason=PHANTOM_POSITION phase=NONE qty=4 avgPrice=50.9700
2026-05-06 03:04:16 WARN  SELL_SKIP [US] IREN reason=PHANTOM_POSITION phase=NONE qty=4 avgPrice=50.9700
2026-05-06 03:04:21 WARN  SELL_SKIP [US] IREN reason=PHANTOM_POSITION phase=NONE qty=4 avgPrice=50.9700
2026-05-06 03:04:26 WARN  SELL_SKIP [US] IREN reason=PHANTOM_POSITION phase=NONE qty=4 avgPrice=50.9700
2026-05-06 03:04:32 WARN  SELL_SKIP [US] IREN reason=PHANTOM_POSITION phase=NONE qty=4 avgPrice=50.9700
2026-05-06 03:04:37 WARN  SELL_SKIP [US] IREN reason=PHANTOM_POSITION phase=NONE qty=4 avgPrice=50.9700
2026-05-06 03:04:42 WARN  SELL_SKIP [US] IREN reason=PHANTOM_POSITION phase=NONE qty=4 avgPrice=50.9700
2026-05-06 03:04:47 WARN  SELL_SKIP [US] IREN reason=PHANTOM_POSITION phase=NONE qty=4 avgPrice=50.9700
2026-05-06 03:04:52 WARN  SELL_SKIP [US] IREN reason=PHANTOM_POSITION phase=NONE qty=4 avgPrice=50.9700
2026-05-06 03:04:57 WARN  SELL_SKIP [US] IREN reason=PHANTOM_POSITION phase=NONE qty=4 avgPrice=50.9700
2026-05-06 03:05:02 WARN  SELL_SKIP [US] IREN reason=PHANTOM_POSITION phase=NONE qty=4 avgPrice=50.9700
2026-05-06 03:05:07 WARN  SELL_SKIP [US] IREN reason=PHANTOM_POSITION phase=NONE qty=4 avgPrice=50.9700
2026-05-06 03:05:12 WARN  SELL_SKIP [US] IREN reason=PHANTOM_POSITION phase=NONE qty=4 avgPrice=50.9700
2026-05-06 03:05:17 WARN  SELL_SKIP [US] IREN reason=PHANTOM_POSITION phase=NONE qty=4 avgPrice=50.9700
2026-05-06 03:05:22 WARN  SELL_SKIP [US] IREN reason=PHANTOM_POSITION phase=NONE qty=4 avgPrice=50.9700
2026-05-06 03:05:27 WARN  SELL_SKIP [US] IREN reason=PHANTOM_POSITION phase=NONE qty=4 avgPrice=50.9700
2026-05-06 03:05:33 WARN  SELL_SKIP [US] IREN reason=PHANTOM_POSITION phase=NONE qty=4 avgPrice=50.9700
2026-05-06 03:05:38 WARN  SELL_SKIP [US] IREN reason=PHANTOM_POSITION phase=NONE qty=4 avgPrice=50.9700
2026-05-06 03:05:43 WARN  SELL_SKIP [US] IREN reason=PHANTOM_POSITION phase=NONE qty=4 avgPrice=50.9700
2026-05-06 03:05:48 WARN  SELL_SKIP [US] IREN reason=PHANTOM_POSITION phase=NONE qty=4 avgPrice=50.9700
2026-05-06 03:05:53 WARN  SELL_SKIP [US] IREN reason=PHANTOM_POSITION phase=NONE qty=4 avgPrice=50.9700
2026-05-06 03:05:58 WARN  SELL_SKIP [US] IREN reason=PHANTOM_POSITION phase=NONE qty=4 avgPrice=50.9700
2026-05-06 03:06:03 WARN  SELL_SKIP [US] IREN reason=PHANTOM_POSITION phase=NONE qty=4 avgPrice=50.9700
2026-05-06 03:06:08 WARN  SELL_SKIP [US] IREN reason=PHANTOM_POSITION phase=NONE qty=4 avgPrice=50.9700
2026-05-06 03:06:13 WARN  SELL_SKIP [US] IREN reason=PHANTOM_POSITION phase=NONE qty=4 avgPrice=50.9700
2026-05-06 03:06:18 WARN  SELL_SKIP [US] IREN reason=PHANTOM_POSITION phase=NONE qty=4 avgPrice=50.9700
2026-05-06 03:06:23 WARN  SELL_SKIP [US] IREN reason=PHANTOM_POSITION phase=NONE qty=4 avgPrice=50.9700
2026-05-06 03:06:29 WARN  SELL_SKIP [US] IREN reason=PHANTOM_POSITION phase=NONE qty=4 avgPrice=50.9700
2026-05-06 03:06:34 WARN  SELL_SKIP [US] IREN reason=PHANTOM_POSITION phase=NONE qty=4 avgPrice=50.9700
2026-05-06 03:06:39 WARN  SELL_SKIP [US] IREN reason=PHANTOM_POSITION phase=NONE qty=4 avgPrice=50.9700
2026-05-06 03:06:44 WARN  SELL_SKIP [US] IREN reason=PHANTOM_POSITION phase=NONE qty=4 avgPrice=50.9700
2026-05-06 03:06:49 WARN  SELL_SKIP [US] IREN reason=PHANTOM_POSITION phase=NONE qty=4 avgPrice=50.9700
2026-05-06 03:06:54 WARN  SELL_SKIP [US] IREN reason=PHANTOM_POSITION phase=NONE qty=4 avgPrice=50.9700
2026-05-06 03:06:59 WARN  SELL_SKIP [US] IREN reason=PHANTOM_POSITION phase=NONE qty=4 avgPrice=50.9700
2026-05-06 03:07:04 WARN  SELL_SKIP [US] IREN reason=PHANTOM_POSITION phase=NONE qty=4 avgPrice=50.9700
2026-05-06 03:07:09 WARN  SELL_SKIP [US] IREN reason=PHANTOM_POSITION phase=NONE qty=4 avgPrice=50.9700
2026-05-06 03:07:14 WARN  SELL_SKIP [US] IREN reason=PHANTOM_POSITION phase=NONE qty=4 avgPrice=50.9700
2026-05-06 03:07:19 WARN  SELL_SKIP [US] IREN reason=PHANTOM_POSITION phase=NONE qty=4 avgPrice=50.9700
2026-05-06 03:07:25 WARN  SELL_SKIP [US] IREN reason=PHANTOM_POSITION phase=NONE qty=4 avgPrice=50.9700
2026-05-06 03:07:30 WARN  SELL_SKIP [US] IREN reason=PHANTOM_POSITION phase=NONE qty=4 avgPrice=50.9700
2026-05-06 03:07:35 WARN  SELL_SKIP [US] IREN reason=PHANTOM_POSITION phase=NONE qty=4 avgPrice=50.9700
2026-05-06 03:07:40 WARN  SELL_SKIP [US] IREN reason=PHANTOM_POSITION phase=NONE qty=4 avgPrice=50.9700
2026-05-06 03:07:45 WARN  SELL_SKIP [US] IREN reason=PHANTOM_POSITION phase=NONE qty=4 avgPrice=50.9700
2026-05-06 03:07:50 WARN  SELL_SKIP [US] IREN reason=PHANTOM_POSITION phase=NONE qty=4 avgPrice=50.9700
2026-05-06 03:07:55 WARN  SELL_SKIP [US] IREN reason=PHANTOM_POSITION phase=NONE qty=4 avgPrice=50.9700
2026-05-06 03:08:00 WARN  SELL_SKIP [US] IREN reason=PHANTOM_POSITION phase=NONE qty=4 avgPrice=50.9700
2026-05-06 03:08:05 WARN  SELL_SKIP [US] IREN reason=PHANTOM_POSITION phase=NONE qty=4 avgPrice=50.9700
2026-05-06 03:08:10 WARN  SELL_SKIP [US] IREN reason=PHANTOM_POSITION phase=NONE qty=4 avgPrice=50.9700
2026-05-06 03:08:15 WARN  SELL_SKIP [US] IREN reason=PHANTOM_POSITION phase=NONE qty=4 avgPrice=50.9700
2026-05-06 03:08:20 WARN  SELL_SKIP [US] IREN reason=PHANTOM_POSITION phase=NONE qty=4 avgPrice=50.9700
2026-05-06 03:08:26 WARN  SELL_SKIP [US] IREN reason=PHANTOM_POSITION phase=NONE qty=4 avgPrice=50.9700
2026-05-06 03:08:31 WARN  SELL_SKIP [US] IREN reason=PHANTOM_POSITION phase=NONE qty=4 avgPrice=50.9700
2026-05-06 03:08:36 WARN  SELL_SKIP [US] IREN reason=PHANTOM_POSITION phase=NONE qty=4 avgPrice=50.9700
2026-05-06 03:08:41 WARN  SELL_SKIP [US] IREN reason=PHANTOM_POSITION phase=NONE qty=4 avgPrice=50.9700
2026-05-06 03:08:46 WARN  SELL_SKIP [US] IREN reason=PHANTOM_POSITION phase=NONE qty=4 avgPrice=50.9700
2026-05-06 03:08:51 WARN  SELL_SKIP [US] IREN reason=PHANTOM_POSITION phase=NONE qty=4 avgPrice=50.9700
2026-05-06 03:08:56 WARN  SELL_SKIP [US] IREN reason=PHANTOM_POSITION phase=NONE qty=4 avgPrice=50.9700
2026-05-06 03:09:01 WARN  SELL_SKIP [US] IREN reason=PHANTOM_POSITION phase=NONE qty=4 avgPrice=50.9700
2026-05-06 03:09:06 WARN  SELL_SKIP [US] IREN reason=PHANTOM_POSITION phase=NONE qty=4 avgPrice=50.9700
2026-05-06 03:09:11 WARN  SELL_SKIP [US] IREN reason=PHANTOM_POSITION phase=NONE qty=4 avgPrice=50.9700
2026-05-06 03:09:16 WARN  SELL_SKIP [US] IREN reason=PHANTOM_POSITION phase=NONE qty=4 avgPrice=50.9700
2026-05-06 03:09:22 WARN  SELL_SKIP [US] IREN reason=PHANTOM_POSITION phase=NONE qty=4 avgPrice=50.9700
2026-05-06 03:09:27 WARN  SELL_SKIP [US] IREN reason=PHANTOM_POSITION phase=NONE qty=4 avgPrice=50.9700
2026-05-06 03:09:32 WARN  SELL_SKIP [US] IREN reason=PHANTOM_POSITION phase=NONE qty=4 avgPrice=50.9700
2026-05-06 03:09:37 WARN  SELL_SKIP [US] IREN reason=PHANTOM_POSITION phase=NONE qty=4 avgPrice=50.9700
2026-05-06 03:09:42 WARN  SELL_SKIP [US] IREN reason=PHANTOM_POSITION phase=NONE qty=4 avgPrice=50.9700
2026-05-06 03:09:47 WARN  SELL_SKIP [US] IREN reason=PHANTOM_POSITION phase=NONE qty=4 avgPrice=50.9700
2026-05-06 03:09:52 WARN  SELL_SKIP [US] IREN reason=PHANTOM_POSITION phase=NONE qty=4 avgPrice=50.9700
2026-05-06 03:09:57 WARN  SELL_SKIP [US] IREN reason=PHANTOM_POSITION phase=NONE qty=4 avgPrice=50.9700
2026-05-06 03:10:02 WARN  SELL_SKIP [US] IREN reason=PHANTOM_POSITION phase=NONE qty=4 avgPrice=50.9700
2026-05-06 03:10:07 WARN  SELL_SKIP [US] IREN reason=PHANTOM_POSITION phase=NONE qty=4 avgPrice=50.9700
2026-05-06 03:10:12 WARN  SELL_SKIP [US] IREN reason=PHANTOM_POSITION phase=NONE qty=4 avgPrice=50.9700
2026-05-06 03:10:17 WARN  SELL_SKIP [US] IREN reason=PHANTOM_POSITION phase=NONE qty=4 avgPrice=50.9700
2026-05-06 03:10:22 WARN  SELL_SKIP [US] IREN reason=PHANTOM_POSITION phase=NONE qty=4 avgPrice=50.9700
2026-05-06 03:10:28 WARN  SELL_SKIP [US] IREN reason=PHANTOM_POSITION phase=NONE qty=4 avgPrice=50.9700
2026-05-06 03:10:33 WARN  SELL_SKIP [US] IREN reason=PHANTOM_POSITION phase=NONE qty=4 avgPrice=50.9700
2026-05-06 03:10:38 WARN  SELL_SKIP [US] IREN reason=PHANTOM_POSITION phase=NONE qty=4 avgPrice=50.9700
2026-05-06 03:10:43 WARN  SELL_SKIP [US] IREN reason=PHANTOM_POSITION phase=NONE qty=4 avgPrice=50.9700
2026-05-06 03:10:48 WARN  SELL_SKIP [US] IREN reason=PHANTOM_POSITION phase=NONE qty=4 avgPrice=50.9700
2026-05-06 03:10:53 WARN  SELL_SKIP [US] IREN reason=PHANTOM_POSITION phase=NONE qty=4 avgPrice=50.9700
2026-05-06 03:10:58 WARN  SELL_SKIP [US] IREN reason=PHANTOM_POSITION phase=NONE qty=4 avgPrice=50.9700
2026-05-06 03:11:03 WARN  SELL_SKIP [US] IREN reason=PHANTOM_POSITION phase=NONE qty=4 avgPrice=50.9700
2026-05-06 03:11:08 WARN  SELL_SKIP [US] IREN reason=PHANTOM_POSITION phase=NONE qty=4 avgPrice=50.9700
2026-05-06 03:11:13 WARN  SELL_SKIP [US] IREN reason=PHANTOM_POSITION phase=NONE qty=4 avgPrice=50.9700
2026-05-06 03:11:18 WARN  SELL_SKIP [US] IREN reason=PHANTOM_POSITION phase=NONE qty=4 avgPrice=50.9700
2026-05-06 03:11:24 WARN  SELL_SKIP [US] IREN reason=PHANTOM_POSITION phase=NONE qty=4 avgPrice=50.9700
2026-05-06 03:11:29 WARN  SELL_SKIP [US] IREN reason=PHANTOM_POSITION phase=NONE qty=4 avgPrice=50.9700
2026-05-06 03:11:34 WARN  SELL_SKIP [US] IREN reason=PHANTOM_POSITION phase=NONE qty=4 avgPrice=50.9700
2026-05-06 03:11:39 WARN  SELL_SKIP [US] IREN reason=PHANTOM_POSITION phase=NONE qty=4 avgPrice=50.9700
2026-05-06 03:11:44 WARN  SELL_SKIP [US] IREN reason=PHANTOM_POSITION phase=NONE qty=4 avgPrice=50.9700
2026-05-06 03:11:49 WARN  SELL_SKIP [US] IREN reason=PHANTOM_POSITION phase=NONE qty=4 avgPrice=50.9700
2026-05-06 03:11:54 WARN  SELL_SKIP [US] IREN reason=PHANTOM_POSITION phase=NONE qty=4 avgPrice=50.9700
2026-05-06 03:11:59 WARN  SELL_SKIP [US] IREN reason=PHANTOM_POSITION phase=NONE qty=4 avgPrice=50.9700
2026-05-06 03:12:04 WARN  SELL_SKIP [US] IREN reason=PHANTOM_POSITION phase=NONE qty=4 avgPrice=50.9700
2026-05-06 03:12:09 WARN  SELL_SKIP [US] IREN reason=PHANTOM_POSITION phase=NONE qty=4 avgPrice=50.9700
2026-05-06 03:12:14 WARN  SELL_SKIP [US] IREN reason=PHANTOM_POSITION phase=NONE qty=4 avgPrice=50.9700
2026-05-06 03:12:20 WARN  SELL_SKIP [US] IREN reason=PHANTOM_POSITION phase=NONE qty=4 avgPrice=50.9700
2026-05-06 03:12:25 WARN  SELL_SKIP [US] IREN reason=PHANTOM_POSITION phase=NONE qty=4 avgPrice=50.9700
2026-05-06 03:12:30 WARN  SELL_SKIP [US] IREN reason=PHANTOM_POSITION phase=NONE qty=4 avgPrice=50.9700
2026-05-06 03:12:35 WARN  SELL_SKIP [US] IREN reason=PHANTOM_POSITION phase=NONE qty=4 avgPrice=50.9700
2026-05-06 03:12:40 WARN  SELL_SKIP [US] IREN reason=PHANTOM_POSITION phase=NONE qty=4 avgPrice=50.9700
2026-05-06 03:12:45 WARN  SELL_SKIP [US] IREN reason=PHANTOM_POSITION phase=NONE qty=4 avgPrice=50.9700
2026-05-06 03:12:50 WARN  SELL_SKIP [US] IREN reason=PHANTOM_POSITION phase=NONE qty=4 avgPrice=50.9700
2026-05-06 03:12:55 WARN  SELL_SKIP [US] IREN reason=PHANTOM_POSITION phase=NONE qty=4 avgPrice=50.9700
2026-05-06 03:13:00 WARN  SELL_SKIP [US] IREN reason=PHANTOM_POSITION phase=NONE qty=4 avgPrice=50.9700
2026-05-06 03:13:05 WARN  SELL_SKIP [US] IREN reason=PHANTOM_POSITION phase=NONE qty=4 avgPrice=50.9700
2026-05-06 03:13:10 WARN  SELL_SKIP [US] IREN reason=PHANTOM_POSITION phase=NONE qty=4 avgPrice=50.9700
2026-05-06 03:13:16 WARN  SELL_SKIP [US] IREN reason=PHANTOM_POSITION phase=NONE qty=4 avgPrice=50.9700
2026-05-06 03:13:21 WARN  SELL_SKIP [US] IREN reason=PHANTOM_POSITION phase=NONE qty=4 avgPrice=50.9700
2026-05-06 03:13:26 WARN  SELL_SKIP [US] IREN reason=PHANTOM_POSITION phase=NONE qty=4 avgPrice=50.9700
2026-05-06 03:13:31 WARN  SELL_SKIP [US] IREN reason=PHANTOM_POSITION phase=NONE qty=4 avgPrice=50.9700
2026-05-06 03:13:36 WARN  SELL_SKIP [US] IREN reason=PHANTOM_POSITION phase=NONE qty=4 avgPrice=50.9700
2026-05-06 03:13:41 WARN  SELL_SKIP [US] IREN reason=PHANTOM_POSITION phase=NONE qty=4 avgPrice=50.9700
2026-05-06 03:13:46 WARN  SELL_SKIP [US] IREN reason=PHANTOM_POSITION phase=NONE qty=4 avgPrice=50.9700
2026-05-06 03:13:51 WARN  SELL_SKIP [US] IREN reason=PHANTOM_POSITION phase=NONE qty=4 avgPrice=50.9700
2026-05-06 03:13:56 WARN  SELL_SKIP [US] IREN reason=PHANTOM_POSITION phase=NONE qty=4 avgPrice=50.9700
2026-05-06 03:14:01 WARN  SELL_SKIP [US] IREN reason=PHANTOM_POSITION phase=NONE qty=4 avgPrice=50.9700
2026-05-06 03:14:06 WARN  SELL_SKIP [US] IREN reason=PHANTOM_POSITION phase=NONE qty=4 avgPrice=50.9700
2026-05-06 03:14:11 WARN  SELL_SKIP [US] IREN reason=PHANTOM_POSITION phase=NONE qty=4 avgPrice=50.9700
2026-05-06 03:14:16 WARN  SELL_SKIP [US] IREN reason=PHANTOM_POSITION phase=NONE qty=4 avgPrice=50.9700
2026-05-06 03:14:22 WARN  SELL_SKIP [US] IREN reason=PHANTOM_POSITION phase=NONE qty=4 avgPrice=50.9700
2026-05-06 03:14:27 WARN  SELL_SKIP [US] IREN reason=PHANTOM_POSITION phase=NONE qty=4 avgPrice=50.9700
2026-05-06 03:14:32 WARN  SELL_SKIP [US] IREN reason=PHANTOM_POSITION phase=NONE qty=4 avgPrice=50.9700
2026-05-06 03:14:37 WARN  SELL_SKIP [US] IREN reason=PHANTOM_POSITION phase=NONE qty=4 avgPrice=50.9700
2026-05-06 03:14:42 WARN  SELL_SKIP [US] IREN reason=PHANTOM_POSITION phase=NONE qty=4 avgPrice=50.9700
2026-05-06 03:14:47 WARN  SELL_SKIP [US] IREN reason=PHANTOM_POSITION phase=NONE qty=4 avgPrice=50.9700
2026-05-06 03:14:52 WARN  SELL_SKIP [US] IREN reason=PHANTOM_POSITION phase=NONE qty=4 avgPrice=50.9700
2026-05-06 03:14:57 WARN  SELL_SKIP [US] IREN reason=PHANTOM_POSITION phase=NONE qty=4 avgPrice=50.9700
2026-05-06 03:15:02 WARN  SELL_SKIP [US] IREN reason=PHANTOM_POSITION phase=NONE qty=4 avgPrice=50.9700
2026-05-06 03:15:07 WARN  SELL_SKIP [US] IREN reason=PHANTOM_POSITION phase=NONE qty=4 avgPrice=50.9700
2026-05-06 03:15:12 WARN  SELL_SKIP [US] IREN reason=PHANTOM_POSITION phase=NONE qty=4 avgPrice=50.9700
2026-05-06 03:15:17 WARN  SELL_SKIP [US] IREN reason=PHANTOM_POSITION phase=NONE qty=4 avgPrice=50.9700
2026-05-06 03:15:23 WARN  SELL_SKIP [US] IREN reason=PHANTOM_POSITION phase=NONE qty=4 avgPrice=50.9700
2026-05-06 03:15:28 WARN  SELL_SKIP [US] IREN reason=PHANTOM_POSITION phase=NONE qty=4 avgPrice=50.9700
2026-05-06 03:15:33 WARN  SELL_SKIP [US] IREN reason=PHANTOM_POSITION phase=NONE qty=4 avgPrice=50.9700
2026-05-06 03:15:38 WARN  SELL_SKIP [US] IREN reason=PHANTOM_POSITION phase=NONE qty=4 avgPrice=50.9700
2026-05-06 03:15:43 WARN  SELL_SKIP [US] IREN reason=PHANTOM_POSITION phase=NONE qty=4 avgPrice=50.9700
2026-05-06 03:15:48 WARN  SELL_SKIP [US] IREN reason=PHANTOM_POSITION phase=NONE qty=4 avgPrice=50.9700
2026-05-06 03:15:53 WARN  SELL_SKIP [US] IREN reason=PHANTOM_POSITION phase=NONE qty=4 avgPrice=50.9700
2026-05-06 03:15:58 WARN  SELL_SKIP [US] IREN reason=PHANTOM_POSITION phase=NONE qty=4 avgPrice=50.9700
2026-05-06 03:16:03 WARN  SELL_SKIP [US] IREN reason=PHANTOM_POSITION phase=NONE qty=4 avgPrice=50.9700
2026-05-06 03:16:08 WARN  SELL_SKIP [US] IREN reason=PHANTOM_POSITION phase=NONE qty=4 avgPrice=50.9700
2026-05-06 03:16:13 WARN  SELL_SKIP [US] IREN reason=PHANTOM_POSITION phase=NONE qty=4 avgPrice=50.9700
2026-05-06 03:16:18 WARN  SELL_SKIP [US] IREN reason=PHANTOM_POSITION phase=NONE qty=4 avgPrice=50.9700
2026-05-06 03:16:24 WARN  SELL_SKIP [US] IREN reason=PHANTOM_POSITION phase=NONE qty=4 avgPrice=50.9700
2026-05-06 03:16:29 WARN  SELL_SKIP [US] IREN reason=PHANTOM_POSITION phase=NONE qty=4 avgPrice=50.9700
2026-05-06 03:16:34 WARN  SELL_SKIP [US] IREN reason=PHANTOM_POSITION phase=NONE qty=4 avgPrice=50.9700
2026-05-06 03:16:39 WARN  SELL_SKIP [US] IREN reason=PHANTOM_POSITION phase=NONE qty=4 avgPrice=50.9700
2026-05-06 03:16:44 WARN  SELL_SKIP [US] IREN reason=PHANTOM_POSITION phase=NONE qty=4 avgPrice=50.9700
2026-05-06 03:16:49 WARN  SELL_SKIP [US] IREN reason=PHANTOM_POSITION phase=NONE qty=4 avgPrice=50.9700
2026-05-06 03:16:54 WARN  SELL_SKIP [US] IREN reason=PHANTOM_POSITION phase=NONE qty=4 avgPrice=50.9700
2026-05-06 03:16:59 WARN  SELL_SKIP [US] IREN reason=PHANTOM_POSITION phase=NONE qty=4 avgPrice=50.9700
2026-05-06 03:17:04 WARN  SELL_SKIP [US] IREN reason=PHANTOM_POSITION phase=NONE qty=4 avgPrice=50.9700
2026-05-06 03:17:09 WARN  SELL_SKIP [US] IREN reason=PHANTOM_POSITION phase=NONE qty=4 avgPrice=50.9700
2026-05-06 03:17:14 WARN  SELL_SKIP [US] IREN reason=PHANTOM_POSITION phase=NONE qty=4 avgPrice=50.9700
2026-05-06 03:17:20 WARN  SELL_SKIP [US] IREN reason=PHANTOM_POSITION phase=NONE qty=4 avgPrice=50.9700
2026-05-06 03:17:25 WARN  SELL_SKIP [US] IREN reason=PHANTOM_POSITION phase=NONE qty=4 avgPrice=50.9700
2026-05-06 03:17:30 WARN  SELL_SKIP [US] IREN reason=PHANTOM_POSITION phase=NONE qty=4 avgPrice=50.9700
2026-05-06 03:17:35 WARN  SELL_SKIP [US] IREN reason=PHANTOM_POSITION phase=NONE qty=4 avgPrice=50.9700
2026-05-06 03:17:40 WARN  SELL_SKIP [US] IREN reason=PHANTOM_POSITION phase=NONE qty=4 avgPrice=50.9700
2026-05-06 03:17:45 WARN  SELL_SKIP [US] IREN reason=PHANTOM_POSITION phase=NONE qty=4 avgPrice=50.9700
2026-05-06 03:17:50 WARN  SELL_SKIP [US] IREN reason=PHANTOM_POSITION phase=NONE qty=4 avgPrice=50.9700
2026-05-06 03:17:55 WARN  SELL_SKIP [US] IREN reason=PHANTOM_POSITION phase=NONE qty=4 avgPrice=50.9700
2026-05-06 03:18:00 WARN  SELL_SKIP [US] IREN reason=PHANTOM_POSITION phase=NONE qty=4 avgPrice=50.9700
2026-05-06 03:18:05 WARN  SELL_SKIP [US] IREN reason=PHANTOM_POSITION phase=NONE qty=4 avgPrice=50.9700
2026-05-06 03:18:10 WARN  SELL_SKIP [US] IREN reason=PHANTOM_POSITION phase=NONE qty=4 avgPrice=50.9700
2026-05-06 03:18:15 WARN  SELL_SKIP [US] IREN reason=PHANTOM_POSITION phase=NONE qty=4 avgPrice=50.9700
2026-05-06 03:18:21 WARN  SELL_SKIP [US] IREN reason=PHANTOM_POSITION phase=NONE qty=4 avgPrice=50.9700
2026-05-06 03:18:26 WARN  SELL_SKIP [US] IREN reason=PHANTOM_POSITION phase=NONE qty=4 avgPrice=50.9700
2026-05-06 03:18:31 WARN  SELL_SKIP [US] IREN reason=PHANTOM_POSITION phase=NONE qty=4 avgPrice=50.9700
2026-05-06 03:18:36 WARN  SELL_SKIP [US] IREN reason=PHANTOM_POSITION phase=NONE qty=4 avgPrice=50.9700
2026-05-06 03:18:41 WARN  SELL_SKIP [US] IREN reason=PHANTOM_POSITION phase=NONE qty=4 avgPrice=50.9700
2026-05-06 03:18:46 WARN  SELL_SKIP [US] IREN reason=PHANTOM_POSITION phase=NONE qty=4 avgPrice=50.9700
2026-05-06 03:18:51 WARN  SELL_SKIP [US] IREN reason=PHANTOM_POSITION phase=NONE qty=4 avgPrice=50.9700
2026-05-06 03:18:56 WARN  SELL_SKIP [US] IREN reason=PHANTOM_POSITION phase=NONE qty=4 avgPrice=50.9700
2026-05-06 03:19:01 WARN  SELL_SKIP [US] IREN reason=PHANTOM_POSITION phase=NONE qty=4 avgPrice=50.9700
2026-05-06 03:19:06 WARN  SELL_SKIP [US] IREN reason=PHANTOM_POSITION phase=NONE qty=4 avgPrice=50.9700
2026-05-06 03:19:12 WARN  SELL_SKIP [US] IREN reason=PHANTOM_POSITION phase=NONE qty=4 avgPrice=50.9700
2026-05-06 03:19:17 WARN  SELL_SKIP [US] IREN reason=PHANTOM_POSITION phase=NONE qty=4 avgPrice=50.9700
2026-05-06 03:19:22 WARN  SELL_SKIP [US] IREN reason=PHANTOM_POSITION phase=NONE qty=4 avgPrice=50.9700
2026-05-06 03:19:27 WARN  SELL_SKIP [US] IREN reason=PHANTOM_POSITION phase=NONE qty=4 avgPrice=50.9700
2026-05-06 03:19:32 WARN  SELL_SKIP [US] IREN reason=PHANTOM_POSITION phase=NONE qty=4 avgPrice=50.9700
2026-05-06 03:19:37 WARN  SELL_SKIP [US] IREN reason=PHANTOM_POSITION phase=NONE qty=4 avgPrice=50.9700
2026-05-06 03:19:42 WARN  SELL_SKIP [US] IREN reason=PHANTOM_POSITION phase=NONE qty=4 avgPrice=50.9700
2026-05-06 03:19:47 WARN  SELL_SKIP [US] IREN reason=PHANTOM_POSITION phase=NONE qty=4 avgPrice=50.9700
2026-05-06 03:19:52 WARN  SELL_SKIP [US] IREN reason=PHANTOM_POSITION phase=NONE qty=4 avgPrice=50.9700
2026-05-06 03:19:57 WARN  SELL_SKIP [US] IREN reason=PHANTOM_POSITION phase=NONE qty=4 avgPrice=50.9700
2026-05-06 03:20:02 WARN  SELL_SKIP [US] IREN reason=PHANTOM_POSITION phase=NONE qty=4 avgPrice=50.9700
2026-05-06 03:20:07 WARN  SELL_SKIP [US] IREN reason=PHANTOM_POSITION phase=NONE qty=4 avgPrice=50.9700
2026-05-06 03:20:13 WARN  SELL_SKIP [US] IREN reason=PHANTOM_POSITION phase=NONE qty=4 avgPrice=50.9700
2026-05-06 03:20:18 WARN  SELL_SKIP [US] IREN reason=PHANTOM_POSITION phase=NONE qty=4 avgPrice=50.9700
2026-05-06 03:20:23 WARN  SELL_SKIP [US] IREN reason=PHANTOM_POSITION phase=NONE qty=4 avgPrice=50.9700
2026-05-06 03:20:33 WARN  SELL_SKIP [US] IREN reason=PHANTOM_POSITION phase=NONE qty=4 avgPrice=50.9700
2026-05-06 03:20:38 WARN  SELL_SKIP [US] IREN reason=PHANTOM_POSITION phase=NONE qty=4 avgPrice=50.9700
2026-05-06 03:20:43 WARN  SELL_SKIP [US] IREN reason=PHANTOM_POSITION phase=NONE qty=4 avgPrice=50.9700
2026-05-06 03:20:48 WARN  SELL_SKIP [US] IREN reason=PHANTOM_POSITION phase=NONE qty=4 avgPrice=50.9700
2026-05-06 03:20:53 WARN  SELL_SKIP [US] IREN reason=PHANTOM_POSITION phase=NONE qty=4 avgPrice=50.9700
2026-05-06 03:20:58 WARN  SELL_SKIP [US] IREN reason=PHANTOM_POSITION phase=NONE qty=4 avgPrice=50.9700
2026-05-06 03:21:03 WARN  SELL_SKIP [US] IREN reason=PHANTOM_POSITION phase=NONE qty=4 avgPrice=50.9700
2026-05-06 03:21:08 WARN  SELL_SKIP [US] IREN reason=PHANTOM_POSITION phase=NONE qty=4 avgPrice=50.9700
2026-05-06 03:21:14 WARN  SELL_SKIP [US] IREN reason=PHANTOM_POSITION phase=NONE qty=4 avgPrice=50.9700
2026-05-06 03:21:19 WARN  SELL_SKIP [US] IREN reason=PHANTOM_POSITION phase=NONE qty=4 avgPrice=50.9700
2026-05-06 03:21:24 WARN  SELL_SKIP [US] IREN reason=PHANTOM_POSITION phase=NONE qty=4 avgPrice=50.9700
2026-05-06 03:21:29 WARN  SELL_SKIP [US] IREN reason=PHANTOM_POSITION phase=NONE qty=4 avgPrice=50.9700
2026-05-06 03:21:34 WARN  SELL_SKIP [US] IREN reason=PHANTOM_POSITION phase=NONE qty=4 avgPrice=50.9700
2026-05-06 03:21:39 WARN  SELL_SKIP [US] IREN reason=PHANTOM_POSITION phase=NONE qty=4 avgPrice=50.9700
2026-05-06 03:21:44 WARN  SELL_SKIP [US] IREN reason=PHANTOM_POSITION phase=NONE qty=4 avgPrice=50.9700
2026-05-06 03:21:49 WARN  SELL_SKIP [US] IREN reason=PHANTOM_POSITION phase=NONE qty=4 avgPrice=50.9700
2026-05-06 03:21:54 WARN  SELL_SKIP [US] IREN reason=PHANTOM_POSITION phase=NONE qty=4 avgPrice=50.9700
2026-05-06 03:21:59 WARN  SELL_SKIP [US] IREN reason=PHANTOM_POSITION phase=NONE qty=4 avgPrice=50.9700
2026-05-06 03:22:04 WARN  SELL_SKIP [US] IREN reason=PHANTOM_POSITION phase=NONE qty=4 avgPrice=50.9700
2026-05-06 03:22:09 WARN  SELL_SKIP [US] IREN reason=PHANTOM_POSITION phase=NONE qty=4 avgPrice=50.9700
2026-05-06 03:22:15 WARN  SELL_SKIP [US] IREN reason=PHANTOM_POSITION phase=NONE qty=4 avgPrice=50.9700
2026-05-06 03:22:20 WARN  SELL_SKIP [US] IREN reason=PHANTOM_POSITION phase=NONE qty=4 avgPrice=50.9700
2026-05-06 03:22:25 WARN  SELL_SKIP [US] IREN reason=PHANTOM_POSITION phase=NONE qty=4 avgPrice=50.9700
2026-05-06 03:22:30 WARN  SELL_SKIP [US] IREN reason=PHANTOM_POSITION phase=NONE qty=4 avgPrice=50.9700
2026-05-06 03:22:35 WARN  SELL_SKIP [US] IREN reason=PHANTOM_POSITION phase=NONE qty=4 avgPrice=50.9700
2026-05-06 03:22:40 WARN  SELL_SKIP [US] IREN reason=PHANTOM_POSITION phase=NONE qty=4 avgPrice=50.9700
2026-05-06 03:22:45 WARN  SELL_SKIP [US] IREN reason=PHANTOM_POSITION phase=NONE qty=4 avgPrice=50.9700
2026-05-06 03:22:50 WARN  SELL_SKIP [US] IREN reason=PHANTOM_POSITION phase=NONE qty=4 avgPrice=50.9700
2026-05-06 03:22:55 WARN  SELL_SKIP [US] IREN reason=PHANTOM_POSITION phase=NONE qty=4 avgPrice=50.9700
2026-05-06 03:23:00 WARN  SELL_SKIP [US] IREN reason=PHANTOM_POSITION phase=NONE qty=4 avgPrice=50.9700
2026-05-06 03:23:05 WARN  SELL_SKIP [US] IREN reason=PHANTOM_POSITION phase=NONE qty=4 avgPrice=50.9700
2026-05-06 03:23:10 WARN  SELL_SKIP [US] IREN reason=PHANTOM_POSITION phase=NONE qty=4 avgPrice=50.9700
2026-05-06 03:23:21 WARN  SELL_SKIP [US] IREN reason=PHANTOM_POSITION phase=NONE qty=4 avgPrice=50.9700
2026-05-06 03:23:26 WARN  SELL_SKIP [US] IREN reason=PHANTOM_POSITION phase=NONE qty=4 avgPrice=50.9700
2026-05-06 03:23:31 WARN  SELL_SKIP [US] IREN reason=PHANTOM_POSITION phase=NONE qty=4 avgPrice=50.9700
2026-05-06 03:23:36 WARN  SELL_SKIP [US] IREN reason=PHANTOM_POSITION phase=NONE qty=4 avgPrice=50.9700
2026-05-06 03:23:41 WARN  SELL_SKIP [US] IREN reason=PHANTOM_POSITION phase=NONE qty=4 avgPrice=50.9700
2026-05-06 03:23:46 WARN  SELL_SKIP [US] IREN reason=PHANTOM_POSITION phase=NONE qty=4 avgPrice=50.9700
2026-05-06 03:23:51 WARN  SELL_SKIP [US] IREN reason=PHANTOM_POSITION phase=NONE qty=4 avgPrice=50.9700
2026-05-06 03:23:56 WARN  SELL_SKIP [US] IREN reason=PHANTOM_POSITION phase=NONE qty=4 avgPrice=50.9700
2026-05-06 03:24:01 WARN  SELL_SKIP [US] IREN reason=PHANTOM_POSITION phase=NONE qty=4 avgPrice=50.9700
2026-05-06 03:24:06 WARN  SELL_SKIP [US] IREN reason=PHANTOM_POSITION phase=NONE qty=4 avgPrice=50.9700
2026-05-06 03:24:12 WARN  SELL_SKIP [US] IREN reason=PHANTOM_POSITION phase=NONE qty=4 avgPrice=50.9700
2026-05-06 03:24:17 WARN  SELL_SKIP [US] IREN reason=PHANTOM_POSITION phase=NONE qty=4 avgPrice=50.9700
2026-05-06 03:24:22 WARN  SELL_SKIP [US] IREN reason=PHANTOM_POSITION phase=NONE qty=4 avgPrice=50.9700
2026-05-06 03:24:27 WARN  SELL_SKIP [US] IREN reason=PHANTOM_POSITION phase=NONE qty=4 avgPrice=50.9700
2026-05-06 03:24:32 WARN  SELL_SKIP [US] IREN reason=PHANTOM_POSITION phase=NONE qty=4 avgPrice=50.9700
2026-05-06 03:24:37 WARN  SELL_SKIP [US] IREN reason=PHANTOM_POSITION phase=NONE qty=4 avgPrice=50.9700
2026-05-06 03:24:42 WARN  SELL_SKIP [US] IREN reason=PHANTOM_POSITION phase=NONE qty=4 avgPrice=50.9700
2026-05-06 03:24:47 WARN  SELL_SKIP [US] IREN reason=PHANTOM_POSITION phase=NONE qty=4 avgPrice=50.9700
2026-05-06 03:24:52 WARN  SELL_SKIP [US] IREN reason=PHANTOM_POSITION phase=NONE qty=4 avgPrice=50.9700
2026-05-06 03:24:57 WARN  SELL_SKIP [US] IREN reason=PHANTOM_POSITION phase=NONE qty=4 avgPrice=50.9700
2026-05-06 03:25:02 WARN  SELL_SKIP [US] IREN reason=PHANTOM_POSITION phase=NONE qty=4 avgPrice=50.9700
2026-05-06 03:25:07 WARN  SELL_SKIP [US] IREN reason=PHANTOM_POSITION phase=NONE qty=4 avgPrice=50.9700
2026-05-06 03:25:13 WARN  SELL_SKIP [US] IREN reason=PHANTOM_POSITION phase=NONE qty=4 avgPrice=50.9700
2026-05-06 03:25:18 WARN  SELL_SKIP [US] IREN reason=PHANTOM_POSITION phase=NONE qty=4 avgPrice=50.9700
2026-05-06 03:25:23 WARN  SELL_SKIP [US] IREN reason=PHANTOM_POSITION phase=NONE qty=4 avgPrice=50.9700
2026-05-06 03:25:28 WARN  SELL_SKIP [US] IREN reason=PHANTOM_POSITION phase=NONE qty=4 avgPrice=50.9700
2026-05-06 03:25:33 WARN  SELL_SKIP [US] IREN reason=PHANTOM_POSITION phase=NONE qty=4 avgPrice=50.9700
2026-05-06 03:25:38 WARN  SELL_SKIP [US] IREN reason=PHANTOM_POSITION phase=NONE qty=4 avgPrice=50.9700
2026-05-06 03:25:43 WARN  SELL_SKIP [US] IREN reason=PHANTOM_POSITION phase=NONE qty=4 avgPrice=50.9700
2026-05-06 03:25:48 WARN  SELL_SKIP [US] IREN reason=PHANTOM_POSITION phase=NONE qty=4 avgPrice=50.9700
2026-05-06 03:25:53 WARN  SELL_SKIP [US] IREN reason=PHANTOM_POSITION phase=NONE qty=4 avgPrice=50.9700
2026-05-06 03:25:58 WARN  SELL_SKIP [US] IREN reason=PHANTOM_POSITION phase=NONE qty=4 avgPrice=50.9700
2026-05-06 03:26:03 WARN  SELL_SKIP [US] IREN reason=PHANTOM_POSITION phase=NONE qty=4 avgPrice=50.9700
2026-05-06 03:26:08 WARN  SELL_SKIP [US] IREN reason=PHANTOM_POSITION phase=NONE qty=4 avgPrice=50.9700
2026-05-06 03:26:14 WARN  SELL_SKIP [US] IREN reason=PHANTOM_POSITION phase=NONE qty=4 avgPrice=50.9700
2026-05-06 03:26:19 WARN  SELL_SKIP [US] IREN reason=PHANTOM_POSITION phase=NONE qty=4 avgPrice=50.9700
2026-05-06 03:26:24 WARN  SELL_SKIP [US] IREN reason=PHANTOM_POSITION phase=NONE qty=4 avgPrice=50.9700
2026-05-06 03:26:29 WARN  SELL_SKIP [US] IREN reason=PHANTOM_POSITION phase=NONE qty=4 avgPrice=50.9700
2026-05-06 03:26:34 WARN  SELL_SKIP [US] IREN reason=PHANTOM_POSITION phase=NONE qty=4 avgPrice=50.9700
2026-05-06 03:26:39 WARN  SELL_SKIP [US] IREN reason=PHANTOM_POSITION phase=NONE qty=4 avgPrice=50.9700
2026-05-06 03:26:44 WARN  SELL_SKIP [US] IREN reason=PHANTOM_POSITION phase=NONE qty=4 avgPrice=50.9700
2026-05-06 03:26:49 WARN  SELL_SKIP [US] IREN reason=PHANTOM_POSITION phase=NONE qty=4 avgPrice=50.9700
2026-05-06 03:26:54 WARN  SELL_SKIP [US] IREN reason=PHANTOM_POSITION phase=NONE qty=4 avgPrice=50.9700
2026-05-06 03:26:59 WARN  SELL_SKIP [US] IREN reason=PHANTOM_POSITION phase=NONE qty=4 avgPrice=50.9700
2026-05-06 03:27:04 WARN  SELL_SKIP [US] IREN reason=PHANTOM_POSITION phase=NONE qty=4 avgPrice=50.9700
2026-05-06 03:27:09 WARN  SELL_SKIP [US] IREN reason=PHANTOM_POSITION phase=NONE qty=4 avgPrice=50.9700
2026-05-06 03:27:15 WARN  SELL_SKIP [US] IREN reason=PHANTOM_POSITION phase=NONE qty=4 avgPrice=50.9700
2026-05-06 03:27:20 WARN  SELL_SKIP [US] IREN reason=PHANTOM_POSITION phase=NONE qty=4 avgPrice=50.9700
2026-05-06 03:27:25 WARN  SELL_SKIP [US] IREN reason=PHANTOM_POSITION phase=NONE qty=4 avgPrice=50.9700
2026-05-06 03:27:30 WARN  SELL_SKIP [US] IREN reason=PHANTOM_POSITION phase=NONE qty=4 avgPrice=50.9700
2026-05-06 03:27:35 WARN  SELL_SKIP [US] IREN reason=PHANTOM_POSITION phase=NONE qty=4 avgPrice=50.9700
2026-05-06 03:27:40 WARN  SELL_SKIP [US] IREN reason=PHANTOM_POSITION phase=NONE qty=4 avgPrice=50.9700
2026-05-06 03:27:45 WARN  SELL_SKIP [US] IREN reason=PHANTOM_POSITION phase=NONE qty=4 avgPrice=50.9700
2026-05-06 03:27:50 WARN  SELL_SKIP [US] IREN reason=PHANTOM_POSITION phase=NONE qty=4 avgPrice=50.9700
2026-05-06 03:27:55 WARN  SELL_SKIP [US] IREN reason=PHANTOM_POSITION phase=NONE qty=4 avgPrice=50.9700
2026-05-06 03:28:00 WARN  SELL_SKIP [US] IREN reason=PHANTOM_POSITION phase=NONE qty=4 avgPrice=50.9700
2026-05-06 03:28:05 WARN  SELL_SKIP [US] IREN reason=PHANTOM_POSITION phase=NONE qty=4 avgPrice=50.9700
2026-05-06 03:28:10 WARN  SELL_SKIP [US] IREN reason=PHANTOM_POSITION phase=NONE qty=4 avgPrice=50.9700
2026-05-06 03:28:16 WARN  SELL_SKIP [US] IREN reason=PHANTOM_POSITION phase=NONE qty=4 avgPrice=50.9700
2026-05-06 03:28:21 WARN  SELL_SKIP [US] IREN reason=PHANTOM_POSITION phase=NONE qty=4 avgPrice=50.9700
2026-05-06 03:28:26 WARN  SELL_SKIP [US] IREN reason=PHANTOM_POSITION phase=NONE qty=4 avgPrice=50.9700
2026-05-06 03:28:31 WARN  SELL_SKIP [US] IREN reason=PHANTOM_POSITION phase=NONE qty=4 avgPrice=50.9700
2026-05-06 03:28:36 WARN  SELL_SKIP [US] IREN reason=PHANTOM_POSITION phase=NONE qty=4 avgPrice=50.9700
2026-05-06 03:28:41 WARN  SELL_SKIP [US] IREN reason=PHANTOM_POSITION phase=NONE qty=4 avgPrice=50.9700
2026-05-06 03:28:46 WARN  SELL_SKIP [US] IREN reason=PHANTOM_POSITION phase=NONE qty=4 avgPrice=50.9700
2026-05-06 03:28:51 WARN  SELL_SKIP [US] IREN reason=PHANTOM_POSITION phase=NONE qty=4 avgPrice=50.9700
2026-05-06 03:28:56 WARN  SELL_SKIP [US] IREN reason=PHANTOM_POSITION phase=NONE qty=4 avgPrice=50.9700
2026-05-06 03:29:01 WARN  SELL_SKIP [US] IREN reason=PHANTOM_POSITION phase=NONE qty=4 avgPrice=50.9700
2026-05-06 03:29:06 WARN  SELL_SKIP [US] IREN reason=PHANTOM_POSITION phase=NONE qty=4 avgPrice=50.9700
2026-05-06 03:29:11 WARN  SELL_SKIP [US] IREN reason=PHANTOM_POSITION phase=NONE qty=4 avgPrice=50.9700
2026-05-06 03:29:17 WARN  SELL_SKIP [US] IREN reason=PHANTOM_POSITION phase=NONE qty=4 avgPrice=50.9700
2026-05-06 03:29:22 WARN  SELL_SKIP [US] IREN reason=PHANTOM_POSITION phase=NONE qty=4 avgPrice=50.9700
2026-05-06 03:29:27 WARN  SELL_SKIP [US] IREN reason=PHANTOM_POSITION phase=NONE qty=4 avgPrice=50.9700
2026-05-06 03:29:32 WARN  SELL_SKIP [US] IREN reason=PHANTOM_POSITION phase=NONE qty=4 avgPrice=50.9700
2026-05-06 03:29:37 WARN  SELL_SKIP [US] IREN reason=PHANTOM_POSITION phase=NONE qty=4 avgPrice=50.9700
2026-05-06 03:29:42 WARN  SELL_SKIP [US] IREN reason=PHANTOM_POSITION phase=NONE qty=4 avgPrice=50.9700
2026-05-06 03:29:47 WARN  SELL_SKIP [US] IREN reason=PHANTOM_POSITION phase=NONE qty=4 avgPrice=50.9700
2026-05-06 03:29:52 WARN  SELL_SKIP [US] IREN reason=PHANTOM_POSITION phase=NONE qty=4 avgPrice=50.9700
2026-05-06 03:29:57 WARN  SELL_SKIP [US] IREN reason=PHANTOM_POSITION phase=NONE qty=4 avgPrice=50.9700
2026-05-06 03:30:02 WARN  SELL_SKIP [US] IREN reason=PHANTOM_POSITION phase=NONE qty=4 avgPrice=50.9700
2026-05-06 03:30:07 WARN  SELL_SKIP [US] IREN reason=PHANTOM_POSITION phase=NONE qty=4 avgPrice=50.9700
2026-05-06 03:30:12 WARN  SELL_SKIP [US] IREN reason=PHANTOM_POSITION phase=NONE qty=4 avgPrice=50.9700
2026-05-06 03:30:18 WARN  SELL_SKIP [US] IREN reason=PHANTOM_POSITION phase=NONE qty=4 avgPrice=50.9700
2026-05-06 03:30:23 WARN  SELL_SKIP [US] IREN reason=PHANTOM_POSITION phase=NONE qty=4 avgPrice=50.9700
2026-05-06 03:30:28 WARN  SELL_SKIP [US] IREN reason=PHANTOM_POSITION phase=NONE qty=4 avgPrice=50.9700
2026-05-06 03:30:33 WARN  SELL_SKIP [US] IREN reason=PHANTOM_POSITION phase=NONE qty=4 avgPrice=50.9700
2026-05-06 03:30:38 WARN  SELL_SKIP [US] IREN reason=PHANTOM_POSITION phase=NONE qty=4 avgPrice=50.9700
2026-05-06 03:30:43 WARN  SELL_SKIP [US] IREN reason=PHANTOM_POSITION phase=NONE qty=4 avgPrice=50.9700
2026-05-06 03:30:48 WARN  SELL_SKIP [US] IREN reason=PHANTOM_POSITION phase=NONE qty=4 avgPrice=50.9700
2026-05-06 03:30:53 WARN  SELL_SKIP [US] IREN reason=PHANTOM_POSITION phase=NONE qty=4 avgPrice=50.9700
2026-05-06 03:30:58 WARN  SELL_SKIP [US] IREN reason=PHANTOM_POSITION phase=NONE qty=4 avgPrice=50.9700
2026-05-06 03:31:03 WARN  SELL_SKIP [US] IREN reason=PHANTOM_POSITION phase=NONE qty=4 avgPrice=50.9700
2026-05-06 03:31:08 WARN  SELL_SKIP [US] IREN reason=PHANTOM_POSITION phase=NONE qty=4 avgPrice=50.9700
2026-05-06 03:31:13 WARN  SELL_SKIP [US] IREN reason=PHANTOM_POSITION phase=NONE qty=4 avgPrice=50.9700
2026-05-06 03:31:19 WARN  SELL_SKIP [US] IREN reason=PHANTOM_POSITION phase=NONE qty=4 avgPrice=50.9700
2026-05-06 03:31:24 WARN  SELL_SKIP [US] IREN reason=PHANTOM_POSITION phase=NONE qty=4 avgPrice=50.9700
2026-05-06 03:31:29 WARN  SELL_SKIP [US] IREN reason=PHANTOM_POSITION phase=NONE qty=4 avgPrice=50.9700
2026-05-06 03:31:34 WARN  SELL_SKIP [US] IREN reason=PHANTOM_POSITION phase=NONE qty=4 avgPrice=50.9700
2026-05-06 03:31:39 WARN  SELL_SKIP [US] IREN reason=PHANTOM_POSITION phase=NONE qty=4 avgPrice=50.9700
2026-05-06 03:31:44 WARN  SELL_SKIP [US] IREN reason=PHANTOM_POSITION phase=NONE qty=4 avgPrice=50.9700
2026-05-06 03:31:49 WARN  SELL_SKIP [US] IREN reason=PHANTOM_POSITION phase=NONE qty=4 avgPrice=50.9700
2026-05-06 03:31:54 WARN  SELL_SKIP [US] IREN reason=PHANTOM_POSITION phase=NONE qty=4 avgPrice=50.9700
2026-05-06 03:31:59 WARN  SELL_SKIP [US] IREN reason=PHANTOM_POSITION phase=NONE qty=4 avgPrice=50.9700
2026-05-06 03:32:04 WARN  SELL_SKIP [US] IREN reason=PHANTOM_POSITION phase=NONE qty=4 avgPrice=50.9700
2026-05-06 03:32:09 WARN  SELL_SKIP [US] IREN reason=PHANTOM_POSITION phase=NONE qty=4 avgPrice=50.9700
2026-05-06 03:32:15 WARN  SELL_SKIP [US] IREN reason=PHANTOM_POSITION phase=NONE qty=4 avgPrice=50.9700
2026-05-06 03:32:20 WARN  SELL_SKIP [US] IREN reason=PHANTOM_POSITION phase=NONE qty=4 avgPrice=50.9700
2026-05-06 03:32:25 WARN  SELL_SKIP [US] IREN reason=PHANTOM_POSITION phase=NONE qty=4 avgPrice=50.9700
2026-05-06 03:32:30 WARN  SELL_SKIP [US] IREN reason=PHANTOM_POSITION phase=NONE qty=4 avgPrice=50.9700
2026-05-06 03:32:35 WARN  SELL_SKIP [US] IREN reason=PHANTOM_POSITION phase=NONE qty=4 avgPrice=50.9700
2026-05-06 03:32:40 WARN  SELL_SKIP [US] IREN reason=PHANTOM_POSITION phase=NONE qty=4 avgPrice=50.9700
2026-05-06 03:32:45 WARN  SELL_SKIP [US] IREN reason=PHANTOM_POSITION phase=NONE qty=4 avgPrice=50.9700
2026-05-06 03:32:50 WARN  SELL_SKIP [US] IREN reason=PHANTOM_POSITION phase=NONE qty=4 avgPrice=50.9700
2026-05-06 03:32:55 WARN  SELL_SKIP [US] IREN reason=PHANTOM_POSITION phase=NONE qty=4 avgPrice=50.9700
2026-05-06 03:33:00 WARN  SELL_SKIP [US] IREN reason=PHANTOM_POSITION phase=NONE qty=4 avgPrice=50.9700
2026-05-06 03:33:05 WARN  SELL_SKIP [US] IREN reason=PHANTOM_POSITION phase=NONE qty=4 avgPrice=50.9700
2026-05-06 03:33:10 WARN  SELL_SKIP [US] IREN reason=PHANTOM_POSITION phase=NONE qty=4 avgPrice=50.9700
2026-05-06 03:33:16 WARN  SELL_SKIP [US] IREN reason=PHANTOM_POSITION phase=NONE qty=4 avgPrice=50.9700
2026-05-06 03:33:21 WARN  SELL_SKIP [US] IREN reason=PHANTOM_POSITION phase=NONE qty=4 avgPrice=50.9700
2026-05-06 03:33:26 WARN  SELL_SKIP [US] IREN reason=PHANTOM_POSITION phase=NONE qty=4 avgPrice=50.9700
2026-05-06 03:33:31 WARN  SELL_SKIP [US] IREN reason=PHANTOM_POSITION phase=NONE qty=4 avgPrice=50.9700
2026-05-06 03:33:36 WARN  SELL_SKIP [US] IREN reason=PHANTOM_POSITION phase=NONE qty=4 avgPrice=50.9700
2026-05-06 03:33:41 WARN  SELL_SKIP [US] IREN reason=PHANTOM_POSITION phase=NONE qty=4 avgPrice=50.9700
2026-05-06 03:33:46 WARN  SELL_SKIP [US] IREN reason=PHANTOM_POSITION phase=NONE qty=4 avgPrice=50.9700
2026-05-06 03:33:51 WARN  SELL_SKIP [US] IREN reason=PHANTOM_POSITION phase=NONE qty=4 avgPrice=50.9700
2026-05-06 03:33:56 WARN  SELL_SKIP [US] IREN reason=PHANTOM_POSITION phase=NONE qty=4 avgPrice=50.9700
2026-05-06 03:34:01 WARN  SELL_SKIP [US] IREN reason=PHANTOM_POSITION phase=NONE qty=4 avgPrice=50.9700
2026-05-06 03:34:06 WARN  SELL_SKIP [US] IREN reason=PHANTOM_POSITION phase=NONE qty=4 avgPrice=50.9700
2026-05-06 03:34:12 WARN  SELL_SKIP [US] IREN reason=PHANTOM_POSITION phase=NONE qty=4 avgPrice=50.9700
2026-05-06 03:34:17 WARN  SELL_SKIP [US] IREN reason=PHANTOM_POSITION phase=NONE qty=4 avgPrice=50.9700
2026-05-06 03:34:22 WARN  SELL_SKIP [US] IREN reason=PHANTOM_POSITION phase=NONE qty=4 avgPrice=50.9700
2026-05-06 03:34:27 WARN  SELL_SKIP [US] IREN reason=PHANTOM_POSITION phase=NONE qty=4 avgPrice=50.9700
2026-05-06 03:34:32 WARN  SELL_SKIP [US] IREN reason=PHANTOM_POSITION phase=NONE qty=4 avgPrice=50.9700
2026-05-06 03:34:37 WARN  SELL_SKIP [US] IREN reason=PHANTOM_POSITION phase=NONE qty=4 avgPrice=50.9700
2026-05-06 03:34:42 WARN  SELL_SKIP [US] IREN reason=PHANTOM_POSITION phase=NONE qty=4 avgPrice=50.9700
2026-05-06 03:34:47 WARN  SELL_SKIP [US] IREN reason=PHANTOM_POSITION phase=NONE qty=4 avgPrice=50.9700
2026-05-06 03:34:52 WARN  SELL_SKIP [US] IREN reason=PHANTOM_POSITION phase=NONE qty=4 avgPrice=50.9700
2026-05-06 03:34:57 WARN  SELL_SKIP [US] IREN reason=PHANTOM_POSITION phase=NONE qty=4 avgPrice=50.9700
2026-05-06 03:35:02 WARN  SELL_SKIP [US] IREN reason=PHANTOM_POSITION phase=NONE qty=4 avgPrice=50.9700
2026-05-06 03:35:07 WARN  SELL_SKIP [US] IREN reason=PHANTOM_POSITION phase=NONE qty=4 avgPrice=50.9700
2026-05-06 03:35:12 WARN  SELL_SKIP [US] IREN reason=PHANTOM_POSITION phase=NONE qty=4 avgPrice=50.9700
2026-05-06 03:35:18 WARN  SELL_SKIP [US] IREN reason=PHANTOM_POSITION phase=NONE qty=4 avgPrice=50.9700
2026-05-06 03:35:23 WARN  SELL_SKIP [US] IREN reason=PHANTOM_POSITION phase=NONE qty=4 avgPrice=50.9700
2026-05-06 03:35:28 WARN  SELL_SKIP [US] IREN reason=PHANTOM_POSITION phase=NONE qty=4 avgPrice=50.9700
2026-05-06 03:35:33 WARN  SELL_SKIP [US] IREN reason=PHANTOM_POSITION phase=NONE qty=4 avgPrice=50.9700
2026-05-06 03:35:38 WARN  SELL_SKIP [US] IREN reason=PHANTOM_POSITION phase=NONE qty=4 avgPrice=50.9700
2026-05-06 03:35:43 WARN  SELL_SKIP [US] IREN reason=PHANTOM_POSITION phase=NONE qty=4 avgPrice=50.9700
2026-05-06 03:35:48 WARN  SELL_SKIP [US] IREN reason=PHANTOM_POSITION phase=NONE qty=4 avgPrice=50.9700
2026-05-06 03:35:53 WARN  SELL_SKIP [US] IREN reason=PHANTOM_POSITION phase=NONE qty=4 avgPrice=50.9700
2026-05-06 03:35:58 WARN  SELL_SKIP [US] IREN reason=PHANTOM_POSITION phase=NONE qty=4 avgPrice=50.9700
2026-05-06 03:36:03 WARN  SELL_SKIP [US] IREN reason=PHANTOM_POSITION phase=NONE qty=4 avgPrice=50.9700
2026-05-06 03:36:08 WARN  SELL_SKIP [US] IREN reason=PHANTOM_POSITION phase=NONE qty=4 avgPrice=50.9700
2026-05-06 03:36:13 WARN  SELL_SKIP [US] IREN reason=PHANTOM_POSITION phase=NONE qty=4 avgPrice=50.9700
2026-05-06 03:36:19 WARN  SELL_SKIP [US] IREN reason=PHANTOM_POSITION phase=NONE qty=4 avgPrice=50.9700
2026-05-06 03:36:24 WARN  SELL_SKIP [US] IREN reason=PHANTOM_POSITION phase=NONE qty=4 avgPrice=50.9700
2026-05-06 03:36:29 WARN  SELL_SKIP [US] IREN reason=PHANTOM_POSITION phase=NONE qty=4 avgPrice=50.9700
2026-05-06 03:36:34 WARN  SELL_SKIP [US] IREN reason=PHANTOM_POSITION phase=NONE qty=4 avgPrice=50.9700
2026-05-06 03:36:39 WARN  SELL_SKIP [US] IREN reason=PHANTOM_POSITION phase=NONE qty=4 avgPrice=50.9700
2026-05-06 03:36:44 WARN  SELL_SKIP [US] IREN reason=PHANTOM_POSITION phase=NONE qty=4 avgPrice=50.9700
2026-05-06 03:36:49 WARN  SELL_SKIP [US] IREN reason=PHANTOM_POSITION phase=NONE qty=4 avgPrice=50.9700
2026-05-06 03:36:54 WARN  SELL_SKIP [US] IREN reason=PHANTOM_POSITION phase=NONE qty=4 avgPrice=50.9700
2026-05-06 03:36:59 WARN  SELL_SKIP [US] IREN reason=PHANTOM_POSITION phase=NONE qty=4 avgPrice=50.9700
2026-05-06 03:37:05 WARN  SELL_SKIP [US] IREN reason=PHANTOM_POSITION phase=NONE qty=4 avgPrice=50.9700
2026-05-06 03:37:10 WARN  SELL_SKIP [US] IREN reason=PHANTOM_POSITION phase=NONE qty=4 avgPrice=50.9700
2026-05-06 03:37:15 WARN  SELL_SKIP [US] IREN reason=PHANTOM_POSITION phase=NONE qty=4 avgPrice=50.9700
2026-05-06 03:37:20 WARN  SELL_SKIP [US] IREN reason=PHANTOM_POSITION phase=NONE qty=4 avgPrice=50.9700
2026-05-06 03:37:25 WARN  SELL_SKIP [US] IREN reason=PHANTOM_POSITION phase=NONE qty=4 avgPrice=50.9700
2026-05-06 03:37:30 WARN  SELL_SKIP [US] IREN reason=PHANTOM_POSITION phase=NONE qty=4 avgPrice=50.9700
2026-05-06 03:37:35 WARN  SELL_SKIP [US] IREN reason=PHANTOM_POSITION phase=NONE qty=4 avgPrice=50.9700
2026-05-06 03:37:40 WARN  SELL_SKIP [US] IREN reason=PHANTOM_POSITION phase=NONE qty=4 avgPrice=50.9700
2026-05-06 03:37:45 WARN  SELL_SKIP [US] IREN reason=PHANTOM_POSITION phase=NONE qty=4 avgPrice=50.9700
2026-05-06 03:37:50 WARN  SELL_SKIP [US] IREN reason=PHANTOM_POSITION phase=NONE qty=4 avgPrice=50.9700
2026-05-06 03:37:55 WARN  SELL_SKIP [US] IREN reason=PHANTOM_POSITION phase=NONE qty=4 avgPrice=50.9700
2026-05-06 03:38:01 WARN  SELL_SKIP [US] IREN reason=PHANTOM_POSITION phase=NONE qty=4 avgPrice=50.9700
2026-05-06 03:38:06 WARN  SELL_SKIP [US] IREN reason=PHANTOM_POSITION phase=NONE qty=4 avgPrice=50.9700
2026-05-06 03:38:11 WARN  SELL_SKIP [US] IREN reason=PHANTOM_POSITION phase=NONE qty=4 avgPrice=50.9700
2026-05-06 03:38:16 WARN  SELL_SKIP [US] IREN reason=PHANTOM_POSITION phase=NONE qty=4 avgPrice=50.9700
2026-05-06 03:38:21 WARN  SELL_SKIP [US] IREN reason=PHANTOM_POSITION phase=NONE qty=4 avgPrice=50.9700
2026-05-06 03:38:26 WARN  SELL_SKIP [US] IREN reason=PHANTOM_POSITION phase=NONE qty=4 avgPrice=50.9700
2026-05-06 03:38:31 WARN  SELL_SKIP [US] IREN reason=PHANTOM_POSITION phase=NONE qty=4 avgPrice=50.9700
2026-05-06 03:38:36 WARN  SELL_SKIP [US] IREN reason=PHANTOM_POSITION phase=NONE qty=4 avgPrice=50.9700
2026-05-06 03:38:41 WARN  SELL_SKIP [US] IREN reason=PHANTOM_POSITION phase=NONE qty=4 avgPrice=50.9700
2026-05-06 03:38:46 WARN  SELL_SKIP [US] IREN reason=PHANTOM_POSITION phase=NONE qty=4 avgPrice=50.9700
2026-05-06 03:38:51 WARN  SELL_SKIP [US] IREN reason=PHANTOM_POSITION phase=NONE qty=4 avgPrice=50.9700
2026-05-06 03:38:57 WARN  SELL_SKIP [US] IREN reason=PHANTOM_POSITION phase=NONE qty=4 avgPrice=50.9700
2026-05-06 03:39:02 WARN  SELL_SKIP [US] IREN reason=PHANTOM_POSITION phase=NONE qty=4 avgPrice=50.9700
2026-05-06 03:39:07 WARN  SELL_SKIP [US] IREN reason=PHANTOM_POSITION phase=NONE qty=4 avgPrice=50.9700
2026-05-06 03:39:12 WARN  SELL_SKIP [US] IREN reason=PHANTOM_POSITION phase=NONE qty=4 avgPrice=50.9700
2026-05-06 03:39:17 WARN  SELL_SKIP [US] IREN reason=PHANTOM_POSITION phase=NONE qty=4 avgPrice=50.9700
2026-05-06 03:39:22 WARN  SELL_SKIP [US] IREN reason=PHANTOM_POSITION phase=NONE qty=4 avgPrice=50.9700
2026-05-06 03:39:27 WARN  SELL_SKIP [US] IREN reason=PHANTOM_POSITION phase=NONE qty=4 avgPrice=50.9700
2026-05-06 03:39:32 WARN  SELL_SKIP [US] IREN reason=PHANTOM_POSITION phase=NONE qty=4 avgPrice=50.9700
2026-05-06 03:39:37 WARN  SELL_SKIP [US] IREN reason=PHANTOM_POSITION phase=NONE qty=4 avgPrice=50.9700
2026-05-06 03:39:42 WARN  SELL_SKIP [US] IREN reason=PHANTOM_POSITION phase=NONE qty=4 avgPrice=50.9700
2026-05-06 03:39:48 WARN  SELL_SKIP [US] IREN reason=PHANTOM_POSITION phase=NONE qty=4 avgPrice=50.9700
2026-05-06 03:39:53 WARN  SELL_SKIP [US] IREN reason=PHANTOM_POSITION phase=NONE qty=4 avgPrice=50.9700
2026-05-06 03:39:58 WARN  SELL_SKIP [US] IREN reason=PHANTOM_POSITION phase=NONE qty=4 avgPrice=50.9700
2026-05-06 03:40:03 WARN  SELL_SKIP [US] IREN reason=PHANTOM_POSITION phase=NONE qty=4 avgPrice=50.9700
2026-05-06 03:40:08 WARN  SELL_SKIP [US] IREN reason=PHANTOM_POSITION phase=NONE qty=4 avgPrice=50.9700
2026-05-06 03:40:13 WARN  SELL_SKIP [US] IREN reason=PHANTOM_POSITION phase=NONE qty=4 avgPrice=50.9700
2026-05-06 03:40:18 WARN  SELL_SKIP [US] IREN reason=PHANTOM_POSITION phase=NONE qty=4 avgPrice=50.9700
2026-05-06 03:40:23 WARN  SELL_SKIP [US] IREN reason=PHANTOM_POSITION phase=NONE qty=4 avgPrice=50.9700
2026-05-06 03:40:28 WARN  SELL_SKIP [US] IREN reason=PHANTOM_POSITION phase=NONE qty=4 avgPrice=50.9700
2026-05-06 03:40:33 WARN  SELL_SKIP [US] IREN reason=PHANTOM_POSITION phase=NONE qty=4 avgPrice=50.9700
2026-05-06 03:40:38 WARN  SELL_SKIP [US] IREN reason=PHANTOM_POSITION phase=NONE qty=4 avgPrice=50.9700
2026-05-06 03:40:44 WARN  SELL_SKIP [US] IREN reason=PHANTOM_POSITION phase=NONE qty=4 avgPrice=50.9700
2026-05-06 03:40:49 WARN  SELL_SKIP [US] IREN reason=PHANTOM_POSITION phase=NONE qty=4 avgPrice=50.9700
2026-05-06 03:40:54 WARN  SELL_SKIP [US] IREN reason=PHANTOM_POSITION phase=NONE qty=4 avgPrice=50.9700
2026-05-06 03:40:59 WARN  SELL_SKIP [US] IREN reason=PHANTOM_POSITION phase=NONE qty=4 avgPrice=50.9700
2026-05-06 03:41:04 WARN  SELL_SKIP [US] IREN reason=PHANTOM_POSITION phase=NONE qty=4 avgPrice=50.9700
2026-05-06 03:41:09 WARN  SELL_SKIP [US] IREN reason=PHANTOM_POSITION phase=NONE qty=4 avgPrice=50.9700
2026-05-06 03:41:14 WARN  SELL_SKIP [US] IREN reason=PHANTOM_POSITION phase=NONE qty=4 avgPrice=50.9700
2026-05-06 03:41:19 WARN  SELL_SKIP [US] IREN reason=PHANTOM_POSITION phase=NONE qty=4 avgPrice=50.9700
2026-05-06 03:41:24 WARN  SELL_SKIP [US] IREN reason=PHANTOM_POSITION phase=NONE qty=4 avgPrice=50.9700
2026-05-06 03:41:29 WARN  SELL_SKIP [US] IREN reason=PHANTOM_POSITION phase=NONE qty=4 avgPrice=50.9700
2026-05-06 03:41:34 WARN  SELL_SKIP [US] IREN reason=PHANTOM_POSITION phase=NONE qty=4 avgPrice=50.9700
2026-05-06 03:41:39 WARN  SELL_SKIP [US] IREN reason=PHANTOM_POSITION phase=NONE qty=4 avgPrice=50.9700
2026-05-06 03:41:45 WARN  SELL_SKIP [US] IREN reason=PHANTOM_POSITION phase=NONE qty=4 avgPrice=50.9700
2026-05-06 03:41:50 WARN  SELL_SKIP [US] IREN reason=PHANTOM_POSITION phase=NONE qty=4 avgPrice=50.9700
2026-05-06 03:41:55 WARN  SELL_SKIP [US] IREN reason=PHANTOM_POSITION phase=NONE qty=4 avgPrice=50.9700
2026-05-06 03:42:00 WARN  SELL_SKIP [US] IREN reason=PHANTOM_POSITION phase=NONE qty=4 avgPrice=50.9700
2026-05-06 03:42:05 WARN  SELL_SKIP [US] IREN reason=PHANTOM_POSITION phase=NONE qty=4 avgPrice=50.9700
2026-05-06 03:42:10 WARN  SELL_SKIP [US] IREN reason=PHANTOM_POSITION phase=NONE qty=4 avgPrice=50.9700
2026-05-06 03:42:15 WARN  SELL_SKIP [US] IREN reason=PHANTOM_POSITION phase=NONE qty=4 avgPrice=50.9700
2026-05-06 03:42:20 WARN  SELL_SKIP [US] IREN reason=PHANTOM_POSITION phase=NONE qty=4 avgPrice=50.9700
2026-05-06 03:42:25 WARN  SELL_SKIP [US] IREN reason=PHANTOM_POSITION phase=NONE qty=4 avgPrice=50.9700
2026-05-06 03:42:30 WARN  SELL_SKIP [US] IREN reason=PHANTOM_POSITION phase=NONE qty=4 avgPrice=50.9700
2026-05-06 03:42:35 WARN  SELL_SKIP [US] IREN reason=PHANTOM_POSITION phase=NONE qty=4 avgPrice=50.9700
2026-05-06 03:42:40 WARN  SELL_SKIP [US] IREN reason=PHANTOM_POSITION phase=NONE qty=4 avgPrice=50.9700
2026-05-06 03:42:45 WARN  SELL_SKIP [US] IREN reason=PHANTOM_POSITION phase=NONE qty=4 avgPrice=50.9700
2026-05-06 03:42:51 WARN  SELL_SKIP [US] IREN reason=PHANTOM_POSITION phase=NONE qty=4 avgPrice=50.9700
2026-05-06 03:42:56 WARN  SELL_SKIP [US] IREN reason=PHANTOM_POSITION phase=NONE qty=4 avgPrice=50.9700
2026-05-06 03:43:01 WARN  SELL_SKIP [US] IREN reason=PHANTOM_POSITION phase=NONE qty=4 avgPrice=50.9700
2026-05-06 03:43:06 WARN  SELL_SKIP [US] IREN reason=PHANTOM_POSITION phase=NONE qty=4 avgPrice=50.9700
2026-05-06 03:43:11 WARN  SELL_SKIP [US] IREN reason=PHANTOM_POSITION phase=NONE qty=4 avgPrice=50.9700
2026-05-06 03:43:16 WARN  SELL_SKIP [US] IREN reason=PHANTOM_POSITION phase=NONE qty=4 avgPrice=50.9700
2026-05-06 03:43:21 WARN  SELL_SKIP [US] IREN reason=PHANTOM_POSITION phase=NONE qty=4 avgPrice=50.9700
2026-05-06 03:43:26 WARN  SELL_SKIP [US] IREN reason=PHANTOM_POSITION phase=NONE qty=4 avgPrice=50.9700
2026-05-06 03:43:31 WARN  SELL_SKIP [US] IREN reason=PHANTOM_POSITION phase=NONE qty=4 avgPrice=50.9700
2026-05-06 03:43:36 WARN  SELL_SKIP [US] IREN reason=PHANTOM_POSITION phase=NONE qty=4 avgPrice=50.9700
2026-05-06 03:43:41 WARN  SELL_SKIP [US] IREN reason=PHANTOM_POSITION phase=NONE qty=4 avgPrice=50.9700
2026-05-06 03:43:46 WARN  SELL_SKIP [US] IREN reason=PHANTOM_POSITION phase=NONE qty=4 avgPrice=50.9700
2026-05-06 03:43:51 WARN  SELL_SKIP [US] IREN reason=PHANTOM_POSITION phase=NONE qty=4 avgPrice=50.9700
2026-05-06 03:43:57 WARN  SELL_SKIP [US] IREN reason=PHANTOM_POSITION phase=NONE qty=4 avgPrice=50.9700
2026-05-06 03:44:02 WARN  SELL_SKIP [US] IREN reason=PHANTOM_POSITION phase=NONE qty=4 avgPrice=50.9700
2026-05-06 03:44:07 WARN  SELL_SKIP [US] IREN reason=PHANTOM_POSITION phase=NONE qty=4 avgPrice=50.9700
2026-05-06 03:44:12 WARN  SELL_SKIP [US] IREN reason=PHANTOM_POSITION phase=NONE qty=4 avgPrice=50.9700
2026-05-06 03:44:17 WARN  SELL_SKIP [US] IREN reason=PHANTOM_POSITION phase=NONE qty=4 avgPrice=50.9700
2026-05-06 03:44:22 WARN  SELL_SKIP [US] IREN reason=PHANTOM_POSITION phase=NONE qty=4 avgPrice=50.9700
2026-05-06 03:44:27 WARN  SELL_SKIP [US] IREN reason=PHANTOM_POSITION phase=NONE qty=4 avgPrice=50.9700
2026-05-06 03:44:32 WARN  SELL_SKIP [US] IREN reason=PHANTOM_POSITION phase=NONE qty=4 avgPrice=50.9700
2026-05-06 03:44:37 WARN  SELL_SKIP [US] IREN reason=PHANTOM_POSITION phase=NONE qty=4 avgPrice=50.9700
2026-05-06 03:44:42 WARN  SELL_SKIP [US] IREN reason=PHANTOM_POSITION phase=NONE qty=4 avgPrice=50.9700
2026-05-06 03:44:47 WARN  SELL_SKIP [US] IREN reason=PHANTOM_POSITION phase=NONE qty=4 avgPrice=50.9700
2026-05-06 03:44:53 WARN  SELL_SKIP [US] IREN reason=PHANTOM_POSITION phase=NONE qty=4 avgPrice=50.9700
2026-05-06 03:44:58 WARN  SELL_SKIP [US] IREN reason=PHANTOM_POSITION phase=NONE qty=4 avgPrice=50.9700
2026-05-06 03:45:03 WARN  SELL_SKIP [US] IREN reason=PHANTOM_POSITION phase=NONE qty=4 avgPrice=50.9700
2026-05-06 03:45:08 WARN  SELL_SKIP [US] IREN reason=PHANTOM_POSITION phase=NONE qty=4 avgPrice=50.9700
2026-05-06 03:45:13 WARN  SELL_SKIP [US] IREN reason=PHANTOM_POSITION phase=NONE qty=4 avgPrice=50.9700
2026-05-06 03:45:18 WARN  SELL_SKIP [US] IREN reason=PHANTOM_POSITION phase=NONE qty=4 avgPrice=50.9700
2026-05-06 03:45:23 WARN  SELL_SKIP [US] IREN reason=PHANTOM_POSITION phase=NONE qty=4 avgPrice=50.9700
2026-05-06 03:45:28 WARN  SELL_SKIP [US] IREN reason=PHANTOM_POSITION phase=NONE qty=4 avgPrice=50.9700
2026-05-06 03:45:33 WARN  SELL_SKIP [US] IREN reason=PHANTOM_POSITION phase=NONE qty=4 avgPrice=50.9700
2026-05-06 03:45:39 WARN  SELL_SKIP [US] IREN reason=PHANTOM_POSITION phase=NONE qty=4 avgPrice=50.9700
2026-05-06 03:45:44 WARN  SELL_SKIP [US] IREN reason=PHANTOM_POSITION phase=NONE qty=4 avgPrice=50.9700
2026-05-06 03:45:49 WARN  SELL_SKIP [US] IREN reason=PHANTOM_POSITION phase=NONE qty=4 avgPrice=50.9700
2026-05-06 03:45:54 WARN  SELL_SKIP [US] IREN reason=PHANTOM_POSITION phase=NONE qty=4 avgPrice=50.9700
2026-05-06 03:45:59 WARN  SELL_SKIP [US] IREN reason=PHANTOM_POSITION phase=NONE qty=4 avgPrice=50.9700
2026-05-06 03:46:04 WARN  SELL_SKIP [US] IREN reason=PHANTOM_POSITION phase=NONE qty=4 avgPrice=50.9700
2026-05-06 03:46:09 WARN  SELL_SKIP [US] IREN reason=PHANTOM_POSITION phase=NONE qty=4 avgPrice=50.9700
2026-05-06 03:46:14 WARN  SELL_SKIP [US] IREN reason=PHANTOM_POSITION phase=NONE qty=4 avgPrice=50.9700
2026-05-06 03:46:19 WARN  SELL_SKIP [US] IREN reason=PHANTOM_POSITION phase=NONE qty=4 avgPrice=50.9700
2026-05-06 03:46:24 WARN  SELL_SKIP [US] IREN reason=PHANTOM_POSITION phase=NONE qty=4 avgPrice=50.9700
2026-05-06 03:46:30 WARN  SELL_SKIP [US] IREN reason=PHANTOM_POSITION phase=NONE qty=4 avgPrice=50.9700
2026-05-06 03:46:35 WARN  SELL_SKIP [US] IREN reason=PHANTOM_POSITION phase=NONE qty=4 avgPrice=50.9700
2026-05-06 03:46:40 WARN  SELL_SKIP [US] IREN reason=PHANTOM_POSITION phase=NONE qty=4 avgPrice=50.9700
2026-05-06 03:46:45 WARN  SELL_SKIP [US] IREN reason=PHANTOM_POSITION phase=NONE qty=4 avgPrice=50.9700
2026-05-06 03:46:50 WARN  SELL_SKIP [US] IREN reason=PHANTOM_POSITION phase=NONE qty=4 avgPrice=50.9700
2026-05-06 03:46:55 WARN  SELL_SKIP [US] IREN reason=PHANTOM_POSITION phase=NONE qty=4 avgPrice=50.9700
2026-05-06 03:47:00 WARN  SELL_SKIP [US] IREN reason=PHANTOM_POSITION phase=NONE qty=4 avgPrice=50.9700
2026-05-06 03:47:05 WARN  SELL_SKIP [US] IREN reason=PHANTOM_POSITION phase=NONE qty=4 avgPrice=50.9700
2026-05-06 03:47:10 WARN  SELL_SKIP [US] IREN reason=PHANTOM_POSITION phase=NONE qty=4 avgPrice=50.9700
2026-05-06 03:47:15 WARN  SELL_SKIP [US] IREN reason=PHANTOM_POSITION phase=NONE qty=4 avgPrice=50.9700
2026-05-06 03:47:20 WARN  SELL_SKIP [US] IREN reason=PHANTOM_POSITION phase=NONE qty=4 avgPrice=50.9700
2026-05-06 03:47:26 WARN  SELL_SKIP [US] IREN reason=PHANTOM_POSITION phase=NONE qty=4 avgPrice=50.9700
2026-05-06 03:47:31 WARN  SELL_SKIP [US] IREN reason=PHANTOM_POSITION phase=NONE qty=4 avgPrice=50.9700
2026-05-06 03:47:36 WARN  SELL_SKIP [US] IREN reason=PHANTOM_POSITION phase=NONE qty=4 avgPrice=50.9700
2026-05-06 03:47:41 WARN  SELL_SKIP [US] IREN reason=PHANTOM_POSITION phase=NONE qty=4 avgPrice=50.9700
2026-05-06 03:47:46 WARN  SELL_SKIP [US] IREN reason=PHANTOM_POSITION phase=NONE qty=4 avgPrice=50.9700
2026-05-06 03:47:51 WARN  SELL_SKIP [US] IREN reason=PHANTOM_POSITION phase=NONE qty=4 avgPrice=50.9700
2026-05-06 03:47:56 WARN  SELL_SKIP [US] IREN reason=PHANTOM_POSITION phase=NONE qty=4 avgPrice=50.9700
2026-05-06 03:48:01 WARN  SELL_SKIP [US] IREN reason=PHANTOM_POSITION phase=NONE qty=4 avgPrice=50.9700
2026-05-06 03:48:06 WARN  SELL_SKIP [US] IREN reason=PHANTOM_POSITION phase=NONE qty=4 avgPrice=50.9700
2026-05-06 03:48:11 WARN  SELL_SKIP [US] IREN reason=PHANTOM_POSITION phase=NONE qty=4 avgPrice=50.9700
2026-05-06 03:48:16 WARN  SELL_SKIP [US] IREN reason=PHANTOM_POSITION phase=NONE qty=4 avgPrice=50.9700
2026-05-06 03:48:21 WARN  SELL_SKIP [US] IREN reason=PHANTOM_POSITION phase=NONE qty=4 avgPrice=50.9700
2026-05-06 03:48:26 WARN  SELL_SKIP [US] IREN reason=PHANTOM_POSITION phase=NONE qty=4 avgPrice=50.9700
2026-05-06 03:48:32 WARN  SELL_SKIP [US] IREN reason=PHANTOM_POSITION phase=NONE qty=4 avgPrice=50.9700
2026-05-06 03:48:37 WARN  SELL_SKIP [US] IREN reason=PHANTOM_POSITION phase=NONE qty=4 avgPrice=50.9700
2026-05-06 03:48:42 WARN  SELL_SKIP [US] IREN reason=PHANTOM_POSITION phase=NONE qty=4 avgPrice=50.9700
2026-05-06 03:48:47 WARN  SELL_SKIP [US] IREN reason=PHANTOM_POSITION phase=NONE qty=4 avgPrice=50.9700
2026-05-06 03:48:52 WARN  SELL_SKIP [US] IREN reason=PHANTOM_POSITION phase=NONE qty=4 avgPrice=50.9700
2026-05-06 03:48:57 WARN  SELL_SKIP [US] IREN reason=PHANTOM_POSITION phase=NONE qty=4 avgPrice=50.9700
2026-05-06 03:49:02 WARN  SELL_SKIP [US] IREN reason=PHANTOM_POSITION phase=NONE qty=4 avgPrice=50.9700
2026-05-06 03:49:07 WARN  SELL_SKIP [US] IREN reason=PHANTOM_POSITION phase=NONE qty=4 avgPrice=50.9700
2026-05-06 03:49:12 WARN  SELL_SKIP [US] IREN reason=PHANTOM_POSITION phase=NONE qty=4 avgPrice=50.9700
2026-05-06 03:49:17 WARN  SELL_SKIP [US] IREN reason=PHANTOM_POSITION phase=NONE qty=4 avgPrice=50.9700
2026-05-06 03:49:22 WARN  SELL_SKIP [US] IREN reason=PHANTOM_POSITION phase=NONE qty=4 avgPrice=50.9700
2026-05-06 03:49:27 WARN  SELL_SKIP [US] IREN reason=PHANTOM_POSITION phase=NONE qty=4 avgPrice=50.9700
2026-05-06 03:49:33 WARN  SELL_SKIP [US] IREN reason=PHANTOM_POSITION phase=NONE qty=4 avgPrice=50.9700
2026-05-06 03:49:38 WARN  SELL_SKIP [US] IREN reason=PHANTOM_POSITION phase=NONE qty=4 avgPrice=50.9700
2026-05-06 03:49:43 WARN  SELL_SKIP [US] IREN reason=PHANTOM_POSITION phase=NONE qty=4 avgPrice=50.9700
2026-05-06 03:49:48 WARN  SELL_SKIP [US] IREN reason=PHANTOM_POSITION phase=NONE qty=4 avgPrice=50.9700
2026-05-06 03:49:53 WARN  SELL_SKIP [US] IREN reason=PHANTOM_POSITION phase=NONE qty=4 avgPrice=50.9700
2026-05-06 03:49:58 WARN  SELL_SKIP [US] IREN reason=PHANTOM_POSITION phase=NONE qty=4 avgPrice=50.9700
2026-05-06 03:50:03 WARN  SELL_SKIP [US] IREN reason=PHANTOM_POSITION phase=NONE qty=4 avgPrice=50.9700
2026-05-06 03:50:08 WARN  SELL_SKIP [US] IREN reason=PHANTOM_POSITION phase=NONE qty=4 avgPrice=50.9700
2026-05-06 03:50:13 WARN  SELL_SKIP [US] IREN reason=PHANTOM_POSITION phase=NONE qty=4 avgPrice=50.9700
2026-05-06 03:50:18 WARN  SELL_SKIP [US] IREN reason=PHANTOM_POSITION phase=NONE qty=4 avgPrice=50.9700
2026-05-06 03:50:23 WARN  SELL_SKIP [US] IREN reason=PHANTOM_POSITION phase=NONE qty=4 avgPrice=50.9700
2026-05-06 03:50:28 WARN  SELL_SKIP [US] IREN reason=PHANTOM_POSITION phase=NONE qty=4 avgPrice=50.9700
2026-05-06 03:50:39 WARN  SELL_SKIP [US] IREN reason=PHANTOM_POSITION phase=NONE qty=4 avgPrice=50.9700
2026-05-06 03:50:44 WARN  SELL_SKIP [US] IREN reason=PHANTOM_POSITION phase=NONE qty=4 avgPrice=50.9700
2026-05-06 03:50:49 WARN  SELL_SKIP [US] IREN reason=PHANTOM_POSITION phase=NONE qty=4 avgPrice=50.9700
2026-05-06 03:50:54 WARN  SELL_SKIP [US] IREN reason=PHANTOM_POSITION phase=NONE qty=4 avgPrice=50.9700
2026-05-06 03:50:59 WARN  SELL_SKIP [US] IREN reason=PHANTOM_POSITION phase=NONE qty=4 avgPrice=50.9700
2026-05-06 03:51:04 WARN  SELL_SKIP [US] IREN reason=PHANTOM_POSITION phase=NONE qty=4 avgPrice=50.9700
2026-05-06 03:51:09 WARN  SELL_SKIP [US] IREN reason=PHANTOM_POSITION phase=NONE qty=4 avgPrice=50.9700
2026-05-06 03:51:14 WARN  SELL_SKIP [US] IREN reason=PHANTOM_POSITION phase=NONE qty=4 avgPrice=50.9700
2026-05-06 03:51:19 WARN  SELL_SKIP [US] IREN reason=PHANTOM_POSITION phase=NONE qty=4 avgPrice=50.9700
2026-05-06 03:51:24 WARN  SELL_SKIP [US] IREN reason=PHANTOM_POSITION phase=NONE qty=4 avgPrice=50.9700
2026-05-06 03:51:30 WARN  SELL_SKIP [US] IREN reason=PHANTOM_POSITION phase=NONE qty=4 avgPrice=50.9700
2026-05-06 03:51:35 WARN  SELL_SKIP [US] IREN reason=PHANTOM_POSITION phase=NONE qty=4 avgPrice=50.9700
2026-05-06 03:51:40 WARN  SELL_SKIP [US] IREN reason=PHANTOM_POSITION phase=NONE qty=4 avgPrice=50.9700
2026-05-06 03:51:45 WARN  SELL_SKIP [US] IREN reason=PHANTOM_POSITION phase=NONE qty=4 avgPrice=50.9700
2026-05-06 03:51:50 WARN  SELL_SKIP [US] IREN reason=PHANTOM_POSITION phase=NONE qty=4 avgPrice=50.9700
2026-05-06 03:51:55 WARN  SELL_SKIP [US] IREN reason=PHANTOM_POSITION phase=NONE qty=4 avgPrice=50.9700
2026-05-06 03:52:00 WARN  SELL_SKIP [US] IREN reason=PHANTOM_POSITION phase=NONE qty=4 avgPrice=50.9700
2026-05-06 03:52:05 WARN  SELL_SKIP [US] IREN reason=PHANTOM_POSITION phase=NONE qty=4 avgPrice=50.9700
2026-05-06 03:52:10 WARN  SELL_SKIP [US] IREN reason=PHANTOM_POSITION phase=NONE qty=4 avgPrice=50.9700
2026-05-06 03:52:15 WARN  SELL_SKIP [US] IREN reason=PHANTOM_POSITION phase=NONE qty=4 avgPrice=50.9700
2026-05-06 03:52:20 WARN  SELL_SKIP [US] IREN reason=PHANTOM_POSITION phase=NONE qty=4 avgPrice=50.9700
2026-05-06 03:52:25 WARN  SELL_SKIP [US] IREN reason=PHANTOM_POSITION phase=NONE qty=4 avgPrice=50.9700
2026-05-06 03:52:31 WARN  SELL_SKIP [US] IREN reason=PHANTOM_POSITION phase=NONE qty=4 avgPrice=50.9700
2026-05-06 03:52:36 WARN  SELL_SKIP [US] IREN reason=PHANTOM_POSITION phase=NONE qty=4 avgPrice=50.9700
2026-05-06 03:52:41 WARN  SELL_SKIP [US] IREN reason=PHANTOM_POSITION phase=NONE qty=4 avgPrice=50.9700
2026-05-06 03:52:46 WARN  SELL_SKIP [US] IREN reason=PHANTOM_POSITION phase=NONE qty=4 avgPrice=50.9700
2026-05-06 03:52:51 WARN  SELL_SKIP [US] IREN reason=PHANTOM_POSITION phase=NONE qty=4 avgPrice=50.9700
2026-05-06 03:52:56 WARN  SELL_SKIP [US] IREN reason=PHANTOM_POSITION phase=NONE qty=4 avgPrice=50.9700
2026-05-06 03:53:01 WARN  SELL_SKIP [US] IREN reason=PHANTOM_POSITION phase=NONE qty=4 avgPrice=50.9700
2026-05-06 03:53:06 WARN  SELL_SKIP [US] IREN reason=PHANTOM_POSITION phase=NONE qty=4 avgPrice=50.9700
2026-05-06 03:53:11 WARN  SELL_SKIP [US] IREN reason=PHANTOM_POSITION phase=NONE qty=4 avgPrice=50.9700
2026-05-06 03:53:16 WARN  SELL_SKIP [US] IREN reason=PHANTOM_POSITION phase=NONE qty=4 avgPrice=50.9700
2026-05-06 03:53:21 WARN  SELL_SKIP [US] IREN reason=PHANTOM_POSITION phase=NONE qty=4 avgPrice=50.9700
2026-05-06 03:53:26 WARN  SELL_SKIP [US] IREN reason=PHANTOM_POSITION phase=NONE qty=4 avgPrice=50.9700
2026-05-06 03:53:32 WARN  SELL_SKIP [US] IREN reason=PHANTOM_POSITION phase=NONE qty=4 avgPrice=50.9700
2026-05-06 03:53:37 WARN  SELL_SKIP [US] IREN reason=PHANTOM_POSITION phase=NONE qty=4 avgPrice=50.9700
2026-05-06 03:53:42 WARN  SELL_SKIP [US] IREN reason=PHANTOM_POSITION phase=NONE qty=4 avgPrice=50.9700
2026-05-06 03:53:47 WARN  SELL_SKIP [US] IREN reason=PHANTOM_POSITION phase=NONE qty=4 avgPrice=50.9700
2026-05-06 03:53:52 WARN  SELL_SKIP [US] IREN reason=PHANTOM_POSITION phase=NONE qty=4 avgPrice=50.9700
2026-05-06 03:53:57 WARN  SELL_SKIP [US] IREN reason=PHANTOM_POSITION phase=NONE qty=4 avgPrice=50.9700
2026-05-06 03:54:02 WARN  SELL_SKIP [US] IREN reason=PHANTOM_POSITION phase=NONE qty=4 avgPrice=50.9700
2026-05-06 03:54:07 WARN  SELL_SKIP [US] IREN reason=PHANTOM_POSITION phase=NONE qty=4 avgPrice=50.9700
2026-05-06 03:54:12 WARN  SELL_SKIP [US] IREN reason=PHANTOM_POSITION phase=NONE qty=4 avgPrice=50.9700
2026-05-06 03:54:17 WARN  SELL_SKIP [US] IREN reason=PHANTOM_POSITION phase=NONE qty=4 avgPrice=50.9700
2026-05-06 03:54:22 WARN  SELL_SKIP [US] IREN reason=PHANTOM_POSITION phase=NONE qty=4 avgPrice=50.9700
2026-05-06 03:54:28 WARN  SELL_SKIP [US] IREN reason=PHANTOM_POSITION phase=NONE qty=4 avgPrice=50.9700
2026-05-06 03:54:33 WARN  SELL_SKIP [US] IREN reason=PHANTOM_POSITION phase=NONE qty=4 avgPrice=50.9700
2026-05-06 03:54:38 WARN  SELL_SKIP [US] IREN reason=PHANTOM_POSITION phase=NONE qty=4 avgPrice=50.9700
2026-05-06 03:54:43 WARN  SELL_SKIP [US] IREN reason=PHANTOM_POSITION phase=NONE qty=4 avgPrice=50.9700
2026-05-06 03:54:48 WARN  SELL_SKIP [US] IREN reason=PHANTOM_POSITION phase=NONE qty=4 avgPrice=50.9700
2026-05-06 03:54:53 WARN  SELL_SKIP [US] IREN reason=PHANTOM_POSITION phase=NONE qty=4 avgPrice=50.9700
2026-05-06 03:54:58 WARN  SELL_SKIP [US] IREN reason=PHANTOM_POSITION phase=NONE qty=4 avgPrice=50.9700
2026-05-06 03:55:03 WARN  SELL_SKIP [US] IREN reason=PHANTOM_POSITION phase=NONE qty=4 avgPrice=50.9700
2026-05-06 03:55:08 WARN  SELL_SKIP [US] IREN reason=PHANTOM_POSITION phase=NONE qty=4 avgPrice=50.9700
2026-05-06 03:55:13 WARN  SELL_SKIP [US] IREN reason=PHANTOM_POSITION phase=NONE qty=4 avgPrice=50.9700
2026-05-06 03:55:18 WARN  SELL_SKIP [US] IREN reason=PHANTOM_POSITION phase=NONE qty=4 avgPrice=50.9700
2026-05-06 03:55:24 WARN  SELL_SKIP [US] IREN reason=PHANTOM_POSITION phase=NONE qty=4 avgPrice=50.9700
2026-05-06 03:55:29 WARN  SELL_SKIP [US] IREN reason=PHANTOM_POSITION phase=NONE qty=4 avgPrice=50.9700
2026-05-06 03:55:34 WARN  SELL_SKIP [US] IREN reason=PHANTOM_POSITION phase=NONE qty=4 avgPrice=50.9700
2026-05-06 03:55:39 WARN  SELL_SKIP [US] IREN reason=PHANTOM_POSITION phase=NONE qty=4 avgPrice=50.9700
2026-05-06 03:55:44 WARN  SELL_SKIP [US] IREN reason=PHANTOM_POSITION phase=NONE qty=4 avgPrice=50.9700
2026-05-06 03:55:49 WARN  SELL_SKIP [US] IREN reason=PHANTOM_POSITION phase=NONE qty=4 avgPrice=50.9700
2026-05-06 03:55:54 WARN  SELL_SKIP [US] IREN reason=PHANTOM_POSITION phase=NONE qty=4 avgPrice=50.9700
2026-05-06 03:55:59 WARN  SELL_SKIP [US] IREN reason=PHANTOM_POSITION phase=NONE qty=4 avgPrice=50.9700
2026-05-06 03:56:04 WARN  SELL_SKIP [US] IREN reason=PHANTOM_POSITION phase=NONE qty=4 avgPrice=50.9700
2026-05-06 03:56:09 WARN  SELL_SKIP [US] IREN reason=PHANTOM_POSITION phase=NONE qty=4 avgPrice=50.9700
2026-05-06 03:56:14 WARN  SELL_SKIP [US] IREN reason=PHANTOM_POSITION phase=NONE qty=4 avgPrice=50.9700
2026-05-06 03:56:19 WARN  SELL_SKIP [US] IREN reason=PHANTOM_POSITION phase=NONE qty=4 avgPrice=50.9700
2026-05-06 03:56:25 WARN  SELL_SKIP [US] IREN reason=PHANTOM_POSITION phase=NONE qty=4 avgPrice=50.9700
2026-05-06 03:56:30 WARN  SELL_SKIP [US] IREN reason=PHANTOM_POSITION phase=NONE qty=4 avgPrice=50.9700
2026-05-06 03:56:35 WARN  SELL_SKIP [US] IREN reason=PHANTOM_POSITION phase=NONE qty=4 avgPrice=50.9700
2026-05-06 03:56:40 WARN  SELL_SKIP [US] IREN reason=PHANTOM_POSITION phase=NONE qty=4 avgPrice=50.9700
2026-05-06 03:56:45 WARN  SELL_SKIP [US] IREN reason=PHANTOM_POSITION phase=NONE qty=4 avgPrice=50.9700
2026-05-06 03:56:55 WARN  SELL_SKIP [US] IREN reason=PHANTOM_POSITION phase=NONE qty=4 avgPrice=50.9700
2026-05-06 03:57:00 WARN  SELL_SKIP [US] IREN reason=PHANTOM_POSITION phase=NONE qty=4 avgPrice=50.9700
2026-05-06 03:57:05 WARN  SELL_SKIP [US] IREN reason=PHANTOM_POSITION phase=NONE qty=4 avgPrice=50.9700
2026-05-06 03:57:05 WARN  BUY pending timeout cleared for SOXL
2026-05-06 03:57:05 WARN  BUY_SKIP [US] SOXL reason=AMOUNT_TOO_SMALL amount=300.0000 size=0.8000x price=146.3300
2026-05-06 03:57:10 WARN  SELL_SKIP [US] IREN reason=PHANTOM_POSITION phase=NONE qty=4 avgPrice=50.9700
2026-05-06 03:57:15 WARN  SELL_SKIP [US] IREN reason=PHANTOM_POSITION phase=NONE qty=4 avgPrice=50.9700
2026-05-06 03:57:21 WARN  SELL_SKIP [US] IREN reason=PHANTOM_POSITION phase=NONE qty=4 avgPrice=50.9700
2026-05-06 03:57:26 WARN  SELL_SKIP [US] IREN reason=PHANTOM_POSITION phase=NONE qty=4 avgPrice=50.9700
2026-05-06 03:57:31 WARN  SELL_SKIP [US] IREN reason=PHANTOM_POSITION phase=NONE qty=4 avgPrice=50.9700
2026-05-06 03:57:36 WARN  SELL_SKIP [US] IREN reason=PHANTOM_POSITION phase=NONE qty=4 avgPrice=50.9700
2026-05-06 03:57:41 WARN  SELL_SKIP [US] IREN reason=PHANTOM_POSITION phase=NONE qty=4 avgPrice=50.9700
2026-05-06 03:57:46 WARN  SELL_SKIP [US] IREN reason=PHANTOM_POSITION phase=NONE qty=4 avgPrice=50.9700
2026-05-06 03:57:51 WARN  SELL_SKIP [US] IREN reason=PHANTOM_POSITION phase=NONE qty=4 avgPrice=50.9700
2026-05-06 03:57:56 WARN  SELL_SKIP [US] IREN reason=PHANTOM_POSITION phase=NONE qty=4 avgPrice=50.9700
2026-05-06 03:58:01 WARN  SELL_SKIP [US] IREN reason=PHANTOM_POSITION phase=NONE qty=4 avgPrice=50.9700
2026-05-06 03:58:06 WARN  SELL_SKIP [US] IREN reason=PHANTOM_POSITION phase=NONE qty=4 avgPrice=50.9700
2026-05-06 03:58:06 WARN  BUY_SKIP [US] SOXL reason=AMOUNT_TOO_SMALL amount=300.0000 size=0.8000x price=146.3700
2026-05-06 03:58:11 WARN  SELL_SKIP [US] IREN reason=PHANTOM_POSITION phase=NONE qty=4 avgPrice=50.9700
2026-05-06 03:58:16 WARN  SELL_SKIP [US] IREN reason=PHANTOM_POSITION phase=NONE qty=4 avgPrice=50.9700
2026-05-06 03:58:22 WARN  SELL_SKIP [US] IREN reason=PHANTOM_POSITION phase=NONE qty=4 avgPrice=50.9700
2026-05-06 03:58:22 WARN  BUY_SKIP [US] SOXL reason=AMOUNT_TOO_SMALL amount=300.0000 size=0.8000x price=146.3900
2026-05-06 03:58:27 WARN  SELL_SKIP [US] IREN reason=PHANTOM_POSITION phase=NONE qty=4 avgPrice=50.9700
2026-05-06 03:58:32 WARN  SELL_SKIP [US] IREN reason=PHANTOM_POSITION phase=NONE qty=4 avgPrice=50.9700
2026-05-06 03:58:37 WARN  SELL_SKIP [US] IREN reason=PHANTOM_POSITION phase=NONE qty=4 avgPrice=50.9700
2026-05-06 03:58:42 WARN  SELL_SKIP [US] IREN reason=PHANTOM_POSITION phase=NONE qty=4 avgPrice=50.9700
2026-05-06 03:58:47 WARN  SELL_SKIP [US] IREN reason=PHANTOM_POSITION phase=NONE qty=4 avgPrice=50.9700
2026-05-06 03:58:52 WARN  SELL_SKIP [US] IREN reason=PHANTOM_POSITION phase=NONE qty=4 avgPrice=50.9700
2026-05-06 03:58:57 WARN  SELL_SKIP [US] IREN reason=PHANTOM_POSITION phase=NONE qty=4 avgPrice=50.9700
2026-05-06 03:59:02 WARN  SELL_SKIP [US] IREN reason=PHANTOM_POSITION phase=NONE qty=4 avgPrice=50.9700
2026-05-06 03:59:07 WARN  SELL_SKIP [US] IREN reason=PHANTOM_POSITION phase=NONE qty=4 avgPrice=50.9700
2026-05-06 03:59:12 WARN  SELL_SKIP [US] IREN reason=PHANTOM_POSITION phase=NONE qty=4 avgPrice=50.9700
2026-05-06 03:59:18 WARN  SELL_SKIP [US] IREN reason=PHANTOM_POSITION phase=NONE qty=4 avgPrice=50.9700
2026-05-06 03:59:23 WARN  SELL_SKIP [US] IREN reason=PHANTOM_POSITION phase=NONE qty=4 avgPrice=50.9700
2026-05-06 03:59:28 WARN  SELL_SKIP [US] IREN reason=PHANTOM_POSITION phase=NONE qty=4 avgPrice=50.9700
2026-05-06 03:59:38 WARN  SELL_SKIP [US] IREN reason=PHANTOM_POSITION phase=NONE qty=4 avgPrice=50.9700
2026-05-06 03:59:43 WARN  SELL_SKIP [US] IREN reason=PHANTOM_POSITION phase=NONE qty=4 avgPrice=50.9700
2026-05-06 03:59:48 WARN  SELL_SKIP [US] IREN reason=PHANTOM_POSITION phase=NONE qty=4 avgPrice=50.9700
2026-05-06 03:59:53 WARN  SELL_SKIP [US] IREN reason=PHANTOM_POSITION phase=NONE qty=4 avgPrice=50.9700
2026-05-06 03:59:58 WARN  SELL_SKIP [US] IREN reason=PHANTOM_POSITION phase=NONE qty=4 avgPrice=50.9700
2026-05-06 04:00:03 WARN  SELL_SKIP [US] IREN reason=PHANTOM_POSITION phase=NONE qty=4 avgPrice=50.9700
2026-05-06 04:00:08 WARN  SELL_SKIP [US] IREN reason=PHANTOM_POSITION phase=NONE qty=4 avgPrice=50.9700
2026-05-06 04:00:13 WARN  SELL_SKIP [US] IREN reason=PHANTOM_POSITION phase=NONE qty=4 avgPrice=50.9700
2026-05-06 04:00:18 WARN  SELL_SKIP [US] IREN reason=PHANTOM_POSITION phase=NONE qty=4 avgPrice=50.9700
2026-05-06 04:00:24 WARN  SELL_SKIP [US] IREN reason=PHANTOM_POSITION phase=NONE qty=4 avgPrice=50.9700
2026-05-06 04:00:29 WARN  SELL_SKIP [US] IREN reason=PHANTOM_POSITION phase=NONE qty=4 avgPrice=50.9700
2026-05-06 04:00:34 WARN  SELL_SKIP [US] IREN reason=PHANTOM_POSITION phase=NONE qty=4 avgPrice=50.9700
2026-05-06 04:00:39 WARN  SELL_SKIP [US] IREN reason=PHANTOM_POSITION phase=NONE qty=4 avgPrice=50.9700
2026-05-06 04:00:44 WARN  SELL_SKIP [US] IREN reason=PHANTOM_POSITION phase=NONE qty=4 avgPrice=50.9700
2026-05-06 04:00:49 WARN  SELL_SKIP [US] IREN reason=PHANTOM_POSITION phase=NONE qty=4 avgPrice=50.9700
2026-05-06 04:00:54 WARN  SELL_SKIP [US] IREN reason=PHANTOM_POSITION phase=NONE qty=4 avgPrice=50.9700
2026-05-06 04:00:59 WARN  SELL_SKIP [US] IREN reason=PHANTOM_POSITION phase=NONE qty=4 avgPrice=50.9700
2026-05-06 04:01:04 WARN  SELL_SKIP [US] IREN reason=PHANTOM_POSITION phase=NONE qty=4 avgPrice=50.9700
2026-05-06 04:01:09 WARN  SELL_SKIP [US] IREN reason=PHANTOM_POSITION phase=NONE qty=4 avgPrice=50.9700
2026-05-06 04:01:14 WARN  SELL_SKIP [US] IREN reason=PHANTOM_POSITION phase=NONE qty=4 avgPrice=50.9700
2026-05-06 04:01:20 WARN  SELL_SKIP [US] IREN reason=PHANTOM_POSITION phase=NONE qty=4 avgPrice=50.9700
2026-05-06 04:01:25 WARN  SELL_SKIP [US] IREN reason=PHANTOM_POSITION phase=NONE qty=4 avgPrice=50.9700
2026-05-06 04:01:30 WARN  SELL_SKIP [US] IREN reason=PHANTOM_POSITION phase=NONE qty=4 avgPrice=50.9700
2026-05-06 04:01:35 WARN  SELL_SKIP [US] IREN reason=PHANTOM_POSITION phase=NONE qty=4 avgPrice=50.9700
2026-05-06 04:01:40 WARN  SELL_SKIP [US] IREN reason=PHANTOM_POSITION phase=NONE qty=4 avgPrice=50.9700
2026-05-06 04:01:45 WARN  SELL_SKIP [US] IREN reason=PHANTOM_POSITION phase=NONE qty=4 avgPrice=50.9700
2026-05-06 04:01:50 WARN  SELL_SKIP [US] IREN reason=PHANTOM_POSITION phase=NONE qty=4 avgPrice=50.9700
2026-05-06 04:01:55 WARN  SELL_SKIP [US] IREN reason=PHANTOM_POSITION phase=NONE qty=4 avgPrice=50.9700
2026-05-06 04:02:00 WARN  SELL_SKIP [US] IREN reason=PHANTOM_POSITION phase=NONE qty=4 avgPrice=50.9700
2026-05-06 04:02:05 WARN  SELL_SKIP [US] IREN reason=PHANTOM_POSITION phase=NONE qty=4 avgPrice=50.9700
2026-05-06 04:02:10 WARN  SELL_SKIP [US] IREN reason=PHANTOM_POSITION phase=NONE qty=4 avgPrice=50.9700
2026-05-06 04:02:15 WARN  SELL_SKIP [US] IREN reason=PHANTOM_POSITION phase=NONE qty=4 avgPrice=50.9700
2026-05-06 04:02:21 WARN  SELL_SKIP [US] IREN reason=PHANTOM_POSITION phase=NONE qty=4 avgPrice=50.9700
2026-05-06 04:02:26 WARN  SELL_SKIP [US] IREN reason=PHANTOM_POSITION phase=NONE qty=4 avgPrice=50.9700
2026-05-06 04:02:31 WARN  SELL_SKIP [US] IREN reason=PHANTOM_POSITION phase=NONE qty=4 avgPrice=50.9700
2026-05-06 04:02:36 WARN  SELL_SKIP [US] IREN reason=PHANTOM_POSITION phase=NONE qty=4 avgPrice=50.9700
2026-05-06 04:02:41 WARN  SELL_SKIP [US] IREN reason=PHANTOM_POSITION phase=NONE qty=4 avgPrice=50.9700
2026-05-06 04:02:46 WARN  SELL_SKIP [US] IREN reason=PHANTOM_POSITION phase=NONE qty=4 avgPrice=50.9700
2026-05-06 04:02:51 WARN  SELL_SKIP [US] IREN reason=PHANTOM_POSITION phase=NONE qty=4 avgPrice=50.9700
2026-05-06 04:02:56 WARN  SELL_SKIP [US] IREN reason=PHANTOM_POSITION phase=NONE qty=4 avgPrice=50.9700
2026-05-06 04:03:01 WARN  SELL_SKIP [US] IREN reason=PHANTOM_POSITION phase=NONE qty=4 avgPrice=50.9700
2026-05-06 04:03:06 WARN  SELL_SKIP [US] IREN reason=PHANTOM_POSITION phase=NONE qty=4 avgPrice=50.9700
2026-05-06 04:03:11 WARN  SELL_SKIP [US] IREN reason=PHANTOM_POSITION phase=NONE qty=4 avgPrice=50.9700
2026-05-06 04:03:16 WARN  SELL_SKIP [US] IREN reason=PHANTOM_POSITION phase=NONE qty=4 avgPrice=50.9700
2026-05-06 04:03:22 WARN  SELL_SKIP [US] IREN reason=PHANTOM_POSITION phase=NONE qty=4 avgPrice=50.9700
2026-05-06 04:03:32 WARN  SELL_SKIP [US] IREN reason=PHANTOM_POSITION phase=NONE qty=4 avgPrice=50.9700
2026-05-06 04:03:37 WARN  SELL_SKIP [US] IREN reason=PHANTOM_POSITION phase=NONE qty=4 avgPrice=50.9700
2026-05-06 04:03:42 WARN  SELL_SKIP [US] IREN reason=PHANTOM_POSITION phase=NONE qty=4 avgPrice=50.9700
2026-05-06 04:03:47 WARN  SELL_SKIP [US] IREN reason=PHANTOM_POSITION phase=NONE qty=4 avgPrice=50.9700
2026-05-06 04:03:52 WARN  SELL_SKIP [US] IREN reason=PHANTOM_POSITION phase=NONE qty=4 avgPrice=50.9700
2026-05-06 04:03:57 WARN  SELL_SKIP [US] IREN reason=PHANTOM_POSITION phase=NONE qty=4 avgPrice=50.9700
2026-05-06 04:04:02 WARN  SELL_SKIP [US] IREN reason=PHANTOM_POSITION phase=NONE qty=4 avgPrice=50.9700
2026-05-06 04:04:07 WARN  SELL_SKIP [US] IREN reason=PHANTOM_POSITION phase=NONE qty=4 avgPrice=50.9700
2026-05-06 04:04:12 WARN  SELL_SKIP [US] IREN reason=PHANTOM_POSITION phase=NONE qty=4 avgPrice=50.9700
2026-05-06 04:04:17 WARN  SELL_SKIP [US] IREN reason=PHANTOM_POSITION phase=NONE qty=4 avgPrice=50.9700
2026-05-06 04:04:23 WARN  SELL_SKIP [US] IREN reason=PHANTOM_POSITION phase=NONE qty=4 avgPrice=50.9700
2026-05-06 04:04:28 WARN  SELL_SKIP [US] IREN reason=PHANTOM_POSITION phase=NONE qty=4 avgPrice=50.9700
2026-05-06 04:04:33 WARN  SELL_SKIP [US] IREN reason=PHANTOM_POSITION phase=NONE qty=4 avgPrice=50.9700
2026-05-06 04:04:38 WARN  SELL_SKIP [US] IREN reason=PHANTOM_POSITION phase=NONE qty=4 avgPrice=50.9700
2026-05-06 04:04:43 WARN  SELL_SKIP [US] IREN reason=PHANTOM_POSITION phase=NONE qty=4 avgPrice=50.9700
2026-05-06 04:04:48 WARN  SELL_SKIP [US] IREN reason=PHANTOM_POSITION phase=NONE qty=4 avgPrice=50.9700
2026-05-06 04:04:53 WARN  SELL_SKIP [US] IREN reason=PHANTOM_POSITION phase=NONE qty=4 avgPrice=50.9700
2026-05-06 04:04:58 WARN  SELL_SKIP [US] IREN reason=PHANTOM_POSITION phase=NONE qty=4 avgPrice=50.9700
2026-05-06 04:05:03 WARN  SELL_SKIP [US] IREN reason=PHANTOM_POSITION phase=NONE qty=4 avgPrice=50.9700
2026-05-06 04:05:08 WARN  SELL_SKIP [US] IREN reason=PHANTOM_POSITION phase=NONE qty=4 avgPrice=50.9700
2026-05-06 04:05:13 WARN  SELL_SKIP [US] IREN reason=PHANTOM_POSITION phase=NONE qty=4 avgPrice=50.9700
2026-05-06 04:05:19 WARN  SELL_SKIP [US] IREN reason=PHANTOM_POSITION phase=NONE qty=4 avgPrice=50.9700
2026-05-06 04:05:24 WARN  SELL_SKIP [US] IREN reason=PHANTOM_POSITION phase=NONE qty=4 avgPrice=50.9700
2026-05-06 04:05:29 WARN  SELL_SKIP [US] IREN reason=PHANTOM_POSITION phase=NONE qty=4 avgPrice=50.9700
2026-05-06 04:05:34 WARN  SELL_SKIP [US] IREN reason=PHANTOM_POSITION phase=NONE qty=4 avgPrice=50.9700
2026-05-06 04:05:39 WARN  SELL_SKIP [US] IREN reason=PHANTOM_POSITION phase=NONE qty=4 avgPrice=50.9700
2026-05-06 04:05:44 WARN  SELL_SKIP [US] IREN reason=PHANTOM_POSITION phase=NONE qty=4 avgPrice=50.9700
2026-05-06 04:05:49 WARN  SELL_SKIP [US] IREN reason=PHANTOM_POSITION phase=NONE qty=4 avgPrice=50.9700
2026-05-06 04:05:54 WARN  SELL_SKIP [US] IREN reason=PHANTOM_POSITION phase=NONE qty=4 avgPrice=50.9700
2026-05-06 04:05:59 WARN  SELL_SKIP [US] IREN reason=PHANTOM_POSITION phase=NONE qty=4 avgPrice=50.9700
2026-05-06 04:06:04 WARN  SELL_SKIP [US] IREN reason=PHANTOM_POSITION phase=NONE qty=4 avgPrice=50.9700
2026-05-06 04:06:09 WARN  SELL_SKIP [US] IREN reason=PHANTOM_POSITION phase=NONE qty=4 avgPrice=50.9700
2026-05-06 04:06:15 WARN  SELL_SKIP [US] IREN reason=PHANTOM_POSITION phase=NONE qty=4 avgPrice=50.9700
2026-05-06 04:06:20 WARN  SELL_SKIP [US] IREN reason=PHANTOM_POSITION phase=NONE qty=4 avgPrice=50.9700
2026-05-06 04:06:25 WARN  SELL_SKIP [US] IREN reason=PHANTOM_POSITION phase=NONE qty=4 avgPrice=50.9700
2026-05-06 04:06:30 WARN  SELL_SKIP [US] IREN reason=PHANTOM_POSITION phase=NONE qty=4 avgPrice=50.9700
2026-05-06 04:06:35 WARN  SELL_SKIP [US] IREN reason=PHANTOM_POSITION phase=NONE qty=4 avgPrice=50.9700
2026-05-06 04:06:40 WARN  SELL_SKIP [US] IREN reason=PHANTOM_POSITION phase=NONE qty=4 avgPrice=50.9700
2026-05-06 04:06:45 WARN  SELL_SKIP [US] IREN reason=PHANTOM_POSITION phase=NONE qty=4 avgPrice=50.9700
2026-05-06 04:06:50 WARN  SELL_SKIP [US] IREN reason=PHANTOM_POSITION phase=NONE qty=4 avgPrice=50.9700
2026-05-06 04:06:55 WARN  SELL_SKIP [US] IREN reason=PHANTOM_POSITION phase=NONE qty=4 avgPrice=50.9700
2026-05-06 04:07:00 WARN  SELL_SKIP [US] IREN reason=PHANTOM_POSITION phase=NONE qty=4 avgPrice=50.9700
2026-05-06 04:07:05 WARN  SELL_SKIP [US] IREN reason=PHANTOM_POSITION phase=NONE qty=4 avgPrice=50.9700
2026-05-06 04:07:10 WARN  SELL_SKIP [US] IREN reason=PHANTOM_POSITION phase=NONE qty=4 avgPrice=50.9700
2026-05-06 04:07:16 WARN  SELL_SKIP [US] IREN reason=PHANTOM_POSITION phase=NONE qty=4 avgPrice=50.9700
2026-05-06 04:07:21 WARN  SELL_SKIP [US] IREN reason=PHANTOM_POSITION phase=NONE qty=4 avgPrice=50.9700
2026-05-06 04:07:26 WARN  SELL_SKIP [US] IREN reason=PHANTOM_POSITION phase=NONE qty=4 avgPrice=50.9700
2026-05-06 04:07:31 WARN  SELL_SKIP [US] IREN reason=PHANTOM_POSITION phase=NONE qty=4 avgPrice=50.9700
2026-05-06 04:07:36 WARN  SELL_SKIP [US] IREN reason=PHANTOM_POSITION phase=NONE qty=4 avgPrice=50.9700
2026-05-06 04:07:41 WARN  SELL_SKIP [US] IREN reason=PHANTOM_POSITION phase=NONE qty=4 avgPrice=50.9700
2026-05-06 04:07:46 WARN  SELL_SKIP [US] IREN reason=PHANTOM_POSITION phase=NONE qty=4 avgPrice=50.9700
2026-05-06 04:07:51 WARN  SELL_SKIP [US] IREN reason=PHANTOM_POSITION phase=NONE qty=4 avgPrice=50.9700
2026-05-06 04:07:56 WARN  SELL_SKIP [US] IREN reason=PHANTOM_POSITION phase=NONE qty=4 avgPrice=50.9700
2026-05-06 04:08:01 WARN  SELL_SKIP [US] IREN reason=PHANTOM_POSITION phase=NONE qty=4 avgPrice=50.9700
2026-05-06 04:08:06 WARN  SELL_SKIP [US] IREN reason=PHANTOM_POSITION phase=NONE qty=4 avgPrice=50.9700
2026-05-06 04:08:12 WARN  SELL_SKIP [US] IREN reason=PHANTOM_POSITION phase=NONE qty=4 avgPrice=50.9700
2026-05-06 04:08:22 WARN  SELL_SKIP [US] IREN reason=PHANTOM_POSITION phase=NONE qty=4 avgPrice=50.9700
2026-05-06 04:08:27 WARN  SELL_SKIP [US] IREN reason=PHANTOM_POSITION phase=NONE qty=4 avgPrice=50.9700
2026-05-06 04:08:32 WARN  SELL_SKIP [US] IREN reason=PHANTOM_POSITION phase=NONE qty=4 avgPrice=50.9700
2026-05-06 04:08:37 WARN  SELL_SKIP [US] IREN reason=PHANTOM_POSITION phase=NONE qty=4 avgPrice=50.9700
2026-05-06 04:08:42 WARN  SELL_SKIP [US] IREN reason=PHANTOM_POSITION phase=NONE qty=4 avgPrice=50.9700
2026-05-06 04:08:47 WARN  SELL_SKIP [US] IREN reason=PHANTOM_POSITION phase=NONE qty=4 avgPrice=50.9700
2026-05-06 04:08:52 WARN  SELL_SKIP [US] IREN reason=PHANTOM_POSITION phase=NONE qty=4 avgPrice=50.9700
2026-05-06 04:08:57 WARN  SELL_SKIP [US] IREN reason=PHANTOM_POSITION phase=NONE qty=4 avgPrice=50.9700
2026-05-06 04:09:02 WARN  SELL_SKIP [US] IREN reason=PHANTOM_POSITION phase=NONE qty=4 avgPrice=50.9700
2026-05-06 04:09:08 WARN  SELL_SKIP [US] IREN reason=PHANTOM_POSITION phase=NONE qty=4 avgPrice=50.9700
2026-05-06 04:09:13 WARN  SELL_SKIP [US] IREN reason=PHANTOM_POSITION phase=NONE qty=4 avgPrice=50.9700
2026-05-06 04:09:18 WARN  SELL_SKIP [US] IREN reason=PHANTOM_POSITION phase=NONE qty=4 avgPrice=50.9700
2026-05-06 04:09:23 WARN  SELL_SKIP [US] IREN reason=PHANTOM_POSITION phase=NONE qty=4 avgPrice=50.9700
2026-05-06 04:09:28 WARN  SELL_SKIP [US] IREN reason=PHANTOM_POSITION phase=NONE qty=4 avgPrice=50.9700
2026-05-06 04:09:33 WARN  SELL_SKIP [US] IREN reason=PHANTOM_POSITION phase=NONE qty=4 avgPrice=50.9700
2026-05-06 04:09:38 WARN  SELL_SKIP [US] IREN reason=PHANTOM_POSITION phase=NONE qty=4 avgPrice=50.9700
2026-05-06 04:09:43 WARN  SELL_SKIP [US] IREN reason=PHANTOM_POSITION phase=NONE qty=4 avgPrice=50.9700
2026-05-06 04:09:48 WARN  SELL_SKIP [US] IREN reason=PHANTOM_POSITION phase=NONE qty=4 avgPrice=50.9700
2026-05-06 04:09:53 WARN  SELL_SKIP [US] IREN reason=PHANTOM_POSITION phase=NONE qty=4 avgPrice=50.9700
2026-05-06 04:09:58 WARN  SELL_SKIP [US] IREN reason=PHANTOM_POSITION phase=NONE qty=4 avgPrice=50.9700
2026-05-06 04:10:03 WARN  SELL_SKIP [US] IREN reason=PHANTOM_POSITION phase=NONE qty=4 avgPrice=50.9700
2026-05-06 04:10:09 WARN  SELL_SKIP [US] IREN reason=PHANTOM_POSITION phase=NONE qty=4 avgPrice=50.9700
2026-05-06 04:10:14 WARN  SELL_SKIP [US] IREN reason=PHANTOM_POSITION phase=NONE qty=4 avgPrice=50.9700
2026-05-06 04:10:19 WARN  SELL_SKIP [US] IREN reason=PHANTOM_POSITION phase=NONE qty=4 avgPrice=50.9700
2026-05-06 04:10:24 WARN  SELL_SKIP [US] IREN reason=PHANTOM_POSITION phase=NONE qty=4 avgPrice=50.9700
2026-05-06 04:10:29 WARN  SELL_SKIP [US] IREN reason=PHANTOM_POSITION phase=NONE qty=4 avgPrice=50.9700
2026-05-06 04:10:34 WARN  SELL_SKIP [US] IREN reason=PHANTOM_POSITION phase=NONE qty=4 avgPrice=50.9700
2026-05-06 04:10:39 WARN  SELL_SKIP [US] IREN reason=PHANTOM_POSITION phase=NONE qty=4 avgPrice=50.9700
2026-05-06 04:10:44 WARN  SELL_SKIP [US] IREN reason=PHANTOM_POSITION phase=NONE qty=4 avgPrice=50.9700
2026-05-06 04:10:49 WARN  SELL_SKIP [US] IREN reason=PHANTOM_POSITION phase=NONE qty=4 avgPrice=50.9700
2026-05-06 04:10:54 WARN  SELL_SKIP [US] IREN reason=PHANTOM_POSITION phase=NONE qty=4 avgPrice=50.9700
2026-05-06 04:10:59 WARN  SELL_SKIP [US] IREN reason=PHANTOM_POSITION phase=NONE qty=4 avgPrice=50.9700
2026-05-06 04:11:04 WARN  SELL_SKIP [US] IREN reason=PHANTOM_POSITION phase=NONE qty=4 avgPrice=50.9700
2026-05-06 04:11:10 WARN  SELL_SKIP [US] IREN reason=PHANTOM_POSITION phase=NONE qty=4 avgPrice=50.9700
2026-05-06 04:11:15 WARN  SELL_SKIP [US] IREN reason=PHANTOM_POSITION phase=NONE qty=4 avgPrice=50.9700
2026-05-06 04:11:20 WARN  SELL_SKIP [US] IREN reason=PHANTOM_POSITION phase=NONE qty=4 avgPrice=50.9700
2026-05-06 04:11:25 WARN  SELL_SKIP [US] IREN reason=PHANTOM_POSITION phase=NONE qty=4 avgPrice=50.9700
2026-05-06 04:11:30 WARN  SELL_SKIP [US] IREN reason=PHANTOM_POSITION phase=NONE qty=4 avgPrice=50.9700
2026-05-06 04:11:35 WARN  SELL_SKIP [US] IREN reason=PHANTOM_POSITION phase=NONE qty=4 avgPrice=50.9700
2026-05-06 04:11:40 WARN  SELL_SKIP [US] IREN reason=PHANTOM_POSITION phase=NONE qty=4 avgPrice=50.9700
2026-05-06 04:11:45 WARN  SELL_SKIP [US] IREN reason=PHANTOM_POSITION phase=NONE qty=4 avgPrice=50.9700
2026-05-06 04:11:50 WARN  SELL_SKIP [US] IREN reason=PHANTOM_POSITION phase=NONE qty=4 avgPrice=50.9700
2026-05-06 04:11:55 WARN  SELL_SKIP [US] IREN reason=PHANTOM_POSITION phase=NONE qty=4 avgPrice=50.9700
2026-05-06 04:12:00 WARN  SELL_SKIP [US] IREN reason=PHANTOM_POSITION phase=NONE qty=4 avgPrice=50.9700
2026-05-06 04:12:06 WARN  SELL_SKIP [US] IREN reason=PHANTOM_POSITION phase=NONE qty=4 avgPrice=50.9700
2026-05-06 04:12:11 WARN  SELL_SKIP [US] IREN reason=PHANTOM_POSITION phase=NONE qty=4 avgPrice=50.9700
2026-05-06 04:12:16 WARN  SELL_SKIP [US] IREN reason=PHANTOM_POSITION phase=NONE qty=4 avgPrice=50.9700
2026-05-06 04:12:21 WARN  SELL_SKIP [US] IREN reason=PHANTOM_POSITION phase=NONE qty=4 avgPrice=50.9700
2026-05-06 04:12:26 WARN  SELL_SKIP [US] IREN reason=PHANTOM_POSITION phase=NONE qty=4 avgPrice=50.9700
2026-05-06 04:12:36 WARN  SELL_SKIP [US] IREN reason=PHANTOM_POSITION phase=NONE qty=4 avgPrice=50.9700
2026-05-06 04:12:41 WARN  SELL_SKIP [US] IREN reason=PHANTOM_POSITION phase=NONE qty=4 avgPrice=50.9700
2026-05-06 04:12:46 WARN  SELL_SKIP [US] IREN reason=PHANTOM_POSITION phase=NONE qty=4 avgPrice=50.9700
2026-05-06 04:12:51 WARN  SELL_SKIP [US] IREN reason=PHANTOM_POSITION phase=NONE qty=4 avgPrice=50.9700
2026-05-06 04:12:56 WARN  SELL_SKIP [US] IREN reason=PHANTOM_POSITION phase=NONE qty=4 avgPrice=50.9700
2026-05-06 04:13:02 WARN  SELL_SKIP [US] IREN reason=PHANTOM_POSITION phase=NONE qty=4 avgPrice=50.9700
2026-05-06 04:13:07 WARN  SELL_SKIP [US] IREN reason=PHANTOM_POSITION phase=NONE qty=4 avgPrice=50.9700
2026-05-06 04:13:12 WARN  SELL_SKIP [US] IREN reason=PHANTOM_POSITION phase=NONE qty=4 avgPrice=50.9700
2026-05-06 04:13:17 WARN  SELL_SKIP [US] IREN reason=PHANTOM_POSITION phase=NONE qty=4 avgPrice=50.9700
2026-05-06 04:13:22 WARN  SELL_SKIP [US] IREN reason=PHANTOM_POSITION phase=NONE qty=4 avgPrice=50.9700
2026-05-06 04:13:27 WARN  SELL_SKIP [US] IREN reason=PHANTOM_POSITION phase=NONE qty=4 avgPrice=50.9700
2026-05-06 04:13:32 WARN  SELL_SKIP [US] IREN reason=PHANTOM_POSITION phase=NONE qty=4 avgPrice=50.9700
2026-05-06 04:13:37 WARN  SELL_SKIP [US] IREN reason=PHANTOM_POSITION phase=NONE qty=4 avgPrice=50.9700
2026-05-06 04:13:42 WARN  SELL_SKIP [US] IREN reason=PHANTOM_POSITION phase=NONE qty=4 avgPrice=50.9700
2026-05-06 04:13:47 WARN  SELL_SKIP [US] IREN reason=PHANTOM_POSITION phase=NONE qty=4 avgPrice=50.9700
2026-05-06 04:13:52 WARN  SELL_SKIP [US] IREN reason=PHANTOM_POSITION phase=NONE qty=4 avgPrice=50.9700
2026-05-06 04:13:57 WARN  SELL_SKIP [US] IREN reason=PHANTOM_POSITION phase=NONE qty=4 avgPrice=50.9700
2026-05-06 04:14:03 WARN  SELL_SKIP [US] IREN reason=PHANTOM_POSITION phase=NONE qty=4 avgPrice=50.9700
2026-05-06 04:14:08 WARN  SELL_SKIP [US] IREN reason=PHANTOM_POSITION phase=NONE qty=4 avgPrice=50.9700
2026-05-06 04:14:13 WARN  SELL_SKIP [US] IREN reason=PHANTOM_POSITION phase=NONE qty=4 avgPrice=50.9700
2026-05-06 05:09:05 WARN  BUY pending timeout cleared for AXTI
2026-05-06 07:47:06 WARN  BUY_SKIP [US] SOXL reason=AMOUNT_TOO_SMALL amount=300.0000 size=0.8000x price=152.9900
2026-05-06 07:57:06 INFO  BUY [US] AXTI mode=BREAKOUT price=107.0700 qty=2 size=0.8000x score=85(CONV) | WHY: strongBreakout retestOK multiUp vol(1.54x) | VWAP: 0.09%(ABOVE slope=UP) | TREND: score=3 vel=0.54%/0.56%/0.37% | VOL: 5933125.0000/3854865.1500 TO: 635259693.7500/411367422.3534 | entryNo=2
2026-05-06 08:58:09 WARN  BUY pending timeout cleared for PLTR
2026-05-06 08:58:09 WARN  BUY_SKIP [US] PLTR reason=AMOUNT_TOO_SMALL amount=300.0000 size=0.8000x price=135.2500
2026-05-06 08:58:24 WARN  BUY_SKIP [US] PLTR reason=AMOUNT_TOO_SMALL amount=300.0000 size=0.8000x price=135.2600
2026-05-06 17:03:05 WARN  BUY pending timeout cleared for NVDL
2026-05-06 17:03:20 INFO  BUY [US] NVDL mode=VOLUME_BREAKOUT price=90.5400 qty=3 size=1.0000x score=95(CONV) | WHY: strongBreakout volBreakout retestOK multiUp vol(10.08x) | VWAP: 0.11%(ABOVE slope=UP) | TREND: score=3 vel=0.20%/0.20%/0.20% | VOL: 27168.0000/2695.4500 TO: 2459752.6848/243786.1877 | entryNo=1
2026-05-06 17:07:09 WARN  BUY pending timeout cleared for AXTI
2026-05-06 17:07:09 INFO  BUY [US] AXTI mode=VOLUME_BREAKOUT price=109.2100 qty=2 size=1.0000x score=95(CONV) | WHY: strongBreakout volBreakout retestOK multiUp vol(5.22x) | VWAP: 0.58%(ABOVE slope=UP) | TREND: score=3 vel=0.56%/0.56%/1.12% | VOL: 6127.0000/1172.7500 TO: 669129.6700/127341.4617 | entryNo=1
2026-05-06 17:08:05 WARN  BUY pending timeout cleared for SQQQ
2026-05-06 17:08:05 WARN  BUY pending timeout cleared for ETHU
2026-05-06 17:08:05 INFO  BUY [US] ETHU mode=VOLUME_BREAKOUT price=28.0300 qty=10 size=1.0000x score=95(CONV) | WHY: strongBreakout volBreakout retestOK multiUp vol(9.11x) | VWAP: 0.52%(ABOVE slope=UP) | TREND: score=3 vel=0.10%/0.21%/0.39% | VOL: 68009.0000/7462.1000 TO: 1906203.8583/208750.3847 | entryNo=1
2026-05-06 17:09:06 WARN  BUY pending timeout cleared for IBIT
2026-05-06 17:09:06 INFO  BUY [US] IBIT mode=VOLUME_BREAKOUT price=46.2600 qty=6 size=1.0000x score=95(CONV) | WHY: strongBreakout volBreakout retestOK multiUp vol(10.05x) | VWAP: 0.13%(ABOVE slope=UP) | TREND: score=3 vel=0.06%/0.46%/0.15% | VOL: 49439.0000/4921.4000 TO: 2287048.1400/227366.8220 | entryNo=1
2026-05-06 17:09:06 WARN  BUY pending timeout cleared for TSLL
2026-05-06 17:09:06 INFO  BUY [US] TSLL mode=VOLUME_BREAKOUT price=12.8600 qty=23 size=1.0000x score=95(CONV) | WHY: strongBreakout volBreakout retestOK multiUp vol(10.21x) | VWAP: 0.05%(ABOVE slope=UP) | TREND: score=3 vel=0.23%/0.47%/0.23% | VOL: 1478021.0000/144809.3000 TO: 18992569.8500/1859886.4100 | entryNo=1
2026-05-06 17:19:07 WARN  BUY pending timeout cleared for ETHU
2026-05-06 17:19:07 INFO  BUY [US] ETHU mode=VOLUME_BREAKOUT price=28.0000 qty=8 size=0.8000x score=82(CONV) | WHY: strongBreakout volBreakout retestOK multiUp vol(1.94x) | VWAP: 0.38%(ABOVE slope=UP) | TREND: score=2 vel=0.04%/0.00%/0.07% | VOL: 39630.0000/20461.5500 TO: 1109640.0000/572769.6595 | entryNo=2
2026-05-06 17:27:06 WARN  BUY pending timeout cleared for SMU
2026-05-06 17:27:06 INFO  BUY [US] SMU mode=VOLUME_BREAKOUT price=14.5400 qty=20 size=1.0000x score=105(CONV) | WHY: strongBreakout volBreakout retestOK multiUp vol(3.22x) | VWAP: 0.04%(ABOVE slope=UP) | TREND: score=3 vel=0.62%/1.18%/1.18% | VOL: 10482.0000/3251.8500 TO: 152408.2800/46888.7790 | entryNo=1
2026-05-06 17:28:06 WARN  BUY pending timeout cleared for NVDL
2026-05-06 17:28:06 INFO  BUY [US] NVDL mode=BREAKOUT price=90.8700 qty=2 size=0.8000x score=85(CONV) | WHY: strongBreakout retestOK multiUp vol(1.53x) | VWAP: 0.16%(ABOVE slope=UP) | TREND: score=3 vel=0.11%/0.14%/0.21% | VOL: 44402.0000/29099.6000 TO: 4034809.7400/2641838.7565 | entryNo=2
2026-05-06 17:33:07 WARN  BUY pending timeout cleared for HOOD
2026-05-06 17:33:07 INFO  BUY [US] HOOD mode=VOLUME_BREAKOUT price=77.1800 qty=3 size=0.8000x score=87(CONV) | WHY: strongBreakout volBreakout retestOK multiUp vol(2.07x) | VWAP: 0.04%(ABOVE slope=UP) | TREND: score=3 vel=0.02%/0.16%/0.16% | VOL: 50788.0000/24560.0500 TO: 3919899.1008/1895125.5590 | entryNo=1
2026-05-06 17:55:24 INFO  BUY [US] IREN mode=VOLUME_BREAKOUT price=54.8500 qty=5 size=1.0000x score=95(CONV) | WHY: strongBreakout volBreakout retestOK multiUp vol(9.90x) | VWAP: 0.19%(ABOVE slope=UP) | TREND: score=3 vel=0.09%/0.17%/0.88% | VOL: 126548.0000/12786.5500 TO: 6942549.8280/698851.0529 | entryNo=1
2026-05-06 18:14:09 WARN  BUY pending timeout cleared for TSLL
2026-05-06 18:14:09 INFO  BUY [US] TSLL mode=BREAKOUT price=12.9200 qty=18 size=0.8000x score=85(CONV) | WHY: strongBreakout retestOK multiUp vol(1.54x) | VWAP: 0.31%(ABOVE slope=UP) | TREND: score=3 vel=0.08%/0.38%/0.16% | VOL: 916920.0000/596828.7500 TO: 11855775.6000/7716791.1964 | entryNo=2
2026-05-06 18:17:06 WARN  BUY pending timeout cleared for AXTI
2026-05-06 18:17:06 INFO  BUY [US] AXTI mode=VOLUME_BREAKOUT price=110.0000 qty=2 size=1.0000x score=82(CONV) | WHY: strongBreakout volBreakout retestOK multiUp vol(3.55x) | VWAP: 0.30%(ABOVE slope=UP) | TREND: score=2 vel=0.01%/0.00%/0.02% | VOL: 22383.0000/6311.7000 TO: 2462130.0000/694379.7989 | entryNo=2
2026-05-06 18:33:08 INFO  BUY [US] PLTR mode=VOLUME_BREAKOUT price=134.9500 qty=2 size=1.0000x score=95(CONV) | WHY: strongBreakout volBreakout retestOK multiUp vol(18.03x) | VWAP: 0.28%(ABOVE slope=UP) | TREND: score=3 vel=0.22%/0.21%/0.13% | VOL: 244417.0000/13554.9500 TO: 32981629.9800/1829061.9606 | entryNo=1
2026-05-06 18:34:09 WARN  BUY_SKIP [US] SOXL reason=AMOUNT_TOO_SMALL amount=300.0000 size=0.8000x price=159.9200
2026-05-06 18:34:24 WARN  BUY_SKIP [US] SOXL reason=AMOUNT_TOO_SMALL amount=300.0000 size=0.8000x price=159.9200
2026-05-06 18:37:07 WARN  BUY_SKIP [US] SOXL reason=AMOUNT_TOO_SMALL amount=300.0000 size=0.8000x price=160.2000
2026-05-06 18:37:23 WARN  BUY_SKIP [US] SOXL reason=AMOUNT_TOO_SMALL amount=300.0000 size=0.8000x price=160.3000
2026-05-06 18:38:08 WARN  BUY pending timeout cleared for IBIT
2026-05-06 18:38:08 INFO  BUY [US] IBIT mode=VOLUME_BREAKOUT price=46.4400 qty=5 size=0.8000x score=90(CONV) | WHY: strongBreakout volBreakout retestOK multiUp vol(1.85x) | VWAP: 0.17%(ABOVE slope=UP) | TREND: score=2 vel=0.06%/0.00%/0.09% | VOL: 338241.0000/182565.4000 TO: 15714676.8600/8468878.1926 | entryNo=2
2026-05-06 18:40:21 WARN  BUY_SKIP [US] SOXL reason=AMOUNT_TOO_SMALL amount=300.0000 size=1.0000x price=160.6700
2026-05-06 18:41:06 WARN  BUY_SKIP [US] SOXL reason=AMOUNT_TOO_SMALL amount=300.0000 size=1.0000x price=160.7200
2026-05-06 18:41:07 WARN  BUY pending timeout cleared for HOOD
2026-05-06 18:41:22 INFO  BUY [US] HOOD mode=BREAKOUT price=78.1000 qty=3 size=0.8000x score=85(CONV) | WHY: strongBreakout retestOK multiUp vol(1.56x) | VWAP: 0.57%(ABOVE slope=UP) | TREND: score=3 vel=0.26%/0.05%/0.23% | VOL: 83518.0000/53637.3000 TO: 6531107.6000/4186049.8251 | entryNo=2
2026-05-06 19:37:08 WARN  BUY pending timeout cleared for EBAY
2026-05-06 19:37:08 INFO  BUY [US] EBAY mode=VOLUME_BREAKOUT price=105.9000 qty=2 size=1.0000x score=105(CONV) | WHY: strongBreakout volBreakout retestOK multiUp vol(13.17x) | VWAP: 0.23%(ABOVE slope=UP) | TREND: score=3 vel=0.61%/0.61%/0.74% | VOL: 1410.0000/107.0500 TO: 149319.0000/11313.2670 | entryNo=1
2026-05-06 19:39:05 WARN  BUY_SKIP [US] SOXL reason=AMOUNT_TOO_SMALL amount=300.0000 size=0.8000x price=161.9900
2026-05-06 19:39:21 WARN  BUY_SKIP [US] SOXL reason=AMOUNT_TOO_SMALL amount=300.0000 size=0.8000x price=162.1600
2026-05-06 19:44:06 WARN  BUY_SKIP [US] SOXL reason=AMOUNT_TOO_SMALL amount=300.0000 size=1.0000x price=162.9100
2026-05-06 19:56:09 WARN  BUY_SKIP [US] SOXL reason=AMOUNT_TOO_SMALL amount=300.0000 size=1.0000x price=163.9200
2026-05-06 20:03:06 WARN  BUY_SKIP [US] SOXL reason=AMOUNT_TOO_SMALL amount=300.0000 size=0.8000x price=164.9600
2026-05-06 20:03:21 WARN  BUY_SKIP [US] SOXL reason=AMOUNT_TOO_SMALL amount=300.0000 size=0.8000x price=164.8400
2026-05-06 20:05:08 WARN  BUY_SKIP [US] SOXL reason=AMOUNT_TOO_SMALL amount=300.0000 size=1.0000x price=165.4100
2026-05-06 20:05:23 WARN  BUY_SKIP [US] SOXL reason=AMOUNT_TOO_SMALL amount=300.0000 size=1.0000x price=165.5100
2026-05-06 20:07:25 WARN  BUY_SKIP [US] SOXL reason=AMOUNT_TOO_SMALL amount=300.0000 size=1.0000x price=165.8100
2026-05-06 20:09:07 WARN  BUY pending timeout cleared for IREN
2026-05-06 20:10:08 WARN  BUY pending timeout cleared for EBAY
2026-05-06 20:10:08 INFO  BUY [US] EBAY mode=VOLUME_BREAKOUT price=106.4900 qty=2 size=1.0000x score=90(CONV) | WHY: strongBreakout volBreakout retestOK multiUp vol(5.24x) | VWAP: 0.51%(ABOVE slope=UP) | TREND: score=2 vel=0.02%/0.40%/-0.01% | VOL: 2599.0000/496.4500 TO: 276767.5100/52780.9297 | entryNo=2
2026-05-06 20:45:08 INFO  BUY [US] SQQQ mode=VOLUME_BREAKOUT price=46.4500 qty=6 size=1.0000x score=95(CONV) | WHY: strongBreakout volBreakout retestOK multiUp vol(2.68x) | VWAP: 0.19%(ABOVE slope=UP) | TREND: score=3 vel=0.34%/0.41%/0.63% | VOL: 1924982.0000/717847.1000 TO: 89415221.4018/33193015.4257 | entryNo=1
2026-05-06 23:33:34 INFO  BUY amount set for SOXL: 300.00
2026-05-06 23:33:34 INFO  BUY amount set for BAIG: 300.00
2026-05-06 23:33:34 INFO  BUY amount set for SMU: 300.00
2026-05-06 23:33:34 INFO  BUY amount set for SMCX: 300.00
2026-05-06 23:33:34 INFO  BUY amount set for NVDL: 300.00
2026-05-06 23:33:34 INFO  BUY amount set for SOXS: 300.00
2026-05-06 23:33:34 INFO  BUY amount set for TSLL: 300.00
2026-05-06 23:33:34 INFO  BUY amount set for ETHU: 300.00
2026-05-06 23:33:35 INFO  BUY amount set for BAIG: 300.00
2026-05-06 23:33:35 INFO  BUY amount set for SMCX: 300.00
2026-05-06 23:33:35 INFO  BUY amount set for NVDL: 300.00
2026-05-06 23:33:35 INFO  BUY amount set for SOXS: 300.00
2026-05-06 23:33:35 INFO  BUY amount set for SOXL: 300.00
2026-05-06 23:33:35 INFO  BUY amount set for SMU: 300.00
2026-05-06 23:33:35 INFO  BUY amount set for TSLL: 300.00
2026-05-06 23:33:35 INFO  BUY amount set for ETHU: 300.00
2026-05-06 23:33:35 INFO  BUY amount set for PLTR: 300.00
2026-05-06 23:33:35 INFO  BUY amount set for EBAY: 300.00
2026-05-06 23:33:35 INFO  BUY amount set for IREN: 300.00
2026-05-06 23:33:35 INFO  BUY amount set for HOOD: 300.00
2026-05-06 23:33:35 INFO  BUY amount set for IBIT: 300.00
2026-05-06 23:33:35 INFO  BUY amount set for SQQQ: 300.00
2026-05-06 23:33:35 INFO  BUY amount set for AXTI: 300.00
2026-05-06 23:34:39 INFO  BUY amount set for BAIG: 300.00
2026-05-06 23:34:39 INFO  BUY amount set for SOXS: 300.00
2026-05-06 23:34:39 INFO  BUY amount set for NVDL: 300.00
2026-05-06 23:34:39 INFO  BUY amount set for SMCX: 300.00
2026-05-06 23:34:39 INFO  BUY amount set for SOXL: 300.00
2026-05-06 23:34:39 INFO  BUY amount set for SMU: 300.00
2026-05-06 23:34:39 INFO  BUY amount set for TSLL: 300.00
2026-05-06 23:34:39 INFO  BUY amount set for ETHU: 300.00
2026-05-06 23:34:40 INFO  BUY amount set for IREN: 300.00
2026-05-06 23:34:40 INFO  BUY amount set for SQQQ: 300.00
2026-05-06 23:34:40 INFO  BUY amount set for IBIT: 300.00
2026-05-06 23:34:40 INFO  BUY amount set for HOOD: 300.00
2026-05-06 23:34:40 INFO  BUY amount set for PLTR: 300.00
2026-05-06 23:34:40 INFO  BUY amount set for EBAY: 300.00
2026-05-06 23:34:40 INFO  BUY amount set for AXTI: 300.00
2026-05-06 23:34:40 INFO  BUY amount set for SMCI: 300.00
2026-05-06 23:34:40 INFO  BUY amount set for MRVL: 300.00
2026-05-06 23:42:23 WARN  BUY_SKIP [US] MRVL reason=AMOUNT_TOO_SMALL amount=300.0000 size=1.0000x price=166.7600
2026-05-06 23:43:08 INFO  BUY [US] SMCX mode=VOLUME_BREAKOUT price=15.9200 qty=18 size=1.0000x score=105(CONV) | WHY: strongBreakout volBreakout retestOK multiUp vol(3.61x) | VWAP: 0.79%(ABOVE slope=UP) | TREND: score=3 vel=0.66%/1.82%/1.63% | VOL: 6184439.0000/1711249.5556 TO: 98363502.2950/27004701.5628 | entryNo=1
2026-05-06 23:43:09 INFO  BUY [US] SMCI mode=VOLUME_BREAKOUT price=32.6300 qty=7 size=0.8000x score=95(CONV) | WHY: strongBreakout volBreakout retestOK multiUp vol(2.28x) | VWAP: 0.92%(ABOVE slope=UP) | TREND: score=3 vel=0.51%/1.13%/1.07% | VOL: 34845666.0000/15316021.1111 TO: 1138233679.8900/495739374.6079 | entryNo=1
2026-05-06 23:43:09 WARN  BUY_REJECTED SMCI phase=NONE
2026-05-06 23:43:09 INFO  BUY [US] IBIT mode=VOLUME_BREAKOUT price=46.3500 qty=5 size=0.8000x score=87(CONV) | WHY: strongBreakout volBreakout retestOK multiUp vol(2.26x) | VWAP: 0.03%(ABOVE slope=UP) | TREND: score=3 vel=0.01%/0.04%/0.10% | VOL: 14840252.0000/6568466.0000 TO: 687697277.6800/304290256.9862 | entryNo=1
2026-05-06 23:43:09 WARN  BUY_REJECTED IBIT phase=NONE
2026-05-06 23:43:09 INFO  BUY_FILLED SMCX phase=HOLDING
2026-05-06 23:43:14 INFO  BUY_FILLED SMCX phase=HOLDING
2026-05-06 23:43:19 INFO  BUY_FILLED SMCX phase=HOLDING
2026-05-06 23:43:24 INFO  BUY_FILLED SMCX phase=HOLDING
2026-05-06 23:43:29 INFO  BUY_FILLED SMCX phase=HOLDING
2026-05-06 23:43:34 INFO  BUY_FILLED SMCX phase=HOLDING
2026-05-06 23:43:39 INFO  BUY_FILLED SMCX phase=HOLDING
2026-05-06 23:43:44 INFO  BUY_FILLED SMCX phase=HOLDING
2026-05-06 23:43:49 INFO  BUY_FILLED SMCX phase=HOLDING
2026-05-06 23:43:54 INFO  BUY_FILLED SMCX phase=HOLDING
2026-05-06 23:43:59 INFO  BUY_FILLED SMCX phase=HOLDING
2026-05-06 23:44:04 INFO  BUY_FILLED SMCX phase=HOLDING
2026-05-06 23:44:09 INFO  BUY_FILLED SMCX phase=HOLDING
2026-05-06 23:44:10 INFO  BUY [US] IREN mode=VOLUME_BREAKOUT price=58.6500 qty=5 size=1.0000x score=95(CONV) | WHY: strongBreakout volBreakout retestOK multiUp vol(2.54x) | VWAP: 0.55%(ABOVE slope=UP) | TREND: score=3 vel=0.17%/0.23%/0.67% | VOL: 12336889.0000/4848036.5000 TO: 723435170.9600/282720757.3155 | entryNo=1
2026-05-06 23:44:10 WARN  BUY_REJECTED IREN phase=NONE
2026-05-06 23:44:15 INFO  BUY_FILLED SMCX phase=HOLDING
2026-05-06 23:44:20 INFO  BUY_FILLED SMCX phase=HOLDING
2026-05-06 23:44:25 INFO  BUY_FILLED SMCX phase=HOLDING
2026-05-06 23:44:30 INFO  BUY_FILLED SMCX phase=HOLDING
2026-05-06 23:44:35 INFO  BUY_FILLED SMCX phase=HOLDING
2026-05-06 23:44:40 INFO  BUY_FILLED SMCX phase=HOLDING
2026-05-06 23:44:45 INFO  BUY_FILLED SMCX phase=HOLDING
2026-05-06 23:44:50 INFO  BUY_FILLED SMCX phase=HOLDING
2026-05-06 23:44:55 INFO  BUY_FILLED SMCX phase=HOLDING
2026-05-06 23:45:00 INFO  BUY_FILLED SMCX phase=HOLDING
2026-05-06 23:45:05 INFO  BUY [US] ETHU mode=VOLUME_BREAKOUT price=27.8600 qty=8 size=0.8000x score=95(CONV) | WHY: strongBreakout volBreakout retestOK multiUp vol(1.87x) | VWAP: 0.25%(ABOVE slope=UP) | TREND: score=3 vel=0.23%/0.31%/0.34% | VOL: 871852.0000/466170.7273 TO: 24250563.3800/12933718.5936 | entryNo=1
2026-05-06 23:45:05 WARN  BUY_REJECTED ETHU phase=NONE
2026-05-06 23:45:06 INFO  BUY_FILLED SMCX phase=HOLDING
2026-05-06 23:45:11 INFO  BUY_FILLED SMCX phase=HOLDING
2026-05-06 23:45:16 INFO  BUY_FILLED SMCX phase=HOLDING
2026-05-06 23:45:21 INFO  BUY_FILLED SMCX phase=HOLDING
2026-05-06 23:45:26 INFO  BUY_FILLED SMCX phase=HOLDING
2026-05-06 23:45:31 INFO  BUY_FILLED SMCX phase=HOLDING
2026-05-06 23:45:36 INFO  BUY_FILLED SMCX phase=HOLDING
2026-05-06 23:45:41 INFO  BUY_FILLED SMCX phase=HOLDING
2026-05-06 23:45:46 INFO  BUY_FILLED SMCX phase=HOLDING
2026-05-06 23:45:51 INFO  BUY_FILLED SMCX phase=HOLDING
2026-05-06 23:45:57 INFO  BUY_FILLED SMCX phase=HOLDING
2026-05-06 23:46:02 INFO  BUY_FILLED SMCX phase=HOLDING
2026-05-06 23:46:07 INFO  BUY_FILLED SMCX phase=HOLDING
2026-05-06 23:46:07 INFO  BUY [US] HOOD mode=VOLUME_BREAKOUT price=77.2400 qty=3 size=0.8000x score=95(CONV) | WHY: strongBreakout volBreakout retestOK multiUp vol(1.77x) | VWAP: 0.14%(ABOVE slope=UP) | TREND: score=3 vel=0.25%/0.18%/0.18% | VOL: 5577592.0000/3150440.2500 TO: 430658149.0224/242904905.8044 | entryNo=1
2026-05-06 23:46:07 WARN  BUY_REJECTED HOOD phase=NONE
2026-05-06 23:46:12 INFO  BUY_FILLED SMCX phase=HOLDING
2026-05-06 23:46:17 INFO  BUY_FILLED SMCX phase=HOLDING
2026-05-06 23:46:22 INFO  BUY_FILLED SMCX phase=HOLDING
2026-05-06 23:46:27 INFO  BUY_FILLED SMCX phase=HOLDING
2026-05-06 23:46:32 INFO  BUY_FILLED SMCX phase=HOLDING
2026-05-06 23:46:37 INFO  BUY_FILLED SMCX phase=HOLDING
2026-05-06 23:46:42 INFO  BUY_FILLED SMCX phase=HOLDING
2026-05-06 23:46:47 INFO  BUY_FILLED SMCX phase=HOLDING
2026-05-06 23:46:53 INFO  BUY_FILLED SMCX phase=HOLDING
2026-05-06 23:46:58 INFO  BUY_FILLED SMCX phase=HOLDING
2026-05-06 23:47:03 INFO  BUY_FILLED SMCX phase=HOLDING
2026-05-06 23:47:08 INFO  BUY_FILLED SMCX phase=HOLDING
2026-05-06 23:47:13 INFO  BUY_FILLED SMCX phase=HOLDING
2026-05-06 23:47:18 INFO  BUY_FILLED SMCX phase=HOLDING
2026-05-06 23:47:23 WARN  BUY_SKIP [US] SOXL reason=AMOUNT_TOO_SMALL amount=300.0000 size=1.0000x price=156.8000
2026-05-06 23:47:23 INFO  BUY_FILLED SMCX phase=HOLDING
2026-05-06 23:47:29 WARN  BUY_SKIP [US] MRVL reason=AMOUNT_TOO_SMALL amount=300.0000 size=0.8000x price=168.3800
2026-05-06 23:47:33 INFO  BUY_FILLED SMCX phase=HOLDING
2026-05-06 23:47:38 INFO  BUY_FILLED SMCX phase=HOLDING
2026-05-06 23:47:43 INFO  BUY_FILLED SMCX phase=HOLDING
2026-05-06 23:47:49 INFO  BUY_FILLED SMCX phase=HOLDING
2026-05-06 23:47:54 INFO  BUY_FILLED SMCX phase=HOLDING
2026-05-06 23:47:59 INFO  BUY_FILLED SMCX phase=HOLDING
2026-05-06 23:48:04 INFO  BUY_FILLED SMCX phase=HOLDING
2026-05-06 23:48:09 INFO  BUY_FILLED SMCX phase=HOLDING
2026-05-06 23:48:14 INFO  BUY_FILLED SMCX phase=HOLDING
2026-05-06 23:48:14 INFO  SELL_EXECUTED [US] SMCX mode=VOLUME_BREAKOUT phase=EXITING exitType=TIMESTOP price=15.8600 qty=18 reason=TIME_STOP_SOFT pnl=-0.25% peakPnl=0.44% holdMs=304737 high=15.9700 avgPrice=15.9000 weightedPnl=-0.24% dailyPnl=-0.24%
2026-05-06 23:48:18 WARN  SELL_REJECTED SMCX reason=TIME_STOP_SOFT rolledBack=partialDone:false phase=HOLDING
2026-05-06 23:48:19 INFO  BUY_FILLED SMCX phase=HOLDING
2026-05-06 23:50:06 WARN  BUY_SKIP [US] SOXL reason=AMOUNT_TOO_SMALL amount=300.0000 size=1.0000x price=157.2900
2026-05-06 23:50:06 INFO  BUY [US] BAIG mode=VOLUME_BREAKOUT price=37.6000 qty=6 size=0.8000x score=95(CONV) | WHY: strongBreakout volBreakout retestOK multiUp vol(2.18x) | VWAP: 0.87%(ABOVE slope=UP) | TREND: score=3 vel=0.16%/0.13%/2.59% | VOL: 54014.0000/24761.3125 TO: 2030926.4000/923020.2338 | entryNo=1
2026-05-06 23:50:21 WARN  BUY_SKIP [US] SOXL reason=AMOUNT_TOO_SMALL amount=300.0000 size=1.0000x price=157.2900
2026-05-06 23:51:23 INFO  BUY [US] PLTR mode=VOLUME_BREAKOUT price=134.3700 qty=2 size=1.0000x score=95(CONV) | WHY: strongBreakout volBreakout retestOK multiUp vol(3.20x) | VWAP: 0.11%(ABOVE slope=UP) | TREND: score=3 vel=0.45%/0.32%/0.35% | VOL: 29631995.0000/9270768.8235 TO: 3984315084.5005/1245233313.5022 | entryNo=1
2026-05-06 23:51:23 WARN  BUY_REJECTED PLTR phase=NONE
2026-05-06 23:53:50 INFO  BUY_FILLED BAIG phase=HOLDING
2026-05-06 23:53:56 INFO  BUY_FILLED BAIG phase=HOLDING
2026-05-06 23:54:01 INFO  BUY_FILLED BAIG phase=HOLDING
2026-05-06 23:54:06 INFO  BUY_FILLED BAIG phase=HOLDING
2026-05-06 23:54:11 INFO  BUY_FILLED BAIG phase=HOLDING
2026-05-06 23:54:16 INFO  BUY_FILLED BAIG phase=HOLDING
2026-05-06 23:54:21 INFO  BUY_FILLED BAIG phase=HOLDING
2026-05-06 23:54:26 INFO  BUY_FILLED BAIG phase=HOLDING
2026-05-06 23:54:31 INFO  BUY_FILLED BAIG phase=HOLDING
2026-05-06 23:54:36 INFO  BUY_FILLED BAIG phase=HOLDING
2026-05-06 23:54:41 INFO  BUY_FILLED BAIG phase=HOLDING
2026-05-06 23:54:47 INFO  BUY_FILLED BAIG phase=HOLDING
2026-05-06 23:54:52 INFO  BUY_FILLED BAIG phase=HOLDING
2026-05-06 23:54:57 INFO  BUY_FILLED BAIG phase=HOLDING
2026-05-06 23:55:02 INFO  BUY_FILLED BAIG phase=HOLDING
2026-05-06 23:55:07 INFO  BUY_FILLED BAIG phase=HOLDING
2026-05-06 23:55:12 INFO  BUY_FILLED BAIG phase=HOLDING
2026-05-06 23:55:17 INFO  BUY_FILLED BAIG phase=HOLDING
2026-05-06 23:55:22 INFO  BUY_FILLED BAIG phase=HOLDING
2026-05-06 23:55:27 INFO  BUY_FILLED BAIG phase=HOLDING
2026-05-06 23:55:32 INFO  BUY_FILLED BAIG phase=HOLDING
2026-05-06 23:55:37 INFO  BUY_FILLED BAIG phase=HOLDING
2026-05-06 23:55:42 INFO  BUY_FILLED BAIG phase=HOLDING
2026-05-06 23:55:48 INFO  BUY_FILLED BAIG phase=HOLDING
2026-05-06 23:55:53 INFO  BUY_FILLED BAIG phase=HOLDING
2026-05-06 23:55:58 INFO  BUY_FILLED BAIG phase=HOLDING
2026-05-06 23:56:03 INFO  BUY_FILLED BAIG phase=HOLDING
2026-05-06 23:56:08 INFO  BUY_FILLED BAIG phase=HOLDING
2026-05-06 23:56:13 INFO  BUY_FILLED BAIG phase=HOLDING
2026-05-06 23:56:18 INFO  BUY_FILLED BAIG phase=HOLDING
2026-05-06 23:56:23 INFO  BUY_FILLED BAIG phase=HOLDING
2026-05-06 23:56:28 INFO  BUY_FILLED BAIG phase=HOLDING
2026-05-06 23:56:33 INFO  BUY_FILLED BAIG phase=HOLDING
2026-05-06 23:56:39 INFO  BUY_FILLED BAIG phase=HOLDING
2026-05-06 23:56:44 INFO  BUY_FILLED BAIG phase=HOLDING
2026-05-06 23:56:49 INFO  BUY_FILLED BAIG phase=HOLDING
2026-05-06 23:56:54 INFO  BUY_FILLED BAIG phase=HOLDING
2026-05-06 23:56:59 INFO  BUY_FILLED BAIG phase=HOLDING
2026-05-06 23:57:04 INFO  BUY_FILLED BAIG phase=HOLDING
2026-05-06 23:57:09 INFO  BUY_FILLED BAIG phase=HOLDING
2026-05-06 23:57:14 INFO  BUY_FILLED BAIG phase=HOLDING
2026-05-06 23:57:19 INFO  BUY_FILLED BAIG phase=HOLDING
2026-05-06 23:57:24 INFO  BUY_FILLED BAIG phase=HOLDING
2026-05-06 23:57:29 INFO  BUY_FILLED BAIG phase=HOLDING
2026-05-06 23:57:35 INFO  BUY_FILLED BAIG phase=HOLDING
2026-05-06 23:57:40 INFO  BUY_FILLED BAIG phase=HOLDING
2026-05-06 23:57:45 INFO  BUY_FILLED BAIG phase=HOLDING
2026-05-06 23:57:50 INFO  BUY_FILLED BAIG phase=HOLDING
2026-05-06 23:57:55 INFO  BUY_FILLED BAIG phase=HOLDING
2026-05-06 23:58:00 INFO  BUY_FILLED BAIG phase=HOLDING
2026-05-06 23:58:05 INFO  BUY_FILLED BAIG phase=HOLDING
2026-05-06 23:58:10 INFO  BUY_FILLED BAIG phase=HOLDING
2026-05-06 23:58:15 INFO  BUY_FILLED BAIG phase=HOLDING
2026-05-06 23:58:20 INFO  BUY_FILLED BAIG phase=HOLDING
2026-05-06 23:58:25 INFO  BUY_FILLED BAIG phase=HOLDING
2026-05-06 23:58:30 INFO  BUY_FILLED BAIG phase=HOLDING
2026-05-06 23:58:36 INFO  BUY_FILLED BAIG phase=HOLDING
2026-05-06 23:58:41 INFO  BUY_FILLED BAIG phase=HOLDING
2026-05-06 23:58:46 INFO  BUY_FILLED BAIG phase=HOLDING
2026-05-06 23:58:51 INFO  BUY_FILLED BAIG phase=HOLDING
2026-05-06 23:58:56 INFO  BUY_FILLED BAIG phase=HOLDING
2026-05-06 23:59:01 INFO  BUY_FILLED BAIG phase=HOLDING
2026-05-06 23:59:06 INFO  BUY_FILLED BAIG phase=HOLDING
2026-05-06 23:59:11 INFO  BUY_FILLED BAIG phase=HOLDING
2026-05-06 23:59:16 INFO  BUY_FILLED BAIG phase=HOLDING
2026-05-06 23:59:21 WARN  SELL_SKIP [US] BAIG reason=PHANTOM_POSITION phase=NONE qty=6 avgPrice=37.6000
2026-05-06 23:59:31 WARN  SELL_SKIP [US] BAIG reason=PHANTOM_POSITION phase=NONE qty=6 avgPrice=37.6000
2026-05-06 23:59:37 WARN  SELL_SKIP [US] BAIG reason=PHANTOM_POSITION phase=NONE qty=6 avgPrice=37.6000
2026-05-06 23:59:42 WARN  SELL_SKIP [US] BAIG reason=PHANTOM_POSITION phase=NONE qty=6 avgPrice=37.6000
2026-05-06 23:59:47 WARN  SELL_SKIP [US] BAIG reason=PHANTOM_POSITION phase=NONE qty=6 avgPrice=37.6000
2026-05-06 23:59:52 WARN  SELL_SKIP [US] BAIG reason=PHANTOM_POSITION phase=NONE qty=6 avgPrice=37.6000
2026-05-06 23:59:57 WARN  SELL_SKIP [US] BAIG reason=PHANTOM_POSITION phase=NONE qty=6 avgPrice=37.6000
