2026-06-04 12:30:09 WARN  BUY_SKIP [KRX] 098460 reason=AMOUNT_TOO_SMALL amount=0.0000 size=0.8000x price=34350.0000
2026-06-04 12:30:14 WARN  BUY_SKIP [KRX] 098460 reason=AMOUNT_TOO_SMALL amount=0.0000 size=0.8000x price=34350.0000
2026-06-04 12:30:19 WARN  BUY_SKIP [KRX] 098460 reason=AMOUNT_TOO_SMALL amount=0.0000 size=0.8000x price=34450.0000
2026-06-04 12:30:35 WARN  BUY_SKIP [KRX] 098460 reason=AMOUNT_TOO_SMALL amount=0.0000 size=0.8000x price=34450.0000
2026-06-04 12:30:40 WARN  BUY_SKIP [KRX] 098460 reason=AMOUNT_TOO_SMALL amount=0.0000 size=0.8000x price=34450.0000
2026-06-04 12:30:45 WARN  BUY_SKIP [KRX] 098460 reason=AMOUNT_TOO_SMALL amount=0.0000 size=0.8000x price=34450.0000
2026-06-04 12:41:42 WARN  BUY_SKIP [KRX] 011790 reason=AMOUNT_TOO_SMALL amount=0.0000 size=1.0000x price=159500.0000
2026-06-04 12:48:07 WARN  BUY_SKIP [KRX] 005290 reason=AMOUNT_TOO_SMALL amount=0.0000 size=1.0000x price=59900.0000
2026-06-04 12:48:12 WARN  BUY_SKIP [KRX] 005290 reason=AMOUNT_TOO_SMALL amount=0.0000 size=1.0000x price=59900.0000
2026-06-04 12:48:38 WARN  BUY_SKIP [KRX] 005290 reason=AMOUNT_TOO_SMALL amount=0.0000 size=1.0000x price=59800.0000
2026-06-04 12:48:43 WARN  BUY_SKIP [KRX] 005290 reason=AMOUNT_TOO_SMALL amount=0.0000 size=1.0000x price=59800.0000
2026-06-04 12:57:09 WARN  BUY_SKIP [KRX] 100790 reason=AMOUNT_TOO_SMALL amount=0.0000 size=1.0000x price=42700.0000
2026-06-04 13:01:08 WARN  BUY_SKIP [KRX] 347850 reason=AMOUNT_TOO_SMALL amount=0.0000 size=1.0000x price=90300.0000
2026-06-04 13:01:14 WARN  BUY_SKIP [KRX] 347850 reason=AMOUNT_TOO_SMALL amount=0.0000 size=1.0000x price=90300.0000
2026-06-04 13:01:19 WARN  BUY_SKIP [KRX] 347850 reason=AMOUNT_TOO_SMALL amount=0.0000 size=1.0000x price=90300.0000
2026-06-04 13:02:10 WARN  BUY_SKIP [KRX] 090360 reason=AMOUNT_TOO_SMALL amount=0.0000 size=0.8000x price=140500.0000
2026-06-04 13:02:20 WARN  BUY_SKIP [KRX] 090360 reason=AMOUNT_TOO_SMALL amount=0.0000 size=0.8000x price=140500.0000
2026-06-04 13:02:36 WARN  BUY_SKIP [KRX] 090360 reason=AMOUNT_TOO_SMALL amount=0.0000 size=0.8000x price=140500.0000
2026-06-04 13:02:46 WARN  BUY_SKIP [KRX] 090360 reason=AMOUNT_TOO_SMALL amount=0.0000 size=0.8000x price=140500.0000
2026-06-04 13:04:10 WARN  BUY_SKIP [KRX] 138080 reason=AMOUNT_TOO_SMALL amount=0.0000 size=1.0000x price=40100.0000
2026-06-04 13:04:20 WARN  BUY_SKIP [KRX] 138080 reason=AMOUNT_TOO_SMALL amount=0.0000 size=1.0000x price=40050.0000
2026-06-04 13:04:35 WARN  BUY_SKIP [KRX] 138080 reason=AMOUNT_TOO_SMALL amount=0.0000 size=1.0000x price=40050.0000
2026-06-04 13:04:40 WARN  BUY_SKIP [KRX] 138080 reason=AMOUNT_TOO_SMALL amount=0.0000 size=1.0000x price=40050.0000
2026-06-04 13:04:45 WARN  BUY_SKIP [KRX] 138080 reason=AMOUNT_TOO_SMALL amount=0.0000 size=1.0000x price=40050.0000
2026-06-04 14:01:58 INFO  BUY amount set for 066570: 600000.00
2026-06-04 14:01:58 INFO  BUY amount set for 011790: 600000.00
2026-06-04 14:01:58 INFO  BUY amount set for 028260: 600000.00
2026-06-04 14:01:58 INFO  BUY amount set for 454910: 600000.00
2026-06-04 14:01:58 INFO  BUY amount set for 042700: 600000.00
2026-06-04 14:01:58 INFO  BUY amount set for 010170: 600000.00
2026-06-04 14:01:58 INFO  BUY amount set for 489790: 600000.00
2026-06-04 14:01:58 INFO  BUY amount set for 005290: 600000.00
2026-06-04 14:01:58 INFO  BUY amount set for 017670: 600000.00
2026-06-04 14:01:58 INFO  BUY amount set for 058470: 600000.00
2026-06-04 14:01:58 INFO  BUY amount set for 440110: 600000.00
2026-06-04 14:01:58 INFO  BUY amount set for 222800: 600000.00
2026-06-04 14:01:58 INFO  BUY amount set for 039030: 600000.00
2026-06-04 14:01:58 INFO  BUY amount set for 032820: 600000.00
2026-06-04 14:01:58 INFO  BUY amount set for 069540: 600000.00
2026-06-04 14:01:58 INFO  BUY amount set for 067310: 600000.00
2026-06-04 14:01:58 INFO  BUY amount set for 100790: 600000.00
2026-06-04 14:01:58 INFO  BUY amount set for 031330: 600000.00
2026-06-04 14:01:58 INFO  BUY amount set for 007390: 600000.00
2026-06-04 14:01:58 INFO  BUY amount set for 031980: 600000.00
2026-06-04 14:01:58 INFO  BUY amount set for 242040: 600000.00
2026-06-04 14:01:58 INFO  BUY amount set for 486990: 600000.00
2026-06-04 14:01:58 INFO  BUY amount set for 138080: 600000.00
2026-06-04 14:23:08 INFO  BUY [KRX] 067310 mode=BREAKOUT price=44600.0000 qty=13 size=1.0000x score=80[B] | WHY: strongBreakout volBreakout retestOK multiUp vol(3.23x) | VWAP: 1.31%(ABOVE slope=UP) allowedGap=2.20% | TREND: score=3 vel=1.25%/0.90%/1.94% accel=true | VOL: 9762.0000/3018.3500 TO: 435873300.0000/133019080.0000 | HIGH: 44700.0000 fromHigh=-0.11% | entryNo=1
2026-06-04 14:27:16 INFO  BUY [KRX] 489790 mode=BREAKOUT price=80700.0000 qty=7 size=1.0000x score=78[C] | WHY: strongBreakout volBreakout retestOK multiUp vol(2.45x) | VWAP: 0.67%(ABOVE slope=UP) allowedGap=2.20% | TREND: score=3 vel=0.37%/0.12%/0.75% accel=true | VOL: 22913.0000/9334.8500 TO: 1846787800.0000/746546610.0000 | HIGH: 80800.0000 fromHigh=-0.25% | entryNo=1
2026-06-04 14:27:17 INFO  BUY_FILLED 489790 phase=HOLDING
2026-06-04 14:30:17 INFO  SELL_EXECUTED [KRX] 489790 mode=BREAKOUT phase=EXITING exitType=STOPLOSS price=79300.0000 qty=7 reason=FAILED_BREAKOUT pnl=-1.73% peakPnl=0.00% holdMs=180188 high=80700.0000 avgPrice=80700.0000 weightedPnl=-1.63% (pending fill)
2026-06-04 14:30:18 INFO  SELL_FILLED_PNL 489790 reason=FAILED_BREAKOUT filledQty=7/7 fillRatio=1.00 weightedPnl=-1.63% dailyPnl=-1.63%
2026-06-04 14:30:18 INFO  SELL_FILLED 489790 reason=FAILED_BREAKOUT remainingQty=0 phase=NONE exitType=STOPLOSS
2026-06-04 14:30:22 WARN  SELL_SKIP [KRX] 489790 reason=PHANTOM_POSITION phase=NONE qty=7 avgPrice=80700.0000
2026-06-04 14:30:28 WARN  SELL_SKIP [KRX] 489790 reason=PHANTOM_POSITION phase=NONE qty=7 avgPrice=80700.0000
2026-06-04 14:30:33 WARN  SELL_SKIP [KRX] 489790 reason=PHANTOM_POSITION phase=NONE qty=7 avgPrice=80700.0000
2026-06-04 14:30:38 WARN  SELL_SKIP [KRX] 489790 reason=PHANTOM_POSITION phase=NONE qty=7 avgPrice=80700.0000
2026-06-04 14:30:43 WARN  SELL_SKIP [KRX] 489790 reason=PHANTOM_POSITION phase=NONE qty=7 avgPrice=80700.0000
2026-06-04 14:30:49 WARN  SELL_SKIP [KRX] 489790 reason=PHANTOM_POSITION phase=NONE qty=7 avgPrice=80700.0000
2026-06-04 14:30:54 WARN  SELL_SKIP [KRX] 489790 reason=PHANTOM_POSITION phase=NONE qty=7 avgPrice=80700.0000
2026-06-04 14:30:59 WARN  SELL_SKIP [KRX] 489790 reason=PHANTOM_POSITION phase=NONE qty=7 avgPrice=80700.0000
2026-06-04 14:31:04 WARN  SELL_SKIP [KRX] 489790 reason=PHANTOM_POSITION phase=NONE qty=7 avgPrice=80700.0000
2026-06-04 14:31:09 WARN  SELL_SKIP [KRX] 489790 reason=PHANTOM_POSITION phase=NONE qty=7 avgPrice=80700.0000
2026-06-04 14:31:14 WARN  SELL_SKIP [KRX] 489790 reason=PHANTOM_POSITION phase=NONE qty=7 avgPrice=80700.0000
2026-06-04 14:31:19 WARN  SELL_SKIP [KRX] 489790 reason=PHANTOM_POSITION phase=NONE qty=7 avgPrice=80700.0000
2026-06-04 14:31:25 WARN  SELL_SKIP [KRX] 489790 reason=PHANTOM_POSITION phase=NONE qty=7 avgPrice=80700.0000
2026-06-04 14:31:30 WARN  SELL_SKIP [KRX] 489790 reason=PHANTOM_POSITION phase=NONE qty=7 avgPrice=80700.0000
2026-06-04 14:31:40 WARN  SELL_SKIP [KRX] 489790 reason=PHANTOM_POSITION phase=NONE qty=7 avgPrice=80700.0000
2026-06-04 14:31:45 WARN  SELL_SKIP [KRX] 489790 reason=PHANTOM_POSITION phase=NONE qty=7 avgPrice=80700.0000
2026-06-04 14:31:50 WARN  SELL_SKIP [KRX] 489790 reason=PHANTOM_POSITION phase=NONE qty=7 avgPrice=80700.0000
2026-06-04 14:31:55 WARN  SELL_SKIP [KRX] 489790 reason=PHANTOM_POSITION phase=NONE qty=7 avgPrice=80700.0000
2026-06-04 14:40:08 INFO  BUY [KRX] 017670 mode=BREAKOUT price=110500.0000 qty=4 size=0.8000x score=80[B] | WHY: strongBreakout volBreakout retestOK multiUp vol(2.07x) | VWAP: 1.10%(ABOVE slope=UP) allowedGap=2.20% | TREND: score=3 vel=0.55%/0.45%/0.64% accel=true | VOL: 14202.0000/6847.4000 TO: 1567900800.0000/748814680.0000 | HIGH: 110400.0000 fromHigh=0.00% | entryNo=1
2026-06-04 14:40:09 INFO  BUY_FILLED 017670 phase=HOLDING
2026-06-04 15:25:01 INFO  SELL [EOD_FORCE_SELL] 017670 pnl=-1.00% time=15:25:01.247213700
2026-06-04 15:25:01 INFO  SELL_EXECUTED [KRX] 017670 mode=BREAKOUT phase=EXITING exitType=TIMESTOP price=109300.0000 qty=4 reason=EOD_FORCE_SELL pnl=-1.00% peakPnl=0.72% holdMs=2691871 high=111200.0000 avgPrice=110400.0000 weightedPnl=-0.73% (pending fill)
2026-06-04 15:25:01 WARN  SELL_REJECTED 017670 reason=EOD_FORCE_SELL phase=HOLDING kisMsg=초당 거래건수를 초과하였습니다.
2026-06-04 15:25:07 INFO  SELL [EOD_FORCE_SELL] 017670 pnl=-1.00% time=15:25:07.169118800
2026-06-04 15:25:07 INFO  SELL_EXECUTED [KRX] 017670 mode=BREAKOUT phase=EXITING exitType=TIMESTOP price=109300.0000 qty=4 reason=EOD_FORCE_SELL pnl=-1.00% peakPnl=0.72% holdMs=2697793 high=111200.0000 avgPrice=110400.0000 weightedPnl=-0.73% (pending fill)
2026-06-04 15:25:22 WARN  SELL timeout for 017670 — issuing immediate MARKET sell qty=4 fallbackPrice=0.0000
2026-06-04 15:25:43 WARN  SELL timeout for 017670 — issuing immediate MARKET sell qty=4 fallbackPrice=0.0000
2026-06-04 15:25:46 WARN  SELL_REJECTED 017670 reason=SELL_TIMEOUT_MARKET_RETRY phase=HOLDING kisMsg=FILL_UNCONFIRMED
2026-06-04 15:25:58 INFO  SELL [EOD_FORCE_SELL] 017670 pnl=-1.00% time=15:25:58.927118600
2026-06-04 15:25:58 INFO  SELL_EXECUTED [KRX] 017670 mode=BREAKOUT phase=EXITING exitType=TIMESTOP price=109300.0000 qty=4 reason=EOD_FORCE_SELL pnl=-1.00% peakPnl=0.72% holdMs=2749551 high=111200.0000 avgPrice=110400.0000 weightedPnl=-0.73% (pending fill)
2026-06-04 15:25:59 WARN  SELL_REJECTED 017670 reason=EOD_FORCE_SELL phase=HOLDING kisMsg=주문 가능한 수량을 초과했습니다.
2026-06-04 15:26:04 INFO  SELL [EOD_FORCE_SELL] 017670 pnl=-1.00% time=15:26:04.500165400
2026-06-04 15:26:04 INFO  SELL_EXECUTED [KRX] 017670 mode=BREAKOUT phase=EXITING exitType=TIMESTOP price=109300.0000 qty=4 reason=EOD_FORCE_SELL pnl=-1.00% peakPnl=0.72% holdMs=2755124 high=111200.0000 avgPrice=110400.0000 weightedPnl=-0.73% (pending fill)
2026-06-04 15:26:19 WARN  SELL timeout for 017670 — issuing immediate MARKET sell qty=4 fallbackPrice=0.0000
2026-06-04 15:26:35 WARN  SELL timeout for 017670 — issuing immediate MARKET sell qty=4 fallbackPrice=0.0000
2026-06-04 15:26:35 WARN  SELL_REJECTED 017670 reason=SELL_TIMEOUT_MARKET_RETRY phase=HOLDING kisMsg=주문 가능한 수량을 초과했습니다.
2026-06-04 15:26:45 INFO  SELL [EOD_FORCE_SELL] 017670 pnl=-1.00% time=15:26:45.831060300
2026-06-04 15:26:45 INFO  SELL_EXECUTED [KRX] 017670 mode=BREAKOUT phase=EXITING exitType=TIMESTOP price=109300.0000 qty=4 reason=EOD_FORCE_SELL pnl=-1.00% peakPnl=0.72% holdMs=2796455 high=111200.0000 avgPrice=110400.0000 weightedPnl=-0.73% (pending fill)
2026-06-04 15:27:01 WARN  SELL timeout for 017670 — issuing immediate MARKET sell qty=4 fallbackPrice=0.0000
2026-06-04 15:27:16 WARN  SELL timeout for 017670 — issuing immediate MARKET sell qty=4 fallbackPrice=0.0000
2026-06-04 15:27:16 WARN  SELL_REJECTED 017670 reason=SELL_TIMEOUT_MARKET_RETRY phase=HOLDING kisMsg=주문 가능한 수량을 초과했습니다.
2026-06-04 15:27:27 INFO  SELL [EOD_FORCE_SELL] 017670 pnl=-1.00% time=15:27:27.187857
2026-06-04 15:27:27 INFO  SELL_EXECUTED [KRX] 017670 mode=BREAKOUT phase=EXITING exitType=TIMESTOP price=109300.0000 qty=4 reason=EOD_FORCE_SELL pnl=-1.00% peakPnl=0.72% holdMs=2837811 high=111200.0000 avgPrice=110400.0000 weightedPnl=-0.73% (pending fill)
2026-06-04 15:27:47 WARN  SELL timeout for 017670 — issuing immediate MARKET sell qty=4 fallbackPrice=0.0000
2026-06-04 15:27:48 WARN  SELL_REJECTED 017670 reason=SELL_TIMEOUT_MARKET_RETRY phase=HOLDING kisMsg=주문 가능한 수량을 초과했습니다.
2026-06-04 15:27:53 INFO  SELL [EOD_FORCE_SELL] 017670 pnl=-1.00% time=15:27:53.104498
2026-06-04 15:27:53 INFO  SELL_EXECUTED [KRX] 017670 mode=BREAKOUT phase=EXITING exitType=TIMESTOP price=109300.0000 qty=4 reason=EOD_FORCE_SELL pnl=-1.00% peakPnl=0.72% holdMs=2863728 high=111200.0000 avgPrice=110400.0000 weightedPnl=-0.73% (pending fill)
2026-06-04 15:28:08 WARN  SELL timeout for 017670 — issuing immediate MARKET sell qty=4 fallbackPrice=0.0000
2026-06-04 15:28:24 WARN  SELL timeout for 017670 — issuing immediate MARKET sell qty=4 fallbackPrice=0.0000
2026-06-04 15:28:24 WARN  SELL_REJECTED 017670 reason=SELL_TIMEOUT_MARKET_RETRY phase=HOLDING kisMsg=주문 가능한 수량을 초과했습니다.
2026-06-04 15:28:29 INFO  SELL [EOD_FORCE_SELL] 017670 pnl=-1.00% time=15:28:29.617692100
2026-06-04 15:28:29 INFO  SELL_EXECUTED [KRX] 017670 mode=BREAKOUT phase=EXITING exitType=TIMESTOP price=109300.0000 qty=4 reason=EOD_FORCE_SELL pnl=-1.00% peakPnl=0.72% holdMs=2900241 high=111200.0000 avgPrice=110400.0000 weightedPnl=-0.73% (pending fill)
2026-06-04 15:28:49 WARN  SELL timeout for 017670 — issuing immediate MARKET sell qty=4 fallbackPrice=0.0000
2026-06-04 15:29:05 WARN  SELL timeout for 017670 — issuing immediate MARKET sell qty=4 fallbackPrice=0.0000
2026-06-04 15:29:05 WARN  SELL_REJECTED 017670 reason=SELL_TIMEOUT_MARKET_RETRY phase=HOLDING kisMsg=주문 가능한 수량을 초과했습니다.
2026-06-04 15:29:10 INFO  SELL [EOD_FORCE_SELL] 017670 pnl=-1.00% time=15:29:10.742253400
2026-06-04 15:29:10 INFO  SELL_EXECUTED [KRX] 017670 mode=BREAKOUT phase=EXITING exitType=TIMESTOP price=109300.0000 qty=4 reason=EOD_FORCE_SELL pnl=-1.00% peakPnl=0.72% holdMs=2941366 high=111200.0000 avgPrice=110400.0000 weightedPnl=-0.73% (pending fill)
2026-06-04 15:29:26 WARN  SELL timeout for 017670 — issuing immediate MARKET sell qty=4 fallbackPrice=0.0000
2026-06-04 15:29:41 WARN  SELL timeout for 017670 — issuing immediate MARKET sell qty=4 fallbackPrice=0.0000
2026-06-04 15:29:41 WARN  SELL_REJECTED 017670 reason=SELL_TIMEOUT_MARKET_RETRY phase=HOLDING kisMsg=주문 가능한 수량을 초과했습니다.
2026-06-04 15:29:47 INFO  SELL [EOD_FORCE_SELL] 017670 pnl=-1.00% time=15:29:47.004653
2026-06-04 15:29:47 INFO  SELL_EXECUTED [KRX] 017670 mode=BREAKOUT phase=EXITING exitType=TIMESTOP price=109300.0000 qty=4 reason=EOD_FORCE_SELL pnl=-1.00% peakPnl=0.72% holdMs=2977628 high=111200.0000 avgPrice=110400.0000 weightedPnl=-0.73% (pending fill)
2026-06-04 15:30:07 WARN  SELL timeout for 017670 — issuing immediate MARKET sell qty=4 fallbackPrice=0.0000
2026-06-04 15:30:23 WARN  SELL timeout for 017670 — issuing immediate MARKET sell qty=4 fallbackPrice=0.0000
2026-06-04 15:30:23 WARN  SELL_REJECTED 017670 reason=SELL_TIMEOUT_MARKET_RETRY phase=HOLDING kisMsg=주문 가능한 수량을 초과했습니다.
2026-06-04 17:00:03 INFO  BUY amount set for 066570: 600000.00
2026-06-04 17:00:03 INFO  BUY [KRX] 066570 mode=BREAKOUT price=110000.0000 qty=5 size=1.0000x score=78[C] | WHY: strongBreakout volBreakout retestOK multiUp vol(6.31x) | VWAP: 0.60%(ABOVE slope=UP) allowedGap=2.20% | TREND: score=3 vel=0.46%/0.36%/0.55% accel=true | VOL: 5558.0000/880.9500 TO: 612491600.0000/96774505.0000 | HIGH: 110400.0000 fromHigh=-0.18% | entryNo=1
2026-06-04 17:00:03 INFO  BUY_FILLED 066570 phase=HOLDING
2026-06-04 17:00:03 INFO  SELL [EOD_FORCE_SELL] 066570 pnl=1.63% time=15:30
2026-06-04 17:00:03 INFO  SELL_EXECUTED [KRX] 066570 mode=BREAKOUT phase=EXITING exitType=TIMESTOP price=112000.0000 qty=5 reason=EOD_FORCE_SELL pnl=1.63% peakPnl=1.81% holdMs=10500000 high=112200.0000 avgPrice=110200.0000 weightedPnl=1.50% (pending fill)
2026-06-04 17:00:03 INFO  SELL_FILLED_PNL 066570 reason=EOD_FORCE_SELL filledQty=5/5 fillRatio=1.00 weightedPnl=1.50% dailyPnl=1.50%
2026-06-04 17:00:03 INFO  SELL_FILLED 066570 reason=EOD_FORCE_SELL remainingQty=0 phase=NONE exitType=TIMESTOP
2026-06-04 17:00:03 INFO  BUY [KRX] 066570 mode=BREAKOUT price=114000.0000 qty=5 size=1.0000x score=80[B] | WHY: strongBreakout volBreakout retestOK multiUp vol(4.41x) | VWAP: 1.31%(ABOVE slope=UP) allowedGap=2.20% | TREND: score=3 vel=0.88%/0.79%/1.06% accel=true | VOL: 15280.0000/3461.1500 TO: 1744976000.0000/392194697.5000 | HIGH: 114400.0000 fromHigh=-0.17% | entryNo=1
2026-06-04 17:00:03 INFO  BUY_FILLED 066570 phase=HOLDING
2026-06-04 17:00:03 INFO  SELL_EXECUTED [KRX] 066570 mode=BREAKOUT phase=EXITING exitType=VWAP_BREAK price=112700.0000 qty=5 reason=VWAP_BREAK pnl=-1.31% peakPnl=0.00% holdMs=1140000 high=114200.0000 avgPrice=114200.0000 weightedPnl=-1.25% (pending fill)
2026-06-04 17:00:03 INFO  SELL_FILLED_PNL 066570 reason=VWAP_BREAK filledQty=5/5 fillRatio=1.00 weightedPnl=-1.25% dailyPnl=-1.25%
2026-06-04 17:00:03 INFO  SELL_FILLED 066570 reason=VWAP_BREAK remainingQty=0 phase=NONE exitType=VWAP_BREAK
2026-06-04 17:00:03 INFO  BUY [KRX] 066570 mode=BREAKOUT price=121000.0000 qty=4 size=1.0000x score=85[A](CONV) | WHY: strongBreakout volBreakout retestOK multiUp vol(4.49x) | VWAP: 0.49%(ABOVE slope=UP) allowedGap=2.20% | TREND: score=3 vel=0.42%/0.33%/0.33% accel=true | VOL: 7512.0000/1671.5500 TO: 908200800.0000/201650180.0000 | HIGH: 120900.0000 fromHigh=0.00% | entryNo=1
2026-06-04 17:00:03 INFO  BUY_FILLED 066570 phase=HOLDING
2026-06-04 17:00:03 INFO  SELL_EXECUTED [KRX] 066570 mode=BREAKOUT phase=EXITING exitType=VWAP_BREAK price=120100.0000 qty=4 reason=VWAP_BREAK pnl=-0.66% peakPnl=-0.08% holdMs=4260000 high=120800.0000 avgPrice=120900.0000 weightedPnl=-0.53% (pending fill)
2026-06-04 17:00:03 INFO  SELL_FILLED_PNL 066570 reason=VWAP_BREAK filledQty=4/4 fillRatio=1.00 weightedPnl=-0.53% dailyPnl=-0.53%
2026-06-04 17:00:03 INFO  SELL_FILLED 066570 reason=VWAP_BREAK remainingQty=0 phase=NONE exitType=VWAP_BREAK
2026-06-04 17:00:03 INFO  BUY [KRX] 066570 mode=BREAKOUT price=124000.0000 qty=4 size=1.0000x score=85[A](CONV) | WHY: strongBreakout volBreakout retestOK multiUp vol(2.57x) | VWAP: 0.72%(ABOVE slope=UP) allowedGap=2.20% | TREND: score=3 vel=0.40%/0.32%/0.49% accel=true | VOL: 8865.0000/3453.0500 TO: 1101033000.0000/426036530.0000 | HIGH: 124200.0000 fromHigh=0.00% | entryNo=1
2026-06-04 17:00:03 INFO  BUY_FILLED 066570 phase=HOLDING
2026-06-04 17:00:03 INFO  SELL [EOD_FORCE_SELL] 066570 pnl=1.45% time=15:30
2026-06-04 17:00:03 INFO  SELL_EXECUTED [KRX] 066570 mode=BREAKOUT phase=EXITING exitType=TIMESTOP price=126000.0000 qty=4 reason=EOD_FORCE_SELL pnl=1.45% peakPnl=2.25% holdMs=20940000 high=127000.0000 avgPrice=124200.0000 weightedPnl=1.20% (pending fill)
2026-06-04 17:00:03 INFO  SELL_FILLED_PNL 066570 reason=EOD_FORCE_SELL filledQty=4/4 fillRatio=1.00 weightedPnl=1.20% dailyPnl=1.20%
2026-06-04 17:00:03 INFO  SELL_FILLED 066570 reason=EOD_FORCE_SELL remainingQty=0 phase=NONE exitType=TIMESTOP
2026-06-04 17:00:03 INFO  BUY [KRX] 066570 mode=VWAP_RECLAIM price=150000.0000 qty=4 size=1.0000x score=70[D] | WHY: dayChg=6.77% vrScore=100 aboveBars=4 hadBelow=true vol/vol5=2.35x | VWAP: 1.56%(ABOVE slope=UP) allowedGap=3.00% | TREND: score=3 vel=1.28%/1.15%/1.70% accel=true | VOL: 163591.0000/70510.1500 TO: 24505931800.0000/10422799735.0000 | HIGH: 150000.0000 fromHigh=-0.13% | VR: score=100 aboveBars=4 hadBelow=true vol/vol5=2.35x | entryNo=1
2026-06-04 17:00:03 INFO  BUY_FILLED 066570 phase=HOLDING
2026-06-04 17:00:03 INFO  SELL_EXECUTED [KRX] 066570 mode=VWAP_RECLAIM phase=EXITING exitType=VWAP_BREAK price=148200.0000 qty=4 reason=VWAP_BREAK pnl=-1.07% peakPnl=0.93% holdMs=480000 high=151200.0000 avgPrice=149800.0000 weightedPnl=-1.07% (pending fill)
2026-06-04 17:00:03 INFO  SELL_FILLED_PNL 066570 reason=VWAP_BREAK filledQty=4/4 fillRatio=1.00 weightedPnl=-1.07% dailyPnl=-1.07%
2026-06-04 17:00:03 INFO  SELL_FILLED 066570 reason=VWAP_BREAK remainingQty=0 phase=NONE exitType=VWAP_BREAK
2026-06-04 17:00:03 INFO  BUY [KRX] 066570 mode=VWAP_RECLAIM price=150000.0000 qty=4 size=1.0000x score=70[D] | WHY: dayChg=6.77% vrScore=100 aboveBars=4 hadBelow=true vol/vol5=2.35x | VWAP: 1.56%(ABOVE slope=UP) allowedGap=3.00% | TREND: score=3 vel=1.28%/1.15%/1.70% accel=true | VOL: 163591.0000/70510.1500 TO: 24505931800.0000/10422799735.0000 | HIGH: 150000.0000 fromHigh=-0.13% | VR: score=100 aboveBars=4 hadBelow=true vol/vol5=2.35x | entryNo=1
2026-06-04 17:00:03 INFO  BUY_FILLED 066570 phase=HOLDING
2026-06-04 17:00:03 INFO  SELL_EXECUTED [KRX] 066570 mode=VWAP_RECLAIM phase=EXITING exitType=VWAP_BREAK price=148200.0000 qty=4 reason=VWAP_BREAK pnl=-1.07% peakPnl=0.93% holdMs=480000 high=151200.0000 avgPrice=149800.0000 weightedPnl=-1.07% (pending fill)
2026-06-04 17:00:03 INFO  SELL_FILLED_PNL 066570 reason=VWAP_BREAK filledQty=4/4 fillRatio=1.00 weightedPnl=-1.07% dailyPnl=-1.07%
2026-06-04 17:00:03 INFO  SELL_FILLED 066570 reason=VWAP_BREAK remainingQty=0 phase=NONE exitType=VWAP_BREAK
2026-06-04 17:00:03 INFO  BUY [KRX] 066570 mode=BREAKOUT price=148500.0000 qty=4 size=1.0000x score=90[S](CONV) | WHY: strongBreakout volBreakout retestOK multiUp vol(3.17x) | VWAP: 0.66%(ABOVE slope=UP) allowedGap=2.20% | TREND: score=3 vel=0.95%/0.75%/0.75% accel=true | VOL: 10059.0000/3171.9000 TO: 1492755600.0000/467888675.0000 | HIGH: 148500.0000 fromHigh=-0.07% | entryNo=1
2026-06-04 17:00:03 INFO  BUY_FILLED 066570 phase=HOLDING
2026-06-04 17:00:03 INFO  SELL_EXECUTED [KRX] 066570 mode=BREAKOUT phase=EXITING exitType=PROFIT price=152500.0000 qty=4 reason=TAKE_PROFIT_BREAKOUT pnl=2.90% peakPnl=2.90% holdMs=1800000 high=152700.0000 avgPrice=148400.0000 weightedPnl=2.87% (pending fill)
2026-06-04 17:00:03 INFO  SELL_FILLED_PNL 066570 reason=TAKE_PROFIT_BREAKOUT filledQty=4/4 fillRatio=1.00 weightedPnl=2.87% dailyPnl=2.87%
2026-06-04 17:00:03 INFO  SELL_FILLED 066570 reason=TAKE_PROFIT_BREAKOUT remainingQty=0 phase=NONE exitType=PROFIT
2026-06-04 17:00:03 INFO  BUY [KRX] 066570 mode=BREAKOUT price=157500.0000 qty=3 size=1.0000x score=85[A](CONV) | WHY: strongBreakout volBreakout retestOK multiUp vol(2.56x) | VWAP: 1.18%(ABOVE slope=UP) allowedGap=2.20% | TREND: score=3 vel=0.83%/0.70%/1.35% accel=true | VOL: 13101.0000/5109.0500 TO: 2063407500.0000/799874625.0000 | HIGH: 157500.0000 fromHigh=0.00% | entryNo=1
2026-06-04 17:00:03 INFO  BUY_FILLED 066570 phase=HOLDING
2026-06-04 17:00:03 INFO  SELL_EXECUTED [KRX] 066570 mode=BREAKOUT phase=EXITING exitType=VWAP_BREAK price=156400.0000 qty=3 reason=VWAP_BREAK pnl=-0.70% peakPnl=0.57% holdMs=3780000 high=158400.0000 avgPrice=157500.0000 weightedPnl=-0.55% (pending fill)
2026-06-04 17:00:03 INFO  SELL_FILLED_PNL 066570 reason=VWAP_BREAK filledQty=3/3 fillRatio=1.00 weightedPnl=-0.55% dailyPnl=-0.55%
2026-06-04 17:00:03 INFO  SELL_FILLED 066570 reason=VWAP_BREAK remainingQty=0 phase=NONE exitType=VWAP_BREAK
2026-06-04 17:00:03 INFO  BUY [KRX] 066570 mode=BREAKOUT price=192000.0000 qty=3 size=1.0000x score=85[A](CONV) | WHY: strongBreakout volBreakout retestOK multiUp vol(2.68x) | VWAP: 1.17%(ABOVE slope=UP) allowedGap=2.20% | TREND: score=3 vel=0.68%/0.63%/0.68% accel=true | VOL: 26262.0000/9791.0000 TO: 5047556400.0000/1862341970.0000 | HIGH: 192300.0000 fromHigh=-0.05% | entryNo=1
2026-06-04 17:00:03 INFO  BUY_FILLED 066570 phase=HOLDING
2026-06-04 17:00:03 INFO  SELL [EOD_FORCE_SELL] 066570 pnl=-0.26% time=15:30
2026-06-04 17:00:03 INFO  SELL_EXECUTED [KRX] 066570 mode=BREAKOUT phase=EXITING exitType=TIMESTOP price=191700.0000 qty=3 reason=EOD_FORCE_SELL pnl=-0.26% peakPnl=0.10% holdMs=3180000 high=192400.0000 avgPrice=192200.0000 weightedPnl=-0.25% (pending fill)
2026-06-04 17:00:03 INFO  SELL_FILLED_PNL 066570 reason=EOD_FORCE_SELL filledQty=3/3 fillRatio=1.00 weightedPnl=-0.25% dailyPnl=-0.25%
2026-06-04 17:00:03 INFO  SELL_FILLED 066570 reason=EOD_FORCE_SELL remainingQty=0 phase=NONE exitType=TIMESTOP
2026-06-04 17:00:04 INFO  BUY [KRX] 066570 mode=BREAKOUT price=241500.0000 qty=2 size=1.0000x score=85[A](CONV) | WHY: strongBreakout volBreakout retestOK multiUp vol(4.76x) | VWAP: 1.12%(ABOVE slope=UP) allowedGap=2.20% | TREND: score=3 vel=0.52%/0.42%/0.42% accel=true | VOL: 22563.0000/4741.5000 TO: 5448964500.0000/1137264775.0000 | HIGH: 241500.0000 fromHigh=0.00% | entryNo=1
2026-06-04 17:00:04 INFO  BUY_FILLED 066570 phase=HOLDING
2026-06-04 17:00:04 INFO  SELL [BREAKEVEN_GUARD] 066570 pnl=-0.41% peakPnl=1.86% holdMs=5460000
2026-06-04 17:00:04 INFO  SELL_EXECUTED [KRX] 066570 mode=BREAKOUT phase=EXITING exitType=TRAIL price=240500.0000 qty=2 reason=BREAKEVEN_GUARD pnl=-0.41% peakPnl=1.86% holdMs=5460000 high=246000.0000 avgPrice=241500.0000 weightedPnl=-0.33% (pending fill)
2026-06-04 17:00:04 INFO  SELL_FILLED_PNL 066570 reason=BREAKEVEN_GUARD filledQty=2/2 fillRatio=1.00 weightedPnl=-0.33% dailyPnl=-0.33%
2026-06-04 17:00:04 INFO  SELL_FILLED 066570 reason=BREAKEVEN_GUARD remainingQty=0 phase=NONE exitType=TRAIL
2026-06-04 17:00:04 INFO  BUY [KRX] 066570 mode=BREAKOUT price=241500.0000 qty=2 size=1.0000x score=85[A](CONV) | WHY: strongBreakout volBreakout retestOK multiUp vol(4.76x) | VWAP: 1.12%(ABOVE slope=UP) allowedGap=2.20% | TREND: score=3 vel=0.52%/0.42%/0.42% accel=true | VOL: 22563.0000/4741.5000 TO: 5448964500.0000/1137264775.0000 | HIGH: 241500.0000 fromHigh=0.00% | entryNo=1
2026-06-04 17:00:04 INFO  BUY_FILLED 066570 phase=HOLDING
2026-06-04 17:00:04 INFO  SELL [BREAKEVEN_GUARD] 066570 pnl=-0.41% peakPnl=1.86% holdMs=5460000
2026-06-04 17:00:04 INFO  SELL_EXECUTED [KRX] 066570 mode=BREAKOUT phase=EXITING exitType=TRAIL price=240500.0000 qty=2 reason=BREAKEVEN_GUARD pnl=-0.41% peakPnl=1.86% holdMs=5460000 high=246000.0000 avgPrice=241500.0000 weightedPnl=-0.33% (pending fill)
2026-06-04 17:00:04 INFO  SELL_FILLED_PNL 066570 reason=BREAKEVEN_GUARD filledQty=2/2 fillRatio=1.00 weightedPnl=-0.33% dailyPnl=-0.33%
2026-06-04 17:00:04 INFO  SELL_FILLED 066570 reason=BREAKEVEN_GUARD remainingQty=0 phase=NONE exitType=TRAIL
2026-06-04 17:00:04 INFO  BUY amount set for 011070: 600000.00
2026-06-04 17:00:04 INFO  BUY [KRX] 011070 mode=VWAP_RECLAIM price=342000.0000 qty=1 size=1.0000x score=77[C] | WHY: dayChg=8.23% vrScore=100 aboveBars=3 hadBelow=true vol/vol5=2.19x | VWAP: 0.86%(ABOVE slope=UP) allowedGap=3.00% | TREND: score=3 vel=0.44%/0.88%/0.59% accel=false | VOL: 2433.0000/700.5000 TO: 832086000.0000/238029475.0000 | HIGH: 342000.0000 fromHigh=0.00% | VR: score=100 aboveBars=3 hadBelow=true vol/vol5=2.19x | entryNo=1
2026-06-04 17:00:04 INFO  BUY_FILLED 011070 phase=HOLDING
2026-06-04 17:00:04 INFO  SELL_EXECUTED [KRX] 011070 mode=VWAP_RECLAIM phase=EXITING exitType=VWAP_BREAK price=341500.0000 qty=1 reason=VWAP_BREAK pnl=-0.15% peakPnl=1.17% holdMs=5340000 high=346000.0000 avgPrice=342000.0000 weightedPnl=-0.08% (pending fill)
2026-06-04 17:00:04 INFO  SELL_FILLED_PNL 011070 reason=VWAP_BREAK filledQty=1/1 fillRatio=1.00 weightedPnl=-0.08% dailyPnl=-0.08%
2026-06-04 17:00:04 INFO  SELL_FILLED 011070 reason=VWAP_BREAK remainingQty=0 phase=NONE exitType=VWAP_BREAK
2026-06-04 17:00:04 INFO  BUY [KRX] 011070 mode=BREAKOUT price=337500.0000 qty=1 size=1.0000x score=85[A](CONV) | WHY: strongBreakout volBreakout retestOK multiUp vol(3.00x) | VWAP: 1.11%(ABOVE slope=UP) allowedGap=2.20% | TREND: score=3 vel=1.20%/0.90%/1.20% accel=true | VOL: 2014.0000/671.3500 TO: 679725000.0000/223612525.0000 | HIGH: 337500.0000 fromHigh=0.00% | entryNo=1
2026-06-04 17:00:04 INFO  BUY_FILLED 011070 phase=HOLDING
2026-06-04 17:00:04 INFO  SELL_EXECUTED [KRX] 011070 mode=BREAKOUT phase=EXITING exitType=VWAP_BREAK price=334000.0000 qty=1 reason=VWAP_BREAK pnl=-1.04% peakPnl=1.04% holdMs=4740000 high=341000.0000 avgPrice=337500.0000 weightedPnl=-0.58% (pending fill)
2026-06-04 17:00:04 INFO  SELL_FILLED_PNL 011070 reason=VWAP_BREAK filledQty=1/1 fillRatio=1.00 weightedPnl=-0.58% dailyPnl=-0.58%
2026-06-04 17:00:04 INFO  SELL_FILLED 011070 reason=VWAP_BREAK remainingQty=0 phase=NONE exitType=VWAP_BREAK
2026-06-04 17:00:04 INFO  BUY [KRX] 011070 mode=BREAKOUT price=359500.0000 qty=1 size=0.8000x score=85[A](CONV) | WHY: strongBreakout volBreakout retestOK multiUp vol(2.03x) | VWAP: 0.74%(ABOVE slope=UP) allowedGap=2.20% | TREND: score=3 vel=0.98%/0.70%/1.41% accel=true | VOL: 7633.0000/3758.7692 TO: 2744063500.0000/1341355884.6154 | HIGH: 360000.0000 fromHigh=-0.14% | entryNo=1
2026-06-04 17:00:04 INFO  BUY_FILLED 011070 phase=HOLDING
2026-06-04 17:00:04 INFO  SELL_EXECUTED [KRX] 011070 mode=BREAKOUT phase=EXITING exitType=VWAP_BREAK price=357500.0000 qty=1 reason=VWAP_BREAK pnl=-0.56% peakPnl=0.97% holdMs=660000 high=363000.0000 avgPrice=359500.0000 weightedPnl=-0.33% (pending fill)
2026-06-04 17:00:04 INFO  SELL_FILLED_PNL 011070 reason=VWAP_BREAK filledQty=1/1 fillRatio=1.00 weightedPnl=-0.33% dailyPnl=-0.33%
2026-06-04 17:00:04 INFO  SELL_FILLED 011070 reason=VWAP_BREAK remainingQty=0 phase=NONE exitType=VWAP_BREAK
2026-06-04 17:00:04 INFO  BUY [KRX] 011070 mode=BREAKOUT price=382500.0000 qty=1 size=1.0000x score=90[S](CONV) | WHY: strongBreakout volBreakout retestOK multiUp vol(4.73x) | VWAP: 0.56%(ABOVE slope=UP) allowedGap=2.20% | TREND: score=3 vel=0.66%/0.53%/0.53% accel=true | VOL: 2400.0000/507.7500 TO: 918000000.0000/193333850.0000 | HIGH: 382500.0000 fromHigh=0.00% | entryNo=1
2026-06-04 17:00:04 INFO  BUY_FILLED 011070 phase=HOLDING
2026-06-04 17:00:04 INFO  SELL [BREAKEVEN_GUARD] 011070 pnl=-0.39% peakPnl=1.57% holdMs=4500000
2026-06-04 17:00:04 INFO  SELL_EXECUTED [KRX] 011070 mode=BREAKOUT phase=EXITING exitType=TRAIL price=381000.0000 qty=1 reason=BREAKEVEN_GUARD pnl=-0.39% peakPnl=1.57% holdMs=4500000 high=388500.0000 avgPrice=382500.0000 weightedPnl=-0.25% (pending fill)
2026-06-04 17:00:04 INFO  SELL_FILLED_PNL 011070 reason=BREAKEVEN_GUARD filledQty=1/1 fillRatio=1.00 weightedPnl=-0.25% dailyPnl=-0.25%
2026-06-04 17:00:04 INFO  SELL_FILLED 011070 reason=BREAKEVEN_GUARD remainingQty=0 phase=NONE exitType=TRAIL
2026-06-04 17:00:04 INFO  BUY [KRX] 011070 mode=BREAKOUT price=406500.0000 qty=1 size=1.0000x score=80[B] | WHY: strongBreakout volBreakout retestOK multiUp vol(3.40x) | VWAP: 1.65%(ABOVE slope=UP) allowedGap=2.20% | TREND: score=3 vel=0.49%/0.37%/0.25% accel=true | VOL: 1642.0000/482.4000 TO: 667473000.0000/194986200.0000 | HIGH: 407000.0000 fromHigh=-0.12% | entryNo=1
2026-06-04 17:00:04 INFO  BUY_FILLED 011070 phase=HOLDING
2026-06-04 17:00:04 INFO  SELL_EXECUTED [KRX] 011070 mode=BREAKOUT phase=EXITING exitType=VWAP_BREAK price=404000.0000 qty=1 reason=VWAP_BREAK pnl=-0.62% peakPnl=1.35% holdMs=5700000 high=412000.0000 avgPrice=406500.0000 weightedPnl=-0.42% (pending fill)
2026-06-04 17:00:04 INFO  SELL_FILLED_PNL 011070 reason=VWAP_BREAK filledQty=1/1 fillRatio=1.00 weightedPnl=-0.42% dailyPnl=-0.42%
2026-06-04 17:00:04 INFO  SELL_FILLED 011070 reason=VWAP_BREAK remainingQty=0 phase=NONE exitType=VWAP_BREAK
2026-06-04 17:00:04 WARN  BUY_SKIP [KRX] 011070 reason=AMOUNT_TOO_SMALL amount=600000.0000 size=0.8000x price=587000.0000
2026-06-04 17:00:04 INFO  BUY [KRX] 011070 mode=BREAKOUT price=588000.0000 qty=1 size=1.0000x score=85[A](CONV) | WHY: strongBreakout volBreakout retestOK multiUp vol(3.46x) | VWAP: 0.96%(ABOVE slope=UP) allowedGap=2.20% | TREND: score=3 vel=0.51%/0.34%/0.51% accel=true | VOL: 1730.0000/499.9500 TO: 1017240000.0000/292415900.0000 | HIGH: 588000.0000 fromHigh=0.00% | entryNo=1
2026-06-04 17:00:04 INFO  BUY_FILLED 011070 phase=HOLDING
2026-06-04 17:00:04 INFO  SELL [EOD_FORCE_SELL] 011070 pnl=0.68% time=15:30
2026-06-04 17:00:04 INFO  SELL_EXECUTED [KRX] 011070 mode=BREAKOUT phase=EXITING exitType=TIMESTOP price=592000.0000 qty=1 reason=EOD_FORCE_SELL pnl=0.68% peakPnl=1.19% holdMs=9960000 high=595000.0000 avgPrice=588000.0000 weightedPnl=0.67% (pending fill)
2026-06-04 17:00:04 INFO  SELL_FILLED_PNL 011070 reason=EOD_FORCE_SELL filledQty=1/1 fillRatio=1.00 weightedPnl=0.67% dailyPnl=0.67%
2026-06-04 17:00:04 INFO  SELL_FILLED 011070 reason=EOD_FORCE_SELL remainingQty=0 phase=NONE exitType=TIMESTOP
2026-06-04 17:00:04 INFO  BUY [KRX] 011070 mode=BREAKOUT price=593000.0000 qty=1 size=1.0000x score=80[B] | WHY: strongBreakout volBreakout retestOK multiUp vol(5.14x) | VWAP: 1.79%(ABOVE slope=UP) allowedGap=2.20% | TREND: score=3 vel=0.51%/0.34%/0.68% accel=true | VOL: 1510.0000/293.8000 TO: 895430000.0000/173482275.0000 | HIGH: 593000.0000 fromHigh=0.00% | entryNo=1
2026-06-04 17:00:04 INFO  BUY_FILLED 011070 phase=HOLDING
2026-06-04 17:00:04 INFO  SELL [BREAKEVEN_GUARD] 011070 pnl=-0.34% peakPnl=1.94% holdMs=13260000
2026-06-04 17:00:04 INFO  SELL_EXECUTED [KRX] 011070 mode=BREAKOUT phase=EXITING exitType=TRAIL price=591000.0000 qty=1 reason=BREAKEVEN_GUARD pnl=-0.34% peakPnl=1.94% holdMs=13260000 high=604500.0000 avgPrice=593000.0000 weightedPnl=-0.33% (pending fill)
2026-06-04 17:00:04 INFO  SELL_FILLED_PNL 011070 reason=BREAKEVEN_GUARD filledQty=1/1 fillRatio=1.00 weightedPnl=-0.33% dailyPnl=-0.33%
2026-06-04 17:00:04 INFO  SELL_FILLED 011070 reason=BREAKEVEN_GUARD remainingQty=0 phase=NONE exitType=TRAIL
2026-06-04 17:00:04 INFO  BUY [KRX] 011070 mode=BREAKOUT price=593000.0000 qty=1 size=1.0000x score=80[B] | WHY: strongBreakout volBreakout retestOK multiUp vol(5.14x) | VWAP: 1.79%(ABOVE slope=UP) allowedGap=2.20% | TREND: score=3 vel=0.51%/0.34%/0.68% accel=true | VOL: 1510.0000/293.8000 TO: 895430000.0000/173482275.0000 | HIGH: 593000.0000 fromHigh=0.00% | entryNo=1
2026-06-04 17:00:04 INFO  BUY_FILLED 011070 phase=HOLDING
2026-06-04 17:00:04 INFO  SELL [BREAKEVEN_GUARD] 011070 pnl=-0.34% peakPnl=1.94% holdMs=13260000
2026-06-04 17:00:04 INFO  SELL_EXECUTED [KRX] 011070 mode=BREAKOUT phase=EXITING exitType=TRAIL price=591000.0000 qty=1 reason=BREAKEVEN_GUARD pnl=-0.34% peakPnl=1.94% holdMs=13260000 high=604500.0000 avgPrice=593000.0000 weightedPnl=-0.33% (pending fill)
2026-06-04 17:00:04 INFO  SELL_FILLED_PNL 011070 reason=BREAKEVEN_GUARD filledQty=1/1 fillRatio=1.00 weightedPnl=-0.33% dailyPnl=-0.33%
2026-06-04 17:00:04 INFO  SELL_FILLED 011070 reason=BREAKEVEN_GUARD remainingQty=0 phase=NONE exitType=TRAIL
2026-06-04 17:00:04 WARN  BUY_SKIP [KRX] 011070 reason=AMOUNT_TOO_SMALL amount=600000.0000 size=1.0000x price=643000.0000
2026-06-04 17:00:04 WARN  BUY_SKIP [KRX] 011070 reason=AMOUNT_TOO_SMALL amount=600000.0000 size=0.8000x price=708000.0000
2026-06-04 17:00:04 WARN  BUY_SKIP [KRX] 011070 reason=AMOUNT_TOO_SMALL amount=600000.0000 size=1.0000x price=845000.0000
2026-06-04 17:00:04 WARN  BUY_SKIP [KRX] 011070 reason=AMOUNT_TOO_SMALL amount=600000.0000 size=1.0000x price=855000.0000
2026-06-04 17:00:04 WARN  BUY_SKIP [KRX] 011070 reason=AMOUNT_TOO_SMALL amount=600000.0000 size=1.0000x price=855000.0000
2026-06-04 17:00:04 WARN  BUY_SKIP [KRX] 011070 reason=AMOUNT_TOO_SMALL amount=600000.0000 size=1.0000x price=1059000.0000
2026-06-04 17:00:05 INFO  BUY amount set for 347850: 600000.00
2026-06-04 17:00:05 INFO  BUY [KRX] 347850 mode=BREAKOUT price=85700.0000 qty=7 size=1.0000x score=90[S](CONV) | WHY: strongBreakout volBreakout retestOK multiUp vol(4.68x) | VWAP: 1.19%(ABOVE slope=UP) allowedGap=2.20% | TREND: score=3 vel=0.82%/0.71%/0.82% accel=true | VOL: 9916.0000/2117.6500 TO: 849801200.0000/180043325.0000 | HIGH: 85700.0000 fromHigh=0.00% | entryNo=1
2026-06-04 17:00:05 INFO  BUY_FILLED 347850 phase=HOLDING
2026-06-04 17:00:05 INFO  SELL_EXECUTED [KRX] 347850 mode=BREAKOUT phase=EXITING exitType=VWAP_BREAK price=85100.0000 qty=7 reason=VWAP_BREAK pnl=-0.70% peakPnl=1.05% holdMs=6420000 high=86600.0000 avgPrice=85700.0000 weightedPnl=-0.70% (pending fill)
2026-06-04 17:00:05 INFO  SELL_FILLED_PNL 347850 reason=VWAP_BREAK filledQty=7/7 fillRatio=1.00 weightedPnl=-0.70% dailyPnl=-0.70%
2026-06-04 17:00:05 INFO  SELL_FILLED 347850 reason=VWAP_BREAK remainingQty=0 phase=NONE exitType=VWAP_BREAK
2026-06-04 17:00:05 INFO  BUY [KRX] 347850 mode=BREAKOUT price=70500.0000 qty=8 size=1.0000x score=80[B] | WHY: strongBreakout volBreakout retestOK multiUp vol(9.70x) | VWAP: 1.31%(ABOVE slope=UP) allowedGap=2.20% | TREND: score=3 vel=0.93%/0.86%/1.29% accel=true | VOL: 9674.0000/997.5500 TO: 682017000.0000/69843645.0000 | HIGH: 70600.0000 fromHigh=-0.14% | entryNo=1
2026-06-04 17:00:05 INFO  BUY_FILLED 347850 phase=HOLDING
2026-06-04 17:00:05 INFO  SELL_EXECUTED [KRX] 347850 mode=BREAKOUT phase=EXITING exitType=PROFIT price=73100.0000 qty=8 reason=TAKE_PROFIT_BREAKOUT pnl=3.69% peakPnl=3.69% holdMs=660000 high=73100.0000 avgPrice=70500.0000 weightedPnl=3.47% (pending fill)
2026-06-04 17:00:05 INFO  SELL_FILLED_PNL 347850 reason=TAKE_PROFIT_BREAKOUT filledQty=8/8 fillRatio=1.00 weightedPnl=3.47% dailyPnl=3.47%
2026-06-04 17:00:05 INFO  SELL_FILLED 347850 reason=TAKE_PROFIT_BREAKOUT remainingQty=0 phase=NONE exitType=PROFIT
2026-06-04 17:00:05 INFO  BUY [KRX] 347850 mode=BREAKOUT price=76600.0000 qty=7 size=1.0000x score=90[S](CONV) | WHY: strongBreakout volBreakout retestOK multiUp vol(4.24x) | VWAP: 0.80%(ABOVE slope=UP) allowedGap=2.20% | TREND: score=3 vel=0.52%/0.39%/0.39% accel=true | VOL: 2040.0000/481.1500 TO: 156264000.0000/36705065.0000 | HIGH: 76600.0000 fromHigh=0.00% | entryNo=1
2026-06-04 17:00:05 INFO  BUY_FILLED 347850 phase=HOLDING
2026-06-04 17:00:05 INFO  SELL [EOD_FORCE_SELL] 347850 pnl=-0.26% time=15:30
2026-06-04 17:00:05 INFO  SELL_EXECUTED [KRX] 347850 mode=BREAKOUT phase=EXITING exitType=TIMESTOP price=76400.0000 qty=7 reason=EOD_FORCE_SELL pnl=-0.26% peakPnl=0.26% holdMs=1800000 high=76800.0000 avgPrice=76600.0000 weightedPnl=-0.23% (pending fill)
2026-06-04 17:00:05 INFO  SELL_FILLED_PNL 347850 reason=EOD_FORCE_SELL filledQty=7/7 fillRatio=1.00 weightedPnl=-0.23% dailyPnl=-0.23%
2026-06-04 17:00:05 INFO  SELL_FILLED 347850 reason=EOD_FORCE_SELL remainingQty=0 phase=NONE exitType=TIMESTOP
2026-06-04 17:00:05 INFO  BUY [KRX] 347850 mode=BREAKOUT price=78900.0000 qty=7 size=1.0000x score=100[SS](CONV) | WHY: strongBreakout volBreakout retestOK multiUp vol(3.89x) | VWAP: 0.91%(ABOVE slope=UP) allowedGap=2.20% | TREND: score=3 vel=1.54%/1.28%/0.77% accel=true | VOL: 11106.0000/2853.3529 TO: 876263400.0000/223106223.5294 | HIGH: 79100.0000 fromHigh=-0.25% | entryNo=1
2026-06-04 17:00:05 INFO  BUY_FILLED 347850 phase=HOLDING
2026-06-04 17:00:05 INFO  SELL_EXECUTED [KRX] 347850 mode=BREAKOUT phase=EXITING exitType=VWAP_BREAK price=78100.0000 qty=7 reason=VWAP_BREAK pnl=-1.01% peakPnl=0.51% holdMs=1740000 high=79300.0000 avgPrice=78900.0000 weightedPnl=-0.93% (pending fill)
2026-06-04 17:00:05 INFO  SELL_FILLED_PNL 347850 reason=VWAP_BREAK filledQty=7/7 fillRatio=1.00 weightedPnl=-0.93% dailyPnl=-0.93%
2026-06-04 17:00:05 INFO  SELL_FILLED 347850 reason=VWAP_BREAK remainingQty=0 phase=NONE exitType=VWAP_BREAK
2026-06-04 17:00:05 INFO  BUY [KRX] 347850 mode=BREAKOUT price=85000.0000 qty=7 size=1.0000x score=80[B] | WHY: strongBreakout volBreakout retestOK multiUp vol(4.40x) | VWAP: 1.86%(ABOVE slope=UP) allowedGap=2.20% | TREND: score=3 vel=0.47%/0.35%/0.59% accel=true | VOL: 5997.0000/1362.3500 TO: 509745000.0000/115304125.0000 | HIGH: 85200.0000 fromHigh=-0.23% | entryNo=1
2026-06-04 17:00:05 INFO  BUY_FILLED 347850 phase=HOLDING
2026-06-04 17:00:05 INFO  SELL_EXECUTED [KRX] 347850 mode=BREAKOUT phase=EXITING exitType=VWAP_BREAK price=83700.0000 qty=7 reason=VWAP_BREAK pnl=-1.53% peakPnl=-0.12% holdMs=2640000 high=84900.0000 avgPrice=85000.0000 weightedPnl=-1.52% (pending fill)
2026-06-04 17:00:05 INFO  SELL_FILLED_PNL 347850 reason=VWAP_BREAK filledQty=7/7 fillRatio=1.00 weightedPnl=-1.52% dailyPnl=-1.52%
2026-06-04 17:00:05 INFO  SELL_FILLED 347850 reason=VWAP_BREAK remainingQty=0 phase=NONE exitType=VWAP_BREAK
2026-06-04 17:00:05 INFO  BUY [KRX] 347850 mode=BREAKOUT price=79600.0000 qty=7 size=1.0000x score=85[A](CONV) | WHY: strongBreakout volBreakout retestOK multiUp vol(3.80x) | VWAP: 0.78%(ABOVE slope=UP) allowedGap=2.20% | TREND: score=3 vel=0.38%/0.25%/0.51% accel=true | VOL: 3557.0000/935.9500 TO: 283137200.0000/74232010.0000 | HIGH: 79600.0000 fromHigh=0.00% | entryNo=1
2026-06-04 17:00:05 INFO  BUY_FILLED 347850 phase=HOLDING
2026-06-04 17:00:05 INFO  SELL [EOD_FORCE_SELL] 347850 pnl=0.25% time=15:30
2026-06-04 17:00:05 INFO  SELL_EXECUTED [KRX] 347850 mode=BREAKOUT phase=EXITING exitType=TIMESTOP price=79800.0000 qty=7 reason=EOD_FORCE_SELL pnl=0.25% peakPnl=0.88% holdMs=1860000 high=80300.0000 avgPrice=79600.0000 weightedPnl=0.23% (pending fill)
2026-06-04 17:00:05 INFO  SELL_FILLED_PNL 347850 reason=EOD_FORCE_SELL filledQty=7/7 fillRatio=1.00 weightedPnl=0.23% dailyPnl=0.23%
2026-06-04 17:00:05 INFO  SELL_FILLED 347850 reason=EOD_FORCE_SELL remainingQty=0 phase=NONE exitType=TIMESTOP
2026-06-04 17:00:05 INFO  BUY [KRX] 347850 mode=BREAKOUT price=80500.0000 qty=7 size=1.0000x score=100[SS](CONV) | WHY: strongBreakout volBreakout retestOK multiUp vol(8.92x) | VWAP: 1.12%(ABOVE slope=UP) allowedGap=2.20% | TREND: score=3 vel=2.03%/1.77%/1.96% accel=true | VOL: 15239.0000/1707.6000 TO: 1226739500.0000/135922027.5000 | HIGH: 80700.0000 fromHigh=-0.25% | entryNo=1
2026-06-04 17:00:05 INFO  BUY_FILLED 347850 phase=HOLDING
2026-06-04 17:00:05 INFO  SELL [BREAKEVEN_GUARD] 347850 pnl=-0.37% peakPnl=1.61% holdMs=780000
2026-06-04 17:00:05 INFO  SELL_EXECUTED [KRX] 347850 mode=BREAKOUT phase=EXITING exitType=TRAIL price=80200.0000 qty=7 reason=BREAKEVEN_GUARD pnl=-0.37% peakPnl=1.61% holdMs=780000 high=81800.0000 avgPrice=80500.0000 weightedPnl=-0.35% (pending fill)
2026-06-04 17:00:05 INFO  SELL_FILLED_PNL 347850 reason=BREAKEVEN_GUARD filledQty=7/7 fillRatio=1.00 weightedPnl=-0.35% dailyPnl=-0.35%
2026-06-04 17:00:05 INFO  SELL_FILLED 347850 reason=BREAKEVEN_GUARD remainingQty=0 phase=NONE exitType=TRAIL
2026-06-04 17:00:05 INFO  BUY [KRX] 347850 mode=PULLBACK price=78900.0000 qty=11 size=1.5000x score=80[B] | WHY: zone(-1.13%fromHigh) vel+ avgCross priceAboveAvg vol(4.10x) | VWAP: 0.77%(ABOVE slope=UP) allowedGap=1.00% | TREND: score=3 vel=0.77%/1.15%/1.15% accel=false | VOL: 4603.0000/1122.9000 TO: 363176700.0000/87745510.0000 | HIGH: 79800.0000 fromHigh=-1.13% | entryNo=1
2026-06-04 17:00:05 INFO  BUY_FILLED 347850 phase=HOLDING
2026-06-04 17:00:05 INFO  SELL [TRAIL_PULLBACK] 347850 pnl=1.39% peakPnl=3.17% high=81400.0000 current=80000.0000
2026-06-04 17:00:05 INFO  SELL_EXECUTED [KRX] 347850 mode=PULLBACK phase=EXITING exitType=TRAIL price=80000.0000 qty=11 reason=TRAIL_PULLBACK pnl=1.39% peakPnl=3.17% holdMs=1200000 high=81400.0000 avgPrice=78900.0000 weightedPnl=2.02% (pending fill)
2026-06-04 17:00:05 INFO  SELL_FILLED_PNL 347850 reason=TRAIL_PULLBACK filledQty=11/11 fillRatio=1.00 weightedPnl=2.02% dailyPnl=2.02%
2026-06-04 17:00:05 INFO  SELL_FILLED 347850 reason=TRAIL_PULLBACK remainingQty=0 phase=NONE exitType=TRAIL
2026-06-04 17:00:05 INFO  BUY [KRX] 347850 mode=BREAKOUT price=80800.0000 qty=5 size=0.8000x score=85[A](CONV) | WHY: strongBreakout volBreakout retestOK multiUp vol(2.15x) | VWAP: 1.11%(ABOVE slope=UP) allowedGap=2.20% | TREND: score=3 vel=0.75%/0.62%/0.62% accel=true | VOL: 3017.0000/1404.8000 TO: 243773600.0000/112735735.0000 | HIGH: 80900.0000 fromHigh=-0.12% | entryNo=1
2026-06-04 17:00:05 INFO  BUY_FILLED 347850 phase=HOLDING
2026-06-04 17:00:05 INFO  SELL_EXECUTED [KRX] 347850 mode=BREAKOUT phase=EXITING exitType=PROFIT price=83100.0000 qty=5 reason=TAKE_PROFIT_BREAKOUT pnl=2.85% peakPnl=2.85% holdMs=1380000 high=83100.0000 avgPrice=80800.0000 weightedPnl=1.92% (pending fill)
2026-06-04 17:00:05 INFO  SELL_FILLED_PNL 347850 reason=TAKE_PROFIT_BREAKOUT filledQty=5/5 fillRatio=1.00 weightedPnl=1.92% dailyPnl=1.92%
2026-06-04 17:00:05 INFO  SELL_FILLED 347850 reason=TAKE_PROFIT_BREAKOUT remainingQty=0 phase=NONE exitType=PROFIT
2026-06-04 17:00:05 INFO  BUY [KRX] 347850 mode=VWAP_RECLAIM price=83900.0000 qty=7 size=1.0000x score=80[B] | WHY: dayChg=6.07% vrScore=100 aboveBars=5 hadBelow=true vol/vol5=2.93x | VWAP: 0.69%(ABOVE slope=UP) allowedGap=3.00% | TREND: score=3 vel=0.36%/0.36%/0.60% accel=false | VOL: 4830.0000/1125.9000 TO: 405237000.0000/94191425.0000 | HIGH: 84000.0000 fromHigh=-0.12% | VR: score=100 aboveBars=5 hadBelow=true vol/vol5=2.93x | entryNo=2
2026-06-04 17:00:05 INFO  BUY_FILLED 347850 phase=HOLDING
2026-06-04 17:00:05 INFO  SELL_EXECUTED [KRX] 347850 mode=VWAP_RECLAIM phase=EXITING exitType=VWAP_BREAK price=83300.0000 qty=7 reason=VWAP_BREAK pnl=-0.72% peakPnl=0.12% holdMs=780000 high=84000.0000 avgPrice=83900.0000 weightedPnl=-0.70% (pending fill)
2026-06-04 17:00:05 INFO  SELL_FILLED_PNL 347850 reason=VWAP_BREAK filledQty=7/7 fillRatio=1.00 weightedPnl=-0.70% dailyPnl=1.22%
2026-06-04 17:00:05 INFO  SELL_FILLED 347850 reason=VWAP_BREAK remainingQty=0 phase=NONE exitType=VWAP_BREAK
2026-06-04 17:00:05 INFO  BUY [KRX] 347850 mode=BREAKOUT price=78300.0000 qty=7 size=1.0000x score=85[A](CONV) | WHY: strongBreakout volBreakout retestOK multiUp vol(3.02x) | VWAP: 1.19%(ABOVE slope=UP) allowedGap=2.20% | TREND: score=3 vel=0.38%/0.13%/1.29% accel=true | VOL: 2132.0000/705.0500 TO: 166935600.0000/54848105.0000 | HIGH: 78400.0000 fromHigh=-0.13% | entryNo=1
2026-06-04 17:00:05 INFO  BUY_FILLED 347850 phase=HOLDING
2026-06-04 17:00:05 INFO  SELL_EXECUTED [KRX] 347850 mode=BREAKOUT phase=EXITING exitType=VWAP_BREAK price=77500.0000 qty=7 reason=VWAP_BREAK pnl=-1.02% peakPnl=0.51% holdMs=4140000 high=78700.0000 avgPrice=78300.0000 weightedPnl=-0.93% (pending fill)
2026-06-04 17:00:05 INFO  SELL_FILLED_PNL 347850 reason=VWAP_BREAK filledQty=7/7 fillRatio=1.00 weightedPnl=-0.93% dailyPnl=-0.93%
2026-06-04 17:00:05 INFO  SELL_FILLED 347850 reason=VWAP_BREAK remainingQty=0 phase=NONE exitType=VWAP_BREAK
2026-06-04 17:00:05 INFO  BUY [KRX] 347850 mode=BREAKOUT price=73900.0000 qty=8 size=1.0000x score=85[A](CONV) | WHY: strongBreakout volBreakout retestOK multiUp vol(2.53x) | VWAP: 1.29%(ABOVE slope=UP) allowedGap=2.20% | TREND: score=3 vel=0.96%/0.68%/1.37% accel=true | VOL: 13112.0000/5185.6429 TO: 968976800.0000/378329285.7143 | HIGH: 74100.0000 fromHigh=-0.27% | entryNo=1
2026-06-04 17:00:05 INFO  BUY_FILLED 347850 phase=HOLDING
2026-06-04 17:00:05 INFO  SELL_EXECUTED [KRX] 347850 mode=BREAKOUT phase=EXITING exitType=VWAP_BREAK price=73300.0000 qty=8 reason=VWAP_BREAK pnl=-0.81% peakPnl=0.54% holdMs=2760000 high=74300.0000 avgPrice=73900.0000 weightedPnl=-0.80% (pending fill)
2026-06-04 17:00:05 INFO  SELL_FILLED_PNL 347850 reason=VWAP_BREAK filledQty=8/8 fillRatio=1.00 weightedPnl=-0.80% dailyPnl=-0.80%
2026-06-04 17:00:05 INFO  SELL_FILLED 347850 reason=VWAP_BREAK remainingQty=0 phase=NONE exitType=VWAP_BREAK
2026-06-04 17:00:05 INFO  BUY [KRX] 347850 mode=BREAKOUT price=60300.0000 qty=9 size=1.0000x score=90[S](CONV) | WHY: strongBreakout volBreakout retestOK multiUp vol(3.39x) | VWAP: 1.12%(ABOVE slope=UP) allowedGap=2.20% | TREND: score=3 vel=1.01%/0.84%/1.17% accel=true | VOL: 2708.0000/798.6000 TO: 163292400.0000/47722455.0000 | HIGH: 60300.0000 fromHigh=0.00% | entryNo=1
2026-06-04 17:00:05 INFO  BUY_FILLED 347850 phase=HOLDING
2026-06-04 17:00:05 INFO  SELL [TRAIL_BREAKOUT] 347850 pnl=0.83% peakPnl=2.49% high=61800.0000 current=60800.0000
2026-06-04 17:00:05 INFO  SELL_EXECUTED [KRX] 347850 mode=BREAKOUT phase=EXITING exitType=TRAIL price=60800.0000 qty=9 reason=TRAIL_BREAKOUT pnl=0.83% peakPnl=2.49% holdMs=3540000 high=61800.0000 avgPrice=60300.0000 weightedPnl=0.75% (pending fill)
2026-06-04 17:00:05 INFO  SELL_FILLED_PNL 347850 reason=TRAIL_BREAKOUT filledQty=9/9 fillRatio=1.00 weightedPnl=0.75% dailyPnl=0.75%
2026-06-04 17:00:05 INFO  SELL_FILLED 347850 reason=TRAIL_BREAKOUT remainingQty=0 phase=NONE exitType=TRAIL
2026-06-04 17:00:05 INFO  BUY [KRX] 347850 mode=BREAKOUT price=61800.0000 qty=7 size=0.8000x score=85[A](CONV) | WHY: strongBreakout volBreakout retestOK multiUp vol(2.01x) | VWAP: 0.94%(ABOVE slope=UP) allowedGap=2.20% | TREND: score=3 vel=1.15%/0.98%/0.32% accel=true | VOL: 2483.0000/1232.5000 TO: 153449400.0000/75507875.0000 | HIGH: 61800.0000 fromHigh=0.00% | entryNo=1
2026-06-04 17:00:05 INFO  BUY_FILLED 347850 phase=HOLDING
2026-06-04 17:00:05 INFO  SELL_EXECUTED [KRX] 347850 mode=BREAKOUT phase=EXITING exitType=VWAP_BREAK price=61100.0000 qty=7 reason=VWAP_BREAK pnl=-1.13% peakPnl=-0.16% holdMs=420000 high=61700.0000 avgPrice=61800.0000 weightedPnl=-0.82% (pending fill)
2026-06-04 17:00:05 INFO  SELL_FILLED_PNL 347850 reason=VWAP_BREAK filledQty=7/7 fillRatio=1.00 weightedPnl=-0.82% dailyPnl=-0.82%
2026-06-04 17:00:05 INFO  SELL_FILLED 347850 reason=VWAP_BREAK remainingQty=0 phase=NONE exitType=VWAP_BREAK
2026-06-04 17:00:05 INFO  BUY [KRX] 347850 mode=VWAP_RECLAIM price=94300.0000 qty=6 size=1.0000x score=65[D] | WHY: dayChg=8.27% vrScore=100 aboveBars=4 hadBelow=true vol/vol5=2.05x | VWAP: 1.83%(ABOVE slope=UP) allowedGap=3.00% | TREND: score=3 vel=1.29%/1.62%/2.06% accel=false | VOL: 15509.0000/4656.6500 TO: 1462498700.0000/433138835.0000 | HIGH: 94400.0000 fromHigh=-0.11% | VR: score=100 aboveBars=4 hadBelow=true vol/vol5=2.05x | entryNo=1
2026-06-04 17:00:05 INFO  BUY_FILLED 347850 phase=HOLDING
2026-06-04 17:00:05 INFO  SELL [EOD_FORCE_SELL] 347850 pnl=-0.32% time=15:30
2026-06-04 17:00:05 INFO  SELL_EXECUTED [KRX] 347850 mode=VWAP_RECLAIM phase=EXITING exitType=TIMESTOP price=94000.0000 qty=6 reason=EOD_FORCE_SELL pnl=-0.32% peakPnl=1.27% holdMs=1440000 high=95500.0000 avgPrice=94300.0000 weightedPnl=-0.30% (pending fill)
2026-06-04 17:00:05 INFO  SELL_FILLED_PNL 347850 reason=EOD_FORCE_SELL filledQty=6/6 fillRatio=1.00 weightedPnl=-0.30% dailyPnl=-0.30%
2026-06-04 17:00:05 INFO  SELL_FILLED 347850 reason=EOD_FORCE_SELL remainingQty=0 phase=NONE exitType=TIMESTOP
2026-06-04 17:00:05 INFO  BUY amount set for 277810: 600000.00
2026-06-04 17:00:06 WARN  BUY_SKIP [KRX] 277810 reason=AMOUNT_TOO_SMALL amount=600000.0000 size=1.0000x price=752000.0000
2026-06-04 17:00:06 WARN  BUY_SKIP [KRX] 277810 reason=AMOUNT_TOO_SMALL amount=600000.0000 size=1.0000x price=766000.0000
2026-06-04 17:00:06 WARN  BUY_SKIP [KRX] 277810 reason=AMOUNT_TOO_SMALL amount=600000.0000 size=0.8000x price=728000.0000
2026-06-04 17:00:06 WARN  BUY_SKIP [KRX] 277810 reason=AMOUNT_TOO_SMALL amount=600000.0000 size=1.0000x price=786000.0000
2026-06-04 17:00:06 WARN  BUY_SKIP [KRX] 277810 reason=AMOUNT_TOO_SMALL amount=600000.0000 size=1.0000x price=791000.0000
2026-06-04 17:00:06 WARN  BUY_SKIP [KRX] 277810 reason=AMOUNT_TOO_SMALL amount=600000.0000 size=1.0000x price=879000.0000
2026-06-04 17:00:06 WARN  BUY_SKIP [KRX] 277810 reason=AMOUNT_TOO_SMALL amount=600000.0000 size=1.0000x price=801000.0000
2026-06-04 17:04:27 INFO  BUY amount set for 007660: 10000000.00
2026-06-04 17:04:27 INFO  BUY [KRX] 007660 mode=BREAKOUT price=152000.0000 qty=65 size=1.0000x score=90[S](CONV) | WHY: strongBreakout volBreakout retestOK multiUp vol(4.79x) | VWAP: 1.18%(ABOVE slope=UP) allowedGap=2.20% | TREND: score=3 vel=0.46%/0.40%/0.66% accel=true | VOL: 19146.0000/3998.9500 TO: 2906362800.0000/602961490.0000 | HIGH: 151900.0000 fromHigh=-0.07% | entryNo=1
2026-06-04 17:04:27 INFO  BUY_FILLED 007660 phase=HOLDING
2026-06-04 17:04:27 INFO  SELL [EOD_FORCE_SELL] 007660 pnl=-0.13% time=15:30
2026-06-04 17:04:27 INFO  SELL_EXECUTED [KRX] 007660 mode=BREAKOUT phase=EXITING exitType=TIMESTOP price=151600.0000 qty=65 reason=EOD_FORCE_SELL pnl=-0.13% peakPnl=0.33% holdMs=7020000 high=152300.0000 avgPrice=151800.0000 weightedPnl=-0.13% (pending fill)
2026-06-04 17:04:27 INFO  SELL_FILLED_PNL 007660 reason=EOD_FORCE_SELL filledQty=65/65 fillRatio=1.00 weightedPnl=-0.13% dailyPnl=-0.13%
2026-06-04 17:04:27 INFO  SELL_FILLED 007660 reason=EOD_FORCE_SELL remainingQty=0 phase=NONE exitType=TIMESTOP
2026-06-04 17:04:27 INFO  BUY [KRX] 007660 mode=BREAKOUT price=131500.0000 qty=60 size=0.8000x score=85[A](CONV) | WHY: strongBreakout volBreakout retestOK multiUp vol(2.05x) | VWAP: 1.02%(ABOVE slope=UP) allowedGap=2.20% | TREND: score=3 vel=0.46%/0.38%/0.38% accel=true | VOL: 3639.0000/1774.7000 TO: 479256300.0000/232296990.0000 | HIGH: 131800.0000 fromHigh=-0.08% | entryNo=1
2026-06-04 17:04:27 INFO  BUY_FILLED 007660 phase=HOLDING
2026-06-04 17:04:27 INFO  SELL [EOD_FORCE_SELL] 007660 pnl=0.61% time=15:30
2026-06-04 17:04:27 INFO  SELL_EXECUTED [KRX] 007660 mode=BREAKOUT phase=EXITING exitType=TIMESTOP price=132500.0000 qty=60 reason=EOD_FORCE_SELL pnl=0.61% peakPnl=0.91% holdMs=1980000 high=132900.0000 avgPrice=131700.0000 weightedPnl=0.48% (pending fill)
2026-06-04 17:04:27 INFO  SELL_FILLED_PNL 007660 reason=EOD_FORCE_SELL filledQty=60/60 fillRatio=1.00 weightedPnl=0.48% dailyPnl=0.48%
2026-06-04 17:04:27 INFO  SELL_FILLED 007660 reason=EOD_FORCE_SELL remainingQty=0 phase=NONE exitType=TIMESTOP
2026-06-04 17:04:27 INFO  BUY [KRX] 007660 mode=VWAP_RECLAIM price=141500.0000 qty=70 size=1.0000x score=28[D] | WHY: dayChg=6.87% vrScore=100 aboveBars=5 hadBelow=true vol/vol5=1.93x | VWAP: 1.04%(ABOVE slope=DN) allowedGap=3.00% | TREND: score=3 vel=0.50%/0.86%/1.58% accel=false | VOL: 18897.0000/18370.6000 TO: 2673925500.0000/2612983430.0000 | HIGH: 143500.0000 fromHigh=-1.39% | VR: score=100 aboveBars=5 hadBelow=true vol/vol5=1.93x | entryNo=1
2026-06-04 17:04:27 INFO  BUY_FILLED 007660 phase=HOLDING
2026-06-04 17:04:27 INFO  SELL_EXECUTED [KRX] 007660 mode=VWAP_RECLAIM phase=EXITING exitType=PROFIT price=144500.0000 qty=70 reason=TAKE_PROFIT_VWAP_RECLAIM pnl=2.12% peakPnl=2.12% holdMs=1380000 high=144500.0000 avgPrice=141500.0000 weightedPnl=2.10% (pending fill)
2026-06-04 17:04:27 INFO  SELL_FILLED_PNL 007660 reason=TAKE_PROFIT_VWAP_RECLAIM filledQty=70/70 fillRatio=1.00 weightedPnl=2.10% dailyPnl=2.10%
2026-06-04 17:04:27 INFO  SELL_FILLED 007660 reason=TAKE_PROFIT_VWAP_RECLAIM remainingQty=0 phase=NONE exitType=PROFIT
2026-06-04 17:04:27 INFO  BUY [KRX] 007660 mode=VWAP_RECLAIM price=139000.0000 qty=71 size=1.0000x score=62[D] | WHY: dayChg=6.92% vrScore=100 aboveBars=5 hadBelow=true vol/vol5=2.12x | VWAP: 0.78%(ABOVE slope=DN) allowedGap=3.00% | TREND: score=3 vel=0.65%/0.36%/0.65% accel=true | VOL: 5563.0000/3449.2000 TO: 773813300.0000/477951735.0000 | HIGH: 139200.0000 fromHigh=-0.07% | VR: score=100 aboveBars=5 hadBelow=true vol/vol5=2.12x | entryNo=1
2026-06-04 17:04:27 INFO  BUY_FILLED 007660 phase=HOLDING
2026-06-04 17:04:27 INFO  SELL_EXECUTED [KRX] 007660 mode=VWAP_RECLAIM phase=EXITING exitType=VWAP_BREAK price=138100.0000 qty=71 reason=VWAP_BREAK pnl=-0.72% peakPnl=0.50% holdMs=5820000 high=139800.0000 avgPrice=139100.0000 weightedPnl=-0.71% (pending fill)
2026-06-04 17:04:27 INFO  SELL_FILLED_PNL 007660 reason=VWAP_BREAK filledQty=71/71 fillRatio=1.00 weightedPnl=-0.71% dailyPnl=-0.71%
2026-06-04 17:04:27 INFO  SELL_FILLED 007660 reason=VWAP_BREAK remainingQty=0 phase=NONE exitType=VWAP_BREAK
2026-06-04 17:04:27 INFO  BUY [KRX] 007660 mode=BREAKOUT price=133000.0000 qty=75 size=1.0000x score=85[A](CONV) | WHY: strongBreakout volBreakout retestOK multiUp vol(3.12x) | VWAP: 0.48%(ABOVE slope=UP) allowedGap=2.20% | TREND: score=3 vel=0.83%/0.76%/0.53% accel=true | VOL: 13912.0000/4465.6500 TO: 1851687200.0000/590511485.0000 | HIGH: 133200.0000 fromHigh=-0.08% | entryNo=1
2026-06-04 17:04:27 INFO  BUY_FILLED 007660 phase=HOLDING
2026-06-04 17:04:27 INFO  SELL [EOD_FORCE_SELL] 007660 pnl=0.45% time=15:30
2026-06-04 17:04:27 INFO  SELL_EXECUTED [KRX] 007660 mode=BREAKOUT phase=EXITING exitType=TIMESTOP price=133700.0000 qty=75 reason=EOD_FORCE_SELL pnl=0.45% peakPnl=0.68% holdMs=1920000 high=134000.0000 avgPrice=133100.0000 weightedPnl=0.45% (pending fill)
2026-06-04 17:04:27 INFO  SELL_FILLED_PNL 007660 reason=EOD_FORCE_SELL filledQty=75/75 fillRatio=1.00 weightedPnl=0.45% dailyPnl=0.45%
2026-06-04 17:04:27 INFO  SELL_FILLED 007660 reason=EOD_FORCE_SELL remainingQty=0 phase=NONE exitType=TIMESTOP
2026-06-04 17:04:27 INFO  BUY amount set for 036930: 10000000.00
2026-06-04 17:04:27 INFO  BUY [KRX] 036930 mode=BREAKOUT price=126500.0000 qty=79 size=1.0000x score=85[A](CONV) | WHY: strongBreakout volBreakout retestOK multiUp vol(3.40x) | VWAP: 0.77%(ABOVE slope=UP) allowedGap=2.20% | TREND: score=3 vel=0.24%/0.16%/0.24% accel=true | VOL: 5553.0000/1632.1500 TO: 703565100.0000/206007805.0000 | HIGH: 126800.0000 fromHigh=-0.08% | entryNo=1
2026-06-04 17:04:27 INFO  BUY_FILLED 036930 phase=HOLDING
2026-06-04 17:04:27 INFO  SELL_EXECUTED [KRX] 036930 mode=BREAKOUT phase=EXITING exitType=VWAP_BREAK price=125800.0000 qty=79 reason=VWAP_BREAK pnl=-0.71% peakPnl=0.16% holdMs=5100000 high=126900.0000 avgPrice=126700.0000 weightedPnl=-0.71% (pending fill)
2026-06-04 17:04:27 INFO  SELL_FILLED_PNL 036930 reason=VWAP_BREAK filledQty=79/79 fillRatio=1.00 weightedPnl=-0.71% dailyPnl=-0.71%
2026-06-04 17:04:27 INFO  SELL_FILLED 036930 reason=VWAP_BREAK remainingQty=0 phase=NONE exitType=VWAP_BREAK
2026-06-04 17:04:27 INFO  BUY [KRX] 036930 mode=BREAKOUT price=126500.0000 qty=79 size=1.0000x score=85[A](CONV) | WHY: strongBreakout volBreakout retestOK multiUp vol(3.40x) | VWAP: 0.77%(ABOVE slope=UP) allowedGap=2.20% | TREND: score=3 vel=0.24%/0.16%/0.24% accel=true | VOL: 5553.0000/1632.1500 TO: 703565100.0000/206007805.0000 | HIGH: 126800.0000 fromHigh=-0.08% | entryNo=1
2026-06-04 17:04:27 INFO  BUY_FILLED 036930 phase=HOLDING
2026-06-04 17:04:27 INFO  SELL_EXECUTED [KRX] 036930 mode=BREAKOUT phase=EXITING exitType=VWAP_BREAK price=125800.0000 qty=79 reason=VWAP_BREAK pnl=-0.71% peakPnl=0.16% holdMs=5100000 high=126900.0000 avgPrice=126700.0000 weightedPnl=-0.71% (pending fill)
2026-06-04 17:04:27 INFO  SELL_FILLED_PNL 036930 reason=VWAP_BREAK filledQty=79/79 fillRatio=1.00 weightedPnl=-0.71% dailyPnl=-0.71%
2026-06-04 17:04:27 INFO  SELL_FILLED 036930 reason=VWAP_BREAK remainingQty=0 phase=NONE exitType=VWAP_BREAK
2026-06-04 17:04:28 INFO  BUY [KRX] 036930 mode=STRONG_PULLBACK price=177000.0000 qty=56 size=1.0000x score=0[D] | WHY: dayChg=15.63% fromHigh=-1.72% spScore=100 vol3/vol10=0.59x body=0.77 | VWAP: 5.41%(ABOVE slope=DN) allowedGap=5.00% | TREND: score=3 vel=0.63%/0.28%/1.73% accel=true | VOL: 9404.0000/30079.7500 TO: 1662627200.0000/5324974230.0000 | HIGH: 179900.0000 fromHigh=-1.72% | SP: score=100 dayChg=15.63% fromHigh=-1.72% vol3/vol10=0.59x body=0.77 | entryNo=1
2026-06-04 17:04:28 INFO  BUY_FILLED 036930 phase=HOLDING
2026-06-04 17:04:28 INFO  SELL [TRAIL_STRONG_PULLBACK] 036930 pnl=1.53% peakPnl=2.43% high=181100.0000 current=179500.0000
2026-06-04 17:04:28 INFO  SELL_EXECUTED [KRX] 036930 mode=STRONG_PULLBACK phase=EXITING exitType=TRAIL price=179500.0000 qty=56 reason=TRAIL_STRONG_PULLBACK pnl=1.53% peakPnl=2.43% holdMs=540000 high=181100.0000 avgPrice=176800.0000 weightedPnl=1.51% (pending fill)
2026-06-04 17:04:28 INFO  SELL_FILLED_PNL 036930 reason=TRAIL_STRONG_PULLBACK filledQty=56/56 fillRatio=1.00 weightedPnl=1.51% dailyPnl=1.51%
2026-06-04 17:04:28 INFO  SELL_FILLED 036930 reason=TRAIL_STRONG_PULLBACK remainingQty=0 phase=NONE exitType=TRAIL
2026-06-04 17:04:28 INFO  BUY [KRX] 036930 mode=VWAP_RECLAIM price=192000.0000 qty=52 size=1.0000x score=23[D] | WHY: dayChg=8.54% vrScore=100 aboveBars=3 hadBelow=true vol/vol5=1.84x | VWAP: 2.44%(ABOVE slope=UP) allowedGap=3.00% | TREND: score=3 vel=2.62%/3.45%/4.12% accel=false | VOL: 105488.0000/39340.6500 TO: 20253696000.0000/7391442105.0000 | HIGH: 193500.0000 fromHigh=-0.78% | VR: score=100 aboveBars=3 hadBelow=true vol/vol5=1.84x | entryNo=1
2026-06-04 17:04:28 INFO  BUY_FILLED 036930 phase=HOLDING
2026-06-04 17:04:28 INFO  SELL_EXECUTED [KRX] 036930 mode=VWAP_RECLAIM phase=EXITING exitType=PROFIT price=199000.0000 qty=52 reason=TAKE_PROFIT_VWAP_RECLAIM pnl=3.65% peakPnl=3.65% holdMs=300000 high=199000.0000 avgPrice=192000.0000 weightedPnl=3.64% (pending fill)
2026-06-04 17:04:28 INFO  SELL_FILLED_PNL 036930 reason=TAKE_PROFIT_VWAP_RECLAIM filledQty=52/52 fillRatio=1.00 weightedPnl=3.64% dailyPnl=3.64%
2026-06-04 17:04:28 INFO  SELL_FILLED 036930 reason=TAKE_PROFIT_VWAP_RECLAIM remainingQty=0 phase=NONE exitType=PROFIT
2026-06-04 17:04:28 INFO  BUY [KRX] 036930 mode=STRONG_PULLBACK price=226500.0000 qty=44 size=1.0000x score=0[D] | WHY: dayChg=22.23% fromHigh=-2.16% spScore=100 vol3/vol10=0.56x body=1.00 | VWAP: 3.57%(ABOVE slope=DN) allowedGap=5.00% | TREND: score=0 vel=-0.11%/-0.22%/-0.44% accel=true | VOL: 10652.0000/30947.2500 TO: 2412678000.0000/7051254050.0000 | HIGH: 231500.0000 fromHigh=-2.16% | SP: score=100 dayChg=22.23% fromHigh=-2.16% vol3/vol10=0.56x body=1.00 | entryNo=1
2026-06-04 17:04:28 INFO  BUY_FILLED 036930 phase=HOLDING
2026-06-04 17:04:28 INFO  SELL_EXECUTED [KRX] 036930 mode=STRONG_PULLBACK phase=EXITING exitType=STOPLOSS price=221000.0000 qty=44 reason=STOP_LOSS_STRONG_PULLBACK pnl=-2.43% peakPnl=0.66% holdMs=1620000 high=228000.0000 avgPrice=226500.0000 weightedPnl=-2.42% (pending fill)
2026-06-04 17:04:28 INFO  SELL_FILLED_PNL 036930 reason=STOP_LOSS_STRONG_PULLBACK filledQty=44/44 fillRatio=1.00 weightedPnl=-2.42% dailyPnl=-2.42%
2026-06-04 17:04:28 INFO  SELL_FILLED 036930 reason=STOP_LOSS_STRONG_PULLBACK remainingQty=0 phase=NONE exitType=STOPLOSS
2026-06-04 17:04:28 INFO  BUY [KRX] 036930 mode=BREAKOUT price=187000.0000 qty=53 size=1.0000x score=90[S](CONV) | WHY: strongBreakout volBreakout retestOK multiUp vol(3.18x) | VWAP: 0.99%(ABOVE slope=UP) allowedGap=2.20% | TREND: score=3 vel=0.81%/0.65%/1.41% accel=true | VOL: 10077.0000/3172.9000 TO: 1883391300.0000/587374305.0000 | HIGH: 187000.0000 fromHigh=-0.05% | entryNo=1
2026-06-04 17:04:28 INFO  BUY_FILLED 036930 phase=HOLDING
2026-06-04 17:04:28 INFO  SELL_EXECUTED [KRX] 036930 mode=BREAKOUT phase=EXITING exitType=VWAP_BREAK price=184300.0000 qty=53 reason=VWAP_BREAK pnl=-1.39% peakPnl=-0.05% holdMs=600000 high=186800.0000 avgPrice=186900.0000 weightedPnl=-1.38% (pending fill)
2026-06-04 17:04:28 INFO  SELL_FILLED_PNL 036930 reason=VWAP_BREAK filledQty=53/53 fillRatio=1.00 weightedPnl=-1.38% dailyPnl=-1.38%
2026-06-04 17:04:28 INFO  SELL_FILLED 036930 reason=VWAP_BREAK remainingQty=0 phase=NONE exitType=VWAP_BREAK
2026-06-04 17:04:28 INFO  BUY [KRX] 036930 mode=VWAP_RECLAIM price=198000.0000 qty=50 size=1.0000x score=30[D] | WHY: dayChg=7.32% vrScore=100 aboveBars=3 hadBelow=true vol/vol5=2.50x | VWAP: 2.06%(ABOVE slope=DN) allowedGap=3.00% | TREND: score=3 vel=1.85%/2.64%/2.86% accel=false | VOL: 20891.0000/8804.7500 TO: 4136418000.0000/1710809925.0000 | HIGH: 198200.0000 fromHigh=-0.10% | VR: score=100 aboveBars=3 hadBelow=true vol/vol5=2.50x | entryNo=1
2026-06-04 17:04:28 INFO  BUY_FILLED 036930 phase=HOLDING
2026-06-04 17:04:28 INFO  SELL_EXECUTED [KRX] 036930 mode=VWAP_RECLAIM phase=EXITING exitType=PROFIT price=202000.0000 qty=50 reason=TAKE_PROFIT_VWAP_RECLAIM pnl=2.02% peakPnl=2.02% holdMs=900000 high=202000.0000 avgPrice=198000.0000 weightedPnl=2.00% (pending fill)
2026-06-04 17:04:28 INFO  SELL_FILLED_PNL 036930 reason=TAKE_PROFIT_VWAP_RECLAIM filledQty=50/50 fillRatio=1.00 weightedPnl=2.00% dailyPnl=2.00%
2026-06-04 17:04:28 INFO  SELL_FILLED 036930 reason=TAKE_PROFIT_VWAP_RECLAIM remainingQty=0 phase=NONE exitType=PROFIT
2026-06-04 17:04:28 INFO  BUY [KRX] 036930 mode=VWAP_RECLAIM price=198000.0000 qty=50 size=1.0000x score=30[D] | WHY: dayChg=7.32% vrScore=100 aboveBars=3 hadBelow=true vol/vol5=2.50x | VWAP: 2.06%(ABOVE slope=DN) allowedGap=3.00% | TREND: score=3 vel=1.85%/2.64%/2.86% accel=false | VOL: 20891.0000/8804.7500 TO: 4136418000.0000/1710809925.0000 | HIGH: 198200.0000 fromHigh=-0.10% | VR: score=100 aboveBars=3 hadBelow=true vol/vol5=2.50x | entryNo=1
2026-06-04 17:04:28 INFO  BUY_FILLED 036930 phase=HOLDING
2026-06-04 17:04:28 INFO  SELL_EXECUTED [KRX] 036930 mode=VWAP_RECLAIM phase=EXITING exitType=PROFIT price=202000.0000 qty=50 reason=TAKE_PROFIT_VWAP_RECLAIM pnl=2.02% peakPnl=2.02% holdMs=900000 high=202000.0000 avgPrice=198000.0000 weightedPnl=2.00% (pending fill)
2026-06-04 17:04:28 INFO  SELL_FILLED_PNL 036930 reason=TAKE_PROFIT_VWAP_RECLAIM filledQty=50/50 fillRatio=1.00 weightedPnl=2.00% dailyPnl=2.00%
2026-06-04 17:04:28 INFO  SELL_FILLED 036930 reason=TAKE_PROFIT_VWAP_RECLAIM remainingQty=0 phase=NONE exitType=PROFIT
2026-06-04 17:04:28 INFO  BUY [KRX] 036930 mode=VWAP_RECLAIM price=246500.0000 qty=40 size=1.0000x score=53[D] | WHY: dayChg=25.06% vrScore=100 aboveBars=4 hadBelow=true vol/vol5=2.12x | VWAP: 0.66%(ABOVE slope=DN) allowedGap=3.00% | TREND: score=3 vel=0.20%/0.20%/0.82% accel=false | VOL: 11749.0000/5356.0000 TO: 2896128500.0000/1309979450.0000 | HIGH: 247500.0000 fromHigh=-0.40% | VR: score=100 aboveBars=4 hadBelow=true vol/vol5=2.12x | entryNo=1
2026-06-04 17:04:28 INFO  BUY_FILLED 036930 phase=HOLDING
2026-06-04 17:04:28 INFO  SELL_EXECUTED [KRX] 036930 mode=VWAP_RECLAIM phase=EXITING exitType=VWAP_BREAK price=244500.0000 qty=40 reason=VWAP_BREAK pnl=-0.81% peakPnl=-0.20% holdMs=360000 high=246000.0000 avgPrice=246500.0000 weightedPnl=-0.80% (pending fill)
2026-06-04 17:04:28 INFO  SELL_FILLED_PNL 036930 reason=VWAP_BREAK filledQty=40/40 fillRatio=1.00 weightedPnl=-0.80% dailyPnl=-0.80%
2026-06-04 17:04:28 INFO  SELL_FILLED 036930 reason=VWAP_BREAK remainingQty=0 phase=NONE exitType=VWAP_BREAK
2026-06-04 17:18:31 INFO  BUY amount set for 247540: 600000.00
2026-06-04 17:18:32 INFO  BUY [KRX] 247540 mode=BREAKOUT price=237000.0000 qty=2 size=1.0000x score=85[A](CONV) | WHY: strongBreakout volBreakout retestOK multiUp vol(2.72x) | VWAP: 0.75%(ABOVE slope=UP) allowedGap=2.20% | TREND: score=3 vel=0.42%/0.21%/0.32% accel=true | VOL: 6014.0000/2214.3000 TO: 1425318000.0000/522971925.0000 | HIGH: 237000.0000 fromHigh=0.00% | entryNo=1
2026-06-04 17:18:32 INFO  BUY_FILLED 247540 phase=HOLDING
2026-06-04 17:18:32 INFO  SELL_EXECUTED [KRX] 247540 mode=BREAKOUT phase=EXITING exitType=VWAP_BREAK price=235000.0000 qty=2 reason=VWAP_BREAK pnl=-0.84% peakPnl=0.11% holdMs=600000 high=237250.0000 avgPrice=237000.0000 weightedPnl=-0.67% (pending fill)
2026-06-04 17:18:32 INFO  SELL_FILLED_PNL 247540 reason=VWAP_BREAK filledQty=2/2 fillRatio=1.00 weightedPnl=-0.67% dailyPnl=-0.67%
2026-06-04 17:18:32 INFO  SELL_FILLED 247540 reason=VWAP_BREAK remainingQty=0 phase=NONE exitType=VWAP_BREAK
2026-06-04 17:18:32 INFO  BUY [KRX] 247540 mode=BREAKOUT price=190500.0000 qty=3 size=1.0000x score=85[A](CONV) | WHY: strongBreakout volBreakout retestOK multiUp vol(2.63x) | VWAP: 1.54%(ABOVE slope=UP) allowedGap=2.20% | TREND: score=3 vel=1.55%/1.49%/1.65% accel=true | VOL: 5878.0000/2233.7500 TO: 1119759000.0000/417711932.5000 | HIGH: 190950.0000 fromHigh=-0.24% | entryNo=1
2026-06-04 17:18:32 INFO  BUY_FILLED 247540 phase=HOLDING
2026-06-04 17:18:32 INFO  SELL_EXECUTED [KRX] 247540 mode=BREAKOUT phase=EXITING exitType=VWAP_BREAK price=187000.0000 qty=3 reason=VWAP_BREAK pnl=-1.84% peakPnl=0.58% holdMs=840000 high=191600.0000 avgPrice=190500.0000 weightedPnl=-1.75% (pending fill)
2026-06-04 17:18:32 INFO  SELL_FILLED_PNL 247540 reason=VWAP_BREAK filledQty=3/3 fillRatio=1.00 weightedPnl=-1.75% dailyPnl=-1.75%
2026-06-04 17:18:32 INFO  SELL_FILLED 247540 reason=VWAP_BREAK remainingQty=0 phase=NONE exitType=VWAP_BREAK
2026-06-04 17:18:32 INFO  BUY [KRX] 247540 mode=VWAP_RECLAIM price=217500.0000 qty=2 size=1.0000x score=22[D] | WHY: dayChg=8.75% vrScore=100 aboveBars=3 hadBelow=true vol/vol5=3.48x | VWAP: 0.21%(ABOVE slope=DN) allowedGap=3.00% | TREND: score=1 vel=0.00%/0.23%/0.00% accel=false | VOL: 3222.0000/781.6000 TO: 700785000.0000/169548425.0000 | HIGH: 218000.0000 fromHigh=-0.23% | VR: score=100 aboveBars=3 hadBelow=true vol/vol5=3.48x | entryNo=1
2026-06-04 17:18:32 INFO  BUY_FILLED 247540 phase=HOLDING
2026-06-04 17:18:32 INFO  SELL_EXECUTED [KRX] 247540 mode=VWAP_RECLAIM phase=EXITING exitType=VWAP_BREAK price=216500.0000 qty=2 reason=VWAP_BREAK pnl=-0.46% peakPnl=0.23% holdMs=420000 high=218000.0000 avgPrice=217500.0000 weightedPnl=-0.33% (pending fill)
2026-06-04 17:18:32 INFO  SELL_FILLED_PNL 247540 reason=VWAP_BREAK filledQty=2/2 fillRatio=1.00 weightedPnl=-0.33% dailyPnl=-0.33%
2026-06-04 17:18:32 INFO  SELL_FILLED 247540 reason=VWAP_BREAK remainingQty=0 phase=NONE exitType=VWAP_BREAK
2026-06-04 17:18:32 INFO  BUY [KRX] 247540 mode=VWAP_RECLAIM price=217500.0000 qty=2 size=1.0000x score=22[D] | WHY: dayChg=8.75% vrScore=100 aboveBars=3 hadBelow=true vol/vol5=3.48x | VWAP: 0.21%(ABOVE slope=DN) allowedGap=3.00% | TREND: score=1 vel=0.00%/0.23%/0.00% accel=false | VOL: 3222.0000/781.6000 TO: 700785000.0000/169548425.0000 | HIGH: 218000.0000 fromHigh=-0.23% | VR: score=100 aboveBars=3 hadBelow=true vol/vol5=3.48x | entryNo=1
2026-06-04 17:18:32 INFO  BUY_FILLED 247540 phase=HOLDING
2026-06-04 17:18:32 INFO  SELL_EXECUTED [KRX] 247540 mode=VWAP_RECLAIM phase=EXITING exitType=VWAP_BREAK price=216500.0000 qty=2 reason=VWAP_BREAK pnl=-0.46% peakPnl=0.23% holdMs=420000 high=218000.0000 avgPrice=217500.0000 weightedPnl=-0.33% (pending fill)
2026-06-04 17:18:32 INFO  SELL_FILLED_PNL 247540 reason=VWAP_BREAK filledQty=2/2 fillRatio=1.00 weightedPnl=-0.33% dailyPnl=-0.33%
2026-06-04 17:18:32 INFO  SELL_FILLED 247540 reason=VWAP_BREAK remainingQty=0 phase=NONE exitType=VWAP_BREAK
2026-06-04 17:18:32 INFO  BUY [KRX] 247540 mode=BREAKOUT price=232000.0000 qty=2 size=1.0000x score=90[S](CONV) | WHY: strongBreakout volBreakout retestOK multiUp vol(2.72x) | VWAP: 1.02%(ABOVE slope=UP) allowedGap=2.20% | TREND: score=3 vel=0.65%/0.43%/0.65% accel=true | VOL: 15327.0000/5641.2000 TO: 3555864000.0000/1305371125.0000 | HIGH: 232500.0000 fromHigh=-0.22% | entryNo=1
2026-06-04 17:18:32 INFO  BUY_FILLED 247540 phase=HOLDING
2026-06-04 17:18:32 INFO  SELL_EXECUTED [KRX] 247540 mode=BREAKOUT phase=EXITING exitType=VWAP_BREAK price=229000.0000 qty=2 reason=VWAP_BREAK pnl=-1.29% peakPnl=0.22% holdMs=420000 high=232500.0000 avgPrice=232000.0000 weightedPnl=-1.00% (pending fill)
2026-06-04 17:18:32 INFO  SELL_FILLED_PNL 247540 reason=VWAP_BREAK filledQty=2/2 fillRatio=1.00 weightedPnl=-1.00% dailyPnl=-1.00%
2026-06-04 17:18:32 INFO  SELL_FILLED 247540 reason=VWAP_BREAK remainingQty=0 phase=NONE exitType=VWAP_BREAK
2026-06-04 17:18:32 INFO  BUY amount set for 100790: 600000.00
2026-06-04 17:18:33 INFO  BUY [KRX] 100790 mode=VWAP_RECLAIM price=56000.0000 qty=10 size=1.0000x score=57[D] | WHY: dayChg=6.26% vrScore=100 aboveBars=3 hadBelow=true vol/vol5=1.87x | VWAP: 0.38%(ABOVE slope=DN) allowedGap=3.00% | TREND: score=3 vel=0.18%/0.45%/0.36% accel=false | VOL: 3713.0000/1079.9000 TO: 207928000.0000/60195352.5000 | HIGH: 56000.0000 fromHigh=0.00% | VR: score=100 aboveBars=3 hadBelow=true vol/vol5=1.87x | entryNo=1
2026-06-04 17:18:33 INFO  BUY_FILLED 100790 phase=HOLDING
2026-06-04 17:18:33 INFO  SELL_EXECUTED [KRX] 100790 mode=VWAP_RECLAIM phase=EXITING exitType=PROFIT price=57300.0000 qty=10 reason=TAKE_PROFIT_VWAP_RECLAIM pnl=2.32% peakPnl=2.32% holdMs=2520000 high=57300.0000 avgPrice=56000.0000 weightedPnl=2.17% (pending fill)
2026-06-04 17:18:33 INFO  SELL_FILLED_PNL 100790 reason=TAKE_PROFIT_VWAP_RECLAIM filledQty=10/10 fillRatio=1.00 weightedPnl=2.17% dailyPnl=2.17%
2026-06-04 17:18:33 INFO  SELL_FILLED 100790 reason=TAKE_PROFIT_VWAP_RECLAIM remainingQty=0 phase=NONE exitType=PROFIT
2026-06-04 17:18:33 INFO  BUY [KRX] 100790 mode=BREAKOUT price=62500.0000 qty=9 size=1.0000x score=80[B] | WHY: strongBreakout volBreakout retestOK multiUp vol(3.28x) | VWAP: 0.88%(ABOVE slope=UP) allowedGap=2.20% | TREND: score=3 vel=0.32%/0.16%/0.16% accel=true | VOL: 19812.0000/6042.4500 TO: 1238250000.0000/377099842.5000 | HIGH: 62500.0000 fromHigh=0.00% | entryNo=1
2026-06-04 17:18:33 INFO  BUY_FILLED 100790 phase=HOLDING
2026-06-04 17:18:33 INFO  SELL [EOD_FORCE_SELL] 100790 pnl=0.00% time=15:30
2026-06-04 17:18:33 INFO  SELL_EXECUTED [KRX] 100790 mode=BREAKOUT phase=EXITING exitType=TIMESTOP price=62500.0000 qty=9 reason=EOD_FORCE_SELL pnl=0.00% peakPnl=0.00% holdMs=780000 high=62500.0000 avgPrice=62500.0000 weightedPnl=0.00% (pending fill)
2026-06-04 17:18:33 INFO  SELL_FILLED 100790 reason=EOD_FORCE_SELL remainingQty=0 phase=NONE exitType=TIMESTOP
2026-06-04 17:18:33 INFO  BUY [KRX] 100790 mode=VWAP_RECLAIM price=64800.0000 qty=9 size=1.0000x score=45[D] | WHY: dayChg=6.93% vrScore=100 aboveBars=5 hadBelow=true vol/vol5=1.89x | VWAP: 4.04%(ABOVE slope=UP) allowedGap=3.00% | TREND: score=3 vel=3.85%/4.01%/5.19% accel=false | VOL: 193285.0000/33110.4000 TO: 12524868000.0000/2103794025.0000 | HIGH: 65000.0000 fromHigh=-0.31% | VR: score=100 aboveBars=5 hadBelow=true vol/vol5=1.89x | entryNo=1
2026-06-04 17:18:33 INFO  BUY_FILLED 100790 phase=HOLDING
2026-06-04 17:18:33 INFO  SELL_EXECUTED [KRX] 100790 mode=VWAP_RECLAIM phase=EXITING exitType=STOPLOSS price=63700.0000 qty=9 reason=STOP_LOSS_VWAP_RECLAIM pnl=-1.70% peakPnl=0.93% holdMs=720000 high=65400.0000 avgPrice=64800.0000 weightedPnl=-1.65% (pending fill)
2026-06-04 17:18:33 INFO  SELL_FILLED_PNL 100790 reason=STOP_LOSS_VWAP_RECLAIM filledQty=9/9 fillRatio=1.00 weightedPnl=-1.65% dailyPnl=-1.65%
2026-06-04 17:18:33 INFO  SELL_FILLED 100790 reason=STOP_LOSS_VWAP_RECLAIM remainingQty=0 phase=NONE exitType=STOPLOSS
2026-06-04 17:18:33 INFO  BUY [KRX] 100790 mode=BREAKOUT price=61600.0000 qty=9 size=1.0000x score=85[A](CONV) | WHY: strongBreakout volBreakout retestOK multiUp vol(2.83x) | VWAP: 0.93%(ABOVE slope=UP) allowedGap=2.20% | TREND: score=3 vel=0.82%/0.74%/0.65% accel=true | VOL: 8198.0000/2893.7000 TO: 504996800.0000/177253892.5000 | HIGH: 61600.0000 fromHigh=0.00% | entryNo=1
2026-06-04 17:18:33 INFO  BUY_FILLED 100790 phase=HOLDING
2026-06-04 17:18:33 INFO  SELL_EXECUTED [KRX] 100790 mode=BREAKOUT phase=EXITING exitType=VWAP_BREAK price=60800.0000 qty=9 reason=VWAP_BREAK pnl=-1.30% peakPnl=-0.16% holdMs=960000 high=61500.0000 avgPrice=61600.0000 weightedPnl=-1.20% (pending fill)
2026-06-04 17:18:33 INFO  SELL_FILLED_PNL 100790 reason=VWAP_BREAK filledQty=9/9 fillRatio=1.00 weightedPnl=-1.20% dailyPnl=-1.20%
2026-06-04 17:18:33 INFO  SELL_FILLED 100790 reason=VWAP_BREAK remainingQty=0 phase=NONE exitType=VWAP_BREAK
2026-06-04 17:18:33 INFO  BUY [KRX] 100790 mode=VWAP_RECLAIM price=63100.0000 qty=9 size=1.0000x score=65[D] | WHY: dayChg=6.77% vrScore=100 aboveBars=4 hadBelow=true vol/vol5=2.72x | VWAP: 1.50%(ABOVE slope=DN) allowedGap=3.00% | TREND: score=3 vel=0.80%/0.80%/1.45% accel=false | VOL: 26345.0000/6541.4000 TO: 1662369500.0000/409034180.0000 | HIGH: 63100.0000 fromHigh=0.00% | VR: score=100 aboveBars=4 hadBelow=true vol/vol5=2.72x | entryNo=1
2026-06-04 17:18:33 INFO  BUY_FILLED 100790 phase=HOLDING
2026-06-04 17:18:33 INFO  SELL_EXECUTED [KRX] 100790 mode=VWAP_RECLAIM phase=EXITING exitType=STOPLOSS price=62100.0000 qty=9 reason=STOP_LOSS_VWAP_RECLAIM pnl=-1.58% peakPnl=0.79% holdMs=1200000 high=63600.0000 avgPrice=63100.0000 weightedPnl=-1.50% (pending fill)
2026-06-04 17:18:33 INFO  SELL_FILLED_PNL 100790 reason=STOP_LOSS_VWAP_RECLAIM filledQty=9/9 fillRatio=1.00 weightedPnl=-1.50% dailyPnl=-1.50%
2026-06-04 17:18:33 INFO  SELL_FILLED 100790 reason=STOP_LOSS_VWAP_RECLAIM remainingQty=0 phase=NONE exitType=STOPLOSS
2026-06-04 17:18:33 INFO  BUY amount set for 027360: 600000.00
2026-06-04 17:18:33 INFO  BUY [KRX] 027360 mode=BREAKOUT price=15550.0000 qty=38 size=1.0000x score=85[A](CONV) | WHY: strongBreakout volBreakout retestOK multiUp vol(2.43x) | VWAP: 0.87%(ABOVE slope=UP) allowedGap=2.20% | TREND: score=3 vel=0.65%/0.39%/0.45% accel=true | VOL: 28199.0000/11582.8500 TO: 439058430.0000/179326683.0000 | HIGH: 15590.0000 fromHigh=-0.13% | entryNo=1
2026-06-04 17:18:33 INFO  BUY_FILLED 027360 phase=HOLDING
2026-06-04 17:18:33 INFO  SELL_EXECUTED [KRX] 027360 mode=BREAKOUT phase=EXITING exitType=PROFIT price=16100.0000 qty=38 reason=TAKE_PROFIT_BREAKOUT pnl=3.28% peakPnl=3.28% holdMs=960000 high=16080.0000 avgPrice=15570.0000 weightedPnl=3.23% (pending fill)
2026-06-04 17:18:33 INFO  SELL_FILLED_PNL 027360 reason=TAKE_PROFIT_BREAKOUT filledQty=38/38 fillRatio=1.00 weightedPnl=3.23% dailyPnl=3.23%
2026-06-04 17:18:33 INFO  SELL_FILLED 027360 reason=TAKE_PROFIT_BREAKOUT remainingQty=0 phase=NONE exitType=PROFIT
2026-06-04 17:18:33 INFO  BUY [KRX] 027360 mode=BREAKOUT price=15550.0000 qty=38 size=1.0000x score=85[A](CONV) | WHY: strongBreakout volBreakout retestOK multiUp vol(3.83x) | VWAP: 0.88%(ABOVE slope=UP) allowedGap=2.20% | TREND: score=3 vel=0.45%/0.32%/0.26% accel=true | VOL: 19998.0000/5219.1000 TO: 311368860.0000/81041021.5000 | HIGH: 15590.0000 fromHigh=-0.13% | entryNo=1
2026-06-04 17:18:33 INFO  BUY_FILLED 027360 phase=HOLDING
2026-06-04 17:18:33 INFO  SELL_EXECUTED [KRX] 027360 mode=BREAKOUT phase=EXITING exitType=VWAP_BREAK price=15410.0000 qty=38 reason=VWAP_BREAK pnl=-1.03% peakPnl=0.06% holdMs=600000 high=15580.0000 avgPrice=15570.0000 weightedPnl=-1.01% (pending fill)
2026-06-04 17:18:33 INFO  SELL_FILLED_PNL 027360 reason=VWAP_BREAK filledQty=38/38 fillRatio=1.00 weightedPnl=-1.01% dailyPnl=-1.01%
2026-06-04 17:18:33 INFO  SELL_FILLED 027360 reason=VWAP_BREAK remainingQty=0 phase=NONE exitType=VWAP_BREAK
2026-06-04 17:18:33 INFO  BUY [KRX] 027360 mode=VWAP_RECLAIM price=17950.0000 qty=33 size=1.0000x score=35[D] | WHY: dayChg=8.65% vrScore=100 aboveBars=5 hadBelow=true vol/vol5=1.97x | VWAP: 1.23%(ABOVE slope=DN) allowedGap=3.00% | TREND: score=3 vel=0.79%/0.90%/1.35% accel=false | VOL: 97957.0000/113823.9500 TO: 1760287290.0000/2050990379.2500 | HIGH: 18080.0000 fromHigh=-0.61% | VR: score=100 aboveBars=5 hadBelow=true vol/vol5=1.97x | entryNo=1
2026-06-04 17:18:33 INFO  BUY_FILLED 027360 phase=HOLDING
2026-06-04 17:18:33 INFO  SELL_EXECUTED [KRX] 027360 mode=VWAP_RECLAIM phase=EXITING exitType=VWAP_BREAK price=17750.0000 qty=33 reason=VWAP_BREAK pnl=-1.22% peakPnl=-0.39% holdMs=300000 high=17900.0000 avgPrice=17970.0000 weightedPnl=-1.21% (pending fill)
2026-06-04 17:18:33 INFO  SELL_FILLED_PNL 027360 reason=VWAP_BREAK filledQty=33/33 fillRatio=1.00 weightedPnl=-1.21% dailyPnl=-1.21%
2026-06-04 17:18:33 INFO  SELL_FILLED 027360 reason=VWAP_BREAK remainingQty=0 phase=NONE exitType=VWAP_BREAK
2026-06-04 17:18:33 INFO  BUY [KRX] 027360 mode=VWAP_RECLAIM price=17150.0000 qty=34 size=1.0000x score=45[D] | WHY: dayChg=8.34% vrScore=100 aboveBars=3 hadBelow=true vol/vol5=2.58x | VWAP: 4.56%(ABOVE slope=UP) allowedGap=3.00% | TREND: score=3 vel=5.09%/6.52%/6.65% accel=false | VOL: 1074323.0000/344789.6000 TO: 18424639450.0000/5691174490.5000 | HIGH: 17170.0000 fromHigh=-0.12% | VR: score=100 aboveBars=3 hadBelow=true vol/vol5=2.58x | entryNo=1
2026-06-04 17:18:33 INFO  BUY_FILLED 027360 phase=HOLDING
2026-06-04 17:18:33 INFO  SELL_EXECUTED [KRX] 027360 mode=VWAP_RECLAIM phase=EXITING exitType=STOPLOSS price=16880.0000 qty=34 reason=STOP_LOSS_VWAP_RECLAIM pnl=-1.57% peakPnl=-0.17% holdMs=240000 high=17120.0000 avgPrice=17150.0000 weightedPnl=-1.53% (pending fill)
2026-06-04 17:18:33 INFO  SELL_FILLED_PNL 027360 reason=STOP_LOSS_VWAP_RECLAIM filledQty=34/34 fillRatio=1.00 weightedPnl=-1.53% dailyPnl=-1.53%
2026-06-04 17:18:33 INFO  SELL_FILLED 027360 reason=STOP_LOSS_VWAP_RECLAIM remainingQty=0 phase=NONE exitType=STOPLOSS
2026-06-04 17:18:34 INFO  BUY [KRX] 027360 mode=VWAP_RECLAIM price=19200.0000 qty=31 size=1.0000x score=45[D] | WHY: dayChg=9.97% vrScore=100 aboveBars=5 hadBelow=true vol/vol5=2.22x | VWAP: 6.58%(ABOVE slope=UP) allowedGap=3.00% | TREND: score=3 vel=5.38%/10.16%/11.25% accel=false | VOL: 1708537.0000/507481.2857 TO: 32786825030.0000/9137382782.8571 | HIGH: 19190.0000 fromHigh=0.00% | VR: score=100 aboveBars=5 hadBelow=true vol/vol5=2.22x | entryNo=1
2026-06-04 17:18:34 INFO  BUY_FILLED 027360 phase=HOLDING
2026-06-04 17:18:34 INFO  SELL_EXECUTED [KRX] 027360 mode=VWAP_RECLAIM phase=EXITING exitType=PROFIT price=19850.0000 qty=31 reason=TAKE_PROFIT_VWAP_RECLAIM pnl=3.44% peakPnl=3.44% holdMs=540000 high=19850.0000 avgPrice=19190.0000 weightedPnl=3.41% (pending fill)
2026-06-04 17:18:34 INFO  SELL_FILLED_PNL 027360 reason=TAKE_PROFIT_VWAP_RECLAIM filledQty=31/31 fillRatio=1.00 weightedPnl=3.41% dailyPnl=3.41%
2026-06-04 17:18:34 INFO  SELL_FILLED 027360 reason=TAKE_PROFIT_VWAP_RECLAIM remainingQty=0 phase=NONE exitType=PROFIT
2026-06-04 17:18:34 INFO  BUY [KRX] 027360 mode=BREAKOUT price=15700.0000 qty=38 size=1.0000x score=85[A](CONV) | WHY: strongBreakout volBreakout retestOK multiUp vol(3.12x) | VWAP: 0.87%(ABOVE slope=UP) allowedGap=2.20% | TREND: score=3 vel=0.29%/0.26%/0.32% accel=true | VOL: 18012.0000/5768.4500 TO: 283148640.0000/90258992.5000 | HIGH: 15720.0000 fromHigh=0.00% | entryNo=1
2026-06-04 17:18:34 INFO  BUY_FILLED 027360 phase=HOLDING
2026-06-04 17:18:34 INFO  SELL [EOD_FORCE_SELL] 027360 pnl=0.38% time=15:30
2026-06-04 17:18:34 INFO  SELL_EXECUTED [KRX] 027360 mode=BREAKOUT phase=EXITING exitType=TIMESTOP price=15780.0000 qty=38 reason=EOD_FORCE_SELL pnl=0.38% peakPnl=2.23% holdMs=3600000 high=16070.0000 avgPrice=15720.0000 weightedPnl=0.38% (pending fill)
2026-06-04 17:18:34 INFO  SELL_FILLED_PNL 027360 reason=EOD_FORCE_SELL filledQty=38/38 fillRatio=1.00 weightedPnl=0.38% dailyPnl=0.38%
2026-06-04 17:18:34 INFO  SELL_FILLED 027360 reason=EOD_FORCE_SELL remainingQty=0 phase=NONE exitType=TIMESTOP
2026-06-04 17:18:34 INFO  BUY [KRX] 027360 mode=BREAKOUT price=15700.0000 qty=38 size=1.0000x score=85[A](CONV) | WHY: strongBreakout volBreakout retestOK multiUp vol(3.12x) | VWAP: 0.87%(ABOVE slope=UP) allowedGap=2.20% | TREND: score=3 vel=0.29%/0.26%/0.32% accel=true | VOL: 18012.0000/5768.4500 TO: 283148640.0000/90258992.5000 | HIGH: 15720.0000 fromHigh=0.00% | entryNo=1
2026-06-04 17:18:34 INFO  BUY_FILLED 027360 phase=HOLDING
2026-06-04 17:18:34 INFO  SELL [EOD_FORCE_SELL] 027360 pnl=0.38% time=15:30
2026-06-04 17:18:34 INFO  SELL_EXECUTED [KRX] 027360 mode=BREAKOUT phase=EXITING exitType=TIMESTOP price=15780.0000 qty=38 reason=EOD_FORCE_SELL pnl=0.38% peakPnl=2.23% holdMs=3600000 high=16070.0000 avgPrice=15720.0000 weightedPnl=0.38% (pending fill)
2026-06-04 17:18:34 INFO  SELL_FILLED_PNL 027360 reason=EOD_FORCE_SELL filledQty=38/38 fillRatio=1.00 weightedPnl=0.38% dailyPnl=0.38%
2026-06-04 17:18:34 INFO  SELL_FILLED 027360 reason=EOD_FORCE_SELL remainingQty=0 phase=NONE exitType=TIMESTOP
2026-06-04 17:20:33 INFO  BUY amount set for 247540: 600000.00
2026-06-04 17:20:33 INFO  BUY [KRX] 247540 mode=BREAKOUT price=237000.0000 qty=2 size=1.0000x score=85[A](CONV) | WHY: strongBreakout volBreakout retestOK multiUp vol(2.72x) | VWAP: 0.75%(ABOVE slope=UP) allowedGap=2.20% | TREND: score=3 vel=0.42%/0.21%/0.32% accel=true | VOL: 6014.0000/2214.3000 TO: 1425318000.0000/522971925.0000 | HIGH: 237000.0000 fromHigh=0.00% | entryNo=1
2026-06-04 17:20:33 INFO  BUY_FILLED 247540 phase=HOLDING
2026-06-04 17:20:33 INFO  SELL_EXECUTED [KRX] 247540 mode=BREAKOUT phase=EXITING exitType=VWAP_BREAK price=235000.0000 qty=2 reason=VWAP_BREAK pnl=-0.84% peakPnl=0.11% holdMs=600000 high=237250.0000 avgPrice=237000.0000 weightedPnl=-0.67% (pending fill)
2026-06-04 17:20:33 INFO  SELL_FILLED_PNL 247540 reason=VWAP_BREAK filledQty=2/2 fillRatio=1.00 weightedPnl=-0.67% dailyPnl=-0.67%
2026-06-04 17:20:33 INFO  SELL_FILLED 247540 reason=VWAP_BREAK remainingQty=0 phase=NONE exitType=VWAP_BREAK
2026-06-04 17:20:34 INFO  BUY [KRX] 247540 mode=BREAKOUT price=190500.0000 qty=3 size=1.0000x score=85[A](CONV) | WHY: strongBreakout volBreakout retestOK multiUp vol(2.63x) | VWAP: 1.54%(ABOVE slope=UP) allowedGap=2.20% | TREND: score=3 vel=1.55%/1.49%/1.65% accel=true | VOL: 5878.0000/2233.7500 TO: 1119759000.0000/417711932.5000 | HIGH: 190950.0000 fromHigh=-0.24% | entryNo=1
2026-06-04 17:20:34 INFO  BUY_FILLED 247540 phase=HOLDING
2026-06-04 17:20:34 INFO  SELL_EXECUTED [KRX] 247540 mode=BREAKOUT phase=EXITING exitType=VWAP_BREAK price=187000.0000 qty=3 reason=VWAP_BREAK pnl=-1.84% peakPnl=0.58% holdMs=840000 high=191600.0000 avgPrice=190500.0000 weightedPnl=-1.75% (pending fill)
2026-06-04 17:20:34 INFO  SELL_FILLED_PNL 247540 reason=VWAP_BREAK filledQty=3/3 fillRatio=1.00 weightedPnl=-1.75% dailyPnl=-1.75%
2026-06-04 17:20:34 INFO  SELL_FILLED 247540 reason=VWAP_BREAK remainingQty=0 phase=NONE exitType=VWAP_BREAK
2026-06-04 17:20:34 INFO  BUY [KRX] 247540 mode=VWAP_RECLAIM price=217500.0000 qty=2 size=1.0000x score=22[D] | WHY: dayChg=8.75% vrScore=100 aboveBars=3 hadBelow=true vol/vol5=3.48x | VWAP: 0.21%(ABOVE slope=DN) allowedGap=3.00% | TREND: score=1 vel=0.00%/0.23%/0.00% accel=false | VOL: 3222.0000/781.6000 TO: 700785000.0000/169548425.0000 | HIGH: 218000.0000 fromHigh=-0.23% | VR: score=100 aboveBars=3 hadBelow=true vol/vol5=3.48x | entryNo=1
2026-06-04 17:20:34 INFO  BUY_FILLED 247540 phase=HOLDING
2026-06-04 17:20:34 INFO  SELL_EXECUTED [KRX] 247540 mode=VWAP_RECLAIM phase=EXITING exitType=VWAP_BREAK price=216500.0000 qty=2 reason=VWAP_BREAK pnl=-0.46% peakPnl=0.23% holdMs=420000 high=218000.0000 avgPrice=217500.0000 weightedPnl=-0.33% (pending fill)
2026-06-04 17:20:34 INFO  SELL_FILLED_PNL 247540 reason=VWAP_BREAK filledQty=2/2 fillRatio=1.00 weightedPnl=-0.33% dailyPnl=-0.33%
2026-06-04 17:20:34 INFO  SELL_FILLED 247540 reason=VWAP_BREAK remainingQty=0 phase=NONE exitType=VWAP_BREAK
2026-06-04 17:20:34 INFO  BUY [KRX] 247540 mode=VWAP_RECLAIM price=217500.0000 qty=2 size=1.0000x score=22[D] | WHY: dayChg=8.75% vrScore=100 aboveBars=3 hadBelow=true vol/vol5=3.48x | VWAP: 0.21%(ABOVE slope=DN) allowedGap=3.00% | TREND: score=1 vel=0.00%/0.23%/0.00% accel=false | VOL: 3222.0000/781.6000 TO: 700785000.0000/169548425.0000 | HIGH: 218000.0000 fromHigh=-0.23% | VR: score=100 aboveBars=3 hadBelow=true vol/vol5=3.48x | entryNo=1
2026-06-04 17:20:34 INFO  BUY_FILLED 247540 phase=HOLDING
2026-06-04 17:20:34 INFO  SELL_EXECUTED [KRX] 247540 mode=VWAP_RECLAIM phase=EXITING exitType=VWAP_BREAK price=216500.0000 qty=2 reason=VWAP_BREAK pnl=-0.46% peakPnl=0.23% holdMs=420000 high=218000.0000 avgPrice=217500.0000 weightedPnl=-0.33% (pending fill)
2026-06-04 17:20:34 INFO  SELL_FILLED_PNL 247540 reason=VWAP_BREAK filledQty=2/2 fillRatio=1.00 weightedPnl=-0.33% dailyPnl=-0.33%
2026-06-04 17:20:34 INFO  SELL_FILLED 247540 reason=VWAP_BREAK remainingQty=0 phase=NONE exitType=VWAP_BREAK
2026-06-04 17:20:34 INFO  BUY [KRX] 247540 mode=BREAKOUT price=232000.0000 qty=2 size=1.0000x score=90[S](CONV) | WHY: strongBreakout volBreakout retestOK multiUp vol(2.72x) | VWAP: 1.02%(ABOVE slope=UP) allowedGap=2.20% | TREND: score=3 vel=0.65%/0.43%/0.65% accel=true | VOL: 15327.0000/5641.2000 TO: 3555864000.0000/1305371125.0000 | HIGH: 232500.0000 fromHigh=-0.22% | entryNo=1
2026-06-04 17:20:34 INFO  BUY_FILLED 247540 phase=HOLDING
2026-06-04 17:20:34 INFO  SELL_EXECUTED [KRX] 247540 mode=BREAKOUT phase=EXITING exitType=VWAP_BREAK price=229000.0000 qty=2 reason=VWAP_BREAK pnl=-1.29% peakPnl=0.22% holdMs=420000 high=232500.0000 avgPrice=232000.0000 weightedPnl=-1.00% (pending fill)
2026-06-04 17:20:34 INFO  SELL_FILLED_PNL 247540 reason=VWAP_BREAK filledQty=2/2 fillRatio=1.00 weightedPnl=-1.00% dailyPnl=-1.00%
2026-06-04 17:20:34 INFO  SELL_FILLED 247540 reason=VWAP_BREAK remainingQty=0 phase=NONE exitType=VWAP_BREAK
2026-06-04 17:20:34 INFO  BUY amount set for 100790: 600000.00
2026-06-04 17:20:34 INFO  BUY [KRX] 100790 mode=VWAP_RECLAIM price=56000.0000 qty=10 size=1.0000x score=57[D] | WHY: dayChg=6.26% vrScore=100 aboveBars=3 hadBelow=true vol/vol5=1.87x | VWAP: 0.38%(ABOVE slope=DN) allowedGap=3.00% | TREND: score=3 vel=0.18%/0.45%/0.36% accel=false | VOL: 3713.0000/1079.9000 TO: 207928000.0000/60195352.5000 | HIGH: 56000.0000 fromHigh=0.00% | VR: score=100 aboveBars=3 hadBelow=true vol/vol5=1.87x | entryNo=1
2026-06-04 17:20:34 INFO  BUY_FILLED 100790 phase=HOLDING
2026-06-04 17:20:34 INFO  SELL_EXECUTED [KRX] 100790 mode=VWAP_RECLAIM phase=EXITING exitType=PROFIT price=57300.0000 qty=10 reason=TAKE_PROFIT_VWAP_RECLAIM pnl=2.32% peakPnl=2.32% holdMs=2520000 high=57300.0000 avgPrice=56000.0000 weightedPnl=2.17% (pending fill)
2026-06-04 17:20:34 INFO  SELL_FILLED_PNL 100790 reason=TAKE_PROFIT_VWAP_RECLAIM filledQty=10/10 fillRatio=1.00 weightedPnl=2.17% dailyPnl=2.17%
2026-06-04 17:20:34 INFO  SELL_FILLED 100790 reason=TAKE_PROFIT_VWAP_RECLAIM remainingQty=0 phase=NONE exitType=PROFIT
2026-06-04 17:20:34 INFO  BUY [KRX] 100790 mode=BREAKOUT price=62500.0000 qty=9 size=1.0000x score=80[B] | WHY: strongBreakout volBreakout retestOK multiUp vol(3.28x) | VWAP: 0.88%(ABOVE slope=UP) allowedGap=2.20% | TREND: score=3 vel=0.32%/0.16%/0.16% accel=true | VOL: 19812.0000/6042.4500 TO: 1238250000.0000/377099842.5000 | HIGH: 62500.0000 fromHigh=0.00% | entryNo=1
2026-06-04 17:20:34 INFO  BUY_FILLED 100790 phase=HOLDING
2026-06-04 17:20:34 INFO  SELL [EOD_FORCE_SELL] 100790 pnl=0.00% time=15:30
2026-06-04 17:20:34 INFO  SELL_EXECUTED [KRX] 100790 mode=BREAKOUT phase=EXITING exitType=TIMESTOP price=62500.0000 qty=9 reason=EOD_FORCE_SELL pnl=0.00% peakPnl=0.00% holdMs=780000 high=62500.0000 avgPrice=62500.0000 weightedPnl=0.00% (pending fill)
2026-06-04 17:20:34 INFO  SELL_FILLED 100790 reason=EOD_FORCE_SELL remainingQty=0 phase=NONE exitType=TIMESTOP
2026-06-04 17:20:34 INFO  BUY [KRX] 100790 mode=VWAP_RECLAIM price=64800.0000 qty=9 size=1.0000x score=45[D] | WHY: dayChg=6.93% vrScore=100 aboveBars=5 hadBelow=true vol/vol5=1.89x | VWAP: 4.04%(ABOVE slope=UP) allowedGap=3.00% | TREND: score=3 vel=3.85%/4.01%/5.19% accel=false | VOL: 193285.0000/33110.4000 TO: 12524868000.0000/2103794025.0000 | HIGH: 65000.0000 fromHigh=-0.31% | VR: score=100 aboveBars=5 hadBelow=true vol/vol5=1.89x | entryNo=1
2026-06-04 17:20:34 INFO  BUY_FILLED 100790 phase=HOLDING
2026-06-04 17:20:34 INFO  SELL_EXECUTED [KRX] 100790 mode=VWAP_RECLAIM phase=EXITING exitType=STOPLOSS price=63700.0000 qty=9 reason=STOP_LOSS_VWAP_RECLAIM pnl=-1.70% peakPnl=0.93% holdMs=720000 high=65400.0000 avgPrice=64800.0000 weightedPnl=-1.65% (pending fill)
2026-06-04 17:20:34 INFO  SELL_FILLED_PNL 100790 reason=STOP_LOSS_VWAP_RECLAIM filledQty=9/9 fillRatio=1.00 weightedPnl=-1.65% dailyPnl=-1.65%
2026-06-04 17:20:34 INFO  SELL_FILLED 100790 reason=STOP_LOSS_VWAP_RECLAIM remainingQty=0 phase=NONE exitType=STOPLOSS
2026-06-04 17:20:35 INFO  BUY [KRX] 100790 mode=BREAKOUT price=61600.0000 qty=9 size=1.0000x score=85[A](CONV) | WHY: strongBreakout volBreakout retestOK multiUp vol(2.83x) | VWAP: 0.93%(ABOVE slope=UP) allowedGap=2.20% | TREND: score=3 vel=0.82%/0.74%/0.65% accel=true | VOL: 8198.0000/2893.7000 TO: 504996800.0000/177253892.5000 | HIGH: 61600.0000 fromHigh=0.00% | entryNo=1
2026-06-04 17:20:35 INFO  BUY_FILLED 100790 phase=HOLDING
2026-06-04 17:20:35 INFO  SELL_EXECUTED [KRX] 100790 mode=BREAKOUT phase=EXITING exitType=VWAP_BREAK price=60800.0000 qty=9 reason=VWAP_BREAK pnl=-1.30% peakPnl=-0.16% holdMs=960000 high=61500.0000 avgPrice=61600.0000 weightedPnl=-1.20% (pending fill)
2026-06-04 17:20:35 INFO  SELL_FILLED_PNL 100790 reason=VWAP_BREAK filledQty=9/9 fillRatio=1.00 weightedPnl=-1.20% dailyPnl=-1.20%
2026-06-04 17:20:35 INFO  SELL_FILLED 100790 reason=VWAP_BREAK remainingQty=0 phase=NONE exitType=VWAP_BREAK
2026-06-04 17:20:35 INFO  BUY [KRX] 100790 mode=VWAP_RECLAIM price=63100.0000 qty=9 size=1.0000x score=65[D] | WHY: dayChg=6.77% vrScore=100 aboveBars=4 hadBelow=true vol/vol5=2.72x | VWAP: 1.50%(ABOVE slope=DN) allowedGap=3.00% | TREND: score=3 vel=0.80%/0.80%/1.45% accel=false | VOL: 26345.0000/6541.4000 TO: 1662369500.0000/409034180.0000 | HIGH: 63100.0000 fromHigh=0.00% | VR: score=100 aboveBars=4 hadBelow=true vol/vol5=2.72x | entryNo=1
2026-06-04 17:20:35 INFO  BUY_FILLED 100790 phase=HOLDING
2026-06-04 17:20:35 INFO  SELL_EXECUTED [KRX] 100790 mode=VWAP_RECLAIM phase=EXITING exitType=STOPLOSS price=62100.0000 qty=9 reason=STOP_LOSS_VWAP_RECLAIM pnl=-1.58% peakPnl=0.79% holdMs=1200000 high=63600.0000 avgPrice=63100.0000 weightedPnl=-1.50% (pending fill)
2026-06-04 17:20:35 INFO  SELL_FILLED_PNL 100790 reason=STOP_LOSS_VWAP_RECLAIM filledQty=9/9 fillRatio=1.00 weightedPnl=-1.50% dailyPnl=-1.50%
2026-06-04 17:20:35 INFO  SELL_FILLED 100790 reason=STOP_LOSS_VWAP_RECLAIM remainingQty=0 phase=NONE exitType=STOPLOSS
2026-06-04 17:20:35 INFO  BUY amount set for 027360: 600000.00
2026-06-04 17:20:35 INFO  BUY [KRX] 027360 mode=BREAKOUT price=15550.0000 qty=38 size=1.0000x score=85[A](CONV) | WHY: strongBreakout volBreakout retestOK multiUp vol(2.43x) | VWAP: 0.87%(ABOVE slope=UP) allowedGap=2.20% | TREND: score=3 vel=0.65%/0.39%/0.45% accel=true | VOL: 28199.0000/11582.8500 TO: 439058430.0000/179326683.0000 | HIGH: 15590.0000 fromHigh=-0.13% | entryNo=1
2026-06-04 17:20:35 INFO  BUY_FILLED 027360 phase=HOLDING
2026-06-04 17:20:35 INFO  SELL_EXECUTED [KRX] 027360 mode=BREAKOUT phase=EXITING exitType=PROFIT price=16100.0000 qty=38 reason=TAKE_PROFIT_BREAKOUT pnl=3.28% peakPnl=3.28% holdMs=960000 high=16080.0000 avgPrice=15570.0000 weightedPnl=3.23% (pending fill)
2026-06-04 17:20:35 INFO  SELL_FILLED_PNL 027360 reason=TAKE_PROFIT_BREAKOUT filledQty=38/38 fillRatio=1.00 weightedPnl=3.23% dailyPnl=3.23%
2026-06-04 17:20:35 INFO  SELL_FILLED 027360 reason=TAKE_PROFIT_BREAKOUT remainingQty=0 phase=NONE exitType=PROFIT
2026-06-04 17:20:35 INFO  BUY [KRX] 027360 mode=BREAKOUT price=15550.0000 qty=38 size=1.0000x score=85[A](CONV) | WHY: strongBreakout volBreakout retestOK multiUp vol(3.83x) | VWAP: 0.88%(ABOVE slope=UP) allowedGap=2.20% | TREND: score=3 vel=0.45%/0.32%/0.26% accel=true | VOL: 19998.0000/5219.1000 TO: 311368860.0000/81041021.5000 | HIGH: 15590.0000 fromHigh=-0.13% | entryNo=1
2026-06-04 17:20:35 INFO  BUY_FILLED 027360 phase=HOLDING
2026-06-04 17:20:35 INFO  SELL_EXECUTED [KRX] 027360 mode=BREAKOUT phase=EXITING exitType=VWAP_BREAK price=15410.0000 qty=38 reason=VWAP_BREAK pnl=-1.03% peakPnl=0.06% holdMs=600000 high=15580.0000 avgPrice=15570.0000 weightedPnl=-1.01% (pending fill)
2026-06-04 17:20:35 INFO  SELL_FILLED_PNL 027360 reason=VWAP_BREAK filledQty=38/38 fillRatio=1.00 weightedPnl=-1.01% dailyPnl=-1.01%
2026-06-04 17:20:35 INFO  SELL_FILLED 027360 reason=VWAP_BREAK remainingQty=0 phase=NONE exitType=VWAP_BREAK
2026-06-04 17:20:35 INFO  BUY [KRX] 027360 mode=VWAP_RECLAIM price=17950.0000 qty=33 size=1.0000x score=35[D] | WHY: dayChg=8.65% vrScore=100 aboveBars=5 hadBelow=true vol/vol5=1.97x | VWAP: 1.23%(ABOVE slope=DN) allowedGap=3.00% | TREND: score=3 vel=0.79%/0.90%/1.35% accel=false | VOL: 97957.0000/113823.9500 TO: 1760287290.0000/2050990379.2500 | HIGH: 18080.0000 fromHigh=-0.61% | VR: score=100 aboveBars=5 hadBelow=true vol/vol5=1.97x | entryNo=1
2026-06-04 17:20:35 INFO  BUY_FILLED 027360 phase=HOLDING
2026-06-04 17:20:35 INFO  SELL_EXECUTED [KRX] 027360 mode=VWAP_RECLAIM phase=EXITING exitType=VWAP_BREAK price=17750.0000 qty=33 reason=VWAP_BREAK pnl=-1.22% peakPnl=-0.39% holdMs=300000 high=17900.0000 avgPrice=17970.0000 weightedPnl=-1.21% (pending fill)
2026-06-04 17:20:35 INFO  SELL_FILLED_PNL 027360 reason=VWAP_BREAK filledQty=33/33 fillRatio=1.00 weightedPnl=-1.21% dailyPnl=-1.21%
2026-06-04 17:20:35 INFO  SELL_FILLED 027360 reason=VWAP_BREAK remainingQty=0 phase=NONE exitType=VWAP_BREAK
2026-06-04 17:20:35 INFO  BUY [KRX] 027360 mode=VWAP_RECLAIM price=17150.0000 qty=34 size=1.0000x score=45[D] | WHY: dayChg=8.34% vrScore=100 aboveBars=3 hadBelow=true vol/vol5=2.58x | VWAP: 4.56%(ABOVE slope=UP) allowedGap=3.00% | TREND: score=3 vel=5.09%/6.52%/6.65% accel=false | VOL: 1074323.0000/344789.6000 TO: 18424639450.0000/5691174490.5000 | HIGH: 17170.0000 fromHigh=-0.12% | VR: score=100 aboveBars=3 hadBelow=true vol/vol5=2.58x | entryNo=1
2026-06-04 17:20:35 INFO  BUY_FILLED 027360 phase=HOLDING
2026-06-04 17:20:35 INFO  SELL_EXECUTED [KRX] 027360 mode=VWAP_RECLAIM phase=EXITING exitType=STOPLOSS price=16880.0000 qty=34 reason=STOP_LOSS_VWAP_RECLAIM pnl=-1.57% peakPnl=-0.17% holdMs=240000 high=17120.0000 avgPrice=17150.0000 weightedPnl=-1.53% (pending fill)
2026-06-04 17:20:35 INFO  SELL_FILLED_PNL 027360 reason=STOP_LOSS_VWAP_RECLAIM filledQty=34/34 fillRatio=1.00 weightedPnl=-1.53% dailyPnl=-1.53%
2026-06-04 17:20:35 INFO  SELL_FILLED 027360 reason=STOP_LOSS_VWAP_RECLAIM remainingQty=0 phase=NONE exitType=STOPLOSS
2026-06-04 17:20:35 INFO  BUY [KRX] 027360 mode=VWAP_RECLAIM price=19200.0000 qty=31 size=1.0000x score=45[D] | WHY: dayChg=9.97% vrScore=100 aboveBars=5 hadBelow=true vol/vol5=2.22x | VWAP: 6.58%(ABOVE slope=UP) allowedGap=3.00% | TREND: score=3 vel=5.38%/10.16%/11.25% accel=false | VOL: 1708537.0000/507481.2857 TO: 32786825030.0000/9137382782.8571 | HIGH: 19190.0000 fromHigh=0.00% | VR: score=100 aboveBars=5 hadBelow=true vol/vol5=2.22x | entryNo=1
2026-06-04 17:20:35 INFO  BUY_FILLED 027360 phase=HOLDING
2026-06-04 17:20:35 INFO  SELL_EXECUTED [KRX] 027360 mode=VWAP_RECLAIM phase=EXITING exitType=PROFIT price=19850.0000 qty=31 reason=TAKE_PROFIT_VWAP_RECLAIM pnl=3.44% peakPnl=3.44% holdMs=540000 high=19850.0000 avgPrice=19190.0000 weightedPnl=3.41% (pending fill)
2026-06-04 17:20:35 INFO  SELL_FILLED_PNL 027360 reason=TAKE_PROFIT_VWAP_RECLAIM filledQty=31/31 fillRatio=1.00 weightedPnl=3.41% dailyPnl=3.41%
2026-06-04 17:20:35 INFO  SELL_FILLED 027360 reason=TAKE_PROFIT_VWAP_RECLAIM remainingQty=0 phase=NONE exitType=PROFIT
2026-06-04 17:20:35 INFO  BUY [KRX] 027360 mode=BREAKOUT price=15700.0000 qty=38 size=1.0000x score=85[A](CONV) | WHY: strongBreakout volBreakout retestOK multiUp vol(3.12x) | VWAP: 0.87%(ABOVE slope=UP) allowedGap=2.20% | TREND: score=3 vel=0.29%/0.26%/0.32% accel=true | VOL: 18012.0000/5768.4500 TO: 283148640.0000/90258992.5000 | HIGH: 15720.0000 fromHigh=0.00% | entryNo=1
2026-06-04 17:20:35 INFO  BUY_FILLED 027360 phase=HOLDING
2026-06-04 17:20:35 INFO  SELL [EOD_FORCE_SELL] 027360 pnl=0.38% time=15:30
2026-06-04 17:20:35 INFO  SELL_EXECUTED [KRX] 027360 mode=BREAKOUT phase=EXITING exitType=TIMESTOP price=15780.0000 qty=38 reason=EOD_FORCE_SELL pnl=0.38% peakPnl=2.23% holdMs=3600000 high=16070.0000 avgPrice=15720.0000 weightedPnl=0.38% (pending fill)
2026-06-04 17:20:35 INFO  SELL_FILLED_PNL 027360 reason=EOD_FORCE_SELL filledQty=38/38 fillRatio=1.00 weightedPnl=0.38% dailyPnl=0.38%
2026-06-04 17:20:35 INFO  SELL_FILLED 027360 reason=EOD_FORCE_SELL remainingQty=0 phase=NONE exitType=TIMESTOP
2026-06-04 17:20:36 INFO  BUY [KRX] 027360 mode=BREAKOUT price=15700.0000 qty=38 size=1.0000x score=85[A](CONV) | WHY: strongBreakout volBreakout retestOK multiUp vol(3.12x) | VWAP: 0.87%(ABOVE slope=UP) allowedGap=2.20% | TREND: score=3 vel=0.29%/0.26%/0.32% accel=true | VOL: 18012.0000/5768.4500 TO: 283148640.0000/90258992.5000 | HIGH: 15720.0000 fromHigh=0.00% | entryNo=1
2026-06-04 17:20:36 INFO  BUY_FILLED 027360 phase=HOLDING
2026-06-04 17:20:36 INFO  SELL [EOD_FORCE_SELL] 027360 pnl=0.38% time=15:30
2026-06-04 17:20:36 INFO  SELL_EXECUTED [KRX] 027360 mode=BREAKOUT phase=EXITING exitType=TIMESTOP price=15780.0000 qty=38 reason=EOD_FORCE_SELL pnl=0.38% peakPnl=2.23% holdMs=3600000 high=16070.0000 avgPrice=15720.0000 weightedPnl=0.38% (pending fill)
2026-06-04 17:20:36 INFO  SELL_FILLED_PNL 027360 reason=EOD_FORCE_SELL filledQty=38/38 fillRatio=1.00 weightedPnl=0.38% dailyPnl=0.38%
2026-06-04 17:20:36 INFO  SELL_FILLED 027360 reason=EOD_FORCE_SELL remainingQty=0 phase=NONE exitType=TIMESTOP
2026-06-04 17:22:14 INFO  BUY amount set for 095610: 10000000.00
2026-06-04 17:22:14 INFO  BUY [KRX] 095610 mode=BREAKOUT price=75800.0000 qty=131 size=1.0000x score=90[S](CONV) | WHY: strongBreakout volBreakout retestOK multiUp vol(3.70x) | VWAP: 0.95%(ABOVE slope=UP) allowedGap=2.20% | TREND: score=3 vel=0.66%/0.53%/1.20% accel=true | VOL: 2145.0000/579.4500 TO: 162591000.0000/43667320.0000 | HIGH: 75800.0000 fromHigh=0.00% | entryNo=1
2026-06-04 17:22:14 INFO  BUY_FILLED 095610 phase=HOLDING
2026-06-04 17:22:14 INFO  SELL [EOD_FORCE_SELL] 095610 pnl=1.72% time=15:30
2026-06-04 17:22:14 INFO  SELL_EXECUTED [KRX] 095610 mode=BREAKOUT phase=EXITING exitType=TIMESTOP price=77100.0000 qty=131 reason=EOD_FORCE_SELL pnl=1.72% peakPnl=2.24% holdMs=5160000 high=77500.0000 avgPrice=75800.0000 weightedPnl=1.70% (pending fill)
2026-06-04 17:22:14 INFO  SELL_FILLED_PNL 095610 reason=EOD_FORCE_SELL filledQty=131/131 fillRatio=1.00 weightedPnl=1.70% dailyPnl=1.70%
2026-06-04 17:22:14 INFO  SELL_FILLED 095610 reason=EOD_FORCE_SELL remainingQty=0 phase=NONE exitType=TIMESTOP
2026-06-04 17:22:14 INFO  BUY [KRX] 095610 mode=BREAKOUT price=68300.0000 qty=146 size=1.0000x score=90[S](CONV) | WHY: strongBreakout volBreakout retestOK multiUp vol(3.86x) | VWAP: 0.70%(ABOVE slope=UP) allowedGap=2.20% | TREND: score=3 vel=0.44%/0.29%/0.44% accel=true | VOL: 2677.0000/692.7000 TO: 182839100.0000/47121535.0000 | HIGH: 68300.0000 fromHigh=0.00% | entryNo=1
2026-06-04 17:22:14 INFO  BUY_FILLED 095610 phase=HOLDING
2026-06-04 17:22:14 INFO  SELL [EOD_FORCE_SELL] 095610 pnl=0.15% time=15:30
2026-06-04 17:22:14 INFO  SELL_EXECUTED [KRX] 095610 mode=BREAKOUT phase=EXITING exitType=TIMESTOP price=68400.0000 qty=146 reason=EOD_FORCE_SELL pnl=0.15% peakPnl=0.73% holdMs=6840000 high=68800.0000 avgPrice=68300.0000 weightedPnl=0.15% (pending fill)
2026-06-04 17:22:14 INFO  SELL_FILLED_PNL 095610 reason=EOD_FORCE_SELL filledQty=146/146 fillRatio=1.00 weightedPnl=0.15% dailyPnl=0.15%
2026-06-04 17:22:14 INFO  SELL_FILLED 095610 reason=EOD_FORCE_SELL remainingQty=0 phase=NONE exitType=TIMESTOP
2026-06-04 17:22:14 INFO  BUY [KRX] 095610 mode=BREAKOUT price=60000.0000 qty=133 size=0.8000x score=81[B] | WHY: strongBreakout volBreakout retestOK multiUp vol(2.00x) | VWAP: 0.76%(ABOVE slope=UP) allowedGap=2.20% | TREND: score=3 vel=0.67%/0.33%/0.67% accel=true | VOL: 1205.0000/602.5500 TO: 72300000.0000/35741690.0000 | HIGH: 60100.0000 fromHigh=-0.17% | entryNo=1
2026-06-04 17:22:14 INFO  BUY_FILLED 095610 phase=HOLDING
2026-06-04 17:22:14 INFO  SELL_EXECUTED [KRX] 095610 mode=BREAKOUT phase=EXITING exitType=VWAP_BREAK price=59700.0000 qty=133 reason=VWAP_BREAK pnl=-0.50% peakPnl=0.83% holdMs=4020000 high=60500.0000 avgPrice=60000.0000 weightedPnl=-0.40% (pending fill)
2026-06-04 17:22:14 INFO  SELL_FILLED_PNL 095610 reason=VWAP_BREAK filledQty=133/133 fillRatio=1.00 weightedPnl=-0.40% dailyPnl=-0.40%
2026-06-04 17:22:14 INFO  SELL_FILLED 095610 reason=VWAP_BREAK remainingQty=0 phase=NONE exitType=VWAP_BREAK
2026-06-04 17:22:15 INFO  BUY [KRX] 095610 mode=BREAKOUT price=69400.0000 qty=144 size=1.0000x score=80[B] | WHY: strongBreakout volBreakout retestOK multiUp vol(3.26x) | VWAP: 1.47%(ABOVE slope=UP) allowedGap=2.20% | TREND: score=3 vel=0.58%/0.43%/0.58% accel=true | VOL: 2736.0000/840.4500 TO: 189878400.0000/58084875.0000 | HIGH: 69400.0000 fromHigh=0.00% | entryNo=1
2026-06-04 17:22:15 INFO  BUY_FILLED 095610 phase=HOLDING
2026-06-04 17:22:15 INFO  SELL_EXECUTED [KRX] 095610 mode=BREAKOUT phase=EXITING exitType=VWAP_BREAK price=68800.0000 qty=144 reason=VWAP_BREAK pnl=-0.86% peakPnl=0.72% holdMs=2460000 high=69900.0000 avgPrice=69400.0000 weightedPnl=-0.86% (pending fill)
2026-06-04 17:22:15 INFO  SELL_FILLED_PNL 095610 reason=VWAP_BREAK filledQty=144/144 fillRatio=1.00 weightedPnl=-0.86% dailyPnl=-0.86%
2026-06-04 17:22:15 INFO  SELL_FILLED 095610 reason=VWAP_BREAK remainingQty=0 phase=NONE exitType=VWAP_BREAK
2026-06-04 17:22:15 INFO  BUY [KRX] 095610 mode=BREAKOUT price=94000.0000 qty=106 size=1.0000x score=80[B] | WHY: strongBreakout volBreakout retestOK multiUp vol(4.06x) | VWAP: 1.87%(ABOVE slope=UP) allowedGap=2.20% | TREND: score=3 vel=0.75%/0.64%/1.18% accel=true | VOL: 13394.0000/3298.6500 TO: 1259036000.0000/307683995.0000 | HIGH: 94200.0000 fromHigh=-0.21% | entryNo=1
2026-06-04 17:22:15 INFO  BUY_FILLED 095610 phase=HOLDING
2026-06-04 17:22:15 INFO  SELL [EOD_FORCE_SELL] 095610 pnl=-0.74% time=15:30
2026-06-04 17:22:15 INFO  SELL_EXECUTED [KRX] 095610 mode=BREAKOUT phase=EXITING exitType=TIMESTOP price=93300.0000 qty=106 reason=EOD_FORCE_SELL pnl=-0.74% peakPnl=-0.21% holdMs=1620000 high=93800.0000 avgPrice=94000.0000 weightedPnl=-0.74% (pending fill)
2026-06-04 17:22:15 INFO  SELL_FILLED_PNL 095610 reason=EOD_FORCE_SELL filledQty=106/106 fillRatio=1.00 weightedPnl=-0.74% dailyPnl=-0.74%
2026-06-04 17:22:15 INFO  SELL_FILLED 095610 reason=EOD_FORCE_SELL remainingQty=0 phase=NONE exitType=TIMESTOP
2026-06-04 17:22:15 INFO  BUY [KRX] 095610 mode=BREAKOUT price=89900.0000 qty=88 size=0.8000x score=81[B] | WHY: strongBreakout volBreakout retestOK multiUp vol(1.98x) | VWAP: 1.10%(ABOVE slope=UP) allowedGap=2.20% | TREND: score=3 vel=1.58%/1.47%/1.47% accel=true | VOL: 9118.0000/4605.3500 TO: 819708200.0000/408625092.5000 | HIGH: 90000.0000 fromHigh=-0.11% | entryNo=1
2026-06-04 17:22:15 INFO  BUY_FILLED 095610 phase=HOLDING
2026-06-04 17:22:15 INFO  SELL [BREAKEVEN_GUARD] 095610 pnl=-0.44% peakPnl=1.56% holdMs=600000
2026-06-04 17:22:15 INFO  SELL_EXECUTED [KRX] 095610 mode=BREAKOUT phase=EXITING exitType=TRAIL price=89500.0000 qty=88 reason=BREAKEVEN_GUARD pnl=-0.44% peakPnl=1.56% holdMs=600000 high=91300.0000 avgPrice=89900.0000 weightedPnl=-0.35% (pending fill)
2026-06-04 17:22:15 INFO  SELL_FILLED_PNL 095610 reason=BREAKEVEN_GUARD filledQty=88/88 fillRatio=1.00 weightedPnl=-0.35% dailyPnl=-0.35%
2026-06-04 17:22:15 INFO  SELL_FILLED 095610 reason=BREAKEVEN_GUARD remainingQty=0 phase=NONE exitType=TRAIL
2026-06-04 17:22:15 INFO  BUY [KRX] 095610 mode=BREAKOUT price=88700.0000 qty=112 size=1.0000x score=85[A](CONV) | WHY: strongBreakout volBreakout retestOK multiUp vol(3.91x) | VWAP: 1.41%(ABOVE slope=UP) allowedGap=2.20% | TREND: score=3 vel=0.34%/0.23%/0.57% accel=true | VOL: 9525.0000/2436.2000 TO: 844867500.0000/213365990.0000 | HIGH: 88900.0000 fromHigh=-0.22% | entryNo=1
2026-06-04 17:22:15 INFO  BUY_FILLED 095610 phase=HOLDING
2026-06-04 17:22:15 INFO  SELL_EXECUTED [KRX] 095610 mode=BREAKOUT phase=EXITING exitType=VWAP_BREAK price=87900.0000 qty=112 reason=VWAP_BREAK pnl=-0.90% peakPnl=0.00% holdMs=8400000 high=88700.0000 avgPrice=88700.0000 weightedPnl=-0.90% (pending fill)
2026-06-04 17:22:15 INFO  SELL_FILLED_PNL 095610 reason=VWAP_BREAK filledQty=112/112 fillRatio=1.00 weightedPnl=-0.90% dailyPnl=-0.90%
2026-06-04 17:22:15 INFO  SELL_FILLED 095610 reason=VWAP_BREAK remainingQty=0 phase=NONE exitType=VWAP_BREAK
2026-06-04 17:22:15 INFO  BUY [KRX] 095610 mode=STRONG_PULLBACK price=115500.0000 qty=86 size=1.0000x score=0[D] | WHY: dayChg=10.11% fromHigh=-1.37% spScore=100 vol3/vol10=0.60x body=1.00 | VWAP: 4.10%(ABOVE slope=DN) allowedGap=5.00% | TREND: score=0 vel=0.00%/-0.09%/-0.09% accel=true | VOL: 600.0000/1092.5000 TO: 69240000.0000/126212140.0000 | HIGH: 117000.0000 fromHigh=-1.37% | SP: score=100 dayChg=10.11% fromHigh=-1.37% vol3/vol10=0.60x body=1.00 | entryNo=1
2026-06-04 17:22:15 INFO  BUY_FILLED 095610 phase=HOLDING
2026-06-04 17:22:15 INFO  SELL [BREAKEVEN_GUARD] 095610 pnl=-0.61% peakPnl=1.99% holdMs=600000
2026-06-04 17:22:15 INFO  SELL_EXECUTED [KRX] 095610 mode=STRONG_PULLBACK phase=EXITING exitType=TRAIL price=114700.0000 qty=86 reason=BREAKEVEN_GUARD pnl=-0.61% peakPnl=1.99% holdMs=600000 high=117700.0000 avgPrice=115400.0000 weightedPnl=-0.60% (pending fill)
2026-06-04 17:22:15 INFO  SELL_FILLED_PNL 095610 reason=BREAKEVEN_GUARD filledQty=86/86 fillRatio=1.00 weightedPnl=-0.60% dailyPnl=-0.60%
2026-06-04 17:22:15 INFO  SELL_FILLED 095610 reason=BREAKEVEN_GUARD remainingQty=0 phase=NONE exitType=TRAIL
2026-06-04 17:22:15 INFO  BUY [KRX] 095610 mode=VWAP_RECLAIM price=116000.0000 qty=86 size=1.0000x score=80[B] | WHY: dayChg=10.88% vrScore=100 aboveBars=5 hadBelow=true vol/vol5=1.87x | VWAP: 1.36%(ABOVE slope=UP) allowedGap=3.00% | TREND: score=3 vel=0.61%/1.13%/2.02% accel=false | VOL: 6812.0000/2489.4000 TO: 791554400.0000/284934245.0000 | HIGH: 116500.0000 fromHigh=-0.26% | VR: score=100 aboveBars=5 hadBelow=true vol/vol5=1.87x | entryNo=2
2026-06-04 17:22:15 INFO  BUY_FILLED 095610 phase=HOLDING
2026-06-04 17:22:15 INFO  SELL_EXECUTED [KRX] 095610 mode=VWAP_RECLAIM phase=EXITING exitType=VWAP_BREAK price=114500.0000 qty=86 reason=VWAP_BREAK pnl=-1.46% peakPnl=-0.34% holdMs=900000 high=115800.0000 avgPrice=116200.0000 weightedPnl=-1.46% (pending fill)
2026-06-04 17:22:15 INFO  SELL_FILLED_PNL 095610 reason=VWAP_BREAK filledQty=86/86 fillRatio=1.00 weightedPnl=-1.46% dailyPnl=-2.06%
2026-06-04 17:22:15 INFO  SELL_FILLED 095610 reason=VWAP_BREAK remainingQty=0 phase=NONE exitType=VWAP_BREAK
2026-06-04 17:22:15 INFO  BUY [KRX] 095610 mode=BREAKOUT price=117500.0000 qty=85 size=1.0000x score=80[B] | WHY: strongBreakout volBreakout retestOK multiUp vol(3.31x) | VWAP: 1.23%(ABOVE slope=UP) allowedGap=2.20% | TREND: score=3 vel=1.56%/1.47%/1.38% accel=true | VOL: 2496.0000/753.4000 TO: 293280000.0000/87533480.0000 | HIGH: 117500.0000 fromHigh=0.00% | entryNo=1
2026-06-04 17:22:15 INFO  BUY_FILLED 095610 phase=HOLDING
2026-06-04 17:22:15 INFO  SELL_EXECUTED [KRX] 095610 mode=BREAKOUT phase=EXITING exitType=VWAP_BREAK price=116000.0000 qty=85 reason=VWAP_BREAK pnl=-1.28% peakPnl=0.17% holdMs=600000 high=117700.0000 avgPrice=117500.0000 weightedPnl=-1.28% (pending fill)
2026-06-04 17:22:15 INFO  SELL_FILLED_PNL 095610 reason=VWAP_BREAK filledQty=85/85 fillRatio=1.00 weightedPnl=-1.28% dailyPnl=-1.28%
2026-06-04 17:22:15 INFO  SELL_FILLED 095610 reason=VWAP_BREAK remainingQty=0 phase=NONE exitType=VWAP_BREAK
2026-06-04 17:22:15 INFO  BUY [KRX] 095610 mode=BREAKOUT price=104500.0000 qty=95 size=1.0000x score=80[B] | WHY: strongBreakout volBreakout retestOK multiUp vol(5.75x) | VWAP: 1.67%(ABOVE slope=UP) allowedGap=2.20% | TREND: score=3 vel=0.58%/0.48%/0.19% accel=true | VOL: 6651.0000/1156.4000 TO: 695694600.0000/120471435.0000 | HIGH: 104600.0000 fromHigh=0.00% | entryNo=1
2026-06-04 17:22:15 INFO  BUY_FILLED 095610 phase=HOLDING
2026-06-04 17:22:15 INFO  SELL_EXECUTED [KRX] 095610 mode=BREAKOUT phase=EXITING exitType=VWAP_BREAK price=103800.0000 qty=95 reason=VWAP_BREAK pnl=-0.76% peakPnl=1.34% holdMs=3480000 high=106000.0000 avgPrice=104600.0000 weightedPnl=-0.76% (pending fill)
2026-06-04 17:22:15 INFO  SELL_FILLED_PNL 095610 reason=VWAP_BREAK filledQty=95/95 fillRatio=1.00 weightedPnl=-0.76% dailyPnl=-0.76%
2026-06-04 17:22:15 INFO  SELL_FILLED 095610 reason=VWAP_BREAK remainingQty=0 phase=NONE exitType=VWAP_BREAK
2026-06-04 17:22:15 INFO  BUY [KRX] 095610 mode=BREAKOUT price=104500.0000 qty=95 size=1.0000x score=80[B] | WHY: strongBreakout volBreakout retestOK multiUp vol(5.75x) | VWAP: 1.67%(ABOVE slope=UP) allowedGap=2.20% | TREND: score=3 vel=0.58%/0.48%/0.19% accel=true | VOL: 6651.0000/1156.4000 TO: 695694600.0000/120471435.0000 | HIGH: 104600.0000 fromHigh=0.00% | entryNo=1
2026-06-04 17:22:15 INFO  BUY_FILLED 095610 phase=HOLDING
2026-06-04 17:22:15 INFO  SELL_EXECUTED [KRX] 095610 mode=BREAKOUT phase=EXITING exitType=VWAP_BREAK price=103800.0000 qty=95 reason=VWAP_BREAK pnl=-0.76% peakPnl=1.34% holdMs=3480000 high=106000.0000 avgPrice=104600.0000 weightedPnl=-0.76% (pending fill)
2026-06-04 17:22:15 INFO  SELL_FILLED_PNL 095610 reason=VWAP_BREAK filledQty=95/95 fillRatio=1.00 weightedPnl=-0.76% dailyPnl=-0.76%
2026-06-04 17:22:15 INFO  SELL_FILLED 095610 reason=VWAP_BREAK remainingQty=0 phase=NONE exitType=VWAP_BREAK
2026-06-04 17:22:15 INFO  BUY amount set for 089030: 10000000.00
2026-06-04 17:22:15 INFO  BUY [KRX] 089030 mode=BREAKOUT price=68900.0000 qty=145 size=1.0000x score=90[S](CONV) | WHY: strongBreakout volBreakout retestOK multiUp vol(3.47x) | VWAP: 1.17%(ABOVE slope=UP) allowedGap=2.20% | TREND: score=3 vel=1.32%/1.17%/2.53% accel=true | VOL: 22830.0000/6582.0500 TO: 1572987000.0000/446266405.0000 | HIGH: 68900.0000 fromHigh=0.00% | entryNo=1
2026-06-04 17:22:15 INFO  BUY_FILLED 089030 phase=HOLDING
2026-06-04 17:22:15 INFO  SELL_EXECUTED [KRX] 089030 mode=BREAKOUT phase=EXITING exitType=VWAP_BREAK price=67800.0000 qty=145 reason=VWAP_BREAK pnl=-1.60% peakPnl=0.15% holdMs=600000 high=69000.0000 avgPrice=68900.0000 weightedPnl=-1.60% (pending fill)
2026-06-04 17:22:15 INFO  SELL_FILLED_PNL 089030 reason=VWAP_BREAK filledQty=145/145 fillRatio=1.00 weightedPnl=-1.60% dailyPnl=-1.60%
2026-06-04 17:22:15 INFO  SELL_FILLED 089030 reason=VWAP_BREAK remainingQty=0 phase=NONE exitType=VWAP_BREAK
2026-06-04 17:22:15 INFO  BUY [KRX] 089030 mode=BREAKOUT price=63200.0000 qty=158 size=1.0000x score=80[B] | WHY: strongBreakout volBreakout retestOK multiUp vol(3.05x) | VWAP: 1.64%(ABOVE slope=UP) allowedGap=2.20% | TREND: score=3 vel=0.56%/0.48%/0.48% accel=true | VOL: 14805.0000/4861.6500 TO: 935676000.0000/304682767.5000 | HIGH: 63300.0000 fromHigh=-0.16% | entryNo=1
2026-06-04 17:22:15 INFO  BUY_FILLED 089030 phase=HOLDING
2026-06-04 17:22:15 INFO  SELL [TRAIL_BREAKOUT] 089030 pnl=0.63% peakPnl=2.37% high=64700.0000 current=63600.0000
2026-06-04 17:22:15 INFO  SELL_EXECUTED [KRX] 089030 mode=BREAKOUT phase=EXITING exitType=TRAIL price=63600.0000 qty=158 reason=TRAIL_BREAKOUT pnl=0.63% peakPnl=2.37% holdMs=2940000 high=64700.0000 avgPrice=63200.0000 weightedPnl=0.63% (pending fill)
2026-06-04 17:22:15 INFO  SELL_FILLED_PNL 089030 reason=TRAIL_BREAKOUT filledQty=158/158 fillRatio=1.00 weightedPnl=0.63% dailyPnl=0.63%
2026-06-04 17:22:15 INFO  SELL_FILLED 089030 reason=TRAIL_BREAKOUT remainingQty=0 phase=NONE exitType=TRAIL
2026-06-04 17:22:15 INFO  BUY [KRX] 089030 mode=BREAKOUT price=54300.0000 qty=184 size=1.0000x score=85[A](CONV) | WHY: strongBreakout volBreakout retestOK multiUp vol(4.18x) | VWAP: 0.92%(ABOVE slope=UP) allowedGap=2.20% | TREND: score=3 vel=0.56%/0.37%/0.37% accel=true | VOL: 6467.0000/1548.8500 TO: 351158100.0000/83845755.0000 | HIGH: 54300.0000 fromHigh=0.00% | entryNo=1
2026-06-04 17:22:15 INFO  BUY_FILLED 089030 phase=HOLDING
2026-06-04 17:22:15 INFO  SELL_EXECUTED [KRX] 089030 mode=BREAKOUT phase=EXITING exitType=VWAP_BREAK price=53700.0000 qty=184 reason=VWAP_BREAK pnl=-1.10% peakPnl=0.00% holdMs=780000 high=54300.0000 avgPrice=54300.0000 weightedPnl=-1.10% (pending fill)
2026-06-04 17:22:15 INFO  SELL_FILLED_PNL 089030 reason=VWAP_BREAK filledQty=184/184 fillRatio=1.00 weightedPnl=-1.10% dailyPnl=-1.10%
2026-06-04 17:22:15 INFO  SELL_FILLED 089030 reason=VWAP_BREAK remainingQty=0 phase=NONE exitType=VWAP_BREAK
2026-06-04 17:22:16 INFO  BUY [KRX] 089030 mode=BREAKOUT price=47250.0000 qty=211 size=1.0000x score=85[A](CONV) | WHY: strongBreakout volBreakout retestOK multiUp vol(3.22x) | VWAP: 1.02%(ABOVE slope=UP) allowedGap=2.20% | TREND: score=3 vel=0.53%/0.43%/0.53% accel=true | VOL: 4580.0000/1422.0000 TO: 216405000.0000/66810672.5000 | HIGH: 47250.0000 fromHigh=0.00% | entryNo=1
2026-06-04 17:22:16 INFO  BUY_FILLED 089030 phase=HOLDING
2026-06-04 17:22:16 INFO  SELL [EOD_FORCE_SELL] 089030 pnl=-0.32% time=15:30
2026-06-04 17:22:16 INFO  SELL_EXECUTED [KRX] 089030 mode=BREAKOUT phase=EXITING exitType=TIMESTOP price=47100.0000 qty=211 reason=EOD_FORCE_SELL pnl=-0.32% peakPnl=0.42% holdMs=1380000 high=47450.0000 avgPrice=47250.0000 weightedPnl=-0.32% (pending fill)
2026-06-04 17:22:16 INFO  SELL_FILLED_PNL 089030 reason=EOD_FORCE_SELL filledQty=211/211 fillRatio=1.00 weightedPnl=-0.32% dailyPnl=-0.32%
2026-06-04 17:22:16 INFO  SELL_FILLED 089030 reason=EOD_FORCE_SELL remainingQty=0 phase=NONE exitType=TIMESTOP
2026-06-04 17:22:16 INFO  BUY [KRX] 089030 mode=BREAKOUT price=56100.0000 qty=178 size=1.0000x score=80[B] | WHY: strongBreakout volBreakout retestOK multiUp vol(2.49x) | VWAP: 0.63%(ABOVE slope=UP) allowedGap=2.20% | TREND: score=3 vel=0.36%/0.18%/0.45% accel=true | VOL: 8342.0000/3353.3500 TO: 467986200.0000/186717132.5000 | HIGH: 56100.0000 fromHigh=0.00% | entryNo=1
2026-06-04 17:22:16 INFO  BUY_FILLED 089030 phase=HOLDING
2026-06-04 17:22:16 INFO  SELL_EXECUTED [KRX] 089030 mode=BREAKOUT phase=EXITING exitType=VWAP_BREAK price=55600.0000 qty=178 reason=VWAP_BREAK pnl=-0.89% peakPnl=-0.36% holdMs=540000 high=55900.0000 avgPrice=56100.0000 weightedPnl=-0.89% (pending fill)
2026-06-04 17:22:16 INFO  SELL_FILLED_PNL 089030 reason=VWAP_BREAK filledQty=178/178 fillRatio=1.00 weightedPnl=-0.89% dailyPnl=-0.89%
2026-06-04 17:22:16 INFO  SELL_FILLED 089030 reason=VWAP_BREAK remainingQty=0 phase=NONE exitType=VWAP_BREAK
2026-06-04 17:22:16 INFO  BUY [KRX] 089030 mode=VWAP_RECLAIM price=60900.0000 qty=164 size=1.0000x score=58[D] | WHY: dayChg=10.73% vrScore=100 aboveBars=3 hadBelow=true vol/vol5=1.81x | VWAP: 0.49%(ABOVE slope=DN) allowedGap=3.00% | TREND: score=3 vel=0.50%/0.66%/0.50% accel=false | VOL: 10350.0000/4781.4500 TO: 630315000.0000/289501690.0000 | HIGH: 61000.0000 fromHigh=-0.16% | VR: score=100 aboveBars=3 hadBelow=true vol/vol5=1.81x | entryNo=1
2026-06-04 17:22:16 INFO  BUY_FILLED 089030 phase=HOLDING
2026-06-04 17:22:16 INFO  SELL_EXECUTED [KRX] 089030 mode=VWAP_RECLAIM phase=EXITING exitType=VWAP_BREAK price=60800.0000 qty=164 reason=VWAP_BREAK pnl=-0.16% peakPnl=1.48% holdMs=900000 high=61800.0000 avgPrice=60900.0000 weightedPnl=-0.16% (pending fill)
2026-06-04 17:22:16 INFO  SELL_FILLED_PNL 089030 reason=VWAP_BREAK filledQty=164/164 fillRatio=1.00 weightedPnl=-0.16% dailyPnl=-0.16%
2026-06-04 17:22:16 INFO  SELL_FILLED 089030 reason=VWAP_BREAK remainingQty=0 phase=NONE exitType=VWAP_BREAK
2026-06-04 17:22:16 INFO  BUY [KRX] 089030 mode=BREAKOUT price=60100.0000 qty=133 size=0.8000x score=80[B] | WHY: strongBreakout volBreakout retestOK multiUp vol(2.05x) | VWAP: 0.90%(ABOVE slope=UP) allowedGap=2.20% | TREND: score=3 vel=1.01%/0.67%/0.67% accel=true | VOL: 11400.0000/5549.9500 TO: 685140000.0000/329970905.0000 | HIGH: 60100.0000 fromHigh=0.00% | entryNo=1
2026-06-04 17:22:16 INFO  BUY_FILLED 089030 phase=HOLDING
2026-06-04 17:22:16 INFO  SELL_EXECUTED [KRX] 089030 mode=BREAKOUT phase=EXITING exitType=VWAP_BREAK price=59500.0000 qty=133 reason=VWAP_BREAK pnl=-1.00% peakPnl=0.67% holdMs=1080000 high=60500.0000 avgPrice=60100.0000 weightedPnl=-0.80% (pending fill)
2026-06-04 17:22:16 INFO  SELL_FILLED_PNL 089030 reason=VWAP_BREAK filledQty=133/133 fillRatio=1.00 weightedPnl=-0.80% dailyPnl=-0.80%
2026-06-04 17:22:16 INFO  SELL_FILLED 089030 reason=VWAP_BREAK remainingQty=0 phase=NONE exitType=VWAP_BREAK
2026-06-04 17:22:16 INFO  BUY amount set for 000250: 10000000.00
2026-06-04 17:22:16 INFO  BUY [KRX] 000250 mode=BREAKOUT price=769000.0000 qty=10 size=0.8000x score=85[A](CONV) | WHY: strongBreakout volBreakout retestOK multiUp vol(2.19x) | VWAP: 1.06%(ABOVE slope=UP) allowedGap=2.20% | TREND: score=3 vel=0.92%/0.39%/1.18% accel=true | VOL: 1922.0000/876.9500 TO: 1478018000.0000/665868650.0000 | HIGH: 769000.0000 fromHigh=0.00% | entryNo=1
2026-06-04 17:22:16 INFO  BUY_FILLED 000250 phase=HOLDING
2026-06-04 17:22:16 INFO  SELL [EOD_FORCE_SELL] 000250 pnl=-0.26% time=15:30
2026-06-04 17:22:16 INFO  SELL_EXECUTED [KRX] 000250 mode=BREAKOUT phase=EXITING exitType=TIMESTOP price=767000.0000 qty=10 reason=EOD_FORCE_SELL pnl=-0.26% peakPnl=0.52% holdMs=3660000 high=773000.0000 avgPrice=769000.0000 weightedPnl=-0.20% (pending fill)
2026-06-04 17:22:16 INFO  SELL_FILLED_PNL 000250 reason=EOD_FORCE_SELL filledQty=10/10 fillRatio=1.00 weightedPnl=-0.20% dailyPnl=-0.20%
2026-06-04 17:22:16 INFO  SELL_FILLED 000250 reason=EOD_FORCE_SELL remainingQty=0 phase=NONE exitType=TIMESTOP
2026-06-04 17:22:16 INFO  BUY [KRX] 000250 mode=VWAP_RECLAIM price=808000.0000 qty=12 size=1.0000x score=9[D] | WHY: dayChg=6.32% vrScore=100 aboveBars=3 hadBelow=true vol/vol5=2.05x | VWAP: 0.07%(ABOVE slope=DN) allowedGap=3.00% | TREND: score=1 vel=0.00%/0.12%/-0.12% accel=false | VOL: 467.0000/253.7500 TO: 377336000.0000/205198400.0000 | HIGH: 811000.0000 fromHigh=-0.37% | VR: score=100 aboveBars=3 hadBelow=true vol/vol5=2.05x | entryNo=1
2026-06-04 17:22:16 INFO  BUY_FILLED 000250 phase=HOLDING
2026-06-04 17:22:16 INFO  SELL_EXECUTED [KRX] 000250 mode=VWAP_RECLAIM phase=EXITING exitType=VWAP_BREAK price=807000.0000 qty=12 reason=VWAP_BREAK pnl=-0.12% peakPnl=0.12% holdMs=300000 high=809000.0000 avgPrice=808000.0000 weightedPnl=-0.12% (pending fill)
2026-06-04 17:22:16 INFO  SELL_FILLED_PNL 000250 reason=VWAP_BREAK filledQty=12/12 fillRatio=1.00 weightedPnl=-0.12% dailyPnl=-0.12%
2026-06-04 17:22:16 INFO  SELL_FILLED 000250 reason=VWAP_BREAK remainingQty=0 phase=NONE exitType=VWAP_BREAK
2026-06-04 17:22:16 INFO  BUY [KRX] 000250 mode=STRONG_PULLBACK price=911000.0000 qty=10 size=1.0000x score=0[D] | WHY: dayChg=13.17% fromHigh=-2.46% spScore=100 vol3/vol10=0.54x body=1.00 | VWAP: 2.60%(ABOVE slope=DN) allowedGap=5.00% | TREND: score=1 vel=0.55%/0.00%/-0.33% accel=true | VOL: 1315.0000/2141.1500 TO: 1197965000.0000/1977037300.0000 | HIGH: 934000.0000 fromHigh=-2.46% | SP: score=100 dayChg=13.17% fromHigh=-2.46% vol3/vol10=0.54x body=1.00 | entryNo=1
2026-06-04 17:22:16 INFO  BUY_FILLED 000250 phase=HOLDING
2026-06-04 17:22:16 INFO  SELL [TRAIL_STRONG_PULLBACK] 000250 pnl=1.87% peakPnl=2.85% high=937000.0000 current=928000.0000
2026-06-04 17:22:16 INFO  SELL_EXECUTED [KRX] 000250 mode=STRONG_PULLBACK phase=EXITING exitType=TRAIL price=928000.0000 qty=10 reason=TRAIL_STRONG_PULLBACK pnl=1.87% peakPnl=2.85% holdMs=3780000 high=937000.0000 avgPrice=911000.0000 weightedPnl=1.70% (pending fill)
2026-06-04 17:22:16 INFO  SELL_FILLED_PNL 000250 reason=TRAIL_STRONG_PULLBACK filledQty=10/10 fillRatio=1.00 weightedPnl=1.70% dailyPnl=1.70%
2026-06-04 17:22:16 INFO  SELL_FILLED 000250 reason=TRAIL_STRONG_PULLBACK remainingQty=0 phase=NONE exitType=TRAIL
2026-06-04 17:22:17 INFO  BUY [KRX] 000250 mode=BREAKOUT price=523000.0000 qty=19 size=1.0000x score=90[S](CONV) | WHY: strongBreakout volBreakout retestOK multiUp vol(4.82x) | VWAP: 1.01%(ABOVE slope=UP) allowedGap=2.20% | TREND: score=3 vel=0.97%/0.77%/0.77% accel=true | VOL: 2768.0000/573.8000 TO: 1447664000.0000/297636350.0000 | HIGH: 524000.0000 fromHigh=-0.19% | entryNo=1
2026-06-04 17:22:17 INFO  BUY_FILLED 000250 phase=HOLDING
2026-06-04 17:22:17 INFO  SELL_EXECUTED [KRX] 000250 mode=BREAKOUT phase=EXITING exitType=VWAP_BREAK price=518000.0000 qty=19 reason=VWAP_BREAK pnl=-0.96% peakPnl=0.86% holdMs=780000 high=527500.0000 avgPrice=523000.0000 weightedPnl=-0.95% (pending fill)
2026-06-04 17:22:17 INFO  SELL_FILLED_PNL 000250 reason=VWAP_BREAK filledQty=19/19 fillRatio=1.00 weightedPnl=-0.95% dailyPnl=-0.95%
2026-06-04 17:22:17 INFO  SELL_FILLED 000250 reason=VWAP_BREAK remainingQty=0 phase=NONE exitType=VWAP_BREAK
2026-06-04 17:22:17 INFO  BUY [KRX] 000250 mode=VWAP_RECLAIM price=520000.0000 qty=19 size=1.0000x score=75[C] | WHY: dayChg=7.00% vrScore=100 aboveBars=4 hadBelow=true vol/vol5=3.69x | VWAP: 0.57%(ABOVE slope=DN) allowedGap=3.00% | TREND: score=3 vel=0.58%/0.58%/0.58% accel=false | VOL: 2538.0000/367.1000 TO: 1319760000.0000/190083500.0000 | HIGH: 521000.0000 fromHigh=-0.19% | VR: score=100 aboveBars=4 hadBelow=true vol/vol5=3.69x | entryNo=1
2026-06-04 17:22:17 INFO  BUY_FILLED 000250 phase=HOLDING
2026-06-04 17:22:17 INFO  SELL_EXECUTED [KRX] 000250 mode=VWAP_RECLAIM phase=EXITING exitType=PROFIT price=531000.0000 qty=19 reason=TAKE_PROFIT_VWAP_RECLAIM pnl=2.12% peakPnl=2.12% holdMs=600000 high=531000.0000 avgPrice=520000.0000 weightedPnl=2.09% (pending fill)
2026-06-04 17:22:17 INFO  SELL_FILLED_PNL 000250 reason=TAKE_PROFIT_VWAP_RECLAIM filledQty=19/19 fillRatio=1.00 weightedPnl=2.09% dailyPnl=2.09%
2026-06-04 17:22:17 INFO  SELL_FILLED 000250 reason=TAKE_PROFIT_VWAP_RECLAIM remainingQty=0 phase=NONE exitType=PROFIT
2026-06-04 17:22:17 INFO  BUY [KRX] 000250 mode=VWAP_RECLAIM price=407500.0000 qty=24 size=1.0000x score=67[D] | WHY: dayChg=8.74% vrScore=100 aboveBars=3 hadBelow=true vol/vol5=1.99x | VWAP: 1.36%(ABOVE slope=UP) allowedGap=3.00% | TREND: score=3 vel=0.43%/1.56%/1.05% accel=false | VOL: 3867.0000/986.9000 TO: 1574835750.0000/398762762.5000 | HIGH: 408000.0000 fromHigh=-0.18% | VR: score=100 aboveBars=3 hadBelow=true vol/vol5=1.99x | entryNo=1
2026-06-04 17:22:17 INFO  BUY_FILLED 000250 phase=HOLDING
2026-06-04 17:22:17 INFO  SELL_EXECUTED [KRX] 000250 mode=VWAP_RECLAIM phase=EXITING exitType=VWAP_BREAK price=403000.0000 qty=24 reason=VWAP_BREAK pnl=-1.04% peakPnl=0.31% holdMs=4080000 high=408500.0000 avgPrice=407250.0000 weightedPnl=-1.02% (pending fill)
2026-06-04 17:22:17 INFO  SELL_FILLED_PNL 000250 reason=VWAP_BREAK filledQty=24/24 fillRatio=1.00 weightedPnl=-1.02% dailyPnl=-1.02%
2026-06-04 17:22:17 INFO  SELL_FILLED 000250 reason=VWAP_BREAK remainingQty=0 phase=NONE exitType=VWAP_BREAK
2026-06-04 17:22:17 INFO  BUY [KRX] 000250 mode=BREAKOUT price=412000.0000 qty=24 size=1.0000x score=85[A](CONV) | WHY: strongBreakout volBreakout retestOK multiUp vol(3.78x) | VWAP: 1.59%(ABOVE slope=UP) allowedGap=2.20% | TREND: score=3 vel=1.10%/0.98%/1.23% accel=true | VOL: 3485.0000/921.9000 TO: 1435820000.0000/377413700.0000 | HIGH: 413000.0000 fromHigh=-0.24% | entryNo=2
2026-06-04 17:22:17 INFO  BUY_FILLED 000250 phase=HOLDING
2026-06-04 17:22:17 INFO  SELL_EXECUTED [KRX] 000250 mode=BREAKOUT phase=EXITING exitType=VWAP_BREAK price=408500.0000 qty=24 reason=VWAP_BREAK pnl=-0.85% peakPnl=1.33% holdMs=1200000 high=417500.0000 avgPrice=412000.0000 weightedPnl=-0.84% (pending fill)
2026-06-04 17:22:17 INFO  SELL_FILLED_PNL 000250 reason=VWAP_BREAK filledQty=24/24 fillRatio=1.00 weightedPnl=-0.84% dailyPnl=-1.86%
2026-06-04 17:22:17 INFO  SELL_FILLED 000250 reason=VWAP_BREAK remainingQty=0 phase=NONE exitType=VWAP_BREAK
2026-06-04 17:22:17 INFO  BUY [KRX] 000250 mode=BREAKOUT price=441000.0000 qty=22 size=1.0000x score=90[S](CONV) | WHY: strongBreakout volBreakout retestOK multiUp vol(6.15x) | VWAP: 1.00%(ABOVE slope=UP) allowedGap=2.20% | TREND: score=3 vel=0.68%/0.57%/0.68% accel=true | VOL: 2121.0000/345.0500 TO: 935361000.0000/151298500.0000 | HIGH: 441000.0000 fromHigh=0.00% | entryNo=1
2026-06-04 17:22:17 INFO  BUY_FILLED 000250 phase=HOLDING
2026-06-04 17:22:17 INFO  SELL_EXECUTED [KRX] 000250 mode=BREAKOUT phase=EXITING exitType=VWAP_BREAK price=438000.0000 qty=22 reason=VWAP_BREAK pnl=-0.68% peakPnl=0.00% holdMs=9180000 high=441000.0000 avgPrice=441000.0000 weightedPnl=-0.66% (pending fill)
2026-06-04 17:22:17 INFO  SELL_FILLED_PNL 000250 reason=VWAP_BREAK filledQty=22/22 fillRatio=1.00 weightedPnl=-0.66% dailyPnl=-0.66%
2026-06-04 17:22:17 INFO  SELL_FILLED 000250 reason=VWAP_BREAK remainingQty=0 phase=NONE exitType=VWAP_BREAK
2026-06-04 17:22:17 INFO  BUY [KRX] 000250 mode=BREAKOUT price=396500.0000 qty=25 size=1.0000x score=90[S](CONV) | WHY: strongBreakout volBreakout retestOK multiUp vol(9.71x) | VWAP: 0.51%(ABOVE slope=UP) allowedGap=2.20% | TREND: score=3 vel=0.76%/0.63%/0.51% accel=true | VOL: 3681.0000/378.9500 TO: 1459516500.0000/149844425.0000 | HIGH: 397000.0000 fromHigh=-0.13% | entryNo=1
2026-06-04 17:22:17 INFO  BUY_FILLED 000250 phase=HOLDING
2026-06-04 17:22:17 INFO  SELL [EOD_FORCE_SELL] 000250 pnl=0.76% time=15:30
2026-06-04 17:22:17 INFO  SELL_EXECUTED [KRX] 000250 mode=BREAKOUT phase=EXITING exitType=TIMESTOP price=399500.0000 qty=25 reason=EOD_FORCE_SELL pnl=0.76% peakPnl=1.77% holdMs=4800000 high=403500.0000 avgPrice=396500.0000 weightedPnl=0.75% (pending fill)
2026-06-04 17:22:17 INFO  SELL_FILLED_PNL 000250 reason=EOD_FORCE_SELL filledQty=25/25 fillRatio=1.00 weightedPnl=0.75% dailyPnl=0.75%
2026-06-04 17:22:17 INFO  SELL_FILLED 000250 reason=EOD_FORCE_SELL remainingQty=0 phase=NONE exitType=TIMESTOP
2026-06-04 17:22:17 INFO  BUY [KRX] 000250 mode=BREAKOUT price=401000.0000 qty=24 size=1.0000x score=80[B] | WHY: strongBreakout volBreakout retestOK multiUp vol(3.02x) | VWAP: 0.98%(ABOVE slope=UP) allowedGap=2.20% | TREND: score=3 vel=0.38%/0.25%/0.63% accel=true | VOL: 1340.0000/444.1500 TO: 537340000.0000/177264600.0000 | HIGH: 401500.0000 fromHigh=-0.12% | entryNo=1
2026-06-04 17:22:17 INFO  BUY_FILLED 000250 phase=HOLDING
2026-06-04 17:22:17 INFO  SELL [EOD_FORCE_SELL] 000250 pnl=-0.50% time=15:30
2026-06-04 17:22:17 INFO  SELL_EXECUTED [KRX] 000250 mode=BREAKOUT phase=EXITING exitType=TIMESTOP price=399000.0000 qty=24 reason=EOD_FORCE_SELL pnl=-0.50% peakPnl=0.12% holdMs=2400000 high=401500.0000 avgPrice=401000.0000 weightedPnl=-0.48% (pending fill)
2026-06-04 17:22:17 INFO  SELL_FILLED_PNL 000250 reason=EOD_FORCE_SELL filledQty=24/24 fillRatio=1.00 weightedPnl=-0.48% dailyPnl=-0.48%
2026-06-04 17:22:17 INFO  SELL_FILLED 000250 reason=EOD_FORCE_SELL remainingQty=0 phase=NONE exitType=TIMESTOP
2026-06-04 17:22:17 INFO  BUY [KRX] 000250 mode=BREAKOUT price=394500.0000 qty=25 size=1.0000x score=90[S](CONV) | WHY: strongBreakout volBreakout retestOK multiUp vol(3.57x) | VWAP: 1.15%(ABOVE slope=UP) allowedGap=2.20% | TREND: score=3 vel=0.90%/0.77%/0.90% accel=true | VOL: 1024.0000/286.7000 TO: 403968000.0000/112429275.0000 | HIGH: 395000.0000 fromHigh=-0.13% | entryNo=1
2026-06-04 17:22:17 INFO  BUY_FILLED 000250 phase=HOLDING
2026-06-04 17:22:17 INFO  SELL [EOD_FORCE_SELL] 000250 pnl=1.14% time=15:30
2026-06-04 17:22:17 INFO  SELL_EXECUTED [KRX] 000250 mode=BREAKOUT phase=EXITING exitType=TIMESTOP price=399000.0000 qty=25 reason=EOD_FORCE_SELL pnl=1.14% peakPnl=1.77% holdMs=2640000 high=401500.0000 avgPrice=394500.0000 weightedPnl=1.13% (pending fill)
2026-06-04 17:22:17 INFO  SELL_FILLED_PNL 000250 reason=EOD_FORCE_SELL filledQty=25/25 fillRatio=1.00 weightedPnl=1.13% dailyPnl=1.13%
2026-06-04 17:22:17 INFO  SELL_FILLED 000250 reason=EOD_FORCE_SELL remainingQty=0 phase=NONE exitType=TIMESTOP
2026-06-04 17:22:17 INFO  BUY [KRX] 000250 mode=BREAKOUT price=370500.0000 qty=26 size=1.0000x score=90[S](CONV) | WHY: strongBreakout volBreakout retestOK multiUp vol(6.02x) | VWAP: 1.51%(ABOVE slope=UP) allowedGap=2.20% | TREND: score=3 vel=1.23%/1.09%/0.82% accel=true | VOL: 2467.0000/409.5000 TO: 914023500.0000/150495112.5000 | HIGH: 371500.0000 fromHigh=-0.27% | entryNo=1
2026-06-04 17:22:17 INFO  BUY_FILLED 000250 phase=HOLDING
2026-06-04 17:22:17 INFO  SELL [EOD_FORCE_SELL] 000250 pnl=0.81% time=15:30
2026-06-04 17:22:17 INFO  SELL_EXECUTED [KRX] 000250 mode=BREAKOUT phase=EXITING exitType=TIMESTOP price=373500.0000 qty=26 reason=EOD_FORCE_SELL pnl=0.81% peakPnl=1.21% holdMs=7920000 high=375000.0000 avgPrice=370500.0000 weightedPnl=0.78% (pending fill)
2026-06-04 17:22:17 INFO  SELL_FILLED_PNL 000250 reason=EOD_FORCE_SELL filledQty=26/26 fillRatio=1.00 weightedPnl=0.78% dailyPnl=0.78%
2026-06-04 17:22:17 INFO  SELL_FILLED 000250 reason=EOD_FORCE_SELL remainingQty=0 phase=NONE exitType=TIMESTOP
2026-06-04 17:22:17 INFO  BUY [KRX] 000250 mode=BREAKOUT price=358000.0000 qty=22 size=0.8000x score=85[A](CONV) | WHY: strongBreakout volBreakout retestOK multiUp vol(2.15x) | VWAP: 1.52%(ABOVE slope=UP) allowedGap=2.20% | TREND: score=3 vel=1.13%/0.99%/1.56% accel=true | VOL: 892.0000/414.3000 TO: 319336000.0000/146650925.0000 | HIGH: 359000.0000 fromHigh=-0.28% | entryNo=1
2026-06-04 17:22:17 INFO  BUY_FILLED 000250 phase=HOLDING
2026-06-04 17:22:17 INFO  SELL [TRAIL_BREAKOUT] 000250 pnl=0.70% peakPnl=2.51% high=367000.0000 current=360500.0000
2026-06-04 17:22:17 INFO  SELL_EXECUTED [KRX] 000250 mode=BREAKOUT phase=EXITING exitType=TRAIL price=360500.0000 qty=22 reason=TRAIL_BREAKOUT pnl=0.70% peakPnl=2.51% holdMs=2160000 high=367000.0000 avgPrice=358000.0000 weightedPnl=0.55% (pending fill)
2026-06-04 17:22:17 INFO  SELL_FILLED_PNL 000250 reason=TRAIL_BREAKOUT filledQty=22/22 fillRatio=1.00 weightedPnl=0.55% dailyPnl=0.55%
2026-06-04 17:22:17 INFO  SELL_FILLED 000250 reason=TRAIL_BREAKOUT remainingQty=0 phase=NONE exitType=TRAIL
2026-06-04 17:35:23 INFO  BUY amount set for 402340: 10000000.00
2026-06-04 17:35:25 INFO  BUY amount set for 454910: 10000000.00
2026-06-04 17:35:26 INFO  BUY [KRX] 454910 mode=VWAP_RECLAIM price=135500.0000 qty=73 size=1.0000x score=27[D] | WHY: dayChg=9.36% vrScore=100 aboveBars=4 hadBelow=true vol/vol5=1.98x | VWAP: 2.47%(ABOVE slope=UP) allowedGap=3.00% | TREND: score=3 vel=1.12%/1.65%/1.65% accel=false | VOL: 64288.0000/33106.6500 TO: 8711024000.0000/4441175725.0000 | HIGH: 136300.0000 fromHigh=-0.59% | VR: score=100 aboveBars=4 hadBelow=true vol/vol5=1.98x | entryNo=1
2026-06-04 17:35:26 INFO  BUY_FILLED 454910 phase=HOLDING
2026-06-04 17:35:26 INFO  SELL_EXECUTED [KRX] 454910 mode=VWAP_RECLAIM phase=EXITING exitType=STOPLOSS price=133000.0000 qty=73 reason=STOP_LOSS_VWAP_RECLAIM pnl=-1.85% peakPnl=0.30% holdMs=240000 high=135900.0000 avgPrice=135500.0000 weightedPnl=-1.83% (pending fill)
2026-06-04 17:35:26 INFO  SELL_FILLED_PNL 454910 reason=STOP_LOSS_VWAP_RECLAIM filledQty=73/73 fillRatio=1.00 weightedPnl=-1.83% dailyPnl=-1.83%
2026-06-04 17:35:26 INFO  SELL_FILLED 454910 reason=STOP_LOSS_VWAP_RECLAIM remainingQty=0 phase=NONE exitType=STOPLOSS
2026-06-04 17:35:26 INFO  BUY amount set for 012330: 10000000.00
2026-06-04 17:35:27 INFO  BUY [KRX] 012330 mode=VWAP_RECLAIM price=635000.0000 qty=15 size=1.0000x score=52[D] | WHY: dayChg=11.21% vrScore=100 aboveBars=3 hadBelow=true vol/vol5=2.04x | VWAP: 0.27%(ABOVE slope=DN) allowedGap=3.00% | TREND: score=3 vel=0.16%/0.32%/0.32% accel=false | VOL: 2113.0000/1005.7000 TO: 1341755000.0000/636002450.0000 | HIGH: 636000.0000 fromHigh=-0.16% | VR: score=100 aboveBars=3 hadBelow=true vol/vol5=2.04x | entryNo=1
2026-06-04 17:35:27 INFO  BUY_FILLED 012330 phase=HOLDING
2026-06-04 17:35:27 INFO  SELL_EXECUTED [KRX] 012330 mode=VWAP_RECLAIM phase=EXITING exitType=PROFIT price=650000.0000 qty=15 reason=TAKE_PROFIT_VWAP_RECLAIM pnl=2.36% peakPnl=2.36% holdMs=360000 high=650000.0000 avgPrice=635000.0000 weightedPnl=2.25% (pending fill)
2026-06-04 17:35:27 INFO  SELL_FILLED_PNL 012330 reason=TAKE_PROFIT_VWAP_RECLAIM filledQty=15/15 fillRatio=1.00 weightedPnl=2.25% dailyPnl=2.25%
2026-06-04 17:35:27 INFO  SELL_FILLED 012330 reason=TAKE_PROFIT_VWAP_RECLAIM remainingQty=0 phase=NONE exitType=PROFIT
2026-06-04 17:35:27 INFO  BUY [KRX] 012330 mode=VWAP_RECLAIM price=703000.0000 qty=14 size=1.0000x score=62[D] | WHY: dayChg=6.35% vrScore=100 aboveBars=5 hadBelow=true vol/vol5=2.04x | VWAP: 1.58%(ABOVE slope=UP) allowedGap=3.00% | TREND: score=3 vel=1.44%/1.30%/1.81% accel=true | VOL: 6855.0000/4068.6500 TO: 4819065000.0000/2838748525.0000 | HIGH: 704000.0000 fromHigh=-0.14% | VR: score=100 aboveBars=5 hadBelow=true vol/vol5=2.04x | entryNo=1
2026-06-04 17:35:27 INFO  BUY_FILLED 012330 phase=HOLDING
2026-06-04 17:35:27 INFO  SELL_EXECUTED [KRX] 012330 mode=VWAP_RECLAIM phase=EXITING exitType=VWAP_BREAK price=694000.0000 qty=14 reason=VWAP_BREAK pnl=-1.28% peakPnl=0.57% holdMs=1320000 high=707000.0000 avgPrice=703000.0000 weightedPnl=-1.26% (pending fill)
2026-06-04 17:35:27 INFO  SELL_FILLED_PNL 012330 reason=VWAP_BREAK filledQty=14/14 fillRatio=1.00 weightedPnl=-1.26% dailyPnl=-1.26%
2026-06-04 17:35:27 INFO  SELL_FILLED 012330 reason=VWAP_BREAK remainingQty=0 phase=NONE exitType=VWAP_BREAK
2026-06-04 17:35:27 INFO  BUY [KRX] 012330 mode=VWAP_RECLAIM price=771000.0000 qty=12 size=1.0000x score=20[D] | WHY: dayChg=8.29% vrScore=100 aboveBars=3 hadBelow=true vol/vol5=2.07x | VWAP: 0.33%(ABOVE slope=DN) allowedGap=3.00% | TREND: score=3 vel=0.13%/0.52%/0.52% accel=false | VOL: 5534.0000/5159.7500 TO: 4266714000.0000/3974079550.0000 | HIGH: 773000.0000 fromHigh=-0.26% | VR: score=100 aboveBars=3 hadBelow=true vol/vol5=2.07x | entryNo=1
2026-06-04 17:35:27 INFO  BUY_FILLED 012330 phase=HOLDING
2026-06-04 17:35:27 INFO  SELL_EXECUTED [KRX] 012330 mode=VWAP_RECLAIM phase=EXITING exitType=VWAP_BREAK price=768000.0000 qty=12 reason=VWAP_BREAK pnl=-0.39% peakPnl=0.78% holdMs=1080000 high=777000.0000 avgPrice=771000.0000 weightedPnl=-0.36% (pending fill)
2026-06-04 17:35:27 INFO  SELL_FILLED_PNL 012330 reason=VWAP_BREAK filledQty=12/12 fillRatio=1.00 weightedPnl=-0.36% dailyPnl=-0.36%
2026-06-04 17:35:27 INFO  SELL_FILLED 012330 reason=VWAP_BREAK remainingQty=0 phase=NONE exitType=VWAP_BREAK
2026-06-04 17:35:27 INFO  BUY amount set for 028260: 10000000.00
2026-06-04 17:35:28 INFO  BUY [KRX] 028260 mode=VWAP_RECLAIM price=379500.0000 qty=26 size=1.0000x score=80[B] | WHY: dayChg=9.05% vrScore=100 aboveBars=3 hadBelow=true vol/vol5=2.61x | VWAP: 0.32%(ABOVE slope=DN) allowedGap=3.00% | TREND: score=3 vel=0.26%/0.40%/0.80% accel=false | VOL: 12419.0000/3068.4500 TO: 4713010500.0000/1159053650.0000 | HIGH: 380500.0000 fromHigh=-0.26% | VR: score=100 aboveBars=3 hadBelow=true vol/vol5=2.61x | entryNo=1
2026-06-04 17:35:28 INFO  BUY_FILLED 028260 phase=HOLDING
2026-06-04 17:35:28 INFO  SELL_EXECUTED [KRX] 028260 mode=VWAP_RECLAIM phase=EXITING exitType=VWAP_BREAK price=378000.0000 qty=26 reason=VWAP_BREAK pnl=-0.40% peakPnl=0.26% holdMs=1320000 high=380500.0000 avgPrice=379500.0000 weightedPnl=-0.39% (pending fill)
2026-06-04 17:35:28 INFO  SELL_FILLED_PNL 028260 reason=VWAP_BREAK filledQty=26/26 fillRatio=1.00 weightedPnl=-0.39% dailyPnl=-0.39%
2026-06-04 17:35:28 INFO  SELL_FILLED 028260 reason=VWAP_BREAK remainingQty=0 phase=NONE exitType=VWAP_BREAK
2026-06-04 17:37:52 INFO  BUY amount set for 011790: 10000000.00
2026-06-04 17:37:53 INFO  BUY amount set for 034020: 10000000.00
2026-06-04 17:37:53 INFO  BUY amount set for 089970: 10000000.00
2026-06-04 17:37:54 INFO  BUY [KRX] 089970 mode=VWAP_RECLAIM price=57500.0000 qty=173 size=1.0000x score=57[D] | WHY: dayChg=7.08% vrScore=100 aboveBars=3 hadBelow=true vol/vol5=2.60x | VWAP: 0.80%(ABOVE slope=DN) allowedGap=3.00% | TREND: score=3 vel=0.17%/0.88%/0.88% accel=false | VOL: 5365.0000/1726.2500 TO: 308487500.0000/98593150.0000 | HIGH: 57600.0000 fromHigh=-0.17% | VR: score=100 aboveBars=3 hadBelow=true vol/vol5=2.60x | entryNo=1
2026-06-04 17:37:54 INFO  BUY_FILLED 089970 phase=HOLDING
2026-06-04 17:37:54 INFO  SELL_EXECUTED [KRX] 089970 mode=VWAP_RECLAIM phase=EXITING exitType=PROFIT price=58700.0000 qty=173 reason=TAKE_PROFIT_VWAP_RECLAIM pnl=2.09% peakPnl=2.09% holdMs=1140000 high=58700.0000 avgPrice=57500.0000 weightedPnl=2.08% (pending fill)
2026-06-04 17:37:54 INFO  SELL_FILLED_PNL 089970 reason=TAKE_PROFIT_VWAP_RECLAIM filledQty=173/173 fillRatio=1.00 weightedPnl=2.08% dailyPnl=2.08%
2026-06-04 17:37:54 INFO  SELL_FILLED 089970 reason=TAKE_PROFIT_VWAP_RECLAIM remainingQty=0 phase=NONE exitType=PROFIT
2026-06-04 17:37:54 INFO  BUY [KRX] 089970 mode=VWAP_RECLAIM price=64600.0000 qty=154 size=1.0000x score=55[D] | WHY: dayChg=6.25% vrScore=100 aboveBars=3 hadBelow=true vol/vol5=2.93x | VWAP: 0.50%(ABOVE slope=UP) allowedGap=3.00% | TREND: score=3 vel=0.31%/0.78%/0.78% accel=false | VOL: 10123.0000/1744.4500 TO: 653945800.0000/112191572.5000 | HIGH: 65000.0000 fromHigh=-0.62% | VR: score=100 aboveBars=3 hadBelow=true vol/vol5=2.93x | entryNo=1
2026-06-04 17:37:54 INFO  BUY_FILLED 089970 phase=HOLDING
2026-06-04 17:37:54 INFO  SELL_EXECUTED [KRX] 089970 mode=VWAP_RECLAIM phase=EXITING exitType=VWAP_BREAK price=64200.0000 qty=154 reason=VWAP_BREAK pnl=-0.62% peakPnl=0.00% holdMs=240000 high=64600.0000 avgPrice=64600.0000 weightedPnl=-0.62% (pending fill)
2026-06-04 17:37:54 INFO  SELL_FILLED_PNL 089970 reason=VWAP_BREAK filledQty=154/154 fillRatio=1.00 weightedPnl=-0.62% dailyPnl=-0.62%
2026-06-04 17:37:54 INFO  SELL_FILLED 089970 reason=VWAP_BREAK remainingQty=0 phase=NONE exitType=VWAP_BREAK
2026-06-04 17:37:54 INFO  BUY [KRX] 089970 mode=VWAP_RECLAIM price=64600.0000 qty=154 size=1.0000x score=55[D] | WHY: dayChg=6.25% vrScore=100 aboveBars=3 hadBelow=true vol/vol5=2.93x | VWAP: 0.50%(ABOVE slope=UP) allowedGap=3.00% | TREND: score=3 vel=0.31%/0.78%/0.78% accel=false | VOL: 10123.0000/1744.4500 TO: 653945800.0000/112191572.5000 | HIGH: 65000.0000 fromHigh=-0.62% | VR: score=100 aboveBars=3 hadBelow=true vol/vol5=2.93x | entryNo=1
2026-06-04 17:37:54 INFO  BUY_FILLED 089970 phase=HOLDING
2026-06-04 17:37:54 INFO  SELL_EXECUTED [KRX] 089970 mode=VWAP_RECLAIM phase=EXITING exitType=VWAP_BREAK price=64200.0000 qty=154 reason=VWAP_BREAK pnl=-0.62% peakPnl=0.00% holdMs=240000 high=64600.0000 avgPrice=64600.0000 weightedPnl=-0.62% (pending fill)
2026-06-04 17:37:54 INFO  SELL_FILLED_PNL 089970 reason=VWAP_BREAK filledQty=154/154 fillRatio=1.00 weightedPnl=-0.62% dailyPnl=-0.62%
2026-06-04 17:37:54 INFO  SELL_FILLED 089970 reason=VWAP_BREAK remainingQty=0 phase=NONE exitType=VWAP_BREAK
2026-06-04 17:39:27 INFO  BUY amount set for 011790: 10000000.00
2026-06-04 17:39:28 INFO  BUY [KRX] 011790 mode=BREAKOUT price=119000.0000 qty=84 size=1.0000x score=80[B] | WHY: strongBreakout volBreakout retestOK multiUp vol(3.71x) | VWAP: 1.44%(ABOVE slope=UP) allowedGap=2.20% | TREND: score=3 vel=0.76%/0.59%/0.68% accel=true | VOL: 13933.0000/3757.6000 TO: 1655240400.0000/443761410.0000 | HIGH: 119000.0000 fromHigh=-0.17% | entryNo=1
2026-06-04 17:39:28 INFO  BUY_FILLED 011790 phase=HOLDING
2026-06-04 17:39:28 INFO  SELL [EOD_FORCE_SELL] 011790 pnl=2.69% time=15:30
2026-06-04 17:39:28 INFO  SELL_EXECUTED [KRX] 011790 mode=BREAKOUT phase=EXITING exitType=TIMESTOP price=122000.0000 qty=84 reason=EOD_FORCE_SELL pnl=2.69% peakPnl=2.69% holdMs=2400000 high=122000.0000 avgPrice=118800.0000 weightedPnl=2.69% (pending fill)
2026-06-04 17:39:28 INFO  SELL_FILLED_PNL 011790 reason=EOD_FORCE_SELL filledQty=84/84 fillRatio=1.00 weightedPnl=2.69% dailyPnl=2.69%
2026-06-04 17:39:28 INFO  SELL_FILLED 011790 reason=EOD_FORCE_SELL remainingQty=0 phase=NONE exitType=TIMESTOP
2026-06-04 17:39:28 INFO  BUY amount set for 034020: 10000000.00
2026-06-04 17:39:28 INFO  BUY [KRX] 034020 mode=VWAP_RECLAIM price=107000.0000 qty=93 size=1.0000x score=70[D] | WHY: dayChg=6.45% vrScore=100 aboveBars=4 hadBelow=true vol/vol5=2.94x | VWAP: 0.44%(ABOVE slope=DN) allowedGap=3.00% | TREND: score=3 vel=0.28%/0.37%/0.37% accel=false | VOL: 51277.0000/10187.0000 TO: 5496894400.0000/1086676610.0000 | HIGH: 107300.0000 fromHigh=-0.09% | VR: score=100 aboveBars=4 hadBelow=true vol/vol5=2.94x | entryNo=1
2026-06-04 17:39:28 INFO  BUY_FILLED 034020 phase=HOLDING
2026-06-04 17:39:28 INFO  SELL_EXECUTED [KRX] 034020 mode=VWAP_RECLAIM phase=EXITING exitType=VWAP_BREAK price=106500.0000 qty=93 reason=VWAP_BREAK pnl=-0.65% peakPnl=0.09% holdMs=1440000 high=107300.0000 avgPrice=107200.0000 weightedPnl=-0.65% (pending fill)
2026-06-04 17:39:28 INFO  SELL_FILLED_PNL 034020 reason=VWAP_BREAK filledQty=93/93 fillRatio=1.00 weightedPnl=-0.65% dailyPnl=-0.65%
2026-06-04 17:39:28 INFO  SELL_FILLED 034020 reason=VWAP_BREAK remainingQty=0 phase=NONE exitType=VWAP_BREAK
2026-06-04 17:39:29 INFO  BUY amount set for 089970: 10000000.00
2026-06-04 17:39:29 INFO  BUY [KRX] 089970 mode=VWAP_RECLAIM price=43250.0000 qty=231 size=1.0000x score=42[D] | WHY: dayChg=9.77% vrScore=100 aboveBars=5 hadBelow=true vol/vol5=2.35x | VWAP: 1.07%(ABOVE slope=UP) allowedGap=3.00% | TREND: score=2 vel=0.00%/0.23%/1.29% accel=false | VOL: 8713.0000/3079.8500 TO: 376837250.0000/132033536.2500 | HIGH: 43250.0000 fromHigh=0.00% | VR: score=100 aboveBars=5 hadBelow=true vol/vol5=2.35x | entryNo=1
2026-06-04 17:39:29 INFO  BUY_FILLED 089970 phase=HOLDING
2026-06-04 17:39:29 INFO  SELL_EXECUTED [KRX] 089970 mode=VWAP_RECLAIM phase=EXITING exitType=VWAP_BREAK price=42800.0000 qty=231 reason=VWAP_BREAK pnl=-1.04% peakPnl=0.12% holdMs=300000 high=43300.0000 avgPrice=43250.0000 weightedPnl=-1.04% (pending fill)
2026-06-04 17:39:29 INFO  SELL_FILLED_PNL 089970 reason=VWAP_BREAK filledQty=231/231 fillRatio=1.00 weightedPnl=-1.04% dailyPnl=-1.04%
2026-06-04 17:39:29 INFO  SELL_FILLED 089970 reason=VWAP_BREAK remainingQty=0 phase=NONE exitType=VWAP_BREAK
2026-06-04 17:39:30 INFO  BUY [KRX] 089970 mode=VWAP_RECLAIM price=48400.0000 qty=206 size=1.0000x score=45[D] | WHY: dayChg=7.56% vrScore=100 aboveBars=5 hadBelow=true vol/vol5=2.69x | VWAP: 2.04%(ABOVE slope=UP) allowedGap=3.00% | TREND: score=3 vel=1.26%/1.47%/2.54% accel=false | VOL: 13929.0000/2069.1500 TO: 674163600.0000/98725872.5000 | HIGH: 48400.0000 fromHigh=0.00% | VR: score=100 aboveBars=5 hadBelow=true vol/vol5=2.69x | entryNo=1
2026-06-04 17:39:30 INFO  BUY_FILLED 089970 phase=HOLDING
2026-06-04 17:39:30 INFO  SELL [TRAIL_VWAP_RECLAIM] 089970 pnl=0.62% peakPnl=1.65% high=49200.0000 current=48700.0000
2026-06-04 17:39:30 INFO  SELL_EXECUTED [KRX] 089970 mode=VWAP_RECLAIM phase=EXITING exitType=TRAIL price=48700.0000 qty=206 reason=TRAIL_VWAP_RECLAIM pnl=0.62% peakPnl=1.65% holdMs=2460000 high=49200.0000 avgPrice=48400.0000 weightedPnl=0.62% (pending fill)
2026-06-04 17:39:30 INFO  SELL_FILLED_PNL 089970 reason=TRAIL_VWAP_RECLAIM filledQty=206/206 fillRatio=1.00 weightedPnl=0.62% dailyPnl=0.62%
2026-06-04 17:39:30 INFO  SELL_FILLED 089970 reason=TRAIL_VWAP_RECLAIM remainingQty=0 phase=NONE exitType=TRAIL
2026-06-04 17:39:30 INFO  BUY [KRX] 089970 mode=VWAP_RECLAIM price=57500.0000 qty=173 size=1.0000x score=57[D] | WHY: dayChg=7.08% vrScore=100 aboveBars=3 hadBelow=true vol/vol5=2.60x | VWAP: 0.80%(ABOVE slope=DN) allowedGap=3.00% | TREND: score=3 vel=0.17%/0.88%/0.88% accel=false | VOL: 5365.0000/1726.2500 TO: 308487500.0000/98593150.0000 | HIGH: 57600.0000 fromHigh=-0.17% | VR: score=100 aboveBars=3 hadBelow=true vol/vol5=2.60x | entryNo=1
2026-06-04 17:39:30 INFO  BUY_FILLED 089970 phase=HOLDING
2026-06-04 17:39:30 INFO  SELL_EXECUTED [KRX] 089970 mode=VWAP_RECLAIM phase=EXITING exitType=PROFIT price=58700.0000 qty=173 reason=TAKE_PROFIT_VWAP_RECLAIM pnl=2.09% peakPnl=2.09% holdMs=1140000 high=58700.0000 avgPrice=57500.0000 weightedPnl=2.08% (pending fill)
2026-06-04 17:39:30 INFO  SELL_FILLED_PNL 089970 reason=TAKE_PROFIT_VWAP_RECLAIM filledQty=173/173 fillRatio=1.00 weightedPnl=2.08% dailyPnl=2.08%
2026-06-04 17:39:30 INFO  SELL_FILLED 089970 reason=TAKE_PROFIT_VWAP_RECLAIM remainingQty=0 phase=NONE exitType=PROFIT
2026-06-04 17:39:30 INFO  BUY [KRX] 089970 mode=VWAP_RECLAIM price=64600.0000 qty=154 size=1.0000x score=55[D] | WHY: dayChg=6.25% vrScore=100 aboveBars=3 hadBelow=true vol/vol5=2.93x | VWAP: 0.50%(ABOVE slope=UP) allowedGap=3.00% | TREND: score=3 vel=0.31%/0.78%/0.78% accel=false | VOL: 10123.0000/1744.4500 TO: 653945800.0000/112191572.5000 | HIGH: 65000.0000 fromHigh=-0.62% | VR: score=100 aboveBars=3 hadBelow=true vol/vol5=2.93x | entryNo=1
2026-06-04 17:39:30 INFO  BUY_FILLED 089970 phase=HOLDING
2026-06-04 17:39:30 INFO  SELL_EXECUTED [KRX] 089970 mode=VWAP_RECLAIM phase=EXITING exitType=VWAP_BREAK price=64200.0000 qty=154 reason=VWAP_BREAK pnl=-0.62% peakPnl=0.00% holdMs=240000 high=64600.0000 avgPrice=64600.0000 weightedPnl=-0.62% (pending fill)
2026-06-04 17:39:30 INFO  SELL_FILLED_PNL 089970 reason=VWAP_BREAK filledQty=154/154 fillRatio=1.00 weightedPnl=-0.62% dailyPnl=-0.62%
2026-06-04 17:39:30 INFO  SELL_FILLED 089970 reason=VWAP_BREAK remainingQty=0 phase=NONE exitType=VWAP_BREAK
2026-06-04 17:39:30 INFO  BUY [KRX] 089970 mode=VWAP_RECLAIM price=64600.0000 qty=154 size=1.0000x score=55[D] | WHY: dayChg=6.25% vrScore=100 aboveBars=3 hadBelow=true vol/vol5=2.93x | VWAP: 0.50%(ABOVE slope=UP) allowedGap=3.00% | TREND: score=3 vel=0.31%/0.78%/0.78% accel=false | VOL: 10123.0000/1744.4500 TO: 653945800.0000/112191572.5000 | HIGH: 65000.0000 fromHigh=-0.62% | VR: score=100 aboveBars=3 hadBelow=true vol/vol5=2.93x | entryNo=1
2026-06-04 17:39:30 INFO  BUY_FILLED 089970 phase=HOLDING
2026-06-04 17:39:30 INFO  SELL_EXECUTED [KRX] 089970 mode=VWAP_RECLAIM phase=EXITING exitType=VWAP_BREAK price=64200.0000 qty=154 reason=VWAP_BREAK pnl=-0.62% peakPnl=0.00% holdMs=240000 high=64600.0000 avgPrice=64600.0000 weightedPnl=-0.62% (pending fill)
2026-06-04 17:39:30 INFO  SELL_FILLED_PNL 089970 reason=VWAP_BREAK filledQty=154/154 fillRatio=1.00 weightedPnl=-0.62% dailyPnl=-0.62%
2026-06-04 17:39:30 INFO  SELL_FILLED 089970 reason=VWAP_BREAK remainingQty=0 phase=NONE exitType=VWAP_BREAK
2026-06-04 17:42:23 INFO  BUY amount set for 108490: 10000000.00
2026-06-04 17:42:23 INFO  BUY [KRX] 108490 mode=STRONG_PULLBACK price=352500.0000 qty=28 size=1.0000x score=5[D] | WHY: dayChg=16.92% fromHigh=-2.49% spScore=100 vol3/vol10=0.56x body=0.60 | VWAP: 5.20%(ABOVE slope=UP) allowedGap=5.00% | TREND: score=3 vel=0.86%/0.71%/0.71% accel=true | VOL: 3829.0000/8398.8000 TO: 1349722500.0000/2970980100.0000 | HIGH: 361500.0000 fromHigh=-2.49% | SP: score=100 dayChg=16.92% fromHigh=-2.49% vol3/vol10=0.56x body=0.60 | entryNo=1
2026-06-04 17:42:23 INFO  BUY_FILLED 108490 phase=HOLDING
2026-06-04 17:42:23 INFO  SELL_EXECUTED [KRX] 108490 mode=STRONG_PULLBACK phase=EXITING exitType=STOPLOSS price=345000.0000 qty=28 reason=STOP_LOSS_STRONG_PULLBACK pnl=-2.13% peakPnl=0.00% holdMs=780000 high=352500.0000 avgPrice=352500.0000 weightedPnl=-2.10% (pending fill)
2026-06-04 17:42:23 INFO  SELL_FILLED_PNL 108490 reason=STOP_LOSS_STRONG_PULLBACK filledQty=28/28 fillRatio=1.00 weightedPnl=-2.10% dailyPnl=-2.10%
2026-06-04 17:42:23 INFO  SELL_FILLED 108490 reason=STOP_LOSS_STRONG_PULLBACK remainingQty=0 phase=NONE exitType=STOPLOSS
2026-06-04 17:42:23 INFO  BUY [KRX] 108490 mode=VWAP_RECLAIM price=350000.0000 qty=28 size=1.0000x score=48[D] | WHY: dayChg=16.09% vrScore=100 aboveBars=4 hadBelow=true vol/vol5=1.85x | VWAP: 0.46%(ABOVE slope=DN) allowedGap=3.00% | TREND: score=3 vel=0.14%/0.14%/0.29% accel=false | VOL: 1490.0000/654.6000 TO: 521500000.0000/228730675.0000 | HIGH: 350500.0000 fromHigh=-0.14% | VR: score=100 aboveBars=4 hadBelow=true vol/vol5=1.85x | entryNo=2
2026-06-04 17:42:23 INFO  BUY_FILLED 108490 phase=HOLDING
2026-06-04 17:42:23 INFO  SELL_EXECUTED [KRX] 108490 mode=VWAP_RECLAIM phase=EXITING exitType=VWAP_BREAK price=348000.0000 qty=28 reason=VWAP_BREAK pnl=-0.57% peakPnl=0.29% holdMs=660000 high=351000.0000 avgPrice=350000.0000 weightedPnl=-0.56% (pending fill)
2026-06-04 17:42:23 INFO  SELL_FILLED_PNL 108490 reason=VWAP_BREAK filledQty=28/28 fillRatio=1.00 weightedPnl=-0.56% dailyPnl=-2.66%
2026-06-04 17:42:23 INFO  SELL_FILLED 108490 reason=VWAP_BREAK remainingQty=0 phase=NONE exitType=VWAP_BREAK
2026-06-04 17:42:23 INFO  BUY [KRX] 108490 mode=STRONG_PULLBACK price=387500.0000 qty=25 size=1.0000x score=5[D] | WHY: dayChg=15.50% fromHigh=-1.40% spScore=100 vol3/vol10=0.48x body=0.64 | VWAP: 5.54%(ABOVE slope=UP) allowedGap=5.00% | TREND: score=2 vel=0.65%/0.52%/-0.77% accel=true | VOL: 6694.0000/10052.7000 TO: 2593925000.0000/3859099025.0000 | HIGH: 393000.0000 fromHigh=-1.40% | SP: score=100 dayChg=15.50% fromHigh=-1.40% vol3/vol10=0.48x body=0.64 | entryNo=1
2026-06-04 17:42:23 INFO  BUY_FILLED 108490 phase=HOLDING
2026-06-04 17:42:23 INFO  SELL_EXECUTED [KRX] 108490 mode=STRONG_PULLBACK phase=EXITING exitType=STOPLOSS price=379500.0000 qty=25 reason=STOP_LOSS_STRONG_PULLBACK pnl=-2.06% peakPnl=1.42% holdMs=780000 high=393000.0000 avgPrice=387500.0000 weightedPnl=-2.00% (pending fill)
2026-06-04 17:42:23 INFO  SELL_FILLED_PNL 108490 reason=STOP_LOSS_STRONG_PULLBACK filledQty=25/25 fillRatio=1.00 weightedPnl=-2.00% dailyPnl=-2.00%
2026-06-04 17:42:23 INFO  SELL_FILLED 108490 reason=STOP_LOSS_STRONG_PULLBACK remainingQty=0 phase=NONE exitType=STOPLOSS
2026-06-04 17:47:53 INFO  BUY amount set for 080220: 10000000.00
2026-06-04 17:47:53 INFO  BUY [KRX] 080220 mode=VWAP_RECLAIM price=42850.0000 qty=233 size=1.0000x score=45[D] | WHY: dayChg=6.20% vrScore=100 aboveBars=3 hadBelow=true vol/vol5=1.90x | VWAP: 0.39%(ABOVE slope=DN) allowedGap=3.00% | TREND: score=3 vel=0.35%/0.47%/0.35% accel=false | VOL: 1885.0000/1683.2500 TO: 80772250.0000/72111125.0000 | HIGH: 42950.0000 fromHigh=-0.23% | VR: score=100 aboveBars=3 hadBelow=true vol/vol5=1.90x | entryNo=1
2026-06-04 17:47:53 INFO  BUY_FILLED 080220 phase=HOLDING
2026-06-04 17:47:53 INFO  SELL_EXECUTED [KRX] 080220 mode=VWAP_RECLAIM phase=EXITING exitType=VWAP_BREAK price=42725.0000 qty=233 reason=VWAP_BREAK pnl=-0.29% peakPnl=0.35% holdMs=900000 high=43000.0000 avgPrice=42850.0000 weightedPnl=-0.29% (pending fill)
2026-06-04 17:47:53 INFO  SELL_FILLED_PNL 080220 reason=VWAP_BREAK filledQty=233/233 fillRatio=1.00 weightedPnl=-0.29% dailyPnl=-0.29%
2026-06-04 17:47:53 INFO  SELL_FILLED 080220 reason=VWAP_BREAK remainingQty=0 phase=NONE exitType=VWAP_BREAK
2026-06-04 17:47:53 INFO  BUY [KRX] 080220 mode=STRONG_PULLBACK price=48950.0000 qty=204 size=1.0000x score=0[D] | WHY: dayChg=12.27% fromHigh=-1.21% spScore=100 vol3/vol10=0.51x body=0.73 | VWAP: 3.59%(ABOVE slope=UP) allowedGap=5.00% | TREND: score=1 vel=0.31%/0.00%/-0.81% accel=true | VOL: 64991.0000/118093.7500 TO: 3181309450.0000/5731335985.0000 | HIGH: 49550.0000 fromHigh=-1.21% | SP: score=100 dayChg=12.27% fromHigh=-1.21% vol3/vol10=0.51x body=0.73 | entryNo=1
2026-06-04 17:47:53 INFO  BUY_FILLED 080220 phase=HOLDING
2026-06-04 17:47:53 INFO  SELL_EXECUTED [KRX] 080220 mode=STRONG_PULLBACK phase=EXITING exitType=STOPLOSS price=47600.0000 qty=204 reason=STOP_LOSS_STRONG_PULLBACK pnl=-2.76% peakPnl=-0.51% holdMs=240000 high=48700.0000 avgPrice=48950.0000 weightedPnl=-2.75% (pending fill)
2026-06-04 17:47:53 INFO  SELL_FILLED_PNL 080220 reason=STOP_LOSS_STRONG_PULLBACK filledQty=204/204 fillRatio=1.00 weightedPnl=-2.75% dailyPnl=-2.75%
2026-06-04 17:47:53 INFO  SELL_FILLED 080220 reason=STOP_LOSS_STRONG_PULLBACK remainingQty=0 phase=NONE exitType=STOPLOSS
2026-06-04 17:47:53 INFO  BUY [KRX] 080220 mode=STRONG_PULLBACK price=61200.0000 qty=163 size=1.0000x score=0[D] | WHY: dayChg=11.48% fromHigh=-1.29% spScore=100 vol3/vol10=0.59x body=0.83 | VWAP: 2.52%(ABOVE slope=DN) allowedGap=5.00% | TREND: score=1 vel=0.16%/0.00%/-0.16% accel=true | VOL: 32344.0000/68496.7000 TO: 1979452800.0000/4199454850.0000 | HIGH: 62000.0000 fromHigh=-1.29% | SP: score=100 dayChg=11.48% fromHigh=-1.29% vol3/vol10=0.59x body=0.83 | entryNo=1
2026-06-04 17:47:53 INFO  BUY_FILLED 080220 phase=HOLDING
2026-06-04 17:47:53 INFO  SELL [BREAKEVEN_GUARD] 080220 pnl=-0.33% peakPnl=1.63% holdMs=540000
2026-06-04 17:47:53 INFO  SELL_EXECUTED [KRX] 080220 mode=STRONG_PULLBACK phase=EXITING exitType=TRAIL price=61000.0000 qty=163 reason=BREAKEVEN_GUARD pnl=-0.33% peakPnl=1.63% holdMs=540000 high=62200.0000 avgPrice=61200.0000 weightedPnl=-0.33% (pending fill)
2026-06-04 17:47:53 INFO  SELL_FILLED_PNL 080220 reason=BREAKEVEN_GUARD filledQty=163/163 fillRatio=1.00 weightedPnl=-0.33% dailyPnl=-0.33%
2026-06-04 17:47:53 INFO  SELL_FILLED 080220 reason=BREAKEVEN_GUARD remainingQty=0 phase=NONE exitType=TRAIL
2026-06-04 17:47:53 INFO  BUY [KRX] 080220 mode=STRONG_PULLBACK price=75200.0000 qty=132 size=1.0000x score=5[D] | WHY: dayChg=31.93% fromHigh=-1.70% spScore=100 vol3/vol10=0.60x body=0.60 | VWAP: 7.53%(ABOVE slope=UP) allowedGap=5.00% | TREND: score=2 vel=1.62%/1.48%/-0.66% accel=true | VOL: 161575.0000/234156.8500 TO: 12150440000.0000/16728130062.5000 | HIGH: 76500.0000 fromHigh=-1.70% | SP: score=100 dayChg=31.93% fromHigh=-1.70% vol3/vol10=0.60x body=0.60 | entryNo=1
2026-06-04 17:47:53 INFO  BUY_FILLED 080220 phase=HOLDING
2026-06-04 17:47:53 INFO  SELL [BREAKEVEN_GUARD] 080220 pnl=-0.66% peakPnl=1.73% holdMs=1560000
2026-06-04 17:47:53 INFO  SELL_EXECUTED [KRX] 080220 mode=STRONG_PULLBACK phase=EXITING exitType=TRAIL price=74700.0000 qty=132 reason=BREAKEVEN_GUARD pnl=-0.66% peakPnl=1.73% holdMs=1560000 high=76500.0000 avgPrice=75200.0000 weightedPnl=-0.66% (pending fill)
2026-06-04 17:47:53 INFO  SELL_FILLED_PNL 080220 reason=BREAKEVEN_GUARD filledQty=132/132 fillRatio=1.00 weightedPnl=-0.66% dailyPnl=-0.66%
2026-06-04 17:47:53 INFO  SELL_FILLED 080220 reason=BREAKEVEN_GUARD remainingQty=0 phase=NONE exitType=TRAIL
2026-06-04 17:47:53 INFO  BUY [KRX] 080220 mode=STRONG_PULLBACK price=109500.0000 qty=91 size=1.0000x score=0[D] | WHY: dayChg=10.62% fromHigh=-2.06% spScore=100 vol3/vol10=0.52x body=0.67 | VWAP: 3.50%(ABOVE slope=DN) allowedGap=5.00% | TREND: score=3 vel=0.37%/0.09%/0.05% accel=true | VOL: 3531.0000/12366.7000 TO: 386291400.0000/1359726797.5000 | HIGH: 111700.0000 fromHigh=-2.06% | SP: score=100 dayChg=10.62% fromHigh=-2.06% vol3/vol10=0.52x body=0.67 | entryNo=1
2026-06-04 17:47:53 INFO  BUY_FILLED 080220 phase=HOLDING
2026-06-04 17:47:53 INFO  SELL_EXECUTED [KRX] 080220 mode=STRONG_PULLBACK phase=EXITING exitType=PROFIT price=113000.0000 qty=91 reason=TAKE_PROFIT_STRONG_PULLBACK pnl=3.29% peakPnl=3.29% holdMs=1080000 high=113000.0000 avgPrice=109400.0000 weightedPnl=3.28% (pending fill)
2026-06-04 17:47:53 INFO  SELL_FILLED_PNL 080220 reason=TAKE_PROFIT_STRONG_PULLBACK filledQty=91/91 fillRatio=1.00 weightedPnl=3.28% dailyPnl=3.28%
2026-06-04 17:47:53 INFO  SELL_FILLED 080220 reason=TAKE_PROFIT_STRONG_PULLBACK remainingQty=0 phase=NONE exitType=PROFIT
2026-06-04 17:47:54 INFO  BUY [KRX] 080220 mode=VWAP_RECLAIM price=109000.0000 qty=91 size=1.0000x score=32[D] | WHY: dayChg=7.92% vrScore=100 aboveBars=3 hadBelow=true vol/vol5=1.82x | VWAP: 1.47%(ABOVE slope=DN) allowedGap=3.00% | TREND: score=3 vel=0.83%/2.16%/0.93% accel=false | VOL: 8205.0000/7604.0500 TO: 894345000.0000/818785787.5000 | HIGH: 109300.0000 fromHigh=-0.27% | VR: score=100 aboveBars=3 hadBelow=true vol/vol5=1.82x | entryNo=1
2026-06-04 17:47:54 INFO  BUY_FILLED 080220 phase=HOLDING
2026-06-04 17:47:54 INFO  SELL_EXECUTED [KRX] 080220 mode=VWAP_RECLAIM phase=EXITING exitType=VWAP_BREAK price=106650.0000 qty=91 reason=VWAP_BREAK pnl=-2.16% peakPnl=0.28% holdMs=840000 high=109300.0000 avgPrice=109000.0000 weightedPnl=-2.14% (pending fill)
2026-06-04 17:47:54 INFO  SELL_FILLED_PNL 080220 reason=VWAP_BREAK filledQty=91/91 fillRatio=1.00 weightedPnl=-2.14% dailyPnl=-2.14%
2026-06-04 17:47:54 INFO  SELL_FILLED 080220 reason=VWAP_BREAK remainingQty=0 phase=NONE exitType=VWAP_BREAK
