2026-07-07 10:32:44 INFO  BUY amount set for 036930: 10000000.00
2026-07-07 10:32:44 INFO  BUY amount set for 002990: 10000000.00
2026-07-07 10:32:44 INFO  BUY amount set for 066570: 10000000.00
2026-07-07 10:32:44 INFO  BUY amount set for 005935: 10000000.00
2026-07-07 10:32:44 INFO  BUY amount set for 000660: 10000000.00
2026-07-07 10:32:44 INFO  BUY amount set for 073240: 10000000.00
2026-07-07 10:32:44 INFO  BUY amount set for 105560: 10000000.00
2026-07-07 10:32:44 INFO  BUY amount set for 475150: 10000000.00
2026-07-07 10:32:44 INFO  BUY amount set for 402340: 10000000.00
2026-07-07 10:32:44 INFO  BUY amount set for 009150: 10000000.00
2026-07-07 10:32:44 INFO  BUY amount set for 329180: 10000000.00
2026-07-07 10:32:44 INFO  BUY amount set for 240810: 10000000.00
2026-07-07 10:32:44 INFO  BUY amount set for 005380: 10000000.00
2026-07-07 10:32:44 INFO  BUY amount set for 005930: 10000000.00
2026-07-07 10:32:44 INFO  BUY amount set for 042660: 10000000.00
2026-07-07 10:32:46 INFO  BUY [KRX] 329180 mode=OPENING_RANGE_BREAKOUT price=471500.0000 qty=21 size=1.0000x score=75[C] | WHY: vwap=0.86% trend=3 vol(2.76x) | VWAP: 0.86%(ABOVE slope=UP) allowedGap=1.00% | TREND: score=3 vel=0.32%/0.21%/0.53% accel=true | VOL: 1781.0000/646.2000 TO: 839741500.0000/303566750.0000 | HIGH: 472000.0000 fromHigh=-0.11% | entryNo=1
2026-07-07 10:32:46 INFO  BUY_FILLED 329180 phase=HOLDING
2026-07-07 10:32:46 INFO  SELL_EXECUTED [KRX] 329180 mode=OPENING_RANGE_BREAKOUT phase=EXITING exitType=VWAP_BREAK price=465500.0000 qty=21 reason=VWAP_BREAK pnl=-1.27% peakPnl=0.53% holdMs=4080000 high=474000.0000 avgPrice=471500.0000 weightedPnl=-1.26% (pending fill)
2026-07-07 10:32:46 INFO  SELL_FILLED_PNL 329180 reason=VWAP_BREAK filledQty=21/21 fillRatio=1.00 weightedPnl=-1.26% dailyPnl=-1.26%
2026-07-07 10:32:46 INFO  SELL_FILLED 329180 reason=VWAP_BREAK remainingQty=0 phase=NONE exitType=VWAP_BREAK
2026-07-07 10:32:46 INFO  BUY [KRX] 005380 mode=BREAKOUT price=497500.0000 qty=20 size=1.0000x score=85[A](CONV) | WHY: strongBreakout volBreakout retestOK multiUp vol(3.21x) | VWAP: 0.84%(ABOVE slope=UP) allowedGap=1.50% | TREND: score=3 vel=0.40%/0.30%/0.61% accel=true | VOL: 16366.0000/5098.4000 TO: 8142085000.0000/2515720550.0000 | HIGH: 497500.0000 fromHigh=0.00% | entryNo=1
2026-07-07 10:32:46 INFO  BUY_FILLED 005380 phase=HOLDING
2026-07-07 10:32:46 INFO  SELL_EXECUTED [KRX] 005380 mode=BREAKOUT phase=EXITING exitType=VWAP_BREAK price=493000.0000 qty=20 reason=VWAP_BREAK pnl=-0.90% peakPnl=0.70% holdMs=17700000 high=501000.0000 avgPrice=497500.0000 weightedPnl=-0.90% (pending fill)
2026-07-07 10:32:46 INFO  SELL_FILLED_PNL 005380 reason=VWAP_BREAK filledQty=20/20 fillRatio=1.00 weightedPnl=-0.90% dailyPnl=-0.90%
2026-07-07 10:32:46 INFO  SELL_FILLED 005380 reason=VWAP_BREAK remainingQty=0 phase=NONE exitType=VWAP_BREAK
2026-07-07 10:32:46 INFO  BUY [KRX] 066570 mode=OPENING_RANGE_BREAKOUT price=124000.0000 qty=80 size=1.0000x score=80[B] | WHY: vwap=0.72% trend=3 vol(2.57x) | VWAP: 0.72%(ABOVE slope=UP) allowedGap=1.00% | TREND: score=3 vel=0.40%/0.32%/0.49% accel=true | VOL: 8865.0000/3453.0500 TO: 1101033000.0000/426036530.0000 | HIGH: 124200.0000 fromHigh=0.00% | entryNo=1
2026-07-07 10:32:46 INFO  BUY_FILLED 066570 phase=HOLDING
2026-07-07 10:32:47 INFO  SELL_EXECUTED [KRX] 066570 mode=OPENING_RANGE_BREAKOUT phase=EXITING exitType=PROFIT price=127000.0000 qty=80 reason=TAKE_PROFIT_OPENING_RANGE_BREAKOUT pnl=2.09% peakPnl=2.09% holdMs=8820000 high=126800.0000 avgPrice=124200.0000 weightedPnl=2.08% (pending fill)
2026-07-07 10:32:47 INFO  SELL_FILLED_PNL 066570 reason=TAKE_PROFIT_OPENING_RANGE_BREAKOUT filledQty=80/80 fillRatio=1.00 weightedPnl=2.08% dailyPnl=2.08%
2026-07-07 10:32:47 INFO  SELL_FILLED 066570 reason=TAKE_PROFIT_OPENING_RANGE_BREAKOUT remainingQty=0 phase=NONE exitType=PROFIT
2026-07-07 10:32:47 INFO  BUY [KRX] 042660 mode=OPENING_RANGE_BREAKOUT price=129000.0000 qty=77 size=1.0000x score=70[D] | WHY: vwap=0.59% trend=3 vol(2.19x) | VWAP: 0.59%(ABOVE slope=UP) allowedGap=1.00% | TREND: score=3 vel=0.16%/0.08%/0.31% accel=true | VOL: 16858.0000/7695.3500 TO: 2176367800.0000/991021115.0000 | HIGH: 129200.0000 fromHigh=-0.08% | entryNo=1
2026-07-07 10:32:47 INFO  BUY_FILLED 042660 phase=HOLDING
2026-07-07 10:32:47 INFO  SELL_EXECUTED [KRX] 042660 mode=OPENING_RANGE_BREAKOUT phase=EXITING exitType=PROFIT price=132000.0000 qty=77 reason=TAKE_PROFIT_OPENING_RANGE_BREAKOUT pnl=2.09% peakPnl=2.09% holdMs=3000000 high=131800.0000 avgPrice=129100.0000 weightedPnl=2.08% (pending fill)
2026-07-07 10:32:47 INFO  SELL_FILLED_PNL 042660 reason=TAKE_PROFIT_OPENING_RANGE_BREAKOUT filledQty=77/77 fillRatio=1.00 weightedPnl=2.08% dailyPnl=2.08%
2026-07-07 10:32:47 INFO  SELL_FILLED 042660 reason=TAKE_PROFIT_OPENING_RANGE_BREAKOUT remainingQty=0 phase=NONE exitType=PROFIT
2026-07-07 10:32:48 INFO  BUY [KRX] 000660 mode=OPENING_RANGE_BREAKOUT price=1284000.0000 qty=7 size=1.0000x score=70[D] | WHY: vwap=0.79% trend=2 vol(2.69x) | VWAP: 0.79%(ABOVE slope=UP) allowedGap=1.00% | TREND: score=2 vel=0.23%/0.20%/0.00% accel=true | VOL: 35373.0000/13145.1000 TO: 45418932000.0000/16846023375.0000 | HIGH: 1286000.0000 fromHigh=-0.16% | entryNo=1
2026-07-07 10:32:48 INFO  BUY_FILLED 000660 phase=HOLDING
2026-07-07 10:32:48 INFO  SELL_EXECUTED [KRX] 000660 mode=OPENING_RANGE_BREAKOUT phase=EXITING exitType=PROFIT price=1312000.0000 qty=7 reason=TAKE_PROFIT_OPENING_RANGE_BREAKOUT pnl=2.18% peakPnl=2.18% holdMs=11580000 high=1312000.0000 avgPrice=1284000.0000 weightedPnl=1.96% (pending fill)
2026-07-07 10:32:48 INFO  SELL_FILLED_PNL 000660 reason=TAKE_PROFIT_OPENING_RANGE_BREAKOUT filledQty=7/7 fillRatio=1.00 weightedPnl=1.96% dailyPnl=1.96%
2026-07-07 10:32:48 INFO  SELL_FILLED 000660 reason=TAKE_PROFIT_OPENING_RANGE_BREAKOUT remainingQty=0 phase=NONE exitType=PROFIT
2026-07-07 10:32:48 INFO  BUY [KRX] 000660 mode=OPENING_RANGE_BREAKOUT price=1319000.0000 qty=7 size=1.0000x score=80[B] | WHY: vwap=0.64% trend=3 vol(2.59x) | VWAP: 0.64%(ABOVE slope=UP) allowedGap=1.00% | TREND: score=3 vel=0.42%/0.19%/0.27% accel=true | VOL: 24493.0000/9468.4000 TO: 32294020500.0000/12427395275.0000 | HIGH: 1319000.0000 fromHigh=-0.04% | entryNo=1
2026-07-07 10:32:48 INFO  BUY [KRX] 005930 mode=OPENING_RANGE_BREAKOUT price=225000.0000 qty=44 size=1.0000x score=78[C] | WHY: vwap=0.87% trend=3 vol(3.97x) | VWAP: 0.87%(ABOVE slope=UP) allowedGap=1.00% | TREND: score=3 vel=0.33%/0.22%/0.45% accel=true | VOL: 253578.0000/63883.6500 TO: 57055050000.0000/14299198762.5000 | HIGH: 225500.0000 fromHigh=-0.22% | entryNo=1
2026-07-07 10:32:48 INFO  BUY_FILLED 000660 phase=HOLDING
2026-07-07 10:32:48 INFO  BUY_FILLED 005930 phase=HOLDING
2026-07-07 10:32:48 INFO  SELL_EXECUTED [KRX] 005930 mode=OPENING_RANGE_BREAKOUT phase=EXITING exitType=VWAP_BREAK price=222500.0000 qty=44 reason=VWAP_BREAK pnl=-1.11% peakPnl=0.44% holdMs=3840000 high=226000.0000 avgPrice=225000.0000 weightedPnl=-1.10% (pending fill)
2026-07-07 10:32:48 INFO  SELL_EXECUTED [KRX] 000660 mode=OPENING_RANGE_BREAKOUT phase=EXITING exitType=VWAP_BREAK price=1305000.0000 qty=7 reason=VWAP_BREAK pnl=-1.02% peakPnl=0.72% holdMs=4800000 high=1328000.0000 avgPrice=1318500.0000 weightedPnl=-0.95% (pending fill)
2026-07-07 10:32:48 INFO  SELL_FILLED_PNL 000660 reason=VWAP_BREAK filledQty=7/7 fillRatio=1.00 weightedPnl=-0.95% dailyPnl=-0.95%
2026-07-07 10:32:48 INFO  SELL_FILLED_PNL 005930 reason=VWAP_BREAK filledQty=44/44 fillRatio=1.00 weightedPnl=-1.10% dailyPnl=-1.10%
2026-07-07 10:32:48 INFO  SELL_FILLED 000660 reason=VWAP_BREAK remainingQty=0 phase=NONE exitType=VWAP_BREAK
2026-07-07 10:32:48 INFO  SELL_FILLED 005930 reason=VWAP_BREAK remainingQty=0 phase=NONE exitType=VWAP_BREAK
2026-07-07 10:32:48 INFO  BUY [KRX] 009150 mode=BREAKOUT price=821000.0000 qty=9 size=0.8000x score=85[A](CONV) | WHY: strongBreakout volBreakout retestOK multiUp vol(2.25x) | VWAP: 0.73%(ABOVE slope=UP) allowedGap=1.50% | TREND: score=3 vel=0.61%/0.49%/0.49% accel=true | VOL: 5421.0000/2411.3000 TO: 4450641000.0000/1969790600.0000 | HIGH: 822000.0000 fromHigh=-0.12% | entryNo=1
2026-07-07 10:32:48 INFO  BUY_FILLED 009150 phase=HOLDING
2026-07-07 10:32:48 INFO  SELL [EOD_FORCE_SELL] 009150 pnl=0.73% time=15:30
2026-07-07 10:32:48 INFO  SELL_EXECUTED [KRX] 009150 mode=BREAKOUT phase=EXITING exitType=TIMESTOP price=827000.0000 qty=9 reason=EOD_FORCE_SELL pnl=0.73% peakPnl=1.40% holdMs=21600000 high=832500.0000 avgPrice=821000.0000 weightedPnl=0.54% (pending fill)
2026-07-07 10:32:48 INFO  SELL_FILLED_PNL 009150 reason=EOD_FORCE_SELL filledQty=9/9 fillRatio=1.00 weightedPnl=0.54% dailyPnl=0.54%
2026-07-07 10:32:48 INFO  SELL_FILLED 009150 reason=EOD_FORCE_SELL remainingQty=0 phase=NONE exitType=TIMESTOP
2026-07-07 10:32:49 INFO  BUY [KRX] 329180 mode=BREAKOUT price=721000.0000 qty=11 size=0.8000x score=85[A](CONV) | WHY: strongBreakout volBreakout retestOK multiUp vol(2.17x) | VWAP: 0.95%(ABOVE slope=UP) allowedGap=1.50% | TREND: score=3 vel=1.05%/0.98%/0.84% accel=true | VOL: 5907.0000/2721.5000 TO: 4258947000.0000/1948820450.0000 | HIGH: 722000.0000 fromHigh=-0.14% | entryNo=1
2026-07-07 10:32:49 INFO  BUY_FILLED 329180 phase=HOLDING
2026-07-07 10:32:49 INFO  SELL [TRAIL_BREAKOUT] 329180 pnl=0.28% peakPnl=1.53% high=732000.0000 current=723000.0000
2026-07-07 10:32:49 INFO  SELL_EXECUTED [KRX] 329180 mode=BREAKOUT phase=EXITING exitType=TRAIL price=723000.0000 qty=11 reason=TRAIL_BREAKOUT pnl=0.28% peakPnl=1.53% holdMs=960000 high=732000.0000 avgPrice=721000.0000 weightedPnl=0.22% (pending fill)
2026-07-07 10:32:49 INFO  SELL_FILLED_PNL 329180 reason=TRAIL_BREAKOUT filledQty=11/11 fillRatio=1.00 weightedPnl=0.22% dailyPnl=0.22%
2026-07-07 10:32:49 INFO  SELL_FILLED 329180 reason=TRAIL_BREAKOUT remainingQty=0 phase=NONE exitType=TRAIL
2026-07-07 10:32:49 INFO  BUY [KRX] 005380 mode=OPENING_RANGE_BREAKOUT price=603000.0000 qty=16 size=1.0000x score=75[C] | WHY: vwap=1.65% trend=3 vol(3.17x) | VWAP: 1.65%(ABOVE slope=UP) allowedGap=1.00% | TREND: score=3 vel=0.84%/0.50%/0.50% accel=true | VOL: 53070.0000/16736.6000 TO: 32001210000.0000/9993749425.0000 | HIGH: 603000.0000 fromHigh=0.00% | entryNo=1
2026-07-07 10:32:49 INFO  BUY_FILLED 005380 phase=HOLDING
2026-07-07 10:32:49 INFO  SELL [TRAIL_OPENING_RANGE_BREAKOUT] 005380 pnl=1.16% peakPnl=1.99% high=615000.0000 current=610000.0000
2026-07-07 10:32:49 INFO  SELL_EXECUTED [KRX] 005380 mode=OPENING_RANGE_BREAKOUT phase=EXITING exitType=TRAIL price=610000.0000 qty=16 reason=TRAIL_OPENING_RANGE_BREAKOUT pnl=1.16% peakPnl=1.99% holdMs=1260000 high=615000.0000 avgPrice=603000.0000 weightedPnl=1.12% (pending fill)
2026-07-07 10:32:49 INFO  SELL_FILLED_PNL 005380 reason=TRAIL_OPENING_RANGE_BREAKOUT filledQty=16/16 fillRatio=1.00 weightedPnl=1.12% dailyPnl=1.12%
2026-07-07 10:32:49 INFO  SELL_FILLED 005380 reason=TRAIL_OPENING_RANGE_BREAKOUT remainingQty=0 phase=NONE exitType=TRAIL
2026-07-07 10:32:49 INFO  BUY [KRX] 240810 mode=BREAKOUT price=112000.0000 qty=71 size=0.8000x score=85[A](CONV) | WHY: strongBreakout volBreakout retestOK multiUp vol(2.24x) | VWAP: 1.04%(ABOVE slope=UP) allowedGap=1.50% | TREND: score=3 vel=2.47%/2.10%/2.10% accel=true | VOL: 3328.0000/1485.9000 TO: 372403200.0000/163400865.0000 | HIGH: 111900.0000 fromHigh=0.00% | entryNo=1
2026-07-07 10:32:49 INFO  BUY_FILLED 240810 phase=HOLDING
2026-07-07 10:32:49 INFO  SELL_EXECUTED [KRX] 240810 mode=BREAKOUT phase=EXITING exitType=VWAP_BREAK price=110000.0000 qty=71 reason=VWAP_BREAK pnl=-1.70% peakPnl=-0.18% holdMs=900000 high=111700.0000 avgPrice=111900.0000 weightedPnl=-1.35% (pending fill)
2026-07-07 10:32:49 INFO  SELL_FILLED_PNL 240810 reason=VWAP_BREAK filledQty=71/71 fillRatio=1.00 weightedPnl=-1.35% dailyPnl=-1.35%
2026-07-07 10:32:49 INFO  SELL_FILLED 240810 reason=VWAP_BREAK remainingQty=0 phase=NONE exitType=VWAP_BREAK
2026-07-07 10:32:50 INFO  BUY [KRX] 105560 mode=OPENING_RANGE_BREAKOUT price=159000.0000 qty=62 size=1.0000x score=80[B] | WHY: vwap=0.91% trend=3 vol(3.02x) | VWAP: 0.91%(ABOVE slope=UP) allowedGap=1.00% | TREND: score=3 vel=0.25%/0.19%/0.51% accel=true | VOL: 16067.0000/5322.3500 TO: 2554653000.0000/842528255.0000 | HIGH: 159100.0000 fromHigh=-0.06% | entryNo=1
2026-07-07 10:32:50 INFO  BUY_FILLED 105560 phase=HOLDING
2026-07-07 10:32:50 INFO  SELL [EOD_FORCE_SELL] 105560 pnl=0.63% time=15:30
2026-07-07 10:32:51 INFO  SELL_EXECUTED [KRX] 105560 mode=OPENING_RANGE_BREAKOUT phase=EXITING exitType=TIMESTOP price=160000.0000 qty=62 reason=EOD_FORCE_SELL pnl=0.63% peakPnl=1.26% holdMs=21120000 high=161000.0000 avgPrice=159000.0000 weightedPnl=0.62% (pending fill)
2026-07-07 10:32:51 INFO  SELL_FILLED_PNL 105560 reason=EOD_FORCE_SELL filledQty=62/62 fillRatio=1.00 weightedPnl=0.62% dailyPnl=0.62%
2026-07-07 10:32:51 INFO  SELL_FILLED 105560 reason=EOD_FORCE_SELL remainingQty=0 phase=NONE exitType=TIMESTOP
2026-07-07 10:32:51 INFO  BUY [KRX] 005930 mode=OPENING_RANGE_BREAKOUT price=330000.0000 qty=30 size=1.0000x score=70[D] | WHY: vwap=1.34% trend=3 vol(2.38x) | VWAP: 1.34%(ABOVE slope=UP) allowedGap=1.00% | TREND: score=3 vel=0.84%/0.76%/1.54% accel=true | VOL: 373155.0000/156780.8500 TO: 123141150000.0000/51228266787.5000 | HIGH: 330000.0000 fromHigh=0.00% | entryNo=1
2026-07-07 10:32:51 INFO  BUY_FILLED 005930 phase=HOLDING
2026-07-07 10:32:51 INFO  SELL_EXECUTED [KRX] 005930 mode=OPENING_RANGE_BREAKOUT phase=EXITING exitType=PROFIT price=337000.0000 qty=30 reason=TAKE_PROFIT_OPENING_RANGE_BREAKOUT pnl=2.05% peakPnl=2.05% holdMs=1740000 high=336750.0000 avgPrice=330000.0000 weightedPnl=2.03% (pending fill)
2026-07-07 10:32:51 INFO  SELL_FILLED_PNL 005930 reason=TAKE_PROFIT_OPENING_RANGE_BREAKOUT filledQty=30/30 fillRatio=1.00 weightedPnl=2.03% dailyPnl=2.03%
2026-07-07 10:32:51 INFO  SELL_FILLED 005930 reason=TAKE_PROFIT_OPENING_RANGE_BREAKOUT remainingQty=0 phase=NONE exitType=PROFIT
2026-07-07 10:32:51 INFO  BUY [KRX] 042660 mode=OPENING_RANGE_BREAKOUT price=122000.0000 qty=81 size=1.0000x score=70[D] | WHY: vwap=1.70% trend=3 vol(2.20x) | VWAP: 1.70%(ABOVE slope=UP) allowedGap=1.00% | TREND: score=3 vel=0.50%/0.25%/1.25% accel=true | VOL: 21413.0000/9748.8000 TO: 2608103400.0000/1176352600.0000 | HIGH: 121800.0000 fromHigh=0.00% | entryNo=1
2026-07-07 10:32:51 INFO  BUY_FILLED 042660 phase=HOLDING
2026-07-07 10:32:51 INFO  SELL_EXECUTED [KRX] 042660 mode=OPENING_RANGE_BREAKOUT phase=EXITING exitType=STOPLOSS price=119900.0000 qty=81 reason=STOP_LOSS_OPENING_RANGE_BREAKOUT pnl=-1.56% peakPnl=0.33% holdMs=1860000 high=122200.0000 avgPrice=121800.0000 weightedPnl=-1.54% (pending fill)
2026-07-07 10:32:51 INFO  SELL_FILLED_PNL 042660 reason=STOP_LOSS_OPENING_RANGE_BREAKOUT filledQty=81/81 fillRatio=1.00 weightedPnl=-1.54% dailyPnl=-1.54%
2026-07-07 10:32:51 INFO  SELL_FILLED 042660 reason=STOP_LOSS_OPENING_RANGE_BREAKOUT remainingQty=0 phase=NONE exitType=STOPLOSS
2026-07-07 10:32:52 INFO  BUY [KRX] 329180 mode=BREAKOUT price=622000.0000 qty=16 size=1.0000x score=85[A](CONV) | WHY: strongBreakout volBreakout retestOK multiUp vol(2.39x) | VWAP: 0.78%(ABOVE slope=UP) allowedGap=1.50% | TREND: score=3 vel=0.81%/0.32%/0.97% accel=true | VOL: 2016.0000/842.7000 TO: 1253952000.0000/520505600.0000 | HIGH: 622000.0000 fromHigh=0.00% | entryNo=1
2026-07-07 10:32:52 INFO  BUY_FILLED 329180 phase=HOLDING
2026-07-07 10:32:52 INFO  SELL_EXECUTED [KRX] 329180 mode=BREAKOUT phase=EXITING exitType=PROFIT price=636000.0000 qty=16 reason=TAKE_PROFIT_BREAKOUT pnl=2.25% peakPnl=2.25% holdMs=1980000 high=636000.0000 avgPrice=622000.0000 weightedPnl=2.24% (pending fill)
2026-07-07 10:32:52 INFO  SELL_FILLED_PNL 329180 reason=TAKE_PROFIT_BREAKOUT filledQty=16/16 fillRatio=1.00 weightedPnl=2.24% dailyPnl=2.24%
2026-07-07 10:32:52 INFO  SELL_FILLED 329180 reason=TAKE_PROFIT_BREAKOUT remainingQty=0 phase=NONE exitType=PROFIT
2026-07-07 10:32:53 INFO  BUY amount set for 006400: 10000000.00
2026-07-07 10:32:54 INFO  BUY amount set for 000270: 10000000.00
2026-07-07 10:32:54 INFO  BUY [KRX] 006400 mode=OPENING_RANGE_BREAKOUT price=496000.0000 qty=20 size=1.0000x score=70[D] | WHY: vwap=1.73% trend=3 vol(2.06x) | VWAP: 1.73%(ABOVE slope=UP) allowedGap=1.00% | TREND: score=3 vel=0.81%/0.71%/0.61% accel=true | VOL: 18240.0000/8838.7500 TO: 9047040000.0000/4341798837.5000 | HIGH: 496500.0000 fromHigh=-0.10% | entryNo=1
2026-07-07 10:32:54 INFO  BUY_FILLED 006400 phase=HOLDING
2026-07-07 10:32:54 INFO  SELL_EXECUTED [KRX] 006400 mode=OPENING_RANGE_BREAKOUT phase=EXITING exitType=PROFIT price=507000.0000 qty=20 reason=TAKE_PROFIT_OPENING_RANGE_BREAKOUT pnl=2.22% peakPnl=2.22% holdMs=1800000 high=507000.0000 avgPrice=496000.0000 weightedPnl=2.20% (pending fill)
2026-07-07 10:32:54 INFO  SELL_FILLED_PNL 006400 reason=TAKE_PROFIT_OPENING_RANGE_BREAKOUT filledQty=20/20 fillRatio=1.00 weightedPnl=2.20% dailyPnl=2.20%
2026-07-07 10:32:54 INFO  SELL_FILLED 006400 reason=TAKE_PROFIT_OPENING_RANGE_BREAKOUT remainingQty=0 phase=NONE exitType=PROFIT
2026-07-07 10:32:54 INFO  BUY amount set for 035420: 10000000.00
2026-07-07 10:32:54 INFO  BUY amount set for 011070: 10000000.00
2026-07-07 10:32:54 INFO  BUY amount set for 028260: 10000000.00
2026-07-07 10:32:54 INFO  BUY [KRX] 035420 mode=OPENING_RANGE_BREAKOUT price=203500.0000 qty=49 size=1.0000x score=85[A](CONV) | WHY: vwap=0.54% trend=3 vol(5.79x) | VWAP: 0.54%(ABOVE slope=UP) allowedGap=1.00% | TREND: score=3 vel=0.49%/0.25%/0.25% accel=true | VOL: 9981.0000/1723.6000 TO: 2031133500.0000/349344350.0000 | HIGH: 203500.0000 fromHigh=0.00% | entryNo=1
2026-07-07 10:32:54 INFO  BUY_FILLED 035420 phase=HOLDING
2026-07-07 10:32:54 INFO  SELL_EXECUTED [KRX] 035420 mode=OPENING_RANGE_BREAKOUT phase=EXITING exitType=VWAP_BREAK price=202000.0000 qty=49 reason=VWAP_BREAK pnl=-0.74% peakPnl=0.74% holdMs=10080000 high=205000.0000 avgPrice=203500.0000 weightedPnl=-0.74% (pending fill)
2026-07-07 10:32:54 INFO  SELL_FILLED_PNL 035420 reason=VWAP_BREAK filledQty=49/49 fillRatio=1.00 weightedPnl=-0.74% dailyPnl=-0.74%
2026-07-07 10:32:54 INFO  SELL_FILLED 035420 reason=VWAP_BREAK remainingQty=0 phase=NONE exitType=VWAP_BREAK
2026-07-07 10:32:54 INFO  BUY amount set for 034020: 10000000.00
2026-07-07 10:32:55 INFO  BUY amount set for 196170: 10000000.00
2026-07-07 10:32:55 INFO  BUY amount set for 012450: 10000000.00
2026-07-07 10:32:55 INFO  BUY amount set for 055550: 10000000.00
2026-07-07 10:32:55 INFO  BUY amount set for 373220: 10000000.00
2026-07-07 10:32:55 INFO  BUY amount set for 018260: 10000000.00
2026-07-07 10:32:55 INFO  BUY amount set for 012330: 10000000.00
2026-07-07 10:32:55 INFO  BUY [KRX] 373220 mode=BREAKOUT price=414500.0000 qty=19 size=0.8000x score=85[A](CONV) | WHY: strongBreakout volBreakout retestOK multiUp vol(2.26x) | VWAP: 1.13%(ABOVE slope=UP) allowedGap=1.50% | TREND: score=3 vel=0.61%/0.30%/0.73% accel=true | VOL: 6286.0000/2786.4000 TO: 2605547000.0000/1142968000.0000 | HIGH: 414500.0000 fromHigh=0.00% | entryNo=1
2026-07-07 10:32:55 INFO  BUY_FILLED 373220 phase=HOLDING
2026-07-07 10:32:55 INFO  BUY [KRX] 034020 mode=OPENING_RANGE_BREAKOUT price=98300.0000 qty=101 size=1.0000x score=85[A](CONV) | WHY: vwap=0.76% trend=3 vol(2.30x) | VWAP: 0.76%(ABOVE slope=UP) allowedGap=1.00% | TREND: score=3 vel=0.25%/0.20%/0.20% accel=true | VOL: 15712.0000/6821.9000 TO: 1544489600.0000/669383150.0000 | HIGH: 98500.0000 fromHigh=-0.20% | entryNo=1
2026-07-07 10:32:55 INFO  BUY_FILLED 034020 phase=HOLDING
2026-07-07 10:32:55 INFO  SELL [EOD_FORCE_SELL] 373220 pnl=1.57% time=15:30
2026-07-07 10:32:55 INFO  SELL_EXECUTED [KRX] 373220 mode=BREAKOUT phase=EXITING exitType=TIMESTOP price=421000.0000 qty=19 reason=EOD_FORCE_SELL pnl=1.57% peakPnl=1.81% holdMs=22200000 high=422000.0000 avgPrice=414500.0000 weightedPnl=1.23% (pending fill)
2026-07-07 10:32:55 INFO  SELL_FILLED_PNL 373220 reason=EOD_FORCE_SELL filledQty=19/19 fillRatio=1.00 weightedPnl=1.23% dailyPnl=1.23%
2026-07-07 10:32:55 INFO  SELL_FILLED 373220 reason=EOD_FORCE_SELL remainingQty=0 phase=NONE exitType=TIMESTOP
2026-07-07 10:32:55 INFO  SELL [EOD_FORCE_SELL] 034020 pnl=1.02% time=15:30
2026-07-07 10:32:55 INFO  SELL_EXECUTED [KRX] 034020 mode=OPENING_RANGE_BREAKOUT phase=EXITING exitType=TIMESTOP price=99300.0000 qty=101 reason=EOD_FORCE_SELL pnl=1.02% peakPnl=1.02% holdMs=20760000 high=99300.0000 avgPrice=98300.0000 weightedPnl=1.01% (pending fill)
2026-07-07 10:32:55 INFO  BUY amount set for 272210: 10000000.00
2026-07-07 10:32:55 INFO  SELL_FILLED_PNL 034020 reason=EOD_FORCE_SELL filledQty=101/101 fillRatio=1.00 weightedPnl=1.01% dailyPnl=1.01%
2026-07-07 10:32:55 INFO  SELL_FILLED 034020 reason=EOD_FORCE_SELL remainingQty=0 phase=NONE exitType=TIMESTOP
2026-07-07 10:32:55 INFO  BUY amount set for 079550: 10000000.00
2026-07-07 10:32:55 INFO  BUY [KRX] 018260 mode=OPENING_RANGE_BREAKOUT price=152000.0000 qty=65 size=1.0000x score=80[B] | WHY: vwap=0.60% trend=3 vol(2.82x) | VWAP: 0.60%(ABOVE slope=UP) allowedGap=1.00% | TREND: score=3 vel=0.53%/0.40%/0.60% accel=true | VOL: 1653.0000/585.8500 TO: 250925400.0000/88525642.5000 | HIGH: 151800.0000 fromHigh=0.00% | entryNo=1
2026-07-07 10:32:55 INFO  BUY_FILLED 018260 phase=HOLDING
2026-07-07 10:32:55 INFO  BUY [KRX] 034020 mode=OPENING_RANGE_BREAKOUT price=110500.0000 qty=90 size=1.0000x score=85[A](CONV) | WHY: vwap=1.11% trend=3 vol(4.10x) | VWAP: 1.11%(ABOVE slope=UP) allowedGap=1.00% | TREND: score=3 vel=0.78%/0.55%/0.78% accel=true | VOL: 204138.0000/49759.5500 TO: 22557249000.0000/5460387772.5000 | HIGH: 110500.0000 fromHigh=0.00% | entryNo=1
2026-07-07 10:32:56 INFO  BUY_FILLED 034020 phase=HOLDING
2026-07-07 10:32:56 INFO  SELL [EOD_FORCE_SELL] 018260 pnl=-0.20% time=15:30
2026-07-07 10:32:56 INFO  SELL_EXECUTED [KRX] 018260 mode=OPENING_RANGE_BREAKOUT phase=EXITING exitType=TIMESTOP price=151500.0000 qty=65 reason=EOD_FORCE_SELL pnl=-0.20% peakPnl=0.00% holdMs=21480000 high=151800.0000 avgPrice=151800.0000 weightedPnl=-0.19% (pending fill)
2026-07-07 10:32:56 INFO  SELL_FILLED_PNL 018260 reason=EOD_FORCE_SELL filledQty=65/65 fillRatio=1.00 weightedPnl=-0.19% dailyPnl=-0.19%
2026-07-07 10:32:56 INFO  SELL_FILLED 018260 reason=EOD_FORCE_SELL remainingQty=0 phase=NONE exitType=TIMESTOP
2026-07-07 10:32:56 INFO  SELL [EOD_FORCE_SELL] 034020 pnl=0.27% time=15:30
2026-07-07 10:32:56 INFO  SELL_EXECUTED [KRX] 034020 mode=OPENING_RANGE_BREAKOUT phase=EXITING exitType=TIMESTOP price=110800.0000 qty=90 reason=EOD_FORCE_SELL pnl=0.27% peakPnl=1.36% holdMs=21180000 high=112000.0000 avgPrice=110500.0000 weightedPnl=0.27% (pending fill)
2026-07-07 10:32:56 INFO  SELL_FILLED_PNL 034020 reason=EOD_FORCE_SELL filledQty=90/90 fillRatio=1.00 weightedPnl=0.27% dailyPnl=0.27%
2026-07-07 10:32:56 INFO  SELL_FILLED 034020 reason=EOD_FORCE_SELL remainingQty=0 phase=NONE exitType=TIMESTOP
2026-07-07 10:32:56 INFO  BUY [KRX] 196170 mode=OPENING_RANGE_BREAKOUT price=369000.0000 qty=27 size=1.0000x score=65[D] | WHY: vwap=0.52% trend=2 vol(2.00x) | VWAP: 0.52%(ABOVE slope=UP) allowedGap=1.00% | TREND: score=2 vel=0.14%/0.00%/0.41% accel=true | VOL: 1218.0000/608.5500 TO: 449442000.0000/223640275.0000 | HIGH: 369500.0000 fromHigh=-0.14% | entryNo=1
2026-07-07 10:32:56 INFO  BUY amount set for 006360: 10000000.00
2026-07-07 10:32:56 INFO  BUY_FILLED 196170 phase=HOLDING
2026-07-07 10:32:56 INFO  SELL_EXECUTED [KRX] 196170 mode=OPENING_RANGE_BREAKOUT phase=EXITING exitType=PROFIT price=378000.0000 qty=27 reason=TAKE_PROFIT_OPENING_RANGE_BREAKOUT pnl=2.44% peakPnl=2.44% holdMs=540000 high=378000.0000 avgPrice=369000.0000 weightedPnl=2.43% (pending fill)
2026-07-07 10:32:56 INFO  SELL_FILLED_PNL 196170 reason=TAKE_PROFIT_OPENING_RANGE_BREAKOUT filledQty=27/27 fillRatio=1.00 weightedPnl=2.43% dailyPnl=2.43%
2026-07-07 10:32:56 INFO  BUY [KRX] 373220 mode=OPENING_RANGE_BREAKOUT price=430000.0000 qty=23 size=1.0000x score=80[B] | WHY: vwap=1.02% trend=3 vol(2.16x) | VWAP: 1.02%(ABOVE slope=UP) allowedGap=1.00% | TREND: score=3 vel=0.58%/0.35%/0.23% accel=true | VOL: 9694.0000/4485.1500 TO: 4168420000.0000/1917046537.5000 | HIGH: 430000.0000 fromHigh=0.00% | entryNo=1
2026-07-07 10:32:56 INFO  BUY_FILLED 373220 phase=HOLDING
2026-07-07 10:32:56 INFO  SELL_FILLED 196170 reason=TAKE_PROFIT_OPENING_RANGE_BREAKOUT remainingQty=0 phase=NONE exitType=PROFIT
2026-07-07 10:32:56 INFO  SELL_EXECUTED [KRX] 373220 mode=OPENING_RANGE_BREAKOUT phase=EXITING exitType=VWAP_BREAK price=428000.0000 qty=23 reason=VWAP_BREAK pnl=-0.47% peakPnl=1.16% holdMs=18420000 high=435000.0000 avgPrice=430000.0000 weightedPnl=-0.46% (pending fill)
2026-07-07 10:32:56 INFO  SELL_FILLED_PNL 373220 reason=VWAP_BREAK filledQty=23/23 fillRatio=1.00 weightedPnl=-0.46% dailyPnl=-0.46%
2026-07-07 10:32:56 INFO  SELL_FILLED 373220 reason=VWAP_BREAK remainingQty=0 phase=NONE exitType=VWAP_BREAK
2026-07-07 10:32:57 INFO  BUY [KRX] 196170 mode=OPENING_RANGE_BREAKOUT price=362500.0000 qty=27 size=1.0000x score=83[B] | WHY: vwap=0.86% trend=3 vol(3.67x) | VWAP: 0.86%(ABOVE slope=UP) allowedGap=1.00% | TREND: score=3 vel=0.55%/0.42%/0.97% accel=true | VOL: 2473.0000/672.9500 TO: 896462500.0000/242634375.0000 | HIGH: 363500.0000 fromHigh=-0.28% | entryNo=1
2026-07-07 10:32:57 INFO  BUY_FILLED 196170 phase=HOLDING
2026-07-07 10:32:57 INFO  SELL_EXECUTED [KRX] 196170 mode=OPENING_RANGE_BREAKOUT phase=EXITING exitType=PROFIT price=370500.0000 qty=27 reason=TAKE_PROFIT_OPENING_RANGE_BREAKOUT pnl=2.14% peakPnl=2.14% holdMs=1320000 high=370250.0000 avgPrice=362500.0000 weightedPnl=2.09% (pending fill)
2026-07-07 10:32:57 INFO  SELL_FILLED_PNL 196170 reason=TAKE_PROFIT_OPENING_RANGE_BREAKOUT filledQty=27/27 fillRatio=1.00 weightedPnl=2.09% dailyPnl=2.09%
2026-07-07 10:32:57 INFO  SELL_FILLED 196170 reason=TAKE_PROFIT_OPENING_RANGE_BREAKOUT remainingQty=0 phase=NONE exitType=PROFIT
2026-07-07 10:32:57 INFO  BUY [KRX] 006400 mode=OPENING_RANGE_BREAKOUT price=600000.0000 qty=16 size=1.0000x score=70[D] | WHY: vwap=1.33% trend=3 vol(2.83x) | VWAP: 1.33%(ABOVE slope=UP) allowedGap=1.00% | TREND: score=3 vel=0.67%/0.50%/0.17% accel=true | VOL: 3595.0000/1268.9500 TO: 2157000000.0000/758688550.0000 | HIGH: 600000.0000 fromHigh=0.00% | entryNo=1
2026-07-07 10:32:57 INFO  BUY_FILLED 006400 phase=HOLDING
2026-07-07 10:32:57 INFO  SELL_EXECUTED [KRX] 006400 mode=OPENING_RANGE_BREAKOUT phase=EXITING exitType=PROFIT price=612000.0000 qty=16 reason=TAKE_PROFIT_OPENING_RANGE_BREAKOUT pnl=2.00% peakPnl=2.00% holdMs=1800000 high=612000.0000 avgPrice=600000.0000 weightedPnl=1.92% (pending fill)
2026-07-07 10:32:57 INFO  SELL_FILLED_PNL 006400 reason=TAKE_PROFIT_OPENING_RANGE_BREAKOUT filledQty=16/16 fillRatio=1.00 weightedPnl=1.92% dailyPnl=1.92%
2026-07-07 10:32:57 INFO  SELL_FILLED 006400 reason=TAKE_PROFIT_OPENING_RANGE_BREAKOUT remainingQty=0 phase=NONE exitType=PROFIT
2026-07-07 10:32:59 INFO  BUY [KRX] 035420 mode=OPENING_RANGE_BREAKOUT price=199500.0000 qty=50 size=1.0000x score=80[B] | WHY: vwap=1.06% trend=3 vol(2.41x) | VWAP: 1.06%(ABOVE slope=UP) allowedGap=1.00% | TREND: score=3 vel=0.81%/0.66%/0.73% accel=true | VOL: 12916.0000/5364.4500 TO: 2576742000.0000/1063011955.0000 | HIGH: 199500.0000 fromHigh=0.00% | entryNo=1
2026-07-07 10:32:59 INFO  BUY_FILLED 035420 phase=HOLDING
2026-07-07 10:32:59 INFO  SELL [EOD_FORCE_SELL] 035420 pnl=0.00% time=15:30
2026-07-07 10:32:59 INFO  SELL_EXECUTED [KRX] 035420 mode=OPENING_RANGE_BREAKOUT phase=EXITING exitType=TIMESTOP price=199500.0000 qty=50 reason=EOD_FORCE_SELL pnl=0.00% peakPnl=1.00% holdMs=21480000 high=201500.0000 avgPrice=199500.0000 weightedPnl=0.00% (pending fill)
2026-07-07 10:32:59 INFO  SELL_FILLED 035420 reason=EOD_FORCE_SELL remainingQty=0 phase=NONE exitType=TIMESTOP
2026-07-07 10:32:59 INFO  BUY [KRX] 055550 mode=OPENING_RANGE_BREAKOUT price=96500.0000 qty=103 size=1.0000x score=80[B] | WHY: vwap=0.78% trend=3 vol(2.75x) | VWAP: 0.78%(ABOVE slope=UP) allowedGap=1.00% | TREND: score=3 vel=0.94%/0.84%/1.05% accel=true | VOL: 8045.0000/2930.2500 TO: 776342500.0000/281129510.0000 | HIGH: 96500.0000 fromHigh=0.00% | entryNo=1
2026-07-07 10:32:59 INFO  BUY_FILLED 055550 phase=HOLDING
2026-07-07 10:32:59 INFO  SELL_EXECUTED [KRX] 055550 mode=OPENING_RANGE_BREAKOUT phase=EXITING exitType=STOPLOSS price=95200.0000 qty=103 reason=STOP_LOSS_OPENING_RANGE_BREAKOUT pnl=-1.35% peakPnl=-0.10% holdMs=2400000 high=96400.0000 avgPrice=96500.0000 weightedPnl=-1.34% (pending fill)
2026-07-07 10:32:59 INFO  SELL_FILLED_PNL 055550 reason=STOP_LOSS_OPENING_RANGE_BREAKOUT filledQty=103/103 fillRatio=1.00 weightedPnl=-1.34% dailyPnl=-1.34%
2026-07-07 10:32:59 INFO  SELL_FILLED 055550 reason=STOP_LOSS_OPENING_RANGE_BREAKOUT remainingQty=0 phase=NONE exitType=STOPLOSS
2026-07-07 10:32:59 INFO  BUY [KRX] 055550 mode=OPENING_RANGE_BREAKOUT price=97300.0000 qty=102 size=1.0000x score=85[A](CONV) | WHY: vwap=1.04% trend=3 vol(3.65x) | VWAP: 1.04%(ABOVE slope=UP) allowedGap=1.00% | TREND: score=3 vel=0.72%/0.41%/0.62% accel=true | VOL: 17974.0000/4923.5500 TO: 1748870200.0000/475516555.0000 | HIGH: 97400.0000 fromHigh=-0.10% | entryNo=1
2026-07-07 10:32:59 INFO  BUY_FILLED 055550 phase=HOLDING
2026-07-07 10:32:59 INFO  SELL [TRAIL_OPENING_RANGE_BREAKOUT] 055550 pnl=0.82% peakPnl=1.75% high=99000.0000 current=98100.0000
2026-07-07 10:33:00 INFO  SELL_EXECUTED [KRX] 055550 mode=OPENING_RANGE_BREAKOUT phase=EXITING exitType=TRAIL price=98100.0000 qty=102 reason=TRAIL_OPENING_RANGE_BREAKOUT pnl=0.82% peakPnl=1.75% holdMs=2520000 high=99000.0000 avgPrice=97300.0000 weightedPnl=0.82% (pending fill)
2026-07-07 10:33:00 INFO  BUY [KRX] 373220 mode=OPENING_RANGE_BREAKOUT price=398000.0000 qty=25 size=1.0000x score=85[A](CONV) | WHY: vwap=0.75% trend=3 vol(3.87x) | VWAP: 0.75%(ABOVE slope=UP) allowedGap=1.00% | TREND: score=3 vel=0.63%/0.38%/0.38% accel=true | VOL: 2733.0000/706.2000 TO: 1087734000.0000/279938600.0000 | HIGH: 398500.0000 fromHigh=-0.13% | entryNo=1
2026-07-07 10:33:00 INFO  SELL_FILLED_PNL 055550 reason=TRAIL_OPENING_RANGE_BREAKOUT filledQty=102/102 fillRatio=1.00 weightedPnl=0.82% dailyPnl=0.82%
2026-07-07 10:33:00 INFO  BUY_FILLED 373220 phase=HOLDING
2026-07-07 10:33:00 INFO  SELL_FILLED 055550 reason=TRAIL_OPENING_RANGE_BREAKOUT remainingQty=0 phase=NONE exitType=TRAIL
2026-07-07 10:33:00 INFO  SELL [EOD_FORCE_SELL] 373220 pnl=0.75% time=15:30
2026-07-07 10:33:00 INFO  SELL_EXECUTED [KRX] 373220 mode=OPENING_RANGE_BREAKOUT phase=EXITING exitType=TIMESTOP price=401000.0000 qty=25 reason=EOD_FORCE_SELL pnl=0.75% peakPnl=0.75% holdMs=21480000 high=401000.0000 avgPrice=398000.0000 weightedPnl=0.75% (pending fill)
2026-07-07 10:33:00 INFO  SELL_FILLED_PNL 373220 reason=EOD_FORCE_SELL filledQty=25/25 fillRatio=1.00 weightedPnl=0.75% dailyPnl=0.75%
2026-07-07 10:33:00 INFO  SELL_FILLED 373220 reason=EOD_FORCE_SELL remainingQty=0 phase=NONE exitType=TIMESTOP
2026-07-07 10:33:01 INFO  BUY [KRX] 079550 mode=OPENING_RANGE_BREAKOUT price=915000.0000 qty=10 size=1.0000x score=85[A](CONV) | WHY: vwap=0.98% trend=3 vol(3.29x) | VWAP: 0.98%(ABOVE slope=UP) allowedGap=1.00% | TREND: score=3 vel=0.88%/0.77%/0.99% accel=true | VOL: 1651.0000/502.0500 TO: 1510665000.0000/457189600.0000 | HIGH: 916000.0000 fromHigh=-0.11% | entryNo=1
2026-07-07 10:33:01 INFO  BUY_FILLED 079550 phase=HOLDING
2026-07-07 10:33:01 INFO  SELL_EXECUTED [KRX] 079550 mode=OPENING_RANGE_BREAKOUT phase=EXITING exitType=STOPLOSS price=903000.0000 qty=10 reason=STOP_LOSS_OPENING_RANGE_BREAKOUT pnl=-1.31% peakPnl=0.11% holdMs=1560000 high=916000.0000 avgPrice=915000.0000 weightedPnl=-1.20% (pending fill)
2026-07-07 10:33:01 INFO  SELL_FILLED_PNL 079550 reason=STOP_LOSS_OPENING_RANGE_BREAKOUT filledQty=10/10 fillRatio=1.00 weightedPnl=-1.20% dailyPnl=-1.20%
2026-07-07 10:33:01 INFO  SELL_FILLED 079550 reason=STOP_LOSS_OPENING_RANGE_BREAKOUT remainingQty=0 phase=NONE exitType=STOPLOSS
2026-07-07 10:33:02 INFO  BUY [KRX] 055550 mode=OPENING_RANGE_BREAKOUT price=101500.0000 qty=98 size=1.0000x score=70[D] | WHY: vwap=1.61% trend=3 vol(2.05x) | VWAP: 1.61%(ABOVE slope=UP) allowedGap=1.00% | TREND: score=3 vel=0.60%/0.50%/0.70% accel=true | VOL: 4363.0000/2131.1500 TO: 442408200.0000/215429795.0000 | HIGH: 101500.0000 fromHigh=-0.10% | entryNo=1
2026-07-07 10:33:02 INFO  BUY_FILLED 055550 phase=HOLDING
2026-07-07 10:33:02 INFO  SELL_EXECUTED [KRX] 055550 mode=OPENING_RANGE_BREAKOUT phase=EXITING exitType=PROFIT price=103500.0000 qty=98 reason=TAKE_PROFIT_OPENING_RANGE_BREAKOUT pnl=2.17% peakPnl=2.17% holdMs=7620000 high=103600.0000 avgPrice=101400.0000 weightedPnl=2.16% (pending fill)
2026-07-07 10:33:02 INFO  SELL_FILLED_PNL 055550 reason=TAKE_PROFIT_OPENING_RANGE_BREAKOUT filledQty=98/98 fillRatio=1.00 weightedPnl=2.16% dailyPnl=2.16%
2026-07-07 10:33:02 INFO  SELL_FILLED 055550 reason=TAKE_PROFIT_OPENING_RANGE_BREAKOUT remainingQty=0 phase=NONE exitType=PROFIT
2026-07-07 10:33:02 INFO  BUY [KRX] 079550 mode=BREAKOUT price=704000.0000 qty=11 size=0.8000x score=85[A](CONV) | WHY: strongBreakout volBreakout retestOK multiUp vol(2.06x) | VWAP: 0.75%(ABOVE slope=UP) allowedGap=1.50% | TREND: score=3 vel=1.59%/1.44%/1.73% accel=true | VOL: 1731.0000/838.6500 TO: 1218624000.0000/578703850.0000 | HIGH: 705000.0000 fromHigh=-0.14% | entryNo=1
2026-07-07 10:33:02 INFO  BUY_FILLED 079550 phase=HOLDING
2026-07-07 10:33:02 INFO  SELL [TRAIL_BREAKOUT] 079550 pnl=0.28% peakPnl=1.70% high=716000.0000 current=706000.0000
2026-07-07 10:33:02 INFO  SELL_EXECUTED [KRX] 079550 mode=BREAKOUT phase=EXITING exitType=TRAIL price=706000.0000 qty=11 reason=TRAIL_BREAKOUT pnl=0.28% peakPnl=1.70% holdMs=720000 high=716000.0000 avgPrice=704000.0000 weightedPnl=0.22% (pending fill)
2026-07-07 10:33:02 INFO  SELL_FILLED_PNL 079550 reason=TRAIL_BREAKOUT filledQty=11/11 fillRatio=1.00 weightedPnl=0.22% dailyPnl=0.22%
2026-07-07 10:33:02 INFO  SELL_FILLED 079550 reason=TRAIL_BREAKOUT remainingQty=0 phase=NONE exitType=TRAIL
2026-07-07 10:33:02 INFO  BUY amount set for 352820: 10000000.00
2026-07-07 10:33:03 INFO  BUY amount set for 006340: 10000000.00
2026-07-07 10:33:04 INFO  BUY amount set for 141080: 10000000.00
2026-07-07 10:33:04 INFO  BUY amount set for 319660: 10000000.00
2026-07-07 10:33:04 INFO  BUY amount set for 003490: 10000000.00
2026-07-07 10:33:04 INFO  BUY [KRX] 141080 mode=OPENING_RANGE_BREAKOUT price=185000.0000 qty=54 size=1.0000x score=75[C] | WHY: vwap=1.60% trend=3 vol(4.89x) | VWAP: 1.60%(ABOVE slope=UP) allowedGap=1.00% | TREND: score=3 vel=1.04%/0.82%/1.04% accel=true | VOL: 9552.0000/1952.4500 TO: 1769030400.0000/358035160.0000 | HIGH: 185300.0000 fromHigh=-0.05% | entryNo=1
2026-07-07 10:33:04 INFO  BUY_FILLED 141080 phase=HOLDING
2026-07-07 10:33:04 INFO  SELL [TRAIL_OPENING_RANGE_BREAKOUT] 141080 pnl=1.08% peakPnl=2.00% high=188900.0000 current=187200.0000
2026-07-07 10:33:04 INFO  SELL_EXECUTED [KRX] 141080 mode=OPENING_RANGE_BREAKOUT phase=EXITING exitType=TRAIL price=187200.0000 qty=54 reason=TRAIL_OPENING_RANGE_BREAKOUT pnl=1.08% peakPnl=2.00% holdMs=1560000 high=188900.0000 avgPrice=185200.0000 weightedPnl=1.08% (pending fill)
2026-07-07 10:33:04 INFO  SELL_FILLED_PNL 141080 reason=TRAIL_OPENING_RANGE_BREAKOUT filledQty=54/54 fillRatio=1.00 weightedPnl=1.08% dailyPnl=1.08%
2026-07-07 10:33:04 INFO  SELL_FILLED 141080 reason=TRAIL_OPENING_RANGE_BREAKOUT remainingQty=0 phase=NONE exitType=TRAIL
2026-07-07 10:33:04 INFO  BUY amount set for 214450: 10000000.00
2026-07-07 10:33:04 INFO  BUY amount set for 001210: 10000000.00
2026-07-07 10:33:05 INFO  BUY amount set for 064350: 10000000.00
2026-07-07 10:33:05 INFO  BUY amount set for 010120: 10000000.00
2026-07-07 10:33:05 INFO  BUY amount set for 034730: 10000000.00
2026-07-07 10:33:05 INFO  BUY amount set for 298040: 10000000.00
2026-07-07 10:33:05 INFO  BUY amount set for 028050: 10000000.00
2026-07-07 10:33:05 INFO  BUY [KRX] 141080 mode=OPENING_RANGE_BREAKOUT price=200500.0000 qty=49 size=1.0000x score=85[A](CONV) | WHY: vwap=0.97% trend=3 vol(4.34x) | VWAP: 0.97%(ABOVE slope=UP) allowedGap=1.00% | TREND: score=3 vel=0.75%/0.60%/0.50% accel=true | VOL: 6075.0000/1398.5000 TO: 1218037500.0000/278217060.0000 | HIGH: 200500.0000 fromHigh=0.00% | entryNo=1
2026-07-07 10:33:05 INFO  BUY_FILLED 141080 phase=HOLDING
2026-07-07 10:33:05 INFO  BUY amount set for 001820: 10000000.00
2026-07-07 10:33:05 INFO  SELL_EXECUTED [KRX] 141080 mode=OPENING_RANGE_BREAKOUT phase=EXITING exitType=VWAP_BREAK price=197900.0000 qty=49 reason=VWAP_BREAK pnl=-1.30% peakPnl=0.75% holdMs=1680000 high=202000.0000 avgPrice=200500.0000 weightedPnl=-1.27% (pending fill)
2026-07-07 10:33:05 INFO  SELL_FILLED_PNL 141080 reason=VWAP_BREAK filledQty=49/49 fillRatio=1.00 weightedPnl=-1.27% dailyPnl=-1.27%
2026-07-07 10:33:05 INFO  BUY [KRX] 064350 mode=OPENING_RANGE_BREAKOUT price=205000.0000 qty=48 size=1.0000x score=80[B] | WHY: vwap=0.82% trend=3 vol(2.35x) | VWAP: 0.82%(ABOVE slope=UP) allowedGap=1.00% | TREND: score=3 vel=0.61%/0.49%/0.74% accel=true | VOL: 3532.0000/1502.1500 TO: 724060000.0000/306585625.0000 | HIGH: 205000.0000 fromHigh=0.00% | entryNo=1
2026-07-07 10:33:05 INFO  SELL_FILLED 141080 reason=VWAP_BREAK remainingQty=0 phase=NONE exitType=VWAP_BREAK
2026-07-07 10:33:05 INFO  BUY_FILLED 064350 phase=HOLDING
2026-07-07 10:33:05 INFO  SELL [TRAIL_OPENING_RANGE_BREAKOUT] 064350 pnl=0.73% peakPnl=1.95% high=209000.0000 current=206500.0000
2026-07-07 10:33:05 INFO  SELL_EXECUTED [KRX] 064350 mode=OPENING_RANGE_BREAKOUT phase=EXITING exitType=TRAIL price=206500.0000 qty=48 reason=TRAIL_OPENING_RANGE_BREAKOUT pnl=0.73% peakPnl=1.95% holdMs=6000000 high=209000.0000 avgPrice=205000.0000 weightedPnl=0.72% (pending fill)
2026-07-07 10:33:05 INFO  SELL_FILLED_PNL 064350 reason=TRAIL_OPENING_RANGE_BREAKOUT filledQty=48/48 fillRatio=1.00 weightedPnl=0.72% dailyPnl=0.72%
2026-07-07 10:33:05 INFO  SELL_FILLED 064350 reason=TRAIL_OPENING_RANGE_BREAKOUT remainingQty=0 phase=NONE exitType=TRAIL
2026-07-07 10:33:05 INFO  BUY [KRX] 010120 mode=OPENING_RANGE_BREAKOUT price=191000.0000 qty=52 size=1.0000x score=75[C] | WHY: vwap=1.11% trend=3 vol(2.13x) | VWAP: 1.11%(ABOVE slope=UP) allowedGap=1.00% | TREND: score=3 vel=0.32%/0.26%/0.47% accel=true | VOL: 8570.0000/4025.8500 TO: 1635156000.0000/763890310.0000 | HIGH: 190900.0000 fromHigh=-0.05% | entryNo=1
2026-07-07 10:33:05 INFO  BUY_FILLED 010120 phase=HOLDING
2026-07-07 10:33:05 INFO  SELL_EXECUTED [KRX] 010120 mode=OPENING_RANGE_BREAKOUT phase=EXITING exitType=VWAP_BREAK price=188500.0000 qty=52 reason=VWAP_BREAK pnl=-1.21% peakPnl=0.42% holdMs=11220000 high=191600.0000 avgPrice=190800.0000 weightedPnl=-1.20% (pending fill)
2026-07-07 10:33:05 INFO  SELL_FILLED_PNL 010120 reason=VWAP_BREAK filledQty=52/52 fillRatio=1.00 weightedPnl=-1.20% dailyPnl=-1.20%
2026-07-07 10:33:05 INFO  SELL_FILLED 010120 reason=VWAP_BREAK remainingQty=0 phase=NONE exitType=VWAP_BREAK
2026-07-07 10:33:05 INFO  BUY [KRX] 010120 mode=OPENING_RANGE_BREAKOUT price=189500.0000 qty=52 size=1.0000x score=75[C] | WHY: vwap=0.67% trend=3 vol(2.09x) | VWAP: 0.67%(ABOVE slope=UP) allowedGap=1.00% | TREND: score=3 vel=0.32%/0.26%/0.16% accel=true | VOL: 5611.0000/2684.0500 TO: 1063845600.0000/509039325.0000 | HIGH: 190500.0000 fromHigh=-0.47% | entryNo=1
2026-07-07 10:33:05 INFO  BUY [KRX] 298040 mode=OPENING_RANGE_BREAKOUT price=3006000.0000 qty=3 size=1.0000x score=75[C] | WHY: vwap=1.62% trend=3 vol(4.82x) | VWAP: 1.62%(ABOVE slope=UP) allowedGap=1.00% | TREND: score=3 vel=0.97%/0.94%/1.25% accel=true | VOL: 720.0000/149.4000 TO: 2164320000.0000/445186550.0000 | HIGH: 3006000.0000 fromHigh=0.00% | entryNo=1
2026-07-07 10:33:05 INFO  BUY_FILLED 010120 phase=HOLDING
2026-07-07 10:33:05 INFO  BUY_FILLED 298040 phase=HOLDING
2026-07-07 10:33:05 INFO  SELL_EXECUTED [KRX] 010120 mode=OPENING_RANGE_BREAKOUT phase=EXITING exitType=VWAP_BREAK price=187300.0000 qty=52 reason=VWAP_BREAK pnl=-1.21% peakPnl=0.00% holdMs=1320000 high=189600.0000 avgPrice=189600.0000 weightedPnl=-1.20% (pending fill)
2026-07-07 10:33:05 INFO  SELL_FILLED_PNL 010120 reason=VWAP_BREAK filledQty=52/52 fillRatio=1.00 weightedPnl=-1.20% dailyPnl=-1.20%
2026-07-07 10:33:05 INFO  SELL_FILLED 010120 reason=VWAP_BREAK remainingQty=0 phase=NONE exitType=VWAP_BREAK
2026-07-07 10:33:05 INFO  SELL_EXECUTED [KRX] 298040 mode=OPENING_RANGE_BREAKOUT phase=EXITING exitType=STOPLOSS price=2965000.0000 qty=3 reason=STOP_LOSS_OPENING_RANGE_BREAKOUT pnl=-1.36% peakPnl=0.03% holdMs=1200000 high=3007000.0000 avgPrice=3006000.0000 weightedPnl=-1.23% (pending fill)
2026-07-07 10:33:05 INFO  SELL_FILLED_PNL 298040 reason=STOP_LOSS_OPENING_RANGE_BREAKOUT filledQty=3/3 fillRatio=1.00 weightedPnl=-1.23% dailyPnl=-1.23%
2026-07-07 10:33:05 INFO  SELL_FILLED 298040 reason=STOP_LOSS_OPENING_RANGE_BREAKOUT remainingQty=0 phase=NONE exitType=STOPLOSS
2026-07-07 10:33:06 INFO  BUY [KRX] 034730 mode=BREAKOUT price=373000.0000 qty=21 size=0.8000x score=85[A](CONV) | WHY: strongBreakout volBreakout retestOK multiUp vol(2.20x) | VWAP: 0.59%(ABOVE slope=UP) allowedGap=1.50% | TREND: score=3 vel=0.40%/0.27%/0.13% accel=true | VOL: 2035.0000/924.7000 TO: 759055000.0000/342901837.5000 | HIGH: 373500.0000 fromHigh=-0.13% | entryNo=1
2026-07-07 10:33:06 INFO  BUY_FILLED 034730 phase=HOLDING
2026-07-07 10:33:06 INFO  SELL_EXECUTED [KRX] 034730 mode=BREAKOUT phase=EXITING exitType=VWAP_BREAK price=371000.0000 qty=21 reason=VWAP_BREAK pnl=-0.54% peakPnl=0.94% holdMs=2580000 high=376500.0000 avgPrice=373000.0000 weightedPnl=-0.42% (pending fill)
2026-07-07 10:33:06 INFO  SELL_FILLED_PNL 034730 reason=VWAP_BREAK filledQty=21/21 fillRatio=1.00 weightedPnl=-0.42% dailyPnl=-0.42%
2026-07-07 10:33:06 INFO  SELL_FILLED 034730 reason=VWAP_BREAK remainingQty=0 phase=NONE exitType=VWAP_BREAK
2026-07-07 10:33:06 INFO  BUY [KRX] 141080 mode=OPENING_RANGE_BREAKOUT price=204500.0000 qty=48 size=1.0000x score=75[C] | WHY: vwap=1.73% trend=3 vol(4.69x) | VWAP: 1.73%(ABOVE slope=UP) allowedGap=1.00% | TREND: score=3 vel=1.24%/0.99%/1.49% accel=true | VOL: 3584.0000/763.8500 TO: 732928000.0000/154379385.0000 | HIGH: 204500.0000 fromHigh=0.00% | entryNo=1
2026-07-07 10:33:06 INFO  BUY_FILLED 141080 phase=HOLDING
2026-07-07 10:33:06 INFO  SELL_EXECUTED [KRX] 141080 mode=OPENING_RANGE_BREAKOUT phase=EXITING exitType=STOPLOSS price=201500.0000 qty=48 reason=STOP_LOSS_OPENING_RANGE_BREAKOUT pnl=-1.47% peakPnl=0.24% holdMs=180000 high=205000.0000 avgPrice=204500.0000 weightedPnl=-1.44% (pending fill)
2026-07-07 10:33:06 INFO  SELL_FILLED_PNL 141080 reason=STOP_LOSS_OPENING_RANGE_BREAKOUT filledQty=48/48 fillRatio=1.00 weightedPnl=-1.44% dailyPnl=-1.44%
2026-07-07 10:33:06 INFO  SELL_FILLED 141080 reason=STOP_LOSS_OPENING_RANGE_BREAKOUT remainingQty=0 phase=NONE exitType=STOPLOSS
2026-07-07 10:33:06 INFO  BUY amount set for 042700: 10000000.00
2026-07-07 10:33:06 INFO  BUY [KRX] 010120 mode=OPENING_RANGE_BREAKOUT price=225000.0000 qty=44 size=1.0000x score=68[D] | WHY: vwap=1.46% trend=3 vol(2.41x) | VWAP: 1.46%(ABOVE slope=UP) allowedGap=1.00% | TREND: score=3 vel=0.67%/0.22%/0.90% accel=true | VOL: 21307.0000/8830.1500 TO: 4794075000.0000/1968444000.0000 | HIGH: 225500.0000 fromHigh=-0.22% | entryNo=1
2026-07-07 10:33:06 INFO  BUY_FILLED 010120 phase=HOLDING
2026-07-07 10:33:06 INFO  SELL_EXECUTED [KRX] 010120 mode=OPENING_RANGE_BREAKOUT phase=EXITING exitType=PROFIT price=229500.0000 qty=44 reason=TAKE_PROFIT_OPENING_RANGE_BREAKOUT pnl=2.00% peakPnl=2.00% holdMs=300000 high=229500.0000 avgPrice=225000.0000 weightedPnl=1.98% (pending fill)
2026-07-07 10:33:06 INFO  SELL_FILLED_PNL 010120 reason=TAKE_PROFIT_OPENING_RANGE_BREAKOUT filledQty=44/44 fillRatio=1.00 weightedPnl=1.98% dailyPnl=1.98%
2026-07-07 10:33:06 INFO  SELL_FILLED 010120 reason=TAKE_PROFIT_OPENING_RANGE_BREAKOUT remainingQty=0 phase=NONE exitType=PROFIT
2026-07-07 10:33:06 INFO  BUY amount set for 278470: 10000000.00
2026-07-07 10:33:07 INFO  BUY [KRX] 298040 mode=BREAKOUT price=3408000.0000 qty=2 size=1.0000x score=85[A](CONV) | WHY: strongBreakout volBreakout retestOK multiUp vol(2.75x) | VWAP: 1.08%(ABOVE slope=UP) allowedGap=1.50% | TREND: score=3 vel=0.95%/0.92%/1.61% accel=true | VOL: 1589.0000/578.1765 TO: 5415312000.0000/1949364470.5882 | HIGH: 3409000.0000 fromHigh=-0.03% | entryNo=1
2026-07-07 10:33:07 INFO  BUY_FILLED 298040 phase=HOLDING
2026-07-07 10:33:07 INFO  SELL_EXECUTED [KRX] 298040 mode=BREAKOUT phase=EXITING exitType=PROFIT price=3491000.0000 qty=2 reason=TAKE_PROFIT_BREAKOUT pnl=2.44% peakPnl=2.44% holdMs=1080000 high=3491000.0000 avgPrice=3408000.0000 weightedPnl=1.66% (pending fill)
2026-07-07 10:33:07 INFO  SELL_FILLED_PNL 298040 reason=TAKE_PROFIT_BREAKOUT filledQty=2/2 fillRatio=1.00 weightedPnl=1.66% dailyPnl=1.66%
2026-07-07 10:33:07 INFO  SELL_FILLED 298040 reason=TAKE_PROFIT_BREAKOUT remainingQty=0 phase=NONE exitType=PROFIT
2026-07-07 10:33:08 INFO  BUY [KRX] 034730 mode=BREAKOUT price=519000.0000 qty=19 size=1.0000x score=85[A](CONV) | WHY: strongBreakout volBreakout retestOK multiUp vol(3.00x) | VWAP: 1.18%(ABOVE slope=UP) allowedGap=1.50% | TREND: score=3 vel=0.58%/0.39%/0.78% accel=true | VOL: 2828.0000/943.6500 TO: 1467732000.0000/484447250.0000 | HIGH: 519000.0000 fromHigh=0.00% | entryNo=1
2026-07-07 10:33:08 INFO  BUY_FILLED 034730 phase=HOLDING
2026-07-07 10:33:08 INFO  SELL_EXECUTED [KRX] 034730 mode=BREAKOUT phase=EXITING exitType=PROFIT price=532000.0000 qty=19 reason=TAKE_PROFIT_BREAKOUT pnl=2.50% peakPnl=2.50% holdMs=4680000 high=532000.0000 avgPrice=519000.0000 weightedPnl=2.47% (pending fill)
2026-07-07 10:33:08 INFO  SELL_FILLED_PNL 034730 reason=TAKE_PROFIT_BREAKOUT filledQty=19/19 fillRatio=1.00 weightedPnl=2.47% dailyPnl=2.47%
2026-07-07 10:33:08 INFO  SELL_FILLED 034730 reason=TAKE_PROFIT_BREAKOUT remainingQty=0 phase=NONE exitType=PROFIT
2026-07-07 10:33:08 INFO  BUY [KRX] 010120 mode=BREAKOUT price=241500.0000 qty=41 size=1.0000x score=85[A](CONV) | WHY: strongBreakout volBreakout retestOK multiUp vol(2.54x) | VWAP: 1.08%(ABOVE slope=UP) allowedGap=1.50% | TREND: score=3 vel=2.33%/2.11%/2.55% accel=true | VOL: 17204.0000/6777.9000 TO: 4154766000.0000/1612557912.5000 | HIGH: 241500.0000 fromHigh=0.00% | entryNo=1
2026-07-07 10:33:08 INFO  BUY_FILLED 010120 phase=HOLDING
2026-07-07 10:33:08 INFO  SELL_EXECUTED [KRX] 010120 mode=BREAKOUT phase=EXITING exitType=VWAP_BREAK price=238000.0000 qty=41 reason=VWAP_BREAK pnl=-1.45% peakPnl=0.62% holdMs=1680000 high=243000.0000 avgPrice=241500.0000 weightedPnl=-1.44% (pending fill)
2026-07-07 10:33:08 INFO  SELL_FILLED_PNL 010120 reason=VWAP_BREAK filledQty=41/41 fillRatio=1.00 weightedPnl=-1.44% dailyPnl=-1.44%
2026-07-07 10:33:08 INFO  SELL_FILLED 010120 reason=VWAP_BREAK remainingQty=0 phase=NONE exitType=VWAP_BREAK
2026-07-07 10:33:09 INFO  BUY [KRX] 003490 mode=OPENING_RANGE_BREAKOUT price=27100.0000 qty=369 size=1.0000x score=80[B] | WHY: vwap=0.96% trend=3 vol(2.47x) | VWAP: 0.96%(ABOVE slope=UP) allowedGap=1.00% | TREND: score=3 vel=0.56%/0.37%/0.18% accel=true | VOL: 48721.0000/19722.6000 TO: 1320339100.0000/532611617.5000 | HIGH: 27100.0000 fromHigh=0.00% | entryNo=1
2026-07-07 10:33:09 INFO  BUY_FILLED 003490 phase=HOLDING
2026-07-07 10:33:09 INFO  SELL_EXECUTED [KRX] 003490 mode=OPENING_RANGE_BREAKOUT phase=EXITING exitType=VWAP_BREAK price=26750.0000 qty=369 reason=VWAP_BREAK pnl=-1.29% peakPnl=0.55% holdMs=3780000 high=27250.0000 avgPrice=27100.0000 weightedPnl=-1.29% (pending fill)
2026-07-07 10:33:09 INFO  SELL_FILLED_PNL 003490 reason=VWAP_BREAK filledQty=369/369 fillRatio=1.00 weightedPnl=-1.29% dailyPnl=-1.29%
2026-07-07 10:33:09 INFO  SELL_FILLED 003490 reason=VWAP_BREAK remainingQty=0 phase=NONE exitType=VWAP_BREAK
2026-07-07 10:33:09 INFO  BUY [KRX] 214450 mode=OPENING_RANGE_BREAKOUT price=267500.0000 qty=37 size=1.0000x score=75[C] | WHY: vwap=1.70% trend=3 vol(3.66x) | VWAP: 1.70%(ABOVE slope=UP) allowedGap=1.00% | TREND: score=3 vel=1.52%/1.33%/0.56% accel=true | VOL: 1673.0000/457.4500 TO: 447527500.0000/120817275.0000 | HIGH: 268500.0000 fromHigh=-0.37% | entryNo=1
2026-07-07 10:33:09 INFO  BUY_FILLED 214450 phase=HOLDING
2026-07-07 10:33:09 INFO  SELL_EXECUTED [KRX] 214450 mode=OPENING_RANGE_BREAKOUT phase=EXITING exitType=PROFIT price=273000.0000 qty=37 reason=TAKE_PROFIT_OPENING_RANGE_BREAKOUT pnl=2.06% peakPnl=2.06% holdMs=420000 high=273000.0000 avgPrice=267500.0000 weightedPnl=2.04% (pending fill)
2026-07-07 10:33:09 INFO  SELL_FILLED_PNL 214450 reason=TAKE_PROFIT_OPENING_RANGE_BREAKOUT filledQty=37/37 fillRatio=1.00 weightedPnl=2.04% dailyPnl=2.04%
2026-07-07 10:33:09 INFO  SELL_FILLED 214450 reason=TAKE_PROFIT_OPENING_RANGE_BREAKOUT remainingQty=0 phase=NONE exitType=PROFIT
2026-07-07 10:33:09 INFO  BUY [KRX] 003490 mode=BREAKOUT price=27300.0000 qty=293 size=0.8000x score=85[A](CONV) | WHY: strongBreakout volBreakout retestOK multiUp vol(2.22x) | VWAP: 0.98%(ABOVE slope=UP) allowedGap=1.50% | TREND: score=3 vel=0.74%/0.55%/0.92% accel=true | VOL: 16805.0000/7584.6000 TO: 458776500.0000/205350090.0000 | HIGH: 27350.0000 fromHigh=-0.18% | entryNo=1
2026-07-07 10:33:09 INFO  BUY_FILLED 003490 phase=HOLDING
2026-07-07 10:33:09 INFO  SELL_EXECUTED [KRX] 003490 mode=BREAKOUT phase=EXITING exitType=VWAP_BREAK price=26900.0000 qty=293 reason=VWAP_BREAK pnl=-1.47% peakPnl=-0.18% holdMs=420000 high=27250.0000 avgPrice=27300.0000 weightedPnl=-1.17% (pending fill)
2026-07-07 10:33:09 INFO  SELL_FILLED_PNL 003490 reason=VWAP_BREAK filledQty=293/293 fillRatio=1.00 weightedPnl=-1.17% dailyPnl=-1.17%
2026-07-07 10:33:09 INFO  SELL_FILLED 003490 reason=VWAP_BREAK remainingQty=0 phase=NONE exitType=VWAP_BREAK
2026-07-07 10:33:10 INFO  BUY [KRX] 003490 mode=OPENING_RANGE_BREAKOUT price=24200.0000 qty=413 size=1.0000x score=85[A](CONV) | WHY: vwap=0.57% trend=3 vol(3.75x) | VWAP: 0.57%(ABOVE slope=UP) allowedGap=1.00% | TREND: score=3 vel=0.62%/0.41%/0.52% accel=true | VOL: 34661.0000/9231.5500 TO: 838796200.0000/222775648.7500 | HIGH: 24200.0000 fromHigh=0.00% | entryNo=1
2026-07-07 10:33:10 INFO  BUY_FILLED 003490 phase=HOLDING
2026-07-07 10:33:10 INFO  SELL_EXECUTED [KRX] 003490 mode=OPENING_RANGE_BREAKOUT phase=EXITING exitType=VWAP_BREAK price=23900.0000 qty=413 reason=VWAP_BREAK pnl=-1.24% peakPnl=-0.21% holdMs=1080000 high=24150.0000 avgPrice=24200.0000 weightedPnl=-1.24% (pending fill)
2026-07-07 10:33:10 INFO  SELL_FILLED_PNL 003490 reason=VWAP_BREAK filledQty=413/413 fillRatio=1.00 weightedPnl=-1.24% dailyPnl=-1.24%
2026-07-07 10:33:10 INFO  SELL_FILLED 003490 reason=VWAP_BREAK remainingQty=0 phase=NONE exitType=VWAP_BREAK
2026-07-07 10:33:10 INFO  BUY [KRX] 003490 mode=OPENING_RANGE_BREAKOUT price=24800.0000 qty=403 size=1.0000x score=63[D] | WHY: vwap=1.00% trend=3 vol(2.25x) | VWAP: 1.00%(ABOVE slope=UP) allowedGap=1.00% | TREND: score=3 vel=0.61%/0.40%/0.20% accel=true | VOL: 25567.0000/11350.2500 TO: 634061600.0000/279895770.0000 | HIGH: 25000.0000 fromHigh=-0.80% | entryNo=1
2026-07-07 10:33:10 INFO  BUY_FILLED 003490 phase=HOLDING
2026-07-07 10:33:10 INFO  SELL_EXECUTED [KRX] 003490 mode=OPENING_RANGE_BREAKOUT phase=EXITING exitType=STOPLOSS price=24350.0000 qty=403 reason=STOP_LOSS_OPENING_RANGE_BREAKOUT pnl=-1.81% peakPnl=-0.40% holdMs=1080000 high=24700.0000 avgPrice=24800.0000 weightedPnl=-1.81% (pending fill)
2026-07-07 10:33:10 INFO  SELL_FILLED_PNL 003490 reason=STOP_LOSS_OPENING_RANGE_BREAKOUT filledQty=403/403 fillRatio=1.00 weightedPnl=-1.81% dailyPnl=-1.81%
2026-07-07 10:33:10 INFO  SELL_FILLED 003490 reason=STOP_LOSS_OPENING_RANGE_BREAKOUT remainingQty=0 phase=NONE exitType=STOPLOSS
2026-07-07 10:33:10 INFO  BUY [KRX] 042700 mode=BREAKOUT price=304500.0000 qty=32 size=1.0000x score=85[A](CONV) | WHY: strongBreakout volBreakout retestOK multiUp vol(2.47x) | VWAP: 1.06%(ABOVE slope=UP) allowedGap=1.50% | TREND: score=3 vel=0.83%/0.66%/0.66% accel=true | VOL: 7208.0000/2916.0500 TO: 2194836000.0000/879304575.0000 | HIGH: 304500.0000 fromHigh=0.00% | entryNo=1
2026-07-07 10:33:10 INFO  BUY_FILLED 042700 phase=HOLDING
2026-07-07 10:33:10 INFO  SELL_EXECUTED [KRX] 042700 mode=BREAKOUT phase=EXITING exitType=PROFIT price=311000.0000 qty=32 reason=TAKE_PROFIT_BREAKOUT pnl=2.13% peakPnl=2.13% holdMs=2340000 high=311000.0000 avgPrice=304500.0000 weightedPnl=2.08% (pending fill)
2026-07-07 10:33:10 INFO  SELL_FILLED_PNL 042700 reason=TAKE_PROFIT_BREAKOUT filledQty=32/32 fillRatio=1.00 weightedPnl=2.08% dailyPnl=2.08%
2026-07-07 10:33:10 INFO  SELL_FILLED 042700 reason=TAKE_PROFIT_BREAKOUT remainingQty=0 phase=NONE exitType=PROFIT
2026-07-07 10:33:10 INFO  BUY amount set for 222800: 10000000.00
2026-07-07 10:33:11 INFO  BUY amount set for 010140: 10000000.00
2026-07-07 10:33:11 INFO  BUY [KRX] 034730 mode=BREAKOUT price=595000.0000 qty=13 size=0.8000x score=85[A](CONV) | WHY: strongBreakout volBreakout retestOK multiUp vol(2.04x) | VWAP: 0.61%(ABOVE slope=UP) allowedGap=1.50% | TREND: score=3 vel=2.23%/2.06%/0.85% accel=true | VOL: 2880.0000/1409.9474 TO: 1713600000.0000/833843000.0000 | HIGH: 596000.0000 fromHigh=-0.17% | entryNo=1
2026-07-07 10:33:11 INFO  BUY_FILLED 034730 phase=HOLDING
2026-07-07 10:33:11 INFO  SELL_EXECUTED [KRX] 034730 mode=BREAKOUT phase=EXITING exitType=STOPLOSS price=586000.0000 qty=13 reason=STOP_LOSS_BREAKOUT pnl=-1.51% peakPnl=-0.50% holdMs=180000 high=592000.0000 avgPrice=595000.0000 weightedPnl=-1.17% (pending fill)
2026-07-07 10:33:11 INFO  SELL_FILLED_PNL 034730 reason=STOP_LOSS_BREAKOUT filledQty=13/13 fillRatio=1.00 weightedPnl=-1.17% dailyPnl=-1.17%
2026-07-07 10:33:11 INFO  SELL_FILLED 034730 reason=STOP_LOSS_BREAKOUT remainingQty=0 phase=NONE exitType=STOPLOSS
2026-07-07 10:33:11 INFO  BUY [KRX] 222800 mode=OPENING_RANGE_BREAKOUT price=72700.0000 qty=137 size=1.0000x score=70[D] | WHY: vwap=1.74% trend=3 vol(2.78x) | VWAP: 1.74%(ABOVE slope=UP) allowedGap=1.00% | TREND: score=3 vel=1.25%/1.11%/1.54% accel=true | VOL: 7958.0000/2860.4000 TO: 578546600.0000/204943290.0000 | HIGH: 72700.0000 fromHigh=0.00% | entryNo=1
2026-07-07 10:33:11 INFO  BUY_FILLED 222800 phase=HOLDING
2026-07-07 10:33:11 INFO  SELL [TRAIL_OPENING_RANGE_BREAKOUT] 222800 pnl=0.69% peakPnl=1.51% high=73800.0000 current=73200.0000
2026-07-07 10:33:11 INFO  SELL_EXECUTED [KRX] 222800 mode=OPENING_RANGE_BREAKOUT phase=EXITING exitType=TRAIL price=73200.0000 qty=137 reason=TRAIL_OPENING_RANGE_BREAKOUT pnl=0.69% peakPnl=1.51% holdMs=420000 high=73800.0000 avgPrice=72700.0000 weightedPnl=0.69% (pending fill)
2026-07-07 10:33:11 INFO  SELL_FILLED_PNL 222800 reason=TRAIL_OPENING_RANGE_BREAKOUT filledQty=137/137 fillRatio=1.00 weightedPnl=0.69% dailyPnl=0.69%
2026-07-07 10:33:11 INFO  SELL_FILLED 222800 reason=TRAIL_OPENING_RANGE_BREAKOUT remainingQty=0 phase=NONE exitType=TRAIL
2026-07-07 10:33:13 INFO  BUY [KRX] 034730 mode=OPENING_RANGE_BREAKOUT price=742000.0000 qty=13 size=1.0000x score=70[D] | WHY: vwap=1.59% trend=3 vol(2.27x) | VWAP: 1.59%(ABOVE slope=UP) allowedGap=1.00% | TREND: score=3 vel=0.41%/0.27%/0.68% accel=true | VOL: 1935.0000/851.1000 TO: 1435770000.0000/627941150.0000 | HIGH: 743000.0000 fromHigh=-0.13% | entryNo=1
2026-07-07 10:33:13 INFO  BUY_FILLED 034730 phase=HOLDING
2026-07-07 10:33:13 INFO  SELL_EXECUTED [KRX] 034730 mode=OPENING_RANGE_BREAKOUT phase=EXITING exitType=STOPLOSS price=731000.0000 qty=13 reason=STOP_LOSS_OPENING_RANGE_BREAKOUT pnl=-1.48% peakPnl=0.94% holdMs=2700000 high=749000.0000 avgPrice=742000.0000 weightedPnl=-1.43% (pending fill)
2026-07-07 10:33:13 INFO  SELL_FILLED_PNL 034730 reason=STOP_LOSS_OPENING_RANGE_BREAKOUT filledQty=13/13 fillRatio=1.00 weightedPnl=-1.43% dailyPnl=-1.43%
2026-07-07 10:33:13 INFO  SELL_FILLED 034730 reason=STOP_LOSS_OPENING_RANGE_BREAKOUT remainingQty=0 phase=NONE exitType=STOPLOSS
2026-07-07 10:33:13 INFO  BUY amount set for 247540: 10000000.00
2026-07-07 10:33:13 INFO  BUY amount set for 226950: 10000000.00
2026-07-07 10:33:13 INFO  BUY amount set for 095610: 10000000.00
2026-07-07 10:33:14 INFO  BUY [KRX] 226950 mode=OPENING_RANGE_BREAKOUT price=179500.0000 qty=55 size=1.0000x score=70[D] | WHY: vwap=1.52% trend=3 vol(2.01x) | VWAP: 1.52%(ABOVE slope=UP) allowedGap=1.00% | TREND: score=3 vel=0.73%/0.34%/0.34% accel=true | VOL: 3462.0000/1726.0500 TO: 622121400.0000/307915070.0000 | HIGH: 179800.0000 fromHigh=-0.06% | entryNo=1
2026-07-07 10:33:14 INFO  BUY_FILLED 226950 phase=HOLDING
2026-07-07 10:33:14 INFO  SELL_EXECUTED [KRX] 226950 mode=OPENING_RANGE_BREAKOUT phase=EXITING exitType=PROFIT price=183500.0000 qty=55 reason=TAKE_PROFIT_OPENING_RANGE_BREAKOUT pnl=2.06% peakPnl=2.06% holdMs=2100000 high=183400.0000 avgPrice=179700.0000 weightedPnl=2.03% (pending fill)
2026-07-07 10:33:14 INFO  SELL_FILLED_PNL 226950 reason=TAKE_PROFIT_OPENING_RANGE_BREAKOUT filledQty=55/55 fillRatio=1.00 weightedPnl=2.03% dailyPnl=2.03%
2026-07-07 10:33:14 INFO  SELL_FILLED 226950 reason=TAKE_PROFIT_OPENING_RANGE_BREAKOUT remainingQty=0 phase=NONE exitType=PROFIT
2026-07-07 10:33:15 INFO  BUY [KRX] 278470 mode=OPENING_RANGE_BREAKOUT price=405500.0000 qty=24 size=1.0000x score=75[C] | WHY: vwap=1.68% trend=3 vol(3.95x) | VWAP: 1.68%(ABOVE slope=UP) allowedGap=1.00% | TREND: score=3 vel=0.75%/0.62%/1.38% accel=true | VOL: 4827.0000/1220.7500 TO: 1957348500.0000/490479450.0000 | HIGH: 405500.0000 fromHigh=0.00% | entryNo=1
2026-07-07 10:33:15 INFO  BUY_FILLED 278470 phase=HOLDING
2026-07-07 10:33:15 INFO  SELL_EXECUTED [KRX] 278470 mode=OPENING_RANGE_BREAKOUT phase=EXITING exitType=STOPLOSS price=400000.0000 qty=24 reason=STOP_LOSS_OPENING_RANGE_BREAKOUT pnl=-1.36% peakPnl=0.37% holdMs=1740000 high=407000.0000 avgPrice=405500.0000 weightedPnl=-1.32% (pending fill)
2026-07-07 10:33:15 INFO  SELL_FILLED_PNL 278470 reason=STOP_LOSS_OPENING_RANGE_BREAKOUT filledQty=24/24 fillRatio=1.00 weightedPnl=-1.32% dailyPnl=-1.32%
2026-07-07 10:33:15 INFO  SELL_FILLED 278470 reason=STOP_LOSS_OPENING_RANGE_BREAKOUT remainingQty=0 phase=NONE exitType=STOPLOSS
2026-07-07 10:33:15 INFO  BUY [KRX] 222800 mode=STRONG_PULLBACK price=104000.0000 qty=96 size=1.0000x score=77[C] | WHY: dayChg=14.25% fromHigh=-1.70% spScore=77 vol3/vol10=0.56x body=1.00 | VWAP: 6.09%(ABOVE slope=UP) allowedGap=5.00% | TREND: score=2 vel=1.17%/0.48%/0.00% accel=true | VOL: 1953.0000/2387.1000 TO: 203502600.0000/248605545.0000 | HIGH: 106000.0000 fromHigh=-1.70% | SP: score=77 dayChg=14.25% fromHigh=-1.70% vol3/vol10=0.56x body=1.00 | entryNo=1
2026-07-07 10:33:15 INFO  BUY_FILLED 222800 phase=HOLDING
2026-07-07 10:33:15 INFO  SELL_EXECUTED [KRX] 222800 mode=STRONG_PULLBACK phase=EXITING exitType=PROFIT price=107500.0000 qty=96 reason=TAKE_PROFIT_STRONG_PULLBACK pnl=3.07% peakPnl=3.07% holdMs=4800000 high=107400.0000 avgPrice=104200.0000 weightedPnl=3.07% (pending fill)
2026-07-07 10:33:15 INFO  SELL_FILLED_PNL 222800 reason=TAKE_PROFIT_STRONG_PULLBACK filledQty=96/96 fillRatio=1.00 weightedPnl=3.07% dailyPnl=3.07%
2026-07-07 10:33:15 INFO  SELL_FILLED 222800 reason=TAKE_PROFIT_STRONG_PULLBACK remainingQty=0 phase=NONE exitType=PROFIT
2026-07-07 10:33:16 INFO  BUY [KRX] 247540 mode=OPENING_RANGE_BREAKOUT price=192000.0000 qty=52 size=1.0000x score=70[D] | WHY: vwap=1.72% trend=3 vol(2.10x) | VWAP: 1.72%(ABOVE slope=UP) allowedGap=1.00% | TREND: score=3 vel=0.58%/0.26%/0.16% accel=true | VOL: 4365.0000/2080.6000 TO: 838516500.0000/397672410.0000 | HIGH: 192200.0000 fromHigh=-0.05% | entryNo=1
2026-07-07 10:33:16 INFO  BUY_FILLED 247540 phase=HOLDING
2026-07-07 10:33:16 INFO  SELL_EXECUTED [KRX] 247540 mode=OPENING_RANGE_BREAKOUT phase=EXITING exitType=PROFIT price=196000.0000 qty=52 reason=TAKE_PROFIT_OPENING_RANGE_BREAKOUT pnl=2.03% peakPnl=2.03% holdMs=600000 high=196000.0000 avgPrice=192100.0000 weightedPnl=2.03% (pending fill)
2026-07-07 10:33:16 INFO  SELL_FILLED_PNL 247540 reason=TAKE_PROFIT_OPENING_RANGE_BREAKOUT filledQty=52/52 fillRatio=1.00 weightedPnl=2.03% dailyPnl=2.03%
2026-07-07 10:33:16 INFO  SELL_FILLED 247540 reason=TAKE_PROFIT_OPENING_RANGE_BREAKOUT remainingQty=0 phase=NONE exitType=PROFIT
2026-07-07 10:33:17 INFO  BUY [KRX] 226950 mode=OPENING_RANGE_BREAKOUT price=126000.0000 qty=79 size=1.0000x score=75[C] | WHY: vwap=1.30% trend=3 vol(4.54x) | VWAP: 1.30%(ABOVE slope=UP) allowedGap=1.00% | TREND: score=3 vel=1.29%/0.56%/1.04% accel=true | VOL: 4540.0000/1000.9500 TO: 572494000.0000/125047540.0000 | HIGH: 126100.0000 fromHigh=0.00% | entryNo=1
2026-07-07 10:33:17 INFO  BUY_FILLED 226950 phase=HOLDING
2026-07-07 10:33:17 INFO  SELL_EXECUTED [KRX] 226950 mode=OPENING_RANGE_BREAKOUT phase=EXITING exitType=PROFIT price=129000.0000 qty=79 reason=TAKE_PROFIT_OPENING_RANGE_BREAKOUT pnl=2.38% peakPnl=2.38% holdMs=720000 high=129100.0000 avgPrice=126100.0000 weightedPnl=2.37% (pending fill)
2026-07-07 10:33:17 INFO  SELL_FILLED_PNL 226950 reason=TAKE_PROFIT_OPENING_RANGE_BREAKOUT filledQty=79/79 fillRatio=1.00 weightedPnl=2.37% dailyPnl=2.37%
2026-07-07 10:33:17 INFO  SELL_FILLED 226950 reason=TAKE_PROFIT_OPENING_RANGE_BREAKOUT remainingQty=0 phase=NONE exitType=PROFIT
2026-07-07 11:55:44 INFO  BUY amount set for 073240: 10000000.00
2026-07-07 11:55:44 INFO  BUY amount set for 352820: 10000000.00
2026-07-07 11:55:44 INFO  BUY amount set for 402340: 10000000.00
2026-07-07 11:55:44 INFO  BUY amount set for 347850: 10000000.00
2026-07-07 11:55:44 INFO  BUY amount set for 005930: 10000000.00
2026-07-07 11:55:44 INFO  BUY amount set for 005935: 10000000.00
2026-07-07 11:55:44 INFO  BUY amount set for 002990: 10000000.00
2026-07-07 11:55:44 INFO  BUY amount set for 066570: 10000000.00
2026-07-07 11:55:44 INFO  BUY amount set for 000660: 10000000.00
2026-07-07 11:55:44 INFO  BUY amount set for 475150: 10000000.00
2026-07-07 11:55:44 INFO  BUY amount set for 036930: 10000000.00
2026-07-07 11:55:44 INFO  BUY amount set for 005380: 10000000.00
2026-07-07 11:55:44 INFO  BUY amount set for 329180: 10000000.00
2026-07-07 11:55:44 INFO  BUY amount set for 009150: 10000000.00
2026-07-07 11:55:44 INFO  BUY amount set for 042660: 10000000.00
2026-07-07 11:55:46 INFO  BUY [KRX] 005380 mode=BREAKOUT price=497500.0000 qty=20 size=1.0000x score=85[A](CONV) | WHY: strongBreakout volBreakout retestOK multiUp vol(3.21x) | VWAP: 0.84%(ABOVE slope=UP) allowedGap=1.50% | TREND: score=3 vel=0.40%/0.30%/0.61% accel=true | VOL: 16366.0000/5098.4000 TO: 8142085000.0000/2515720550.0000 | HIGH: 497500.0000 fromHigh=0.00% | entryNo=1
2026-07-07 11:55:46 INFO  BUY_FILLED 005380 phase=HOLDING
2026-07-07 11:55:46 INFO  SELL_EXECUTED [KRX] 005380 mode=BREAKOUT phase=EXITING exitType=VWAP_BREAK price=493000.0000 qty=20 reason=VWAP_BREAK pnl=-0.90% peakPnl=0.70% holdMs=17700000 high=501000.0000 avgPrice=497500.0000 weightedPnl=-0.90% (pending fill)
2026-07-07 11:55:46 INFO  SELL_FILLED_PNL 005380 reason=VWAP_BREAK filledQty=20/20 fillRatio=1.00 weightedPnl=-0.90% dailyPnl=-0.90%
2026-07-07 11:55:46 INFO  SELL_FILLED 005380 reason=VWAP_BREAK remainingQty=0 phase=NONE exitType=VWAP_BREAK
2026-07-07 11:55:46 INFO  BUY [KRX] 066570 mode=OPENING_RANGE_BREAKOUT price=124500.0000 qty=80 size=1.0000x score=70[D] | WHY: vwap=0.84% trend=3 vol(2.25x) | VWAP: 0.84%(ABOVE slope=UP) allowedGap=1.00% | TREND: score=3 vel=0.16%/0.08%/0.24% accel=true | VOL: 8289.0000/3687.7500 TO: 1031980500.0000/456902175.0000 | HIGH: 124600.0000 fromHigh=-0.08% | entryNo=1
2026-07-07 11:55:46 INFO  BUY_FILLED 066570 phase=HOLDING
2026-07-07 11:55:46 INFO  BUY [KRX] 042660 mode=OPENING_RANGE_BREAKOUT price=129000.0000 qty=77 size=1.0000x score=70[D] | WHY: vwap=0.59% trend=3 vol(2.19x) | VWAP: 0.59%(ABOVE slope=UP) allowedGap=1.00% | TREND: score=3 vel=0.16%/0.08%/0.31% accel=true | VOL: 16858.0000/7695.3500 TO: 2176367800.0000/991021115.0000 | HIGH: 129200.0000 fromHigh=-0.08% | entryNo=1
2026-07-07 11:55:46 INFO  BUY_FILLED 042660 phase=HOLDING
2026-07-07 11:55:46 INFO  SELL_EXECUTED [KRX] 042660 mode=OPENING_RANGE_BREAKOUT phase=EXITING exitType=PROFIT price=132000.0000 qty=77 reason=TAKE_PROFIT_OPENING_RANGE_BREAKOUT pnl=2.09% peakPnl=2.09% holdMs=3000000 high=131800.0000 avgPrice=129100.0000 weightedPnl=2.08% (pending fill)
2026-07-07 11:55:46 INFO  SELL_EXECUTED [KRX] 066570 mode=OPENING_RANGE_BREAKOUT phase=EXITING exitType=PROFIT price=127000.0000 qty=80 reason=TAKE_PROFIT_OPENING_RANGE_BREAKOUT pnl=2.01% peakPnl=2.01% holdMs=8820000 high=127000.0000 avgPrice=124500.0000 weightedPnl=2.00% (pending fill)
2026-07-07 11:55:46 INFO  SELL_FILLED_PNL 042660 reason=TAKE_PROFIT_OPENING_RANGE_BREAKOUT filledQty=77/77 fillRatio=1.00 weightedPnl=2.08% dailyPnl=2.08%
2026-07-07 11:55:46 INFO  SELL_FILLED_PNL 066570 reason=TAKE_PROFIT_OPENING_RANGE_BREAKOUT filledQty=80/80 fillRatio=1.00 weightedPnl=2.00% dailyPnl=2.00%
2026-07-07 11:55:46 INFO  SELL_FILLED 042660 reason=TAKE_PROFIT_OPENING_RANGE_BREAKOUT remainingQty=0 phase=NONE exitType=PROFIT
2026-07-07 11:55:46 INFO  SELL_FILLED 066570 reason=TAKE_PROFIT_OPENING_RANGE_BREAKOUT remainingQty=0 phase=NONE exitType=PROFIT
2026-07-07 11:55:47 INFO  BUY [KRX] 000660 mode=OPENING_RANGE_BREAKOUT price=1284000.0000 qty=7 size=1.0000x score=70[D] | WHY: vwap=0.79% trend=2 vol(2.69x) | VWAP: 0.79%(ABOVE slope=UP) allowedGap=1.00% | TREND: score=2 vel=0.23%/0.20%/0.00% accel=true | VOL: 35373.0000/13145.1000 TO: 45418932000.0000/16846023375.0000 | HIGH: 1286000.0000 fromHigh=-0.16% | entryNo=1
2026-07-07 11:55:47 INFO  BUY_FILLED 000660 phase=HOLDING
2026-07-07 11:55:47 INFO  SELL_EXECUTED [KRX] 000660 mode=OPENING_RANGE_BREAKOUT phase=EXITING exitType=PROFIT price=1312000.0000 qty=7 reason=TAKE_PROFIT_OPENING_RANGE_BREAKOUT pnl=2.18% peakPnl=2.18% holdMs=11580000 high=1312000.0000 avgPrice=1284000.0000 weightedPnl=1.96% (pending fill)
2026-07-07 11:55:47 INFO  SELL_FILLED_PNL 000660 reason=TAKE_PROFIT_OPENING_RANGE_BREAKOUT filledQty=7/7 fillRatio=1.00 weightedPnl=1.96% dailyPnl=1.96%
2026-07-07 11:55:47 INFO  SELL_FILLED 000660 reason=TAKE_PROFIT_OPENING_RANGE_BREAKOUT remainingQty=0 phase=NONE exitType=PROFIT
2026-07-07 11:55:47 INFO  BUY [KRX] 347850 mode=OPENING_RANGE_BREAKOUT price=82400.0000 qty=121 size=1.0000x score=70[D] | WHY: vwap=1.44% trend=3 vol(2.49x) | VWAP: 1.44%(ABOVE slope=UP) allowedGap=1.00% | TREND: score=3 vel=0.73%/0.49%/0.86% accel=true | VOL: 11207.0000/4492.3000 TO: 923456800.0000/368645445.0000 | HIGH: 82800.0000 fromHigh=-0.48% | entryNo=1
2026-07-07 11:55:47 INFO  BUY_FILLED 347850 phase=HOLDING
2026-07-07 11:55:47 INFO  SELL [TRAIL_OPENING_RANGE_BREAKOUT] 347850 pnl=0.61% peakPnl=1.58% high=83700.0000 current=82900.0000
2026-07-07 11:55:47 INFO  SELL_EXECUTED [KRX] 347850 mode=OPENING_RANGE_BREAKOUT phase=EXITING exitType=TRAIL price=82900.0000 qty=121 reason=TRAIL_OPENING_RANGE_BREAKOUT pnl=0.61% peakPnl=1.58% holdMs=600000 high=83700.0000 avgPrice=82400.0000 weightedPnl=0.61% (pending fill)
2026-07-07 11:55:47 INFO  SELL_FILLED_PNL 347850 reason=TRAIL_OPENING_RANGE_BREAKOUT filledQty=121/121 fillRatio=1.00 weightedPnl=0.61% dailyPnl=0.61%
2026-07-07 11:55:47 INFO  SELL_FILLED 347850 reason=TRAIL_OPENING_RANGE_BREAKOUT remainingQty=0 phase=NONE exitType=TRAIL
2026-07-07 11:55:48 INFO  BUY [KRX] 009150 mode=BREAKOUT price=821000.0000 qty=9 size=0.8000x score=85[A](CONV) | WHY: strongBreakout volBreakout retestOK multiUp vol(2.25x) | VWAP: 0.73%(ABOVE slope=UP) allowedGap=1.50% | TREND: score=3 vel=0.61%/0.49%/0.49% accel=true | VOL: 5421.0000/2411.3000 TO: 4450641000.0000/1969790600.0000 | HIGH: 822000.0000 fromHigh=-0.12% | entryNo=1
2026-07-07 11:55:48 INFO  BUY_FILLED 009150 phase=HOLDING
2026-07-07 11:55:48 INFO  SELL [EOD_FORCE_SELL] 009150 pnl=0.73% time=15:30
2026-07-07 11:55:48 INFO  SELL_EXECUTED [KRX] 009150 mode=BREAKOUT phase=EXITING exitType=TIMESTOP price=827000.0000 qty=9 reason=EOD_FORCE_SELL pnl=0.73% peakPnl=1.40% holdMs=21600000 high=832500.0000 avgPrice=821000.0000 weightedPnl=0.54% (pending fill)
2026-07-07 11:55:48 INFO  SELL_FILLED_PNL 009150 reason=EOD_FORCE_SELL filledQty=9/9 fillRatio=1.00 weightedPnl=0.54% dailyPnl=0.54%
2026-07-07 11:55:48 INFO  SELL_FILLED 009150 reason=EOD_FORCE_SELL remainingQty=0 phase=NONE exitType=TIMESTOP
2026-07-07 11:55:49 INFO  BUY [KRX] 329180 mode=BREAKOUT price=721000.0000 qty=11 size=0.8000x score=85[A](CONV) | WHY: strongBreakout volBreakout retestOK multiUp vol(2.17x) | VWAP: 0.95%(ABOVE slope=UP) allowedGap=1.50% | TREND: score=3 vel=1.05%/0.98%/0.84% accel=true | VOL: 5907.0000/2721.5000 TO: 4258947000.0000/1948820450.0000 | HIGH: 722000.0000 fromHigh=-0.14% | entryNo=1
2026-07-07 11:55:49 INFO  BUY_FILLED 329180 phase=HOLDING
2026-07-07 11:55:49 INFO  SELL [TRAIL_BREAKOUT] 329180 pnl=0.28% peakPnl=1.53% high=732000.0000 current=723000.0000
2026-07-07 11:55:49 INFO  SELL_EXECUTED [KRX] 329180 mode=BREAKOUT phase=EXITING exitType=TRAIL price=723000.0000 qty=11 reason=TRAIL_BREAKOUT pnl=0.28% peakPnl=1.53% holdMs=960000 high=732000.0000 avgPrice=721000.0000 weightedPnl=0.22% (pending fill)
2026-07-07 11:55:49 INFO  SELL_FILLED_PNL 329180 reason=TRAIL_BREAKOUT filledQty=11/11 fillRatio=1.00 weightedPnl=0.22% dailyPnl=0.22%
2026-07-07 11:55:49 INFO  SELL_FILLED 329180 reason=TRAIL_BREAKOUT remainingQty=0 phase=NONE exitType=TRAIL
2026-07-07 11:55:51 INFO  BUY [KRX] 042660 mode=OPENING_RANGE_BREAKOUT price=122000.0000 qty=81 size=1.0000x score=70[D] | WHY: vwap=1.70% trend=3 vol(2.20x) | VWAP: 1.70%(ABOVE slope=UP) allowedGap=1.00% | TREND: score=3 vel=0.50%/0.25%/1.25% accel=true | VOL: 21413.0000/9748.8000 TO: 2608103400.0000/1176352600.0000 | HIGH: 121800.0000 fromHigh=0.00% | entryNo=1
2026-07-07 11:55:51 INFO  BUY_FILLED 042660 phase=HOLDING
2026-07-07 11:55:51 INFO  SELL_EXECUTED [KRX] 042660 mode=OPENING_RANGE_BREAKOUT phase=EXITING exitType=STOPLOSS price=119900.0000 qty=81 reason=STOP_LOSS_OPENING_RANGE_BREAKOUT pnl=-1.56% peakPnl=0.33% holdMs=1860000 high=122200.0000 avgPrice=121800.0000 weightedPnl=-1.54% (pending fill)
2026-07-07 11:55:51 INFO  SELL_FILLED_PNL 042660 reason=STOP_LOSS_OPENING_RANGE_BREAKOUT filledQty=81/81 fillRatio=1.00 weightedPnl=-1.54% dailyPnl=-1.54%
2026-07-07 11:55:51 INFO  SELL_FILLED 042660 reason=STOP_LOSS_OPENING_RANGE_BREAKOUT remainingQty=0 phase=NONE exitType=STOPLOSS
2026-07-07 11:55:51 INFO  BUY [KRX] 347850 mode=BREAKOUT price=61800.0000 qty=129 size=0.8000x score=85[A](CONV) | WHY: strongBreakout volBreakout retestOK multiUp vol(2.01x) | VWAP: 0.94%(ABOVE slope=UP) allowedGap=1.50% | TREND: score=3 vel=1.15%/0.98%/0.32% accel=true | VOL: 2483.0000/1232.5000 TO: 153449400.0000/75507875.0000 | HIGH: 61800.0000 fromHigh=0.00% | entryNo=1
2026-07-07 11:55:51 INFO  BUY_FILLED 347850 phase=HOLDING
2026-07-07 11:55:51 INFO  SELL_EXECUTED [KRX] 347850 mode=BREAKOUT phase=EXITING exitType=VWAP_BREAK price=61000.0000 qty=129 reason=VWAP_BREAK pnl=-1.29% peakPnl=0.65% holdMs=4860000 high=62200.0000 avgPrice=61800.0000 weightedPnl=-1.03% (pending fill)
2026-07-07 11:55:51 INFO  SELL_FILLED_PNL 347850 reason=VWAP_BREAK filledQty=129/129 fillRatio=1.00 weightedPnl=-1.03% dailyPnl=-1.03%
2026-07-07 11:55:51 INFO  SELL_FILLED 347850 reason=VWAP_BREAK remainingQty=0 phase=NONE exitType=VWAP_BREAK
2026-07-07 11:55:51 INFO  BUY [KRX] 005930 mode=OPENING_RANGE_BREAKOUT price=330000.0000 qty=30 size=1.0000x score=70[D] | WHY: vwap=1.34% trend=3 vol(2.38x) | VWAP: 1.34%(ABOVE slope=UP) allowedGap=1.00% | TREND: score=3 vel=0.84%/0.76%/1.54% accel=true | VOL: 373155.0000/156780.8500 TO: 123141150000.0000/51228266787.5000 | HIGH: 330000.0000 fromHigh=0.00% | entryNo=1
2026-07-07 11:55:51 INFO  BUY_FILLED 005930 phase=HOLDING
2026-07-07 11:55:51 INFO  SELL_EXECUTED [KRX] 005930 mode=OPENING_RANGE_BREAKOUT phase=EXITING exitType=PROFIT price=337000.0000 qty=30 reason=TAKE_PROFIT_OPENING_RANGE_BREAKOUT pnl=2.05% peakPnl=2.05% holdMs=1740000 high=336750.0000 avgPrice=330000.0000 weightedPnl=2.03% (pending fill)
2026-07-07 11:55:51 INFO  SELL_FILLED_PNL 005930 reason=TAKE_PROFIT_OPENING_RANGE_BREAKOUT filledQty=30/30 fillRatio=1.00 weightedPnl=2.03% dailyPnl=2.03%
2026-07-07 11:55:51 INFO  SELL_FILLED 005930 reason=TAKE_PROFIT_OPENING_RANGE_BREAKOUT remainingQty=0 phase=NONE exitType=PROFIT
2026-07-07 11:55:53 INFO  BUY [KRX] 329180 mode=BREAKOUT price=622000.0000 qty=16 size=1.0000x score=85[A](CONV) | WHY: strongBreakout volBreakout retestOK multiUp vol(2.39x) | VWAP: 0.78%(ABOVE slope=UP) allowedGap=1.50% | TREND: score=3 vel=0.81%/0.32%/0.97% accel=true | VOL: 2016.0000/842.7000 TO: 1253952000.0000/520505600.0000 | HIGH: 622000.0000 fromHigh=0.00% | entryNo=1
2026-07-07 11:55:53 INFO  BUY_FILLED 329180 phase=HOLDING
2026-07-07 11:55:53 INFO  SELL_EXECUTED [KRX] 329180 mode=BREAKOUT phase=EXITING exitType=PROFIT price=636000.0000 qty=16 reason=TAKE_PROFIT_BREAKOUT pnl=2.25% peakPnl=2.25% holdMs=1980000 high=636000.0000 avgPrice=622000.0000 weightedPnl=2.24% (pending fill)
2026-07-07 11:55:53 INFO  SELL_FILLED_PNL 329180 reason=TAKE_PROFIT_BREAKOUT filledQty=16/16 fillRatio=1.00 weightedPnl=2.24% dailyPnl=2.24%
2026-07-07 11:55:53 INFO  SELL_FILLED 329180 reason=TAKE_PROFIT_BREAKOUT remainingQty=0 phase=NONE exitType=PROFIT
2026-07-07 11:55:55 INFO  BUY amount set for 477850: 10000000.00
2026-07-07 11:55:55 INFO  BUY amount set for 105560: 10000000.00
2026-07-07 11:55:55 INFO  BUY amount set for 240810: 10000000.00
2026-07-07 11:55:56 INFO  BUY amount set for 012450: 10000000.00
2026-07-07 11:55:56 INFO  BUY amount set for 035420: 10000000.00
2026-07-07 11:55:56 INFO  BUY amount set for 011070: 10000000.00
2026-07-07 11:55:56 INFO  BUY amount set for 034020: 10000000.00
2026-07-07 11:55:56 INFO  BUY [KRX] 035420 mode=OPENING_RANGE_BREAKOUT price=203500.0000 qty=49 size=1.0000x score=68[D] | WHY: vwap=0.49% trend=2 vol(2.20x) | VWAP: 0.49%(ABOVE slope=UP) allowedGap=1.00% | TREND: score=2 vel=0.25%/0.00%/0.49% accel=true | VOL: 4709.0000/2141.0000 TO: 958281500.0000/434591975.0000 | HIGH: 204000.0000 fromHigh=-0.25% | entryNo=1
2026-07-07 11:55:56 INFO  BUY_FILLED 035420 phase=HOLDING
2026-07-07 11:55:56 INFO  SELL_EXECUTED [KRX] 035420 mode=OPENING_RANGE_BREAKOUT phase=EXITING exitType=VWAP_BREAK price=202000.0000 qty=49 reason=VWAP_BREAK pnl=-0.74% peakPnl=0.74% holdMs=9900000 high=205000.0000 avgPrice=203500.0000 weightedPnl=-0.74% (pending fill)
2026-07-07 11:55:56 INFO  SELL_FILLED_PNL 035420 reason=VWAP_BREAK filledQty=49/49 fillRatio=1.00 weightedPnl=-0.74% dailyPnl=-0.74%
2026-07-07 11:55:56 INFO  SELL_FILLED 035420 reason=VWAP_BREAK remainingQty=0 phase=NONE exitType=VWAP_BREAK
2026-07-07 11:55:57 INFO  BUY amount set for 373220: 10000000.00
2026-07-07 11:55:57 INFO  BUY amount set for 006400: 10000000.00
2026-07-07 11:55:57 INFO  BUY [KRX] 373220 mode=BREAKOUT price=414500.0000 qty=19 size=0.8000x score=85[A](CONV) | WHY: strongBreakout volBreakout retestOK multiUp vol(2.26x) | VWAP: 1.13%(ABOVE slope=UP) allowedGap=1.50% | TREND: score=3 vel=0.61%/0.30%/0.73% accel=true | VOL: 6286.0000/2786.4000 TO: 2605547000.0000/1142968000.0000 | HIGH: 414500.0000 fromHigh=0.00% | entryNo=1
2026-07-07 11:55:57 INFO  BUY_FILLED 373220 phase=HOLDING
2026-07-07 11:55:57 INFO  SELL [EOD_FORCE_SELL] 373220 pnl=1.57% time=15:30
2026-07-07 11:55:57 INFO  BUY amount set for 079550: 10000000.00
2026-07-07 11:55:57 INFO  SELL_EXECUTED [KRX] 373220 mode=BREAKOUT phase=EXITING exitType=TIMESTOP price=421000.0000 qty=19 reason=EOD_FORCE_SELL pnl=1.57% peakPnl=1.81% holdMs=22200000 high=422000.0000 avgPrice=414500.0000 weightedPnl=1.23% (pending fill)
2026-07-07 11:55:57 INFO  SELL_FILLED_PNL 373220 reason=EOD_FORCE_SELL filledQty=19/19 fillRatio=1.00 weightedPnl=1.23% dailyPnl=1.23%
2026-07-07 11:55:57 INFO  SELL_FILLED 373220 reason=EOD_FORCE_SELL remainingQty=0 phase=NONE exitType=TIMESTOP
2026-07-07 11:55:57 INFO  BUY amount set for 028260: 10000000.00
2026-07-07 11:55:57 INFO  BUY amount set for 000270: 10000000.00
2026-07-07 11:55:58 INFO  BUY amount set for 055550: 10000000.00
2026-07-07 11:55:58 INFO  BUY amount set for 012330: 10000000.00
2026-07-07 11:55:58 INFO  BUY [KRX] 006400 mode=OPENING_RANGE_BREAKOUT price=496000.0000 qty=20 size=1.0000x score=70[D] | WHY: vwap=1.73% trend=3 vol(2.06x) | VWAP: 1.73%(ABOVE slope=UP) allowedGap=1.00% | TREND: score=3 vel=0.81%/0.71%/0.61% accel=true | VOL: 18240.0000/8838.7500 TO: 9047040000.0000/4341798837.5000 | HIGH: 496500.0000 fromHigh=-0.10% | entryNo=1
2026-07-07 11:55:58 INFO  BUY_FILLED 006400 phase=HOLDING
2026-07-07 11:55:58 INFO  SELL_EXECUTED [KRX] 006400 mode=OPENING_RANGE_BREAKOUT phase=EXITING exitType=PROFIT price=507000.0000 qty=20 reason=TAKE_PROFIT_OPENING_RANGE_BREAKOUT pnl=2.22% peakPnl=2.22% holdMs=1800000 high=507000.0000 avgPrice=496000.0000 weightedPnl=2.20% (pending fill)
2026-07-07 11:55:58 INFO  SELL_FILLED_PNL 006400 reason=TAKE_PROFIT_OPENING_RANGE_BREAKOUT filledQty=20/20 fillRatio=1.00 weightedPnl=2.20% dailyPnl=2.20%
2026-07-07 11:55:58 INFO  SELL_FILLED 006400 reason=TAKE_PROFIT_OPENING_RANGE_BREAKOUT remainingQty=0 phase=NONE exitType=PROFIT
2026-07-07 11:55:59 INFO  BUY amount set for 006360: 10000000.00
2026-07-07 11:56:00 INFO  BUY [KRX] 240810 mode=BREAKOUT price=112000.0000 qty=71 size=0.8000x score=85[A](CONV) | WHY: strongBreakout volBreakout retestOK multiUp vol(2.24x) | VWAP: 1.04%(ABOVE slope=UP) allowedGap=1.50% | TREND: score=3 vel=2.47%/2.10%/2.10% accel=true | VOL: 3328.0000/1485.9000 TO: 372403200.0000/163400865.0000 | HIGH: 111900.0000 fromHigh=0.00% | entryNo=1
2026-07-07 11:56:00 INFO  BUY_FILLED 240810 phase=HOLDING
2026-07-07 11:56:00 INFO  SELL_EXECUTED [KRX] 240810 mode=BREAKOUT phase=EXITING exitType=VWAP_BREAK price=110000.0000 qty=71 reason=VWAP_BREAK pnl=-1.70% peakPnl=-0.18% holdMs=900000 high=111700.0000 avgPrice=111900.0000 weightedPnl=-1.35% (pending fill)
2026-07-07 11:56:00 INFO  SELL_FILLED_PNL 240810 reason=VWAP_BREAK filledQty=71/71 fillRatio=1.00 weightedPnl=-1.35% dailyPnl=-1.35%
2026-07-07 11:56:00 INFO  SELL_FILLED 240810 reason=VWAP_BREAK remainingQty=0 phase=NONE exitType=VWAP_BREAK
2026-07-07 11:56:02 INFO  BUY [KRX] 105560 mode=OPENING_RANGE_BREAKOUT price=160000.0000 qty=62 size=1.0000x score=70[D] | WHY: vwap=1.46% trend=3 vol(2.65x) | VWAP: 1.46%(ABOVE slope=UP) allowedGap=1.00% | TREND: score=3 vel=0.44%/0.19%/0.69% accel=true | VOL: 14160.0000/5339.7000 TO: 2267016000.0000/848446000.0000 | HIGH: 160100.0000 fromHigh=0.00% | entryNo=1
2026-07-07 11:56:02 INFO  BUY_FILLED 105560 phase=HOLDING
2026-07-07 11:56:02 INFO  SELL [EOD_FORCE_SELL] 105560 pnl=-0.06% time=15:30
2026-07-07 11:56:02 INFO  SELL_EXECUTED [KRX] 105560 mode=OPENING_RANGE_BREAKOUT phase=EXITING exitType=TIMESTOP price=160000.0000 qty=62 reason=EOD_FORCE_SELL pnl=-0.06% peakPnl=0.56% holdMs=20820000 high=161000.0000 avgPrice=160100.0000 weightedPnl=-0.06% (pending fill)
2026-07-07 11:56:02 INFO  SELL_FILLED_PNL 105560 reason=EOD_FORCE_SELL filledQty=62/62 fillRatio=1.00 weightedPnl=-0.06% dailyPnl=-0.06%
2026-07-07 11:56:02 INFO  SELL_FILLED 105560 reason=EOD_FORCE_SELL remainingQty=0 phase=NONE exitType=TIMESTOP
2026-07-07 11:56:03 INFO  BUY amount set for 403870: 10000000.00
2026-07-07 11:56:03 INFO  BUY [KRX] 006400 mode=OPENING_RANGE_BREAKOUT price=600000.0000 qty=16 size=1.0000x score=70[D] | WHY: vwap=1.33% trend=3 vol(2.83x) | VWAP: 1.33%(ABOVE slope=UP) allowedGap=1.00% | TREND: score=3 vel=0.67%/0.50%/0.17% accel=true | VOL: 3595.0000/1268.9500 TO: 2157000000.0000/758688550.0000 | HIGH: 600000.0000 fromHigh=0.00% | entryNo=1
2026-07-07 11:56:03 INFO  BUY_FILLED 006400 phase=HOLDING
2026-07-07 11:56:03 INFO  SELL_EXECUTED [KRX] 006400 mode=OPENING_RANGE_BREAKOUT phase=EXITING exitType=PROFIT price=612000.0000 qty=16 reason=TAKE_PROFIT_OPENING_RANGE_BREAKOUT pnl=2.00% peakPnl=2.00% holdMs=1800000 high=612000.0000 avgPrice=600000.0000 weightedPnl=1.92% (pending fill)
2026-07-07 11:56:03 INFO  SELL_FILLED_PNL 006400 reason=TAKE_PROFIT_OPENING_RANGE_BREAKOUT filledQty=16/16 fillRatio=1.00 weightedPnl=1.92% dailyPnl=1.92%
2026-07-07 11:56:03 INFO  SELL_FILLED 006400 reason=TAKE_PROFIT_OPENING_RANGE_BREAKOUT remainingQty=0 phase=NONE exitType=PROFIT
2026-07-07 11:56:04 INFO  BUY [KRX] 079550 mode=BREAKOUT price=704000.0000 qty=11 size=0.8000x score=85[A](CONV) | WHY: strongBreakout volBreakout retestOK multiUp vol(2.06x) | VWAP: 0.75%(ABOVE slope=UP) allowedGap=1.50% | TREND: score=3 vel=1.59%/1.44%/1.73% accel=true | VOL: 1731.0000/838.6500 TO: 1218624000.0000/578703850.0000 | HIGH: 705000.0000 fromHigh=-0.14% | entryNo=1
2026-07-07 11:56:04 INFO  BUY_FILLED 079550 phase=HOLDING
2026-07-07 11:56:04 INFO  SELL [TRAIL_BREAKOUT] 079550 pnl=0.28% peakPnl=1.70% high=716000.0000 current=706000.0000
2026-07-07 11:56:04 INFO  SELL_EXECUTED [KRX] 079550 mode=BREAKOUT phase=EXITING exitType=TRAIL price=706000.0000 qty=11 reason=TRAIL_BREAKOUT pnl=0.28% peakPnl=1.70% holdMs=720000 high=716000.0000 avgPrice=704000.0000 weightedPnl=0.22% (pending fill)
2026-07-07 11:56:04 INFO  SELL_FILLED_PNL 079550 reason=TRAIL_BREAKOUT filledQty=11/11 fillRatio=1.00 weightedPnl=0.22% dailyPnl=0.22%
2026-07-07 11:56:04 INFO  SELL_FILLED 079550 reason=TRAIL_BREAKOUT remainingQty=0 phase=NONE exitType=TRAIL
2026-07-07 11:56:06 INFO  BUY [KRX] 055550 mode=OPENING_RANGE_BREAKOUT price=101500.0000 qty=98 size=1.0000x score=70[D] | WHY: vwap=1.61% trend=3 vol(2.05x) | VWAP: 1.61%(ABOVE slope=UP) allowedGap=1.00% | TREND: score=3 vel=0.60%/0.50%/0.70% accel=true | VOL: 4363.0000/2131.1500 TO: 442408200.0000/215429795.0000 | HIGH: 101500.0000 fromHigh=-0.10% | entryNo=1
2026-07-07 11:56:06 INFO  BUY_FILLED 055550 phase=HOLDING
2026-07-07 11:56:06 INFO  SELL [TRAIL_OPENING_RANGE_BREAKOUT] 055550 pnl=1.18% peakPnl=1.87% high=103300.0000 current=102600.0000
2026-07-07 11:56:06 INFO  SELL_EXECUTED [KRX] 055550 mode=OPENING_RANGE_BREAKOUT phase=EXITING exitType=TRAIL price=102600.0000 qty=98 reason=TRAIL_OPENING_RANGE_BREAKOUT pnl=1.18% peakPnl=1.87% holdMs=4200000 high=103300.0000 avgPrice=101400.0000 weightedPnl=1.18% (pending fill)
2026-07-07 11:56:06 INFO  SELL_FILLED_PNL 055550 reason=TRAIL_OPENING_RANGE_BREAKOUT filledQty=98/98 fillRatio=1.00 weightedPnl=1.18% dailyPnl=1.18%
2026-07-07 11:56:06 INFO  SELL_FILLED 055550 reason=TRAIL_OPENING_RANGE_BREAKOUT remainingQty=0 phase=NONE exitType=TRAIL
2026-07-07 11:56:07 INFO  BUY amount set for 196170: 10000000.00
2026-07-07 11:56:08 INFO  BUY amount set for 278470: 10000000.00
2026-07-07 11:56:08 INFO  BUY amount set for 018260: 10000000.00
2026-07-07 11:56:08 INFO  BUY amount set for 080220: 10000000.00
2026-07-07 11:56:08 INFO  BUY amount set for 298040: 10000000.00
2026-07-07 11:56:08 INFO  BUY amount set for 010120: 10000000.00
2026-07-07 11:56:08 INFO  BUY [KRX] 196170 mode=OPENING_RANGE_BREAKOUT price=369000.0000 qty=27 size=1.0000x score=65[D] | WHY: vwap=0.52% trend=2 vol(2.00x) | VWAP: 0.52%(ABOVE slope=UP) allowedGap=1.00% | TREND: score=2 vel=0.14%/0.00%/0.41% accel=true | VOL: 1218.0000/608.5500 TO: 449442000.0000/223640275.0000 | HIGH: 369500.0000 fromHigh=-0.14% | entryNo=1
2026-07-07 11:56:08 INFO  BUY_FILLED 196170 phase=HOLDING
2026-07-07 11:56:08 INFO  SELL [TRAIL_OPENING_RANGE_BREAKOUT] 196170 pnl=1.22% peakPnl=1.90% high=376000.0000 current=373500.0000
2026-07-07 11:56:09 INFO  SELL_EXECUTED [KRX] 196170 mode=OPENING_RANGE_BREAKOUT phase=EXITING exitType=TRAIL price=373500.0000 qty=27 reason=TRAIL_OPENING_RANGE_BREAKOUT pnl=1.22% peakPnl=1.90% holdMs=420000 high=376000.0000 avgPrice=369000.0000 weightedPnl=1.21% (pending fill)
2026-07-07 11:56:09 INFO  SELL_FILLED_PNL 196170 reason=TRAIL_OPENING_RANGE_BREAKOUT filledQty=27/27 fillRatio=1.00 weightedPnl=1.21% dailyPnl=1.21%
2026-07-07 11:56:09 INFO  SELL_FILLED 196170 reason=TRAIL_OPENING_RANGE_BREAKOUT remainingQty=0 phase=NONE exitType=TRAIL
2026-07-07 11:56:09 INFO  BUY amount set for 003490: 10000000.00
2026-07-07 11:56:09 INFO  BUY amount set for 003230: 10000000.00
2026-07-07 11:56:09 INFO  BUY [KRX] 010120 mode=OPENING_RANGE_BREAKOUT price=191500.0000 qty=52 size=1.0000x score=70[D] | WHY: vwap=1.36% trend=3 vol(2.55x) | VWAP: 1.36%(ABOVE slope=UP) allowedGap=1.00% | TREND: score=3 vel=0.68%/0.63%/0.79% accel=true | VOL: 11327.0000/4444.7500 TO: 2167987800.0000/844421650.0000 | HIGH: 191500.0000 fromHigh=-0.05% | entryNo=1
2026-07-07 11:56:09 INFO  BUY_FILLED 010120 phase=HOLDING
2026-07-07 11:56:09 INFO  SELL_EXECUTED [KRX] 010120 mode=OPENING_RANGE_BREAKOUT phase=EXITING exitType=STOPLOSS price=188900.0000 qty=52 reason=STOP_LOSS_OPENING_RANGE_BREAKOUT pnl=-1.31% peakPnl=0.10% holdMs=9420000 high=191600.0000 avgPrice=191400.0000 weightedPnl=-1.30% (pending fill)
2026-07-07 11:56:09 INFO  SELL_FILLED_PNL 010120 reason=STOP_LOSS_OPENING_RANGE_BREAKOUT filledQty=52/52 fillRatio=1.00 weightedPnl=-1.30% dailyPnl=-1.30%
2026-07-07 11:56:09 INFO  SELL_FILLED 010120 reason=STOP_LOSS_OPENING_RANGE_BREAKOUT remainingQty=0 phase=NONE exitType=STOPLOSS
2026-07-07 11:56:09 INFO  BUY amount set for 319660: 10000000.00
2026-07-07 11:56:09 INFO  BUY [KRX] 003230 mode=OPENING_RANGE_BREAKOUT price=1222000.0000 qty=8 size=1.0000x score=70[D] | WHY: vwap=0.95% trend=3 vol(2.03x) | VWAP: 0.95%(ABOVE slope=UP) allowedGap=1.00% | TREND: score=3 vel=0.16%/0.08%/0.41% accel=true | VOL: 293.0000/144.5000 TO: 358046000.0000/175956000.0000 | HIGH: 1223000.0000 fromHigh=-0.08% | entryNo=1
2026-07-07 11:56:09 INFO  BUY_FILLED 003230 phase=HOLDING
2026-07-07 11:56:09 INFO  SELL_EXECUTED [KRX] 003230 mode=OPENING_RANGE_BREAKOUT phase=EXITING exitType=VWAP_BREAK price=1215000.0000 qty=8 reason=VWAP_BREAK pnl=-0.57% peakPnl=1.06% holdMs=9900000 high=1235000.0000 avgPrice=1222000.0000 weightedPnl=-0.56% (pending fill)
2026-07-07 11:56:10 INFO  SELL_FILLED_PNL 003230 reason=VWAP_BREAK filledQty=8/8 fillRatio=1.00 weightedPnl=-0.56% dailyPnl=-0.56%
2026-07-07 11:56:10 INFO  SELL_FILLED 003230 reason=VWAP_BREAK remainingQty=0 phase=NONE exitType=VWAP_BREAK
2026-07-07 11:56:10 INFO  BUY amount set for 034730: 10000000.00
2026-07-07 11:56:10 INFO  BUY amount set for 010950: 10000000.00
2026-07-07 11:56:10 INFO  BUY amount set for 141080: 10000000.00
2026-07-07 11:56:10 INFO  BUY [KRX] 010120 mode=OPENING_RANGE_BREAKOUT price=225000.0000 qty=44 size=1.0000x score=68[D] | WHY: vwap=1.46% trend=3 vol(2.41x) | VWAP: 1.46%(ABOVE slope=UP) allowedGap=1.00% | TREND: score=3 vel=0.67%/0.22%/0.90% accel=true | VOL: 21307.0000/8830.1500 TO: 4794075000.0000/1968444000.0000 | HIGH: 225500.0000 fromHigh=-0.22% | entryNo=1
2026-07-07 11:56:10 INFO  BUY_FILLED 010120 phase=HOLDING
2026-07-07 11:56:10 INFO  SELL_EXECUTED [KRX] 010120 mode=OPENING_RANGE_BREAKOUT phase=EXITING exitType=PROFIT price=229500.0000 qty=44 reason=TAKE_PROFIT_OPENING_RANGE_BREAKOUT pnl=2.00% peakPnl=2.00% holdMs=300000 high=229500.0000 avgPrice=225000.0000 weightedPnl=1.98% (pending fill)
2026-07-07 11:56:10 INFO  SELL_FILLED_PNL 010120 reason=TAKE_PROFIT_OPENING_RANGE_BREAKOUT filledQty=44/44 fillRatio=1.00 weightedPnl=1.98% dailyPnl=1.98%
2026-07-07 11:56:10 INFO  SELL_FILLED 010120 reason=TAKE_PROFIT_OPENING_RANGE_BREAKOUT remainingQty=0 phase=NONE exitType=PROFIT
2026-07-07 11:56:11 INFO  BUY [KRX] 034730 mode=BREAKOUT price=373000.0000 qty=21 size=0.8000x score=85[A](CONV) | WHY: strongBreakout volBreakout retestOK multiUp vol(2.20x) | VWAP: 0.59%(ABOVE slope=UP) allowedGap=1.50% | TREND: score=3 vel=0.40%/0.27%/0.13% accel=true | VOL: 2035.0000/924.7000 TO: 759055000.0000/342901837.5000 | HIGH: 373500.0000 fromHigh=-0.13% | entryNo=1
2026-07-07 11:56:11 INFO  BUY_FILLED 034730 phase=HOLDING
2026-07-07 11:56:11 INFO  SELL_EXECUTED [KRX] 034730 mode=BREAKOUT phase=EXITING exitType=VWAP_BREAK price=371000.0000 qty=21 reason=VWAP_BREAK pnl=-0.54% peakPnl=0.94% holdMs=2580000 high=376500.0000 avgPrice=373000.0000 weightedPnl=-0.42% (pending fill)
2026-07-07 11:56:11 INFO  SELL_FILLED_PNL 034730 reason=VWAP_BREAK filledQty=21/21 fillRatio=1.00 weightedPnl=-0.42% dailyPnl=-0.42%
2026-07-07 11:56:11 INFO  SELL_FILLED 034730 reason=VWAP_BREAK remainingQty=0 phase=NONE exitType=VWAP_BREAK
2026-07-07 11:56:11 INFO  BUY [KRX] 298040 mode=BREAKOUT price=3408000.0000 qty=2 size=1.0000x score=85[A](CONV) | WHY: strongBreakout volBreakout retestOK multiUp vol(2.75x) | VWAP: 1.08%(ABOVE slope=UP) allowedGap=1.50% | TREND: score=3 vel=0.95%/0.92%/1.61% accel=true | VOL: 1589.0000/578.1765 TO: 5415312000.0000/1949364470.5882 | HIGH: 3409000.0000 fromHigh=-0.03% | entryNo=1
2026-07-07 11:56:11 INFO  BUY_FILLED 298040 phase=HOLDING
2026-07-07 11:56:11 INFO  SELL_EXECUTED [KRX] 298040 mode=BREAKOUT phase=EXITING exitType=PROFIT price=3491000.0000 qty=2 reason=TAKE_PROFIT_BREAKOUT pnl=2.44% peakPnl=2.44% holdMs=1080000 high=3491000.0000 avgPrice=3408000.0000 weightedPnl=1.66% (pending fill)
2026-07-07 11:56:11 INFO  SELL_FILLED_PNL 298040 reason=TAKE_PROFIT_BREAKOUT filledQty=2/2 fillRatio=1.00 weightedPnl=1.66% dailyPnl=1.66%
2026-07-07 11:56:11 INFO  SELL_FILLED 298040 reason=TAKE_PROFIT_BREAKOUT remainingQty=0 phase=NONE exitType=PROFIT
2026-07-07 11:56:11 INFO  BUY amount set for 222800: 10000000.00
2026-07-07 11:56:12 INFO  BUY amount set for 353200: 10000000.00
2026-07-07 11:56:12 INFO  BUY [KRX] 222800 mode=OPENING_RANGE_BREAKOUT price=72700.0000 qty=137 size=1.0000x score=70[D] | WHY: vwap=1.74% trend=3 vol(2.78x) | VWAP: 1.74%(ABOVE slope=UP) allowedGap=1.00% | TREND: score=3 vel=1.25%/1.11%/1.54% accel=true | VOL: 7958.0000/2860.4000 TO: 578546600.0000/204943290.0000 | HIGH: 72700.0000 fromHigh=0.00% | entryNo=1
2026-07-07 11:56:12 INFO  BUY_FILLED 222800 phase=HOLDING
2026-07-07 11:56:12 INFO  SELL [TRAIL_OPENING_RANGE_BREAKOUT] 222800 pnl=0.69% peakPnl=1.51% high=73800.0000 current=73200.0000
2026-07-07 11:56:12 INFO  SELL_EXECUTED [KRX] 222800 mode=OPENING_RANGE_BREAKOUT phase=EXITING exitType=TRAIL price=73200.0000 qty=137 reason=TRAIL_OPENING_RANGE_BREAKOUT pnl=0.69% peakPnl=1.51% holdMs=420000 high=73800.0000 avgPrice=72700.0000 weightedPnl=0.69% (pending fill)
2026-07-07 11:56:12 INFO  SELL_FILLED_PNL 222800 reason=TRAIL_OPENING_RANGE_BREAKOUT filledQty=137/137 fillRatio=1.00 weightedPnl=0.69% dailyPnl=0.69%
2026-07-07 11:56:12 INFO  SELL_FILLED 222800 reason=TRAIL_OPENING_RANGE_BREAKOUT remainingQty=0 phase=NONE exitType=TRAIL
2026-07-07 11:56:13 INFO  BUY [KRX] 010120 mode=BREAKOUT price=241500.0000 qty=41 size=1.0000x score=85[A](CONV) | WHY: strongBreakout volBreakout retestOK multiUp vol(2.54x) | VWAP: 1.08%(ABOVE slope=UP) allowedGap=1.50% | TREND: score=3 vel=2.33%/2.11%/2.55% accel=true | VOL: 17204.0000/6777.9000 TO: 4154766000.0000/1612557912.5000 | HIGH: 241500.0000 fromHigh=0.00% | entryNo=1
2026-07-07 11:56:13 INFO  BUY_FILLED 010120 phase=HOLDING
2026-07-07 11:56:13 INFO  BUY [KRX] 353200 mode=BREAKOUT price=90000.0000 qty=111 size=1.0000x score=85[A](CONV) | WHY: strongBreakout volBreakout retestOK multiUp vol(2.78x) | VWAP: 0.80%(ABOVE slope=UP) allowedGap=1.50% | TREND: score=3 vel=0.67%/0.56%/0.45% accel=true | VOL: 5995.0000/2155.2500 TO: 539550000.0000/192412720.0000 | HIGH: 90000.0000 fromHigh=0.00% | entryNo=1
2026-07-07 11:56:13 INFO  SELL_EXECUTED [KRX] 010120 mode=BREAKOUT phase=EXITING exitType=VWAP_BREAK price=238000.0000 qty=41 reason=VWAP_BREAK pnl=-1.45% peakPnl=0.62% holdMs=1680000 high=243000.0000 avgPrice=241500.0000 weightedPnl=-1.44% (pending fill)
2026-07-07 11:56:13 INFO  BUY_FILLED 353200 phase=HOLDING
2026-07-07 11:56:13 INFO  SELL_FILLED_PNL 010120 reason=VWAP_BREAK filledQty=41/41 fillRatio=1.00 weightedPnl=-1.44% dailyPnl=-1.44%
2026-07-07 11:56:13 INFO  SELL_EXECUTED [KRX] 353200 mode=BREAKOUT phase=EXITING exitType=VWAP_BREAK price=88750.0000 qty=111 reason=VWAP_BREAK pnl=-1.39% peakPnl=-0.22% holdMs=600000 high=89800.0000 avgPrice=90000.0000 weightedPnl=-1.39% (pending fill)
2026-07-07 11:56:13 INFO  SELL_FILLED 010120 reason=VWAP_BREAK remainingQty=0 phase=NONE exitType=VWAP_BREAK
2026-07-07 11:56:13 INFO  SELL_FILLED_PNL 353200 reason=VWAP_BREAK filledQty=111/111 fillRatio=1.00 weightedPnl=-1.39% dailyPnl=-1.39%
2026-07-07 11:56:13 INFO  SELL_FILLED 353200 reason=VWAP_BREAK remainingQty=0 phase=NONE exitType=VWAP_BREAK
2026-07-07 11:56:13 INFO  BUY [KRX] 034730 mode=BREAKOUT price=519000.0000 qty=19 size=1.0000x score=85[A](CONV) | WHY: strongBreakout volBreakout retestOK multiUp vol(3.00x) | VWAP: 1.18%(ABOVE slope=UP) allowedGap=1.50% | TREND: score=3 vel=0.58%/0.39%/0.78% accel=true | VOL: 2828.0000/943.6500 TO: 1467732000.0000/484447250.0000 | HIGH: 519000.0000 fromHigh=0.00% | entryNo=1
2026-07-07 11:56:13 INFO  BUY_FILLED 034730 phase=HOLDING
2026-07-07 11:56:13 INFO  BUY [KRX] 010950 mode=OPENING_RANGE_BREAKOUT price=115000.0000 qty=86 size=1.0000x score=70[D] | WHY: vwap=1.72% trend=3 vol(2.45x) | VWAP: 1.72%(ABOVE slope=UP) allowedGap=1.00% | TREND: score=3 vel=0.52%/0.35%/0.88% accel=true | VOL: 10592.0000/4315.5500 TO: 1219139200.0000/491073160.0000 | HIGH: 115300.0000 fromHigh=-0.17% | entryNo=1
2026-07-07 11:56:13 INFO  BUY_FILLED 010950 phase=HOLDING
2026-07-07 11:56:13 INFO  SELL_EXECUTED [KRX] 010950 mode=OPENING_RANGE_BREAKOUT phase=EXITING exitType=STOPLOSS price=113500.0000 qty=86 reason=STOP_LOSS_OPENING_RANGE_BREAKOUT pnl=-1.39% peakPnl=0.26% holdMs=2100000 high=115400.0000 avgPrice=115100.0000 weightedPnl=-1.38% (pending fill)
2026-07-07 11:56:13 INFO  SELL_EXECUTED [KRX] 034730 mode=BREAKOUT phase=EXITING exitType=PROFIT price=532000.0000 qty=19 reason=TAKE_PROFIT_BREAKOUT pnl=2.50% peakPnl=2.50% holdMs=4680000 high=532000.0000 avgPrice=519000.0000 weightedPnl=2.47% (pending fill)
2026-07-07 11:56:13 INFO  SELL_FILLED_PNL 010950 reason=STOP_LOSS_OPENING_RANGE_BREAKOUT filledQty=86/86 fillRatio=1.00 weightedPnl=-1.38% dailyPnl=-1.38%
2026-07-07 11:56:13 INFO  SELL_FILLED_PNL 034730 reason=TAKE_PROFIT_BREAKOUT filledQty=19/19 fillRatio=1.00 weightedPnl=2.47% dailyPnl=2.47%
2026-07-07 11:56:13 INFO  SELL_FILLED 010950 reason=STOP_LOSS_OPENING_RANGE_BREAKOUT remainingQty=0 phase=NONE exitType=STOPLOSS
2026-07-07 11:56:13 INFO  SELL_FILLED 034730 reason=TAKE_PROFIT_BREAKOUT remainingQty=0 phase=NONE exitType=PROFIT
2026-07-07 11:56:15 INFO  BUY amount set for 214450: 10000000.00
2026-07-07 11:56:15 INFO  BUY [KRX] 003490 mode=BREAKOUT price=27300.0000 qty=293 size=0.8000x score=85[A](CONV) | WHY: strongBreakout volBreakout retestOK multiUp vol(2.22x) | VWAP: 0.98%(ABOVE slope=UP) allowedGap=1.50% | TREND: score=3 vel=0.74%/0.55%/0.92% accel=true | VOL: 16805.0000/7584.6000 TO: 458776500.0000/205350090.0000 | HIGH: 27350.0000 fromHigh=-0.18% | entryNo=1
2026-07-07 11:56:15 INFO  BUY_FILLED 003490 phase=HOLDING
2026-07-07 11:56:15 INFO  SELL_EXECUTED [KRX] 003490 mode=BREAKOUT phase=EXITING exitType=VWAP_BREAK price=26900.0000 qty=293 reason=VWAP_BREAK pnl=-1.47% peakPnl=-0.18% holdMs=420000 high=27250.0000 avgPrice=27300.0000 weightedPnl=-1.17% (pending fill)
2026-07-07 11:56:15 INFO  SELL_FILLED_PNL 003490 reason=VWAP_BREAK filledQty=293/293 fillRatio=1.00 weightedPnl=-1.17% dailyPnl=-1.17%
2026-07-07 11:56:15 INFO  SELL_FILLED 003490 reason=VWAP_BREAK remainingQty=0 phase=NONE exitType=VWAP_BREAK
2026-07-07 11:56:16 INFO  BUY [KRX] 003490 mode=OPENING_RANGE_BREAKOUT price=24800.0000 qty=403 size=1.0000x score=63[D] | WHY: vwap=1.00% trend=3 vol(2.25x) | VWAP: 1.00%(ABOVE slope=UP) allowedGap=1.00% | TREND: score=3 vel=0.61%/0.40%/0.20% accel=true | VOL: 25567.0000/11350.2500 TO: 634061600.0000/279895770.0000 | HIGH: 25000.0000 fromHigh=-0.80% | entryNo=1
2026-07-07 11:56:16 INFO  BUY_FILLED 003490 phase=HOLDING
2026-07-07 11:56:16 INFO  SELL_EXECUTED [KRX] 003490 mode=OPENING_RANGE_BREAKOUT phase=EXITING exitType=STOPLOSS price=24350.0000 qty=403 reason=STOP_LOSS_OPENING_RANGE_BREAKOUT pnl=-1.81% peakPnl=-0.40% holdMs=1080000 high=24700.0000 avgPrice=24800.0000 weightedPnl=-1.81% (pending fill)
2026-07-07 11:56:16 INFO  SELL_FILLED_PNL 003490 reason=STOP_LOSS_OPENING_RANGE_BREAKOUT filledQty=403/403 fillRatio=1.00 weightedPnl=-1.81% dailyPnl=-1.81%
2026-07-07 11:56:17 INFO  SELL_FILLED 003490 reason=STOP_LOSS_OPENING_RANGE_BREAKOUT remainingQty=0 phase=NONE exitType=STOPLOSS
2026-07-07 11:56:17 INFO  BUY [KRX] 034730 mode=BREAKOUT price=595000.0000 qty=13 size=0.8000x score=85[A](CONV) | WHY: strongBreakout volBreakout retestOK multiUp vol(2.04x) | VWAP: 0.61%(ABOVE slope=UP) allowedGap=1.50% | TREND: score=3 vel=2.23%/2.06%/0.85% accel=true | VOL: 2880.0000/1409.9474 TO: 1713600000.0000/833843000.0000 | HIGH: 596000.0000 fromHigh=-0.17% | entryNo=1
2026-07-07 11:56:17 INFO  BUY_FILLED 034730 phase=HOLDING
2026-07-07 11:56:17 INFO  SELL_EXECUTED [KRX] 034730 mode=BREAKOUT phase=EXITING exitType=STOPLOSS price=586000.0000 qty=13 reason=STOP_LOSS_BREAKOUT pnl=-1.51% peakPnl=-0.50% holdMs=180000 high=592000.0000 avgPrice=595000.0000 weightedPnl=-1.17% (pending fill)
2026-07-07 11:56:17 INFO  SELL_FILLED_PNL 034730 reason=STOP_LOSS_BREAKOUT filledQty=13/13 fillRatio=1.00 weightedPnl=-1.17% dailyPnl=-1.17%
2026-07-07 11:56:17 INFO  SELL_FILLED 034730 reason=STOP_LOSS_BREAKOUT remainingQty=0 phase=NONE exitType=STOPLOSS
2026-07-07 11:56:17 INFO  BUY amount set for 010960: 10000000.00
2026-07-07 11:56:18 INFO  BUY amount set for 064350: 10000000.00
2026-07-07 11:56:18 INFO  BUY [KRX] 010950 mode=BREAKOUT price=109000.0000 qty=91 size=1.0000x score=85[A](CONV) | WHY: strongBreakout volBreakout retestOK multiUp vol(2.76x) | VWAP: 1.08%(ABOVE slope=UP) allowedGap=1.50% | TREND: score=3 vel=0.93%/0.55%/0.74% accel=true | VOL: 2325.0000/843.3000 TO: 253192500.0000/90853765.0000 | HIGH: 108900.0000 fromHigh=0.00% | entryNo=1
2026-07-07 11:56:18 INFO  BUY_FILLED 010950 phase=HOLDING
2026-07-07 11:56:18 INFO  SELL_EXECUTED [KRX] 010950 mode=BREAKOUT phase=EXITING exitType=VWAP_BREAK price=107300.0000 qty=91 reason=VWAP_BREAK pnl=-1.47% peakPnl=-0.09% holdMs=1320000 high=108800.0000 avgPrice=108900.0000 weightedPnl=-1.46% (pending fill)
2026-07-07 11:56:18 INFO  SELL_FILLED_PNL 010950 reason=VWAP_BREAK filledQty=91/91 fillRatio=1.00 weightedPnl=-1.46% dailyPnl=-1.46%
2026-07-07 11:56:18 INFO  SELL_FILLED 010950 reason=VWAP_BREAK remainingQty=0 phase=NONE exitType=VWAP_BREAK
2026-07-07 11:56:18 INFO  BUY [KRX] 222800 mode=STRONG_PULLBACK price=104000.0000 qty=96 size=1.0000x score=77[C] | WHY: dayChg=14.25% fromHigh=-1.70% spScore=77 vol3/vol10=0.56x body=1.00 | VWAP: 6.09%(ABOVE slope=UP) allowedGap=5.00% | TREND: score=2 vel=1.17%/0.48%/0.00% accel=true | VOL: 1953.0000/2387.1000 TO: 203502600.0000/248605545.0000 | HIGH: 106000.0000 fromHigh=-1.70% | SP: score=77 dayChg=14.25% fromHigh=-1.70% vol3/vol10=0.56x body=1.00 | entryNo=1
2026-07-07 11:56:18 INFO  BUY_FILLED 222800 phase=HOLDING
2026-07-07 11:56:18 INFO  SELL_EXECUTED [KRX] 222800 mode=STRONG_PULLBACK phase=EXITING exitType=PROFIT price=107500.0000 qty=96 reason=TAKE_PROFIT_STRONG_PULLBACK pnl=3.07% peakPnl=3.07% holdMs=4800000 high=107400.0000 avgPrice=104200.0000 weightedPnl=3.07% (pending fill)
2026-07-07 11:56:18 INFO  SELL_FILLED_PNL 222800 reason=TAKE_PROFIT_STRONG_PULLBACK filledQty=96/96 fillRatio=1.00 weightedPnl=3.07% dailyPnl=3.07%
2026-07-07 11:56:19 INFO  SELL_FILLED 222800 reason=TAKE_PROFIT_STRONG_PULLBACK remainingQty=0 phase=NONE exitType=PROFIT
2026-07-07 11:56:19 INFO  BUY [KRX] 034730 mode=OPENING_RANGE_BREAKOUT price=742000.0000 qty=13 size=1.0000x score=70[D] | WHY: vwap=1.59% trend=3 vol(2.27x) | VWAP: 1.59%(ABOVE slope=UP) allowedGap=1.00% | TREND: score=3 vel=0.41%/0.27%/0.68% accel=true | VOL: 1935.0000/851.1000 TO: 1435770000.0000/627941150.0000 | HIGH: 743000.0000 fromHigh=-0.13% | entryNo=1
2026-07-07 11:56:19 INFO  BUY_FILLED 034730 phase=HOLDING
2026-07-07 11:56:19 INFO  SELL_EXECUTED [KRX] 034730 mode=OPENING_RANGE_BREAKOUT phase=EXITING exitType=STOPLOSS price=731000.0000 qty=13 reason=STOP_LOSS_OPENING_RANGE_BREAKOUT pnl=-1.48% peakPnl=0.94% holdMs=2700000 high=749000.0000 avgPrice=742000.0000 weightedPnl=-1.43% (pending fill)
2026-07-07 11:56:19 INFO  SELL_FILLED_PNL 034730 reason=STOP_LOSS_OPENING_RANGE_BREAKOUT filledQty=13/13 fillRatio=1.00 weightedPnl=-1.43% dailyPnl=-1.43%
2026-07-07 11:56:19 INFO  SELL_FILLED 034730 reason=STOP_LOSS_OPENING_RANGE_BREAKOUT remainingQty=0 phase=NONE exitType=STOPLOSS
2026-07-07 11:56:19 INFO  BUY amount set for 267260: 10000000.00
2026-07-07 11:56:19 INFO  BUY amount set for 086520: 10000000.00
2026-07-07 11:56:20 INFO  BUY [KRX] 086520 mode=OPENING_RANGE_BREAKOUT price=154000.0000 qty=64 size=1.0000x score=68[D] | WHY: vwap=1.10% trend=3 vol(3.11x) | VWAP: 1.10%(ABOVE slope=UP) allowedGap=1.00% | TREND: score=3 vel=0.26%/0.20%/0.20% accel=true | VOL: 20561.0000/6603.4000 TO: 3168450100.0000/1012177870.0000 | HIGH: 154400.0000 fromHigh=-0.19% | entryNo=1
2026-07-07 11:56:20 INFO  BUY_FILLED 086520 phase=HOLDING
2026-07-07 11:56:20 INFO  SELL_EXECUTED [KRX] 086520 mode=OPENING_RANGE_BREAKOUT phase=EXITING exitType=PROFIT price=157000.0000 qty=64 reason=TAKE_PROFIT_OPENING_RANGE_BREAKOUT pnl=2.01% peakPnl=2.01% holdMs=1320000 high=157200.0000 avgPrice=154100.0000 weightedPnl=1.98% (pending fill)
2026-07-07 11:56:20 INFO  SELL_FILLED_PNL 086520 reason=TAKE_PROFIT_OPENING_RANGE_BREAKOUT filledQty=64/64 fillRatio=1.00 weightedPnl=1.98% dailyPnl=1.98%
2026-07-07 11:56:20 INFO  SELL_FILLED 086520 reason=TAKE_PROFIT_OPENING_RANGE_BREAKOUT remainingQty=0 phase=NONE exitType=PROFIT
2026-07-07 11:56:21 INFO  BUY [KRX] 086520 mode=BREAKOUT price=158000.0000 qty=63 size=1.0000x score=85[A](CONV) | WHY: strongBreakout volBreakout retestOK multiUp vol(2.46x) | VWAP: 1.01%(ABOVE slope=UP) allowedGap=1.50% | TREND: score=3 vel=0.51%/0.44%/0.76% accel=true | VOL: 9560.0000/3886.4500 TO: 1511436000.0000/610970380.0000 | HIGH: 158100.0000 fromHigh=0.00% | entryNo=1
2026-07-07 11:56:21 INFO  BUY_FILLED 086520 phase=HOLDING
2026-07-07 11:56:21 INFO  SELL_EXECUTED [KRX] 086520 mode=BREAKOUT phase=EXITING exitType=VWAP_BREAK price=156100.0000 qty=63 reason=VWAP_BREAK pnl=-1.27% peakPnl=0.06% holdMs=18600000 high=158200.0000 avgPrice=158100.0000 weightedPnl=-1.26% (pending fill)
2026-07-07 11:56:21 INFO  SELL_FILLED_PNL 086520 reason=VWAP_BREAK filledQty=63/63 fillRatio=1.00 weightedPnl=-1.26% dailyPnl=-1.26%
2026-07-07 11:56:21 INFO  SELL_FILLED 086520 reason=VWAP_BREAK remainingQty=0 phase=NONE exitType=VWAP_BREAK
2026-07-07 11:56:21 INFO  BUY [KRX] 267260 mode=OPENING_RANGE_BREAKOUT price=1276000.0000 qty=7 size=1.0000x score=70[D] | WHY: vwap=1.00% trend=3 vol(2.26x) | VWAP: 1.00%(ABOVE slope=UP) allowedGap=1.00% | TREND: score=3 vel=0.16%/0.08%/0.39% accel=true | VOL: 2192.0000/970.1000 TO: 2796992000.0000/1231867100.0000 | HIGH: 1276000.0000 fromHigh=0.00% | entryNo=1
2026-07-07 11:56:21 INFO  BUY_FILLED 267260 phase=HOLDING
2026-07-07 11:56:21 INFO  SELL_EXECUTED [KRX] 267260 mode=OPENING_RANGE_BREAKOUT phase=EXITING exitType=VWAP_BREAK price=1261000.0000 qty=7 reason=VWAP_BREAK pnl=-1.18% peakPnl=1.10% holdMs=2040000 high=1290000.0000 avgPrice=1276000.0000 weightedPnl=-1.05% (pending fill)
2026-07-07 11:56:21 INFO  SELL_FILLED_PNL 267260 reason=VWAP_BREAK filledQty=7/7 fillRatio=1.00 weightedPnl=-1.05% dailyPnl=-1.05%
2026-07-07 11:56:21 INFO  SELL_FILLED 267260 reason=VWAP_BREAK remainingQty=0 phase=NONE exitType=VWAP_BREAK
2026-07-07 11:56:21 INFO  BUY [KRX] 214450 mode=OPENING_RANGE_BREAKOUT price=300000.0000 qty=33 size=1.0000x score=68[D] | WHY: vwap=1.06% trend=3 vol(4.11x) | VWAP: 1.06%(ABOVE slope=UP) allowedGap=1.00% | TREND: score=3 vel=0.50%/0.33%/0.17% accel=true | VOL: 944.0000/229.8000 TO: 283200000.0000/68688375.0000 | HIGH: 302000.0000 fromHigh=-0.66% | entryNo=1
2026-07-07 11:56:21 INFO  BUY_FILLED 214450 phase=HOLDING
2026-07-07 11:56:21 INFO  SELL_EXECUTED [KRX] 214450 mode=OPENING_RANGE_BREAKOUT phase=EXITING exitType=VWAP_BREAK price=297000.0000 qty=33 reason=VWAP_BREAK pnl=-1.00% peakPnl=1.00% holdMs=4860000 high=303000.0000 avgPrice=300000.0000 weightedPnl=-0.99% (pending fill)
2026-07-07 11:56:21 INFO  SELL_FILLED_PNL 214450 reason=VWAP_BREAK filledQty=33/33 fillRatio=1.00 weightedPnl=-0.99% dailyPnl=-0.99%
2026-07-07 11:56:21 INFO  SELL_FILLED 214450 reason=VWAP_BREAK remainingQty=0 phase=NONE exitType=VWAP_BREAK
2026-07-07 11:56:23 INFO  BUY [KRX] 086520 mode=BREAKOUT price=108000.0000 qty=92 size=1.0000x score=85[A](CONV) | WHY: strongBreakout volBreakout retestOK multiUp vol(2.47x) | VWAP: 0.85%(ABOVE slope=UP) allowedGap=1.50% | TREND: score=3 vel=0.93%/0.74%/1.03% accel=true | VOL: 13167.0000/5338.1000 TO: 1424669400.0000/571538270.0000 | HIGH: 108400.0000 fromHigh=-0.18% | entryNo=1
2026-07-07 11:56:23 INFO  BUY_FILLED 086520 phase=HOLDING
2026-07-07 11:56:23 INFO  SELL_EXECUTED [KRX] 086520 mode=BREAKOUT phase=EXITING exitType=VWAP_BREAK price=106800.0000 qty=92 reason=VWAP_BREAK pnl=-1.29% peakPnl=1.02% holdMs=540000 high=109300.0000 avgPrice=108200.0000 weightedPnl=-1.29% (pending fill)
2026-07-07 11:56:23 INFO  SELL_FILLED_PNL 086520 reason=VWAP_BREAK filledQty=92/92 fillRatio=1.00 weightedPnl=-1.29% dailyPnl=-1.29%
2026-07-07 11:56:23 INFO  SELL_FILLED 086520 reason=VWAP_BREAK remainingQty=0 phase=NONE exitType=VWAP_BREAK
2026-07-07 13:16:43 INFO  BUY amount set for 002990: 10000000.00
2026-07-07 13:16:43 INFO  BUY amount set for 010120: 10000000.00
2026-07-07 13:16:43 INFO  BUY amount set for 352820: 10000000.00
2026-07-07 13:16:43 INFO  BUY amount set for 347850: 10000000.00
2026-07-07 13:16:43 INFO  BUY amount set for 036930: 10000000.00
2026-07-07 13:16:43 INFO  BUY amount set for 403870: 10000000.00
2026-07-07 13:16:43 INFO  BUY amount set for 298040: 10000000.00
2026-07-07 13:16:43 INFO  BUY amount set for 240810: 10000000.00
2026-07-07 13:16:43 INFO  BUY amount set for 012450: 10000000.00
2026-07-07 13:16:43 INFO  BUY amount set for 042660: 10000000.00
2026-07-07 13:16:43 INFO  BUY amount set for 034020: 10000000.00
2026-07-07 13:16:44 INFO  BUY [KRX] 010120 mode=OPENING_RANGE_BREAKOUT price=191500.0000 qty=52 size=1.0000x score=70[D] | WHY: vwap=1.36% trend=3 vol(2.55x) | VWAP: 1.36%(ABOVE slope=UP) allowedGap=1.00% | TREND: score=3 vel=0.68%/0.63%/0.79% accel=true | VOL: 11327.0000/4444.7500 TO: 2167987800.0000/844421650.0000 | HIGH: 191500.0000 fromHigh=-0.05% | entryNo=1
2026-07-07 13:16:44 INFO  BUY_FILLED 010120 phase=HOLDING
2026-07-07 13:16:44 INFO  SELL_EXECUTED [KRX] 010120 mode=OPENING_RANGE_BREAKOUT phase=EXITING exitType=STOPLOSS price=188900.0000 qty=52 reason=STOP_LOSS_OPENING_RANGE_BREAKOUT pnl=-1.31% peakPnl=0.10% holdMs=9420000 high=191600.0000 avgPrice=191400.0000 weightedPnl=-1.30% (pending fill)
2026-07-07 13:16:44 INFO  SELL_FILLED_PNL 010120 reason=STOP_LOSS_OPENING_RANGE_BREAKOUT filledQty=52/52 fillRatio=1.00 weightedPnl=-1.30% dailyPnl=-1.30%
2026-07-07 13:16:44 INFO  SELL_FILLED 010120 reason=STOP_LOSS_OPENING_RANGE_BREAKOUT remainingQty=0 phase=NONE exitType=STOPLOSS
2026-07-07 13:16:44 INFO  BUY [KRX] 042660 mode=OPENING_RANGE_BREAKOUT price=129000.0000 qty=77 size=1.0000x score=70[D] | WHY: vwap=0.59% trend=3 vol(2.19x) | VWAP: 0.59%(ABOVE slope=UP) allowedGap=1.00% | TREND: score=3 vel=0.16%/0.08%/0.31% accel=true | VOL: 16858.0000/7695.3500 TO: 2176367800.0000/991021115.0000 | HIGH: 129200.0000 fromHigh=-0.08% | entryNo=1
2026-07-07 13:16:44 INFO  BUY_FILLED 042660 phase=HOLDING
2026-07-07 13:16:44 INFO  SELL_EXECUTED [KRX] 042660 mode=OPENING_RANGE_BREAKOUT phase=EXITING exitType=PROFIT price=132000.0000 qty=77 reason=TAKE_PROFIT_OPENING_RANGE_BREAKOUT pnl=2.09% peakPnl=2.09% holdMs=3000000 high=131800.0000 avgPrice=129100.0000 weightedPnl=2.08% (pending fill)
2026-07-07 13:16:44 INFO  SELL_FILLED_PNL 042660 reason=TAKE_PROFIT_OPENING_RANGE_BREAKOUT filledQty=77/77 fillRatio=1.00 weightedPnl=2.08% dailyPnl=2.08%
2026-07-07 13:16:44 INFO  SELL_FILLED 042660 reason=TAKE_PROFIT_OPENING_RANGE_BREAKOUT remainingQty=0 phase=NONE exitType=PROFIT
2026-07-07 13:16:45 INFO  BUY [KRX] 010120 mode=OPENING_RANGE_BREAKOUT price=225000.0000 qty=44 size=1.0000x score=68[D] | WHY: vwap=1.46% trend=3 vol(2.41x) | VWAP: 1.46%(ABOVE slope=UP) allowedGap=1.00% | TREND: score=3 vel=0.67%/0.22%/0.90% accel=true | VOL: 21307.0000/8830.1500 TO: 4794075000.0000/1968444000.0000 | HIGH: 225500.0000 fromHigh=-0.22% | entryNo=1
2026-07-07 13:16:45 INFO  BUY_FILLED 010120 phase=HOLDING
2026-07-07 13:16:45 INFO  SELL_EXECUTED [KRX] 010120 mode=OPENING_RANGE_BREAKOUT phase=EXITING exitType=PROFIT price=229500.0000 qty=44 reason=TAKE_PROFIT_OPENING_RANGE_BREAKOUT pnl=2.00% peakPnl=2.00% holdMs=300000 high=229500.0000 avgPrice=225000.0000 weightedPnl=1.98% (pending fill)
2026-07-07 13:16:45 INFO  SELL_FILLED_PNL 010120 reason=TAKE_PROFIT_OPENING_RANGE_BREAKOUT filledQty=44/44 fillRatio=1.00 weightedPnl=1.98% dailyPnl=1.98%
2026-07-07 13:16:45 INFO  SELL_FILLED 010120 reason=TAKE_PROFIT_OPENING_RANGE_BREAKOUT remainingQty=0 phase=NONE exitType=PROFIT
2026-07-07 13:16:45 INFO  BUY [KRX] 347850 mode=OPENING_RANGE_BREAKOUT price=82400.0000 qty=121 size=1.0000x score=70[D] | WHY: vwap=1.44% trend=3 vol(2.49x) | VWAP: 1.44%(ABOVE slope=UP) allowedGap=1.00% | TREND: score=3 vel=0.73%/0.49%/0.86% accel=true | VOL: 11207.0000/4492.3000 TO: 923456800.0000/368645445.0000 | HIGH: 82800.0000 fromHigh=-0.48% | entryNo=1
2026-07-07 13:16:45 INFO  BUY_FILLED 347850 phase=HOLDING
2026-07-07 13:16:45 INFO  SELL [TRAIL_OPENING_RANGE_BREAKOUT] 347850 pnl=0.61% peakPnl=1.58% high=83700.0000 current=82900.0000
2026-07-07 13:16:45 INFO  SELL_EXECUTED [KRX] 347850 mode=OPENING_RANGE_BREAKOUT phase=EXITING exitType=TRAIL price=82900.0000 qty=121 reason=TRAIL_OPENING_RANGE_BREAKOUT pnl=0.61% peakPnl=1.58% holdMs=600000 high=83700.0000 avgPrice=82400.0000 weightedPnl=0.61% (pending fill)
2026-07-07 13:16:45 INFO  SELL_FILLED_PNL 347850 reason=TRAIL_OPENING_RANGE_BREAKOUT filledQty=121/121 fillRatio=1.00 weightedPnl=0.61% dailyPnl=0.61%
2026-07-07 13:16:45 INFO  SELL_FILLED 347850 reason=TRAIL_OPENING_RANGE_BREAKOUT remainingQty=0 phase=NONE exitType=TRAIL
2026-07-07 13:16:45 INFO  BUY [KRX] 298040 mode=BREAKOUT price=3408000.0000 qty=2 size=1.0000x score=85[A](CONV) | WHY: strongBreakout volBreakout retestOK multiUp vol(2.75x) | VWAP: 1.08%(ABOVE slope=UP) allowedGap=1.50% | TREND: score=3 vel=0.95%/0.92%/1.61% accel=true | VOL: 1589.0000/578.1765 TO: 5415312000.0000/1949364470.5882 | HIGH: 3409000.0000 fromHigh=-0.03% | entryNo=1
2026-07-07 13:16:45 INFO  BUY_FILLED 298040 phase=HOLDING
2026-07-07 13:16:45 INFO  SELL_EXECUTED [KRX] 298040 mode=BREAKOUT phase=EXITING exitType=PROFIT price=3491000.0000 qty=2 reason=TAKE_PROFIT_BREAKOUT pnl=2.44% peakPnl=2.44% holdMs=1080000 high=3491000.0000 avgPrice=3408000.0000 weightedPnl=1.66% (pending fill)
2026-07-07 13:16:45 INFO  SELL_FILLED_PNL 298040 reason=TAKE_PROFIT_BREAKOUT filledQty=2/2 fillRatio=1.00 weightedPnl=1.66% dailyPnl=1.66%
2026-07-07 13:16:45 INFO  SELL_FILLED 298040 reason=TAKE_PROFIT_BREAKOUT remainingQty=0 phase=NONE exitType=PROFIT
2026-07-07 13:16:47 INFO  BUY [KRX] 010120 mode=BREAKOUT price=241500.0000 qty=41 size=1.0000x score=85[A](CONV) | WHY: strongBreakout volBreakout retestOK multiUp vol(2.54x) | VWAP: 1.08%(ABOVE slope=UP) allowedGap=1.50% | TREND: score=3 vel=2.33%/2.11%/2.55% accel=true | VOL: 17204.0000/6777.9000 TO: 4154766000.0000/1612557912.5000 | HIGH: 241500.0000 fromHigh=0.00% | entryNo=1
2026-07-07 13:16:47 INFO  BUY_FILLED 010120 phase=HOLDING
2026-07-07 13:16:47 INFO  SELL_EXECUTED [KRX] 010120 mode=BREAKOUT phase=EXITING exitType=VWAP_BREAK price=238000.0000 qty=41 reason=VWAP_BREAK pnl=-1.45% peakPnl=0.62% holdMs=1680000 high=243000.0000 avgPrice=241500.0000 weightedPnl=-1.44% (pending fill)
2026-07-07 13:16:47 INFO  SELL_FILLED_PNL 010120 reason=VWAP_BREAK filledQty=41/41 fillRatio=1.00 weightedPnl=-1.44% dailyPnl=-1.44%
2026-07-07 13:16:47 INFO  SELL_FILLED 010120 reason=VWAP_BREAK remainingQty=0 phase=NONE exitType=VWAP_BREAK
2026-07-07 13:16:48 INFO  BUY [KRX] 240810 mode=BREAKOUT price=112000.0000 qty=71 size=0.8000x score=85[A](CONV) | WHY: strongBreakout volBreakout retestOK multiUp vol(2.24x) | VWAP: 1.04%(ABOVE slope=UP) allowedGap=1.50% | TREND: score=3 vel=2.47%/2.10%/2.10% accel=true | VOL: 3328.0000/1485.9000 TO: 372403200.0000/163400865.0000 | HIGH: 111900.0000 fromHigh=0.00% | entryNo=1
2026-07-07 13:16:48 INFO  BUY_FILLED 240810 phase=HOLDING
2026-07-07 13:16:48 INFO  SELL_EXECUTED [KRX] 240810 mode=BREAKOUT phase=EXITING exitType=VWAP_BREAK price=110000.0000 qty=71 reason=VWAP_BREAK pnl=-1.70% peakPnl=-0.18% holdMs=900000 high=111700.0000 avgPrice=111900.0000 weightedPnl=-1.35% (pending fill)
2026-07-07 13:16:48 INFO  SELL_FILLED_PNL 240810 reason=VWAP_BREAK filledQty=71/71 fillRatio=1.00 weightedPnl=-1.35% dailyPnl=-1.35%
2026-07-07 13:16:48 INFO  SELL_FILLED 240810 reason=VWAP_BREAK remainingQty=0 phase=NONE exitType=VWAP_BREAK
2026-07-07 13:16:48 INFO  BUY [KRX] 042660 mode=OPENING_RANGE_BREAKOUT price=122000.0000 qty=81 size=1.0000x score=70[D] | WHY: vwap=1.70% trend=3 vol(2.20x) | VWAP: 1.70%(ABOVE slope=UP) allowedGap=1.00% | TREND: score=3 vel=0.50%/0.25%/1.25% accel=true | VOL: 21413.0000/9748.8000 TO: 2608103400.0000/1176352600.0000 | HIGH: 121800.0000 fromHigh=0.00% | entryNo=1
2026-07-07 13:16:48 INFO  BUY_FILLED 042660 phase=HOLDING
2026-07-07 13:16:48 INFO  SELL_EXECUTED [KRX] 042660 mode=OPENING_RANGE_BREAKOUT phase=EXITING exitType=STOPLOSS price=119900.0000 qty=81 reason=STOP_LOSS_OPENING_RANGE_BREAKOUT pnl=-1.56% peakPnl=0.33% holdMs=1860000 high=122200.0000 avgPrice=121800.0000 weightedPnl=-1.54% (pending fill)
2026-07-07 13:16:48 INFO  SELL_FILLED_PNL 042660 reason=STOP_LOSS_OPENING_RANGE_BREAKOUT filledQty=81/81 fillRatio=1.00 weightedPnl=-1.54% dailyPnl=-1.54%
2026-07-07 13:16:48 INFO  SELL_FILLED 042660 reason=STOP_LOSS_OPENING_RANGE_BREAKOUT remainingQty=0 phase=NONE exitType=STOPLOSS
2026-07-07 13:16:48 INFO  BUY [KRX] 347850 mode=BREAKOUT price=61800.0000 qty=129 size=0.8000x score=85[A](CONV) | WHY: strongBreakout volBreakout retestOK multiUp vol(2.01x) | VWAP: 0.94%(ABOVE slope=UP) allowedGap=1.50% | TREND: score=3 vel=1.15%/0.98%/0.32% accel=true | VOL: 2483.0000/1232.5000 TO: 153449400.0000/75507875.0000 | HIGH: 61800.0000 fromHigh=0.00% | entryNo=1
2026-07-07 13:16:48 INFO  BUY_FILLED 347850 phase=HOLDING
2026-07-07 13:16:48 INFO  SELL_EXECUTED [KRX] 347850 mode=BREAKOUT phase=EXITING exitType=VWAP_BREAK price=61000.0000 qty=129 reason=VWAP_BREAK pnl=-1.29% peakPnl=0.65% holdMs=4860000 high=62200.0000 avgPrice=61800.0000 weightedPnl=-1.03% (pending fill)
2026-07-07 13:16:48 INFO  SELL_FILLED_PNL 347850 reason=VWAP_BREAK filledQty=129/129 fillRatio=1.00 weightedPnl=-1.03% dailyPnl=-1.03%
2026-07-07 13:16:48 INFO  SELL_FILLED 347850 reason=VWAP_BREAK remainingQty=0 phase=NONE exitType=VWAP_BREAK
2026-07-07 15:39:43 INFO  BUY amount set for 365660: 10000000.00
2026-07-07 15:39:44 INFO  BUY amount set for 002990: 10000000.00
2026-07-07 15:39:44 INFO  BUY amount set for 009150: 10000000.00
2026-07-07 15:39:44 INFO  BUY amount set for 073240: 10000000.00
2026-07-07 15:39:44 INFO  BUY amount set for 402340: 10000000.00
2026-07-07 15:39:44 INFO  BUY amount set for 011070: 10000000.00
2026-07-07 15:39:44 INFO  BUY amount set for 000660: 10000000.00
2026-07-07 15:39:44 INFO  BUY amount set for 042660: 10000000.00
2026-07-07 15:39:44 INFO  BUY amount set for 105560: 10000000.00
2026-07-07 15:39:44 INFO  BUY amount set for 036930: 10000000.00
2026-07-07 15:39:44 INFO  BUY amount set for 005380: 10000000.00
2026-07-07 15:39:44 INFO  BUY amount set for 066570: 10000000.00
2026-07-07 15:39:44 INFO  BUY amount set for 005935: 10000000.00
2026-07-07 15:39:44 INFO  BUY amount set for 347850: 10000000.00
2026-07-07 15:39:44 INFO  BUY amount set for 005930: 10000000.00
2026-07-07 15:39:45 INFO  BUY amount set for 329180: 10000000.00
2026-07-07 15:39:45 INFO  BUY [KRX] 005380 mode=BREAKOUT price=497500.0000 qty=20 size=1.0000x score=85[A](CONV) | WHY: strongBreakout volBreakout retestOK multiUp vol(3.21x) | VWAP: 0.84%(ABOVE slope=UP) allowedGap=1.50% | TREND: score=3 vel=0.40%/0.30%/0.61% accel=true | VOL: 16366.0000/5098.4000 TO: 8142085000.0000/2515720550.0000 | HIGH: 497500.0000 fromHigh=0.00% | entryNo=1
2026-07-07 15:39:45 INFO  BUY_FILLED 005380 phase=HOLDING
2026-07-07 15:39:45 INFO  SELL_EXECUTED [KRX] 005380 mode=BREAKOUT phase=EXITING exitType=VWAP_BREAK price=493000.0000 qty=20 reason=VWAP_BREAK pnl=-0.90% peakPnl=0.70% holdMs=17700000 high=501000.0000 avgPrice=497500.0000 weightedPnl=-0.90% (pending fill)
2026-07-07 15:39:45 INFO  SELL_FILLED_PNL 005380 reason=VWAP_BREAK filledQty=20/20 fillRatio=1.00 weightedPnl=-0.90% dailyPnl=-0.90%
2026-07-07 15:39:45 INFO  SELL_FILLED 005380 reason=VWAP_BREAK remainingQty=0 phase=NONE exitType=VWAP_BREAK
2026-07-07 15:39:45 INFO  BUY [KRX] 066570 mode=OPENING_RANGE_BREAKOUT price=124500.0000 qty=80 size=1.0000x score=70[D] | WHY: vwap=0.84% trend=3 vol(2.25x) | VWAP: 0.84%(ABOVE slope=UP) allowedGap=1.00% | TREND: score=3 vel=0.16%/0.08%/0.24% accel=true | VOL: 8289.0000/3687.7500 TO: 1031980500.0000/456902175.0000 | HIGH: 124600.0000 fromHigh=-0.08% | entryNo=1
2026-07-07 15:39:45 INFO  BUY [KRX] 042660 mode=OPENING_RANGE_BREAKOUT price=129000.0000 qty=77 size=1.0000x score=70[D] | WHY: vwap=0.59% trend=3 vol(2.19x) | VWAP: 0.59%(ABOVE slope=UP) allowedGap=1.00% | TREND: score=3 vel=0.16%/0.08%/0.31% accel=true | VOL: 16858.0000/7695.3500 TO: 2176367800.0000/991021115.0000 | HIGH: 129200.0000 fromHigh=-0.08% | entryNo=1
2026-07-07 15:39:46 INFO  BUY_FILLED 066570 phase=HOLDING
2026-07-07 15:39:46 INFO  BUY_FILLED 042660 phase=HOLDING
2026-07-07 15:39:46 INFO  SELL_EXECUTED [KRX] 042660 mode=OPENING_RANGE_BREAKOUT phase=EXITING exitType=PROFIT price=132000.0000 qty=77 reason=TAKE_PROFIT_OPENING_RANGE_BREAKOUT pnl=2.09% peakPnl=2.09% holdMs=3000000 high=131800.0000 avgPrice=129100.0000 weightedPnl=2.08% (pending fill)
2026-07-07 15:39:46 INFO  SELL_EXECUTED [KRX] 066570 mode=OPENING_RANGE_BREAKOUT phase=EXITING exitType=PROFIT price=127000.0000 qty=80 reason=TAKE_PROFIT_OPENING_RANGE_BREAKOUT pnl=2.01% peakPnl=2.01% holdMs=8820000 high=127000.0000 avgPrice=124500.0000 weightedPnl=2.00% (pending fill)
2026-07-07 15:39:46 INFO  SELL_FILLED_PNL 042660 reason=TAKE_PROFIT_OPENING_RANGE_BREAKOUT filledQty=77/77 fillRatio=1.00 weightedPnl=2.08% dailyPnl=2.08%
2026-07-07 15:39:46 INFO  SELL_FILLED_PNL 066570 reason=TAKE_PROFIT_OPENING_RANGE_BREAKOUT filledQty=80/80 fillRatio=1.00 weightedPnl=2.00% dailyPnl=2.00%
2026-07-07 15:39:46 INFO  SELL_FILLED 042660 reason=TAKE_PROFIT_OPENING_RANGE_BREAKOUT remainingQty=0 phase=NONE exitType=PROFIT
2026-07-07 15:39:46 INFO  SELL_FILLED 066570 reason=TAKE_PROFIT_OPENING_RANGE_BREAKOUT remainingQty=0 phase=NONE exitType=PROFIT
2026-07-07 15:39:46 INFO  BUY [KRX] 347850 mode=OPENING_RANGE_BREAKOUT price=82400.0000 qty=121 size=1.0000x score=70[D] | WHY: vwap=1.44% trend=3 vol(2.49x) | VWAP: 1.44%(ABOVE slope=UP) allowedGap=1.00% | TREND: score=3 vel=0.73%/0.49%/0.86% accel=true | VOL: 11207.0000/4492.3000 TO: 923456800.0000/368645445.0000 | HIGH: 82800.0000 fromHigh=-0.48% | entryNo=1
2026-07-07 15:39:46 INFO  BUY_FILLED 347850 phase=HOLDING
2026-07-07 15:39:46 INFO  SELL [TRAIL_OPENING_RANGE_BREAKOUT] 347850 pnl=0.61% peakPnl=1.58% high=83700.0000 current=82900.0000
2026-07-07 15:39:46 INFO  SELL_EXECUTED [KRX] 347850 mode=OPENING_RANGE_BREAKOUT phase=EXITING exitType=TRAIL price=82900.0000 qty=121 reason=TRAIL_OPENING_RANGE_BREAKOUT pnl=0.61% peakPnl=1.58% holdMs=600000 high=83700.0000 avgPrice=82400.0000 weightedPnl=0.61% (pending fill)
2026-07-07 15:39:46 INFO  SELL_FILLED_PNL 347850 reason=TRAIL_OPENING_RANGE_BREAKOUT filledQty=121/121 fillRatio=1.00 weightedPnl=0.61% dailyPnl=0.61%
2026-07-07 15:39:46 INFO  SELL_FILLED 347850 reason=TRAIL_OPENING_RANGE_BREAKOUT remainingQty=0 phase=NONE exitType=TRAIL
2026-07-07 15:39:47 INFO  BUY [KRX] 000660 mode=OPENING_RANGE_BREAKOUT price=1284000.0000 qty=7 size=1.0000x score=70[D] | WHY: vwap=0.79% trend=2 vol(2.69x) | VWAP: 0.79%(ABOVE slope=UP) allowedGap=1.00% | TREND: score=2 vel=0.23%/0.20%/0.00% accel=true | VOL: 35373.0000/13145.1000 TO: 45418932000.0000/16846023375.0000 | HIGH: 1286000.0000 fromHigh=-0.16% | entryNo=1
2026-07-07 15:39:47 INFO  BUY_FILLED 000660 phase=HOLDING
2026-07-07 15:39:47 INFO  SELL_EXECUTED [KRX] 000660 mode=OPENING_RANGE_BREAKOUT phase=EXITING exitType=PROFIT price=1312000.0000 qty=7 reason=TAKE_PROFIT_OPENING_RANGE_BREAKOUT pnl=2.18% peakPnl=2.18% holdMs=11580000 high=1312000.0000 avgPrice=1284000.0000 weightedPnl=1.96% (pending fill)
2026-07-07 15:39:47 INFO  SELL_FILLED_PNL 000660 reason=TAKE_PROFIT_OPENING_RANGE_BREAKOUT filledQty=7/7 fillRatio=1.00 weightedPnl=1.96% dailyPnl=1.96%
2026-07-07 15:39:47 INFO  SELL_FILLED 000660 reason=TAKE_PROFIT_OPENING_RANGE_BREAKOUT remainingQty=0 phase=NONE exitType=PROFIT
2026-07-07 15:39:47 INFO  BUY [KRX] 009150 mode=BREAKOUT price=821000.0000 qty=9 size=0.8000x score=85[A](CONV) | WHY: strongBreakout volBreakout retestOK multiUp vol(2.25x) | VWAP: 0.73%(ABOVE slope=UP) allowedGap=1.50% | TREND: score=3 vel=0.61%/0.49%/0.49% accel=true | VOL: 5421.0000/2411.3000 TO: 4450641000.0000/1969790600.0000 | HIGH: 822000.0000 fromHigh=-0.12% | entryNo=1
2026-07-07 15:39:47 INFO  BUY_FILLED 009150 phase=HOLDING
2026-07-07 15:39:47 INFO  SELL [EOD_FORCE_SELL] 009150 pnl=0.73% time=15:30
2026-07-07 15:39:47 INFO  SELL_EXECUTED [KRX] 009150 mode=BREAKOUT phase=EXITING exitType=TIMESTOP price=827000.0000 qty=9 reason=EOD_FORCE_SELL pnl=0.73% peakPnl=1.40% holdMs=21600000 high=832500.0000 avgPrice=821000.0000 weightedPnl=0.54% (pending fill)
2026-07-07 15:39:47 INFO  SELL_FILLED_PNL 009150 reason=EOD_FORCE_SELL filledQty=9/9 fillRatio=1.00 weightedPnl=0.54% dailyPnl=0.54%
2026-07-07 15:39:47 INFO  SELL_FILLED 009150 reason=EOD_FORCE_SELL remainingQty=0 phase=NONE exitType=TIMESTOP
2026-07-07 15:39:48 INFO  BUY [KRX] 329180 mode=BREAKOUT price=721000.0000 qty=11 size=0.8000x score=85[A](CONV) | WHY: strongBreakout volBreakout retestOK multiUp vol(2.17x) | VWAP: 0.95%(ABOVE slope=UP) allowedGap=1.50% | TREND: score=3 vel=1.05%/0.98%/0.84% accel=true | VOL: 5907.0000/2721.5000 TO: 4258947000.0000/1948820450.0000 | HIGH: 722000.0000 fromHigh=-0.14% | entryNo=1
2026-07-07 15:39:48 INFO  BUY_FILLED 329180 phase=HOLDING
2026-07-07 15:39:48 INFO  SELL [TRAIL_BREAKOUT] 329180 pnl=0.28% peakPnl=1.53% high=732000.0000 current=723000.0000
2026-07-07 15:39:48 INFO  SELL_EXECUTED [KRX] 329180 mode=BREAKOUT phase=EXITING exitType=TRAIL price=723000.0000 qty=11 reason=TRAIL_BREAKOUT pnl=0.28% peakPnl=1.53% holdMs=960000 high=732000.0000 avgPrice=721000.0000 weightedPnl=0.22% (pending fill)
2026-07-07 15:39:48 INFO  SELL_FILLED_PNL 329180 reason=TRAIL_BREAKOUT filledQty=11/11 fillRatio=1.00 weightedPnl=0.22% dailyPnl=0.22%
2026-07-07 15:39:48 INFO  SELL_FILLED 329180 reason=TRAIL_BREAKOUT remainingQty=0 phase=NONE exitType=TRAIL
2026-07-07 15:39:48 INFO  BUY [KRX] 347850 mode=BREAKOUT price=61800.0000 qty=129 size=0.8000x score=85[A](CONV) | WHY: strongBreakout volBreakout retestOK multiUp vol(2.01x) | VWAP: 0.94%(ABOVE slope=UP) allowedGap=1.50% | TREND: score=3 vel=1.15%/0.98%/0.32% accel=true | VOL: 2483.0000/1232.5000 TO: 153449400.0000/75507875.0000 | HIGH: 61800.0000 fromHigh=0.00% | entryNo=1
2026-07-07 15:39:48 INFO  BUY_FILLED 347850 phase=HOLDING
2026-07-07 15:39:48 INFO  SELL_EXECUTED [KRX] 347850 mode=BREAKOUT phase=EXITING exitType=VWAP_BREAK price=61000.0000 qty=129 reason=VWAP_BREAK pnl=-1.29% peakPnl=0.65% holdMs=4860000 high=62200.0000 avgPrice=61800.0000 weightedPnl=-1.03% (pending fill)
2026-07-07 15:39:48 INFO  SELL_FILLED_PNL 347850 reason=VWAP_BREAK filledQty=129/129 fillRatio=1.00 weightedPnl=-1.03% dailyPnl=-1.03%
2026-07-07 15:39:48 INFO  SELL_FILLED 347850 reason=VWAP_BREAK remainingQty=0 phase=NONE exitType=VWAP_BREAK
2026-07-07 15:39:49 INFO  BUY [KRX] 105560 mode=OPENING_RANGE_BREAKOUT price=160000.0000 qty=62 size=1.0000x score=70[D] | WHY: vwap=1.46% trend=3 vol(2.65x) | VWAP: 1.46%(ABOVE slope=UP) allowedGap=1.00% | TREND: score=3 vel=0.44%/0.19%/0.69% accel=true | VOL: 14160.0000/5339.7000 TO: 2267016000.0000/848446000.0000 | HIGH: 160100.0000 fromHigh=0.00% | entryNo=1
2026-07-07 15:39:49 INFO  BUY_FILLED 105560 phase=HOLDING
2026-07-07 15:39:49 INFO  SELL [EOD_FORCE_SELL] 105560 pnl=-0.06% time=15:30
2026-07-07 15:39:49 INFO  SELL_EXECUTED [KRX] 105560 mode=OPENING_RANGE_BREAKOUT phase=EXITING exitType=TIMESTOP price=160000.0000 qty=62 reason=EOD_FORCE_SELL pnl=-0.06% peakPnl=0.56% holdMs=20820000 high=161000.0000 avgPrice=160100.0000 weightedPnl=-0.06% (pending fill)
2026-07-07 15:39:49 INFO  SELL_FILLED_PNL 105560 reason=EOD_FORCE_SELL filledQty=62/62 fillRatio=1.00 weightedPnl=-0.06% dailyPnl=-0.06%
2026-07-07 15:39:49 INFO  SELL_FILLED 105560 reason=EOD_FORCE_SELL remainingQty=0 phase=NONE exitType=TIMESTOP
2026-07-07 15:39:49 INFO  BUY [KRX] 042660 mode=OPENING_RANGE_BREAKOUT price=122000.0000 qty=81 size=1.0000x score=70[D] | WHY: vwap=1.70% trend=3 vol(2.20x) | VWAP: 1.70%(ABOVE slope=UP) allowedGap=1.00% | TREND: score=3 vel=0.50%/0.25%/1.25% accel=true | VOL: 21413.0000/9748.8000 TO: 2608103400.0000/1176352600.0000 | HIGH: 121800.0000 fromHigh=0.00% | entryNo=1
2026-07-07 15:39:49 INFO  BUY_FILLED 042660 phase=HOLDING
2026-07-07 15:39:49 INFO  SELL_EXECUTED [KRX] 042660 mode=OPENING_RANGE_BREAKOUT phase=EXITING exitType=STOPLOSS price=119900.0000 qty=81 reason=STOP_LOSS_OPENING_RANGE_BREAKOUT pnl=-1.56% peakPnl=0.33% holdMs=1860000 high=122200.0000 avgPrice=121800.0000 weightedPnl=-1.54% (pending fill)
2026-07-07 15:39:49 INFO  SELL_FILLED_PNL 042660 reason=STOP_LOSS_OPENING_RANGE_BREAKOUT filledQty=81/81 fillRatio=1.00 weightedPnl=-1.54% dailyPnl=-1.54%
2026-07-07 15:39:49 INFO  SELL_FILLED 042660 reason=STOP_LOSS_OPENING_RANGE_BREAKOUT remainingQty=0 phase=NONE exitType=STOPLOSS
2026-07-07 15:39:49 INFO  BUY [KRX] 005930 mode=OPENING_RANGE_BREAKOUT price=330000.0000 qty=30 size=1.0000x score=70[D] | WHY: vwap=1.34% trend=3 vol(2.38x) | VWAP: 1.34%(ABOVE slope=UP) allowedGap=1.00% | TREND: score=3 vel=0.84%/0.76%/1.54% accel=true | VOL: 373155.0000/156780.8500 TO: 123141150000.0000/51228266787.5000 | HIGH: 330000.0000 fromHigh=0.00% | entryNo=1
2026-07-07 15:39:49 INFO  BUY_FILLED 005930 phase=HOLDING
2026-07-07 15:39:49 INFO  SELL_EXECUTED [KRX] 005930 mode=OPENING_RANGE_BREAKOUT phase=EXITING exitType=PROFIT price=337000.0000 qty=30 reason=TAKE_PROFIT_OPENING_RANGE_BREAKOUT pnl=2.05% peakPnl=2.05% holdMs=1740000 high=336750.0000 avgPrice=330000.0000 weightedPnl=2.03% (pending fill)
2026-07-07 15:39:49 INFO  SELL_FILLED_PNL 005930 reason=TAKE_PROFIT_OPENING_RANGE_BREAKOUT filledQty=30/30 fillRatio=1.00 weightedPnl=2.03% dailyPnl=2.03%
2026-07-07 15:39:49 INFO  SELL_FILLED 005930 reason=TAKE_PROFIT_OPENING_RANGE_BREAKOUT remainingQty=0 phase=NONE exitType=PROFIT
2026-07-07 15:39:51 INFO  BUY [KRX] 329180 mode=BREAKOUT price=622000.0000 qty=16 size=1.0000x score=85[A](CONV) | WHY: strongBreakout volBreakout retestOK multiUp vol(2.39x) | VWAP: 0.78%(ABOVE slope=UP) allowedGap=1.50% | TREND: score=3 vel=0.81%/0.32%/0.97% accel=true | VOL: 2016.0000/842.7000 TO: 1253952000.0000/520505600.0000 | HIGH: 622000.0000 fromHigh=0.00% | entryNo=1
2026-07-07 15:39:51 INFO  BUY_FILLED 329180 phase=HOLDING
2026-07-07 15:39:51 INFO  SELL_EXECUTED [KRX] 329180 mode=BREAKOUT phase=EXITING exitType=PROFIT price=636000.0000 qty=16 reason=TAKE_PROFIT_BREAKOUT pnl=2.25% peakPnl=2.25% holdMs=1980000 high=636000.0000 avgPrice=622000.0000 weightedPnl=2.24% (pending fill)
2026-07-07 15:39:51 INFO  SELL_FILLED_PNL 329180 reason=TAKE_PROFIT_BREAKOUT filledQty=16/16 fillRatio=1.00 weightedPnl=2.24% dailyPnl=2.24%
2026-07-07 15:39:51 INFO  SELL_FILLED 329180 reason=TAKE_PROFIT_BREAKOUT remainingQty=0 phase=NONE exitType=PROFIT
2026-07-07 15:39:52 INFO  BUY amount set for 035420: 10000000.00
2026-07-07 15:39:52 INFO  BUY [KRX] 035420 mode=OPENING_RANGE_BREAKOUT price=203500.0000 qty=49 size=1.0000x score=68[D] | WHY: vwap=0.49% trend=2 vol(2.20x) | VWAP: 0.49%(ABOVE slope=UP) allowedGap=1.00% | TREND: score=2 vel=0.25%/0.00%/0.49% accel=true | VOL: 4709.0000/2141.0000 TO: 958281500.0000/434591975.0000 | HIGH: 204000.0000 fromHigh=-0.25% | entryNo=1
2026-07-07 15:39:52 INFO  BUY_FILLED 035420 phase=HOLDING
2026-07-07 15:39:52 INFO  SELL_EXECUTED [KRX] 035420 mode=OPENING_RANGE_BREAKOUT phase=EXITING exitType=VWAP_BREAK price=202000.0000 qty=49 reason=VWAP_BREAK pnl=-0.74% peakPnl=0.74% holdMs=9900000 high=205000.0000 avgPrice=203500.0000 weightedPnl=-0.74% (pending fill)
2026-07-07 15:39:52 INFO  SELL_FILLED_PNL 035420 reason=VWAP_BREAK filledQty=49/49 fillRatio=1.00 weightedPnl=-0.74% dailyPnl=-0.74%
2026-07-07 15:39:52 INFO  SELL_FILLED 035420 reason=VWAP_BREAK remainingQty=0 phase=NONE exitType=VWAP_BREAK
2026-07-07 15:39:53 INFO  BUY amount set for 028260: 10000000.00
2026-07-07 15:39:53 INFO  BUY amount set for 034020: 10000000.00
2026-07-07 15:39:53 INFO  BUY amount set for 352820: 10000000.00
2026-07-07 15:39:53 INFO  BUY amount set for 012330: 10000000.00
2026-07-07 15:39:53 INFO  BUY amount set for 006400: 10000000.00
2026-07-07 15:39:53 INFO  BUY amount set for 034730: 10000000.00
2026-07-07 15:39:53 INFO  BUY amount set for 012450: 10000000.00
2026-07-07 15:39:53 INFO  BUY amount set for 373220: 10000000.00
2026-07-07 15:39:53 INFO  BUY amount set for 240810: 10000000.00
2026-07-07 15:39:53 INFO  BUY amount set for 278470: 10000000.00
2026-07-07 15:39:54 INFO  BUY amount set for 298040: 10000000.00
2026-07-07 15:39:54 INFO  BUY [KRX] 373220 mode=BREAKOUT price=414500.0000 qty=19 size=0.8000x score=85[A](CONV) | WHY: strongBreakout volBreakout retestOK multiUp vol(2.26x) | VWAP: 1.13%(ABOVE slope=UP) allowedGap=1.50% | TREND: score=3 vel=0.61%/0.30%/0.73% accel=true | VOL: 6286.0000/2786.4000 TO: 2605547000.0000/1142968000.0000 | HIGH: 414500.0000 fromHigh=0.00% | entryNo=1
2026-07-07 15:39:54 INFO  BUY_FILLED 373220 phase=HOLDING
2026-07-07 15:39:54 INFO  SELL [EOD_FORCE_SELL] 373220 pnl=1.57% time=15:30
2026-07-07 15:39:54 INFO  SELL_EXECUTED [KRX] 373220 mode=BREAKOUT phase=EXITING exitType=TIMESTOP price=421000.0000 qty=19 reason=EOD_FORCE_SELL pnl=1.57% peakPnl=1.81% holdMs=22200000 high=422000.0000 avgPrice=414500.0000 weightedPnl=1.23% (pending fill)
2026-07-07 15:39:54 INFO  SELL_FILLED_PNL 373220 reason=EOD_FORCE_SELL filledQty=19/19 fillRatio=1.00 weightedPnl=1.23% dailyPnl=1.23%
2026-07-07 15:39:54 INFO  SELL_FILLED 373220 reason=EOD_FORCE_SELL remainingQty=0 phase=NONE exitType=TIMESTOP
2026-07-07 15:39:54 INFO  BUY amount set for 079550: 10000000.00
2026-07-07 15:39:54 INFO  BUY amount set for 000270: 10000000.00
2026-07-07 15:39:54 INFO  BUY amount set for 055550: 10000000.00
2026-07-07 15:39:54 INFO  BUY [KRX] 034730 mode=BREAKOUT price=373000.0000 qty=21 size=0.8000x score=85[A](CONV) | WHY: strongBreakout volBreakout retestOK multiUp vol(2.20x) | VWAP: 0.59%(ABOVE slope=UP) allowedGap=1.50% | TREND: score=3 vel=0.40%/0.27%/0.13% accel=true | VOL: 2035.0000/924.7000 TO: 759055000.0000/342901837.5000 | HIGH: 373500.0000 fromHigh=-0.13% | entryNo=1
2026-07-07 15:39:54 INFO  BUY_FILLED 034730 phase=HOLDING
2026-07-07 15:39:54 INFO  SELL_EXECUTED [KRX] 034730 mode=BREAKOUT phase=EXITING exitType=VWAP_BREAK price=371000.0000 qty=21 reason=VWAP_BREAK pnl=-0.54% peakPnl=0.94% holdMs=2580000 high=376500.0000 avgPrice=373000.0000 weightedPnl=-0.42% (pending fill)
2026-07-07 15:39:54 INFO  SELL_FILLED_PNL 034730 reason=VWAP_BREAK filledQty=21/21 fillRatio=1.00 weightedPnl=-0.42% dailyPnl=-0.42%
2026-07-07 15:39:54 INFO  SELL_FILLED 034730 reason=VWAP_BREAK remainingQty=0 phase=NONE exitType=VWAP_BREAK
2026-07-07 15:39:54 INFO  BUY [KRX] 006400 mode=OPENING_RANGE_BREAKOUT price=496000.0000 qty=20 size=1.0000x score=70[D] | WHY: vwap=1.73% trend=3 vol(2.06x) | VWAP: 1.73%(ABOVE slope=UP) allowedGap=1.00% | TREND: score=3 vel=0.81%/0.71%/0.61% accel=true | VOL: 18240.0000/8838.7500 TO: 9047040000.0000/4341798837.5000 | HIGH: 496500.0000 fromHigh=-0.10% | entryNo=1
2026-07-07 15:39:54 INFO  BUY_FILLED 006400 phase=HOLDING
2026-07-07 15:39:54 INFO  SELL_EXECUTED [KRX] 006400 mode=OPENING_RANGE_BREAKOUT phase=EXITING exitType=PROFIT price=507000.0000 qty=20 reason=TAKE_PROFIT_OPENING_RANGE_BREAKOUT pnl=2.22% peakPnl=2.22% holdMs=1800000 high=507000.0000 avgPrice=496000.0000 weightedPnl=2.20% (pending fill)
2026-07-07 15:39:54 INFO  SELL_FILLED_PNL 006400 reason=TAKE_PROFIT_OPENING_RANGE_BREAKOUT filledQty=20/20 fillRatio=1.00 weightedPnl=2.20% dailyPnl=2.20%
2026-07-07 15:39:54 INFO  SELL_FILLED 006400 reason=TAKE_PROFIT_OPENING_RANGE_BREAKOUT remainingQty=0 phase=NONE exitType=PROFIT
2026-07-07 15:39:55 INFO  BUY [KRX] 298040 mode=BREAKOUT price=3408000.0000 qty=2 size=1.0000x score=85[A](CONV) | WHY: strongBreakout volBreakout retestOK multiUp vol(2.75x) | VWAP: 1.08%(ABOVE slope=UP) allowedGap=1.50% | TREND: score=3 vel=0.95%/0.92%/1.61% accel=true | VOL: 1589.0000/578.1765 TO: 5415312000.0000/1949364470.5882 | HIGH: 3409000.0000 fromHigh=-0.03% | entryNo=1
2026-07-07 15:39:55 INFO  BUY_FILLED 298040 phase=HOLDING
2026-07-07 15:39:55 INFO  SELL_EXECUTED [KRX] 298040 mode=BREAKOUT phase=EXITING exitType=PROFIT price=3491000.0000 qty=2 reason=TAKE_PROFIT_BREAKOUT pnl=2.44% peakPnl=2.44% holdMs=1080000 high=3491000.0000 avgPrice=3408000.0000 weightedPnl=1.66% (pending fill)
2026-07-07 15:39:55 INFO  SELL_FILLED_PNL 298040 reason=TAKE_PROFIT_BREAKOUT filledQty=2/2 fillRatio=1.00 weightedPnl=1.66% dailyPnl=1.66%
2026-07-07 15:39:55 INFO  SELL_FILLED 298040 reason=TAKE_PROFIT_BREAKOUT remainingQty=0 phase=NONE exitType=PROFIT
2026-07-07 15:39:56 INFO  BUY [KRX] 034730 mode=BREAKOUT price=519000.0000 qty=19 size=1.0000x score=85[A](CONV) | WHY: strongBreakout volBreakout retestOK multiUp vol(3.00x) | VWAP: 1.18%(ABOVE slope=UP) allowedGap=1.50% | TREND: score=3 vel=0.58%/0.39%/0.78% accel=true | VOL: 2828.0000/943.6500 TO: 1467732000.0000/484447250.0000 | HIGH: 519000.0000 fromHigh=0.00% | entryNo=1
2026-07-07 15:39:56 INFO  BUY_FILLED 034730 phase=HOLDING
2026-07-07 15:39:56 INFO  SELL_EXECUTED [KRX] 034730 mode=BREAKOUT phase=EXITING exitType=PROFIT price=532000.0000 qty=19 reason=TAKE_PROFIT_BREAKOUT pnl=2.50% peakPnl=2.50% holdMs=4680000 high=532000.0000 avgPrice=519000.0000 weightedPnl=2.47% (pending fill)
2026-07-07 15:39:56 INFO  SELL_FILLED_PNL 034730 reason=TAKE_PROFIT_BREAKOUT filledQty=19/19 fillRatio=1.00 weightedPnl=2.47% dailyPnl=2.47%
2026-07-07 15:39:56 INFO  SELL_FILLED 034730 reason=TAKE_PROFIT_BREAKOUT remainingQty=0 phase=NONE exitType=PROFIT
2026-07-07 15:39:57 INFO  BUY [KRX] 240810 mode=BREAKOUT price=112000.0000 qty=71 size=0.8000x score=85[A](CONV) | WHY: strongBreakout volBreakout retestOK multiUp vol(2.24x) | VWAP: 1.04%(ABOVE slope=UP) allowedGap=1.50% | TREND: score=3 vel=2.47%/2.10%/2.10% accel=true | VOL: 3328.0000/1485.9000 TO: 372403200.0000/163400865.0000 | HIGH: 111900.0000 fromHigh=0.00% | entryNo=1
2026-07-07 15:39:57 INFO  BUY_FILLED 240810 phase=HOLDING
2026-07-07 15:39:57 INFO  SELL_EXECUTED [KRX] 240810 mode=BREAKOUT phase=EXITING exitType=VWAP_BREAK price=110000.0000 qty=71 reason=VWAP_BREAK pnl=-1.70% peakPnl=-0.18% holdMs=900000 high=111700.0000 avgPrice=111900.0000 weightedPnl=-1.35% (pending fill)
2026-07-07 15:39:57 INFO  SELL_FILLED_PNL 240810 reason=VWAP_BREAK filledQty=71/71 fillRatio=1.00 weightedPnl=-1.35% dailyPnl=-1.35%
2026-07-07 15:39:57 INFO  SELL_FILLED 240810 reason=VWAP_BREAK remainingQty=0 phase=NONE exitType=VWAP_BREAK
2026-07-07 15:39:57 INFO  BUY [KRX] 006400 mode=OPENING_RANGE_BREAKOUT price=600000.0000 qty=16 size=1.0000x score=70[D] | WHY: vwap=1.33% trend=3 vol(2.83x) | VWAP: 1.33%(ABOVE slope=UP) allowedGap=1.00% | TREND: score=3 vel=0.67%/0.50%/0.17% accel=true | VOL: 3595.0000/1268.9500 TO: 2157000000.0000/758688550.0000 | HIGH: 600000.0000 fromHigh=0.00% | entryNo=1
2026-07-07 15:39:57 INFO  BUY_FILLED 006400 phase=HOLDING
2026-07-07 15:39:57 INFO  SELL_EXECUTED [KRX] 006400 mode=OPENING_RANGE_BREAKOUT phase=EXITING exitType=PROFIT price=612000.0000 qty=16 reason=TAKE_PROFIT_OPENING_RANGE_BREAKOUT pnl=2.00% peakPnl=2.00% holdMs=1800000 high=612000.0000 avgPrice=600000.0000 weightedPnl=1.92% (pending fill)
2026-07-07 15:39:57 INFO  SELL_FILLED_PNL 006400 reason=TAKE_PROFIT_OPENING_RANGE_BREAKOUT filledQty=16/16 fillRatio=1.00 weightedPnl=1.92% dailyPnl=1.92%
2026-07-07 15:39:57 INFO  SELL_FILLED 006400 reason=TAKE_PROFIT_OPENING_RANGE_BREAKOUT remainingQty=0 phase=NONE exitType=PROFIT
2026-07-07 15:39:59 INFO  BUY [KRX] 034730 mode=BREAKOUT price=595000.0000 qty=13 size=0.8000x score=85[A](CONV) | WHY: strongBreakout volBreakout retestOK multiUp vol(2.04x) | VWAP: 0.61%(ABOVE slope=UP) allowedGap=1.50% | TREND: score=3 vel=2.23%/2.06%/0.85% accel=true | VOL: 2880.0000/1409.9474 TO: 1713600000.0000/833843000.0000 | HIGH: 596000.0000 fromHigh=-0.17% | entryNo=1
2026-07-07 15:39:59 INFO  BUY_FILLED 034730 phase=HOLDING
2026-07-07 15:39:59 INFO  SELL_EXECUTED [KRX] 034730 mode=BREAKOUT phase=EXITING exitType=STOPLOSS price=586000.0000 qty=13 reason=STOP_LOSS_BREAKOUT pnl=-1.51% peakPnl=-0.50% holdMs=180000 high=592000.0000 avgPrice=595000.0000 weightedPnl=-1.17% (pending fill)
2026-07-07 15:39:59 INFO  SELL_FILLED_PNL 034730 reason=STOP_LOSS_BREAKOUT filledQty=13/13 fillRatio=1.00 weightedPnl=-1.17% dailyPnl=-1.17%
2026-07-07 15:39:59 INFO  SELL_FILLED 034730 reason=STOP_LOSS_BREAKOUT remainingQty=0 phase=NONE exitType=STOPLOSS
2026-07-07 15:39:59 INFO  BUY [KRX] 079550 mode=BREAKOUT price=704000.0000 qty=11 size=0.8000x score=85[A](CONV) | WHY: strongBreakout volBreakout retestOK multiUp vol(2.06x) | VWAP: 0.75%(ABOVE slope=UP) allowedGap=1.50% | TREND: score=3 vel=1.59%/1.44%/1.73% accel=true | VOL: 1731.0000/838.6500 TO: 1218624000.0000/578703850.0000 | HIGH: 705000.0000 fromHigh=-0.14% | entryNo=1
2026-07-07 15:39:59 INFO  BUY_FILLED 079550 phase=HOLDING
2026-07-07 15:39:59 INFO  SELL [TRAIL_BREAKOUT] 079550 pnl=0.28% peakPnl=1.70% high=716000.0000 current=706000.0000
2026-07-07 15:39:59 INFO  SELL_EXECUTED [KRX] 079550 mode=BREAKOUT phase=EXITING exitType=TRAIL price=706000.0000 qty=11 reason=TRAIL_BREAKOUT pnl=0.28% peakPnl=1.70% holdMs=720000 high=716000.0000 avgPrice=704000.0000 weightedPnl=0.22% (pending fill)
2026-07-07 15:39:59 INFO  SELL_FILLED_PNL 079550 reason=TRAIL_BREAKOUT filledQty=11/11 fillRatio=1.00 weightedPnl=0.22% dailyPnl=0.22%
2026-07-07 15:39:59 INFO  SELL_FILLED 079550 reason=TRAIL_BREAKOUT remainingQty=0 phase=NONE exitType=TRAIL
2026-07-07 15:40:00 INFO  BUY [KRX] 055550 mode=OPENING_RANGE_BREAKOUT price=101500.0000 qty=98 size=1.0000x score=70[D] | WHY: vwap=1.61% trend=3 vol(2.05x) | VWAP: 1.61%(ABOVE slope=UP) allowedGap=1.00% | TREND: score=3 vel=0.60%/0.50%/0.70% accel=true | VOL: 4363.0000/2131.1500 TO: 442408200.0000/215429795.0000 | HIGH: 101500.0000 fromHigh=-0.10% | entryNo=1
2026-07-07 15:40:00 INFO  BUY_FILLED 055550 phase=HOLDING
2026-07-07 15:40:00 INFO  SELL [TRAIL_OPENING_RANGE_BREAKOUT] 055550 pnl=1.18% peakPnl=1.87% high=103300.0000 current=102600.0000
2026-07-07 15:40:00 INFO  SELL_EXECUTED [KRX] 055550 mode=OPENING_RANGE_BREAKOUT phase=EXITING exitType=TRAIL price=102600.0000 qty=98 reason=TRAIL_OPENING_RANGE_BREAKOUT pnl=1.18% peakPnl=1.87% holdMs=4200000 high=103300.0000 avgPrice=101400.0000 weightedPnl=1.18% (pending fill)
2026-07-07 15:40:00 INFO  SELL_FILLED_PNL 055550 reason=TRAIL_OPENING_RANGE_BREAKOUT filledQty=98/98 fillRatio=1.00 weightedPnl=1.18% dailyPnl=1.18%
2026-07-07 15:40:00 INFO  SELL_FILLED 055550 reason=TRAIL_OPENING_RANGE_BREAKOUT remainingQty=0 phase=NONE exitType=TRAIL
2026-07-07 15:40:00 INFO  BUY [KRX] 034730 mode=OPENING_RANGE_BREAKOUT price=742000.0000 qty=13 size=1.0000x score=70[D] | WHY: vwap=1.59% trend=3 vol(2.27x) | VWAP: 1.59%(ABOVE slope=UP) allowedGap=1.00% | TREND: score=3 vel=0.41%/0.27%/0.68% accel=true | VOL: 1935.0000/851.1000 TO: 1435770000.0000/627941150.0000 | HIGH: 743000.0000 fromHigh=-0.13% | entryNo=1
2026-07-07 15:40:00 INFO  BUY_FILLED 034730 phase=HOLDING
2026-07-07 15:40:00 INFO  SELL_EXECUTED [KRX] 034730 mode=OPENING_RANGE_BREAKOUT phase=EXITING exitType=STOPLOSS price=731000.0000 qty=13 reason=STOP_LOSS_OPENING_RANGE_BREAKOUT pnl=-1.48% peakPnl=0.94% holdMs=2700000 high=749000.0000 avgPrice=742000.0000 weightedPnl=-1.43% (pending fill)
2026-07-07 15:40:00 INFO  SELL_FILLED_PNL 034730 reason=STOP_LOSS_OPENING_RANGE_BREAKOUT filledQty=13/13 fillRatio=1.00 weightedPnl=-1.43% dailyPnl=-1.43%
2026-07-07 15:40:00 INFO  SELL_FILLED 034730 reason=STOP_LOSS_OPENING_RANGE_BREAKOUT remainingQty=0 phase=NONE exitType=STOPLOSS
2026-07-07 15:40:01 INFO  BUY amount set for 475150: 10000000.00
2026-07-07 15:40:01 INFO  BUY amount set for 477850: 10000000.00
2026-07-07 15:40:02 INFO  BUY amount set for 010120: 10000000.00
2026-07-07 15:40:02 INFO  BUY amount set for 003230: 10000000.00
2026-07-07 15:40:02 INFO  BUY amount set for 403870: 10000000.00
2026-07-07 15:40:02 INFO  BUY amount set for 267260: 10000000.00
2026-07-07 15:40:02 INFO  BUY amount set for 010950: 10000000.00
2026-07-07 15:40:02 INFO  BUY amount set for 353200: 10000000.00
2026-07-07 15:40:02 INFO  BUY [KRX] 003230 mode=OPENING_RANGE_BREAKOUT price=1222000.0000 qty=8 size=1.0000x score=70[D] | WHY: vwap=0.95% trend=3 vol(2.03x) | VWAP: 0.95%(ABOVE slope=UP) allowedGap=1.00% | TREND: score=3 vel=0.16%/0.08%/0.41% accel=true | VOL: 293.0000/144.5000 TO: 358046000.0000/175956000.0000 | HIGH: 1223000.0000 fromHigh=-0.08% | entryNo=1
2026-07-07 15:40:02 INFO  BUY_FILLED 003230 phase=HOLDING
2026-07-07 15:40:02 INFO  BUY [KRX] 010120 mode=OPENING_RANGE_BREAKOUT price=191500.0000 qty=52 size=1.0000x score=70[D] | WHY: vwap=1.36% trend=3 vol(2.55x) | VWAP: 1.36%(ABOVE slope=UP) allowedGap=1.00% | TREND: score=3 vel=0.68%/0.63%/0.79% accel=true | VOL: 11327.0000/4444.7500 TO: 2167987800.0000/844421650.0000 | HIGH: 191500.0000 fromHigh=-0.05% | entryNo=1
2026-07-07 15:40:02 INFO  BUY_FILLED 010120 phase=HOLDING
2026-07-07 15:40:02 INFO  BUY amount set for 080220: 10000000.00
2026-07-07 15:40:02 INFO  SELL_EXECUTED [KRX] 003230 mode=OPENING_RANGE_BREAKOUT phase=EXITING exitType=VWAP_BREAK price=1215000.0000 qty=8 reason=VWAP_BREAK pnl=-0.57% peakPnl=1.06% holdMs=9900000 high=1235000.0000 avgPrice=1222000.0000 weightedPnl=-0.56% (pending fill)
2026-07-07 15:40:02 INFO  SELL_FILLED_PNL 003230 reason=VWAP_BREAK filledQty=8/8 fillRatio=1.00 weightedPnl=-0.56% dailyPnl=-0.56%
2026-07-07 15:40:02 INFO  SELL_FILLED 003230 reason=VWAP_BREAK remainingQty=0 phase=NONE exitType=VWAP_BREAK
2026-07-07 15:40:02 INFO  BUY amount set for 319660: 10000000.00
2026-07-07 15:40:02 INFO  SELL_EXECUTED [KRX] 010120 mode=OPENING_RANGE_BREAKOUT phase=EXITING exitType=STOPLOSS price=188900.0000 qty=52 reason=STOP_LOSS_OPENING_RANGE_BREAKOUT pnl=-1.31% peakPnl=0.10% holdMs=9420000 high=191600.0000 avgPrice=191400.0000 weightedPnl=-1.30% (pending fill)
2026-07-07 15:40:02 INFO  SELL_FILLED_PNL 010120 reason=STOP_LOSS_OPENING_RANGE_BREAKOUT filledQty=52/52 fillRatio=1.00 weightedPnl=-1.30% dailyPnl=-1.30%
2026-07-07 15:40:02 INFO  SELL_FILLED 010120 reason=STOP_LOSS_OPENING_RANGE_BREAKOUT remainingQty=0 phase=NONE exitType=STOPLOSS
2026-07-07 15:40:02 INFO  BUY amount set for 064350: 10000000.00
2026-07-07 15:40:03 INFO  BUY [KRX] 353200 mode=BREAKOUT price=90000.0000 qty=111 size=1.0000x score=85[A](CONV) | WHY: strongBreakout volBreakout retestOK multiUp vol(2.78x) | VWAP: 0.80%(ABOVE slope=UP) allowedGap=1.50% | TREND: score=3 vel=0.67%/0.56%/0.45% accel=true | VOL: 5995.0000/2155.2500 TO: 539550000.0000/192412720.0000 | HIGH: 90000.0000 fromHigh=0.00% | entryNo=1
2026-07-07 15:40:03 INFO  BUY_FILLED 353200 phase=HOLDING
2026-07-07 15:40:03 INFO  SELL_EXECUTED [KRX] 353200 mode=BREAKOUT phase=EXITING exitType=VWAP_BREAK price=88750.0000 qty=111 reason=VWAP_BREAK pnl=-1.39% peakPnl=-0.22% holdMs=600000 high=89800.0000 avgPrice=90000.0000 weightedPnl=-1.39% (pending fill)
2026-07-07 15:40:03 INFO  SELL_FILLED_PNL 353200 reason=VWAP_BREAK filledQty=111/111 fillRatio=1.00 weightedPnl=-1.39% dailyPnl=-1.39%
2026-07-07 15:40:03 INFO  SELL_FILLED 353200 reason=VWAP_BREAK remainingQty=0 phase=NONE exitType=VWAP_BREAK
2026-07-07 15:40:03 INFO  BUY amount set for 196170: 10000000.00
2026-07-07 15:40:03 INFO  BUY amount set for 006360: 10000000.00
2026-07-07 15:40:03 INFO  BUY amount set for 042700: 10000000.00
2026-07-07 15:40:03 INFO  BUY amount set for 095610: 10000000.00
2026-07-07 15:40:03 INFO  BUY [KRX] 010120 mode=OPENING_RANGE_BREAKOUT price=225000.0000 qty=44 size=1.0000x score=68[D] | WHY: vwap=1.46% trend=3 vol(2.41x) | VWAP: 1.46%(ABOVE slope=UP) allowedGap=1.00% | TREND: score=3 vel=0.67%/0.22%/0.90% accel=true | VOL: 21307.0000/8830.1500 TO: 4794075000.0000/1968444000.0000 | HIGH: 225500.0000 fromHigh=-0.22% | entryNo=1
2026-07-07 15:40:03 INFO  BUY_FILLED 010120 phase=HOLDING
2026-07-07 15:40:03 INFO  SELL_EXECUTED [KRX] 010120 mode=OPENING_RANGE_BREAKOUT phase=EXITING exitType=PROFIT price=229500.0000 qty=44 reason=TAKE_PROFIT_OPENING_RANGE_BREAKOUT pnl=2.00% peakPnl=2.00% holdMs=300000 high=229500.0000 avgPrice=225000.0000 weightedPnl=1.98% (pending fill)
2026-07-07 15:40:03 INFO  SELL_FILLED_PNL 010120 reason=TAKE_PROFIT_OPENING_RANGE_BREAKOUT filledQty=44/44 fillRatio=1.00 weightedPnl=1.98% dailyPnl=1.98%
2026-07-07 15:40:03 INFO  SELL_FILLED 010120 reason=TAKE_PROFIT_OPENING_RANGE_BREAKOUT remainingQty=0 phase=NONE exitType=PROFIT
2026-07-07 15:40:04 INFO  BUY [KRX] 196170 mode=OPENING_RANGE_BREAKOUT price=369000.0000 qty=27 size=1.0000x score=65[D] | WHY: vwap=0.52% trend=2 vol(2.00x) | VWAP: 0.52%(ABOVE slope=UP) allowedGap=1.00% | TREND: score=2 vel=0.14%/0.00%/0.41% accel=true | VOL: 1218.0000/608.5500 TO: 449442000.0000/223640275.0000 | HIGH: 369500.0000 fromHigh=-0.14% | entryNo=1
2026-07-07 15:40:04 INFO  BUY_FILLED 196170 phase=HOLDING
2026-07-07 15:40:04 INFO  SELL [TRAIL_OPENING_RANGE_BREAKOUT] 196170 pnl=1.22% peakPnl=1.90% high=376000.0000 current=373500.0000
2026-07-07 15:40:04 INFO  SELL_EXECUTED [KRX] 196170 mode=OPENING_RANGE_BREAKOUT phase=EXITING exitType=TRAIL price=373500.0000 qty=27 reason=TRAIL_OPENING_RANGE_BREAKOUT pnl=1.22% peakPnl=1.90% holdMs=420000 high=376000.0000 avgPrice=369000.0000 weightedPnl=1.21% (pending fill)
2026-07-07 15:40:04 INFO  SELL_FILLED_PNL 196170 reason=TRAIL_OPENING_RANGE_BREAKOUT filledQty=27/27 fillRatio=1.00 weightedPnl=1.21% dailyPnl=1.21%
2026-07-07 15:40:04 INFO  SELL_FILLED 196170 reason=TRAIL_OPENING_RANGE_BREAKOUT remainingQty=0 phase=NONE exitType=TRAIL
2026-07-07 15:40:05 INFO  BUY [KRX] 267260 mode=OPENING_RANGE_BREAKOUT price=1276000.0000 qty=7 size=1.0000x score=70[D] | WHY: vwap=1.00% trend=3 vol(2.26x) | VWAP: 1.00%(ABOVE slope=UP) allowedGap=1.00% | TREND: score=3 vel=0.16%/0.08%/0.39% accel=true | VOL: 2192.0000/970.1000 TO: 2796992000.0000/1231867100.0000 | HIGH: 1276000.0000 fromHigh=0.00% | entryNo=1
2026-07-07 15:40:05 INFO  BUY_FILLED 267260 phase=HOLDING
2026-07-07 15:40:05 INFO  SELL_EXECUTED [KRX] 267260 mode=OPENING_RANGE_BREAKOUT phase=EXITING exitType=VWAP_BREAK price=1261000.0000 qty=7 reason=VWAP_BREAK pnl=-1.18% peakPnl=1.10% holdMs=2040000 high=1290000.0000 avgPrice=1276000.0000 weightedPnl=-1.05% (pending fill)
2026-07-07 15:40:05 INFO  SELL_FILLED_PNL 267260 reason=VWAP_BREAK filledQty=7/7 fillRatio=1.00 weightedPnl=-1.05% dailyPnl=-1.05%
2026-07-07 15:40:05 INFO  SELL_FILLED 267260 reason=VWAP_BREAK remainingQty=0 phase=NONE exitType=VWAP_BREAK
2026-07-07 15:40:05 INFO  BUY [KRX] 010950 mode=OPENING_RANGE_BREAKOUT price=115000.0000 qty=86 size=1.0000x score=70[D] | WHY: vwap=1.72% trend=3 vol(2.45x) | VWAP: 1.72%(ABOVE slope=UP) allowedGap=1.00% | TREND: score=3 vel=0.52%/0.35%/0.88% accel=true | VOL: 10592.0000/4315.5500 TO: 1219139200.0000/491073160.0000 | HIGH: 115300.0000 fromHigh=-0.17% | entryNo=1
2026-07-07 15:40:05 INFO  BUY_FILLED 010950 phase=HOLDING
2026-07-07 15:40:05 INFO  SELL_EXECUTED [KRX] 010950 mode=OPENING_RANGE_BREAKOUT phase=EXITING exitType=STOPLOSS price=113500.0000 qty=86 reason=STOP_LOSS_OPENING_RANGE_BREAKOUT pnl=-1.39% peakPnl=0.26% holdMs=2100000 high=115400.0000 avgPrice=115100.0000 weightedPnl=-1.38% (pending fill)
2026-07-07 15:40:05 INFO  SELL_FILLED_PNL 010950 reason=STOP_LOSS_OPENING_RANGE_BREAKOUT filledQty=86/86 fillRatio=1.00 weightedPnl=-1.38% dailyPnl=-1.38%
2026-07-07 15:40:05 INFO  SELL_FILLED 010950 reason=STOP_LOSS_OPENING_RANGE_BREAKOUT remainingQty=0 phase=NONE exitType=STOPLOSS
2026-07-07 15:40:05 INFO  BUY [KRX] 010120 mode=BREAKOUT price=241500.0000 qty=41 size=1.0000x score=85[A](CONV) | WHY: strongBreakout volBreakout retestOK multiUp vol(2.54x) | VWAP: 1.08%(ABOVE slope=UP) allowedGap=1.50% | TREND: score=3 vel=2.33%/2.11%/2.55% accel=true | VOL: 17204.0000/6777.9000 TO: 4154766000.0000/1612557912.5000 | HIGH: 241500.0000 fromHigh=0.00% | entryNo=1
2026-07-07 15:40:05 INFO  BUY_FILLED 010120 phase=HOLDING
2026-07-07 15:40:05 INFO  SELL_EXECUTED [KRX] 010120 mode=BREAKOUT phase=EXITING exitType=VWAP_BREAK price=238000.0000 qty=41 reason=VWAP_BREAK pnl=-1.45% peakPnl=0.62% holdMs=1680000 high=243000.0000 avgPrice=241500.0000 weightedPnl=-1.44% (pending fill)
2026-07-07 15:40:05 INFO  SELL_FILLED_PNL 010120 reason=VWAP_BREAK filledQty=41/41 fillRatio=1.00 weightedPnl=-1.44% dailyPnl=-1.44%
2026-07-07 15:40:05 INFO  SELL_FILLED 010120 reason=VWAP_BREAK remainingQty=0 phase=NONE exitType=VWAP_BREAK
2026-07-07 15:40:07 INFO  BUY amount set for 032830: 10000000.00
2026-07-07 15:40:07 INFO  BUY [KRX] 032830 mode=BREAKOUT price=236000.0000 qty=42 size=1.0000x score=85[A](CONV) | WHY: strongBreakout volBreakout retestOK multiUp vol(2.73x) | VWAP: 0.58%(ABOVE slope=UP) allowedGap=1.50% | TREND: score=3 vel=0.64%/0.43%/0.43% accel=true | VOL: 2713.0000/994.6875 TO: 640268000.0000/233402093.7500 | HIGH: 236000.0000 fromHigh=0.00% | entryNo=1
2026-07-07 15:40:07 INFO  BUY_FILLED 032830 phase=HOLDING
2026-07-07 15:40:07 INFO  SELL_EXECUTED [KRX] 032830 mode=BREAKOUT phase=EXITING exitType=STOPLOSS price=234500.0000 qty=42 reason=FAILED_BREAKOUT pnl=-0.64% peakPnl=-0.64% holdMs=60000 high=234500.0000 avgPrice=236000.0000 weightedPnl=-0.63% (pending fill)
2026-07-07 15:40:07 INFO  SELL_FILLED_PNL 032830 reason=FAILED_BREAKOUT filledQty=42/42 fillRatio=1.00 weightedPnl=-0.63% dailyPnl=-0.63%
2026-07-07 15:40:07 INFO  SELL_FILLED 032830 reason=FAILED_BREAKOUT remainingQty=0 phase=NONE exitType=STOPLOSS
2026-07-07 15:40:07 INFO  BUY [KRX] 042700 mode=BREAKOUT price=304500.0000 qty=32 size=1.0000x score=85[A](CONV) | WHY: strongBreakout volBreakout retestOK multiUp vol(2.47x) | VWAP: 1.06%(ABOVE slope=UP) allowedGap=1.50% | TREND: score=3 vel=0.83%/0.66%/0.66% accel=true | VOL: 7208.0000/2916.0500 TO: 2194836000.0000/879304575.0000 | HIGH: 304500.0000 fromHigh=0.00% | entryNo=1
2026-07-07 15:40:07 INFO  BUY_FILLED 042700 phase=HOLDING
2026-07-07 15:40:07 INFO  SELL_EXECUTED [KRX] 042700 mode=BREAKOUT phase=EXITING exitType=PROFIT price=311000.0000 qty=32 reason=TAKE_PROFIT_BREAKOUT pnl=2.13% peakPnl=2.13% holdMs=2340000 high=311000.0000 avgPrice=304500.0000 weightedPnl=2.08% (pending fill)
2026-07-07 15:40:07 INFO  SELL_FILLED_PNL 042700 reason=TAKE_PROFIT_BREAKOUT filledQty=32/32 fillRatio=1.00 weightedPnl=2.08% dailyPnl=2.08%
2026-07-07 15:40:07 INFO  SELL_FILLED 042700 reason=TAKE_PROFIT_BREAKOUT remainingQty=0 phase=NONE exitType=PROFIT
2026-07-07 15:40:10 INFO  BUY [KRX] 010950 mode=BREAKOUT price=109000.0000 qty=91 size=1.0000x score=85[A](CONV) | WHY: strongBreakout volBreakout retestOK multiUp vol(2.76x) | VWAP: 1.08%(ABOVE slope=UP) allowedGap=1.50% | TREND: score=3 vel=0.93%/0.55%/0.74% accel=true | VOL: 2325.0000/843.3000 TO: 253192500.0000/90853765.0000 | HIGH: 108900.0000 fromHigh=0.00% | entryNo=1
2026-07-07 15:40:10 INFO  BUY_FILLED 010950 phase=HOLDING
2026-07-07 15:40:10 INFO  SELL_EXECUTED [KRX] 010950 mode=BREAKOUT phase=EXITING exitType=VWAP_BREAK price=107300.0000 qty=91 reason=VWAP_BREAK pnl=-1.47% peakPnl=-0.09% holdMs=1320000 high=108800.0000 avgPrice=108900.0000 weightedPnl=-1.46% (pending fill)
2026-07-07 15:40:10 INFO  SELL_FILLED_PNL 010950 reason=VWAP_BREAK filledQty=91/91 fillRatio=1.00 weightedPnl=-1.46% dailyPnl=-1.46%
2026-07-07 15:40:10 INFO  SELL_FILLED 010950 reason=VWAP_BREAK remainingQty=0 phase=NONE exitType=VWAP_BREAK
2026-07-07 15:40:10 INFO  BUY amount set for 086790: 10000000.00
2026-07-07 15:40:11 INFO  BUY amount set for 018260: 10000000.00
2026-07-07 15:40:11 INFO  BUY amount set for 003490: 10000000.00
2026-07-07 15:40:13 INFO  BUY [KRX] 003490 mode=BREAKOUT price=27300.0000 qty=293 size=0.8000x score=85[A](CONV) | WHY: strongBreakout volBreakout retestOK multiUp vol(2.22x) | VWAP: 0.98%(ABOVE slope=UP) allowedGap=1.50% | TREND: score=3 vel=0.74%/0.55%/0.92% accel=true | VOL: 16805.0000/7584.6000 TO: 458776500.0000/205350090.0000 | HIGH: 27350.0000 fromHigh=-0.18% | entryNo=1
2026-07-07 15:40:13 INFO  BUY_FILLED 003490 phase=HOLDING
2026-07-07 15:40:13 INFO  SELL_EXECUTED [KRX] 003490 mode=BREAKOUT phase=EXITING exitType=VWAP_BREAK price=26900.0000 qty=293 reason=VWAP_BREAK pnl=-1.47% peakPnl=-0.18% holdMs=420000 high=27250.0000 avgPrice=27300.0000 weightedPnl=-1.17% (pending fill)
2026-07-07 15:40:13 INFO  SELL_FILLED_PNL 003490 reason=VWAP_BREAK filledQty=293/293 fillRatio=1.00 weightedPnl=-1.17% dailyPnl=-1.17%
2026-07-07 15:40:13 INFO  SELL_FILLED 003490 reason=VWAP_BREAK remainingQty=0 phase=NONE exitType=VWAP_BREAK
2026-07-07 15:40:14 INFO  BUY [KRX] 003490 mode=OPENING_RANGE_BREAKOUT price=24800.0000 qty=403 size=1.0000x score=63[D] | WHY: vwap=1.00% trend=3 vol(2.25x) | VWAP: 1.00%(ABOVE slope=UP) allowedGap=1.00% | TREND: score=3 vel=0.61%/0.40%/0.20% accel=true | VOL: 25567.0000/11350.2500 TO: 634061600.0000/279895770.0000 | HIGH: 25000.0000 fromHigh=-0.80% | entryNo=1
2026-07-07 15:40:14 INFO  BUY_FILLED 003490 phase=HOLDING
2026-07-07 15:40:14 INFO  SELL_EXECUTED [KRX] 003490 mode=OPENING_RANGE_BREAKOUT phase=EXITING exitType=STOPLOSS price=24350.0000 qty=403 reason=STOP_LOSS_OPENING_RANGE_BREAKOUT pnl=-1.81% peakPnl=-0.40% holdMs=1080000 high=24700.0000 avgPrice=24800.0000 weightedPnl=-1.81% (pending fill)
2026-07-07 15:40:14 INFO  SELL_FILLED_PNL 003490 reason=STOP_LOSS_OPENING_RANGE_BREAKOUT filledQty=403/403 fillRatio=1.00 weightedPnl=-1.81% dailyPnl=-1.81%
2026-07-07 15:40:14 INFO  SELL_FILLED 003490 reason=STOP_LOSS_OPENING_RANGE_BREAKOUT remainingQty=0 phase=NONE exitType=STOPLOSS
2026-07-07 18:32:45 INFO  BUY amount set for 365660: 10000000.00
2026-07-07 18:32:46 INFO  BUY amount set for 042660: 10000000.00
2026-07-07 18:32:46 INFO  BUY amount set for 036930: 10000000.00
2026-07-07 18:32:46 INFO  BUY amount set for 000660: 10000000.00
2026-07-07 18:32:46 INFO  BUY amount set for 002990: 10000000.00
2026-07-07 18:32:46 INFO  BUY amount set for 005930: 10000000.00
2026-07-07 18:32:46 INFO  BUY amount set for 009150: 10000000.00
2026-07-07 18:32:46 INFO  BUY amount set for 402340: 10000000.00
2026-07-07 18:32:46 INFO  BUY amount set for 005935: 10000000.00
2026-07-07 18:32:46 INFO  BUY amount set for 066570: 10000000.00
2026-07-07 18:32:46 INFO  BUY amount set for 034730: 10000000.00
2026-07-07 18:32:46 INFO  BUY amount set for 005380: 10000000.00
2026-07-07 18:32:46 INFO  BUY amount set for 347850: 10000000.00
2026-07-07 18:32:47 INFO  BUY amount set for 105560: 10000000.00
2026-07-07 18:32:47 INFO  BUY amount set for 011070: 10000000.00
2026-07-07 18:32:48 INFO  BUY amount set for 329180: 10000000.00
2026-07-07 18:32:48 INFO  BUY [KRX] 066570 mode=OPENING_RANGE_BREAKOUT price=124500.0000 qty=80 size=1.0000x score=70[D] | WHY: vwap=0.84% trend=3 vol(2.25x) | VWAP: 0.84%(ABOVE slope=UP) allowedGap=1.00% | TREND: score=3 vel=0.16%/0.08%/0.24% accel=true | VOL: 8289.0000/3687.7500 TO: 1031980500.0000/456902175.0000 | HIGH: 124600.0000 fromHigh=-0.08% | entryNo=1
2026-07-07 18:32:48 INFO  BUY_FILLED 066570 phase=HOLDING
2026-07-07 18:32:48 INFO  BUY [KRX] 042660 mode=OPENING_RANGE_BREAKOUT price=129000.0000 qty=77 size=1.0000x score=70[D] | WHY: vwap=0.59% trend=3 vol(2.19x) | VWAP: 0.59%(ABOVE slope=UP) allowedGap=1.00% | TREND: score=3 vel=0.16%/0.08%/0.31% accel=true | VOL: 16858.0000/7695.3500 TO: 2176367800.0000/991021115.0000 | HIGH: 129200.0000 fromHigh=-0.08% | entryNo=1
2026-07-07 18:32:48 INFO  BUY_FILLED 042660 phase=HOLDING
2026-07-07 18:32:48 INFO  SELL_EXECUTED [KRX] 042660 mode=OPENING_RANGE_BREAKOUT phase=EXITING exitType=PROFIT price=132000.0000 qty=77 reason=TAKE_PROFIT_OPENING_RANGE_BREAKOUT pnl=2.09% peakPnl=2.09% holdMs=3000000 high=131800.0000 avgPrice=129100.0000 weightedPnl=2.08% (pending fill)
2026-07-07 18:32:48 INFO  SELL_FILLED_PNL 042660 reason=TAKE_PROFIT_OPENING_RANGE_BREAKOUT filledQty=77/77 fillRatio=1.00 weightedPnl=2.08% dailyPnl=2.08%
2026-07-07 18:32:48 INFO  SELL_FILLED 042660 reason=TAKE_PROFIT_OPENING_RANGE_BREAKOUT remainingQty=0 phase=NONE exitType=PROFIT
2026-07-07 18:32:48 INFO  SELL_EXECUTED [KRX] 066570 mode=OPENING_RANGE_BREAKOUT phase=EXITING exitType=PROFIT price=127000.0000 qty=80 reason=TAKE_PROFIT_OPENING_RANGE_BREAKOUT pnl=2.01% peakPnl=2.01% holdMs=8820000 high=127000.0000 avgPrice=124500.0000 weightedPnl=2.00% (pending fill)
2026-07-07 18:32:48 INFO  SELL_FILLED_PNL 066570 reason=TAKE_PROFIT_OPENING_RANGE_BREAKOUT filledQty=80/80 fillRatio=1.00 weightedPnl=2.00% dailyPnl=2.00%
2026-07-07 18:32:48 INFO  SELL_FILLED 066570 reason=TAKE_PROFIT_OPENING_RANGE_BREAKOUT remainingQty=0 phase=NONE exitType=PROFIT
2026-07-07 18:32:49 INFO  BUY [KRX] 005935 mode=BREAKOUT price=146500.0000 qty=68 size=1.0000x score=80[B] | WHY: strongBreakout volBreakout retestOK multiUp vol(2.32x) | VWAP: 0.69%(ABOVE slope=UP) allowedGap=1.50% | TREND: score=3 vel=0.48%/0.34%/0.34% accel=true | VOL: 23501.0000/10135.7000 TO: 3442896500.0000/1476735565.0000 | HIGH: 146600.0000 fromHigh=-0.07% | entryNo=1
2026-07-07 18:32:49 INFO  BUY_FILLED 005935 phase=HOLDING
2026-07-07 18:32:49 INFO  SELL [EOD_FORCE_SELL] 005935 pnl=-0.07% time=15:30
2026-07-07 18:32:49 INFO  SELL_EXECUTED [KRX] 005935 mode=BREAKOUT phase=EXITING exitType=TIMESTOP price=146400.0000 qty=68 reason=EOD_FORCE_SELL pnl=-0.07% peakPnl=1.16% holdMs=21840000 high=148200.0000 avgPrice=146500.0000 weightedPnl=-0.07% (pending fill)
2026-07-07 18:32:49 INFO  SELL_FILLED_PNL 005935 reason=EOD_FORCE_SELL filledQty=68/68 fillRatio=1.00 weightedPnl=-0.07% dailyPnl=-0.07%
2026-07-07 18:32:49 INFO  SELL_FILLED 005935 reason=EOD_FORCE_SELL remainingQty=0 phase=NONE exitType=TIMESTOP
2026-07-07 18:32:49 INFO  BUY [KRX] 347850 mode=OPENING_RANGE_BREAKOUT price=82400.0000 qty=121 size=1.0000x score=70[D] | WHY: vwap=1.44% trend=3 vol(2.49x) | VWAP: 1.44%(ABOVE slope=UP) allowedGap=1.00% | TREND: score=3 vel=0.73%/0.49%/0.86% accel=true | VOL: 11207.0000/4492.3000 TO: 923456800.0000/368645445.0000 | HIGH: 82800.0000 fromHigh=-0.48% | entryNo=1
2026-07-07 18:32:49 INFO  BUY_FILLED 347850 phase=HOLDING
2026-07-07 18:32:49 INFO  SELL [TRAIL_OPENING_RANGE_BREAKOUT] 347850 pnl=0.61% peakPnl=1.58% high=83700.0000 current=82900.0000
2026-07-07 18:32:49 INFO  SELL_EXECUTED [KRX] 347850 mode=OPENING_RANGE_BREAKOUT phase=EXITING exitType=TRAIL price=82900.0000 qty=121 reason=TRAIL_OPENING_RANGE_BREAKOUT pnl=0.61% peakPnl=1.58% holdMs=600000 high=83700.0000 avgPrice=82400.0000 weightedPnl=0.61% (pending fill)
2026-07-07 18:32:49 INFO  SELL_FILLED_PNL 347850 reason=TRAIL_OPENING_RANGE_BREAKOUT filledQty=121/121 fillRatio=1.00 weightedPnl=0.61% dailyPnl=0.61%
2026-07-07 18:32:49 INFO  SELL_FILLED 347850 reason=TRAIL_OPENING_RANGE_BREAKOUT remainingQty=0 phase=NONE exitType=TRAIL
2026-07-07 18:32:50 INFO  BUY [KRX] 000660 mode=OPENING_RANGE_BREAKOUT price=1284000.0000 qty=7 size=1.0000x score=70[D] | WHY: vwap=0.79% trend=2 vol(2.69x) | VWAP: 0.79%(ABOVE slope=UP) allowedGap=1.00% | TREND: score=2 vel=0.23%/0.20%/0.00% accel=true | VOL: 35373.0000/13145.1000 TO: 45418932000.0000/16846023375.0000 | HIGH: 1286000.0000 fromHigh=-0.16% | entryNo=1
2026-07-07 18:32:50 INFO  BUY_FILLED 000660 phase=HOLDING
2026-07-07 18:32:50 INFO  SELL_EXECUTED [KRX] 000660 mode=OPENING_RANGE_BREAKOUT phase=EXITING exitType=PROFIT price=1312000.0000 qty=7 reason=TAKE_PROFIT_OPENING_RANGE_BREAKOUT pnl=2.18% peakPnl=2.18% holdMs=11580000 high=1312000.0000 avgPrice=1284000.0000 weightedPnl=1.96% (pending fill)
2026-07-07 18:32:50 INFO  SELL_FILLED_PNL 000660 reason=TAKE_PROFIT_OPENING_RANGE_BREAKOUT filledQty=7/7 fillRatio=1.00 weightedPnl=1.96% dailyPnl=1.96%
2026-07-07 18:32:50 INFO  SELL_FILLED 000660 reason=TAKE_PROFIT_OPENING_RANGE_BREAKOUT remainingQty=0 phase=NONE exitType=PROFIT
2026-07-07 18:32:54 INFO  BUY [KRX] 042660 mode=OPENING_RANGE_BREAKOUT price=122000.0000 qty=81 size=1.0000x score=70[D] | WHY: vwap=1.70% trend=3 vol(2.20x) | VWAP: 1.70%(ABOVE slope=UP) allowedGap=1.00% | TREND: score=3 vel=0.50%/0.25%/1.25% accel=true | VOL: 21413.0000/9748.8000 TO: 2608103400.0000/1176352600.0000 | HIGH: 121800.0000 fromHigh=0.00% | entryNo=1
2026-07-07 18:32:54 INFO  BUY_FILLED 042660 phase=HOLDING
2026-07-07 18:32:54 INFO  SELL_EXECUTED [KRX] 042660 mode=OPENING_RANGE_BREAKOUT phase=EXITING exitType=STOPLOSS price=119900.0000 qty=81 reason=STOP_LOSS_OPENING_RANGE_BREAKOUT pnl=-1.56% peakPnl=0.33% holdMs=1860000 high=122200.0000 avgPrice=121800.0000 weightedPnl=-1.54% (pending fill)
2026-07-07 18:32:54 INFO  SELL_FILLED_PNL 042660 reason=STOP_LOSS_OPENING_RANGE_BREAKOUT filledQty=81/81 fillRatio=1.00 weightedPnl=-1.54% dailyPnl=-1.54%
2026-07-07 18:32:54 INFO  SELL_FILLED 042660 reason=STOP_LOSS_OPENING_RANGE_BREAKOUT remainingQty=0 phase=NONE exitType=STOPLOSS
2026-07-07 18:32:54 INFO  BUY [KRX] 005930 mode=OPENING_RANGE_BREAKOUT price=330000.0000 qty=30 size=1.0000x score=70[D] | WHY: vwap=1.34% trend=3 vol(2.38x) | VWAP: 1.34%(ABOVE slope=UP) allowedGap=1.00% | TREND: score=3 vel=0.84%/0.76%/1.54% accel=true | VOL: 373155.0000/156780.8500 TO: 123141150000.0000/51228266787.5000 | HIGH: 330000.0000 fromHigh=0.00% | entryNo=1
2026-07-07 18:32:54 INFO  BUY_FILLED 005930 phase=HOLDING
2026-07-07 18:32:54 INFO  SELL_EXECUTED [KRX] 005930 mode=OPENING_RANGE_BREAKOUT phase=EXITING exitType=PROFIT price=337000.0000 qty=30 reason=TAKE_PROFIT_OPENING_RANGE_BREAKOUT pnl=2.05% peakPnl=2.05% holdMs=1740000 high=336750.0000 avgPrice=330000.0000 weightedPnl=2.03% (pending fill)
2026-07-07 18:32:54 INFO  SELL_FILLED_PNL 005930 reason=TAKE_PROFIT_OPENING_RANGE_BREAKOUT filledQty=30/30 fillRatio=1.00 weightedPnl=2.03% dailyPnl=2.03%
2026-07-07 18:32:54 INFO  SELL_FILLED 005930 reason=TAKE_PROFIT_OPENING_RANGE_BREAKOUT remainingQty=0 phase=NONE exitType=PROFIT
2026-07-07 18:32:54 INFO  BUY [KRX] 005380 mode=BREAKOUT price=640000.0000 qty=15 size=1.0000x score=80[B] | WHY: strongBreakout volBreakout retestOK multiUp vol(3.21x) | VWAP: 1.20%(ABOVE slope=UP) allowedGap=1.50% | TREND: score=3 vel=0.95%/0.79%/1.59% accel=true | VOL: 15219.0000/4739.5000 TO: 9740160000.0000/2999910750.0000 | HIGH: 640000.0000 fromHigh=0.00% | entryNo=1
2026-07-07 18:32:54 INFO  BUY_FILLED 005380 phase=HOLDING
2026-07-07 18:32:54 INFO  SELL_EXECUTED [KRX] 005380 mode=BREAKOUT phase=EXITING exitType=STOPLOSS price=630000.0000 qty=15 reason=STOP_LOSS_BREAKOUT pnl=-1.56% peakPnl=0.47% holdMs=2580000 high=643000.0000 avgPrice=640000.0000 weightedPnl=-1.50% (pending fill)
2026-07-07 18:32:54 INFO  SELL_FILLED_PNL 005380 reason=STOP_LOSS_BREAKOUT filledQty=15/15 fillRatio=1.00 weightedPnl=-1.50% dailyPnl=-1.50%
2026-07-07 18:32:54 INFO  SELL_FILLED 005380 reason=STOP_LOSS_BREAKOUT remainingQty=0 phase=NONE exitType=STOPLOSS
2026-07-07 18:32:55 INFO  BUY [KRX] 105560 mode=OPENING_RANGE_BREAKOUT price=160000.0000 qty=62 size=1.0000x score=70[D] | WHY: vwap=1.46% trend=3 vol(2.65x) | VWAP: 1.46%(ABOVE slope=UP) allowedGap=1.00% | TREND: score=3 vel=0.44%/0.19%/0.69% accel=true | VOL: 14160.0000/5339.7000 TO: 2267016000.0000/848446000.0000 | HIGH: 160100.0000 fromHigh=0.00% | entryNo=1
2026-07-07 18:32:55 INFO  BUY_FILLED 105560 phase=HOLDING
2026-07-07 18:32:56 INFO  SELL [EOD_FORCE_SELL] 105560 pnl=-0.06% time=15:30
2026-07-07 18:32:56 INFO  SELL_EXECUTED [KRX] 105560 mode=OPENING_RANGE_BREAKOUT phase=EXITING exitType=TIMESTOP price=160000.0000 qty=62 reason=EOD_FORCE_SELL pnl=-0.06% peakPnl=0.56% holdMs=20820000 high=161000.0000 avgPrice=160100.0000 weightedPnl=-0.06% (pending fill)
2026-07-07 18:32:56 INFO  SELL_FILLED_PNL 105560 reason=EOD_FORCE_SELL filledQty=62/62 fillRatio=1.00 weightedPnl=-0.06% dailyPnl=-0.06%
2026-07-07 18:32:56 INFO  SELL_FILLED 105560 reason=EOD_FORCE_SELL remainingQty=0 phase=NONE exitType=TIMESTOP
2026-07-07 18:32:57 INFO  BUY amount set for 028260: 10000000.00
2026-07-07 18:32:58 INFO  BUY [KRX] 034730 mode=OPENING_RANGE_BREAKOUT price=742000.0000 qty=13 size=1.0000x score=70[D] | WHY: vwap=1.59% trend=3 vol(2.27x) | VWAP: 1.59%(ABOVE slope=UP) allowedGap=1.00% | TREND: score=3 vel=0.41%/0.27%/0.68% accel=true | VOL: 1935.0000/851.1000 TO: 1435770000.0000/627941150.0000 | HIGH: 743000.0000 fromHigh=-0.13% | entryNo=1
2026-07-07 18:32:58 INFO  BUY_FILLED 034730 phase=HOLDING
2026-07-07 18:32:58 INFO  SELL_EXECUTED [KRX] 034730 mode=OPENING_RANGE_BREAKOUT phase=EXITING exitType=STOPLOSS price=731000.0000 qty=13 reason=STOP_LOSS_OPENING_RANGE_BREAKOUT pnl=-1.48% peakPnl=0.94% holdMs=2700000 high=749000.0000 avgPrice=742000.0000 weightedPnl=-1.43% (pending fill)
2026-07-07 18:32:58 INFO  SELL_FILLED_PNL 034730 reason=STOP_LOSS_OPENING_RANGE_BREAKOUT filledQty=13/13 fillRatio=1.00 weightedPnl=-1.43% dailyPnl=-1.43%
2026-07-07 18:32:58 INFO  SELL_FILLED 034730 reason=STOP_LOSS_OPENING_RANGE_BREAKOUT remainingQty=0 phase=NONE exitType=STOPLOSS
2026-07-07 18:32:58 INFO  BUY amount set for 006400: 10000000.00
2026-07-07 18:32:58 INFO  BUY amount set for 012330: 10000000.00
2026-07-07 18:32:58 INFO  BUY amount set for 035420: 10000000.00
2026-07-07 18:32:59 INFO  BUY [KRX] 035420 mode=OPENING_RANGE_BREAKOUT price=203500.0000 qty=49 size=1.0000x score=68[D] | WHY: vwap=0.49% trend=2 vol(2.20x) | VWAP: 0.49%(ABOVE slope=UP) allowedGap=1.00% | TREND: score=2 vel=0.25%/0.00%/0.49% accel=true | VOL: 4709.0000/2141.0000 TO: 958281500.0000/434591975.0000 | HIGH: 204000.0000 fromHigh=-0.25% | entryNo=1
2026-07-07 18:32:59 INFO  BUY_FILLED 035420 phase=HOLDING
2026-07-07 18:32:59 INFO  BUY amount set for 034020: 10000000.00
2026-07-07 18:32:59 INFO  BUY amount set for 073240: 10000000.00
2026-07-07 18:32:59 INFO  SELL [EOD_FORCE_SELL] 035420 pnl=-0.74% time=15:30
2026-07-07 18:32:59 INFO  SELL_EXECUTED [KRX] 035420 mode=OPENING_RANGE_BREAKOUT phase=EXITING exitType=TIMESTOP price=202000.0000 qty=49 reason=EOD_FORCE_SELL pnl=-0.74% peakPnl=0.74% holdMs=21120000 high=205000.0000 avgPrice=203500.0000 weightedPnl=-0.74% (pending fill)
2026-07-07 18:32:59 INFO  SELL_FILLED_PNL 035420 reason=EOD_FORCE_SELL filledQty=49/49 fillRatio=1.00 weightedPnl=-0.74% dailyPnl=-0.74%
2026-07-07 18:32:59 INFO  SELL_FILLED 035420 reason=EOD_FORCE_SELL remainingQty=0 phase=NONE exitType=TIMESTOP
2026-07-07 18:32:59 INFO  BUY [KRX] 006400 mode=OPENING_RANGE_BREAKOUT price=496000.0000 qty=20 size=1.0000x score=70[D] | WHY: vwap=1.73% trend=3 vol(2.06x) | VWAP: 1.73%(ABOVE slope=UP) allowedGap=1.00% | TREND: score=3 vel=0.81%/0.71%/0.61% accel=true | VOL: 18240.0000/8838.7500 TO: 9047040000.0000/4341798837.5000 | HIGH: 496500.0000 fromHigh=-0.10% | entryNo=1
2026-07-07 18:32:59 INFO  BUY_FILLED 006400 phase=HOLDING
2026-07-07 18:32:59 INFO  SELL_EXECUTED [KRX] 006400 mode=OPENING_RANGE_BREAKOUT phase=EXITING exitType=PROFIT price=507000.0000 qty=20 reason=TAKE_PROFIT_OPENING_RANGE_BREAKOUT pnl=2.22% peakPnl=2.22% holdMs=1800000 high=507000.0000 avgPrice=496000.0000 weightedPnl=2.20% (pending fill)
2026-07-07 18:32:59 INFO  SELL_FILLED_PNL 006400 reason=TAKE_PROFIT_OPENING_RANGE_BREAKOUT filledQty=20/20 fillRatio=1.00 weightedPnl=2.20% dailyPnl=2.20%
2026-07-07 18:32:59 INFO  SELL_FILLED 006400 reason=TAKE_PROFIT_OPENING_RANGE_BREAKOUT remainingQty=0 phase=NONE exitType=PROFIT
2026-07-07 18:33:00 INFO  BUY amount set for 012450: 10000000.00
2026-07-07 18:33:00 INFO  BUY amount set for 352820: 10000000.00
2026-07-07 18:33:00 INFO  BUY amount set for 373220: 10000000.00
2026-07-07 18:33:00 INFO  BUY [KRX] 034020 mode=BREAKOUT price=113000.0000 qty=70 size=0.8000x score=80[B] | WHY: strongBreakout volBreakout retestOK multiUp vol(2.25x) | VWAP: 1.19%(ABOVE slope=UP) allowedGap=1.50% | TREND: score=3 vel=0.67%/0.62%/0.89% accel=true | VOL: 129537.0000/57606.0500 TO: 14637681000.0000/6454970667.5000 | HIGH: 113000.0000 fromHigh=0.00% | entryNo=1
2026-07-07 18:33:00 INFO  BUY_FILLED 034020 phase=HOLDING
2026-07-07 18:33:00 INFO  SELL [TRAIL_BREAKOUT] 034020 pnl=0.09% peakPnl=1.50% high=114700.0000 current=113100.0000
2026-07-07 18:33:00 INFO  SELL_EXECUTED [KRX] 034020 mode=BREAKOUT phase=EXITING exitType=TRAIL price=113100.0000 qty=70 reason=TRAIL_BREAKOUT pnl=0.09% peakPnl=1.50% holdMs=1020000 high=114700.0000 avgPrice=113000.0000 weightedPnl=0.07% (pending fill)
2026-07-07 18:33:00 INFO  SELL_FILLED_PNL 034020 reason=TRAIL_BREAKOUT filledQty=70/70 fillRatio=1.00 weightedPnl=0.07% dailyPnl=0.07%
2026-07-07 18:33:00 INFO  SELL_FILLED 034020 reason=TRAIL_BREAKOUT remainingQty=0 phase=NONE exitType=TRAIL
2026-07-07 18:33:01 INFO  BUY amount set for 298040: 10000000.00
2026-07-07 18:33:01 INFO  BUY amount set for 278470: 10000000.00
2026-07-07 18:33:01 INFO  BUY amount set for 240810: 10000000.00
2026-07-07 18:33:04 INFO  BUY amount set for 000270: 10000000.00
2026-07-07 18:33:04 INFO  BUY [KRX] 240810 mode=BREAKOUT price=117000.0000 qty=85 size=1.0000x score=80[B] | WHY: strongBreakout volBreakout retestOK multiUp vol(2.77x) | VWAP: 0.89%(ABOVE slope=UP) allowedGap=1.50% | TREND: score=3 vel=0.43%/0.34%/0.69% accel=true | VOL: 6302.0000/2271.9500 TO: 738594400.0000/263996225.0000 | HIGH: 117200.0000 fromHigh=0.00% | entryNo=1
2026-07-07 18:33:04 INFO  BUY_FILLED 240810 phase=HOLDING
2026-07-07 18:33:04 INFO  SELL [TRAIL_BREAKOUT] 240810 pnl=0.26% peakPnl=1.54% high=119000.0000 current=117500.0000
2026-07-07 18:33:04 INFO  SELL_EXECUTED [KRX] 240810 mode=BREAKOUT phase=EXITING exitType=TRAIL price=117500.0000 qty=85 reason=TRAIL_BREAKOUT pnl=0.26% peakPnl=1.54% holdMs=2460000 high=119000.0000 avgPrice=117200.0000 weightedPnl=0.25% (pending fill)
2026-07-07 18:33:04 INFO  SELL_FILLED_PNL 240810 reason=TRAIL_BREAKOUT filledQty=85/85 fillRatio=1.00 weightedPnl=0.25% dailyPnl=0.25%
2026-07-07 18:33:04 INFO  SELL_FILLED 240810 reason=TRAIL_BREAKOUT remainingQty=0 phase=NONE exitType=TRAIL
2026-07-07 18:33:04 INFO  BUY [KRX] 006400 mode=OPENING_RANGE_BREAKOUT price=600000.0000 qty=16 size=1.0000x score=70[D] | WHY: vwap=1.33% trend=3 vol(2.83x) | VWAP: 1.33%(ABOVE slope=UP) allowedGap=1.00% | TREND: score=3 vel=0.67%/0.50%/0.17% accel=true | VOL: 3595.0000/1268.9500 TO: 2157000000.0000/758688550.0000 | HIGH: 600000.0000 fromHigh=0.00% | entryNo=1
2026-07-07 18:33:04 INFO  BUY_FILLED 006400 phase=HOLDING
2026-07-07 18:33:04 INFO  SELL_EXECUTED [KRX] 006400 mode=OPENING_RANGE_BREAKOUT phase=EXITING exitType=PROFIT price=612000.0000 qty=16 reason=TAKE_PROFIT_OPENING_RANGE_BREAKOUT pnl=2.00% peakPnl=2.00% holdMs=1800000 high=612000.0000 avgPrice=600000.0000 weightedPnl=1.92% (pending fill)
2026-07-07 18:33:04 INFO  SELL_FILLED_PNL 006400 reason=TAKE_PROFIT_OPENING_RANGE_BREAKOUT filledQty=16/16 fillRatio=1.00 weightedPnl=1.92% dailyPnl=1.92%
2026-07-07 18:33:04 INFO  SELL_FILLED 006400 reason=TAKE_PROFIT_OPENING_RANGE_BREAKOUT remainingQty=0 phase=NONE exitType=PROFIT
2026-07-07 18:33:05 INFO  BUY amount set for 055550: 10000000.00
2026-07-07 18:33:05 INFO  BUY amount set for 267260: 10000000.00
2026-07-07 18:33:10 INFO  BUY [KRX] 267260 mode=OPENING_RANGE_BREAKOUT price=1276000.0000 qty=7 size=1.0000x score=70[D] | WHY: vwap=1.00% trend=3 vol(2.26x) | VWAP: 1.00%(ABOVE slope=UP) allowedGap=1.00% | TREND: score=3 vel=0.16%/0.08%/0.39% accel=true | VOL: 2192.0000/970.1000 TO: 2796992000.0000/1231867100.0000 | HIGH: 1276000.0000 fromHigh=0.00% | entryNo=1
2026-07-07 18:33:10 INFO  BUY_FILLED 267260 phase=HOLDING
2026-07-07 18:33:10 INFO  SELL_EXECUTED [KRX] 267260 mode=OPENING_RANGE_BREAKOUT phase=EXITING exitType=STOPLOSS price=1259000.0000 qty=7 reason=STOP_LOSS_OPENING_RANGE_BREAKOUT pnl=-1.33% peakPnl=1.10% holdMs=3360000 high=1290000.0000 avgPrice=1276000.0000 weightedPnl=-1.19% (pending fill)
2026-07-07 18:33:10 INFO  SELL_FILLED_PNL 267260 reason=STOP_LOSS_OPENING_RANGE_BREAKOUT filledQty=7/7 fillRatio=1.00 weightedPnl=-1.19% dailyPnl=-1.19%
2026-07-07 18:33:10 INFO  SELL_FILLED 267260 reason=STOP_LOSS_OPENING_RANGE_BREAKOUT remainingQty=0 phase=NONE exitType=STOPLOSS
2026-07-07 18:33:11 INFO  BUY amount set for 079550: 10000000.00
2026-07-07 18:33:11 INFO  BUY amount set for 003230: 10000000.00
2026-07-07 18:33:12 INFO  BUY amount set for 010120: 10000000.00
2026-07-07 18:33:12 INFO  BUY amount set for 475150: 10000000.00
2026-07-07 18:33:12 INFO  BUY [KRX] 003230 mode=OPENING_RANGE_BREAKOUT price=1222000.0000 qty=8 size=1.0000x score=70[D] | WHY: vwap=0.95% trend=3 vol(2.03x) | VWAP: 0.95%(ABOVE slope=UP) allowedGap=1.00% | TREND: score=3 vel=0.16%/0.08%/0.41% accel=true | VOL: 293.0000/144.5000 TO: 358046000.0000/175956000.0000 | HIGH: 1223000.0000 fromHigh=-0.08% | entryNo=1
2026-07-07 18:33:12 INFO  BUY_FILLED 003230 phase=HOLDING
2026-07-07 18:33:12 INFO  BUY amount set for 010950: 10000000.00
2026-07-07 18:33:12 INFO  SELL [EOD_FORCE_SELL] 003230 pnl=1.31% time=15:30
2026-07-07 18:33:12 INFO  SELL_EXECUTED [KRX] 003230 mode=OPENING_RANGE_BREAKOUT phase=EXITING exitType=TIMESTOP price=1238000.0000 qty=8 reason=EOD_FORCE_SELL pnl=1.31% peakPnl=1.80% holdMs=20700000 high=1244000.0000 avgPrice=1222000.0000 weightedPnl=1.28% (pending fill)
2026-07-07 18:33:12 INFO  SELL_FILLED_PNL 003230 reason=EOD_FORCE_SELL filledQty=8/8 fillRatio=1.00 weightedPnl=1.28% dailyPnl=1.28%
2026-07-07 18:33:12 INFO  SELL_FILLED 003230 reason=EOD_FORCE_SELL remainingQty=0 phase=NONE exitType=TIMESTOP
2026-07-07 18:33:12 INFO  BUY amount set for 064350: 10000000.00
2026-07-07 18:33:12 INFO  BUY amount set for 403870: 10000000.00
2026-07-07 18:33:12 INFO  BUY amount set for 080220: 10000000.00
2026-07-07 18:33:13 INFO  BUY [KRX] 010120 mode=BREAKOUT price=190500.0000 qty=52 size=1.0000x score=80[B] | WHY: strongBreakout volBreakout retestOK multiUp vol(3.03x) | VWAP: 0.89%(ABOVE slope=UP) allowedGap=1.50% | TREND: score=3 vel=0.21%/0.16%/0.63% accel=true | VOL: 12394.0000/4090.5000 TO: 2358578200.0000/775071965.0000 | HIGH: 190500.0000 fromHigh=-0.10% | entryNo=1
2026-07-07 18:33:13 INFO  BUY_FILLED 010120 phase=HOLDING
2026-07-07 18:33:13 INFO  SELL_EXECUTED [KRX] 010120 mode=BREAKOUT phase=EXITING exitType=VWAP_BREAK price=187500.0000 qty=52 reason=VWAP_BREAK pnl=-1.47% peakPnl=0.68% holdMs=12780000 high=191600.0000 avgPrice=190300.0000 weightedPnl=-1.46% (pending fill)
2026-07-07 18:33:13 INFO  SELL_FILLED_PNL 010120 reason=VWAP_BREAK filledQty=52/52 fillRatio=1.00 weightedPnl=-1.46% dailyPnl=-1.46%
2026-07-07 18:33:13 INFO  SELL_FILLED 010120 reason=VWAP_BREAK remainingQty=0 phase=NONE exitType=VWAP_BREAK
2026-07-07 18:33:14 INFO  BUY amount set for 477850: 10000000.00
2026-07-07 18:33:14 INFO  BUY [KRX] 010120 mode=OPENING_RANGE_BREAKOUT price=225000.0000 qty=44 size=1.0000x score=68[D] | WHY: vwap=1.46% trend=3 vol(2.41x) | VWAP: 1.46%(ABOVE slope=UP) allowedGap=1.00% | TREND: score=3 vel=0.67%/0.22%/0.90% accel=true | VOL: 21307.0000/8830.1500 TO: 4794075000.0000/1968444000.0000 | HIGH: 225500.0000 fromHigh=-0.22% | entryNo=1
2026-07-07 18:33:14 INFO  BUY_FILLED 010120 phase=HOLDING
2026-07-07 18:33:14 INFO  SELL_EXECUTED [KRX] 010120 mode=OPENING_RANGE_BREAKOUT phase=EXITING exitType=PROFIT price=229500.0000 qty=44 reason=TAKE_PROFIT_OPENING_RANGE_BREAKOUT pnl=2.00% peakPnl=2.00% holdMs=300000 high=229500.0000 avgPrice=225000.0000 weightedPnl=1.98% (pending fill)
2026-07-07 18:33:14 INFO  SELL_FILLED_PNL 010120 reason=TAKE_PROFIT_OPENING_RANGE_BREAKOUT filledQty=44/44 fillRatio=1.00 weightedPnl=1.98% dailyPnl=1.98%
2026-07-07 18:33:14 INFO  SELL_FILLED 010120 reason=TAKE_PROFIT_OPENING_RANGE_BREAKOUT remainingQty=0 phase=NONE exitType=PROFIT
2026-07-07 18:33:16 INFO  BUY amount set for 353200: 10000000.00
2026-07-07 18:33:17 INFO  BUY [KRX] 010950 mode=OPENING_RANGE_BREAKOUT price=115000.0000 qty=86 size=1.0000x score=70[D] | WHY: vwap=1.72% trend=3 vol(2.45x) | VWAP: 1.72%(ABOVE slope=UP) allowedGap=1.00% | TREND: score=3 vel=0.52%/0.35%/0.88% accel=true | VOL: 10592.0000/4315.5500 TO: 1219139200.0000/491073160.0000 | HIGH: 115300.0000 fromHigh=-0.17% | entryNo=1
2026-07-07 18:33:17 INFO  BUY_FILLED 010950 phase=HOLDING
2026-07-07 18:33:17 INFO  SELL_EXECUTED [KRX] 010950 mode=OPENING_RANGE_BREAKOUT phase=EXITING exitType=STOPLOSS price=113500.0000 qty=86 reason=STOP_LOSS_OPENING_RANGE_BREAKOUT pnl=-1.39% peakPnl=0.26% holdMs=2100000 high=115400.0000 avgPrice=115100.0000 weightedPnl=-1.38% (pending fill)
2026-07-07 18:33:17 INFO  SELL_FILLED_PNL 010950 reason=STOP_LOSS_OPENING_RANGE_BREAKOUT filledQty=86/86 fillRatio=1.00 weightedPnl=-1.38% dailyPnl=-1.38%
2026-07-07 18:33:17 INFO  SELL_FILLED 010950 reason=STOP_LOSS_OPENING_RANGE_BREAKOUT remainingQty=0 phase=NONE exitType=STOPLOSS
2026-07-07 18:33:17 INFO  BUY amount set for 032830: 10000000.00
2026-07-07 18:33:17 INFO  BUY amount set for 319660: 10000000.00
2026-07-07 18:33:18 INFO  BUY [KRX] 055550 mode=OPENING_RANGE_BREAKOUT price=101500.0000 qty=98 size=1.0000x score=70[D] | WHY: vwap=1.61% trend=3 vol(2.05x) | VWAP: 1.61%(ABOVE slope=UP) allowedGap=1.00% | TREND: score=3 vel=0.60%/0.50%/0.70% accel=true | VOL: 4363.0000/2131.1500 TO: 442408200.0000/215429795.0000 | HIGH: 101500.0000 fromHigh=-0.10% | entryNo=1
2026-07-07 18:33:18 INFO  BUY_FILLED 055550 phase=HOLDING
2026-07-07 18:33:18 INFO  SELL [TRAIL_OPENING_RANGE_BREAKOUT] 055550 pnl=1.18% peakPnl=1.87% high=103300.0000 current=102600.0000
2026-07-07 18:33:18 INFO  SELL_EXECUTED [KRX] 055550 mode=OPENING_RANGE_BREAKOUT phase=EXITING exitType=TRAIL price=102600.0000 qty=98 reason=TRAIL_OPENING_RANGE_BREAKOUT pnl=1.18% peakPnl=1.87% holdMs=4200000 high=103300.0000 avgPrice=101400.0000 weightedPnl=1.18% (pending fill)
2026-07-07 18:33:18 INFO  SELL_FILLED_PNL 055550 reason=TRAIL_OPENING_RANGE_BREAKOUT filledQty=98/98 fillRatio=1.00 weightedPnl=1.18% dailyPnl=1.18%
2026-07-07 18:33:18 INFO  SELL_FILLED 055550 reason=TRAIL_OPENING_RANGE_BREAKOUT remainingQty=0 phase=NONE exitType=TRAIL
2026-07-07 18:33:21 INFO  BUY amount set for 042700: 10000000.00
2026-07-07 18:33:23 INFO  BUY amount set for 196170: 10000000.00
2026-07-07 18:33:23 INFO  BUY amount set for 086790: 10000000.00
2026-07-07 18:33:24 INFO  BUY amount set for 006360: 10000000.00
2026-07-07 18:33:24 INFO  BUY amount set for 018260: 10000000.00
2026-07-07 18:33:24 INFO  BUY amount set for 068270: 10000000.00
2026-07-07 18:33:25 INFO  BUY amount set for 095610: 10000000.00
2026-07-07 18:33:25 INFO  BUY [KRX] 196170 mode=OPENING_RANGE_BREAKOUT price=369000.0000 qty=27 size=1.0000x score=65[D] | WHY: vwap=0.52% trend=2 vol(2.00x) | VWAP: 0.52%(ABOVE slope=UP) allowedGap=1.00% | TREND: score=2 vel=0.14%/0.00%/0.41% accel=true | VOL: 1218.0000/608.5500 TO: 449442000.0000/223640275.0000 | HIGH: 369500.0000 fromHigh=-0.14% | entryNo=1
2026-07-07 18:33:25 INFO  BUY_FILLED 196170 phase=HOLDING
2026-07-07 18:33:25 INFO  SELL [TRAIL_OPENING_RANGE_BREAKOUT] 196170 pnl=1.22% peakPnl=1.90% high=376000.0000 current=373500.0000
2026-07-07 18:33:25 INFO  SELL_EXECUTED [KRX] 196170 mode=OPENING_RANGE_BREAKOUT phase=EXITING exitType=TRAIL price=373500.0000 qty=27 reason=TRAIL_OPENING_RANGE_BREAKOUT pnl=1.22% peakPnl=1.90% holdMs=420000 high=376000.0000 avgPrice=369000.0000 weightedPnl=1.21% (pending fill)
2026-07-07 18:33:25 INFO  SELL_FILLED_PNL 196170 reason=TRAIL_OPENING_RANGE_BREAKOUT filledQty=27/27 fillRatio=1.00 weightedPnl=1.21% dailyPnl=1.21%
2026-07-07 18:33:25 INFO  SELL_FILLED 196170 reason=TRAIL_OPENING_RANGE_BREAKOUT remainingQty=0 phase=NONE exitType=TRAIL
2026-07-07 18:33:30 INFO  BUY [KRX] 006360 mode=BREAKOUT price=25250.0000 qty=396 size=1.0000x score=80[B] | WHY: strongBreakout volBreakout retestOK multiUp vol(2.99x) | VWAP: 0.45%(ABOVE slope=UP) allowedGap=1.50% | TREND: score=3 vel=0.60%/0.40%/0.80% accel=true | VOL: 11777.0000/3932.9000 TO: 297369250.0000/98692572.5000 | HIGH: 25250.0000 fromHigh=0.00% | entryNo=1
2026-07-07 18:33:30 INFO  BUY_FILLED 006360 phase=HOLDING
2026-07-07 18:33:30 INFO  SELL_EXECUTED [KRX] 006360 mode=BREAKOUT phase=EXITING exitType=STOPLOSS price=25100.0000 qty=396 reason=FAILED_BREAKOUT pnl=-0.59% peakPnl=-0.59% holdMs=60000 high=25100.0000 avgPrice=25250.0000 weightedPnl=-0.59% (pending fill)
2026-07-07 18:33:30 INFO  SELL_FILLED_PNL 006360 reason=FAILED_BREAKOUT filledQty=396/396 fillRatio=1.00 weightedPnl=-0.59% dailyPnl=-0.59%
2026-07-07 18:33:30 INFO  SELL_FILLED 006360 reason=FAILED_BREAKOUT remainingQty=0 phase=NONE exitType=STOPLOSS
2026-07-07 18:33:31 INFO  BUY [KRX] 068270 mode=BREAKOUT price=173500.0000 qty=46 size=0.8000x score=80[B] | WHY: strongBreakout volBreakout retestOK multiUp vol(2.10x) | VWAP: 0.60%(ABOVE slope=UP) allowedGap=1.50% | TREND: score=3 vel=0.35%/0.29%/0.35% accel=true | VOL: 3340.0000/1588.8000 TO: 579490000.0000/273576735.0000 | HIGH: 173500.0000 fromHigh=0.00% | entryNo=1
2026-07-07 18:33:31 INFO  BUY_FILLED 068270 phase=HOLDING
2026-07-07 18:33:31 INFO  SELL_EXECUTED [KRX] 068270 mode=BREAKOUT phase=EXITING exitType=STOPLOSS price=172000.0000 qty=46 reason=FAILED_BREAKOUT pnl=-0.86% peakPnl=-0.06% holdMs=300000 high=173400.0000 avgPrice=173500.0000 weightedPnl=-0.69% (pending fill)
2026-07-07 18:33:31 INFO  SELL_FILLED_PNL 068270 reason=FAILED_BREAKOUT filledQty=46/46 fillRatio=1.00 weightedPnl=-0.69% dailyPnl=-0.69%
2026-07-07 18:33:31 INFO  SELL_FILLED 068270 reason=FAILED_BREAKOUT remainingQty=0 phase=NONE exitType=STOPLOSS
2026-07-07 18:33:31 INFO  BUY [KRX] 068270 mode=OPENING_RANGE_BREAKOUT price=163500.0000 qty=61 size=1.0000x score=65[D] | WHY: vwap=1.29% trend=3 vol(2.01x) | VWAP: 1.29%(ABOVE slope=UP) allowedGap=1.00% | TREND: score=3 vel=0.25%/0.18%/0.80% accel=true | VOL: 3567.0000/1774.5000 TO: 583204500.0000/287743505.0000 | HIGH: 163700.0000 fromHigh=-0.12% | entryNo=1
2026-07-07 18:33:31 INFO  BUY_FILLED 068270 phase=HOLDING
2026-07-07 18:33:31 INFO  SELL_EXECUTED [KRX] 068270 mode=OPENING_RANGE_BREAKOUT phase=EXITING exitType=PROFIT price=167000.0000 qty=61 reason=TAKE_PROFIT_OPENING_RANGE_BREAKOUT pnl=2.14% peakPnl=2.14% holdMs=1620000 high=167000.0000 avgPrice=163500.0000 weightedPnl=2.14% (pending fill)
2026-07-07 18:33:31 INFO  SELL_FILLED_PNL 068270 reason=TAKE_PROFIT_OPENING_RANGE_BREAKOUT filledQty=61/61 fillRatio=1.00 weightedPnl=2.14% dailyPnl=2.14%
2026-07-07 18:33:31 INFO  SELL_FILLED 068270 reason=TAKE_PROFIT_OPENING_RANGE_BREAKOUT remainingQty=0 phase=NONE exitType=PROFIT
2026-07-07 18:33:31 INFO  BUY [KRX] 068270 mode=BREAKOUT price=173000.0000 qty=57 size=1.0000x score=80[B] | WHY: strongBreakout volBreakout retestOK multiUp vol(3.24x) | VWAP: 1.21%(ABOVE slope=UP) allowedGap=1.50% | TREND: score=3 vel=0.64%/0.58%/1.35% accel=true | VOL: 10902.0000/3369.7500 TO: 1886046000.0000/578291445.0000 | HIGH: 173100.0000 fromHigh=-0.06% | entryNo=1
2026-07-07 18:33:31 INFO  BUY_FILLED 068270 phase=HOLDING
2026-07-07 18:33:31 INFO  SELL_EXECUTED [KRX] 068270 mode=BREAKOUT phase=EXITING exitType=PROFIT price=176500.0000 qty=57 reason=TAKE_PROFIT_BREAKOUT pnl=2.02% peakPnl=2.02% holdMs=8460000 high=176500.0000 avgPrice=173000.0000 weightedPnl=1.99% (pending fill)
2026-07-07 18:33:31 INFO  SELL_FILLED_PNL 068270 reason=TAKE_PROFIT_BREAKOUT filledQty=57/57 fillRatio=1.00 weightedPnl=1.99% dailyPnl=1.99%
2026-07-07 18:33:31 INFO  SELL_FILLED 068270 reason=TAKE_PROFIT_BREAKOUT remainingQty=0 phase=NONE exitType=PROFIT
