2026-07-09 10:12:46 INFO  BUY amount set for 477850: 10000000.00
2026-07-09 10:12:46 INFO  BUY amount set for 005930: 10000000.00
2026-07-09 10:12:46 INFO  BUY amount set for 000660: 10000000.00
2026-07-09 10:12:46 INFO  BUY amount set for 002990: 10000000.00
2026-07-09 10:12:46 INFO  BUY amount set for 032830: 10000000.00
2026-07-09 10:12:46 INFO  BUY amount set for 042660: 10000000.00
2026-07-09 10:12:46 INFO  BUY amount set for 267260: 10000000.00
2026-07-09 10:12:46 INFO  BUY amount set for 010120: 10000000.00
2026-07-09 10:12:46 INFO  BUY amount set for 005935: 10000000.00
2026-07-09 10:12:46 INFO  BUY amount set for 036930: 10000000.00
2026-07-09 10:12:47 INFO  BUY amount set for 034020: 10000000.00
2026-07-09 10:12:46 INFO  BUY amount set for 005380: 10000000.00
2026-07-09 10:12:46 INFO  BUY amount set for 402340: 10000000.00
2026-07-09 10:12:47 INFO  BUY amount set for 066570: 10000000.00
2026-07-09 10:12:47 INFO  BUY amount set for 009150: 10000000.00
2026-07-09 10:12:48 INFO  BUY [KRX] 010120 mode=OPENING_RANGE_BREAKOUT price=191500.0000 qty=52 size=1.0000x score=70[D] | WHY: vwap=1.36% trend=3 vol(2.55x) | VWAP: 1.36%(ABOVE slope=UP) allowedGap=1.00% | TREND: score=3 vel=0.68%/0.63%/0.79% accel=true | VOL: 11327.0000/4444.7500 TO: 2167987800.0000/844421650.0000 | HIGH: 191500.0000 fromHigh=-0.05% | entryNo=1
2026-07-09 10:12:48 INFO  BUY_FILLED 010120 phase=HOLDING
2026-07-09 10:12:48 INFO  BUY [KRX] 042660 mode=OPENING_RANGE_BREAKOUT price=129000.0000 qty=77 size=1.0000x score=70[D] | WHY: vwap=0.59% trend=3 vol(2.19x) | VWAP: 0.59%(ABOVE slope=UP) allowedGap=1.00% | TREND: score=3 vel=0.16%/0.08%/0.31% accel=true | VOL: 16858.0000/7695.3500 TO: 2176367800.0000/991021115.0000 | HIGH: 129200.0000 fromHigh=-0.08% | entryNo=1
2026-07-09 10:12:48 INFO  SELL_EXECUTED [KRX] 010120 mode=OPENING_RANGE_BREAKOUT phase=EXITING exitType=STOPLOSS price=188900.0000 qty=52 reason=STOP_LOSS_OPENING_RANGE_BREAKOUT pnl=-1.31% peakPnl=0.10% holdMs=9420000 high=191600.0000 avgPrice=191400.0000 weightedPnl=-1.30% (pending fill)
2026-07-09 10:12:48 INFO  BUY_FILLED 042660 phase=HOLDING
2026-07-09 10:12:48 INFO  SELL_FILLED_PNL 010120 reason=STOP_LOSS_OPENING_RANGE_BREAKOUT filledQty=52/52 fillRatio=1.00 weightedPnl=-1.30% dailyPnl=-1.30%
2026-07-09 10:12:48 INFO  SELL_FILLED 010120 reason=STOP_LOSS_OPENING_RANGE_BREAKOUT remainingQty=0 phase=NONE exitType=STOPLOSS
2026-07-09 10:12:48 INFO  SELL_EXECUTED [KRX] 042660 mode=OPENING_RANGE_BREAKOUT phase=EXITING exitType=PROFIT price=132000.0000 qty=77 reason=TAKE_PROFIT_OPENING_RANGE_BREAKOUT pnl=2.09% peakPnl=2.09% holdMs=3000000 high=131800.0000 avgPrice=129100.0000 weightedPnl=2.08% (pending fill)
2026-07-09 10:12:48 INFO  SELL_FILLED_PNL 042660 reason=TAKE_PROFIT_OPENING_RANGE_BREAKOUT filledQty=77/77 fillRatio=1.00 weightedPnl=2.08% dailyPnl=2.08%
2026-07-09 10:12:48 INFO  SELL_FILLED 042660 reason=TAKE_PROFIT_OPENING_RANGE_BREAKOUT remainingQty=0 phase=NONE exitType=PROFIT
2026-07-09 10:12:49 INFO  BUY [KRX] 066570 mode=OPENING_RANGE_BREAKOUT price=124500.0000 qty=80 size=1.0000x score=70[D] | WHY: vwap=0.84% trend=3 vol(2.25x) | VWAP: 0.84%(ABOVE slope=UP) allowedGap=1.00% | TREND: score=3 vel=0.16%/0.08%/0.24% accel=true | VOL: 8289.0000/3687.7500 TO: 1031980500.0000/456902175.0000 | HIGH: 124600.0000 fromHigh=-0.08% | entryNo=1
2026-07-09 10:12:49 INFO  BUY_FILLED 066570 phase=HOLDING
2026-07-09 10:12:49 INFO  SELL_EXECUTED [KRX] 066570 mode=OPENING_RANGE_BREAKOUT phase=EXITING exitType=PROFIT price=127000.0000 qty=80 reason=TAKE_PROFIT_OPENING_RANGE_BREAKOUT pnl=2.01% peakPnl=2.01% holdMs=8820000 high=127000.0000 avgPrice=124500.0000 weightedPnl=2.00% (pending fill)
2026-07-09 10:12:49 INFO  SELL_FILLED_PNL 066570 reason=TAKE_PROFIT_OPENING_RANGE_BREAKOUT filledQty=80/80 fillRatio=1.00 weightedPnl=2.00% dailyPnl=2.00%
2026-07-09 10:12:49 INFO  SELL_FILLED 066570 reason=TAKE_PROFIT_OPENING_RANGE_BREAKOUT remainingQty=0 phase=NONE exitType=PROFIT
2026-07-09 10:12:50 INFO  BUY [KRX] 000660 mode=OPENING_RANGE_BREAKOUT price=1284000.0000 qty=7 size=1.0000x score=70[D] | WHY: vwap=0.79% trend=2 vol(2.69x) | VWAP: 0.79%(ABOVE slope=UP) allowedGap=1.00% | TREND: score=2 vel=0.23%/0.20%/0.00% accel=true | VOL: 35373.0000/13145.1000 TO: 45418932000.0000/16846023375.0000 | HIGH: 1286000.0000 fromHigh=-0.16% | entryNo=1
2026-07-09 10:12:50 INFO  BUY_FILLED 000660 phase=HOLDING
2026-07-09 10:12:50 INFO  BUY [KRX] 005380 mode=OPENING_RANGE_BREAKOUT price=539000.0000 qty=18 size=1.0000x score=60[D] | WHY: vwap=1.37% trend=2 vol(3.33x) | VWAP: 1.37%(ABOVE slope=UP) allowedGap=1.00% | TREND: score=2 vel=0.19%/0.00%/0.47% accel=true | VOL: 10470.0000/3140.3000 TO: 5643330000.0000/1685958650.0000 | HIGH: 539000.0000 fromHigh=0.00% | entryNo=1
2026-07-09 10:12:50 INFO  BUY_FILLED 005380 phase=HOLDING
2026-07-09 10:12:50 INFO  SELL_EXECUTED [KRX] 000660 mode=OPENING_RANGE_BREAKOUT phase=EXITING exitType=PROFIT price=1312000.0000 qty=7 reason=TAKE_PROFIT_OPENING_RANGE_BREAKOUT pnl=2.18% peakPnl=2.18% holdMs=11580000 high=1312000.0000 avgPrice=1284000.0000 weightedPnl=1.96% (pending fill)
2026-07-09 10:12:50 INFO  SELL_FILLED_PNL 000660 reason=TAKE_PROFIT_OPENING_RANGE_BREAKOUT filledQty=7/7 fillRatio=1.00 weightedPnl=1.96% dailyPnl=1.96%
2026-07-09 10:12:50 INFO  SELL_FILLED 000660 reason=TAKE_PROFIT_OPENING_RANGE_BREAKOUT remainingQty=0 phase=NONE exitType=PROFIT
2026-07-09 10:12:50 INFO  SELL_EXECUTED [KRX] 005380 mode=OPENING_RANGE_BREAKOUT phase=EXITING exitType=STOPLOSS price=531000.0000 qty=18 reason=STOP_LOSS_OPENING_RANGE_BREAKOUT pnl=-1.48% peakPnl=0.19% holdMs=8520000 high=540000.0000 avgPrice=539000.0000 weightedPnl=-1.44% (pending fill)
2026-07-09 10:12:50 INFO  SELL_FILLED_PNL 005380 reason=STOP_LOSS_OPENING_RANGE_BREAKOUT filledQty=18/18 fillRatio=1.00 weightedPnl=-1.44% dailyPnl=-1.44%
2026-07-09 10:12:50 INFO  SELL_FILLED 005380 reason=STOP_LOSS_OPENING_RANGE_BREAKOUT remainingQty=0 phase=NONE exitType=STOPLOSS
2026-07-09 10:12:50 INFO  BUY [KRX] 267260 mode=OPENING_RANGE_BREAKOUT price=1276000.0000 qty=7 size=1.0000x score=70[D] | WHY: vwap=1.00% trend=3 vol(2.26x) | VWAP: 1.00%(ABOVE slope=UP) allowedGap=1.00% | TREND: score=3 vel=0.16%/0.08%/0.39% accel=true | VOL: 2192.0000/970.1000 TO: 2796992000.0000/1231867100.0000 | HIGH: 1276000.0000 fromHigh=0.00% | entryNo=1
2026-07-09 10:12:50 INFO  BUY_FILLED 267260 phase=HOLDING
2026-07-09 10:12:50 INFO  SELL_EXECUTED [KRX] 267260 mode=OPENING_RANGE_BREAKOUT phase=EXITING exitType=STOPLOSS price=1259000.0000 qty=7 reason=STOP_LOSS_OPENING_RANGE_BREAKOUT pnl=-1.33% peakPnl=1.10% holdMs=3360000 high=1290000.0000 avgPrice=1276000.0000 weightedPnl=-1.19% (pending fill)
2026-07-09 10:12:50 INFO  SELL_FILLED_PNL 267260 reason=STOP_LOSS_OPENING_RANGE_BREAKOUT filledQty=7/7 fillRatio=1.00 weightedPnl=-1.19% dailyPnl=-1.19%
2026-07-09 10:12:50 INFO  SELL_FILLED 267260 reason=STOP_LOSS_OPENING_RANGE_BREAKOUT remainingQty=0 phase=NONE exitType=STOPLOSS
2026-07-09 10:12:53 INFO  BUY [KRX] 042660 mode=OPENING_RANGE_BREAKOUT price=122000.0000 qty=81 size=1.0000x score=70[D] | WHY: vwap=1.70% trend=3 vol(2.20x) | VWAP: 1.70%(ABOVE slope=UP) allowedGap=1.00% | TREND: score=3 vel=0.50%/0.25%/1.25% accel=true | VOL: 21413.0000/9748.8000 TO: 2608103400.0000/1176352600.0000 | HIGH: 121800.0000 fromHigh=0.00% | entryNo=1
2026-07-09 10:12:53 INFO  BUY_FILLED 042660 phase=HOLDING
2026-07-09 10:12:53 INFO  SELL_EXECUTED [KRX] 042660 mode=OPENING_RANGE_BREAKOUT phase=EXITING exitType=STOPLOSS price=119900.0000 qty=81 reason=STOP_LOSS_OPENING_RANGE_BREAKOUT pnl=-1.56% peakPnl=0.33% holdMs=1860000 high=122200.0000 avgPrice=121800.0000 weightedPnl=-1.54% (pending fill)
2026-07-09 10:12:53 INFO  SELL_FILLED_PNL 042660 reason=STOP_LOSS_OPENING_RANGE_BREAKOUT filledQty=81/81 fillRatio=1.00 weightedPnl=-1.54% dailyPnl=-1.54%
2026-07-09 10:12:53 INFO  SELL_FILLED 042660 reason=STOP_LOSS_OPENING_RANGE_BREAKOUT remainingQty=0 phase=NONE exitType=STOPLOSS
2026-07-09 10:12:54 INFO  BUY [KRX] 005930 mode=OPENING_RANGE_BREAKOUT price=330000.0000 qty=30 size=1.0000x score=70[D] | WHY: vwap=1.34% trend=3 vol(2.38x) | VWAP: 1.34%(ABOVE slope=UP) allowedGap=1.00% | TREND: score=3 vel=0.84%/0.76%/1.54% accel=true | VOL: 373155.0000/156780.8500 TO: 123141150000.0000/51228266787.5000 | HIGH: 330000.0000 fromHigh=0.00% | entryNo=1
2026-07-09 10:12:54 INFO  BUY_FILLED 005930 phase=HOLDING
2026-07-09 10:12:54 INFO  SELL_EXECUTED [KRX] 005930 mode=OPENING_RANGE_BREAKOUT phase=EXITING exitType=PROFIT price=337000.0000 qty=30 reason=TAKE_PROFIT_OPENING_RANGE_BREAKOUT pnl=2.05% peakPnl=2.05% holdMs=1740000 high=336750.0000 avgPrice=330000.0000 weightedPnl=2.03% (pending fill)
2026-07-09 10:12:54 INFO  SELL_FILLED_PNL 005930 reason=TAKE_PROFIT_OPENING_RANGE_BREAKOUT filledQty=30/30 fillRatio=1.00 weightedPnl=2.03% dailyPnl=2.03%
2026-07-09 10:12:54 INFO  SELL_FILLED 005930 reason=TAKE_PROFIT_OPENING_RANGE_BREAKOUT remainingQty=0 phase=NONE exitType=PROFIT
2026-07-09 10:12:56 INFO  BUY amount set for 042700: 10000000.00
2026-07-09 10:12:58 INFO  BUY amount set for 058730: 10000000.00
2026-07-09 10:12:59 INFO  BUY amount set for 263800: 10000000.00
2026-07-09 10:12:59 INFO  BUY amount set for 011070: 10000000.00
2026-07-09 10:12:59 INFO  BUY amount set for 298040: 10000000.00
2026-07-09 10:13:00 INFO  BUY amount set for 006400: 10000000.00
2026-07-09 10:13:00 INFO  BUY amount set for 365660: 10000000.00
2026-07-09 10:13:00 INFO  BUY amount set for 105560: 10000000.00
2026-07-09 10:13:00 INFO  BUY amount set for 028260: 10000000.00
2026-07-09 10:13:01 INFO  BUY [KRX] 006400 mode=OPENING_RANGE_BREAKOUT price=496000.0000 qty=20 size=1.0000x score=70[D] | WHY: vwap=1.73% trend=3 vol(2.06x) | VWAP: 1.73%(ABOVE slope=UP) allowedGap=1.00% | TREND: score=3 vel=0.81%/0.71%/0.61% accel=true | VOL: 18240.0000/8838.7500 TO: 9047040000.0000/4341798837.5000 | HIGH: 496500.0000 fromHigh=-0.10% | entryNo=1
2026-07-09 10:13:01 INFO  BUY_FILLED 006400 phase=HOLDING
2026-07-09 10:13:01 INFO  SELL_EXECUTED [KRX] 006400 mode=OPENING_RANGE_BREAKOUT phase=EXITING exitType=PROFIT price=507000.0000 qty=20 reason=TAKE_PROFIT_OPENING_RANGE_BREAKOUT pnl=2.22% peakPnl=2.22% holdMs=1800000 high=507000.0000 avgPrice=496000.0000 weightedPnl=2.20% (pending fill)
2026-07-09 10:13:01 INFO  SELL_FILLED_PNL 006400 reason=TAKE_PROFIT_OPENING_RANGE_BREAKOUT filledQty=20/20 fillRatio=1.00 weightedPnl=2.20% dailyPnl=2.20%
2026-07-09 10:13:01 INFO  SELL_FILLED 006400 reason=TAKE_PROFIT_OPENING_RANGE_BREAKOUT remainingQty=0 phase=NONE exitType=PROFIT
2026-07-09 10:13:01 INFO  BUY amount set for 001210: 10000000.00
2026-07-09 10:13:02 INFO  BUY amount set for 035420: 10000000.00
2026-07-09 10:13:02 INFO  BUY [KRX] 035420 mode=OPENING_RANGE_BREAKOUT price=203500.0000 qty=49 size=1.0000x score=68[D] | WHY: vwap=0.49% trend=2 vol(2.20x) | VWAP: 0.49%(ABOVE slope=UP) allowedGap=1.00% | TREND: score=2 vel=0.25%/0.00%/0.49% accel=true | VOL: 4709.0000/2141.0000 TO: 958281500.0000/434591975.0000 | HIGH: 204000.0000 fromHigh=-0.25% | entryNo=1
2026-07-09 10:13:02 INFO  BUY [KRX] 028260 mode=OPENING_RANGE_BREAKOUT price=317500.0000 qty=31 size=1.0000x score=65[D] | WHY: vwap=1.29% trend=3 vol(2.82x) | VWAP: 1.29%(ABOVE slope=UP) allowedGap=1.00% | TREND: score=3 vel=0.32%/0.16%/0.47% accel=true | VOL: 3276.0000/1163.0000 TO: 1040130000.0000/366834800.0000 | HIGH: 317500.0000 fromHigh=0.00% | entryNo=1
2026-07-09 10:13:02 INFO  BUY_FILLED 035420 phase=HOLDING
2026-07-09 10:13:02 INFO  BUY_FILLED 028260 phase=HOLDING
2026-07-09 10:13:02 INFO  SELL_EXECUTED [KRX] 028260 mode=OPENING_RANGE_BREAKOUT phase=EXITING exitType=STOPLOSS price=313000.0000 qty=31 reason=STOP_LOSS_OPENING_RANGE_BREAKOUT pnl=-1.42% peakPnl=-0.31% holdMs=900000 high=316500.0000 avgPrice=317500.0000 weightedPnl=-1.39% (pending fill)
2026-07-09 10:13:02 INFO  SELL_FILLED_PNL 028260 reason=STOP_LOSS_OPENING_RANGE_BREAKOUT filledQty=31/31 fillRatio=1.00 weightedPnl=-1.39% dailyPnl=-1.39%
2026-07-09 10:13:02 INFO  SELL_FILLED 028260 reason=STOP_LOSS_OPENING_RANGE_BREAKOUT remainingQty=0 phase=NONE exitType=STOPLOSS
2026-07-09 10:13:02 INFO  BUY amount set for 240810: 10000000.00
2026-07-09 10:13:03 INFO  SELL [EOD_FORCE_SELL] 035420 pnl=-0.74% time=15:30
2026-07-09 10:13:03 INFO  SELL_EXECUTED [KRX] 035420 mode=OPENING_RANGE_BREAKOUT phase=EXITING exitType=TIMESTOP price=202000.0000 qty=49 reason=EOD_FORCE_SELL pnl=-0.74% peakPnl=0.74% holdMs=21120000 high=205000.0000 avgPrice=203500.0000 weightedPnl=-0.74% (pending fill)
2026-07-09 10:13:03 INFO  SELL_FILLED_PNL 035420 reason=EOD_FORCE_SELL filledQty=49/49 fillRatio=1.00 weightedPnl=-0.74% dailyPnl=-0.74%
2026-07-09 10:13:03 INFO  SELL_FILLED 035420 reason=EOD_FORCE_SELL remainingQty=0 phase=NONE exitType=TIMESTOP
2026-07-09 10:13:04 INFO  BUY amount set for 080220: 10000000.00
2026-07-09 10:13:04 INFO  BUY amount set for 034730: 10000000.00
2026-07-09 10:13:05 INFO  BUY amount set for 012450: 10000000.00
2026-07-09 10:13:06 INFO  BUY [KRX] 105560 mode=OPENING_RANGE_BREAKOUT price=160000.0000 qty=62 size=1.0000x score=70[D] | WHY: vwap=1.46% trend=3 vol(2.65x) | VWAP: 1.46%(ABOVE slope=UP) allowedGap=1.00% | TREND: score=3 vel=0.44%/0.19%/0.69% accel=true | VOL: 14160.0000/5339.7000 TO: 2267016000.0000/848446000.0000 | HIGH: 160100.0000 fromHigh=0.00% | entryNo=1
2026-07-09 10:13:06 INFO  BUY_FILLED 105560 phase=HOLDING
2026-07-09 10:13:06 INFO  BUY amount set for 012330: 10000000.00
2026-07-09 10:13:06 INFO  SELL [EOD_FORCE_SELL] 105560 pnl=-0.06% time=15:30
2026-07-09 10:13:06 INFO  SELL_EXECUTED [KRX] 105560 mode=OPENING_RANGE_BREAKOUT phase=EXITING exitType=TIMESTOP price=160000.0000 qty=62 reason=EOD_FORCE_SELL pnl=-0.06% peakPnl=0.56% holdMs=20820000 high=161000.0000 avgPrice=160100.0000 weightedPnl=-0.06% (pending fill)
2026-07-09 10:13:06 INFO  SELL_FILLED_PNL 105560 reason=EOD_FORCE_SELL filledQty=62/62 fillRatio=1.00 weightedPnl=-0.06% dailyPnl=-0.06%
2026-07-09 10:13:06 INFO  SELL_FILLED 105560 reason=EOD_FORCE_SELL remainingQty=0 phase=NONE exitType=TIMESTOP
2026-07-09 10:13:06 INFO  BUY [KRX] 006400 mode=OPENING_RANGE_BREAKOUT price=600000.0000 qty=16 size=1.0000x score=70[D] | WHY: vwap=1.33% trend=3 vol(2.83x) | VWAP: 1.33%(ABOVE slope=UP) allowedGap=1.00% | TREND: score=3 vel=0.67%/0.50%/0.17% accel=true | VOL: 3595.0000/1268.9500 TO: 2157000000.0000/758688550.0000 | HIGH: 600000.0000 fromHigh=0.00% | entryNo=1
2026-07-09 10:13:06 INFO  BUY_FILLED 006400 phase=HOLDING
2026-07-09 10:13:06 INFO  SELL_EXECUTED [KRX] 006400 mode=OPENING_RANGE_BREAKOUT phase=EXITING exitType=PROFIT price=612000.0000 qty=16 reason=TAKE_PROFIT_OPENING_RANGE_BREAKOUT pnl=2.00% peakPnl=2.00% holdMs=1800000 high=612000.0000 avgPrice=600000.0000 weightedPnl=1.92% (pending fill)
2026-07-09 10:13:06 INFO  SELL_FILLED_PNL 006400 reason=TAKE_PROFIT_OPENING_RANGE_BREAKOUT filledQty=16/16 fillRatio=1.00 weightedPnl=1.92% dailyPnl=1.92%
2026-07-09 10:13:06 INFO  SELL_FILLED 006400 reason=TAKE_PROFIT_OPENING_RANGE_BREAKOUT remainingQty=0 phase=NONE exitType=PROFIT
2026-07-09 10:13:06 INFO  BUY amount set for 003490: 10000000.00
2026-07-09 10:13:09 INFO  BUY amount set for 403870: 10000000.00
2026-07-09 10:13:09 INFO  BUY amount set for 189330: 10000000.00
2026-07-09 10:13:11 INFO  BUY amount set for 000270: 10000000.00
2026-07-09 10:13:12 INFO  BUY amount set for 024060: 10000000.00
2026-07-09 10:13:13 INFO  BUY amount set for 329180: 10000000.00
2026-07-09 10:13:13 INFO  BUY amount set for 028050: 10000000.00
2026-07-09 10:13:13 INFO  BUY amount set for 079550: 10000000.00
2026-07-09 10:13:13 INFO  BUY amount set for 278470: 10000000.00
2026-07-09 10:13:14 INFO  BUY [KRX] 403870 mode=STRONG_PULLBACK price=52200.0000 qty=191 size=1.0000x score=73[D] | WHY: dayChg=5.35% fromHigh=-0.95% spScore=73 vol3/vol10=0.42x body=1.00 | VWAP: 1.41%(ABOVE slope=DN) allowedGap=5.00% | TREND: score=3 vel=0.77%/0.38%/0.19% accel=true | VOL: 4130.0000/5087.0000 TO: 215586000.0000/264637435.0000 | HIGH: 52700.0000 fromHigh=-0.95% | SP: score=73 dayChg=5.35% fromHigh=-0.95% vol3/vol10=0.42x body=1.00 | entryNo=1
2026-07-09 10:13:14 INFO  BUY_FILLED 403870 phase=HOLDING
2026-07-09 10:13:14 INFO  SELL [TRAIL_STRONG_PULLBACK] 403870 pnl=0.96% peakPnl=2.11% high=53300.0000 current=52700.0000
2026-07-09 10:13:14 INFO  SELL_EXECUTED [KRX] 403870 mode=STRONG_PULLBACK phase=EXITING exitType=TRAIL price=52700.0000 qty=191 reason=TRAIL_STRONG_PULLBACK pnl=0.96% peakPnl=2.11% holdMs=1200000 high=53300.0000 avgPrice=52200.0000 weightedPnl=0.96% (pending fill)
2026-07-09 10:13:14 INFO  SELL_FILLED_PNL 403870 reason=TRAIL_STRONG_PULLBACK filledQty=191/191 fillRatio=1.00 weightedPnl=0.96% dailyPnl=0.96%
2026-07-09 10:13:14 INFO  SELL_FILLED 403870 reason=TRAIL_STRONG_PULLBACK remainingQty=0 phase=NONE exitType=TRAIL
2026-07-09 10:13:14 INFO  BUY [KRX] 035420 mode=STRONG_PULLBACK price=253500.0000 qty=39 size=1.0000x score=74[D] | WHY: dayChg=-0.98% fromHigh=-1.55% spScore=74 vol3/vol10=0.69x body=1.00 | VWAP: 0.83%(ABOVE slope=UP) allowedGap=5.00% | TREND: score=3 vel=0.60%/0.20%/0.40% accel=true | VOL: 16633.0000/13740.0000 TO: 4216465500.0000/3477747275.0000 | HIGH: 257500.0000 fromHigh=-1.55% | SP: score=74 dayChg=-0.98% fromHigh=-1.55% vol3/vol10=0.69x body=1.00 | entryNo=1
2026-07-09 10:13:14 INFO  BUY_FILLED 035420 phase=HOLDING
2026-07-09 10:13:15 INFO  SELL_EXECUTED [KRX] 035420 mode=STRONG_PULLBACK phase=EXITING exitType=VWAP_BREAK price=249000.0000 qty=39 reason=VWAP_BREAK pnl=-1.78% peakPnl=0.49% holdMs=3000000 high=254750.0000 avgPrice=253500.0000 weightedPnl=-1.76% (pending fill)
2026-07-09 10:13:15 INFO  SELL_FILLED_PNL 035420 reason=VWAP_BREAK filledQty=39/39 fillRatio=1.00 weightedPnl=-1.76% dailyPnl=-1.76%
2026-07-09 10:13:15 INFO  SELL_FILLED 035420 reason=VWAP_BREAK remainingQty=0 phase=NONE exitType=VWAP_BREAK
2026-07-09 10:13:16 INFO  BUY [KRX] 028050 mode=OPENING_RANGE_BREAKOUT price=50900.0000 qty=196 size=1.0000x score=70[D] | WHY: vwap=1.13% trend=2 vol(4.27x) | VWAP: 1.13%(ABOVE slope=UP) allowedGap=1.00% | TREND: score=2 vel=0.20%/0.00%/0.79% accel=true | VOL: 21603.0000/5058.1500 TO: 1099592700.0000/256366330.0000 | HIGH: 51000.0000 fromHigh=-0.20% | entryNo=1
2026-07-09 10:13:16 INFO  BUY_FILLED 028050 phase=HOLDING
2026-07-09 10:13:16 INFO  SELL [TRAIL_OPENING_RANGE_BREAKOUT] 028050 pnl=0.79% peakPnl=1.77% high=51800.0000 current=51300.0000
2026-07-09 10:13:16 INFO  SELL_EXECUTED [KRX] 028050 mode=OPENING_RANGE_BREAKOUT phase=EXITING exitType=TRAIL price=51300.0000 qty=196 reason=TRAIL_OPENING_RANGE_BREAKOUT pnl=0.79% peakPnl=1.77% holdMs=12360000 high=51800.0000 avgPrice=50900.0000 weightedPnl=0.78% (pending fill)
2026-07-09 10:13:16 INFO  SELL_FILLED_PNL 028050 reason=TRAIL_OPENING_RANGE_BREAKOUT filledQty=196/196 fillRatio=1.00 weightedPnl=0.78% dailyPnl=0.78%
2026-07-09 10:13:16 INFO  SELL_FILLED 028050 reason=TRAIL_OPENING_RANGE_BREAKOUT remainingQty=0 phase=NONE exitType=TRAIL
2026-07-09 10:13:16 INFO  BUY [KRX] 278470 mode=OPENING_RANGE_BREAKOUT price=463000.0000 qty=21 size=1.0000x score=65[D] | WHY: vwap=1.80% trend=3 vol(2.09x) | VWAP: 1.80%(ABOVE slope=UP) allowedGap=1.00% | TREND: score=3 vel=0.33%/0.22%/0.33% accel=true | VOL: 1220.0000/583.2500 TO: 564860000.0000/268774925.0000 | HIGH: 463000.0000 fromHigh=0.00% | entryNo=1
2026-07-09 10:13:16 INFO  BUY_FILLED 278470 phase=HOLDING
2026-07-09 10:13:16 INFO  SELL_EXECUTED [KRX] 278470 mode=OPENING_RANGE_BREAKOUT phase=EXITING exitType=STOPLOSS price=456500.0000 qty=21 reason=STOP_LOSS_OPENING_RANGE_BREAKOUT pnl=-1.40% peakPnl=0.76% holdMs=13020000 high=466500.0000 avgPrice=463000.0000 weightedPnl=-1.37% (pending fill)
2026-07-09 10:13:16 INFO  SELL_FILLED_PNL 278470 reason=STOP_LOSS_OPENING_RANGE_BREAKOUT filledQty=21/21 fillRatio=1.00 weightedPnl=-1.37% dailyPnl=-1.37%
2026-07-09 10:13:16 INFO  SELL_FILLED 278470 reason=STOP_LOSS_OPENING_RANGE_BREAKOUT remainingQty=0 phase=NONE exitType=STOPLOSS
2026-07-09 10:13:16 INFO  BUY [KRX] 003490 mode=OPENING_RANGE_BREAKOUT price=24800.0000 qty=403 size=1.0000x score=63[D] | WHY: vwap=1.00% trend=3 vol(2.25x) | VWAP: 1.00%(ABOVE slope=UP) allowedGap=1.00% | TREND: score=3 vel=0.61%/0.40%/0.20% accel=true | VOL: 25567.0000/11350.2500 TO: 634061600.0000/279895770.0000 | HIGH: 25000.0000 fromHigh=-0.80% | entryNo=1
2026-07-09 10:13:16 INFO  BUY_FILLED 003490 phase=HOLDING
2026-07-09 10:13:17 INFO  SELL_EXECUTED [KRX] 003490 mode=OPENING_RANGE_BREAKOUT phase=EXITING exitType=STOPLOSS price=24350.0000 qty=403 reason=STOP_LOSS_OPENING_RANGE_BREAKOUT pnl=-1.81% peakPnl=-0.40% holdMs=1080000 high=24700.0000 avgPrice=24800.0000 weightedPnl=-1.81% (pending fill)
2026-07-09 10:13:17 INFO  BUY [KRX] 034730 mode=OPENING_RANGE_BREAKOUT price=742000.0000 qty=13 size=1.0000x score=70[D] | WHY: vwap=1.59% trend=3 vol(2.27x) | VWAP: 1.59%(ABOVE slope=UP) allowedGap=1.00% | TREND: score=3 vel=0.41%/0.27%/0.68% accel=true | VOL: 1935.0000/851.1000 TO: 1435770000.0000/627941150.0000 | HIGH: 743000.0000 fromHigh=-0.13% | entryNo=1
2026-07-09 10:13:17 INFO  BUY_FILLED 034730 phase=HOLDING
2026-07-09 10:13:17 INFO  SELL_FILLED_PNL 003490 reason=STOP_LOSS_OPENING_RANGE_BREAKOUT filledQty=403/403 fillRatio=1.00 weightedPnl=-1.81% dailyPnl=-1.81%
2026-07-09 10:13:17 INFO  SELL_FILLED 003490 reason=STOP_LOSS_OPENING_RANGE_BREAKOUT remainingQty=0 phase=NONE exitType=STOPLOSS
2026-07-09 10:13:17 INFO  SELL_EXECUTED [KRX] 034730 mode=OPENING_RANGE_BREAKOUT phase=EXITING exitType=STOPLOSS price=731000.0000 qty=13 reason=STOP_LOSS_OPENING_RANGE_BREAKOUT pnl=-1.48% peakPnl=0.94% holdMs=2700000 high=749000.0000 avgPrice=742000.0000 weightedPnl=-1.43% (pending fill)
2026-07-09 10:13:17 INFO  SELL_FILLED_PNL 034730 reason=STOP_LOSS_OPENING_RANGE_BREAKOUT filledQty=13/13 fillRatio=1.00 weightedPnl=-1.43% dailyPnl=-1.43%
2026-07-09 10:13:17 INFO  SELL_FILLED 034730 reason=STOP_LOSS_OPENING_RANGE_BREAKOUT remainingQty=0 phase=NONE exitType=STOPLOSS
2026-07-09 10:13:18 INFO  BUY amount set for 055550: 10000000.00
2026-07-09 10:13:19 INFO  BUY amount set for 196170: 10000000.00
2026-07-09 10:13:20 INFO  BUY [KRX] 003490 mode=OPENING_RANGE_BREAKOUT price=27200.0000 qty=367 size=1.0000x score=65[D] | WHY: vwap=1.72% trend=2 vol(2.93x) | VWAP: 1.72%(ABOVE slope=UP) allowedGap=1.00% | TREND: score=2 vel=0.55%/0.18%/0.00% accel=true | VOL: 26211.0000/8952.4500 TO: 712939200.0000/242720032.5000 | HIGH: 27200.0000 fromHigh=0.00% | entryNo=1
2026-07-09 10:13:20 INFO  BUY_FILLED 003490 phase=HOLDING
2026-07-09 10:13:20 INFO  BUY amount set for 001820: 10000000.00
2026-07-09 10:13:20 INFO  SELL_EXECUTED [KRX] 003490 mode=OPENING_RANGE_BREAKOUT phase=EXITING exitType=STOPLOSS price=26750.0000 qty=367 reason=STOP_LOSS_OPENING_RANGE_BREAKOUT pnl=-1.65% peakPnl=1.10% holdMs=6720000 high=27500.0000 avgPrice=27200.0000 weightedPnl=-1.65% (pending fill)
2026-07-09 10:13:20 INFO  SELL_FILLED_PNL 003490 reason=STOP_LOSS_OPENING_RANGE_BREAKOUT filledQty=367/367 fillRatio=1.00 weightedPnl=-1.65% dailyPnl=-1.65%
2026-07-09 10:13:20 INFO  SELL_FILLED 003490 reason=STOP_LOSS_OPENING_RANGE_BREAKOUT remainingQty=0 phase=NONE exitType=STOPLOSS
2026-07-09 10:13:21 INFO  BUY [KRX] 196170 mode=OPENING_RANGE_BREAKOUT price=369000.0000 qty=27 size=1.0000x score=65[D] | WHY: vwap=0.52% trend=2 vol(2.00x) | VWAP: 0.52%(ABOVE slope=UP) allowedGap=1.00% | TREND: score=2 vel=0.14%/0.00%/0.41% accel=true | VOL: 1218.0000/608.5500 TO: 449442000.0000/223640275.0000 | HIGH: 369500.0000 fromHigh=-0.14% | entryNo=1
2026-07-09 10:13:21 INFO  BUY_FILLED 196170 phase=HOLDING
2026-07-09 10:13:21 INFO  SELL_EXECUTED [KRX] 196170 mode=OPENING_RANGE_BREAKOUT phase=EXITING exitType=PROFIT price=378000.0000 qty=27 reason=TAKE_PROFIT_OPENING_RANGE_BREAKOUT pnl=2.44% peakPnl=2.44% holdMs=540000 high=378000.0000 avgPrice=369000.0000 weightedPnl=2.43% (pending fill)
2026-07-09 10:13:21 INFO  SELL_FILLED_PNL 196170 reason=TAKE_PROFIT_OPENING_RANGE_BREAKOUT filledQty=27/27 fillRatio=1.00 weightedPnl=2.43% dailyPnl=2.43%
2026-07-09 10:13:21 INFO  SELL_FILLED 196170 reason=TAKE_PROFIT_OPENING_RANGE_BREAKOUT remainingQty=0 phase=NONE exitType=PROFIT
2026-07-09 10:13:21 INFO  BUY [KRX] 196170 mode=OPENING_RANGE_BREAKOUT price=380000.0000 qty=26 size=1.0000x score=65[D] | WHY: vwap=1.59% trend=3 vol(2.14x) | VWAP: 1.59%(ABOVE slope=UP) allowedGap=1.00% | TREND: score=3 vel=0.40%/0.26%/0.80% accel=true | VOL: 4544.0000/2125.1000 TO: 1726720000.0000/802169912.5000 | HIGH: 380000.0000 fromHigh=0.00% | entryNo=2
2026-07-09 10:13:21 INFO  BUY_FILLED 196170 phase=HOLDING
2026-07-09 10:13:21 INFO  SELL_EXECUTED [KRX] 196170 mode=OPENING_RANGE_BREAKOUT phase=EXITING exitType=STOPLOSS price=375000.0000 qty=26 reason=STOP_LOSS_OPENING_RANGE_BREAKOUT pnl=-1.32% peakPnl=0.53% holdMs=2520000 high=382000.0000 avgPrice=380000.0000 weightedPnl=-1.30% (pending fill)
2026-07-09 10:13:21 INFO  SELL_FILLED_PNL 196170 reason=STOP_LOSS_OPENING_RANGE_BREAKOUT filledQty=26/26 fillRatio=1.00 weightedPnl=-1.30% dailyPnl=1.13%
2026-07-09 10:13:21 INFO  SELL_FILLED 196170 reason=STOP_LOSS_OPENING_RANGE_BREAKOUT remainingQty=0 phase=NONE exitType=STOPLOSS
2026-07-09 10:13:21 INFO  BUY amount set for 086790: 10000000.00
2026-07-09 10:13:22 INFO  BUY amount set for 047040: 10000000.00
2026-07-09 10:13:23 INFO  BUY amount set for 010170: 10000000.00
2026-07-09 10:13:23 INFO  BUY amount set for 347850: 10000000.00
2026-07-09 10:13:23 INFO  BUY amount set for 017670: 10000000.00
2026-07-09 10:13:23 INFO  BUY amount set for 319660: 10000000.00
2026-07-09 10:13:24 INFO  BUY amount set for 352820: 10000000.00
2026-07-09 10:13:25 INFO  BUY [KRX] 055550 mode=OPENING_RANGE_BREAKOUT price=98800.0000 qty=101 size=1.0000x score=70[D] | WHY: vwap=1.77% trend=3 vol(2.11x) | VWAP: 1.77%(ABOVE slope=UP) allowedGap=1.00% | TREND: score=3 vel=0.61%/0.51%/0.20% accel=true | VOL: 6633.0000/3145.5500 TO: 655340400.0000/308656380.0000 | HIGH: 98800.0000 fromHigh=0.00% | entryNo=1
2026-07-09 10:13:25 INFO  BUY_FILLED 055550 phase=HOLDING
2026-07-09 10:13:25 INFO  SELL_EXECUTED [KRX] 055550 mode=OPENING_RANGE_BREAKOUT phase=EXITING exitType=PROFIT price=101000.0000 qty=101 reason=TAKE_PROFIT_OPENING_RANGE_BREAKOUT pnl=2.02% peakPnl=2.02% holdMs=3900000 high=100800.0000 avgPrice=98800.0000 weightedPnl=2.02% (pending fill)
2026-07-09 10:13:25 INFO  SELL_FILLED_PNL 055550 reason=TAKE_PROFIT_OPENING_RANGE_BREAKOUT filledQty=101/101 fillRatio=1.00 weightedPnl=2.02% dailyPnl=2.02%
2026-07-09 10:13:25 INFO  SELL_FILLED 055550 reason=TAKE_PROFIT_OPENING_RANGE_BREAKOUT remainingQty=0 phase=NONE exitType=PROFIT
2026-07-09 10:13:26 INFO  BUY [KRX] 055550 mode=OPENING_RANGE_BREAKOUT price=101500.0000 qty=98 size=1.0000x score=70[D] | WHY: vwap=1.61% trend=3 vol(2.05x) | VWAP: 1.61%(ABOVE slope=UP) allowedGap=1.00% | TREND: score=3 vel=0.60%/0.50%/0.70% accel=true | VOL: 4363.0000/2131.1500 TO: 442408200.0000/215429795.0000 | HIGH: 101500.0000 fromHigh=-0.10% | entryNo=1
2026-07-09 10:13:26 INFO  BUY_FILLED 055550 phase=HOLDING
2026-07-09 10:13:26 INFO  SELL_EXECUTED [KRX] 055550 mode=OPENING_RANGE_BREAKOUT phase=EXITING exitType=PROFIT price=103500.0000 qty=98 reason=TAKE_PROFIT_OPENING_RANGE_BREAKOUT pnl=2.17% peakPnl=2.17% holdMs=7620000 high=103600.0000 avgPrice=101400.0000 weightedPnl=2.16% (pending fill)
2026-07-09 10:13:26 INFO  SELL_FILLED_PNL 055550 reason=TAKE_PROFIT_OPENING_RANGE_BREAKOUT filledQty=98/98 fillRatio=1.00 weightedPnl=2.16% dailyPnl=2.16%
2026-07-09 10:13:26 INFO  SELL_FILLED 055550 reason=TAKE_PROFIT_OPENING_RANGE_BREAKOUT remainingQty=0 phase=NONE exitType=PROFIT
2026-07-09 10:13:27 INFO  BUY [KRX] 001820 mode=STRONG_PULLBACK price=105500.0000 qty=94 size=1.0000x score=73[D] | WHY: dayChg=-1.21% fromHigh=-1.67% spScore=73 vol3/vol10=0.59x body=0.89 | VWAP: 2.89%(ABOVE slope=DN) allowedGap=5.00% | TREND: score=3 vel=0.86%/0.67%/0.09% accel=true | VOL: 2218.0000/2646.5000 TO: 234442600.0000/280887325.0000 | HIGH: 107500.0000 fromHigh=-1.67% | SP: score=73 dayChg=-1.21% fromHigh=-1.67% vol3/vol10=0.59x body=0.89 | entryNo=1
2026-07-09 10:13:27 INFO  BUY_FILLED 001820 phase=HOLDING
2026-07-09 10:13:27 INFO  SELL_EXECUTED [KRX] 001820 mode=STRONG_PULLBACK phase=EXITING exitType=STOPLOSS price=103700.0000 qty=94 reason=STOP_LOSS_STRONG_PULLBACK pnl=-1.89% peakPnl=0.09% holdMs=660000 high=105800.0000 avgPrice=105700.0000 weightedPnl=-1.88% (pending fill)
2026-07-09 10:13:27 INFO  SELL_FILLED_PNL 001820 reason=STOP_LOSS_STRONG_PULLBACK filledQty=94/94 fillRatio=1.00 weightedPnl=-1.88% dailyPnl=-1.88%
2026-07-09 10:13:27 INFO  SELL_FILLED 001820 reason=STOP_LOSS_STRONG_PULLBACK remainingQty=0 phase=NONE exitType=STOPLOSS
2026-07-09 10:13:28 INFO  BUY [KRX] 010170 mode=STRONG_PULLBACK price=27550.0000 qty=362 size=1.0000x score=72[D] | WHY: dayChg=-0.90% fromHigh=-1.78% spScore=72 vol3/vol10=1.14x body=1.00 | VWAP: 1.83%(ABOVE slope=DN) allowedGap=5.00% | TREND: score=1 vel=0.36%/-0.18%/-0.72% accel=true | VOL: 79040.0000/89006.0000 TO: 2177552000.0000/2474478702.5000 | HIGH: 28050.0000 fromHigh=-1.78% | SP: score=72 dayChg=-0.90% fromHigh=-1.78% vol3/vol10=1.14x body=1.00 | entryNo=1
2026-07-09 10:13:28 INFO  BUY_FILLED 010170 phase=HOLDING
2026-07-09 10:13:28 INFO  SELL_EXECUTED [KRX] 010170 mode=STRONG_PULLBACK phase=EXITING exitType=STOPLOSS price=27000.0000 qty=362 reason=STOP_LOSS_STRONG_PULLBACK pnl=-2.00% peakPnl=0.00% holdMs=1380000 high=27550.0000 avgPrice=27550.0000 weightedPnl=-1.99% (pending fill)
2026-07-09 10:13:28 INFO  SELL_FILLED_PNL 010170 reason=STOP_LOSS_STRONG_PULLBACK filledQty=362/362 fillRatio=1.00 weightedPnl=-1.99% dailyPnl=-1.99%
2026-07-09 10:13:28 INFO  SELL_FILLED 010170 reason=STOP_LOSS_STRONG_PULLBACK remainingQty=0 phase=NONE exitType=STOPLOSS
2026-07-09 11:34:46 INFO  BUY amount set for 010120: 10000000.00
2026-07-09 11:34:46 INFO  BUY amount set for 066570: 10000000.00
2026-07-09 11:34:46 INFO  BUY amount set for 005380: 10000000.00
2026-07-09 11:34:46 INFO  BUY amount set for 009150: 10000000.00
2026-07-09 11:34:46 INFO  BUY amount set for 402340: 10000000.00
2026-07-09 11:34:46 INFO  BUY amount set for 477850: 10000000.00
2026-07-09 11:34:46 INFO  BUY amount set for 005930: 10000000.00
2026-07-09 11:34:46 INFO  BUY amount set for 058730: 10000000.00
2026-07-09 11:34:46 INFO  BUY amount set for 005935: 10000000.00
2026-07-09 11:34:46 INFO  BUY amount set for 032830: 10000000.00
2026-07-09 11:34:46 INFO  BUY amount set for 002990: 10000000.00
2026-07-09 11:34:46 INFO  BUY amount set for 000660: 10000000.00
2026-07-09 11:34:46 INFO  BUY amount set for 042700: 10000000.00
2026-07-09 11:34:46 INFO  BUY amount set for 036930: 10000000.00
2026-07-09 11:34:46 INFO  BUY amount set for 042660: 10000000.00
2026-07-09 11:34:46 INFO  BUY [KRX] 010120 mode=OPENING_RANGE_BREAKOUT price=191500.0000 qty=52 size=1.0000x score=70[D] | WHY: vwap=1.36% trend=3 vol(2.55x) | VWAP: 1.36%(ABOVE slope=UP) allowedGap=1.00% | TREND: score=3 vel=0.68%/0.63%/0.79% accel=true | VOL: 11327.0000/4444.7500 TO: 2167987800.0000/844421650.0000 | HIGH: 191500.0000 fromHigh=-0.05% | entryNo=1
2026-07-09 11:34:46 INFO  BUY_FILLED 010120 phase=HOLDING
2026-07-09 11:34:46 INFO  SELL_EXECUTED [KRX] 010120 mode=OPENING_RANGE_BREAKOUT phase=EXITING exitType=STOPLOSS price=188900.0000 qty=52 reason=STOP_LOSS_OPENING_RANGE_BREAKOUT pnl=-1.31% peakPnl=0.10% holdMs=9420000 high=191600.0000 avgPrice=191400.0000 weightedPnl=-1.30% (pending fill)
2026-07-09 11:34:46 INFO  SELL_FILLED_PNL 010120 reason=STOP_LOSS_OPENING_RANGE_BREAKOUT filledQty=52/52 fillRatio=1.00 weightedPnl=-1.30% dailyPnl=-1.30%
2026-07-09 11:34:46 INFO  SELL_FILLED 010120 reason=STOP_LOSS_OPENING_RANGE_BREAKOUT remainingQty=0 phase=NONE exitType=STOPLOSS
2026-07-09 11:34:46 INFO  BUY [KRX] 066570 mode=OPENING_RANGE_BREAKOUT price=124500.0000 qty=80 size=1.0000x score=70[D] | WHY: vwap=0.84% trend=3 vol(2.25x) | VWAP: 0.84%(ABOVE slope=UP) allowedGap=1.00% | TREND: score=3 vel=0.16%/0.08%/0.24% accel=true | VOL: 8289.0000/3687.7500 TO: 1031980500.0000/456902175.0000 | HIGH: 124600.0000 fromHigh=-0.08% | entryNo=1
2026-07-09 11:34:46 INFO  BUY_FILLED 066570 phase=HOLDING
2026-07-09 11:34:46 INFO  SELL_EXECUTED [KRX] 066570 mode=OPENING_RANGE_BREAKOUT phase=EXITING exitType=PROFIT price=127000.0000 qty=80 reason=TAKE_PROFIT_OPENING_RANGE_BREAKOUT pnl=2.01% peakPnl=2.01% holdMs=8820000 high=127000.0000 avgPrice=124500.0000 weightedPnl=2.00% (pending fill)
2026-07-09 11:34:46 INFO  SELL_FILLED_PNL 066570 reason=TAKE_PROFIT_OPENING_RANGE_BREAKOUT filledQty=80/80 fillRatio=1.00 weightedPnl=2.00% dailyPnl=2.00%
2026-07-09 11:34:47 INFO  SELL_FILLED 066570 reason=TAKE_PROFIT_OPENING_RANGE_BREAKOUT remainingQty=0 phase=NONE exitType=PROFIT
2026-07-09 11:34:47 INFO  BUY [KRX] 042660 mode=OPENING_RANGE_BREAKOUT price=129000.0000 qty=77 size=1.0000x score=70[D] | WHY: vwap=0.59% trend=3 vol(2.19x) | VWAP: 0.59%(ABOVE slope=UP) allowedGap=1.00% | TREND: score=3 vel=0.16%/0.08%/0.31% accel=true | VOL: 16858.0000/7695.3500 TO: 2176367800.0000/991021115.0000 | HIGH: 129200.0000 fromHigh=-0.08% | entryNo=1
2026-07-09 11:34:47 INFO  BUY_FILLED 042660 phase=HOLDING
2026-07-09 11:34:47 INFO  BUY [KRX] 005380 mode=OPENING_RANGE_BREAKOUT price=539000.0000 qty=18 size=1.0000x score=60[D] | WHY: vwap=1.37% trend=2 vol(3.33x) | VWAP: 1.37%(ABOVE slope=UP) allowedGap=1.00% | TREND: score=2 vel=0.19%/0.00%/0.47% accel=true | VOL: 10470.0000/3140.3000 TO: 5643330000.0000/1685958650.0000 | HIGH: 539000.0000 fromHigh=0.00% | entryNo=1
2026-07-09 11:34:47 INFO  BUY_FILLED 005380 phase=HOLDING
2026-07-09 11:34:47 INFO  SELL_EXECUTED [KRX] 042660 mode=OPENING_RANGE_BREAKOUT phase=EXITING exitType=PROFIT price=132000.0000 qty=77 reason=TAKE_PROFIT_OPENING_RANGE_BREAKOUT pnl=2.09% peakPnl=2.09% holdMs=3000000 high=131800.0000 avgPrice=129100.0000 weightedPnl=2.08% (pending fill)
2026-07-09 11:34:47 INFO  SELL_FILLED_PNL 042660 reason=TAKE_PROFIT_OPENING_RANGE_BREAKOUT filledQty=77/77 fillRatio=1.00 weightedPnl=2.08% dailyPnl=2.08%
2026-07-09 11:34:47 INFO  SELL_EXECUTED [KRX] 005380 mode=OPENING_RANGE_BREAKOUT phase=EXITING exitType=STOPLOSS price=531000.0000 qty=18 reason=STOP_LOSS_OPENING_RANGE_BREAKOUT pnl=-1.48% peakPnl=0.19% holdMs=8520000 high=540000.0000 avgPrice=539000.0000 weightedPnl=-1.44% (pending fill)
2026-07-09 11:34:47 INFO  SELL_FILLED 042660 reason=TAKE_PROFIT_OPENING_RANGE_BREAKOUT remainingQty=0 phase=NONE exitType=PROFIT
2026-07-09 11:34:47 INFO  SELL_FILLED_PNL 005380 reason=STOP_LOSS_OPENING_RANGE_BREAKOUT filledQty=18/18 fillRatio=1.00 weightedPnl=-1.44% dailyPnl=-1.44%
2026-07-09 11:34:47 INFO  SELL_FILLED 005380 reason=STOP_LOSS_OPENING_RANGE_BREAKOUT remainingQty=0 phase=NONE exitType=STOPLOSS
2026-07-09 11:34:48 INFO  BUY [KRX] 000660 mode=OPENING_RANGE_BREAKOUT price=1284000.0000 qty=7 size=1.0000x score=70[D] | WHY: vwap=0.79% trend=2 vol(2.69x) | VWAP: 0.79%(ABOVE slope=UP) allowedGap=1.00% | TREND: score=2 vel=0.23%/0.20%/0.00% accel=true | VOL: 35373.0000/13145.1000 TO: 45418932000.0000/16846023375.0000 | HIGH: 1286000.0000 fromHigh=-0.16% | entryNo=1
2026-07-09 11:34:48 INFO  BUY_FILLED 000660 phase=HOLDING
2026-07-09 11:34:48 INFO  SELL_EXECUTED [KRX] 000660 mode=OPENING_RANGE_BREAKOUT phase=EXITING exitType=PROFIT price=1312000.0000 qty=7 reason=TAKE_PROFIT_OPENING_RANGE_BREAKOUT pnl=2.18% peakPnl=2.18% holdMs=11580000 high=1312000.0000 avgPrice=1284000.0000 weightedPnl=1.96% (pending fill)
2026-07-09 11:34:48 INFO  SELL_FILLED_PNL 000660 reason=TAKE_PROFIT_OPENING_RANGE_BREAKOUT filledQty=7/7 fillRatio=1.00 weightedPnl=1.96% dailyPnl=1.96%
2026-07-09 11:34:48 INFO  SELL_FILLED 000660 reason=TAKE_PROFIT_OPENING_RANGE_BREAKOUT remainingQty=0 phase=NONE exitType=PROFIT
2026-07-09 11:34:51 INFO  BUY [KRX] 042660 mode=OPENING_RANGE_BREAKOUT price=122000.0000 qty=81 size=1.0000x score=70[D] | WHY: vwap=1.70% trend=3 vol(2.20x) | VWAP: 1.70%(ABOVE slope=UP) allowedGap=1.00% | TREND: score=3 vel=0.50%/0.25%/1.25% accel=true | VOL: 21413.0000/9748.8000 TO: 2608103400.0000/1176352600.0000 | HIGH: 121800.0000 fromHigh=0.00% | entryNo=1
2026-07-09 11:34:51 INFO  BUY_FILLED 042660 phase=HOLDING
2026-07-09 11:34:51 INFO  SELL_EXECUTED [KRX] 042660 mode=OPENING_RANGE_BREAKOUT phase=EXITING exitType=STOPLOSS price=119900.0000 qty=81 reason=STOP_LOSS_OPENING_RANGE_BREAKOUT pnl=-1.56% peakPnl=0.33% holdMs=1860000 high=122200.0000 avgPrice=121800.0000 weightedPnl=-1.54% (pending fill)
2026-07-09 11:34:51 INFO  SELL_FILLED_PNL 042660 reason=STOP_LOSS_OPENING_RANGE_BREAKOUT filledQty=81/81 fillRatio=1.00 weightedPnl=-1.54% dailyPnl=-1.54%
2026-07-09 11:34:51 INFO  SELL_FILLED 042660 reason=STOP_LOSS_OPENING_RANGE_BREAKOUT remainingQty=0 phase=NONE exitType=STOPLOSS
2026-07-09 11:34:51 INFO  BUY [KRX] 005930 mode=OPENING_RANGE_BREAKOUT price=330000.0000 qty=30 size=1.0000x score=70[D] | WHY: vwap=1.34% trend=3 vol(2.38x) | VWAP: 1.34%(ABOVE slope=UP) allowedGap=1.00% | TREND: score=3 vel=0.84%/0.76%/1.54% accel=true | VOL: 373155.0000/156780.8500 TO: 123141150000.0000/51228266787.5000 | HIGH: 330000.0000 fromHigh=0.00% | entryNo=1
2026-07-09 11:34:51 INFO  BUY_FILLED 005930 phase=HOLDING
2026-07-09 11:34:51 INFO  SELL_EXECUTED [KRX] 005930 mode=OPENING_RANGE_BREAKOUT phase=EXITING exitType=PROFIT price=337000.0000 qty=30 reason=TAKE_PROFIT_OPENING_RANGE_BREAKOUT pnl=2.05% peakPnl=2.05% holdMs=1740000 high=336750.0000 avgPrice=330000.0000 weightedPnl=2.03% (pending fill)
2026-07-09 11:34:51 INFO  SELL_FILLED_PNL 005930 reason=TAKE_PROFIT_OPENING_RANGE_BREAKOUT filledQty=30/30 fillRatio=1.00 weightedPnl=2.03% dailyPnl=2.03%
2026-07-09 11:34:51 INFO  SELL_FILLED 005930 reason=TAKE_PROFIT_OPENING_RANGE_BREAKOUT remainingQty=0 phase=NONE exitType=PROFIT
2026-07-09 11:34:52 INFO  BUY amount set for 011070: 10000000.00
2026-07-09 11:34:54 INFO  BUY amount set for 028260: 10000000.00
2026-07-09 11:34:56 INFO  BUY amount set for 347850: 10000000.00
2026-07-09 11:34:56 INFO  BUY [KRX] 028260 mode=OPENING_RANGE_BREAKOUT price=317500.0000 qty=31 size=1.0000x score=65[D] | WHY: vwap=1.29% trend=3 vol(2.82x) | VWAP: 1.29%(ABOVE slope=UP) allowedGap=1.00% | TREND: score=3 vel=0.32%/0.16%/0.47% accel=true | VOL: 3276.0000/1163.0000 TO: 1040130000.0000/366834800.0000 | HIGH: 317500.0000 fromHigh=0.00% | entryNo=1
2026-07-09 11:34:56 INFO  BUY amount set for 034020: 10000000.00
2026-07-09 11:34:56 INFO  BUY_FILLED 028260 phase=HOLDING
2026-07-09 11:34:56 INFO  SELL_EXECUTED [KRX] 028260 mode=OPENING_RANGE_BREAKOUT phase=EXITING exitType=STOPLOSS price=313000.0000 qty=31 reason=STOP_LOSS_OPENING_RANGE_BREAKOUT pnl=-1.42% peakPnl=-0.31% holdMs=900000 high=316500.0000 avgPrice=317500.0000 weightedPnl=-1.39% (pending fill)
2026-07-09 11:34:56 INFO  SELL_FILLED_PNL 028260 reason=STOP_LOSS_OPENING_RANGE_BREAKOUT filledQty=31/31 fillRatio=1.00 weightedPnl=-1.39% dailyPnl=-1.39%
2026-07-09 11:34:56 INFO  SELL_FILLED 028260 reason=STOP_LOSS_OPENING_RANGE_BREAKOUT remainingQty=0 phase=NONE exitType=STOPLOSS
2026-07-09 11:34:56 INFO  BUY amount set for 267260: 10000000.00
2026-07-09 11:34:57 INFO  BUY amount set for 105560: 10000000.00
2026-07-09 11:34:57 INFO  BUY amount set for 006400: 10000000.00
2026-07-09 11:34:57 INFO  BUY amount set for 240810: 10000000.00
2026-07-09 11:34:57 INFO  BUY amount set for 010170: 10000000.00
2026-07-09 11:34:58 INFO  BUY amount set for 034730: 10000000.00
2026-07-09 11:34:58 INFO  BUY amount set for 080220: 10000000.00
2026-07-09 11:34:58 INFO  BUY [KRX] 006400 mode=OPENING_RANGE_BREAKOUT price=496000.0000 qty=20 size=1.0000x score=70[D] | WHY: vwap=1.73% trend=3 vol(2.06x) | VWAP: 1.73%(ABOVE slope=UP) allowedGap=1.00% | TREND: score=3 vel=0.81%/0.71%/0.61% accel=true | VOL: 18240.0000/8838.7500 TO: 9047040000.0000/4341798837.5000 | HIGH: 496500.0000 fromHigh=-0.10% | entryNo=1
2026-07-09 11:34:58 INFO  BUY amount set for 298040: 10000000.00
2026-07-09 11:34:58 INFO  BUY_FILLED 006400 phase=HOLDING
2026-07-09 11:34:58 INFO  SELL_EXECUTED [KRX] 006400 mode=OPENING_RANGE_BREAKOUT phase=EXITING exitType=PROFIT price=507000.0000 qty=20 reason=TAKE_PROFIT_OPENING_RANGE_BREAKOUT pnl=2.22% peakPnl=2.22% holdMs=1800000 high=507000.0000 avgPrice=496000.0000 weightedPnl=2.20% (pending fill)
2026-07-09 11:34:58 INFO  SELL_FILLED_PNL 006400 reason=TAKE_PROFIT_OPENING_RANGE_BREAKOUT filledQty=20/20 fillRatio=1.00 weightedPnl=2.20% dailyPnl=2.20%
2026-07-09 11:34:58 INFO  SELL_FILLED 006400 reason=TAKE_PROFIT_OPENING_RANGE_BREAKOUT remainingQty=0 phase=NONE exitType=PROFIT
2026-07-09 11:34:59 INFO  BUY [KRX] 267260 mode=OPENING_RANGE_BREAKOUT price=1276000.0000 qty=7 size=1.0000x score=70[D] | WHY: vwap=1.00% trend=3 vol(2.26x) | VWAP: 1.00%(ABOVE slope=UP) allowedGap=1.00% | TREND: score=3 vel=0.16%/0.08%/0.39% accel=true | VOL: 2192.0000/970.1000 TO: 2796992000.0000/1231867100.0000 | HIGH: 1276000.0000 fromHigh=0.00% | entryNo=1
2026-07-09 11:34:59 INFO  BUY_FILLED 267260 phase=HOLDING
2026-07-09 11:34:59 INFO  SELL_EXECUTED [KRX] 267260 mode=OPENING_RANGE_BREAKOUT phase=EXITING exitType=STOPLOSS price=1259000.0000 qty=7 reason=STOP_LOSS_OPENING_RANGE_BREAKOUT pnl=-1.33% peakPnl=1.10% holdMs=3360000 high=1290000.0000 avgPrice=1276000.0000 weightedPnl=-1.19% (pending fill)
2026-07-09 11:34:59 INFO  SELL_FILLED_PNL 267260 reason=STOP_LOSS_OPENING_RANGE_BREAKOUT filledQty=7/7 fillRatio=1.00 weightedPnl=-1.19% dailyPnl=-1.19%
2026-07-09 11:34:59 INFO  SELL_FILLED 267260 reason=STOP_LOSS_OPENING_RANGE_BREAKOUT remainingQty=0 phase=NONE exitType=STOPLOSS
2026-07-09 11:34:59 INFO  BUY amount set for 012450: 10000000.00
2026-07-09 11:34:59 INFO  BUY amount set for 329180: 10000000.00
2026-07-09 11:35:00 INFO  BUY amount set for 035420: 10000000.00
2026-07-09 11:35:00 INFO  BUY [KRX] 035420 mode=OPENING_RANGE_BREAKOUT price=203500.0000 qty=49 size=1.0000x score=68[D] | WHY: vwap=0.49% trend=2 vol(2.20x) | VWAP: 0.49%(ABOVE slope=UP) allowedGap=1.00% | TREND: score=2 vel=0.25%/0.00%/0.49% accel=true | VOL: 4709.0000/2141.0000 TO: 958281500.0000/434591975.0000 | HIGH: 204000.0000 fromHigh=-0.25% | entryNo=1
2026-07-09 11:35:00 INFO  BUY_FILLED 035420 phase=HOLDING
2026-07-09 11:35:01 INFO  SELL [EOD_FORCE_SELL] 035420 pnl=-0.74% time=15:30
2026-07-09 11:35:01 INFO  SELL_EXECUTED [KRX] 035420 mode=OPENING_RANGE_BREAKOUT phase=EXITING exitType=TIMESTOP price=202000.0000 qty=49 reason=EOD_FORCE_SELL pnl=-0.74% peakPnl=0.74% holdMs=21120000 high=205000.0000 avgPrice=203500.0000 weightedPnl=-0.74% (pending fill)
2026-07-09 11:35:01 INFO  SELL_FILLED_PNL 035420 reason=EOD_FORCE_SELL filledQty=49/49 fillRatio=1.00 weightedPnl=-0.74% dailyPnl=-0.74%
2026-07-09 11:35:01 INFO  SELL_FILLED 035420 reason=EOD_FORCE_SELL remainingQty=0 phase=NONE exitType=TIMESTOP
2026-07-09 11:35:02 INFO  BUY [KRX] 105560 mode=OPENING_RANGE_BREAKOUT price=160000.0000 qty=62 size=1.0000x score=70[D] | WHY: vwap=1.46% trend=3 vol(2.65x) | VWAP: 1.46%(ABOVE slope=UP) allowedGap=1.00% | TREND: score=3 vel=0.44%/0.19%/0.69% accel=true | VOL: 14160.0000/5339.7000 TO: 2267016000.0000/848446000.0000 | HIGH: 160100.0000 fromHigh=0.00% | entryNo=1
2026-07-09 11:35:02 INFO  BUY_FILLED 105560 phase=HOLDING
2026-07-09 11:35:02 INFO  SELL [EOD_FORCE_SELL] 105560 pnl=-0.06% time=15:30
2026-07-09 11:35:02 INFO  SELL_EXECUTED [KRX] 105560 mode=OPENING_RANGE_BREAKOUT phase=EXITING exitType=TIMESTOP price=160000.0000 qty=62 reason=EOD_FORCE_SELL pnl=-0.06% peakPnl=0.56% holdMs=20820000 high=161000.0000 avgPrice=160100.0000 weightedPnl=-0.06% (pending fill)
2026-07-09 11:35:02 INFO  SELL_FILLED_PNL 105560 reason=EOD_FORCE_SELL filledQty=62/62 fillRatio=1.00 weightedPnl=-0.06% dailyPnl=-0.06%
2026-07-09 11:35:03 INFO  SELL_FILLED 105560 reason=EOD_FORCE_SELL remainingQty=0 phase=NONE exitType=TIMESTOP
2026-07-09 11:35:03 INFO  BUY [KRX] 006400 mode=OPENING_RANGE_BREAKOUT price=600000.0000 qty=16 size=1.0000x score=70[D] | WHY: vwap=1.33% trend=3 vol(2.83x) | VWAP: 1.33%(ABOVE slope=UP) allowedGap=1.00% | TREND: score=3 vel=0.67%/0.50%/0.17% accel=true | VOL: 3595.0000/1268.9500 TO: 2157000000.0000/758688550.0000 | HIGH: 600000.0000 fromHigh=0.00% | entryNo=1
2026-07-09 11:35:03 INFO  BUY_FILLED 006400 phase=HOLDING
2026-07-09 11:35:03 INFO  SELL_EXECUTED [KRX] 006400 mode=OPENING_RANGE_BREAKOUT phase=EXITING exitType=PROFIT price=612000.0000 qty=16 reason=TAKE_PROFIT_OPENING_RANGE_BREAKOUT pnl=2.00% peakPnl=2.00% holdMs=1800000 high=612000.0000 avgPrice=600000.0000 weightedPnl=1.92% (pending fill)
2026-07-09 11:35:03 INFO  SELL_FILLED_PNL 006400 reason=TAKE_PROFIT_OPENING_RANGE_BREAKOUT filledQty=16/16 fillRatio=1.00 weightedPnl=1.92% dailyPnl=1.92%
2026-07-09 11:35:03 INFO  SELL_FILLED 006400 reason=TAKE_PROFIT_OPENING_RANGE_BREAKOUT remainingQty=0 phase=NONE exitType=PROFIT
2026-07-09 11:35:05 INFO  BUY [KRX] 010170 mode=STRONG_PULLBACK price=27550.0000 qty=362 size=1.0000x score=72[D] | WHY: dayChg=-0.90% fromHigh=-1.78% spScore=72 vol3/vol10=1.14x body=1.00 | VWAP: 1.83%(ABOVE slope=DN) allowedGap=5.00% | TREND: score=1 vel=0.36%/-0.18%/-0.72% accel=true | VOL: 79040.0000/89006.0000 TO: 2177552000.0000/2474478702.5000 | HIGH: 28050.0000 fromHigh=-1.78% | SP: score=72 dayChg=-0.90% fromHigh=-1.78% vol3/vol10=1.14x body=1.00 | entryNo=1
2026-07-09 11:35:05 INFO  BUY_FILLED 010170 phase=HOLDING
2026-07-09 11:35:05 INFO  SELL_EXECUTED [KRX] 010170 mode=STRONG_PULLBACK phase=EXITING exitType=STOPLOSS price=27000.0000 qty=362 reason=STOP_LOSS_STRONG_PULLBACK pnl=-2.00% peakPnl=0.00% holdMs=1380000 high=27550.0000 avgPrice=27550.0000 weightedPnl=-1.99% (pending fill)
2026-07-09 11:35:05 INFO  SELL_FILLED_PNL 010170 reason=STOP_LOSS_STRONG_PULLBACK filledQty=362/362 fillRatio=1.00 weightedPnl=-1.99% dailyPnl=-1.99%
2026-07-09 11:35:05 INFO  SELL_FILLED 010170 reason=STOP_LOSS_STRONG_PULLBACK remainingQty=0 phase=NONE exitType=STOPLOSS
2026-07-09 11:35:06 INFO  BUY amount set for 001210: 10000000.00
2026-07-09 11:35:06 INFO  BUY amount set for 189330: 10000000.00
2026-07-09 11:35:08 INFO  BUY amount set for 000270: 10000000.00
2026-07-09 11:35:08 INFO  BUY [KRX] 034730 mode=OPENING_RANGE_BREAKOUT price=742000.0000 qty=13 size=1.0000x score=70[D] | WHY: vwap=1.59% trend=3 vol(2.27x) | VWAP: 1.59%(ABOVE slope=UP) allowedGap=1.00% | TREND: score=3 vel=0.41%/0.27%/0.68% accel=true | VOL: 1935.0000/851.1000 TO: 1435770000.0000/627941150.0000 | HIGH: 743000.0000 fromHigh=-0.13% | entryNo=1
2026-07-09 11:35:08 INFO  BUY_FILLED 034730 phase=HOLDING
2026-07-09 11:35:08 INFO  SELL_EXECUTED [KRX] 034730 mode=OPENING_RANGE_BREAKOUT phase=EXITING exitType=STOPLOSS price=731000.0000 qty=13 reason=STOP_LOSS_OPENING_RANGE_BREAKOUT pnl=-1.48% peakPnl=0.94% holdMs=2700000 high=749000.0000 avgPrice=742000.0000 weightedPnl=-1.43% (pending fill)
2026-07-09 11:35:08 INFO  SELL_FILLED_PNL 034730 reason=STOP_LOSS_OPENING_RANGE_BREAKOUT filledQty=13/13 fillRatio=1.00 weightedPnl=-1.43% dailyPnl=-1.43%
2026-07-09 11:35:08 INFO  BUY amount set for 365660: 10000000.00
2026-07-09 11:35:08 INFO  SELL_FILLED 034730 reason=STOP_LOSS_OPENING_RANGE_BREAKOUT remainingQty=0 phase=NONE exitType=STOPLOSS
2026-07-09 11:35:09 INFO  BUY amount set for 403870: 10000000.00
2026-07-09 11:35:09 INFO  BUY amount set for 373220: 10000000.00
2026-07-09 11:35:10 INFO  BUY amount set for 024060: 10000000.00
2026-07-09 11:35:10 INFO  BUY amount set for 086520: 10000000.00
2026-07-09 11:35:10 INFO  BUY amount set for 012330: 10000000.00
2026-07-09 11:35:11 INFO  BUY amount set for 196170: 10000000.00
2026-07-09 11:35:11 INFO  BUY [KRX] 086520 mode=OPENING_RANGE_BREAKOUT price=154000.0000 qty=64 size=1.0000x score=68[D] | WHY: vwap=1.10% trend=3 vol(3.11x) | VWAP: 1.10%(ABOVE slope=UP) allowedGap=1.00% | TREND: score=3 vel=0.26%/0.20%/0.20% accel=true | VOL: 20561.0000/6603.4000 TO: 3168450100.0000/1012177870.0000 | HIGH: 154400.0000 fromHigh=-0.19% | entryNo=1
2026-07-09 11:35:11 INFO  BUY_FILLED 086520 phase=HOLDING
2026-07-09 11:35:11 INFO  SELL_EXECUTED [KRX] 086520 mode=OPENING_RANGE_BREAKOUT phase=EXITING exitType=PROFIT price=157000.0000 qty=64 reason=TAKE_PROFIT_OPENING_RANGE_BREAKOUT pnl=2.01% peakPnl=2.01% holdMs=1320000 high=157200.0000 avgPrice=154100.0000 weightedPnl=1.98% (pending fill)
2026-07-09 11:35:11 INFO  SELL_FILLED_PNL 086520 reason=TAKE_PROFIT_OPENING_RANGE_BREAKOUT filledQty=64/64 fillRatio=1.00 weightedPnl=1.98% dailyPnl=1.98%
2026-07-09 11:35:11 INFO  SELL_FILLED 086520 reason=TAKE_PROFIT_OPENING_RANGE_BREAKOUT remainingQty=0 phase=NONE exitType=PROFIT
2026-07-09 11:35:11 INFO  BUY amount set for 079550: 10000000.00
2026-07-09 11:35:11 INFO  BUY amount set for 319660: 10000000.00
2026-07-09 11:35:11 INFO  BUY [KRX] 035420 mode=STRONG_PULLBACK price=253500.0000 qty=39 size=1.0000x score=74[D] | WHY: dayChg=-0.98% fromHigh=-1.55% spScore=74 vol3/vol10=0.69x body=1.00 | VWAP: 0.83%(ABOVE slope=UP) allowedGap=5.00% | TREND: score=3 vel=0.60%/0.20%/0.40% accel=true | VOL: 16633.0000/13740.0000 TO: 4216465500.0000/3477747275.0000 | HIGH: 257500.0000 fromHigh=-1.55% | SP: score=74 dayChg=-0.98% fromHigh=-1.55% vol3/vol10=0.69x body=1.00 | entryNo=1
2026-07-09 11:35:12 INFO  BUY_FILLED 035420 phase=HOLDING
2026-07-09 11:35:12 INFO  SELL_EXECUTED [KRX] 035420 mode=STRONG_PULLBACK phase=EXITING exitType=VWAP_BREAK price=249000.0000 qty=39 reason=VWAP_BREAK pnl=-1.78% peakPnl=0.49% holdMs=3000000 high=254750.0000 avgPrice=253500.0000 weightedPnl=-1.76% (pending fill)
2026-07-09 11:35:12 INFO  SELL_FILLED_PNL 035420 reason=VWAP_BREAK filledQty=39/39 fillRatio=1.00 weightedPnl=-1.76% dailyPnl=-1.76%
2026-07-09 11:35:12 INFO  SELL_FILLED 035420 reason=VWAP_BREAK remainingQty=0 phase=NONE exitType=VWAP_BREAK
2026-07-09 11:35:12 INFO  BUY [KRX] 196170 mode=OPENING_RANGE_BREAKOUT price=369000.0000 qty=27 size=1.0000x score=65[D] | WHY: vwap=0.52% trend=2 vol(2.00x) | VWAP: 0.52%(ABOVE slope=UP) allowedGap=1.00% | TREND: score=2 vel=0.14%/0.00%/0.41% accel=true | VOL: 1218.0000/608.5500 TO: 449442000.0000/223640275.0000 | HIGH: 369500.0000 fromHigh=-0.14% | entryNo=1
2026-07-09 11:35:12 INFO  BUY_FILLED 196170 phase=HOLDING
2026-07-09 11:35:12 INFO  SELL_EXECUTED [KRX] 196170 mode=OPENING_RANGE_BREAKOUT phase=EXITING exitType=PROFIT price=378000.0000 qty=27 reason=TAKE_PROFIT_OPENING_RANGE_BREAKOUT pnl=2.44% peakPnl=2.44% holdMs=540000 high=378000.0000 avgPrice=369000.0000 weightedPnl=2.43% (pending fill)
2026-07-09 11:35:12 INFO  SELL_FILLED_PNL 196170 reason=TAKE_PROFIT_OPENING_RANGE_BREAKOUT filledQty=27/27 fillRatio=1.00 weightedPnl=2.43% dailyPnl=2.43%
2026-07-09 11:35:12 INFO  SELL_FILLED 196170 reason=TAKE_PROFIT_OPENING_RANGE_BREAKOUT remainingQty=0 phase=NONE exitType=PROFIT
2026-07-09 11:35:12 INFO  BUY [KRX] 196170 mode=OPENING_RANGE_BREAKOUT price=380000.0000 qty=26 size=1.0000x score=65[D] | WHY: vwap=1.59% trend=3 vol(2.14x) | VWAP: 1.59%(ABOVE slope=UP) allowedGap=1.00% | TREND: score=3 vel=0.40%/0.26%/0.80% accel=true | VOL: 4544.0000/2125.1000 TO: 1726720000.0000/802169912.5000 | HIGH: 380000.0000 fromHigh=0.00% | entryNo=2
2026-07-09 11:35:12 INFO  BUY_FILLED 196170 phase=HOLDING
2026-07-09 11:35:12 INFO  SELL_EXECUTED [KRX] 196170 mode=OPENING_RANGE_BREAKOUT phase=EXITING exitType=STOPLOSS price=375000.0000 qty=26 reason=STOP_LOSS_OPENING_RANGE_BREAKOUT pnl=-1.32% peakPnl=0.53% holdMs=2520000 high=382000.0000 avgPrice=380000.0000 weightedPnl=-1.30% (pending fill)
2026-07-09 11:35:12 INFO  SELL_FILLED_PNL 196170 reason=STOP_LOSS_OPENING_RANGE_BREAKOUT filledQty=26/26 fillRatio=1.00 weightedPnl=-1.30% dailyPnl=1.13%
2026-07-09 11:35:12 INFO  SELL_FILLED 196170 reason=STOP_LOSS_OPENING_RANGE_BREAKOUT remainingQty=0 phase=NONE exitType=STOPLOSS
2026-07-09 11:35:13 INFO  BUY amount set for 009830: 10000000.00
2026-07-09 11:35:14 INFO  BUY [KRX] 403870 mode=STRONG_PULLBACK price=52200.0000 qty=191 size=1.0000x score=73[D] | WHY: dayChg=5.35% fromHigh=-0.95% spScore=73 vol3/vol10=0.42x body=1.00 | VWAP: 1.41%(ABOVE slope=DN) allowedGap=5.00% | TREND: score=3 vel=0.77%/0.38%/0.19% accel=true | VOL: 4130.0000/5087.0000 TO: 215586000.0000/264637435.0000 | HIGH: 52700.0000 fromHigh=-0.95% | SP: score=73 dayChg=5.35% fromHigh=-0.95% vol3/vol10=0.42x body=1.00 | entryNo=1
2026-07-09 11:35:14 INFO  BUY_FILLED 403870 phase=HOLDING
2026-07-09 11:35:14 INFO  SELL [TRAIL_STRONG_PULLBACK] 403870 pnl=0.96% peakPnl=2.11% high=53300.0000 current=52700.0000
2026-07-09 11:35:14 INFO  SELL_EXECUTED [KRX] 403870 mode=STRONG_PULLBACK phase=EXITING exitType=TRAIL price=52700.0000 qty=191 reason=TRAIL_STRONG_PULLBACK pnl=0.96% peakPnl=2.11% holdMs=1200000 high=53300.0000 avgPrice=52200.0000 weightedPnl=0.96% (pending fill)
2026-07-09 11:35:14 INFO  SELL_FILLED_PNL 403870 reason=TRAIL_STRONG_PULLBACK filledQty=191/191 fillRatio=1.00 weightedPnl=0.96% dailyPnl=0.96%
2026-07-09 11:35:14 INFO  SELL_FILLED 403870 reason=TRAIL_STRONG_PULLBACK remainingQty=0 phase=NONE exitType=TRAIL
2026-07-09 11:35:16 INFO  BUY amount set for 263800: 10000000.00
2026-07-09 11:35:16 INFO  BUY amount set for 353200: 10000000.00
2026-07-09 11:35:16 INFO  BUY amount set for 222800: 10000000.00
2026-07-09 11:35:17 INFO  BUY [KRX] 222800 mode=OPENING_RANGE_BREAKOUT price=72700.0000 qty=137 size=1.0000x score=70[D] | WHY: vwap=1.74% trend=3 vol(2.78x) | VWAP: 1.74%(ABOVE slope=UP) allowedGap=1.00% | TREND: score=3 vel=1.25%/1.11%/1.54% accel=true | VOL: 7958.0000/2860.4000 TO: 578546600.0000/204943290.0000 | HIGH: 72700.0000 fromHigh=0.00% | entryNo=1
2026-07-09 11:35:17 INFO  BUY_FILLED 222800 phase=HOLDING
2026-07-09 11:35:17 INFO  SELL [TRAIL_OPENING_RANGE_BREAKOUT] 222800 pnl=0.69% peakPnl=1.51% high=73800.0000 current=73200.0000
2026-07-09 11:35:17 INFO  SELL_EXECUTED [KRX] 222800 mode=OPENING_RANGE_BREAKOUT phase=EXITING exitType=TRAIL price=73200.0000 qty=137 reason=TRAIL_OPENING_RANGE_BREAKOUT pnl=0.69% peakPnl=1.51% holdMs=420000 high=73800.0000 avgPrice=72700.0000 weightedPnl=0.69% (pending fill)
2026-07-09 11:35:17 INFO  SELL_FILLED_PNL 222800 reason=TRAIL_OPENING_RANGE_BREAKOUT filledQty=137/137 fillRatio=1.00 weightedPnl=0.69% dailyPnl=0.69%
2026-07-09 11:35:17 INFO  BUY amount set for 278470: 10000000.00
2026-07-09 11:35:17 INFO  SELL_FILLED 222800 reason=TRAIL_OPENING_RANGE_BREAKOUT remainingQty=0 phase=NONE exitType=TRAIL
2026-07-09 11:35:18 INFO  BUY amount set for 028050: 10000000.00
2026-07-09 11:35:21 INFO  BUY [KRX] 028050 mode=OPENING_RANGE_BREAKOUT price=50900.0000 qty=196 size=1.0000x score=70[D] | WHY: vwap=1.13% trend=2 vol(4.27x) | VWAP: 1.13%(ABOVE slope=UP) allowedGap=1.00% | TREND: score=2 vel=0.20%/0.00%/0.79% accel=true | VOL: 21603.0000/5058.1500 TO: 1099592700.0000/256366330.0000 | HIGH: 51000.0000 fromHigh=-0.20% | entryNo=1
2026-07-09 11:35:21 INFO  BUY_FILLED 028050 phase=HOLDING
2026-07-09 11:35:21 INFO  SELL [TRAIL_OPENING_RANGE_BREAKOUT] 028050 pnl=0.79% peakPnl=1.77% high=51800.0000 current=51300.0000
2026-07-09 11:35:21 INFO  SELL_EXECUTED [KRX] 028050 mode=OPENING_RANGE_BREAKOUT phase=EXITING exitType=TRAIL price=51300.0000 qty=196 reason=TRAIL_OPENING_RANGE_BREAKOUT pnl=0.79% peakPnl=1.77% holdMs=12360000 high=51800.0000 avgPrice=50900.0000 weightedPnl=0.78% (pending fill)
2026-07-09 11:35:21 INFO  SELL_FILLED_PNL 028050 reason=TRAIL_OPENING_RANGE_BREAKOUT filledQty=196/196 fillRatio=1.00 weightedPnl=0.78% dailyPnl=0.78%
2026-07-09 11:35:21 INFO  SELL_FILLED 028050 reason=TRAIL_OPENING_RANGE_BREAKOUT remainingQty=0 phase=NONE exitType=TRAIL
2026-07-09 11:35:21 INFO  BUY [KRX] 278470 mode=OPENING_RANGE_BREAKOUT price=463000.0000 qty=21 size=1.0000x score=65[D] | WHY: vwap=1.80% trend=3 vol(2.09x) | VWAP: 1.80%(ABOVE slope=UP) allowedGap=1.00% | TREND: score=3 vel=0.33%/0.22%/0.33% accel=true | VOL: 1220.0000/583.2500 TO: 564860000.0000/268774925.0000 | HIGH: 463000.0000 fromHigh=0.00% | entryNo=1
2026-07-09 11:35:21 INFO  BUY_FILLED 278470 phase=HOLDING
2026-07-09 11:35:21 INFO  SELL_EXECUTED [KRX] 278470 mode=OPENING_RANGE_BREAKOUT phase=EXITING exitType=STOPLOSS price=456500.0000 qty=21 reason=STOP_LOSS_OPENING_RANGE_BREAKOUT pnl=-1.40% peakPnl=0.76% holdMs=13020000 high=466500.0000 avgPrice=463000.0000 weightedPnl=-1.37% (pending fill)
2026-07-09 11:35:21 INFO  SELL_FILLED_PNL 278470 reason=STOP_LOSS_OPENING_RANGE_BREAKOUT filledQty=21/21 fillRatio=1.00 weightedPnl=-1.37% dailyPnl=-1.37%
2026-07-09 11:35:21 INFO  SELL_FILLED 278470 reason=STOP_LOSS_OPENING_RANGE_BREAKOUT remainingQty=0 phase=NONE exitType=STOPLOSS
2026-07-09 11:35:21 INFO  BUY amount set for 047810: 10000000.00
2026-07-09 11:35:21 INFO  BUY amount set for 055550: 10000000.00
2026-07-09 11:35:23 INFO  BUY [KRX] 222800 mode=STRONG_PULLBACK price=104500.0000 qty=95 size=1.0000x score=73[D] | WHY: dayChg=4.30% fromHigh=-1.88% spScore=73 vol3/vol10=0.94x body=1.00 | VWAP: 4.17%(ABOVE slope=UP) allowedGap=5.00% | TREND: score=3 vel=0.48%/0.38%/0.38% accel=true | VOL: 4003.0000/3057.7000 TO: 417512900.0000/320557845.0000 | HIGH: 106300.0000 fromHigh=-1.88% | SP: score=73 dayChg=4.30% fromHigh=-1.88% vol3/vol10=0.94x body=1.00 | entryNo=1
2026-07-09 11:35:23 INFO  BUY_FILLED 222800 phase=HOLDING
2026-07-09 11:35:23 INFO  SELL_EXECUTED [KRX] 222800 mode=STRONG_PULLBACK phase=EXITING exitType=STOPLOSS price=101300.0000 qty=95 reason=EMERGENCY_STOP pnl=-2.88% peakPnl=0.19% holdMs=1800000 high=104500.0000 avgPrice=104300.0000 weightedPnl=-2.85% (pending fill)
2026-07-09 11:35:23 INFO  SELL_FILLED_PNL 222800 reason=EMERGENCY_STOP filledQty=95/95 fillRatio=1.00 weightedPnl=-2.85% dailyPnl=-2.85%
2026-07-09 11:35:23 INFO  SELL_FILLED 222800 reason=EMERGENCY_STOP remainingQty=0 phase=NONE exitType=STOPLOSS
2026-07-09 11:35:23 INFO  BUY [KRX] 222800 mode=STRONG_PULLBACK price=104000.0000 qty=96 size=1.0000x score=80[B] | WHY: dayChg=14.25% fromHigh=-1.70% spScore=80 vol3/vol10=0.56x body=1.00 | VWAP: 6.09%(ABOVE slope=UP) allowedGap=5.00% | TREND: score=2 vel=1.17%/0.48%/0.00% accel=true | VOL: 1953.0000/2387.1000 TO: 203502600.0000/248605545.0000 | HIGH: 106000.0000 fromHigh=-1.70% | SP: score=80 dayChg=14.25% fromHigh=-1.70% vol3/vol10=0.56x body=1.00 | entryNo=1
2026-07-09 11:35:23 INFO  BUY_FILLED 222800 phase=HOLDING
2026-07-09 11:35:23 INFO  SELL_EXECUTED [KRX] 222800 mode=STRONG_PULLBACK phase=EXITING exitType=PROFIT price=107500.0000 qty=96 reason=TAKE_PROFIT_STRONG_PULLBACK pnl=3.07% peakPnl=3.07% holdMs=4800000 high=107400.0000 avgPrice=104200.0000 weightedPnl=3.07% (pending fill)
2026-07-09 11:35:23 INFO  SELL_FILLED_PNL 222800 reason=TAKE_PROFIT_STRONG_PULLBACK filledQty=96/96 fillRatio=1.00 weightedPnl=3.07% dailyPnl=3.07%
2026-07-09 11:35:23 INFO  SELL_FILLED 222800 reason=TAKE_PROFIT_STRONG_PULLBACK remainingQty=0 phase=NONE exitType=PROFIT
2026-07-09 11:35:25 INFO  BUY [KRX] 009830 mode=STRONG_PULLBACK price=31650.0000 qty=315 size=1.0000x score=78[C] | WHY: dayChg=5.32% fromHigh=-1.86% spScore=78 vol3/vol10=0.69x body=1.00 | VWAP: 0.93%(ABOVE slope=DN) allowedGap=5.00% | TREND: score=1 vel=0.32%/0.00%/-0.31% accel=true | VOL: 6890.0000/8120.7500 TO: 218068500.0000/259925475.0000 | HIGH: 32250.0000 fromHigh=-1.86% | SP: score=78 dayChg=5.32% fromHigh=-1.86% vol3/vol10=0.69x body=1.00 | entryNo=1
2026-07-09 11:35:25 INFO  BUY_FILLED 009830 phase=HOLDING
2026-07-09 11:35:25 INFO  SELL_EXECUTED [KRX] 009830 mode=STRONG_PULLBACK phase=EXITING exitType=STOPLOSS price=31050.0000 qty=315 reason=STOP_LOSS_STRONG_PULLBACK pnl=-1.90% peakPnl=0.47% holdMs=1560000 high=31800.0000 avgPrice=31650.0000 weightedPnl=-1.89% (pending fill)
2026-07-09 11:35:25 INFO  SELL_FILLED_PNL 009830 reason=STOP_LOSS_STRONG_PULLBACK filledQty=315/315 fillRatio=1.00 weightedPnl=-1.89% dailyPnl=-1.89%
2026-07-09 11:35:25 INFO  SELL_FILLED 009830 reason=STOP_LOSS_STRONG_PULLBACK remainingQty=0 phase=NONE exitType=STOPLOSS
2026-07-09 11:35:26 INFO  BUY [KRX] 055550 mode=OPENING_RANGE_BREAKOUT price=98800.0000 qty=101 size=1.0000x score=70[D] | WHY: vwap=1.77% trend=3 vol(2.11x) | VWAP: 1.77%(ABOVE slope=UP) allowedGap=1.00% | TREND: score=3 vel=0.61%/0.51%/0.20% accel=true | VOL: 6633.0000/3145.5500 TO: 655340400.0000/308656380.0000 | HIGH: 98800.0000 fromHigh=0.00% | entryNo=1
2026-07-09 11:35:26 INFO  BUY_FILLED 055550 phase=HOLDING
2026-07-09 11:35:26 INFO  SELL_EXECUTED [KRX] 055550 mode=OPENING_RANGE_BREAKOUT phase=EXITING exitType=PROFIT price=101000.0000 qty=101 reason=TAKE_PROFIT_OPENING_RANGE_BREAKOUT pnl=2.02% peakPnl=2.02% holdMs=3900000 high=100800.0000 avgPrice=98800.0000 weightedPnl=2.02% (pending fill)
2026-07-09 11:35:26 INFO  SELL_FILLED_PNL 055550 reason=TAKE_PROFIT_OPENING_RANGE_BREAKOUT filledQty=101/101 fillRatio=1.00 weightedPnl=2.02% dailyPnl=2.02%
2026-07-09 11:35:26 INFO  SELL_FILLED 055550 reason=TAKE_PROFIT_OPENING_RANGE_BREAKOUT remainingQty=0 phase=NONE exitType=PROFIT
2026-07-09 11:35:26 INFO  BUY [KRX] 055550 mode=OPENING_RANGE_BREAKOUT price=101500.0000 qty=98 size=1.0000x score=70[D] | WHY: vwap=1.61% trend=3 vol(2.05x) | VWAP: 1.61%(ABOVE slope=UP) allowedGap=1.00% | TREND: score=3 vel=0.60%/0.50%/0.70% accel=true | VOL: 4363.0000/2131.1500 TO: 442408200.0000/215429795.0000 | HIGH: 101500.0000 fromHigh=-0.10% | entryNo=1
2026-07-09 11:35:26 INFO  BUY_FILLED 055550 phase=HOLDING
2026-07-09 11:35:26 INFO  SELL_EXECUTED [KRX] 055550 mode=OPENING_RANGE_BREAKOUT phase=EXITING exitType=PROFIT price=103500.0000 qty=98 reason=TAKE_PROFIT_OPENING_RANGE_BREAKOUT pnl=2.17% peakPnl=2.17% holdMs=7620000 high=103600.0000 avgPrice=101400.0000 weightedPnl=2.16% (pending fill)
2026-07-09 11:35:26 INFO  SELL_FILLED_PNL 055550 reason=TAKE_PROFIT_OPENING_RANGE_BREAKOUT filledQty=98/98 fillRatio=1.00 weightedPnl=2.16% dailyPnl=2.16%
2026-07-09 11:35:26 INFO  SELL_FILLED 055550 reason=TAKE_PROFIT_OPENING_RANGE_BREAKOUT remainingQty=0 phase=NONE exitType=PROFIT
2026-07-09 14:29:46 INFO  BUY amount set for 011070: 10000000.00
2026-07-09 14:29:46 INFO  BUY amount set for 005380: 10000000.00
2026-07-09 14:29:46 INFO  BUY amount set for 402340: 10000000.00
2026-07-09 14:29:46 INFO  BUY amount set for 042660: 10000000.00
2026-07-09 14:29:46 INFO  BUY amount set for 024060: 10000000.00
2026-07-09 14:29:46 INFO  BUY amount set for 000660: 10000000.00
2026-07-09 14:29:46 INFO  BUY amount set for 002990: 10000000.00
2026-07-09 14:29:46 INFO  BUY amount set for 036930: 10000000.00
2026-07-09 14:29:46 INFO  BUY amount set for 105560: 10000000.00
2026-07-09 14:29:46 INFO  BUY amount set for 005930: 10000000.00
2026-07-09 14:29:46 INFO  BUY amount set for 028260: 10000000.00
2026-07-09 14:29:46 INFO  BUY amount set for 010120: 10000000.00
2026-07-09 14:29:46 INFO  BUY amount set for 009150: 10000000.00
2026-07-09 14:29:46 INFO  BUY amount set for 005935: 10000000.00
2026-07-09 14:29:46 INFO  BUY amount set for 066570: 10000000.00
2026-07-09 14:29:47 INFO  BUY [KRX] 042660 mode=OPENING_RANGE_BREAKOUT price=129000.0000 qty=77 size=1.0000x score=70[D] | WHY: vwap=0.59% trend=3 vol(2.19x) | VWAP: 0.59%(ABOVE slope=UP) allowedGap=1.00% | TREND: score=3 vel=0.16%/0.08%/0.31% accel=true | VOL: 16858.0000/7695.3500 TO: 2176367800.0000/991021115.0000 | HIGH: 129200.0000 fromHigh=-0.08% | entryNo=1
2026-07-09 14:29:47 INFO  BUY_FILLED 042660 phase=HOLDING
2026-07-09 14:29:47 INFO  SELL_EXECUTED [KRX] 042660 mode=OPENING_RANGE_BREAKOUT phase=EXITING exitType=PROFIT price=132000.0000 qty=77 reason=TAKE_PROFIT_OPENING_RANGE_BREAKOUT pnl=2.09% peakPnl=2.09% holdMs=3000000 high=131800.0000 avgPrice=129100.0000 weightedPnl=2.08% (pending fill)
2026-07-09 14:29:47 INFO  SELL_FILLED_PNL 042660 reason=TAKE_PROFIT_OPENING_RANGE_BREAKOUT filledQty=77/77 fillRatio=1.00 weightedPnl=2.08% dailyPnl=2.08%
2026-07-09 14:29:47 INFO  SELL_FILLED 042660 reason=TAKE_PROFIT_OPENING_RANGE_BREAKOUT remainingQty=0 phase=NONE exitType=PROFIT
2026-07-09 14:29:47 INFO  BUY [KRX] 010120 mode=OPENING_RANGE_BREAKOUT price=191500.0000 qty=52 size=1.0000x score=70[D] | WHY: vwap=1.36% trend=3 vol(2.55x) | VWAP: 1.36%(ABOVE slope=UP) allowedGap=1.00% | TREND: score=3 vel=0.68%/0.63%/0.79% accel=true | VOL: 11327.0000/4444.7500 TO: 2167987800.0000/844421650.0000 | HIGH: 191500.0000 fromHigh=-0.05% | entryNo=1
2026-07-09 14:29:47 INFO  BUY_FILLED 010120 phase=HOLDING
2026-07-09 14:29:47 INFO  BUY [KRX] 066570 mode=OPENING_RANGE_BREAKOUT price=124500.0000 qty=80 size=1.0000x score=70[D] | WHY: vwap=0.84% trend=3 vol(2.25x) | VWAP: 0.84%(ABOVE slope=UP) allowedGap=1.00% | TREND: score=3 vel=0.16%/0.08%/0.24% accel=true | VOL: 8289.0000/3687.7500 TO: 1031980500.0000/456902175.0000 | HIGH: 124600.0000 fromHigh=-0.08% | entryNo=1
2026-07-09 14:29:47 INFO  BUY_FILLED 066570 phase=HOLDING
2026-07-09 14:29:47 INFO  SELL_EXECUTED [KRX] 010120 mode=OPENING_RANGE_BREAKOUT phase=EXITING exitType=STOPLOSS price=188900.0000 qty=52 reason=STOP_LOSS_OPENING_RANGE_BREAKOUT pnl=-1.31% peakPnl=0.10% holdMs=9420000 high=191600.0000 avgPrice=191400.0000 weightedPnl=-1.30% (pending fill)
2026-07-09 14:29:47 INFO  SELL_FILLED_PNL 010120 reason=STOP_LOSS_OPENING_RANGE_BREAKOUT filledQty=52/52 fillRatio=1.00 weightedPnl=-1.30% dailyPnl=-1.30%
2026-07-09 14:29:47 INFO  SELL_FILLED 010120 reason=STOP_LOSS_OPENING_RANGE_BREAKOUT remainingQty=0 phase=NONE exitType=STOPLOSS
2026-07-09 14:29:47 INFO  SELL_EXECUTED [KRX] 066570 mode=OPENING_RANGE_BREAKOUT phase=EXITING exitType=PROFIT price=127000.0000 qty=80 reason=TAKE_PROFIT_OPENING_RANGE_BREAKOUT pnl=2.01% peakPnl=2.01% holdMs=8820000 high=127000.0000 avgPrice=124500.0000 weightedPnl=2.00% (pending fill)
2026-07-09 14:29:47 INFO  SELL_FILLED_PNL 066570 reason=TAKE_PROFIT_OPENING_RANGE_BREAKOUT filledQty=80/80 fillRatio=1.00 weightedPnl=2.00% dailyPnl=2.00%
2026-07-09 14:29:47 INFO  SELL_FILLED 066570 reason=TAKE_PROFIT_OPENING_RANGE_BREAKOUT remainingQty=0 phase=NONE exitType=PROFIT
2026-07-09 14:29:47 INFO  BUY [KRX] 005380 mode=OPENING_RANGE_BREAKOUT price=539000.0000 qty=18 size=1.0000x score=60[D] | WHY: vwap=1.37% trend=2 vol(3.33x) | VWAP: 1.37%(ABOVE slope=UP) allowedGap=1.00% | TREND: score=2 vel=0.19%/0.00%/0.47% accel=true | VOL: 10470.0000/3140.3000 TO: 5643330000.0000/1685958650.0000 | HIGH: 539000.0000 fromHigh=0.00% | entryNo=1
2026-07-09 14:29:47 INFO  BUY_FILLED 005380 phase=HOLDING
2026-07-09 14:29:47 INFO  SELL_EXECUTED [KRX] 005380 mode=OPENING_RANGE_BREAKOUT phase=EXITING exitType=STOPLOSS price=531000.0000 qty=18 reason=STOP_LOSS_OPENING_RANGE_BREAKOUT pnl=-1.48% peakPnl=0.19% holdMs=8520000 high=540000.0000 avgPrice=539000.0000 weightedPnl=-1.44% (pending fill)
2026-07-09 14:29:47 INFO  SELL_FILLED_PNL 005380 reason=STOP_LOSS_OPENING_RANGE_BREAKOUT filledQty=18/18 fillRatio=1.00 weightedPnl=-1.44% dailyPnl=-1.44%
2026-07-09 14:29:47 INFO  SELL_FILLED 005380 reason=STOP_LOSS_OPENING_RANGE_BREAKOUT remainingQty=0 phase=NONE exitType=STOPLOSS
2026-07-09 14:29:48 INFO  BUY [KRX] 000660 mode=OPENING_RANGE_BREAKOUT price=1284000.0000 qty=7 size=1.0000x score=70[D] | WHY: vwap=0.79% trend=2 vol(2.69x) | VWAP: 0.79%(ABOVE slope=UP) allowedGap=1.00% | TREND: score=2 vel=0.23%/0.20%/0.00% accel=true | VOL: 35373.0000/13145.1000 TO: 45418932000.0000/16846023375.0000 | HIGH: 1286000.0000 fromHigh=-0.16% | entryNo=1
2026-07-09 14:29:48 INFO  BUY [KRX] 028260 mode=OPENING_RANGE_BREAKOUT price=317500.0000 qty=31 size=1.0000x score=65[D] | WHY: vwap=1.29% trend=3 vol(2.82x) | VWAP: 1.29%(ABOVE slope=UP) allowedGap=1.00% | TREND: score=3 vel=0.32%/0.16%/0.47% accel=true | VOL: 3276.0000/1163.0000 TO: 1040130000.0000/366834800.0000 | HIGH: 317500.0000 fromHigh=0.00% | entryNo=1
2026-07-09 14:29:48 INFO  BUY_FILLED 028260 phase=HOLDING
2026-07-09 14:29:48 INFO  BUY_FILLED 000660 phase=HOLDING
2026-07-09 14:29:48 INFO  SELL_EXECUTED [KRX] 028260 mode=OPENING_RANGE_BREAKOUT phase=EXITING exitType=STOPLOSS price=313000.0000 qty=31 reason=STOP_LOSS_OPENING_RANGE_BREAKOUT pnl=-1.42% peakPnl=-0.31% holdMs=900000 high=316500.0000 avgPrice=317500.0000 weightedPnl=-1.39% (pending fill)
2026-07-09 14:29:48 INFO  SELL_FILLED_PNL 028260 reason=STOP_LOSS_OPENING_RANGE_BREAKOUT filledQty=31/31 fillRatio=1.00 weightedPnl=-1.39% dailyPnl=-1.39%
2026-07-09 14:29:48 INFO  SELL_FILLED 028260 reason=STOP_LOSS_OPENING_RANGE_BREAKOUT remainingQty=0 phase=NONE exitType=STOPLOSS
2026-07-09 14:29:48 INFO  SELL_EXECUTED [KRX] 000660 mode=OPENING_RANGE_BREAKOUT phase=EXITING exitType=PROFIT price=1312000.0000 qty=7 reason=TAKE_PROFIT_OPENING_RANGE_BREAKOUT pnl=2.18% peakPnl=2.18% holdMs=11580000 high=1312000.0000 avgPrice=1284000.0000 weightedPnl=1.96% (pending fill)
2026-07-09 14:29:48 INFO  SELL_FILLED_PNL 000660 reason=TAKE_PROFIT_OPENING_RANGE_BREAKOUT filledQty=7/7 fillRatio=1.00 weightedPnl=1.96% dailyPnl=1.96%
2026-07-09 14:29:48 INFO  SELL_FILLED 000660 reason=TAKE_PROFIT_OPENING_RANGE_BREAKOUT remainingQty=0 phase=NONE exitType=PROFIT
2026-07-09 14:29:50 INFO  BUY [KRX] 042660 mode=OPENING_RANGE_BREAKOUT price=122000.0000 qty=81 size=1.0000x score=70[D] | WHY: vwap=1.70% trend=3 vol(2.20x) | VWAP: 1.70%(ABOVE slope=UP) allowedGap=1.00% | TREND: score=3 vel=0.50%/0.25%/1.25% accel=true | VOL: 21413.0000/9748.8000 TO: 2608103400.0000/1176352600.0000 | HIGH: 121800.0000 fromHigh=0.00% | entryNo=1
2026-07-09 14:29:50 INFO  BUY_FILLED 042660 phase=HOLDING
2026-07-09 14:29:50 INFO  SELL_EXECUTED [KRX] 042660 mode=OPENING_RANGE_BREAKOUT phase=EXITING exitType=STOPLOSS price=119900.0000 qty=81 reason=STOP_LOSS_OPENING_RANGE_BREAKOUT pnl=-1.56% peakPnl=0.33% holdMs=1860000 high=122200.0000 avgPrice=121800.0000 weightedPnl=-1.54% (pending fill)
2026-07-09 14:29:50 INFO  BUY [KRX] 105560 mode=OPENING_RANGE_BREAKOUT price=160000.0000 qty=62 size=1.0000x score=70[D] | WHY: vwap=1.46% trend=3 vol(2.65x) | VWAP: 1.46%(ABOVE slope=UP) allowedGap=1.00% | TREND: score=3 vel=0.44%/0.19%/0.69% accel=true | VOL: 14160.0000/5339.7000 TO: 2267016000.0000/848446000.0000 | HIGH: 160100.0000 fromHigh=0.00% | entryNo=1
2026-07-09 14:29:50 INFO  SELL_FILLED_PNL 042660 reason=STOP_LOSS_OPENING_RANGE_BREAKOUT filledQty=81/81 fillRatio=1.00 weightedPnl=-1.54% dailyPnl=-1.54%
2026-07-09 14:29:50 INFO  BUY_FILLED 105560 phase=HOLDING
2026-07-09 14:29:50 INFO  SELL_FILLED 042660 reason=STOP_LOSS_OPENING_RANGE_BREAKOUT remainingQty=0 phase=NONE exitType=STOPLOSS
2026-07-09 14:29:50 INFO  SELL [EOD_FORCE_SELL] 105560 pnl=-0.06% time=15:30
2026-07-09 14:29:50 INFO  SELL_EXECUTED [KRX] 105560 mode=OPENING_RANGE_BREAKOUT phase=EXITING exitType=TIMESTOP price=160000.0000 qty=62 reason=EOD_FORCE_SELL pnl=-0.06% peakPnl=0.56% holdMs=20820000 high=161000.0000 avgPrice=160100.0000 weightedPnl=-0.06% (pending fill)
2026-07-09 14:29:50 INFO  SELL_FILLED_PNL 105560 reason=EOD_FORCE_SELL filledQty=62/62 fillRatio=1.00 weightedPnl=-0.06% dailyPnl=-0.06%
2026-07-09 14:29:50 INFO  SELL_FILLED 105560 reason=EOD_FORCE_SELL remainingQty=0 phase=NONE exitType=TIMESTOP
2026-07-09 14:29:51 INFO  BUY [KRX] 005930 mode=OPENING_RANGE_BREAKOUT price=330000.0000 qty=30 size=1.0000x score=70[D] | WHY: vwap=1.34% trend=3 vol(2.38x) | VWAP: 1.34%(ABOVE slope=UP) allowedGap=1.00% | TREND: score=3 vel=0.84%/0.76%/1.54% accel=true | VOL: 373155.0000/156780.8500 TO: 123141150000.0000/51228266787.5000 | HIGH: 330000.0000 fromHigh=0.00% | entryNo=1
2026-07-09 14:29:51 INFO  BUY_FILLED 005930 phase=HOLDING
2026-07-09 14:29:51 INFO  SELL_EXECUTED [KRX] 005930 mode=OPENING_RANGE_BREAKOUT phase=EXITING exitType=PROFIT price=337000.0000 qty=30 reason=TAKE_PROFIT_OPENING_RANGE_BREAKOUT pnl=2.05% peakPnl=2.05% holdMs=1740000 high=336750.0000 avgPrice=330000.0000 weightedPnl=2.03% (pending fill)
2026-07-09 14:29:51 INFO  SELL_FILLED_PNL 005930 reason=TAKE_PROFIT_OPENING_RANGE_BREAKOUT filledQty=30/30 fillRatio=1.00 weightedPnl=2.03% dailyPnl=2.03%
2026-07-09 14:29:51 INFO  SELL_FILLED 005930 reason=TAKE_PROFIT_OPENING_RANGE_BREAKOUT remainingQty=0 phase=NONE exitType=PROFIT
2026-07-09 14:29:53 INFO  BUY amount set for 042700: 10000000.00
2026-07-09 14:29:54 INFO  BUY amount set for 034020: 10000000.00
2026-07-09 14:29:54 INFO  BUY amount set for 012450: 10000000.00
2026-07-09 14:29:55 INFO  BUY amount set for 032830: 10000000.00
2026-07-09 14:29:55 INFO  BUY amount set for 477850: 10000000.00
2026-07-09 14:29:55 INFO  BUY amount set for 058730: 10000000.00
2026-07-09 14:29:55 INFO  BUY amount set for 006400: 10000000.00
2026-07-09 14:29:55 INFO  BUY amount set for 298040: 10000000.00
2026-07-09 14:29:55 INFO  BUY amount set for 035420: 10000000.00
2026-07-09 14:29:55 INFO  BUY amount set for 267260: 10000000.00
2026-07-09 14:29:55 INFO  BUY [KRX] 035420 mode=OPENING_RANGE_BREAKOUT price=203500.0000 qty=49 size=1.0000x score=68[D] | WHY: vwap=0.49% trend=2 vol(2.20x) | VWAP: 0.49%(ABOVE slope=UP) allowedGap=1.00% | TREND: score=2 vel=0.25%/0.00%/0.49% accel=true | VOL: 4709.0000/2141.0000 TO: 958281500.0000/434591975.0000 | HIGH: 204000.0000 fromHigh=-0.25% | entryNo=1
2026-07-09 14:29:55 INFO  BUY_FILLED 035420 phase=HOLDING
2026-07-09 14:29:55 INFO  BUY amount set for 347850: 10000000.00
2026-07-09 14:29:55 INFO  SELL [EOD_FORCE_SELL] 035420 pnl=-0.74% time=15:30
2026-07-09 14:29:55 INFO  SELL_EXECUTED [KRX] 035420 mode=OPENING_RANGE_BREAKOUT phase=EXITING exitType=TIMESTOP price=202000.0000 qty=49 reason=EOD_FORCE_SELL pnl=-0.74% peakPnl=0.74% holdMs=21120000 high=205000.0000 avgPrice=203500.0000 weightedPnl=-0.74% (pending fill)
2026-07-09 14:29:55 INFO  SELL_FILLED_PNL 035420 reason=EOD_FORCE_SELL filledQty=49/49 fillRatio=1.00 weightedPnl=-0.74% dailyPnl=-0.74%
2026-07-09 14:29:55 INFO  SELL_FILLED 035420 reason=EOD_FORCE_SELL remainingQty=0 phase=NONE exitType=TIMESTOP
2026-07-09 14:29:55 INFO  BUY amount set for 329180: 10000000.00
2026-07-09 14:29:55 INFO  BUY amount set for 034730: 10000000.00
2026-07-09 14:29:55 INFO  BUY amount set for 000270: 10000000.00
2026-07-09 14:29:56 INFO  BUY amount set for 012330: 10000000.00
2026-07-09 14:29:56 INFO  BUY [KRX] 006400 mode=OPENING_RANGE_BREAKOUT price=496000.0000 qty=20 size=1.0000x score=70[D] | WHY: vwap=1.73% trend=3 vol(2.06x) | VWAP: 1.73%(ABOVE slope=UP) allowedGap=1.00% | TREND: score=3 vel=0.81%/0.71%/0.61% accel=true | VOL: 18240.0000/8838.7500 TO: 9047040000.0000/4341798837.5000 | HIGH: 496500.0000 fromHigh=-0.10% | entryNo=1
2026-07-09 14:29:56 INFO  BUY_FILLED 006400 phase=HOLDING
2026-07-09 14:29:56 INFO  SELL_EXECUTED [KRX] 006400 mode=OPENING_RANGE_BREAKOUT phase=EXITING exitType=PROFIT price=507000.0000 qty=20 reason=TAKE_PROFIT_OPENING_RANGE_BREAKOUT pnl=2.22% peakPnl=2.22% holdMs=1800000 high=507000.0000 avgPrice=496000.0000 weightedPnl=2.20% (pending fill)
2026-07-09 14:29:56 INFO  SELL_FILLED_PNL 006400 reason=TAKE_PROFIT_OPENING_RANGE_BREAKOUT filledQty=20/20 fillRatio=1.00 weightedPnl=2.20% dailyPnl=2.20%
2026-07-09 14:29:56 INFO  SELL_FILLED 006400 reason=TAKE_PROFIT_OPENING_RANGE_BREAKOUT remainingQty=0 phase=NONE exitType=PROFIT
2026-07-09 14:29:57 INFO  BUY [KRX] 267260 mode=OPENING_RANGE_BREAKOUT price=1276000.0000 qty=7 size=1.0000x score=70[D] | WHY: vwap=1.00% trend=3 vol(2.26x) | VWAP: 1.00%(ABOVE slope=UP) allowedGap=1.00% | TREND: score=3 vel=0.16%/0.08%/0.39% accel=true | VOL: 2192.0000/970.1000 TO: 2796992000.0000/1231867100.0000 | HIGH: 1276000.0000 fromHigh=0.00% | entryNo=1
2026-07-09 14:29:57 INFO  BUY_FILLED 267260 phase=HOLDING
2026-07-09 14:29:57 INFO  SELL_EXECUTED [KRX] 267260 mode=OPENING_RANGE_BREAKOUT phase=EXITING exitType=STOPLOSS price=1259000.0000 qty=7 reason=STOP_LOSS_OPENING_RANGE_BREAKOUT pnl=-1.33% peakPnl=1.10% holdMs=3360000 high=1290000.0000 avgPrice=1276000.0000 weightedPnl=-1.19% (pending fill)
2026-07-09 14:29:57 INFO  SELL_FILLED_PNL 267260 reason=STOP_LOSS_OPENING_RANGE_BREAKOUT filledQty=7/7 fillRatio=1.00 weightedPnl=-1.19% dailyPnl=-1.19%
2026-07-09 14:29:57 INFO  SELL_FILLED 267260 reason=STOP_LOSS_OPENING_RANGE_BREAKOUT remainingQty=0 phase=NONE exitType=STOPLOSS
2026-07-09 14:29:59 INFO  BUY [KRX] 006400 mode=OPENING_RANGE_BREAKOUT price=600000.0000 qty=16 size=1.0000x score=70[D] | WHY: vwap=1.33% trend=3 vol(2.83x) | VWAP: 1.33%(ABOVE slope=UP) allowedGap=1.00% | TREND: score=3 vel=0.67%/0.50%/0.17% accel=true | VOL: 3595.0000/1268.9500 TO: 2157000000.0000/758688550.0000 | HIGH: 600000.0000 fromHigh=0.00% | entryNo=1
2026-07-09 14:29:59 INFO  BUY_FILLED 006400 phase=HOLDING
2026-07-09 14:29:59 INFO  SELL_EXECUTED [KRX] 006400 mode=OPENING_RANGE_BREAKOUT phase=EXITING exitType=PROFIT price=612000.0000 qty=16 reason=TAKE_PROFIT_OPENING_RANGE_BREAKOUT pnl=2.00% peakPnl=2.00% holdMs=1800000 high=612000.0000 avgPrice=600000.0000 weightedPnl=1.92% (pending fill)
2026-07-09 14:29:59 INFO  SELL_FILLED_PNL 006400 reason=TAKE_PROFIT_OPENING_RANGE_BREAKOUT filledQty=16/16 fillRatio=1.00 weightedPnl=1.92% dailyPnl=1.92%
2026-07-09 14:29:59 INFO  SELL_FILLED 006400 reason=TAKE_PROFIT_OPENING_RANGE_BREAKOUT remainingQty=0 phase=NONE exitType=PROFIT
2026-07-09 14:30:00 INFO  BUY amount set for 240810: 10000000.00
2026-07-09 14:30:01 INFO  BUY [KRX] 035420 mode=STRONG_PULLBACK price=253500.0000 qty=39 size=1.0000x score=74[D] | WHY: dayChg=-0.98% fromHigh=-1.55% spScore=74 vol3/vol10=0.69x body=1.00 | VWAP: 0.83%(ABOVE slope=UP) allowedGap=5.00% | TREND: score=3 vel=0.60%/0.20%/0.40% accel=true | VOL: 16633.0000/13740.0000 TO: 4216465500.0000/3477747275.0000 | HIGH: 257500.0000 fromHigh=-1.55% | SP: score=74 dayChg=-0.98% fromHigh=-1.55% vol3/vol10=0.69x body=1.00 | entryNo=1
2026-07-09 14:30:01 INFO  BUY_FILLED 035420 phase=HOLDING
2026-07-09 14:30:01 INFO  SELL_EXECUTED [KRX] 035420 mode=STRONG_PULLBACK phase=EXITING exitType=VWAP_BREAK price=249000.0000 qty=39 reason=VWAP_BREAK pnl=-1.78% peakPnl=0.49% holdMs=3000000 high=254750.0000 avgPrice=253500.0000 weightedPnl=-1.76% (pending fill)
2026-07-09 14:30:01 INFO  SELL_FILLED_PNL 035420 reason=VWAP_BREAK filledQty=39/39 fillRatio=1.00 weightedPnl=-1.76% dailyPnl=-1.76%
2026-07-09 14:30:01 INFO  SELL_FILLED 035420 reason=VWAP_BREAK remainingQty=0 phase=NONE exitType=VWAP_BREAK
2026-07-09 14:30:02 INFO  BUY amount set for 080220: 10000000.00
2026-07-09 14:30:02 INFO  BUY [KRX] 034730 mode=OPENING_RANGE_BREAKOUT price=742000.0000 qty=13 size=1.0000x score=70[D] | WHY: vwap=1.59% trend=3 vol(2.27x) | VWAP: 1.59%(ABOVE slope=UP) allowedGap=1.00% | TREND: score=3 vel=0.41%/0.27%/0.68% accel=true | VOL: 1935.0000/851.1000 TO: 1435770000.0000/627941150.0000 | HIGH: 743000.0000 fromHigh=-0.13% | entryNo=1
2026-07-09 14:30:02 INFO  BUY_FILLED 034730 phase=HOLDING
2026-07-09 14:30:02 INFO  SELL_EXECUTED [KRX] 034730 mode=OPENING_RANGE_BREAKOUT phase=EXITING exitType=STOPLOSS price=731000.0000 qty=13 reason=STOP_LOSS_OPENING_RANGE_BREAKOUT pnl=-1.48% peakPnl=0.94% holdMs=2700000 high=749000.0000 avgPrice=742000.0000 weightedPnl=-1.43% (pending fill)
2026-07-09 14:30:02 INFO  SELL_FILLED_PNL 034730 reason=STOP_LOSS_OPENING_RANGE_BREAKOUT filledQty=13/13 fillRatio=1.00 weightedPnl=-1.43% dailyPnl=-1.43%
2026-07-09 14:30:02 INFO  SELL_FILLED 034730 reason=STOP_LOSS_OPENING_RANGE_BREAKOUT remainingQty=0 phase=NONE exitType=STOPLOSS
2026-07-09 14:30:02 INFO  BUY amount set for 403870: 10000000.00
2026-07-09 14:30:03 INFO  BUY amount set for 010170: 10000000.00
2026-07-09 14:30:04 INFO  BUY amount set for 365660: 10000000.00
2026-07-09 14:30:04 INFO  BUY amount set for 079550: 10000000.00
2026-07-09 14:30:04 INFO  BUY amount set for 055550: 10000000.00
2026-07-09 14:30:04 INFO  BUY amount set for 196170: 10000000.00
2026-07-09 14:30:04 INFO  BUY amount set for 278470: 10000000.00
2026-07-09 14:30:04 INFO  BUY amount set for 373220: 10000000.00
2026-07-09 14:30:04 INFO  BUY amount set for 222800: 10000000.00
2026-07-09 14:30:04 INFO  BUY amount set for 001210: 10000000.00
2026-07-09 14:30:04 INFO  BUY amount set for 086520: 10000000.00
2026-07-09 14:30:05 INFO  BUY amount set for 000150: 10000000.00
2026-07-09 14:30:05 INFO  BUY amount set for 086790: 10000000.00
2026-07-09 14:30:05 INFO  BUY [KRX] 222800 mode=OPENING_RANGE_BREAKOUT price=72700.0000 qty=137 size=1.0000x score=70[D] | WHY: vwap=1.74% trend=3 vol(2.78x) | VWAP: 1.74%(ABOVE slope=UP) allowedGap=1.00% | TREND: score=3 vel=1.25%/1.11%/1.54% accel=true | VOL: 7958.0000/2860.4000 TO: 578546600.0000/204943290.0000 | HIGH: 72700.0000 fromHigh=0.00% | entryNo=1
2026-07-09 14:30:05 INFO  BUY_FILLED 222800 phase=HOLDING
2026-07-09 14:30:05 INFO  SELL [TRAIL_OPENING_RANGE_BREAKOUT] 222800 pnl=0.69% peakPnl=1.51% high=73800.0000 current=73200.0000
2026-07-09 14:30:05 INFO  BUY [KRX] 196170 mode=OPENING_RANGE_BREAKOUT price=369000.0000 qty=27 size=1.0000x score=65[D] | WHY: vwap=0.52% trend=2 vol(2.00x) | VWAP: 0.52%(ABOVE slope=UP) allowedGap=1.00% | TREND: score=2 vel=0.14%/0.00%/0.41% accel=true | VOL: 1218.0000/608.5500 TO: 449442000.0000/223640275.0000 | HIGH: 369500.0000 fromHigh=-0.14% | entryNo=1
2026-07-09 14:30:05 INFO  SELL_EXECUTED [KRX] 222800 mode=OPENING_RANGE_BREAKOUT phase=EXITING exitType=TRAIL price=73200.0000 qty=137 reason=TRAIL_OPENING_RANGE_BREAKOUT pnl=0.69% peakPnl=1.51% holdMs=420000 high=73800.0000 avgPrice=72700.0000 weightedPnl=0.69% (pending fill)
2026-07-09 14:30:05 INFO  BUY_FILLED 196170 phase=HOLDING
2026-07-09 14:30:05 INFO  SELL_FILLED_PNL 222800 reason=TRAIL_OPENING_RANGE_BREAKOUT filledQty=137/137 fillRatio=1.00 weightedPnl=0.69% dailyPnl=0.69%
2026-07-09 14:30:05 INFO  SELL_FILLED 222800 reason=TRAIL_OPENING_RANGE_BREAKOUT remainingQty=0 phase=NONE exitType=TRAIL
2026-07-09 14:30:05 INFO  SELL_EXECUTED [KRX] 196170 mode=OPENING_RANGE_BREAKOUT phase=EXITING exitType=PROFIT price=378000.0000 qty=27 reason=TAKE_PROFIT_OPENING_RANGE_BREAKOUT pnl=2.44% peakPnl=2.44% holdMs=540000 high=378000.0000 avgPrice=369000.0000 weightedPnl=2.43% (pending fill)
2026-07-09 14:30:05 INFO  SELL_FILLED_PNL 196170 reason=TAKE_PROFIT_OPENING_RANGE_BREAKOUT filledQty=27/27 fillRatio=1.00 weightedPnl=2.43% dailyPnl=2.43%
2026-07-09 14:30:05 INFO  SELL_FILLED 196170 reason=TAKE_PROFIT_OPENING_RANGE_BREAKOUT remainingQty=0 phase=NONE exitType=PROFIT
2026-07-09 14:30:05 INFO  BUY [KRX] 196170 mode=OPENING_RANGE_BREAKOUT price=380000.0000 qty=26 size=1.0000x score=65[D] | WHY: vwap=1.59% trend=3 vol(2.14x) | VWAP: 1.59%(ABOVE slope=UP) allowedGap=1.00% | TREND: score=3 vel=0.40%/0.26%/0.80% accel=true | VOL: 4544.0000/2125.1000 TO: 1726720000.0000/802169912.5000 | HIGH: 380000.0000 fromHigh=0.00% | entryNo=2
2026-07-09 14:30:05 INFO  BUY amount set for 028050: 10000000.00
2026-07-09 14:30:05 INFO  BUY_FILLED 196170 phase=HOLDING
2026-07-09 14:30:05 INFO  SELL_EXECUTED [KRX] 196170 mode=OPENING_RANGE_BREAKOUT phase=EXITING exitType=STOPLOSS price=375000.0000 qty=26 reason=STOP_LOSS_OPENING_RANGE_BREAKOUT pnl=-1.32% peakPnl=0.53% holdMs=2520000 high=382000.0000 avgPrice=380000.0000 weightedPnl=-1.30% (pending fill)
2026-07-09 14:30:05 INFO  SELL_FILLED_PNL 196170 reason=STOP_LOSS_OPENING_RANGE_BREAKOUT filledQty=26/26 fillRatio=1.00 weightedPnl=-1.30% dailyPnl=1.13%
2026-07-09 14:30:05 INFO  SELL_FILLED 196170 reason=STOP_LOSS_OPENING_RANGE_BREAKOUT remainingQty=0 phase=NONE exitType=STOPLOSS
2026-07-09 14:30:05 INFO  BUY [KRX] 086520 mode=OPENING_RANGE_BREAKOUT price=154000.0000 qty=64 size=1.0000x score=68[D] | WHY: vwap=1.10% trend=3 vol(3.11x) | VWAP: 1.10%(ABOVE slope=UP) allowedGap=1.00% | TREND: score=3 vel=0.26%/0.20%/0.20% accel=true | VOL: 20561.0000/6603.4000 TO: 3168450100.0000/1012177870.0000 | HIGH: 154400.0000 fromHigh=-0.19% | entryNo=1
2026-07-09 14:30:05 INFO  BUY_FILLED 086520 phase=HOLDING
2026-07-09 14:30:05 INFO  SELL_EXECUTED [KRX] 086520 mode=OPENING_RANGE_BREAKOUT phase=EXITING exitType=PROFIT price=157000.0000 qty=64 reason=TAKE_PROFIT_OPENING_RANGE_BREAKOUT pnl=2.01% peakPnl=2.01% holdMs=1320000 high=157200.0000 avgPrice=154100.0000 weightedPnl=1.98% (pending fill)
2026-07-09 14:30:05 INFO  SELL_FILLED_PNL 086520 reason=TAKE_PROFIT_OPENING_RANGE_BREAKOUT filledQty=64/64 fillRatio=1.00 weightedPnl=1.98% dailyPnl=1.98%
2026-07-09 14:30:05 INFO  SELL_FILLED 086520 reason=TAKE_PROFIT_OPENING_RANGE_BREAKOUT remainingQty=0 phase=NONE exitType=PROFIT
2026-07-09 14:30:06 INFO  BUY [KRX] 403870 mode=STRONG_PULLBACK price=52200.0000 qty=191 size=1.0000x score=73[D] | WHY: dayChg=5.35% fromHigh=-0.95% spScore=73 vol3/vol10=0.42x body=1.00 | VWAP: 1.41%(ABOVE slope=DN) allowedGap=5.00% | TREND: score=3 vel=0.77%/0.38%/0.19% accel=true | VOL: 4130.0000/5087.0000 TO: 215586000.0000/264637435.0000 | HIGH: 52700.0000 fromHigh=-0.95% | SP: score=73 dayChg=5.35% fromHigh=-0.95% vol3/vol10=0.42x body=1.00 | entryNo=1
2026-07-09 14:30:06 INFO  BUY_FILLED 403870 phase=HOLDING
2026-07-09 14:30:06 INFO  SELL [TRAIL_STRONG_PULLBACK] 403870 pnl=0.96% peakPnl=2.11% high=53300.0000 current=52700.0000
2026-07-09 14:30:06 INFO  SELL_EXECUTED [KRX] 403870 mode=STRONG_PULLBACK phase=EXITING exitType=TRAIL price=52700.0000 qty=191 reason=TRAIL_STRONG_PULLBACK pnl=0.96% peakPnl=2.11% holdMs=1200000 high=53300.0000 avgPrice=52200.0000 weightedPnl=0.96% (pending fill)
2026-07-09 14:30:06 INFO  SELL_FILLED_PNL 403870 reason=TRAIL_STRONG_PULLBACK filledQty=191/191 fillRatio=1.00 weightedPnl=0.96% dailyPnl=0.96%
2026-07-09 14:30:06 INFO  SELL_FILLED 403870 reason=TRAIL_STRONG_PULLBACK remainingQty=0 phase=NONE exitType=TRAIL
2026-07-09 14:30:06 INFO  BUY [KRX] 278470 mode=OPENING_RANGE_BREAKOUT price=463000.0000 qty=21 size=1.0000x score=65[D] | WHY: vwap=1.80% trend=3 vol(2.09x) | VWAP: 1.80%(ABOVE slope=UP) allowedGap=1.00% | TREND: score=3 vel=0.33%/0.22%/0.33% accel=true | VOL: 1220.0000/583.2500 TO: 564860000.0000/268774925.0000 | HIGH: 463000.0000 fromHigh=0.00% | entryNo=1
2026-07-09 14:30:06 INFO  BUY_FILLED 278470 phase=HOLDING
2026-07-09 14:30:06 INFO  SELL_EXECUTED [KRX] 278470 mode=OPENING_RANGE_BREAKOUT phase=EXITING exitType=STOPLOSS price=456500.0000 qty=21 reason=STOP_LOSS_OPENING_RANGE_BREAKOUT pnl=-1.40% peakPnl=0.76% holdMs=13020000 high=466500.0000 avgPrice=463000.0000 weightedPnl=-1.37% (pending fill)
2026-07-09 14:30:06 INFO  SELL_FILLED_PNL 278470 reason=STOP_LOSS_OPENING_RANGE_BREAKOUT filledQty=21/21 fillRatio=1.00 weightedPnl=-1.37% dailyPnl=-1.37%
2026-07-09 14:30:06 INFO  SELL_FILLED 278470 reason=STOP_LOSS_OPENING_RANGE_BREAKOUT remainingQty=0 phase=NONE exitType=STOPLOSS
2026-07-09 14:30:06 INFO  BUY [KRX] 028050 mode=OPENING_RANGE_BREAKOUT price=50900.0000 qty=196 size=1.0000x score=70[D] | WHY: vwap=1.13% trend=2 vol(4.27x) | VWAP: 1.13%(ABOVE slope=UP) allowedGap=1.00% | TREND: score=2 vel=0.20%/0.00%/0.79% accel=true | VOL: 21603.0000/5058.1500 TO: 1099592700.0000/256366330.0000 | HIGH: 51000.0000 fromHigh=-0.20% | entryNo=1
2026-07-09 14:30:06 INFO  BUY_FILLED 028050 phase=HOLDING
2026-07-09 14:30:07 INFO  SELL [TRAIL_OPENING_RANGE_BREAKOUT] 028050 pnl=0.79% peakPnl=1.77% high=51800.0000 current=51300.0000
2026-07-09 14:30:07 INFO  SELL_EXECUTED [KRX] 028050 mode=OPENING_RANGE_BREAKOUT phase=EXITING exitType=TRAIL price=51300.0000 qty=196 reason=TRAIL_OPENING_RANGE_BREAKOUT pnl=0.79% peakPnl=1.77% holdMs=12360000 high=51800.0000 avgPrice=50900.0000 weightedPnl=0.78% (pending fill)
2026-07-09 14:30:07 INFO  SELL_FILLED_PNL 028050 reason=TRAIL_OPENING_RANGE_BREAKOUT filledQty=196/196 fillRatio=1.00 weightedPnl=0.78% dailyPnl=0.78%
2026-07-09 14:30:07 INFO  SELL_FILLED 028050 reason=TRAIL_OPENING_RANGE_BREAKOUT remainingQty=0 phase=NONE exitType=TRAIL
2026-07-09 14:30:08 INFO  BUY [KRX] 010170 mode=STRONG_PULLBACK price=27550.0000 qty=362 size=1.0000x score=72[D] | WHY: dayChg=-0.90% fromHigh=-1.78% spScore=72 vol3/vol10=1.14x body=1.00 | VWAP: 1.83%(ABOVE slope=DN) allowedGap=5.00% | TREND: score=1 vel=0.36%/-0.18%/-0.72% accel=true | VOL: 79040.0000/89006.0000 TO: 2177552000.0000/2474478702.5000 | HIGH: 28050.0000 fromHigh=-1.78% | SP: score=72 dayChg=-0.90% fromHigh=-1.78% vol3/vol10=1.14x body=1.00 | entryNo=1
2026-07-09 14:30:08 INFO  BUY_FILLED 010170 phase=HOLDING
2026-07-09 14:30:08 INFO  SELL_EXECUTED [KRX] 010170 mode=STRONG_PULLBACK phase=EXITING exitType=STOPLOSS price=27000.0000 qty=362 reason=STOP_LOSS_STRONG_PULLBACK pnl=-2.00% peakPnl=0.00% holdMs=1380000 high=27550.0000 avgPrice=27550.0000 weightedPnl=-1.99% (pending fill)
2026-07-09 14:30:08 INFO  SELL_FILLED_PNL 010170 reason=STOP_LOSS_STRONG_PULLBACK filledQty=362/362 fillRatio=1.00 weightedPnl=-1.99% dailyPnl=-1.99%
2026-07-09 14:30:08 INFO  SELL_FILLED 010170 reason=STOP_LOSS_STRONG_PULLBACK remainingQty=0 phase=NONE exitType=STOPLOSS
2026-07-09 14:30:09 INFO  BUY [KRX] 055550 mode=OPENING_RANGE_BREAKOUT price=98800.0000 qty=101 size=1.0000x score=70[D] | WHY: vwap=1.77% trend=3 vol(2.11x) | VWAP: 1.77%(ABOVE slope=UP) allowedGap=1.00% | TREND: score=3 vel=0.61%/0.51%/0.20% accel=true | VOL: 6633.0000/3145.5500 TO: 655340400.0000/308656380.0000 | HIGH: 98800.0000 fromHigh=0.00% | entryNo=1
2026-07-09 14:30:09 INFO  BUY_FILLED 055550 phase=HOLDING
2026-07-09 14:30:09 INFO  SELL_EXECUTED [KRX] 055550 mode=OPENING_RANGE_BREAKOUT phase=EXITING exitType=PROFIT price=101000.0000 qty=101 reason=TAKE_PROFIT_OPENING_RANGE_BREAKOUT pnl=2.02% peakPnl=2.02% holdMs=3900000 high=100800.0000 avgPrice=98800.0000 weightedPnl=2.02% (pending fill)
2026-07-09 14:30:09 INFO  SELL_FILLED_PNL 055550 reason=TAKE_PROFIT_OPENING_RANGE_BREAKOUT filledQty=101/101 fillRatio=1.00 weightedPnl=2.02% dailyPnl=2.02%
2026-07-09 14:30:09 INFO  SELL_FILLED 055550 reason=TAKE_PROFIT_OPENING_RANGE_BREAKOUT remainingQty=0 phase=NONE exitType=PROFIT
2026-07-09 14:30:09 INFO  BUY amount set for 189330: 10000000.00
2026-07-09 14:30:09 INFO  BUY [KRX] 222800 mode=STRONG_PULLBACK price=104500.0000 qty=95 size=1.0000x score=73[D] | WHY: dayChg=4.30% fromHigh=-1.88% spScore=73 vol3/vol10=0.94x body=1.00 | VWAP: 4.17%(ABOVE slope=UP) allowedGap=5.00% | TREND: score=3 vel=0.48%/0.38%/0.38% accel=true | VOL: 4003.0000/3057.7000 TO: 417512900.0000/320557845.0000 | HIGH: 106300.0000 fromHigh=-1.88% | SP: score=73 dayChg=4.30% fromHigh=-1.88% vol3/vol10=0.94x body=1.00 | entryNo=1
2026-07-09 14:30:09 INFO  BUY_FILLED 222800 phase=HOLDING
2026-07-09 14:30:09 INFO  SELL_EXECUTED [KRX] 222800 mode=STRONG_PULLBACK phase=EXITING exitType=STOPLOSS price=101300.0000 qty=95 reason=EMERGENCY_STOP pnl=-2.88% peakPnl=0.19% holdMs=1800000 high=104500.0000 avgPrice=104300.0000 weightedPnl=-2.85% (pending fill)
2026-07-09 14:30:09 INFO  SELL_FILLED_PNL 222800 reason=EMERGENCY_STOP filledQty=95/95 fillRatio=1.00 weightedPnl=-2.85% dailyPnl=-2.85%
2026-07-09 14:30:09 INFO  SELL_FILLED 222800 reason=EMERGENCY_STOP remainingQty=0 phase=NONE exitType=STOPLOSS
2026-07-09 14:30:10 INFO  BUY [KRX] 222800 mode=STRONG_PULLBACK price=104000.0000 qty=96 size=1.0000x score=80[B] | WHY: dayChg=14.25% fromHigh=-1.70% spScore=80 vol3/vol10=0.56x body=1.00 | VWAP: 6.09%(ABOVE slope=UP) allowedGap=5.00% | TREND: score=2 vel=1.17%/0.48%/0.00% accel=true | VOL: 1953.0000/2387.1000 TO: 203502600.0000/248605545.0000 | HIGH: 106000.0000 fromHigh=-1.70% | SP: score=80 dayChg=14.25% fromHigh=-1.70% vol3/vol10=0.56x body=1.00 | entryNo=1
2026-07-09 14:30:10 INFO  BUY_FILLED 222800 phase=HOLDING
2026-07-09 14:30:10 INFO  SELL_EXECUTED [KRX] 222800 mode=STRONG_PULLBACK phase=EXITING exitType=PROFIT price=107500.0000 qty=96 reason=TAKE_PROFIT_STRONG_PULLBACK pnl=3.07% peakPnl=3.07% holdMs=4800000 high=107400.0000 avgPrice=104200.0000 weightedPnl=3.07% (pending fill)
2026-07-09 14:30:10 INFO  SELL_FILLED_PNL 222800 reason=TAKE_PROFIT_STRONG_PULLBACK filledQty=96/96 fillRatio=1.00 weightedPnl=3.07% dailyPnl=3.07%
2026-07-09 14:30:10 INFO  SELL_FILLED 222800 reason=TAKE_PROFIT_STRONG_PULLBACK remainingQty=0 phase=NONE exitType=PROFIT
2026-07-09 14:30:10 INFO  BUY [KRX] 055550 mode=OPENING_RANGE_BREAKOUT price=101500.0000 qty=98 size=1.0000x score=70[D] | WHY: vwap=1.61% trend=3 vol(2.05x) | VWAP: 1.61%(ABOVE slope=UP) allowedGap=1.00% | TREND: score=3 vel=0.60%/0.50%/0.70% accel=true | VOL: 4363.0000/2131.1500 TO: 442408200.0000/215429795.0000 | HIGH: 101500.0000 fromHigh=-0.10% | entryNo=1
2026-07-09 14:30:10 INFO  BUY_FILLED 055550 phase=HOLDING
2026-07-09 14:30:10 INFO  SELL_EXECUTED [KRX] 055550 mode=OPENING_RANGE_BREAKOUT phase=EXITING exitType=PROFIT price=103500.0000 qty=98 reason=TAKE_PROFIT_OPENING_RANGE_BREAKOUT pnl=2.17% peakPnl=2.17% holdMs=7620000 high=103600.0000 avgPrice=101400.0000 weightedPnl=2.16% (pending fill)
2026-07-09 14:30:10 INFO  SELL_FILLED_PNL 055550 reason=TAKE_PROFIT_OPENING_RANGE_BREAKOUT filledQty=98/98 fillRatio=1.00 weightedPnl=2.16% dailyPnl=2.16%
2026-07-09 14:30:10 INFO  SELL_FILLED 055550 reason=TAKE_PROFIT_OPENING_RANGE_BREAKOUT remainingQty=0 phase=NONE exitType=PROFIT
2026-07-09 14:30:11 INFO  BUY amount set for 003490: 10000000.00
2026-07-09 14:30:12 INFO  BUY amount set for 009830: 10000000.00
2026-07-09 14:30:13 INFO  BUY amount set for 319660: 10000000.00
2026-07-09 14:30:14 INFO  BUY [KRX] 003490 mode=OPENING_RANGE_BREAKOUT price=24800.0000 qty=403 size=1.0000x score=63[D] | WHY: vwap=1.00% trend=3 vol(2.25x) | VWAP: 1.00%(ABOVE slope=UP) allowedGap=1.00% | TREND: score=3 vel=0.61%/0.40%/0.20% accel=true | VOL: 25567.0000/11350.2500 TO: 634061600.0000/279895770.0000 | HIGH: 25000.0000 fromHigh=-0.80% | entryNo=1
2026-07-09 14:30:14 INFO  BUY_FILLED 003490 phase=HOLDING
2026-07-09 14:30:14 INFO  SELL_EXECUTED [KRX] 003490 mode=OPENING_RANGE_BREAKOUT phase=EXITING exitType=STOPLOSS price=24350.0000 qty=403 reason=STOP_LOSS_OPENING_RANGE_BREAKOUT pnl=-1.81% peakPnl=-0.40% holdMs=1080000 high=24700.0000 avgPrice=24800.0000 weightedPnl=-1.81% (pending fill)
2026-07-09 14:30:14 INFO  SELL_FILLED_PNL 003490 reason=STOP_LOSS_OPENING_RANGE_BREAKOUT filledQty=403/403 fillRatio=1.00 weightedPnl=-1.81% dailyPnl=-1.81%
2026-07-09 14:30:14 INFO  SELL_FILLED 003490 reason=STOP_LOSS_OPENING_RANGE_BREAKOUT remainingQty=0 phase=NONE exitType=STOPLOSS
2026-07-09 14:30:15 INFO  BUY [KRX] 003490 mode=OPENING_RANGE_BREAKOUT price=27200.0000 qty=367 size=1.0000x score=65[D] | WHY: vwap=1.72% trend=2 vol(2.93x) | VWAP: 1.72%(ABOVE slope=UP) allowedGap=1.00% | TREND: score=2 vel=0.55%/0.18%/0.00% accel=true | VOL: 26211.0000/8952.4500 TO: 712939200.0000/242720032.5000 | HIGH: 27200.0000 fromHigh=0.00% | entryNo=1
2026-07-09 14:30:15 INFO  BUY_FILLED 003490 phase=HOLDING
2026-07-09 14:30:15 INFO  SELL_EXECUTED [KRX] 003490 mode=OPENING_RANGE_BREAKOUT phase=EXITING exitType=STOPLOSS price=26750.0000 qty=367 reason=STOP_LOSS_OPENING_RANGE_BREAKOUT pnl=-1.65% peakPnl=1.10% holdMs=6720000 high=27500.0000 avgPrice=27200.0000 weightedPnl=-1.65% (pending fill)
2026-07-09 14:30:15 INFO  SELL_FILLED_PNL 003490 reason=STOP_LOSS_OPENING_RANGE_BREAKOUT filledQty=367/367 fillRatio=1.00 weightedPnl=-1.65% dailyPnl=-1.65%
2026-07-09 14:30:15 INFO  SELL_FILLED 003490 reason=STOP_LOSS_OPENING_RANGE_BREAKOUT remainingQty=0 phase=NONE exitType=STOPLOSS
2026-07-09 14:30:16 INFO  BUY [KRX] 009830 mode=STRONG_PULLBACK price=31650.0000 qty=315 size=1.0000x score=78[C] | WHY: dayChg=5.32% fromHigh=-1.86% spScore=78 vol3/vol10=0.69x body=1.00 | VWAP: 0.93%(ABOVE slope=DN) allowedGap=5.00% | TREND: score=1 vel=0.32%/0.00%/-0.31% accel=true | VOL: 6890.0000/8120.7500 TO: 218068500.0000/259925475.0000 | HIGH: 32250.0000 fromHigh=-1.86% | SP: score=78 dayChg=5.32% fromHigh=-1.86% vol3/vol10=0.69x body=1.00 | entryNo=1
2026-07-09 14:30:16 INFO  BUY_FILLED 009830 phase=HOLDING
2026-07-09 14:30:16 INFO  SELL_EXECUTED [KRX] 009830 mode=STRONG_PULLBACK phase=EXITING exitType=STOPLOSS price=31050.0000 qty=315 reason=STOP_LOSS_STRONG_PULLBACK pnl=-1.90% peakPnl=0.47% holdMs=1560000 high=31800.0000 avgPrice=31650.0000 weightedPnl=-1.89% (pending fill)
2026-07-09 14:30:16 INFO  SELL_FILLED_PNL 009830 reason=STOP_LOSS_STRONG_PULLBACK filledQty=315/315 fillRatio=1.00 weightedPnl=-1.89% dailyPnl=-1.89%
2026-07-09 14:30:16 INFO  SELL_FILLED 009830 reason=STOP_LOSS_STRONG_PULLBACK remainingQty=0 phase=NONE exitType=STOPLOSS
2026-07-09 15:59:38 INFO  BUY amount set for 066570: 10000000.00
2026-07-09 15:59:38 INFO  BUY amount set for 002990: 10000000.00
2026-07-09 15:59:38 INFO  BUY amount set for 005930: 10000000.00
2026-07-09 15:59:38 INFO  BUY amount set for 036930: 10000000.00
2026-07-09 15:59:38 INFO  BUY amount set for 042660: 10000000.00
2026-07-09 15:59:38 INFO  BUY amount set for 005380: 10000000.00
2026-07-09 15:59:38 INFO  BUY amount set for 000660: 10000000.00
2026-07-09 15:59:38 INFO  BUY amount set for 005935: 10000000.00
2026-07-09 15:59:38 INFO  BUY amount set for 042700: 10000000.00
2026-07-09 15:59:39 INFO  BUY amount set for 011070: 10000000.00
2026-07-09 15:59:38 INFO  BUY amount set for 105560: 10000000.00
2026-07-09 15:59:39 INFO  BUY amount set for 024060: 10000000.00
2026-07-09 15:59:39 INFO  BUY amount set for 009150: 10000000.00
2026-07-09 15:59:39 INFO  BUY amount set for 402340: 10000000.00
2026-07-09 15:59:39 INFO  BUY amount set for 028260: 10000000.00
2026-07-09 15:59:40 INFO  BUY [KRX] 066570 mode=OPENING_RANGE_BREAKOUT price=124500.0000 qty=80 size=1.0000x score=70[D] | WHY: vwap=0.84% trend=3 vol(2.25x) | VWAP: 0.84%(ABOVE slope=UP) allowedGap=1.00% | TREND: score=3 vel=0.16%/0.08%/0.24% accel=true | VOL: 8289.0000/3687.7500 TO: 1031980500.0000/456902175.0000 | HIGH: 124600.0000 fromHigh=-0.08% | entryNo=1
2026-07-09 15:59:40 INFO  BUY_FILLED 066570 phase=HOLDING
2026-07-09 15:59:40 INFO  SELL_EXECUTED [KRX] 066570 mode=OPENING_RANGE_BREAKOUT phase=EXITING exitType=PROFIT price=127000.0000 qty=80 reason=TAKE_PROFIT_OPENING_RANGE_BREAKOUT pnl=2.01% peakPnl=2.01% holdMs=8820000 high=127000.0000 avgPrice=124500.0000 weightedPnl=2.00% (pending fill)
2026-07-09 15:59:40 INFO  SELL_FILLED_PNL 066570 reason=TAKE_PROFIT_OPENING_RANGE_BREAKOUT filledQty=80/80 fillRatio=1.00 weightedPnl=2.00% dailyPnl=2.00%
2026-07-09 15:59:40 INFO  SELL_FILLED 066570 reason=TAKE_PROFIT_OPENING_RANGE_BREAKOUT remainingQty=0 phase=NONE exitType=PROFIT
2026-07-09 15:59:40 INFO  BUY [KRX] 042660 mode=OPENING_RANGE_BREAKOUT price=129000.0000 qty=77 size=1.0000x score=70[D] | WHY: vwap=0.59% trend=3 vol(2.19x) | VWAP: 0.59%(ABOVE slope=UP) allowedGap=1.00% | TREND: score=3 vel=0.16%/0.08%/0.31% accel=true | VOL: 16858.0000/7695.3500 TO: 2176367800.0000/991021115.0000 | HIGH: 129200.0000 fromHigh=-0.08% | entryNo=1
2026-07-09 15:59:40 INFO  BUY_FILLED 042660 phase=HOLDING
2026-07-09 15:59:40 INFO  SELL_EXECUTED [KRX] 042660 mode=OPENING_RANGE_BREAKOUT phase=EXITING exitType=PROFIT price=132000.0000 qty=77 reason=TAKE_PROFIT_OPENING_RANGE_BREAKOUT pnl=2.09% peakPnl=2.09% holdMs=3000000 high=131800.0000 avgPrice=129100.0000 weightedPnl=2.08% (pending fill)
2026-07-09 15:59:40 INFO  SELL_FILLED_PNL 042660 reason=TAKE_PROFIT_OPENING_RANGE_BREAKOUT filledQty=77/77 fillRatio=1.00 weightedPnl=2.08% dailyPnl=2.08%
2026-07-09 15:59:40 INFO  SELL_FILLED 042660 reason=TAKE_PROFIT_OPENING_RANGE_BREAKOUT remainingQty=0 phase=NONE exitType=PROFIT
2026-07-09 15:59:41 INFO  BUY [KRX] 000660 mode=OPENING_RANGE_BREAKOUT price=1284000.0000 qty=7 size=1.0000x score=70[D] | WHY: vwap=0.79% trend=2 vol(2.69x) | VWAP: 0.79%(ABOVE slope=UP) allowedGap=1.00% | TREND: score=2 vel=0.23%/0.20%/0.00% accel=true | VOL: 35373.0000/13145.1000 TO: 45418932000.0000/16846023375.0000 | HIGH: 1286000.0000 fromHigh=-0.16% | entryNo=1
2026-07-09 15:59:41 INFO  BUY_FILLED 000660 phase=HOLDING
2026-07-09 15:59:41 INFO  SELL_EXECUTED [KRX] 000660 mode=OPENING_RANGE_BREAKOUT phase=EXITING exitType=PROFIT price=1312000.0000 qty=7 reason=TAKE_PROFIT_OPENING_RANGE_BREAKOUT pnl=2.18% peakPnl=2.18% holdMs=11580000 high=1312000.0000 avgPrice=1284000.0000 weightedPnl=1.96% (pending fill)
2026-07-09 15:59:41 INFO  SELL_FILLED_PNL 000660 reason=TAKE_PROFIT_OPENING_RANGE_BREAKOUT filledQty=7/7 fillRatio=1.00 weightedPnl=1.96% dailyPnl=1.96%
2026-07-09 15:59:41 INFO  SELL_FILLED 000660 reason=TAKE_PROFIT_OPENING_RANGE_BREAKOUT remainingQty=0 phase=NONE exitType=PROFIT
2026-07-09 15:59:45 INFO  BUY [KRX] 105560 mode=OPENING_RANGE_BREAKOUT price=160000.0000 qty=62 size=1.0000x score=70[D] | WHY: vwap=1.46% trend=3 vol(2.65x) | VWAP: 1.46%(ABOVE slope=UP) allowedGap=1.00% | TREND: score=3 vel=0.44%/0.19%/0.69% accel=true | VOL: 14160.0000/5339.7000 TO: 2267016000.0000/848446000.0000 | HIGH: 160100.0000 fromHigh=0.00% | entryNo=1
2026-07-09 15:59:45 INFO  BUY_FILLED 105560 phase=HOLDING
2026-07-09 15:59:45 INFO  BUY [KRX] 042660 mode=OPENING_RANGE_BREAKOUT price=122000.0000 qty=81 size=1.0000x score=70[D] | WHY: vwap=1.70% trend=3 vol(2.20x) | VWAP: 1.70%(ABOVE slope=UP) allowedGap=1.00% | TREND: score=3 vel=0.50%/0.25%/1.25% accel=true | VOL: 21413.0000/9748.8000 TO: 2608103400.0000/1176352600.0000 | HIGH: 121800.0000 fromHigh=0.00% | entryNo=1
2026-07-09 15:59:45 INFO  BUY_FILLED 042660 phase=HOLDING
2026-07-09 15:59:45 INFO  SELL [EOD_FORCE_SELL] 105560 pnl=-0.06% time=15:30
2026-07-09 15:59:45 INFO  SELL_EXECUTED [KRX] 105560 mode=OPENING_RANGE_BREAKOUT phase=EXITING exitType=TIMESTOP price=160000.0000 qty=62 reason=EOD_FORCE_SELL pnl=-0.06% peakPnl=0.56% holdMs=20820000 high=161000.0000 avgPrice=160100.0000 weightedPnl=-0.06% (pending fill)
2026-07-09 15:59:45 INFO  SELL_FILLED_PNL 105560 reason=EOD_FORCE_SELL filledQty=62/62 fillRatio=1.00 weightedPnl=-0.06% dailyPnl=-0.06%
2026-07-09 15:59:45 INFO  SELL_FILLED 105560 reason=EOD_FORCE_SELL remainingQty=0 phase=NONE exitType=TIMESTOP
2026-07-09 15:59:45 INFO  SELL_EXECUTED [KRX] 042660 mode=OPENING_RANGE_BREAKOUT phase=EXITING exitType=STOPLOSS price=119900.0000 qty=81 reason=STOP_LOSS_OPENING_RANGE_BREAKOUT pnl=-1.56% peakPnl=0.33% holdMs=1860000 high=122200.0000 avgPrice=121800.0000 weightedPnl=-1.54% (pending fill)
2026-07-09 15:59:45 INFO  SELL_FILLED_PNL 042660 reason=STOP_LOSS_OPENING_RANGE_BREAKOUT filledQty=81/81 fillRatio=1.00 weightedPnl=-1.54% dailyPnl=-1.54%
2026-07-09 15:59:45 INFO  SELL_FILLED 042660 reason=STOP_LOSS_OPENING_RANGE_BREAKOUT remainingQty=0 phase=NONE exitType=STOPLOSS
2026-07-09 15:59:46 INFO  BUY [KRX] 005930 mode=OPENING_RANGE_BREAKOUT price=330000.0000 qty=30 size=1.0000x score=70[D] | WHY: vwap=1.34% trend=3 vol(2.38x) | VWAP: 1.34%(ABOVE slope=UP) allowedGap=1.00% | TREND: score=3 vel=0.84%/0.76%/1.54% accel=true | VOL: 373155.0000/156780.8500 TO: 123141150000.0000/51228266787.5000 | HIGH: 330000.0000 fromHigh=0.00% | entryNo=1
2026-07-09 15:59:46 INFO  BUY_FILLED 005930 phase=HOLDING
2026-07-09 15:59:46 INFO  SELL_EXECUTED [KRX] 005930 mode=OPENING_RANGE_BREAKOUT phase=EXITING exitType=PROFIT price=337000.0000 qty=30 reason=TAKE_PROFIT_OPENING_RANGE_BREAKOUT pnl=2.05% peakPnl=2.05% holdMs=1740000 high=336750.0000 avgPrice=330000.0000 weightedPnl=2.03% (pending fill)
2026-07-09 15:59:46 INFO  SELL_FILLED_PNL 005930 reason=TAKE_PROFIT_OPENING_RANGE_BREAKOUT filledQty=30/30 fillRatio=1.00 weightedPnl=2.03% dailyPnl=2.03%
2026-07-09 15:59:46 INFO  SELL_FILLED 005930 reason=TAKE_PROFIT_OPENING_RANGE_BREAKOUT remainingQty=0 phase=NONE exitType=PROFIT
2026-07-09 15:59:48 INFO  BUY amount set for 034020: 10000000.00
2026-07-09 15:59:49 INFO  BUY amount set for 010120: 10000000.00
2026-07-09 15:59:50 INFO  BUY [KRX] 010120 mode=OPENING_RANGE_BREAKOUT price=191500.0000 qty=52 size=1.0000x score=70[D] | WHY: vwap=1.36% trend=3 vol(2.55x) | VWAP: 1.36%(ABOVE slope=UP) allowedGap=1.00% | TREND: score=3 vel=0.68%/0.63%/0.79% accel=true | VOL: 11327.0000/4444.7500 TO: 2167987800.0000/844421650.0000 | HIGH: 191500.0000 fromHigh=-0.05% | entryNo=1
2026-07-09 15:59:50 INFO  BUY_FILLED 010120 phase=HOLDING
2026-07-09 15:59:50 INFO  BUY amount set for 012450: 10000000.00
2026-07-09 15:59:50 INFO  SELL_EXECUTED [KRX] 010120 mode=OPENING_RANGE_BREAKOUT phase=EXITING exitType=STOPLOSS price=188900.0000 qty=52 reason=STOP_LOSS_OPENING_RANGE_BREAKOUT pnl=-1.31% peakPnl=0.10% holdMs=9420000 high=191600.0000 avgPrice=191400.0000 weightedPnl=-1.30% (pending fill)
2026-07-09 15:59:50 INFO  SELL_FILLED_PNL 010120 reason=STOP_LOSS_OPENING_RANGE_BREAKOUT filledQty=52/52 fillRatio=1.00 weightedPnl=-1.30% dailyPnl=-1.30%
2026-07-09 15:59:50 INFO  SELL_FILLED 010120 reason=STOP_LOSS_OPENING_RANGE_BREAKOUT remainingQty=0 phase=NONE exitType=STOPLOSS
2026-07-09 15:59:51 INFO  BUY amount set for 032830: 10000000.00
2026-07-09 15:59:51 INFO  BUY amount set for 001210: 10000000.00
2026-07-09 15:59:51 INFO  BUY amount set for 006400: 10000000.00
2026-07-09 15:59:51 INFO  BUY amount set for 035420: 10000000.00
2026-07-09 15:59:51 INFO  BUY [KRX] 035420 mode=OPENING_RANGE_BREAKOUT price=203500.0000 qty=49 size=1.0000x score=68[D] | WHY: vwap=0.49% trend=2 vol(2.20x) | VWAP: 0.49%(ABOVE slope=UP) allowedGap=1.00% | TREND: score=2 vel=0.25%/0.00%/0.49% accel=true | VOL: 4709.0000/2141.0000 TO: 958281500.0000/434591975.0000 | HIGH: 204000.0000 fromHigh=-0.25% | entryNo=1
2026-07-09 15:59:51 INFO  BUY_FILLED 035420 phase=HOLDING
2026-07-09 15:59:51 INFO  BUY amount set for 000270: 10000000.00
2026-07-09 15:59:51 INFO  BUY amount set for 267260: 10000000.00
2026-07-09 15:59:51 INFO  BUY amount set for 477850: 10000000.00
2026-07-09 15:59:51 INFO  BUY amount set for 298040: 10000000.00
2026-07-09 15:59:51 INFO  SELL [EOD_FORCE_SELL] 035420 pnl=-0.74% time=15:30
2026-07-09 15:59:52 INFO  SELL_EXECUTED [KRX] 035420 mode=OPENING_RANGE_BREAKOUT phase=EXITING exitType=TIMESTOP price=202000.0000 qty=49 reason=EOD_FORCE_SELL pnl=-0.74% peakPnl=0.74% holdMs=21120000 high=205000.0000 avgPrice=203500.0000 weightedPnl=-0.74% (pending fill)
2026-07-09 15:59:52 INFO  BUY amount set for 058730: 10000000.00
2026-07-09 15:59:52 INFO  SELL_FILLED_PNL 035420 reason=EOD_FORCE_SELL filledQty=49/49 fillRatio=1.00 weightedPnl=-0.74% dailyPnl=-0.74%
2026-07-09 15:59:52 INFO  SELL_FILLED 035420 reason=EOD_FORCE_SELL remainingQty=0 phase=NONE exitType=TIMESTOP
2026-07-09 15:59:52 INFO  BUY amount set for 329180: 10000000.00
2026-07-09 15:59:52 INFO  BUY amount set for 012330: 10000000.00
2026-07-09 15:59:52 INFO  BUY [KRX] 006400 mode=OPENING_RANGE_BREAKOUT price=496000.0000 qty=20 size=1.0000x score=70[D] | WHY: vwap=1.73% trend=3 vol(2.06x) | VWAP: 1.73%(ABOVE slope=UP) allowedGap=1.00% | TREND: score=3 vel=0.81%/0.71%/0.61% accel=true | VOL: 18240.0000/8838.7500 TO: 9047040000.0000/4341798837.5000 | HIGH: 496500.0000 fromHigh=-0.10% | entryNo=1
2026-07-09 15:59:52 INFO  BUY_FILLED 006400 phase=HOLDING
2026-07-09 15:59:52 INFO  SELL_EXECUTED [KRX] 006400 mode=OPENING_RANGE_BREAKOUT phase=EXITING exitType=PROFIT price=507000.0000 qty=20 reason=TAKE_PROFIT_OPENING_RANGE_BREAKOUT pnl=2.22% peakPnl=2.22% holdMs=1800000 high=507000.0000 avgPrice=496000.0000 weightedPnl=2.20% (pending fill)
2026-07-09 15:59:52 INFO  SELL_FILLED_PNL 006400 reason=TAKE_PROFIT_OPENING_RANGE_BREAKOUT filledQty=20/20 fillRatio=1.00 weightedPnl=2.20% dailyPnl=2.20%
2026-07-09 15:59:53 INFO  SELL_FILLED 006400 reason=TAKE_PROFIT_OPENING_RANGE_BREAKOUT remainingQty=0 phase=NONE exitType=PROFIT
2026-07-09 15:59:53 INFO  BUY amount set for 034730: 10000000.00
2026-07-09 15:59:53 INFO  BUY [KRX] 034730 mode=BREAKOUT price=353000.0000 qty=28 size=1.0000x score=73[D] | WHY: strongBreakout volBreakout retestOK multiUp vol(2.99x) | VWAP: 0.98%(ABOVE slope=UP) allowedGap=1.50% | TREND: score=3 vel=0.43%/0.28%/0.43% accel=true | VOL: 1370.0000/457.7000 TO: 483610000.0000/160973312.5000 | HIGH: 353500.0000 fromHigh=-0.14% | entryNo=1
2026-07-09 15:59:53 INFO  BUY_FILLED 034730 phase=HOLDING
2026-07-09 15:59:53 INFO  SELL_EXECUTED [KRX] 034730 mode=BREAKOUT phase=EXITING exitType=PROFIT price=360500.0000 qty=28 reason=TAKE_PROFIT_BREAKOUT pnl=2.12% peakPnl=2.12% holdMs=6120000 high=360500.0000 avgPrice=353000.0000 weightedPnl=2.10% (pending fill)
2026-07-09 15:59:53 INFO  SELL_FILLED_PNL 034730 reason=TAKE_PROFIT_BREAKOUT filledQty=28/28 fillRatio=1.00 weightedPnl=2.10% dailyPnl=2.10%
2026-07-09 15:59:53 INFO  SELL_FILLED 034730 reason=TAKE_PROFIT_BREAKOUT remainingQty=0 phase=NONE exitType=PROFIT
2026-07-09 15:59:54 INFO  BUY [KRX] 267260 mode=OPENING_RANGE_BREAKOUT price=1276000.0000 qty=7 size=1.0000x score=70[D] | WHY: vwap=1.00% trend=3 vol(2.26x) | VWAP: 1.00%(ABOVE slope=UP) allowedGap=1.00% | TREND: score=3 vel=0.16%/0.08%/0.39% accel=true | VOL: 2192.0000/970.1000 TO: 2796992000.0000/1231867100.0000 | HIGH: 1276000.0000 fromHigh=0.00% | entryNo=1
2026-07-09 15:59:54 INFO  BUY_FILLED 267260 phase=HOLDING
2026-07-09 15:59:54 INFO  SELL_EXECUTED [KRX] 267260 mode=OPENING_RANGE_BREAKOUT phase=EXITING exitType=STOPLOSS price=1259000.0000 qty=7 reason=STOP_LOSS_OPENING_RANGE_BREAKOUT pnl=-1.33% peakPnl=1.10% holdMs=3360000 high=1290000.0000 avgPrice=1276000.0000 weightedPnl=-1.19% (pending fill)
2026-07-09 15:59:54 INFO  SELL_FILLED_PNL 267260 reason=STOP_LOSS_OPENING_RANGE_BREAKOUT filledQty=7/7 fillRatio=1.00 weightedPnl=-1.19% dailyPnl=-1.19%
2026-07-09 15:59:55 INFO  SELL_FILLED 267260 reason=STOP_LOSS_OPENING_RANGE_BREAKOUT remainingQty=0 phase=NONE exitType=STOPLOSS
2026-07-09 15:59:56 INFO  BUY [KRX] 006400 mode=OPENING_RANGE_BREAKOUT price=600000.0000 qty=16 size=1.0000x score=70[D] | WHY: vwap=1.33% trend=3 vol(2.83x) | VWAP: 1.33%(ABOVE slope=UP) allowedGap=1.00% | TREND: score=3 vel=0.67%/0.50%/0.17% accel=true | VOL: 3595.0000/1268.9500 TO: 2157000000.0000/758688550.0000 | HIGH: 600000.0000 fromHigh=0.00% | entryNo=1
2026-07-09 15:59:56 INFO  BUY_FILLED 006400 phase=HOLDING
2026-07-09 15:59:56 INFO  SELL_EXECUTED [KRX] 006400 mode=OPENING_RANGE_BREAKOUT phase=EXITING exitType=PROFIT price=612000.0000 qty=16 reason=TAKE_PROFIT_OPENING_RANGE_BREAKOUT pnl=2.00% peakPnl=2.00% holdMs=1800000 high=612000.0000 avgPrice=600000.0000 weightedPnl=1.92% (pending fill)
2026-07-09 15:59:56 INFO  SELL_FILLED_PNL 006400 reason=TAKE_PROFIT_OPENING_RANGE_BREAKOUT filledQty=16/16 fillRatio=1.00 weightedPnl=1.92% dailyPnl=1.92%
2026-07-09 15:59:56 INFO  SELL_FILLED 006400 reason=TAKE_PROFIT_OPENING_RANGE_BREAKOUT remainingQty=0 phase=NONE exitType=PROFIT
2026-07-09 15:59:59 INFO  BUY amount set for 347850: 10000000.00
2026-07-09 15:59:59 INFO  BUY amount set for 055550: 10000000.00
2026-07-09 15:59:59 INFO  BUY [KRX] 035420 mode=STRONG_PULLBACK price=253500.0000 qty=39 size=1.0000x score=74[D] | WHY: dayChg=-0.98% fromHigh=-1.55% spScore=74 vol3/vol10=0.69x body=1.00 | VWAP: 0.83%(ABOVE slope=UP) allowedGap=5.00% | TREND: score=3 vel=0.60%/0.20%/0.40% accel=true | VOL: 16633.0000/13740.0000 TO: 4216465500.0000/3477747275.0000 | HIGH: 257500.0000 fromHigh=-1.55% | SP: score=74 dayChg=-0.98% fromHigh=-1.55% vol3/vol10=0.69x body=1.00 | entryNo=1
2026-07-09 15:59:59 INFO  BUY_FILLED 035420 phase=HOLDING
2026-07-09 16:00:00 INFO  SELL_EXECUTED [KRX] 035420 mode=STRONG_PULLBACK phase=EXITING exitType=VWAP_BREAK price=249000.0000 qty=39 reason=VWAP_BREAK pnl=-1.78% peakPnl=0.49% holdMs=3000000 high=254750.0000 avgPrice=253500.0000 weightedPnl=-1.76% (pending fill)
2026-07-09 16:00:00 INFO  SELL_FILLED_PNL 035420 reason=VWAP_BREAK filledQty=39/39 fillRatio=1.00 weightedPnl=-1.76% dailyPnl=-1.76%
2026-07-09 16:00:00 INFO  SELL_FILLED 035420 reason=VWAP_BREAK remainingQty=0 phase=NONE exitType=VWAP_BREAK
2026-07-09 16:00:00 INFO  BUY amount set for 079550: 10000000.00
2026-07-09 16:00:00 INFO  BUY amount set for 240810: 10000000.00
2026-07-09 16:00:01 INFO  BUY amount set for 080220: 10000000.00
2026-07-09 16:00:02 INFO  BUY amount set for 000150: 10000000.00
2026-07-09 16:00:02 INFO  BUY [KRX] 034730 mode=OPENING_RANGE_BREAKOUT price=742000.0000 qty=13 size=1.0000x score=70[D] | WHY: vwap=1.59% trend=3 vol(2.27x) | VWAP: 1.59%(ABOVE slope=UP) allowedGap=1.00% | TREND: score=3 vel=0.41%/0.27%/0.68% accel=true | VOL: 1935.0000/851.1000 TO: 1435770000.0000/627941150.0000 | HIGH: 743000.0000 fromHigh=-0.13% | entryNo=1
2026-07-09 16:00:02 INFO  BUY_FILLED 034730 phase=HOLDING
2026-07-09 16:00:02 INFO  SELL_EXECUTED [KRX] 034730 mode=OPENING_RANGE_BREAKOUT phase=EXITING exitType=STOPLOSS price=731000.0000 qty=13 reason=STOP_LOSS_OPENING_RANGE_BREAKOUT pnl=-1.48% peakPnl=0.94% holdMs=2700000 high=749000.0000 avgPrice=742000.0000 weightedPnl=-1.43% (pending fill)
2026-07-09 16:00:02 INFO  SELL_FILLED_PNL 034730 reason=STOP_LOSS_OPENING_RANGE_BREAKOUT filledQty=13/13 fillRatio=1.00 weightedPnl=-1.43% dailyPnl=-1.43%
2026-07-09 16:00:02 INFO  SELL_FILLED 034730 reason=STOP_LOSS_OPENING_RANGE_BREAKOUT remainingQty=0 phase=NONE exitType=STOPLOSS
2026-07-09 16:00:03 INFO  BUY amount set for 403870: 10000000.00
2026-07-09 16:00:03 INFO  BUY amount set for 278470: 10000000.00
2026-07-09 16:00:03 INFO  BUY amount set for 196170: 10000000.00
2026-07-09 16:00:04 INFO  BUY amount set for 373220: 10000000.00
2026-07-09 16:00:04 INFO  BUY amount set for 222800: 10000000.00
2026-07-09 16:00:04 INFO  BUY amount set for 086790: 10000000.00
2026-07-09 16:00:04 INFO  BUY [KRX] 196170 mode=OPENING_RANGE_BREAKOUT price=369000.0000 qty=27 size=1.0000x score=65[D] | WHY: vwap=0.52% trend=2 vol(2.00x) | VWAP: 0.52%(ABOVE slope=UP) allowedGap=1.00% | TREND: score=2 vel=0.14%/0.00%/0.41% accel=true | VOL: 1218.0000/608.5500 TO: 449442000.0000/223640275.0000 | HIGH: 369500.0000 fromHigh=-0.14% | entryNo=1
2026-07-09 16:00:04 INFO  BUY amount set for 010170: 10000000.00
2026-07-09 16:00:04 INFO  BUY_FILLED 196170 phase=HOLDING
2026-07-09 16:00:04 INFO  SELL_EXECUTED [KRX] 196170 mode=OPENING_RANGE_BREAKOUT phase=EXITING exitType=PROFIT price=378000.0000 qty=27 reason=TAKE_PROFIT_OPENING_RANGE_BREAKOUT pnl=2.44% peakPnl=2.44% holdMs=540000 high=378000.0000 avgPrice=369000.0000 weightedPnl=2.43% (pending fill)
2026-07-09 16:00:04 INFO  SELL_FILLED_PNL 196170 reason=TAKE_PROFIT_OPENING_RANGE_BREAKOUT filledQty=27/27 fillRatio=1.00 weightedPnl=2.43% dailyPnl=2.43%
2026-07-09 16:00:04 INFO  SELL_FILLED 196170 reason=TAKE_PROFIT_OPENING_RANGE_BREAKOUT remainingQty=0 phase=NONE exitType=PROFIT
2026-07-09 16:00:05 INFO  BUY amount set for 086520: 10000000.00
2026-07-09 16:00:05 INFO  BUY [KRX] 222800 mode=OPENING_RANGE_BREAKOUT price=72700.0000 qty=137 size=1.0000x score=70[D] | WHY: vwap=1.74% trend=3 vol(2.78x) | VWAP: 1.74%(ABOVE slope=UP) allowedGap=1.00% | TREND: score=3 vel=1.25%/1.11%/1.54% accel=true | VOL: 7958.0000/2860.4000 TO: 578546600.0000/204943290.0000 | HIGH: 72700.0000 fromHigh=0.00% | entryNo=1
2026-07-09 16:00:05 INFO  BUY_FILLED 222800 phase=HOLDING
2026-07-09 16:00:05 INFO  SELL [TRAIL_OPENING_RANGE_BREAKOUT] 222800 pnl=0.69% peakPnl=1.51% high=73800.0000 current=73200.0000
2026-07-09 16:00:05 INFO  SELL_EXECUTED [KRX] 222800 mode=OPENING_RANGE_BREAKOUT phase=EXITING exitType=TRAIL price=73200.0000 qty=137 reason=TRAIL_OPENING_RANGE_BREAKOUT pnl=0.69% peakPnl=1.51% holdMs=420000 high=73800.0000 avgPrice=72700.0000 weightedPnl=0.69% (pending fill)
2026-07-09 16:00:05 INFO  SELL_FILLED_PNL 222800 reason=TRAIL_OPENING_RANGE_BREAKOUT filledQty=137/137 fillRatio=1.00 weightedPnl=0.69% dailyPnl=0.69%
2026-07-09 16:00:05 INFO  SELL_FILLED 222800 reason=TRAIL_OPENING_RANGE_BREAKOUT remainingQty=0 phase=NONE exitType=TRAIL
2026-07-09 16:00:05 INFO  BUY amount set for 028050: 10000000.00
2026-07-09 16:00:06 INFO  BUY [KRX] 086520 mode=OPENING_RANGE_BREAKOUT price=154000.0000 qty=64 size=1.0000x score=68[D] | WHY: vwap=1.10% trend=3 vol(3.11x) | VWAP: 1.10%(ABOVE slope=UP) allowedGap=1.00% | TREND: score=3 vel=0.26%/0.20%/0.20% accel=true | VOL: 20561.0000/6603.4000 TO: 3168450100.0000/1012177870.0000 | HIGH: 154400.0000 fromHigh=-0.19% | entryNo=1
2026-07-09 16:00:06 INFO  BUY_FILLED 086520 phase=HOLDING
2026-07-09 16:00:06 INFO  SELL_EXECUTED [KRX] 086520 mode=OPENING_RANGE_BREAKOUT phase=EXITING exitType=PROFIT price=157000.0000 qty=64 reason=TAKE_PROFIT_OPENING_RANGE_BREAKOUT pnl=2.01% peakPnl=2.01% holdMs=1320000 high=157200.0000 avgPrice=154100.0000 weightedPnl=1.98% (pending fill)
2026-07-09 16:00:06 INFO  SELL_FILLED_PNL 086520 reason=TAKE_PROFIT_OPENING_RANGE_BREAKOUT filledQty=64/64 fillRatio=1.00 weightedPnl=1.98% dailyPnl=1.98%
2026-07-09 16:00:06 INFO  SELL_FILLED 086520 reason=TAKE_PROFIT_OPENING_RANGE_BREAKOUT remainingQty=0 phase=NONE exitType=PROFIT
2026-07-09 16:00:07 INFO  BUY [KRX] 055550 mode=OPENING_RANGE_BREAKOUT price=101500.0000 qty=98 size=1.0000x score=70[D] | WHY: vwap=1.61% trend=3 vol(2.05x) | VWAP: 1.61%(ABOVE slope=UP) allowedGap=1.00% | TREND: score=3 vel=0.60%/0.50%/0.70% accel=true | VOL: 4363.0000/2131.1500 TO: 442408200.0000/215429795.0000 | HIGH: 101500.0000 fromHigh=-0.10% | entryNo=1
2026-07-09 16:00:07 INFO  BUY_FILLED 055550 phase=HOLDING
2026-07-09 16:00:07 INFO  SELL_EXECUTED [KRX] 055550 mode=OPENING_RANGE_BREAKOUT phase=EXITING exitType=PROFIT price=103500.0000 qty=98 reason=TAKE_PROFIT_OPENING_RANGE_BREAKOUT pnl=2.17% peakPnl=2.17% holdMs=7620000 high=103600.0000 avgPrice=101400.0000 weightedPnl=2.16% (pending fill)
2026-07-09 16:00:07 INFO  SELL_FILLED_PNL 055550 reason=TAKE_PROFIT_OPENING_RANGE_BREAKOUT filledQty=98/98 fillRatio=1.00 weightedPnl=2.16% dailyPnl=2.16%
2026-07-09 16:00:07 INFO  SELL_FILLED 055550 reason=TAKE_PROFIT_OPENING_RANGE_BREAKOUT remainingQty=0 phase=NONE exitType=PROFIT
2026-07-09 16:00:08 INFO  BUY [KRX] 403870 mode=STRONG_PULLBACK price=52200.0000 qty=191 size=1.0000x score=73[D] | WHY: dayChg=5.35% fromHigh=-0.95% spScore=73 vol3/vol10=0.42x body=1.00 | VWAP: 1.41%(ABOVE slope=DN) allowedGap=5.00% | TREND: score=3 vel=0.77%/0.38%/0.19% accel=true | VOL: 4130.0000/5087.0000 TO: 215586000.0000/264637435.0000 | HIGH: 52700.0000 fromHigh=-0.95% | SP: score=73 dayChg=5.35% fromHigh=-0.95% vol3/vol10=0.42x body=1.00 | entryNo=1
2026-07-09 16:00:08 INFO  BUY_FILLED 403870 phase=HOLDING
2026-07-09 16:00:08 INFO  SELL [TRAIL_STRONG_PULLBACK] 403870 pnl=0.96% peakPnl=2.11% high=53300.0000 current=52700.0000
2026-07-09 16:00:08 INFO  SELL_EXECUTED [KRX] 403870 mode=STRONG_PULLBACK phase=EXITING exitType=TRAIL price=52700.0000 qty=191 reason=TRAIL_STRONG_PULLBACK pnl=0.96% peakPnl=2.11% holdMs=1200000 high=53300.0000 avgPrice=52200.0000 weightedPnl=0.96% (pending fill)
2026-07-09 16:00:08 INFO  SELL_FILLED_PNL 403870 reason=TRAIL_STRONG_PULLBACK filledQty=191/191 fillRatio=1.00 weightedPnl=0.96% dailyPnl=0.96%
2026-07-09 16:00:08 INFO  SELL_FILLED 403870 reason=TRAIL_STRONG_PULLBACK remainingQty=0 phase=NONE exitType=TRAIL
2026-07-09 16:00:10 INFO  BUY [KRX] 010170 mode=STRONG_PULLBACK price=27550.0000 qty=362 size=1.0000x score=72[D] | WHY: dayChg=-0.90% fromHigh=-1.78% spScore=72 vol3/vol10=1.14x body=1.00 | VWAP: 1.83%(ABOVE slope=DN) allowedGap=5.00% | TREND: score=1 vel=0.36%/-0.18%/-0.72% accel=true | VOL: 79040.0000/89006.0000 TO: 2177552000.0000/2474478702.5000 | HIGH: 28050.0000 fromHigh=-1.78% | SP: score=72 dayChg=-0.90% fromHigh=-1.78% vol3/vol10=1.14x body=1.00 | entryNo=1
2026-07-09 16:00:10 INFO  BUY_FILLED 010170 phase=HOLDING
2026-07-09 16:00:10 INFO  SELL_EXECUTED [KRX] 010170 mode=STRONG_PULLBACK phase=EXITING exitType=STOPLOSS price=27000.0000 qty=362 reason=STOP_LOSS_STRONG_PULLBACK pnl=-2.00% peakPnl=0.00% holdMs=1380000 high=27550.0000 avgPrice=27550.0000 weightedPnl=-1.99% (pending fill)
2026-07-09 16:00:10 INFO  SELL_FILLED_PNL 010170 reason=STOP_LOSS_STRONG_PULLBACK filledQty=362/362 fillRatio=1.00 weightedPnl=-1.99% dailyPnl=-1.99%
2026-07-09 16:00:10 INFO  SELL_FILLED 010170 reason=STOP_LOSS_STRONG_PULLBACK remainingQty=0 phase=NONE exitType=STOPLOSS
2026-07-09 16:00:11 INFO  BUY amount set for 365660: 10000000.00
2026-07-09 16:00:11 INFO  BUY amount set for 009830: 10000000.00
2026-07-09 16:00:11 INFO  BUY amount set for 189330: 10000000.00
2026-07-09 16:00:11 INFO  BUY amount set for 005490: 10000000.00
2026-07-09 16:00:12 INFO  BUY [KRX] 222800 mode=STRONG_PULLBACK price=104500.0000 qty=95 size=1.0000x score=73[D] | WHY: dayChg=4.30% fromHigh=-1.88% spScore=73 vol3/vol10=0.94x body=1.00 | VWAP: 4.17%(ABOVE slope=UP) allowedGap=5.00% | TREND: score=3 vel=0.48%/0.38%/0.38% accel=true | VOL: 4003.0000/3057.7000 TO: 417512900.0000/320557845.0000 | HIGH: 106300.0000 fromHigh=-1.88% | SP: score=73 dayChg=4.30% fromHigh=-1.88% vol3/vol10=0.94x body=1.00 | entryNo=1
2026-07-09 16:00:12 INFO  BUY_FILLED 222800 phase=HOLDING
2026-07-09 16:00:12 INFO  SELL_EXECUTED [KRX] 222800 mode=STRONG_PULLBACK phase=EXITING exitType=STOPLOSS price=101300.0000 qty=95 reason=EMERGENCY_STOP pnl=-2.88% peakPnl=0.19% holdMs=1800000 high=104500.0000 avgPrice=104300.0000 weightedPnl=-2.85% (pending fill)
2026-07-09 16:00:12 INFO  SELL_FILLED_PNL 222800 reason=EMERGENCY_STOP filledQty=95/95 fillRatio=1.00 weightedPnl=-2.85% dailyPnl=-2.85%
2026-07-09 16:00:12 INFO  SELL_FILLED 222800 reason=EMERGENCY_STOP remainingQty=0 phase=NONE exitType=STOPLOSS
2026-07-09 16:00:12 INFO  BUY amount set for 003490: 10000000.00
2026-07-09 16:00:12 INFO  BUY [KRX] 222800 mode=STRONG_PULLBACK price=104000.0000 qty=96 size=1.0000x score=80[B] | WHY: dayChg=14.25% fromHigh=-1.70% spScore=80 vol3/vol10=0.56x body=1.00 | VWAP: 6.09%(ABOVE slope=UP) allowedGap=5.00% | TREND: score=2 vel=1.17%/0.48%/0.00% accel=true | VOL: 1953.0000/2387.1000 TO: 203502600.0000/248605545.0000 | HIGH: 106000.0000 fromHigh=-1.70% | SP: score=80 dayChg=14.25% fromHigh=-1.70% vol3/vol10=0.56x body=1.00 | entryNo=1
2026-07-09 16:00:13 INFO  BUY_FILLED 222800 phase=HOLDING
2026-07-09 16:00:13 INFO  SELL_EXECUTED [KRX] 222800 mode=STRONG_PULLBACK phase=EXITING exitType=PROFIT price=107500.0000 qty=96 reason=TAKE_PROFIT_STRONG_PULLBACK pnl=3.07% peakPnl=3.07% holdMs=4800000 high=107400.0000 avgPrice=104200.0000 weightedPnl=3.07% (pending fill)
2026-07-09 16:00:13 INFO  SELL_FILLED_PNL 222800 reason=TAKE_PROFIT_STRONG_PULLBACK filledQty=96/96 fillRatio=1.00 weightedPnl=3.07% dailyPnl=3.07%
2026-07-09 16:00:13 INFO  SELL_FILLED 222800 reason=TAKE_PROFIT_STRONG_PULLBACK remainingQty=0 phase=NONE exitType=PROFIT
2026-07-09 16:00:17 INFO  BUY [KRX] 003490 mode=OPENING_RANGE_BREAKOUT price=24800.0000 qty=403 size=1.0000x score=63[D] | WHY: vwap=1.00% trend=3 vol(2.25x) | VWAP: 1.00%(ABOVE slope=UP) allowedGap=1.00% | TREND: score=3 vel=0.61%/0.40%/0.20% accel=true | VOL: 25567.0000/11350.2500 TO: 634061600.0000/279895770.0000 | HIGH: 25000.0000 fromHigh=-0.80% | entryNo=1
2026-07-09 16:00:17 INFO  BUY_FILLED 003490 phase=HOLDING
2026-07-09 16:00:17 INFO  SELL_EXECUTED [KRX] 003490 mode=OPENING_RANGE_BREAKOUT phase=EXITING exitType=STOPLOSS price=24350.0000 qty=403 reason=STOP_LOSS_OPENING_RANGE_BREAKOUT pnl=-1.81% peakPnl=-0.40% holdMs=1080000 high=24700.0000 avgPrice=24800.0000 weightedPnl=-1.81% (pending fill)
2026-07-09 16:00:17 INFO  SELL_FILLED_PNL 003490 reason=STOP_LOSS_OPENING_RANGE_BREAKOUT filledQty=403/403 fillRatio=1.00 weightedPnl=-1.81% dailyPnl=-1.81%
2026-07-09 16:00:17 INFO  SELL_FILLED 003490 reason=STOP_LOSS_OPENING_RANGE_BREAKOUT remainingQty=0 phase=NONE exitType=STOPLOSS
2026-07-09 16:00:18 INFO  BUY [KRX] 009830 mode=STRONG_PULLBACK price=31650.0000 qty=315 size=1.0000x score=78[C] | WHY: dayChg=5.32% fromHigh=-1.86% spScore=78 vol3/vol10=0.69x body=1.00 | VWAP: 0.93%(ABOVE slope=DN) allowedGap=5.00% | TREND: score=1 vel=0.32%/0.00%/-0.31% accel=true | VOL: 6890.0000/8120.7500 TO: 218068500.0000/259925475.0000 | HIGH: 32250.0000 fromHigh=-1.86% | SP: score=78 dayChg=5.32% fromHigh=-1.86% vol3/vol10=0.69x body=1.00 | entryNo=1
2026-07-09 16:00:18 INFO  BUY_FILLED 009830 phase=HOLDING
2026-07-09 16:00:18 INFO  SELL_EXECUTED [KRX] 009830 mode=STRONG_PULLBACK phase=EXITING exitType=STOPLOSS price=31050.0000 qty=315 reason=STOP_LOSS_STRONG_PULLBACK pnl=-1.90% peakPnl=0.47% holdMs=1560000 high=31800.0000 avgPrice=31650.0000 weightedPnl=-1.89% (pending fill)
2026-07-09 16:00:18 INFO  SELL_FILLED_PNL 009830 reason=STOP_LOSS_STRONG_PULLBACK filledQty=315/315 fillRatio=1.00 weightedPnl=-1.89% dailyPnl=-1.89%
2026-07-09 16:00:18 INFO  SELL_FILLED 009830 reason=STOP_LOSS_STRONG_PULLBACK remainingQty=0 phase=NONE exitType=STOPLOSS
2026-07-09 17:41:11 INFO  BUY amount set for 002990: 10000000.00
2026-07-09 17:41:11 INFO  BUY amount set for 105560: 10000000.00
2026-07-09 17:41:11 INFO  BUY amount set for 005935: 10000000.00
2026-07-09 17:41:11 INFO  BUY amount set for 009150: 10000000.00
2026-07-09 17:41:11 INFO  BUY amount set for 005380: 10000000.00
2026-07-09 17:41:11 INFO  BUY amount set for 000660: 10000000.00
2026-07-09 17:41:11 INFO  BUY amount set for 005930: 10000000.00
2026-07-09 17:41:11 INFO  BUY amount set for 066570: 10000000.00
2026-07-09 17:41:11 INFO  BUY amount set for 402340: 10000000.00
2026-07-09 17:41:12 INFO  BUY [KRX] 066570 mode=OPENING_RANGE_BREAKOUT price=124500.0000 qty=80 size=1.0000x score=70[D] | WHY: vwap=0.84% trend=3 vol(2.25x) | VWAP: 0.84%(ABOVE slope=UP) allowedGap=1.00% | TREND: score=3 vel=0.16%/0.08%/0.24% accel=true | VOL: 8289.0000/3687.7500 TO: 1031980500.0000/456902175.0000 | HIGH: 124600.0000 fromHigh=-0.08% | entryNo=1
2026-07-09 17:41:12 INFO  BUY_FILLED 066570 phase=HOLDING
2026-07-09 17:41:12 INFO  SELL [TIME_STOP_ORB] 066570 pnl=0.40% holdMs=5400000
2026-07-09 17:41:12 INFO  SELL_EXECUTED [KRX] 066570 mode=OPENING_RANGE_BREAKOUT phase=EXITING exitType=TIMESTOP price=125000.0000 qty=80 reason=TIME_STOP_ORB pnl=0.40% peakPnl=0.96% holdMs=5400000 high=125700.0000 avgPrice=124500.0000 weightedPnl=0.40% (pending fill)
2026-07-09 17:41:12 INFO  SELL_FILLED_PNL 066570 reason=TIME_STOP_ORB filledQty=80/80 fillRatio=1.00 weightedPnl=0.40% dailyPnl=0.40%
2026-07-09 17:41:12 INFO  SELL_FILLED 066570 reason=TIME_STOP_ORB remainingQty=0 phase=NONE exitType=TIMESTOP
2026-07-09 17:41:13 INFO  BUY [KRX] 000660 mode=OPENING_RANGE_BREAKOUT price=1284000.0000 qty=7 size=1.0000x score=70[D] | WHY: vwap=0.79% trend=2 vol(2.69x) | VWAP: 0.79%(ABOVE slope=UP) allowedGap=1.00% | TREND: score=2 vel=0.23%/0.20%/0.00% accel=true | VOL: 35373.0000/13145.1000 TO: 45418932000.0000/16846023375.0000 | HIGH: 1286000.0000 fromHigh=-0.16% | entryNo=1
2026-07-09 17:41:13 INFO  BUY_FILLED 000660 phase=HOLDING
2026-07-09 17:41:13 INFO  SELL_EXECUTED [KRX] 000660 mode=OPENING_RANGE_BREAKOUT phase=EXITING exitType=PROFIT price=1312000.0000 qty=7 reason=TAKE_PROFIT_OPENING_RANGE_BREAKOUT pnl=2.18% peakPnl=2.18% holdMs=11580000 high=1312000.0000 avgPrice=1284000.0000 weightedPnl=1.96% (pending fill)
2026-07-09 17:41:13 INFO  SELL_FILLED_PNL 000660 reason=TAKE_PROFIT_OPENING_RANGE_BREAKOUT filledQty=7/7 fillRatio=1.00 weightedPnl=1.96% dailyPnl=1.96%
2026-07-09 17:41:13 INFO  SELL_FILLED 000660 reason=TAKE_PROFIT_OPENING_RANGE_BREAKOUT remainingQty=0 phase=NONE exitType=PROFIT
2026-07-09 17:41:16 INFO  BUY [KRX] 105560 mode=OPENING_RANGE_BREAKOUT price=160000.0000 qty=62 size=1.0000x score=70[D] | WHY: vwap=1.46% trend=3 vol(2.65x) | VWAP: 1.46%(ABOVE slope=UP) allowedGap=1.00% | TREND: score=3 vel=0.44%/0.19%/0.69% accel=true | VOL: 14160.0000/5339.7000 TO: 2267016000.0000/848446000.0000 | HIGH: 160100.0000 fromHigh=0.00% | entryNo=1
2026-07-09 17:41:16 INFO  BUY_FILLED 105560 phase=HOLDING
2026-07-09 17:41:16 INFO  SELL [TIME_STOP_ORB] 105560 pnl=-0.25% holdMs=5400000
2026-07-09 17:41:16 INFO  SELL_EXECUTED [KRX] 105560 mode=OPENING_RANGE_BREAKOUT phase=EXITING exitType=TIMESTOP price=159700.0000 qty=62 reason=TIME_STOP_ORB pnl=-0.25% peakPnl=0.56% holdMs=5400000 high=161000.0000 avgPrice=160100.0000 weightedPnl=-0.25% (pending fill)
2026-07-09 17:41:16 INFO  SELL_FILLED_PNL 105560 reason=TIME_STOP_ORB filledQty=62/62 fillRatio=1.00 weightedPnl=-0.25% dailyPnl=-0.25%
2026-07-09 17:41:16 INFO  SELL_FILLED 105560 reason=TIME_STOP_ORB remainingQty=0 phase=NONE exitType=TIMESTOP
2026-07-09 17:41:17 INFO  BUY [KRX] 005930 mode=OPENING_RANGE_BREAKOUT price=330000.0000 qty=30 size=1.0000x score=70[D] | WHY: vwap=1.34% trend=3 vol(2.38x) | VWAP: 1.34%(ABOVE slope=UP) allowedGap=1.00% | TREND: score=3 vel=0.84%/0.76%/1.54% accel=true | VOL: 373155.0000/156780.8500 TO: 123141150000.0000/51228266787.5000 | HIGH: 330000.0000 fromHigh=0.00% | entryNo=1
2026-07-09 17:41:17 INFO  BUY_FILLED 005930 phase=HOLDING
2026-07-09 17:41:17 INFO  SELL_EXECUTED [KRX] 005930 mode=OPENING_RANGE_BREAKOUT phase=EXITING exitType=PROFIT price=337000.0000 qty=30 reason=TAKE_PROFIT_OPENING_RANGE_BREAKOUT pnl=2.05% peakPnl=2.05% holdMs=1740000 high=336750.0000 avgPrice=330000.0000 weightedPnl=2.03% (pending fill)
2026-07-09 17:41:17 INFO  SELL_FILLED_PNL 005930 reason=TAKE_PROFIT_OPENING_RANGE_BREAKOUT filledQty=30/30 fillRatio=1.00 weightedPnl=2.03% dailyPnl=2.03%
2026-07-09 17:41:17 INFO  SELL_FILLED 005930 reason=TAKE_PROFIT_OPENING_RANGE_BREAKOUT remainingQty=0 phase=NONE exitType=PROFIT
2026-07-09 17:51:40 INFO  BUY amount set for 000660: 10000000.00
2026-07-09 17:51:40 INFO  BUY amount set for 036930: 10000000.00
2026-07-09 17:51:40 INFO  BUY amount set for 298040: 10000000.00
2026-07-09 17:51:41 INFO  BUY [KRX] 000660 mode=OPENING_RANGE_BREAKOUT price=1284000.0000 qty=7 size=1.0000x score=70[D] | WHY: vwap=0.79% trend=2 vol(2.69x) | VWAP: 0.79%(ABOVE slope=UP) allowedGap=1.00% | TREND: score=2 vel=0.23%/0.20%/0.00% accel=true | VOL: 35373.0000/13145.1000 TO: 45418932000.0000/16846023375.0000 | HIGH: 1286000.0000 fromHigh=-0.16% | entryNo=1
2026-07-09 17:51:41 INFO  BUY_FILLED 000660 phase=HOLDING
2026-07-09 17:51:41 INFO  SELL_EXECUTED [KRX] 000660 mode=OPENING_RANGE_BREAKOUT phase=EXITING exitType=PROFIT price=1312000.0000 qty=7 reason=TAKE_PROFIT_OPENING_RANGE_BREAKOUT pnl=2.18% peakPnl=2.18% holdMs=11580000 high=1312000.0000 avgPrice=1284000.0000 weightedPnl=1.96% (pending fill)
2026-07-09 17:51:41 INFO  SELL_FILLED_PNL 000660 reason=TAKE_PROFIT_OPENING_RANGE_BREAKOUT filledQty=7/7 fillRatio=1.00 weightedPnl=1.96% dailyPnl=1.96%
2026-07-09 17:51:41 INFO  SELL_FILLED 000660 reason=TAKE_PROFIT_OPENING_RANGE_BREAKOUT remainingQty=0 phase=NONE exitType=PROFIT
2026-07-09 17:52:01 INFO  BUY amount set for 298040: 10000000.00
2026-07-09 17:52:01 INFO  BUY amount set for 000660: 10000000.00
2026-07-09 17:52:01 INFO  BUY amount set for 036930: 10000000.00
2026-07-09 17:52:02 INFO  BUY [KRX] 000660 mode=OPENING_RANGE_BREAKOUT price=1284000.0000 qty=7 size=1.0000x score=70[D] | WHY: vwap=0.79% trend=2 vol(2.69x) | VWAP: 0.79%(ABOVE slope=UP) allowedGap=1.00% | TREND: score=2 vel=0.23%/0.20%/0.00% accel=true | VOL: 35373.0000/13145.1000 TO: 45418932000.0000/16846023375.0000 | HIGH: 1286000.0000 fromHigh=-0.16% | entryNo=1
2026-07-09 17:52:02 INFO  BUY_FILLED 000660 phase=HOLDING
2026-07-09 17:52:02 INFO  SELL_EXECUTED [KRX] 000660 mode=OPENING_RANGE_BREAKOUT phase=EXITING exitType=PROFIT price=1312000.0000 qty=7 reason=TAKE_PROFIT_OPENING_RANGE_BREAKOUT pnl=2.18% peakPnl=2.18% holdMs=11580000 high=1312000.0000 avgPrice=1284000.0000 weightedPnl=1.96% (pending fill)
2026-07-09 17:52:02 INFO  SELL_FILLED_PNL 000660 reason=TAKE_PROFIT_OPENING_RANGE_BREAKOUT filledQty=7/7 fillRatio=1.00 weightedPnl=1.96% dailyPnl=1.96%
2026-07-09 17:52:02 INFO  SELL_FILLED 000660 reason=TAKE_PROFIT_OPENING_RANGE_BREAKOUT remainingQty=0 phase=NONE exitType=PROFIT
2026-07-09 17:55:24 INFO  BUY amount set for 000660: 10000000.00
2026-07-09 17:55:24 INFO  BUY amount set for 298040: 10000000.00
2026-07-09 17:55:24 INFO  BUY amount set for 036930: 10000000.00
2026-07-09 17:55:24 INFO  BUY [KRX] 036930 mode=RSI_BOLLINGER_REBOUND price=63500.0000 qty=157 size=1.0000x score=100[SS] | WHY: rsi=39.9 sig=42.0 bbLow=63488 5mLow=63500 rsiBbScore=100 vol(1.25x) | VWAP: -1.59%(BELOW slope=DN) allowedGap=5.00% | TREND: score=0 vel=-0.31%/-0.31%/-0.31% accel=false | VOL: 1315.0000/1049.7000 TO: 83502500.0000/66791490.0000 | HIGH: 63800.0000 fromHigh=-0.47% | RSI_BB: score=100 rsi=39.9 sig=42.0 bbLow=63488 5mLow=63500 cross=false | entryNo=1
2026-07-09 17:55:24 INFO  BUY_FILLED 036930 phase=HOLDING
2026-07-09 17:55:24 INFO  SELL [EOD_FORCE_SELL] 036930 pnl=-0.16% time=15:30
2026-07-09 17:55:24 INFO  SELL_EXECUTED [KRX] 036930 mode=RSI_BOLLINGER_REBOUND phase=EXITING exitType=TIMESTOP price=63400.0000 qty=157 reason=EOD_FORCE_SELL pnl=-0.16% peakPnl=0.94% holdMs=9300000 high=64100.0000 avgPrice=63500.0000 weightedPnl=-0.16% (pending fill)
2026-07-09 17:55:24 INFO  SELL_FILLED_PNL 036930 reason=EOD_FORCE_SELL filledQty=157/157 fillRatio=1.00 weightedPnl=-0.16% dailyPnl=-0.16%
2026-07-09 17:55:24 INFO  SELL_FILLED 036930 reason=EOD_FORCE_SELL remainingQty=0 phase=NONE exitType=TIMESTOP
2026-07-09 17:55:24 INFO  BUY [KRX] 298040 mode=RSI_BOLLINGER_REBOUND price=2972000.0000 qty=3 size=1.0000x score=100[SS] | WHY: rsi=35.0 sig=37.1 bbLow=2971080 5mLow=2972000 rsiBbScore=100 vol(2.56x) | VWAP: -0.60%(BELOW slope=DN) allowedGap=5.00% | TREND: score=0 vel=-0.03%/-0.07%/-0.07% accel=true | VOL: 129.0000/50.3500 TO: 383388000.0000/149778700.0000 | HIGH: 2979000.0000 fromHigh=-0.23% | RSI_BB: score=100 rsi=35.0 sig=37.1 bbLow=2971080 5mLow=2972000 cross=false | entryNo=1
2026-07-09 17:55:24 INFO  BUY_FILLED 298040 phase=HOLDING
2026-07-09 17:55:24 INFO  SELL [EOD_FORCE_SELL] 298040 pnl=0.61% time=15:30
2026-07-09 17:55:24 INFO  SELL_EXECUTED [KRX] 298040 mode=RSI_BOLLINGER_REBOUND phase=EXITING exitType=TIMESTOP price=2990000.0000 qty=3 reason=EOD_FORCE_SELL pnl=0.61% peakPnl=0.61% holdMs=12060000 high=2990000.0000 avgPrice=2972000.0000 weightedPnl=0.54% (pending fill)
2026-07-09 17:55:24 INFO  SELL_FILLED_PNL 298040 reason=EOD_FORCE_SELL filledQty=3/3 fillRatio=1.00 weightedPnl=0.54% dailyPnl=0.54%
2026-07-09 17:55:24 INFO  SELL_FILLED 298040 reason=EOD_FORCE_SELL remainingQty=0 phase=NONE exitType=TIMESTOP
2026-07-09 17:55:24 INFO  BUY [KRX] 000660 mode=RSI_BOLLINGER_REBOUND price=1210000.0000 qty=8 size=1.0000x score=100[SS] | WHY: rsi=34.7 sig=46.6 bbLow=1212424 5mLow=1208000 rsiBbScore=100 vol(1.17x) | VWAP: -1.08%(BELOW slope=DN) allowedGap=5.00% | TREND: score=0 vel=-0.08%/-0.08%/-0.17% accel=false | VOL: 12028.0000/10252.5500 TO: 14553880000.0000/12442377175.0000 | HIGH: 1218000.0000 fromHigh=-0.66% | RSI_BB: score=100 rsi=34.7 sig=46.6 bbLow=1212424 5mLow=1208000 cross=false | entryNo=1
2026-07-09 17:55:24 INFO  BUY_FILLED 000660 phase=HOLDING
2026-07-09 17:55:24 INFO  SELL [EOD_FORCE_SELL] 000660 pnl=0.99% time=15:30
2026-07-09 17:55:24 INFO  SELL_EXECUTED [KRX] 000660 mode=RSI_BOLLINGER_REBOUND phase=EXITING exitType=TIMESTOP price=1222000.0000 qty=8 reason=EOD_FORCE_SELL pnl=0.99% peakPnl=1.32% holdMs=9840000 high=1226000.0000 avgPrice=1210000.0000 weightedPnl=0.96% (pending fill)
2026-07-09 17:55:24 INFO  SELL_FILLED_PNL 000660 reason=EOD_FORCE_SELL filledQty=8/8 fillRatio=1.00 weightedPnl=0.96% dailyPnl=0.96%
2026-07-09 17:55:24 INFO  SELL_FILLED 000660 reason=EOD_FORCE_SELL remainingQty=0 phase=NONE exitType=TIMESTOP
2026-07-09 17:55:25 INFO  BUY [KRX] 036930 mode=RSI_BOLLINGER_REBOUND price=125500.0000 qty=79 size=1.0000x score=100[SS] | WHY: rsi=36.3 sig=35.8 bbLow=125081 5mLow=125200 rsiBbScore=100 vol(1.19x) | VWAP: -0.66%(BELOW slope=DN) allowedGap=5.00% | TREND: score=0 vel=-0.08%/-0.16%/-0.40% accel=true | VOL: 1160.0000/976.4000 TO: 145348000.0000/122770030.0000 | HIGH: 126000.0000 fromHigh=-0.56% | RSI_BB: score=100 rsi=36.3 sig=35.8 bbLow=125081 5mLow=125200 cross=false | entryNo=1
2026-07-09 17:55:25 INFO  BUY_FILLED 036930 phase=HOLDING
2026-07-09 17:55:25 INFO  SELL [EOD_FORCE_SELL] 036930 pnl=1.04% time=15:30
2026-07-09 17:55:25 INFO  SELL_EXECUTED [KRX] 036930 mode=RSI_BOLLINGER_REBOUND phase=EXITING exitType=TIMESTOP price=126600.0000 qty=79 reason=EOD_FORCE_SELL pnl=1.04% peakPnl=1.28% holdMs=13620000 high=126900.0000 avgPrice=125300.0000 weightedPnl=1.03% (pending fill)
2026-07-09 17:55:25 INFO  SELL_FILLED_PNL 036930 reason=EOD_FORCE_SELL filledQty=79/79 fillRatio=1.00 weightedPnl=1.03% dailyPnl=1.03%
2026-07-09 17:55:25 INFO  SELL_FILLED 036930 reason=EOD_FORCE_SELL remainingQty=0 phase=NONE exitType=TIMESTOP
2026-07-09 17:55:25 INFO  BUY [KRX] 000660 mode=RSI_BOLLINGER_REBOUND price=1934000.0000 qty=5 size=1.0000x score=100[SS] | WHY: rsi=34.5 sig=38.5 bbLow=1930288 5mLow=1928000 rsiBbScore=100 vol(1.01x) | VWAP: -0.05%(BELOW slope=DN) allowedGap=5.00% | TREND: score=2 vel=-0.05%/0.10%/0.16% accel=false | VOL: 3449.0000/3418.1500 TO: 6670366000.0000/6610547175.0000 | HIGH: 1939000.0000 fromHigh=-0.26% | RSI_BB: score=100 rsi=34.5 sig=38.5 bbLow=1930288 5mLow=1928000 cross=false | entryNo=1
2026-07-09 17:55:25 INFO  BUY_FILLED 000660 phase=HOLDING
2026-07-09 17:55:25 INFO  SELL [EOD_FORCE_SELL] 000660 pnl=0.36% time=15:30
2026-07-09 17:55:25 INFO  SELL_EXECUTED [KRX] 000660 mode=RSI_BOLLINGER_REBOUND phase=EXITING exitType=TIMESTOP price=1941000.0000 qty=5 reason=EOD_FORCE_SELL pnl=0.36% peakPnl=0.83% holdMs=9240000 high=1950000.0000 avgPrice=1934000.0000 weightedPnl=0.35% (pending fill)
2026-07-09 17:55:25 INFO  SELL_FILLED_PNL 000660 reason=EOD_FORCE_SELL filledQty=5/5 fillRatio=1.00 weightedPnl=0.35% dailyPnl=0.35%
2026-07-09 17:55:25 INFO  SELL_FILLED 000660 reason=EOD_FORCE_SELL remainingQty=0 phase=NONE exitType=TIMESTOP
2026-07-09 17:55:26 INFO  BUY [KRX] 298040 mode=RSI_BOLLINGER_REBOUND price=3877000.0000 qty=2 size=1.0000x score=100[SS] | WHY: rsi=38.4 sig=47.5 bbLow=3874401 5mLow=3875000 rsiBbScore=100 vol(1.01x) | VWAP: -0.39%(BELOW slope=DN) allowedGap=5.00% | TREND: score=0 vel=-0.18%/-0.15%/-0.15% accel=false | VOL: 101.0000/99.5500 TO: 391577000.0000/387059450.0000 | HIGH: 3900000.0000 fromHigh=-0.59% | RSI_BB: score=100 rsi=38.4 sig=47.5 bbLow=3874401 5mLow=3875000 cross=false | entryNo=1
2026-07-09 17:55:26 INFO  BUY_FILLED 298040 phase=HOLDING
2026-07-09 17:55:26 INFO  SELL_EXECUTED [KRX] 298040 mode=RSI_BOLLINGER_REBOUND phase=EXITING exitType=STOPLOSS price=3818000.0000 qty=2 reason=STOP_LOSS_RSI_BOLLINGER_REBOUND pnl=-1.52% peakPnl=0.18% holdMs=4560000 high=3884000.0000 avgPrice=3877000.0000 weightedPnl=-1.18% (pending fill)
2026-07-09 17:55:26 INFO  SELL_FILLED_PNL 298040 reason=STOP_LOSS_RSI_BOLLINGER_REBOUND filledQty=2/2 fillRatio=1.00 weightedPnl=-1.18% dailyPnl=-1.18%
2026-07-09 17:55:26 INFO  SELL_FILLED 298040 reason=STOP_LOSS_RSI_BOLLINGER_REBOUND remainingQty=0 phase=NONE exitType=STOPLOSS
2026-07-09 17:55:26 INFO  BUY [KRX] 036930 mode=RSI_BOLLINGER_REBOUND price=222000.0000 qty=45 size=1.0000x score=100[SS] | WHY: rsi=34.1 sig=37.6 bbLow=221870 5mLow=222000 rsiBbScore=100 vol(1.18x) | VWAP: -4.26%(BELOW slope=DN) allowedGap=5.00% | TREND: score=0 vel=-0.22%/-0.22%/-0.22% accel=false | VOL: 2835.0000/2395.6000 TO: 629370000.0000/534572950.0000 | HIGH: 224000.0000 fromHigh=-0.89% | RSI_BB: score=100 rsi=34.1 sig=37.6 bbLow=221870 5mLow=222000 cross=false | entryNo=1
2026-07-09 17:55:26 INFO  BUY_FILLED 036930 phase=HOLDING
2026-07-09 17:55:26 INFO  SELL [EOD_FORCE_SELL] 036930 pnl=-0.90% time=15:30
2026-07-09 17:55:26 INFO  SELL_EXECUTED [KRX] 036930 mode=RSI_BOLLINGER_REBOUND phase=EXITING exitType=TIMESTOP price=220000.0000 qty=45 reason=EOD_FORCE_SELL pnl=-0.90% peakPnl=0.68% holdMs=10980000 high=223500.0000 avgPrice=222000.0000 weightedPnl=-0.90% (pending fill)
2026-07-09 17:55:26 INFO  SELL_FILLED_PNL 036930 reason=EOD_FORCE_SELL filledQty=45/45 fillRatio=1.00 weightedPnl=-0.90% dailyPnl=-0.90%
2026-07-09 17:55:26 INFO  SELL_FILLED 036930 reason=EOD_FORCE_SELL remainingQty=0 phase=NONE exitType=TIMESTOP
