2026-05-18 10:29:24 INFO  BUY amount set for 084670: 700000.00
2026-05-18 10:29:24 INFO  BUY amount set for 321370: 700000.00
2026-05-18 10:29:24 INFO  BUY amount set for 066430: 700000.00
2026-05-18 10:29:24 INFO  BUY amount set for 290690: 700000.00
2026-05-18 10:29:24 INFO  BUY amount set for 027360: 700000.00
2026-05-18 10:29:24 INFO  BUY amount set for 439960: 700000.00
2026-05-18 10:29:24 INFO  BUY amount set for 261780: 700000.00
2026-05-18 10:29:24 INFO  BUY amount set for 223310: 700000.00
2026-05-18 10:29:24 INFO  BUY amount set for 044380: 700000.00
2026-05-18 10:29:24 INFO  BUY amount set for 079190: 700000.00
2026-05-18 10:29:24 INFO  BUY amount set for 247660: 700000.00
2026-05-18 10:29:24 INFO  BUY amount set for 185490: 700000.00
2026-05-18 10:29:24 INFO  BUY amount set for 163560: 700000.00
2026-05-18 10:29:24 INFO  BUY amount set for 432980: 700000.00
2026-05-18 10:56:06 INFO  BUY amount set for 290690: 700000.00
2026-05-18 10:56:06 INFO  BUY amount set for 321370: 700000.00
2026-05-18 10:56:06 INFO  BUY amount set for 066430: 700000.00
2026-05-18 10:56:06 INFO  BUY amount set for 084670: 700000.00
2026-05-18 10:56:06 INFO  BUY amount set for 439960: 700000.00
2026-05-18 10:56:06 INFO  BUY amount set for 027360: 700000.00
2026-05-18 10:56:06 INFO  BUY amount set for 261780: 700000.00
2026-05-18 10:56:06 INFO  BUY amount set for 079190: 700000.00
2026-05-18 10:56:06 INFO  BUY amount set for 044380: 700000.00
2026-05-18 10:56:06 INFO  BUY amount set for 223310: 700000.00
2026-05-18 10:56:06 INFO  BUY amount set for 185490: 700000.00
2026-05-18 10:56:06 INFO  BUY amount set for 163560: 700000.00
2026-05-18 10:56:06 INFO  BUY amount set for 432980: 700000.00
2026-05-18 10:56:06 INFO  BUY amount set for 247660: 700000.00
2026-05-18 10:56:23 INFO  BUY amount set for 027360: 700000.00
2026-05-18 10:56:23 INFO  BUY amount set for 084670: 700000.00
2026-05-18 10:56:23 INFO  BUY amount set for 439960: 700000.00
2026-05-18 10:56:23 INFO  BUY amount set for 321370: 700000.00
2026-05-18 10:56:23 INFO  BUY amount set for 290690: 700000.00
2026-05-18 10:56:23 INFO  BUY amount set for 066430: 700000.00
2026-05-18 10:56:23 INFO  BUY amount set for 261780: 700000.00
2026-05-18 10:56:23 INFO  BUY amount set for 185490: 700000.00
2026-05-18 10:56:23 INFO  BUY amount set for 163560: 700000.00
2026-05-18 10:56:23 INFO  BUY amount set for 079190: 700000.00
2026-05-18 10:56:23 INFO  BUY amount set for 044380: 700000.00
2026-05-18 10:56:23 INFO  BUY amount set for 223310: 700000.00
2026-05-18 10:56:23 INFO  BUY amount set for 247660: 700000.00
2026-05-18 10:56:23 INFO  BUY amount set for 432980: 700000.00
2026-05-18 10:56:23 INFO  BUY amount set for 006345: 700000.00
2026-05-18 10:56:23 INFO  BUY amount set for 130740: 700000.00
2026-05-18 10:56:23 INFO  BUY amount set for 012205: 700000.00
2026-05-18 11:13:06 INFO  BUY [KRX] 439960 mode=BREAKOUT price=36200.0000 qty=15 size=0.8000x score=85(CONV) | WHY: strongBreakout retestOK multiUp vol(1.54x) | VWAP: 0.13%(ABOVE slope=UP) | TREND: score=3 vel=0.42%/0.28%/0.56% | VOL: 20140.0000/13098.0000 TO: 729068000.0000/473525035.2941 | entryNo=1
2026-05-18 11:13:07 INFO  BUY_FILLED 439960 phase=HOLDING
2026-05-18 11:13:11 INFO  BUY_FILLED 439960 phase=HOLDING
2026-05-18 11:13:17 INFO  BUY_FILLED 439960 phase=HOLDING
2026-05-18 11:13:22 INFO  BUY_FILLED 439960 phase=HOLDING
2026-05-18 11:13:27 INFO  BUY_FILLED 439960 phase=HOLDING
2026-05-18 11:13:32 INFO  BUY_FILLED 439960 phase=HOLDING
2026-05-18 11:13:37 INFO  BUY_FILLED 439960 phase=HOLDING
2026-05-18 11:13:42 INFO  BUY_FILLED 439960 phase=HOLDING
2026-05-18 11:13:47 INFO  BUY_FILLED 439960 phase=HOLDING
2026-05-18 11:13:52 INFO  BUY_FILLED 439960 phase=HOLDING
2026-05-18 11:13:57 INFO  BUY_FILLED 439960 phase=HOLDING
2026-05-18 11:14:02 INFO  BUY_FILLED 439960 phase=HOLDING
2026-05-18 11:14:08 INFO  BUY_FILLED 439960 phase=HOLDING
2026-05-18 11:14:13 INFO  BUY_FILLED 439960 phase=HOLDING
2026-05-18 11:14:18 INFO  BUY_FILLED 439960 phase=HOLDING
2026-05-18 11:14:23 INFO  BUY_FILLED 439960 phase=HOLDING
2026-05-18 11:14:28 INFO  BUY_FILLED 439960 phase=HOLDING
2026-05-18 11:14:33 INFO  BUY_FILLED 439960 phase=HOLDING
2026-05-18 11:14:38 INFO  BUY_FILLED 439960 phase=HOLDING
2026-05-18 11:14:43 INFO  BUY_FILLED 439960 phase=HOLDING
2026-05-18 11:14:49 INFO  BUY_FILLED 439960 phase=HOLDING
2026-05-18 11:14:59 INFO  BUY_FILLED 439960 phase=HOLDING
2026-05-18 11:15:04 INFO  BUY_FILLED 439960 phase=HOLDING
2026-05-18 11:15:09 INFO  BUY_FILLED 439960 phase=HOLDING
2026-05-18 11:15:14 INFO  BUY_FILLED 439960 phase=HOLDING
2026-05-18 11:15:19 INFO  BUY_FILLED 439960 phase=HOLDING
2026-05-18 11:15:25 INFO  BUY_FILLED 439960 phase=HOLDING
2026-05-18 11:15:35 INFO  BUY_FILLED 439960 phase=HOLDING
2026-05-18 11:15:45 INFO  BUY_FILLED 439960 phase=HOLDING
2026-05-18 11:15:50 INFO  BUY_FILLED 439960 phase=HOLDING
2026-05-18 11:15:55 INFO  BUY_FILLED 439960 phase=HOLDING
2026-05-18 11:16:00 INFO  BUY_FILLED 439960 phase=HOLDING
2026-05-18 11:16:21 INFO  BUY_FILLED 439960 phase=HOLDING
2026-05-18 11:16:26 INFO  BUY_FILLED 439960 phase=HOLDING
2026-05-18 11:16:31 INFO  BUY_FILLED 439960 phase=HOLDING
2026-05-18 11:16:36 INFO  BUY_FILLED 439960 phase=HOLDING
2026-05-18 11:16:41 INFO  BUY_FILLED 439960 phase=HOLDING
2026-05-18 11:16:46 INFO  BUY_FILLED 439960 phase=HOLDING
2026-05-18 11:16:51 INFO  BUY_FILLED 439960 phase=HOLDING
2026-05-18 11:16:57 INFO  BUY_FILLED 439960 phase=HOLDING
2026-05-18 11:17:02 INFO  BUY_FILLED 439960 phase=HOLDING
2026-05-18 11:17:07 INFO  BUY_FILLED 439960 phase=HOLDING
2026-05-18 11:17:12 INFO  BUY_FILLED 439960 phase=HOLDING
2026-05-18 11:17:17 INFO  BUY_FILLED 439960 phase=HOLDING
2026-05-18 11:17:22 INFO  BUY_FILLED 439960 phase=HOLDING
2026-05-18 11:17:27 INFO  BUY_FILLED 439960 phase=HOLDING
2026-05-18 11:17:33 INFO  BUY_FILLED 439960 phase=HOLDING
2026-05-18 11:17:38 INFO  BUY_FILLED 439960 phase=HOLDING
2026-05-18 11:17:43 INFO  BUY_FILLED 439960 phase=HOLDING
2026-05-18 11:17:48 INFO  BUY_FILLED 439960 phase=HOLDING
2026-05-18 11:17:53 INFO  BUY_FILLED 439960 phase=HOLDING
2026-05-18 11:17:58 INFO  BUY_FILLED 439960 phase=HOLDING
2026-05-18 11:18:03 INFO  BUY_FILLED 439960 phase=HOLDING
2026-05-18 11:18:08 INFO  BUY [KRX] 012205 mode=VOLUME_BREAKOUT price=14550.0000 qty=38 size=0.8000x score=95(CONV) | WHY: strongBreakout volBreakout retestOK multiUp vol(1.71x) | VWAP: 3.32%(ABOVE slope=UP) | TREND: score=3 vel=5.29%/5.14%/5.29% | VOL: 4739.0000/2777.3500 TO: 68857670.0000/39064617.5000 | entryNo=1
2026-05-18 11:18:08 WARN  BUY_REJECTED 012205 phase=NONE
2026-05-18 11:18:08 INFO  BUY_FILLED 439960 phase=HOLDING
2026-05-18 11:18:13 INFO  BUY_FILLED 439960 phase=HOLDING
2026-05-18 11:18:18 INFO  BUY_FILLED 439960 phase=HOLDING
2026-05-18 11:18:24 INFO  BUY_FILLED 439960 phase=HOLDING
2026-05-18 11:18:29 INFO  BUY_FILLED 439960 phase=HOLDING
2026-05-18 11:18:34 INFO  BUY_FILLED 439960 phase=HOLDING
2026-05-18 11:18:39 INFO  BUY_FILLED 439960 phase=HOLDING
2026-05-18 11:18:44 INFO  BUY_FILLED 439960 phase=HOLDING
2026-05-18 11:18:49 INFO  BUY_FILLED 439960 phase=HOLDING
2026-05-18 11:18:55 INFO  BUY_FILLED 439960 phase=HOLDING
2026-05-18 11:19:00 INFO  BUY_FILLED 439960 phase=HOLDING
2026-05-18 11:19:05 INFO  BUY_FILLED 439960 phase=HOLDING
2026-05-18 11:19:10 INFO  BUY_FILLED 439960 phase=HOLDING
2026-05-18 11:19:10 INFO  SELL_EXECUTED [KRX] 439960 mode=BREAKOUT phase=EXITING exitType=VWAP_BREAK price=35900.0000 qty=15 reason=VWAP_BREAK pnl=-0.83% peakPnl=0.28% holdMs=362730 high=36300.0000 avgPrice=36200.0000 weightedPnl=-0.64% dailyPnl=-0.64%
2026-05-18 11:19:10 INFO  SELL_FILLED 439960 reason=VWAP_BREAK remainingQty=0 phase=NONE exitType=VWAP_BREAK partialDone=false
2026-05-18 11:29:05 INFO  BUY [KRX] 290690 mode=VOLUME_BREAKOUT price=6890.0000 qty=81 size=0.8000x score=95(CONV) | WHY: strongBreakout volBreakout retestOK multiUp vol(1.70x) | VWAP: 1.37%(ABOVE slope=UP) | TREND: score=3 vel=1.62%/2.07%/1.77% | VOL: 56223.0000/33022.5500 TO: 387938700.0000/223570795.5000 | entryNo=1
2026-05-18 11:29:06 INFO  BUY_FILLED 290690 phase=HOLDING
2026-05-18 11:29:10 INFO  BUY_FILLED 290690 phase=HOLDING
2026-05-18 11:29:15 INFO  BUY_FILLED 290690 phase=HOLDING
2026-05-18 11:29:20 INFO  BUY_FILLED 290690 phase=HOLDING
2026-05-18 11:29:25 INFO  BUY_FILLED 290690 phase=HOLDING
2026-05-18 11:29:30 INFO  BUY_FILLED 290690 phase=HOLDING
2026-05-18 11:29:35 INFO  BUY_FILLED 290690 phase=HOLDING
2026-05-18 11:29:41 INFO  BUY_FILLED 290690 phase=HOLDING
2026-05-18 11:29:46 INFO  BUY_FILLED 290690 phase=HOLDING
2026-05-18 11:29:51 INFO  BUY_FILLED 290690 phase=HOLDING
2026-05-18 11:29:56 INFO  BUY_FILLED 290690 phase=HOLDING
2026-05-18 11:30:01 INFO  BUY_FILLED 290690 phase=HOLDING
2026-05-18 11:30:06 INFO  BUY_FILLED 290690 phase=HOLDING
2026-05-18 11:30:11 INFO  BUY_FILLED 290690 phase=HOLDING
2026-05-18 11:30:17 INFO  BUY_FILLED 290690 phase=HOLDING
2026-05-18 11:30:22 INFO  BUY [KRX] 079190 mode=VOLUME_BREAKOUT price=1125.0000 qty=497 size=0.8000x score=95(CONV) | WHY: strongBreakout volBreakout retestOK multiUp vol(2.21x) | VWAP: 2.81%(ABOVE slope=UP) | TREND: score=3 vel=1.99%/2.18%/7.33% | VOL: 62126.0000/28069.1500 TO: 70016002.0000/30600714.7500 | entryNo=1
2026-05-18 11:30:22 WARN  BUY_REJECTED 079190 phase=NONE
2026-05-18 11:30:22 INFO  BUY_FILLED 290690 phase=HOLDING
2026-05-18 11:30:32 INFO  BUY_FILLED 290690 phase=HOLDING
2026-05-18 11:30:37 INFO  BUY_FILLED 290690 phase=HOLDING
2026-05-18 11:30:42 INFO  BUY_FILLED 290690 phase=HOLDING
2026-05-18 11:30:47 INFO  BUY_FILLED 290690 phase=HOLDING
2026-05-18 11:30:52 INFO  BUY_FILLED 290690 phase=HOLDING
2026-05-18 11:30:57 INFO  BUY_FILLED 290690 phase=HOLDING
2026-05-18 11:31:03 INFO  BUY_FILLED 290690 phase=HOLDING
2026-05-18 11:31:08 INFO  BUY_FILLED 290690 phase=HOLDING
2026-05-18 11:31:13 INFO  BUY_FILLED 290690 phase=HOLDING
2026-05-18 11:31:18 INFO  BUY_FILLED 290690 phase=HOLDING
2026-05-18 11:31:23 INFO  BUY_FILLED 290690 phase=HOLDING
2026-05-18 11:31:28 INFO  BUY_FILLED 290690 phase=HOLDING
2026-05-18 11:31:33 INFO  BUY_FILLED 290690 phase=HOLDING
2026-05-18 11:31:44 INFO  BUY_FILLED 290690 phase=HOLDING
2026-05-18 11:31:49 INFO  BUY_FILLED 290690 phase=HOLDING
2026-05-18 11:31:54 INFO  BUY_FILLED 290690 phase=HOLDING
2026-05-18 11:31:59 INFO  BUY_FILLED 290690 phase=HOLDING
2026-05-18 11:32:04 INFO  BUY_FILLED 290690 phase=HOLDING
2026-05-18 11:32:09 INFO  BUY_FILLED 290690 phase=HOLDING
2026-05-18 11:32:14 INFO  BUY_FILLED 290690 phase=HOLDING
2026-05-18 11:32:19 INFO  BUY_FILLED 290690 phase=HOLDING
2026-05-18 11:32:25 INFO  BUY_FILLED 290690 phase=HOLDING
2026-05-18 11:32:35 INFO  BUY_FILLED 290690 phase=HOLDING
2026-05-18 11:32:40 INFO  BUY_FILLED 290690 phase=HOLDING
2026-05-18 11:32:45 INFO  BUY_FILLED 290690 phase=HOLDING
2026-05-18 11:32:50 INFO  BUY_FILLED 290690 phase=HOLDING
2026-05-18 11:32:55 INFO  BUY_FILLED 290690 phase=HOLDING
2026-05-18 11:33:00 INFO  BUY_FILLED 290690 phase=HOLDING
2026-05-18 11:33:11 INFO  BUY_FILLED 290690 phase=HOLDING
2026-05-18 11:33:16 INFO  BUY_FILLED 290690 phase=HOLDING
2026-05-18 11:33:16 INFO  SELL_EXECUTED [KRX] 290690 mode=VOLUME_BREAKOUT phase=EXITING exitType=STOPLOSS price=6780.0000 qty=81 reason=STOP_LOSS_VOLUME_BREAKOUT pnl=-1.60% peakPnl=0.58% holdMs=250328 high=6930.0000 avgPrice=6890.0000 weightedPnl=-1.27% dailyPnl=-1.92%
2026-05-18 11:33:16 INFO  SELL_FILLED 290690 reason=STOP_LOSS_VOLUME_BREAKOUT remainingQty=0 phase=NONE exitType=STOPLOSS partialDone=false
2026-05-18 11:45:51 INFO  BUY amount set for 321370: 650000.00
2026-05-18 11:45:51 INFO  BUY amount set for 066430: 650000.00
2026-05-18 11:45:51 INFO  BUY amount set for 084670: 650000.00
2026-05-18 11:45:51 INFO  BUY amount set for 290690: 650000.00
2026-05-18 11:45:51 INFO  BUY amount set for 027360: 650000.00
2026-05-18 11:45:51 INFO  BUY amount set for 439960: 650000.00
2026-05-18 11:45:51 INFO  BUY amount set for 223310: 650000.00
2026-05-18 11:45:51 INFO  BUY amount set for 044380: 650000.00
2026-05-18 11:45:51 INFO  BUY amount set for 261780: 650000.00
2026-05-18 11:45:51 INFO  BUY amount set for 185490: 650000.00
2026-05-18 11:45:51 INFO  BUY amount set for 079190: 650000.00
2026-05-18 11:45:51 INFO  BUY amount set for 247660: 650000.00
2026-05-18 11:45:51 INFO  BUY amount set for 163560: 650000.00
2026-05-18 11:45:51 INFO  BUY amount set for 432980: 650000.00
2026-05-18 11:45:51 INFO  BUY amount set for 006345: 650000.00
2026-05-18 11:45:51 INFO  BUY amount set for 130740: 650000.00
2026-05-18 11:45:51 INFO  BUY amount set for 012205: 650000.00
2026-05-18 11:45:52 WARN  SELL_SKIP [KRX] 290690 reason=PHANTOM_POSITION phase=NONE qty=96 avgPrice=7050.0000
2026-05-18 11:45:57 WARN  SELL_SKIP [KRX] 290690 reason=PHANTOM_POSITION phase=NONE qty=96 avgPrice=7050.0000
2026-05-18 11:46:02 WARN  SELL_SKIP [KRX] 290690 reason=PHANTOM_POSITION phase=NONE qty=96 avgPrice=7050.0000
2026-05-18 11:46:07 WARN  SELL_SKIP [KRX] 290690 reason=PHANTOM_POSITION phase=NONE qty=96 avgPrice=7050.0000
2026-05-18 11:46:12 WARN  SELL_SKIP [KRX] 290690 reason=PHANTOM_POSITION phase=NONE qty=96 avgPrice=7050.0000
2026-05-18 11:46:17 WARN  SELL_SKIP [KRX] 290690 reason=PHANTOM_POSITION phase=NONE qty=96 avgPrice=7050.0000
2026-05-18 11:46:22 WARN  SELL_SKIP [KRX] 290690 reason=PHANTOM_POSITION phase=NONE qty=96 avgPrice=7050.0000
2026-05-18 11:46:27 WARN  SELL_SKIP [KRX] 290690 reason=PHANTOM_POSITION phase=NONE qty=96 avgPrice=7050.0000
2026-05-18 11:46:43 WARN  SELL_SKIP [KRX] 290690 reason=PHANTOM_POSITION phase=NONE qty=96 avgPrice=7050.0000
2026-05-18 11:46:48 WARN  SELL_SKIP [KRX] 290690 reason=PHANTOM_POSITION phase=NONE qty=96 avgPrice=7050.0000
2026-05-18 11:46:53 WARN  SELL_SKIP [KRX] 290690 reason=PHANTOM_POSITION phase=NONE qty=96 avgPrice=7050.0000
2026-05-18 11:46:58 WARN  SELL_SKIP [KRX] 290690 reason=PHANTOM_POSITION phase=NONE qty=96 avgPrice=7050.0000
2026-05-18 11:47:03 WARN  SELL_SKIP [KRX] 290690 reason=PHANTOM_POSITION phase=NONE qty=96 avgPrice=7050.0000
2026-05-18 11:47:08 WARN  SELL_SKIP [KRX] 290690 reason=PHANTOM_POSITION phase=NONE qty=96 avgPrice=7050.0000
2026-05-18 11:47:14 WARN  SELL_SKIP [KRX] 290690 reason=PHANTOM_POSITION phase=NONE qty=96 avgPrice=7050.0000
2026-05-18 11:47:19 WARN  SELL_SKIP [KRX] 290690 reason=PHANTOM_POSITION phase=NONE qty=96 avgPrice=7050.0000
2026-05-18 11:47:24 WARN  SELL_SKIP [KRX] 290690 reason=PHANTOM_POSITION phase=NONE qty=96 avgPrice=7050.0000
2026-05-18 11:47:35 WARN  SELL_SKIP [KRX] 290690 reason=PHANTOM_POSITION phase=NONE qty=96 avgPrice=7050.0000
2026-05-18 11:47:40 WARN  SELL_SKIP [KRX] 290690 reason=PHANTOM_POSITION phase=NONE qty=96 avgPrice=7050.0000
2026-05-18 11:47:45 WARN  SELL_SKIP [KRX] 290690 reason=PHANTOM_POSITION phase=NONE qty=96 avgPrice=7050.0000
2026-05-18 11:47:50 WARN  SELL_SKIP [KRX] 290690 reason=PHANTOM_POSITION phase=NONE qty=96 avgPrice=7050.0000
2026-05-18 11:47:55 WARN  SELL_SKIP [KRX] 290690 reason=PHANTOM_POSITION phase=NONE qty=96 avgPrice=7050.0000
2026-05-18 11:48:00 WARN  SELL_SKIP [KRX] 290690 reason=PHANTOM_POSITION phase=NONE qty=96 avgPrice=7050.0000
2026-05-18 11:48:06 WARN  SELL_SKIP [KRX] 290690 reason=PHANTOM_POSITION phase=NONE qty=96 avgPrice=7050.0000
2026-05-18 11:48:11 WARN  SELL_SKIP [KRX] 290690 reason=PHANTOM_POSITION phase=NONE qty=96 avgPrice=7050.0000
2026-05-18 11:48:16 WARN  SELL_SKIP [KRX] 290690 reason=PHANTOM_POSITION phase=NONE qty=96 avgPrice=7050.0000
2026-05-18 11:48:21 WARN  SELL_SKIP [KRX] 290690 reason=PHANTOM_POSITION phase=NONE qty=96 avgPrice=7050.0000
2026-05-18 11:48:26 WARN  SELL_SKIP [KRX] 290690 reason=PHANTOM_POSITION phase=NONE qty=96 avgPrice=7050.0000
2026-05-18 11:48:31 WARN  SELL_SKIP [KRX] 290690 reason=PHANTOM_POSITION phase=NONE qty=96 avgPrice=7050.0000
2026-05-18 11:48:36 WARN  SELL_SKIP [KRX] 290690 reason=PHANTOM_POSITION phase=NONE qty=96 avgPrice=7050.0000
2026-05-18 11:48:42 WARN  SELL_SKIP [KRX] 290690 reason=PHANTOM_POSITION phase=NONE qty=96 avgPrice=7050.0000
2026-05-18 11:48:47 WARN  SELL_SKIP [KRX] 290690 reason=PHANTOM_POSITION phase=NONE qty=96 avgPrice=7050.0000
2026-05-18 11:48:52 WARN  SELL_SKIP [KRX] 290690 reason=PHANTOM_POSITION phase=NONE qty=96 avgPrice=7050.0000
2026-05-18 11:48:57 WARN  SELL_SKIP [KRX] 290690 reason=PHANTOM_POSITION phase=NONE qty=96 avgPrice=7050.0000
2026-05-18 11:49:03 WARN  SELL_SKIP [KRX] 290690 reason=PHANTOM_POSITION phase=NONE qty=96 avgPrice=7050.0000
2026-05-18 11:49:08 WARN  SELL_SKIP [KRX] 290690 reason=PHANTOM_POSITION phase=NONE qty=96 avgPrice=7050.0000
2026-05-18 11:49:13 WARN  SELL_SKIP [KRX] 290690 reason=PHANTOM_POSITION phase=NONE qty=96 avgPrice=7050.0000
2026-05-18 11:49:18 WARN  SELL_SKIP [KRX] 290690 reason=PHANTOM_POSITION phase=NONE qty=96 avgPrice=7050.0000
2026-05-18 11:49:23 WARN  SELL_SKIP [KRX] 290690 reason=PHANTOM_POSITION phase=NONE qty=96 avgPrice=7050.0000
2026-05-18 11:49:28 WARN  SELL_SKIP [KRX] 290690 reason=PHANTOM_POSITION phase=NONE qty=96 avgPrice=7050.0000
2026-05-18 11:49:34 WARN  SELL_SKIP [KRX] 290690 reason=PHANTOM_POSITION phase=NONE qty=96 avgPrice=7050.0000
2026-05-18 11:49:39 WARN  SELL_SKIP [KRX] 290690 reason=PHANTOM_POSITION phase=NONE qty=96 avgPrice=7050.0000
2026-05-18 11:49:44 WARN  SELL_SKIP [KRX] 290690 reason=PHANTOM_POSITION phase=NONE qty=96 avgPrice=7050.0000
2026-05-18 11:49:49 WARN  SELL_SKIP [KRX] 290690 reason=PHANTOM_POSITION phase=NONE qty=96 avgPrice=7050.0000
2026-05-18 11:49:54 WARN  SELL_SKIP [KRX] 290690 reason=PHANTOM_POSITION phase=NONE qty=96 avgPrice=7050.0000
2026-05-18 11:50:00 WARN  SELL_SKIP [KRX] 290690 reason=PHANTOM_POSITION phase=NONE qty=96 avgPrice=7050.0000
2026-05-18 11:50:05 WARN  SELL_SKIP [KRX] 290690 reason=PHANTOM_POSITION phase=NONE qty=96 avgPrice=7050.0000
2026-05-18 11:50:10 WARN  SELL_SKIP [KRX] 290690 reason=PHANTOM_POSITION phase=NONE qty=96 avgPrice=7050.0000
2026-05-18 11:50:15 WARN  SELL_SKIP [KRX] 290690 reason=PHANTOM_POSITION phase=NONE qty=96 avgPrice=7050.0000
2026-05-18 11:50:21 WARN  SELL_SKIP [KRX] 290690 reason=PHANTOM_POSITION phase=NONE qty=96 avgPrice=7050.0000
2026-05-18 11:50:26 WARN  SELL_SKIP [KRX] 290690 reason=PHANTOM_POSITION phase=NONE qty=96 avgPrice=7050.0000
2026-05-18 11:50:31 WARN  SELL_SKIP [KRX] 290690 reason=PHANTOM_POSITION phase=NONE qty=96 avgPrice=7050.0000
2026-05-18 11:50:36 WARN  SELL_SKIP [KRX] 290690 reason=PHANTOM_POSITION phase=NONE qty=96 avgPrice=7050.0000
2026-05-18 11:50:42 WARN  SELL_SKIP [KRX] 290690 reason=PHANTOM_POSITION phase=NONE qty=96 avgPrice=7050.0000
2026-05-18 11:50:47 WARN  SELL_SKIP [KRX] 290690 reason=PHANTOM_POSITION phase=NONE qty=96 avgPrice=7050.0000
2026-05-18 11:50:52 WARN  SELL_SKIP [KRX] 290690 reason=PHANTOM_POSITION phase=NONE qty=96 avgPrice=7050.0000
2026-05-18 11:50:57 WARN  SELL_SKIP [KRX] 290690 reason=PHANTOM_POSITION phase=NONE qty=96 avgPrice=7050.0000
2026-05-18 11:51:03 WARN  SELL_SKIP [KRX] 290690 reason=PHANTOM_POSITION phase=NONE qty=96 avgPrice=7050.0000
2026-05-18 11:51:08 WARN  SELL_SKIP [KRX] 290690 reason=PHANTOM_POSITION phase=NONE qty=96 avgPrice=7050.0000
2026-05-18 11:51:13 WARN  SELL_SKIP [KRX] 290690 reason=PHANTOM_POSITION phase=NONE qty=96 avgPrice=7050.0000
2026-05-18 11:51:18 WARN  SELL_SKIP [KRX] 290690 reason=PHANTOM_POSITION phase=NONE qty=96 avgPrice=7050.0000
2026-05-18 11:51:23 WARN  SELL_SKIP [KRX] 290690 reason=PHANTOM_POSITION phase=NONE qty=96 avgPrice=7050.0000
2026-05-18 11:51:28 WARN  SELL_SKIP [KRX] 290690 reason=PHANTOM_POSITION phase=NONE qty=96 avgPrice=7050.0000
2026-05-18 11:51:34 WARN  SELL_SKIP [KRX] 290690 reason=PHANTOM_POSITION phase=NONE qty=96 avgPrice=7050.0000
2026-05-18 11:51:39 WARN  SELL_SKIP [KRX] 290690 reason=PHANTOM_POSITION phase=NONE qty=96 avgPrice=7050.0000
2026-05-18 11:51:44 WARN  SELL_SKIP [KRX] 290690 reason=PHANTOM_POSITION phase=NONE qty=96 avgPrice=7050.0000
2026-05-18 11:51:49 WARN  SELL_SKIP [KRX] 290690 reason=PHANTOM_POSITION phase=NONE qty=96 avgPrice=7050.0000
2026-05-18 11:51:54 WARN  SELL_SKIP [KRX] 290690 reason=PHANTOM_POSITION phase=NONE qty=96 avgPrice=7050.0000
2026-05-18 11:51:59 WARN  SELL_SKIP [KRX] 290690 reason=PHANTOM_POSITION phase=NONE qty=96 avgPrice=7050.0000
2026-05-18 11:52:05 WARN  SELL_SKIP [KRX] 290690 reason=PHANTOM_POSITION phase=NONE qty=96 avgPrice=7050.0000
2026-05-18 11:52:10 WARN  SELL_SKIP [KRX] 290690 reason=PHANTOM_POSITION phase=NONE qty=96 avgPrice=7050.0000
2026-05-18 11:52:15 WARN  SELL_SKIP [KRX] 290690 reason=PHANTOM_POSITION phase=NONE qty=96 avgPrice=7050.0000
2026-05-18 11:52:20 WARN  SELL_SKIP [KRX] 290690 reason=PHANTOM_POSITION phase=NONE qty=96 avgPrice=7050.0000
2026-05-18 11:52:26 WARN  SELL_SKIP [KRX] 290690 reason=PHANTOM_POSITION phase=NONE qty=96 avgPrice=7050.0000
2026-05-18 11:52:31 WARN  SELL_SKIP [KRX] 290690 reason=PHANTOM_POSITION phase=NONE qty=96 avgPrice=7050.0000
2026-05-18 11:52:36 WARN  SELL_SKIP [KRX] 290690 reason=PHANTOM_POSITION phase=NONE qty=96 avgPrice=7050.0000
2026-05-18 11:52:41 WARN  SELL_SKIP [KRX] 290690 reason=PHANTOM_POSITION phase=NONE qty=96 avgPrice=7050.0000
2026-05-18 11:52:46 WARN  SELL_SKIP [KRX] 290690 reason=PHANTOM_POSITION phase=NONE qty=96 avgPrice=7050.0000
2026-05-18 11:52:51 WARN  SELL_SKIP [KRX] 290690 reason=PHANTOM_POSITION phase=NONE qty=96 avgPrice=7050.0000
2026-05-18 11:52:56 WARN  SELL_SKIP [KRX] 290690 reason=PHANTOM_POSITION phase=NONE qty=96 avgPrice=7050.0000
2026-05-18 11:53:02 WARN  SELL_SKIP [KRX] 290690 reason=PHANTOM_POSITION phase=NONE qty=96 avgPrice=7050.0000
2026-05-18 11:53:07 WARN  SELL_SKIP [KRX] 290690 reason=PHANTOM_POSITION phase=NONE qty=96 avgPrice=7050.0000
2026-05-18 11:53:12 WARN  SELL_SKIP [KRX] 290690 reason=PHANTOM_POSITION phase=NONE qty=96 avgPrice=7050.0000
2026-05-18 11:53:17 WARN  SELL_SKIP [KRX] 290690 reason=PHANTOM_POSITION phase=NONE qty=96 avgPrice=7050.0000
2026-05-18 11:53:23 WARN  SELL_SKIP [KRX] 290690 reason=PHANTOM_POSITION phase=NONE qty=96 avgPrice=7050.0000
2026-05-18 11:53:28 WARN  SELL_SKIP [KRX] 290690 reason=PHANTOM_POSITION phase=NONE qty=96 avgPrice=7050.0000
2026-05-18 11:53:33 WARN  SELL_SKIP [KRX] 290690 reason=PHANTOM_POSITION phase=NONE qty=96 avgPrice=7050.0000
2026-05-18 11:53:38 WARN  SELL_SKIP [KRX] 290690 reason=PHANTOM_POSITION phase=NONE qty=96 avgPrice=7050.0000
2026-05-18 11:53:44 WARN  SELL_SKIP [KRX] 290690 reason=PHANTOM_POSITION phase=NONE qty=96 avgPrice=7050.0000
2026-05-18 11:53:49 WARN  SELL_SKIP [KRX] 290690 reason=PHANTOM_POSITION phase=NONE qty=96 avgPrice=7050.0000
2026-05-18 11:53:54 WARN  SELL_SKIP [KRX] 290690 reason=PHANTOM_POSITION phase=NONE qty=96 avgPrice=7050.0000
2026-05-18 11:53:59 WARN  SELL_SKIP [KRX] 290690 reason=PHANTOM_POSITION phase=NONE qty=96 avgPrice=7050.0000
2026-05-18 11:54:04 WARN  SELL_SKIP [KRX] 290690 reason=PHANTOM_POSITION phase=NONE qty=96 avgPrice=7050.0000
2026-05-18 11:54:10 WARN  SELL_SKIP [KRX] 290690 reason=PHANTOM_POSITION phase=NONE qty=96 avgPrice=7050.0000
2026-05-18 11:54:20 WARN  SELL_SKIP [KRX] 290690 reason=PHANTOM_POSITION phase=NONE qty=96 avgPrice=7050.0000
2026-05-18 11:54:25 WARN  SELL_SKIP [KRX] 290690 reason=PHANTOM_POSITION phase=NONE qty=96 avgPrice=7050.0000
2026-05-18 11:54:30 WARN  SELL_SKIP [KRX] 290690 reason=PHANTOM_POSITION phase=NONE qty=96 avgPrice=7050.0000
2026-05-18 11:54:36 WARN  SELL_SKIP [KRX] 290690 reason=PHANTOM_POSITION phase=NONE qty=96 avgPrice=7050.0000
2026-05-18 11:54:41 WARN  SELL_SKIP [KRX] 290690 reason=PHANTOM_POSITION phase=NONE qty=96 avgPrice=7050.0000
2026-05-18 11:54:46 WARN  SELL_SKIP [KRX] 290690 reason=PHANTOM_POSITION phase=NONE qty=96 avgPrice=7050.0000
2026-05-18 11:54:51 WARN  SELL_SKIP [KRX] 290690 reason=PHANTOM_POSITION phase=NONE qty=96 avgPrice=7050.0000
2026-05-18 11:54:56 WARN  SELL_SKIP [KRX] 290690 reason=PHANTOM_POSITION phase=NONE qty=96 avgPrice=7050.0000
2026-05-18 11:55:02 WARN  SELL_SKIP [KRX] 290690 reason=PHANTOM_POSITION phase=NONE qty=96 avgPrice=7050.0000
2026-05-18 11:55:07 WARN  SELL_SKIP [KRX] 290690 reason=PHANTOM_POSITION phase=NONE qty=96 avgPrice=7050.0000
2026-05-18 11:55:12 WARN  SELL_SKIP [KRX] 290690 reason=PHANTOM_POSITION phase=NONE qty=96 avgPrice=7050.0000
2026-05-18 11:55:17 WARN  SELL_SKIP [KRX] 290690 reason=PHANTOM_POSITION phase=NONE qty=96 avgPrice=7050.0000
2026-05-18 11:55:22 WARN  SELL_SKIP [KRX] 290690 reason=PHANTOM_POSITION phase=NONE qty=96 avgPrice=7050.0000
2026-05-18 11:55:28 WARN  SELL_SKIP [KRX] 290690 reason=PHANTOM_POSITION phase=NONE qty=96 avgPrice=7050.0000
2026-05-18 11:55:33 WARN  SELL_SKIP [KRX] 290690 reason=PHANTOM_POSITION phase=NONE qty=96 avgPrice=7050.0000
2026-05-18 11:55:38 WARN  SELL_SKIP [KRX] 290690 reason=PHANTOM_POSITION phase=NONE qty=96 avgPrice=7050.0000
2026-05-18 11:55:43 WARN  SELL_SKIP [KRX] 290690 reason=PHANTOM_POSITION phase=NONE qty=96 avgPrice=7050.0000
2026-05-18 11:55:49 WARN  SELL_SKIP [KRX] 290690 reason=PHANTOM_POSITION phase=NONE qty=96 avgPrice=7050.0000
2026-05-18 11:55:59 WARN  SELL_SKIP [KRX] 290690 reason=PHANTOM_POSITION phase=NONE qty=96 avgPrice=7050.0000
2026-05-18 11:56:04 WARN  SELL_SKIP [KRX] 290690 reason=PHANTOM_POSITION phase=NONE qty=96 avgPrice=7050.0000
2026-05-18 11:56:10 WARN  SELL_SKIP [KRX] 290690 reason=PHANTOM_POSITION phase=NONE qty=96 avgPrice=7050.0000
2026-05-18 11:56:15 WARN  SELL_SKIP [KRX] 290690 reason=PHANTOM_POSITION phase=NONE qty=96 avgPrice=7050.0000
2026-05-18 11:56:20 WARN  SELL_SKIP [KRX] 290690 reason=PHANTOM_POSITION phase=NONE qty=96 avgPrice=7050.0000
2026-05-18 11:56:25 WARN  SELL_SKIP [KRX] 290690 reason=PHANTOM_POSITION phase=NONE qty=96 avgPrice=7050.0000
2026-05-18 11:56:30 WARN  SELL_SKIP [KRX] 290690 reason=PHANTOM_POSITION phase=NONE qty=96 avgPrice=7050.0000
2026-05-18 11:56:35 WARN  SELL_SKIP [KRX] 290690 reason=PHANTOM_POSITION phase=NONE qty=96 avgPrice=7050.0000
2026-05-18 11:56:41 WARN  SELL_SKIP [KRX] 290690 reason=PHANTOM_POSITION phase=NONE qty=96 avgPrice=7050.0000
2026-05-18 11:56:46 WARN  SELL_SKIP [KRX] 290690 reason=PHANTOM_POSITION phase=NONE qty=96 avgPrice=7050.0000
2026-05-18 11:56:51 WARN  SELL_SKIP [KRX] 290690 reason=PHANTOM_POSITION phase=NONE qty=96 avgPrice=7050.0000
2026-05-18 11:56:56 WARN  SELL_SKIP [KRX] 290690 reason=PHANTOM_POSITION phase=NONE qty=96 avgPrice=7050.0000
2026-05-18 11:57:02 WARN  SELL_SKIP [KRX] 290690 reason=PHANTOM_POSITION phase=NONE qty=96 avgPrice=7050.0000
2026-05-18 11:57:07 WARN  SELL_SKIP [KRX] 290690 reason=PHANTOM_POSITION phase=NONE qty=96 avgPrice=7050.0000
2026-05-18 11:57:12 WARN  SELL_SKIP [KRX] 290690 reason=PHANTOM_POSITION phase=NONE qty=96 avgPrice=7050.0000
2026-05-18 11:57:17 WARN  SELL_SKIP [KRX] 290690 reason=PHANTOM_POSITION phase=NONE qty=96 avgPrice=7050.0000
2026-05-18 11:57:22 WARN  SELL_SKIP [KRX] 290690 reason=PHANTOM_POSITION phase=NONE qty=96 avgPrice=7050.0000
2026-05-18 11:57:28 WARN  SELL_SKIP [KRX] 290690 reason=PHANTOM_POSITION phase=NONE qty=96 avgPrice=7050.0000
2026-05-18 11:57:33 WARN  SELL_SKIP [KRX] 290690 reason=PHANTOM_POSITION phase=NONE qty=96 avgPrice=7050.0000
2026-05-18 11:57:38 WARN  SELL_SKIP [KRX] 290690 reason=PHANTOM_POSITION phase=NONE qty=96 avgPrice=7050.0000
2026-05-18 11:57:43 WARN  SELL_SKIP [KRX] 290690 reason=PHANTOM_POSITION phase=NONE qty=96 avgPrice=7050.0000
2026-05-18 11:57:48 WARN  SELL_SKIP [KRX] 290690 reason=PHANTOM_POSITION phase=NONE qty=96 avgPrice=7050.0000
2026-05-18 11:57:54 WARN  SELL_SKIP [KRX] 290690 reason=PHANTOM_POSITION phase=NONE qty=96 avgPrice=7050.0000
2026-05-18 11:57:59 WARN  SELL_SKIP [KRX] 290690 reason=PHANTOM_POSITION phase=NONE qty=96 avgPrice=7050.0000
2026-05-18 11:58:04 WARN  SELL_SKIP [KRX] 290690 reason=PHANTOM_POSITION phase=NONE qty=96 avgPrice=7050.0000
2026-05-18 11:58:09 WARN  SELL_SKIP [KRX] 290690 reason=PHANTOM_POSITION phase=NONE qty=96 avgPrice=7050.0000
2026-05-18 11:58:15 WARN  SELL_SKIP [KRX] 290690 reason=PHANTOM_POSITION phase=NONE qty=96 avgPrice=7050.0000
2026-05-18 11:58:20 WARN  SELL_SKIP [KRX] 290690 reason=PHANTOM_POSITION phase=NONE qty=96 avgPrice=7050.0000
2026-05-18 11:58:25 WARN  SELL_SKIP [KRX] 290690 reason=PHANTOM_POSITION phase=NONE qty=96 avgPrice=7050.0000
2026-05-18 11:58:30 WARN  SELL_SKIP [KRX] 290690 reason=PHANTOM_POSITION phase=NONE qty=96 avgPrice=7050.0000
2026-05-18 11:58:40 WARN  SELL_SKIP [KRX] 290690 reason=PHANTOM_POSITION phase=NONE qty=96 avgPrice=7050.0000
2026-05-18 11:58:51 WARN  SELL_SKIP [KRX] 290690 reason=PHANTOM_POSITION phase=NONE qty=96 avgPrice=7050.0000
2026-05-18 11:58:56 WARN  SELL_SKIP [KRX] 290690 reason=PHANTOM_POSITION phase=NONE qty=96 avgPrice=7050.0000
2026-05-18 11:59:01 WARN  SELL_SKIP [KRX] 290690 reason=PHANTOM_POSITION phase=NONE qty=96 avgPrice=7050.0000
2026-05-18 11:59:06 WARN  SELL_SKIP [KRX] 290690 reason=PHANTOM_POSITION phase=NONE qty=96 avgPrice=7050.0000
2026-05-18 11:59:11 WARN  SELL_SKIP [KRX] 290690 reason=PHANTOM_POSITION phase=NONE qty=96 avgPrice=7050.0000
2026-05-18 11:59:17 WARN  SELL_SKIP [KRX] 290690 reason=PHANTOM_POSITION phase=NONE qty=96 avgPrice=7050.0000
2026-05-18 11:59:22 WARN  SELL_SKIP [KRX] 290690 reason=PHANTOM_POSITION phase=NONE qty=96 avgPrice=7050.0000
2026-05-18 11:59:27 WARN  SELL_SKIP [KRX] 290690 reason=PHANTOM_POSITION phase=NONE qty=96 avgPrice=7050.0000
2026-05-18 11:59:32 WARN  SELL_SKIP [KRX] 290690 reason=PHANTOM_POSITION phase=NONE qty=96 avgPrice=7050.0000
2026-05-18 11:59:37 WARN  SELL_SKIP [KRX] 290690 reason=PHANTOM_POSITION phase=NONE qty=96 avgPrice=7050.0000
2026-05-18 11:59:43 WARN  SELL_SKIP [KRX] 290690 reason=PHANTOM_POSITION phase=NONE qty=96 avgPrice=7050.0000
2026-05-18 11:59:48 WARN  SELL_SKIP [KRX] 290690 reason=PHANTOM_POSITION phase=NONE qty=96 avgPrice=7050.0000
2026-05-18 11:59:53 WARN  SELL_SKIP [KRX] 290690 reason=PHANTOM_POSITION phase=NONE qty=96 avgPrice=7050.0000
2026-05-18 11:59:58 WARN  SELL_SKIP [KRX] 290690 reason=PHANTOM_POSITION phase=NONE qty=96 avgPrice=7050.0000
2026-05-18 12:00:03 WARN  SELL_SKIP [KRX] 290690 reason=PHANTOM_POSITION phase=NONE qty=96 avgPrice=7050.0000
2026-05-18 12:00:09 WARN  SELL_SKIP [KRX] 290690 reason=PHANTOM_POSITION phase=NONE qty=96 avgPrice=7050.0000
2026-05-18 12:00:14 WARN  SELL_SKIP [KRX] 290690 reason=PHANTOM_POSITION phase=NONE qty=96 avgPrice=7050.0000
2026-05-18 12:00:19 WARN  SELL_SKIP [KRX] 290690 reason=PHANTOM_POSITION phase=NONE qty=96 avgPrice=7050.0000
2026-05-18 12:00:25 WARN  SELL_SKIP [KRX] 290690 reason=PHANTOM_POSITION phase=NONE qty=96 avgPrice=7050.0000
2026-05-18 12:00:30 WARN  SELL_SKIP [KRX] 290690 reason=PHANTOM_POSITION phase=NONE qty=96 avgPrice=7050.0000
2026-05-18 12:00:35 WARN  SELL_SKIP [KRX] 290690 reason=PHANTOM_POSITION phase=NONE qty=96 avgPrice=7050.0000
2026-05-18 12:00:40 WARN  SELL_SKIP [KRX] 290690 reason=PHANTOM_POSITION phase=NONE qty=96 avgPrice=7050.0000
2026-05-18 12:00:46 WARN  SELL_SKIP [KRX] 290690 reason=PHANTOM_POSITION phase=NONE qty=96 avgPrice=7050.0000
2026-05-18 12:00:51 WARN  SELL_SKIP [KRX] 290690 reason=PHANTOM_POSITION phase=NONE qty=96 avgPrice=7050.0000
2026-05-18 12:00:56 WARN  SELL_SKIP [KRX] 290690 reason=PHANTOM_POSITION phase=NONE qty=96 avgPrice=7050.0000
2026-05-18 12:01:01 WARN  SELL_SKIP [KRX] 290690 reason=PHANTOM_POSITION phase=NONE qty=96 avgPrice=7050.0000
2026-05-18 12:01:07 WARN  SELL_SKIP [KRX] 290690 reason=PHANTOM_POSITION phase=NONE qty=96 avgPrice=7050.0000
2026-05-18 12:01:12 WARN  SELL_SKIP [KRX] 290690 reason=PHANTOM_POSITION phase=NONE qty=96 avgPrice=7050.0000
2026-05-18 12:01:17 WARN  SELL_SKIP [KRX] 290690 reason=PHANTOM_POSITION phase=NONE qty=96 avgPrice=7050.0000
2026-05-18 12:01:22 WARN  SELL_SKIP [KRX] 290690 reason=PHANTOM_POSITION phase=NONE qty=96 avgPrice=7050.0000
2026-05-18 12:01:27 WARN  SELL_SKIP [KRX] 290690 reason=PHANTOM_POSITION phase=NONE qty=96 avgPrice=7050.0000
2026-05-18 12:01:32 WARN  SELL_SKIP [KRX] 290690 reason=PHANTOM_POSITION phase=NONE qty=96 avgPrice=7050.0000
2026-05-18 12:01:37 WARN  SELL_SKIP [KRX] 290690 reason=PHANTOM_POSITION phase=NONE qty=96 avgPrice=7050.0000
2026-05-18 12:01:43 WARN  SELL_SKIP [KRX] 290690 reason=PHANTOM_POSITION phase=NONE qty=96 avgPrice=7050.0000
2026-05-18 12:01:48 WARN  SELL_SKIP [KRX] 290690 reason=PHANTOM_POSITION phase=NONE qty=96 avgPrice=7050.0000
2026-05-18 12:01:58 WARN  SELL_SKIP [KRX] 290690 reason=PHANTOM_POSITION phase=NONE qty=96 avgPrice=7050.0000
2026-05-18 12:02:03 WARN  SELL_SKIP [KRX] 290690 reason=PHANTOM_POSITION phase=NONE qty=96 avgPrice=7050.0000
2026-05-18 12:02:09 WARN  SELL_SKIP [KRX] 290690 reason=PHANTOM_POSITION phase=NONE qty=96 avgPrice=7050.0000
2026-05-18 12:02:09 INFO  BUY [KRX] 027360 mode=VOLUME_BREAKOUT price=17700.0000 qty=36 size=1.0000x score=105(CONV) | WHY: strongBreakout volBreakout retestOK multiUp vol(6.86x) | VWAP: 1.29%(ABOVE slope=UP) | TREND: score=3 vel=2.34%/2.61%/3.51% | VOL: 541632.0000/78952.5882 TO: 9576053760.0000/1378056664.4118 | entryNo=1
2026-05-18 12:02:09 WARN  BUY_REJECTED 027360 phase=NONE
2026-05-18 12:02:14 WARN  SELL_SKIP [KRX] 290690 reason=PHANTOM_POSITION phase=NONE qty=96 avgPrice=7050.0000
2026-05-18 12:02:19 WARN  SELL_SKIP [KRX] 290690 reason=PHANTOM_POSITION phase=NONE qty=96 avgPrice=7050.0000
2026-05-18 12:02:24 WARN  SELL_SKIP [KRX] 290690 reason=PHANTOM_POSITION phase=NONE qty=96 avgPrice=7050.0000
2026-05-18 12:02:29 WARN  SELL_SKIP [KRX] 290690 reason=PHANTOM_POSITION phase=NONE qty=96 avgPrice=7050.0000
2026-05-18 12:02:34 WARN  SELL_SKIP [KRX] 290690 reason=PHANTOM_POSITION phase=NONE qty=96 avgPrice=7050.0000
2026-05-18 12:02:40 WARN  SELL_SKIP [KRX] 290690 reason=PHANTOM_POSITION phase=NONE qty=96 avgPrice=7050.0000
2026-05-18 12:02:45 WARN  SELL_SKIP [KRX] 290690 reason=PHANTOM_POSITION phase=NONE qty=96 avgPrice=7050.0000
2026-05-18 12:02:50 WARN  SELL_SKIP [KRX] 290690 reason=PHANTOM_POSITION phase=NONE qty=96 avgPrice=7050.0000
2026-05-18 12:02:55 WARN  SELL_SKIP [KRX] 290690 reason=PHANTOM_POSITION phase=NONE qty=96 avgPrice=7050.0000
2026-05-18 12:03:01 WARN  SELL_SKIP [KRX] 290690 reason=PHANTOM_POSITION phase=NONE qty=96 avgPrice=7050.0000
2026-05-18 12:03:06 WARN  SELL_SKIP [KRX] 290690 reason=PHANTOM_POSITION phase=NONE qty=96 avgPrice=7050.0000
2026-05-18 12:03:11 WARN  SELL_SKIP [KRX] 290690 reason=PHANTOM_POSITION phase=NONE qty=96 avgPrice=7050.0000
2026-05-18 12:03:16 WARN  SELL_SKIP [KRX] 290690 reason=PHANTOM_POSITION phase=NONE qty=96 avgPrice=7050.0000
2026-05-18 12:03:22 WARN  SELL_SKIP [KRX] 290690 reason=PHANTOM_POSITION phase=NONE qty=96 avgPrice=7050.0000
2026-05-18 12:03:27 WARN  SELL_SKIP [KRX] 290690 reason=PHANTOM_POSITION phase=NONE qty=96 avgPrice=7050.0000
2026-05-18 12:03:32 WARN  SELL_SKIP [KRX] 290690 reason=PHANTOM_POSITION phase=NONE qty=96 avgPrice=7050.0000
2026-05-18 12:03:37 WARN  SELL_SKIP [KRX] 290690 reason=PHANTOM_POSITION phase=NONE qty=96 avgPrice=7050.0000
2026-05-18 12:03:42 WARN  SELL_SKIP [KRX] 290690 reason=PHANTOM_POSITION phase=NONE qty=96 avgPrice=7050.0000
2026-05-18 12:03:48 WARN  SELL_SKIP [KRX] 290690 reason=PHANTOM_POSITION phase=NONE qty=96 avgPrice=7050.0000
2026-05-18 12:03:53 WARN  SELL_SKIP [KRX] 290690 reason=PHANTOM_POSITION phase=NONE qty=96 avgPrice=7050.0000
2026-05-18 12:03:58 WARN  SELL_SKIP [KRX] 290690 reason=PHANTOM_POSITION phase=NONE qty=96 avgPrice=7050.0000
2026-05-18 12:04:03 WARN  SELL_SKIP [KRX] 290690 reason=PHANTOM_POSITION phase=NONE qty=96 avgPrice=7050.0000
2026-05-18 12:04:08 WARN  SELL_SKIP [KRX] 290690 reason=PHANTOM_POSITION phase=NONE qty=96 avgPrice=7050.0000
2026-05-18 12:04:14 WARN  SELL_SKIP [KRX] 290690 reason=PHANTOM_POSITION phase=NONE qty=96 avgPrice=7050.0000
2026-05-18 12:04:19 WARN  SELL_SKIP [KRX] 290690 reason=PHANTOM_POSITION phase=NONE qty=96 avgPrice=7050.0000
2026-05-18 12:04:24 WARN  SELL_SKIP [KRX] 290690 reason=PHANTOM_POSITION phase=NONE qty=96 avgPrice=7050.0000
2026-05-18 12:04:30 WARN  SELL_SKIP [KRX] 290690 reason=PHANTOM_POSITION phase=NONE qty=96 avgPrice=7050.0000
2026-05-18 12:04:35 WARN  SELL_SKIP [KRX] 290690 reason=PHANTOM_POSITION phase=NONE qty=96 avgPrice=7050.0000
2026-05-18 12:04:40 WARN  SELL_SKIP [KRX] 290690 reason=PHANTOM_POSITION phase=NONE qty=96 avgPrice=7050.0000
2026-05-18 12:04:45 WARN  SELL_SKIP [KRX] 290690 reason=PHANTOM_POSITION phase=NONE qty=96 avgPrice=7050.0000
2026-05-18 12:04:50 WARN  SELL_SKIP [KRX] 290690 reason=PHANTOM_POSITION phase=NONE qty=96 avgPrice=7050.0000
2026-05-18 12:05:01 WARN  SELL_SKIP [KRX] 290690 reason=PHANTOM_POSITION phase=NONE qty=96 avgPrice=7050.0000
2026-05-18 12:05:06 WARN  SELL_SKIP [KRX] 290690 reason=PHANTOM_POSITION phase=NONE qty=96 avgPrice=7050.0000
2026-05-18 12:05:11 WARN  SELL_SKIP [KRX] 290690 reason=PHANTOM_POSITION phase=NONE qty=96 avgPrice=7050.0000
2026-05-18 12:05:16 WARN  SELL_SKIP [KRX] 290690 reason=PHANTOM_POSITION phase=NONE qty=96 avgPrice=7050.0000
2026-05-18 12:05:22 WARN  SELL_SKIP [KRX] 290690 reason=PHANTOM_POSITION phase=NONE qty=96 avgPrice=7050.0000
2026-05-18 12:05:27 WARN  SELL_SKIP [KRX] 290690 reason=PHANTOM_POSITION phase=NONE qty=96 avgPrice=7050.0000
2026-05-18 12:05:32 WARN  SELL_SKIP [KRX] 290690 reason=PHANTOM_POSITION phase=NONE qty=96 avgPrice=7050.0000
2026-05-18 12:05:37 WARN  SELL_SKIP [KRX] 290690 reason=PHANTOM_POSITION phase=NONE qty=96 avgPrice=7050.0000
2026-05-18 12:05:42 WARN  SELL_SKIP [KRX] 290690 reason=PHANTOM_POSITION phase=NONE qty=96 avgPrice=7050.0000
2026-05-18 12:05:53 WARN  SELL_SKIP [KRX] 290690 reason=PHANTOM_POSITION phase=NONE qty=96 avgPrice=7050.0000
2026-05-18 12:05:58 WARN  SELL_SKIP [KRX] 290690 reason=PHANTOM_POSITION phase=NONE qty=96 avgPrice=7050.0000
2026-05-18 12:06:03 WARN  SELL_SKIP [KRX] 290690 reason=PHANTOM_POSITION phase=NONE qty=96 avgPrice=7050.0000
2026-05-18 12:06:08 WARN  SELL_SKIP [KRX] 290690 reason=PHANTOM_POSITION phase=NONE qty=96 avgPrice=7050.0000
2026-05-18 12:06:13 WARN  SELL_SKIP [KRX] 290690 reason=PHANTOM_POSITION phase=NONE qty=96 avgPrice=7050.0000
2026-05-18 12:06:18 WARN  SELL_SKIP [KRX] 290690 reason=PHANTOM_POSITION phase=NONE qty=96 avgPrice=7050.0000
2026-05-18 12:06:24 WARN  SELL_SKIP [KRX] 290690 reason=PHANTOM_POSITION phase=NONE qty=96 avgPrice=7050.0000
2026-05-18 12:06:29 WARN  SELL_SKIP [KRX] 290690 reason=PHANTOM_POSITION phase=NONE qty=96 avgPrice=7050.0000
2026-05-18 12:06:34 WARN  SELL_SKIP [KRX] 290690 reason=PHANTOM_POSITION phase=NONE qty=96 avgPrice=7050.0000
2026-05-18 12:06:40 WARN  SELL_SKIP [KRX] 290690 reason=PHANTOM_POSITION phase=NONE qty=96 avgPrice=7050.0000
2026-05-18 12:06:45 WARN  SELL_SKIP [KRX] 290690 reason=PHANTOM_POSITION phase=NONE qty=96 avgPrice=7050.0000
2026-05-18 12:06:50 WARN  SELL_SKIP [KRX] 290690 reason=PHANTOM_POSITION phase=NONE qty=96 avgPrice=7050.0000
2026-05-18 12:06:55 WARN  SELL_SKIP [KRX] 290690 reason=PHANTOM_POSITION phase=NONE qty=96 avgPrice=7050.0000
2026-05-18 12:07:01 WARN  SELL_SKIP [KRX] 290690 reason=PHANTOM_POSITION phase=NONE qty=96 avgPrice=7050.0000
2026-05-18 12:07:06 WARN  SELL_SKIP [KRX] 290690 reason=PHANTOM_POSITION phase=NONE qty=96 avgPrice=7050.0000
2026-05-18 12:07:11 WARN  SELL_SKIP [KRX] 290690 reason=PHANTOM_POSITION phase=NONE qty=96 avgPrice=7050.0000
2026-05-18 12:07:16 WARN  SELL_SKIP [KRX] 290690 reason=PHANTOM_POSITION phase=NONE qty=96 avgPrice=7050.0000
2026-05-18 12:07:21 WARN  SELL_SKIP [KRX] 290690 reason=PHANTOM_POSITION phase=NONE qty=96 avgPrice=7050.0000
2026-05-18 12:07:26 WARN  SELL_SKIP [KRX] 290690 reason=PHANTOM_POSITION phase=NONE qty=96 avgPrice=7050.0000
2026-05-18 12:07:32 WARN  SELL_SKIP [KRX] 290690 reason=PHANTOM_POSITION phase=NONE qty=96 avgPrice=7050.0000
2026-05-18 12:07:37 WARN  SELL_SKIP [KRX] 290690 reason=PHANTOM_POSITION phase=NONE qty=96 avgPrice=7050.0000
2026-05-18 12:07:42 WARN  SELL_SKIP [KRX] 290690 reason=PHANTOM_POSITION phase=NONE qty=96 avgPrice=7050.0000
2026-05-18 12:07:47 WARN  SELL_SKIP [KRX] 290690 reason=PHANTOM_POSITION phase=NONE qty=96 avgPrice=7050.0000
2026-05-18 12:07:58 WARN  SELL_SKIP [KRX] 290690 reason=PHANTOM_POSITION phase=NONE qty=96 avgPrice=7050.0000
2026-05-18 12:08:03 WARN  SELL_SKIP [KRX] 290690 reason=PHANTOM_POSITION phase=NONE qty=96 avgPrice=7050.0000
2026-05-18 12:08:14 WARN  SELL_SKIP [KRX] 290690 reason=PHANTOM_POSITION phase=NONE qty=96 avgPrice=7050.0000
2026-05-18 12:08:19 WARN  SELL_SKIP [KRX] 290690 reason=PHANTOM_POSITION phase=NONE qty=96 avgPrice=7050.0000
2026-05-18 12:08:29 WARN  SELL_SKIP [KRX] 290690 reason=PHANTOM_POSITION phase=NONE qty=96 avgPrice=7050.0000
2026-05-18 12:08:34 WARN  SELL_SKIP [KRX] 290690 reason=PHANTOM_POSITION phase=NONE qty=96 avgPrice=7050.0000
2026-05-18 12:08:50 WARN  SELL_SKIP [KRX] 290690 reason=PHANTOM_POSITION phase=NONE qty=96 avgPrice=7050.0000
2026-05-18 12:08:55 WARN  SELL_SKIP [KRX] 290690 reason=PHANTOM_POSITION phase=NONE qty=96 avgPrice=7050.0000
2026-05-18 12:09:00 WARN  SELL_SKIP [KRX] 290690 reason=PHANTOM_POSITION phase=NONE qty=96 avgPrice=7050.0000
2026-05-18 12:09:05 WARN  SELL_SKIP [KRX] 290690 reason=PHANTOM_POSITION phase=NONE qty=96 avgPrice=7050.0000
2026-05-18 12:09:10 WARN  SELL_SKIP [KRX] 290690 reason=PHANTOM_POSITION phase=NONE qty=96 avgPrice=7050.0000
2026-05-18 12:09:15 WARN  SELL_SKIP [KRX] 290690 reason=PHANTOM_POSITION phase=NONE qty=96 avgPrice=7050.0000
2026-05-18 12:09:21 WARN  SELL_SKIP [KRX] 290690 reason=PHANTOM_POSITION phase=NONE qty=96 avgPrice=7050.0000
2026-05-18 12:09:26 WARN  SELL_SKIP [KRX] 290690 reason=PHANTOM_POSITION phase=NONE qty=96 avgPrice=7050.0000
2026-05-18 12:09:32 WARN  SELL_SKIP [KRX] 290690 reason=PHANTOM_POSITION phase=NONE qty=96 avgPrice=7050.0000
2026-05-18 12:09:37 WARN  SELL_SKIP [KRX] 290690 reason=PHANTOM_POSITION phase=NONE qty=96 avgPrice=7050.0000
2026-05-18 12:09:42 WARN  SELL_SKIP [KRX] 290690 reason=PHANTOM_POSITION phase=NONE qty=96 avgPrice=7050.0000
2026-05-18 12:09:47 WARN  SELL_SKIP [KRX] 290690 reason=PHANTOM_POSITION phase=NONE qty=96 avgPrice=7050.0000
2026-05-18 12:09:52 WARN  SELL_SKIP [KRX] 290690 reason=PHANTOM_POSITION phase=NONE qty=96 avgPrice=7050.0000
2026-05-18 12:09:57 WARN  SELL_SKIP [KRX] 290690 reason=PHANTOM_POSITION phase=NONE qty=96 avgPrice=7050.0000
2026-05-18 12:10:03 WARN  SELL_SKIP [KRX] 290690 reason=PHANTOM_POSITION phase=NONE qty=96 avgPrice=7050.0000
2026-05-18 12:10:08 WARN  SELL_SKIP [KRX] 290690 reason=PHANTOM_POSITION phase=NONE qty=96 avgPrice=7050.0000
2026-05-18 12:10:13 WARN  SELL_SKIP [KRX] 290690 reason=PHANTOM_POSITION phase=NONE qty=96 avgPrice=7050.0000
2026-05-18 12:10:19 WARN  SELL_SKIP [KRX] 290690 reason=PHANTOM_POSITION phase=NONE qty=96 avgPrice=7050.0000
2026-05-18 12:10:24 WARN  SELL_SKIP [KRX] 290690 reason=PHANTOM_POSITION phase=NONE qty=96 avgPrice=7050.0000
2026-05-18 12:10:29 WARN  SELL_SKIP [KRX] 290690 reason=PHANTOM_POSITION phase=NONE qty=96 avgPrice=7050.0000
2026-05-18 12:10:34 WARN  SELL_SKIP [KRX] 290690 reason=PHANTOM_POSITION phase=NONE qty=96 avgPrice=7050.0000
2026-05-18 12:10:39 WARN  SELL_SKIP [KRX] 290690 reason=PHANTOM_POSITION phase=NONE qty=96 avgPrice=7050.0000
2026-05-18 12:10:44 WARN  SELL_SKIP [KRX] 290690 reason=PHANTOM_POSITION phase=NONE qty=96 avgPrice=7050.0000
2026-05-18 12:10:49 WARN  SELL_SKIP [KRX] 290690 reason=PHANTOM_POSITION phase=NONE qty=96 avgPrice=7050.0000
2026-05-18 12:10:55 WARN  SELL_SKIP [KRX] 290690 reason=PHANTOM_POSITION phase=NONE qty=96 avgPrice=7050.0000
2026-05-18 12:11:05 WARN  SELL_SKIP [KRX] 290690 reason=PHANTOM_POSITION phase=NONE qty=96 avgPrice=7050.0000
2026-05-18 12:11:10 WARN  SELL_SKIP [KRX] 290690 reason=PHANTOM_POSITION phase=NONE qty=96 avgPrice=7050.0000
2026-05-18 12:11:16 WARN  SELL_SKIP [KRX] 290690 reason=PHANTOM_POSITION phase=NONE qty=96 avgPrice=7050.0000
2026-05-18 12:11:21 WARN  SELL_SKIP [KRX] 290690 reason=PHANTOM_POSITION phase=NONE qty=96 avgPrice=7050.0000
2026-05-18 12:11:26 WARN  SELL_SKIP [KRX] 290690 reason=PHANTOM_POSITION phase=NONE qty=96 avgPrice=7050.0000
2026-05-18 12:11:32 WARN  SELL_SKIP [KRX] 290690 reason=PHANTOM_POSITION phase=NONE qty=96 avgPrice=7050.0000
2026-05-18 12:11:37 WARN  SELL_SKIP [KRX] 290690 reason=PHANTOM_POSITION phase=NONE qty=96 avgPrice=7050.0000
2026-05-18 12:11:42 WARN  SELL_SKIP [KRX] 290690 reason=PHANTOM_POSITION phase=NONE qty=96 avgPrice=7050.0000
2026-05-18 12:11:47 WARN  SELL_SKIP [KRX] 290690 reason=PHANTOM_POSITION phase=NONE qty=96 avgPrice=7050.0000
2026-05-18 12:11:52 WARN  SELL_SKIP [KRX] 290690 reason=PHANTOM_POSITION phase=NONE qty=96 avgPrice=7050.0000
2026-05-18 12:11:57 WARN  SELL_SKIP [KRX] 290690 reason=PHANTOM_POSITION phase=NONE qty=96 avgPrice=7050.0000
2026-05-18 12:12:02 WARN  SELL_SKIP [KRX] 290690 reason=PHANTOM_POSITION phase=NONE qty=96 avgPrice=7050.0000
2026-05-18 12:12:08 WARN  SELL_SKIP [KRX] 290690 reason=PHANTOM_POSITION phase=NONE qty=96 avgPrice=7050.0000
2026-05-18 12:12:13 WARN  SELL_SKIP [KRX] 290690 reason=PHANTOM_POSITION phase=NONE qty=96 avgPrice=7050.0000
2026-05-18 12:12:18 WARN  SELL_SKIP [KRX] 290690 reason=PHANTOM_POSITION phase=NONE qty=96 avgPrice=7050.0000
2026-05-18 12:12:23 WARN  SELL_SKIP [KRX] 290690 reason=PHANTOM_POSITION phase=NONE qty=96 avgPrice=7050.0000
2026-05-18 12:12:28 WARN  SELL_SKIP [KRX] 290690 reason=PHANTOM_POSITION phase=NONE qty=96 avgPrice=7050.0000
2026-05-18 12:12:34 WARN  SELL_SKIP [KRX] 290690 reason=PHANTOM_POSITION phase=NONE qty=96 avgPrice=7050.0000
2026-05-18 12:12:39 WARN  SELL_SKIP [KRX] 290690 reason=PHANTOM_POSITION phase=NONE qty=96 avgPrice=7050.0000
2026-05-18 12:12:44 WARN  SELL_SKIP [KRX] 290690 reason=PHANTOM_POSITION phase=NONE qty=96 avgPrice=7050.0000
2026-05-18 12:12:49 WARN  SELL_SKIP [KRX] 290690 reason=PHANTOM_POSITION phase=NONE qty=96 avgPrice=7050.0000
2026-05-18 12:12:55 WARN  SELL_SKIP [KRX] 290690 reason=PHANTOM_POSITION phase=NONE qty=96 avgPrice=7050.0000
2026-05-18 12:13:00 WARN  SELL_SKIP [KRX] 290690 reason=PHANTOM_POSITION phase=NONE qty=96 avgPrice=7050.0000
2026-05-18 12:13:05 WARN  SELL_SKIP [KRX] 290690 reason=PHANTOM_POSITION phase=NONE qty=96 avgPrice=7050.0000
2026-05-18 12:13:11 WARN  SELL_SKIP [KRX] 290690 reason=PHANTOM_POSITION phase=NONE qty=96 avgPrice=7050.0000
2026-05-18 12:13:16 WARN  SELL_SKIP [KRX] 290690 reason=PHANTOM_POSITION phase=NONE qty=96 avgPrice=7050.0000
2026-05-18 12:13:21 WARN  SELL_SKIP [KRX] 290690 reason=PHANTOM_POSITION phase=NONE qty=96 avgPrice=7050.0000
2026-05-18 12:13:26 WARN  SELL_SKIP [KRX] 290690 reason=PHANTOM_POSITION phase=NONE qty=96 avgPrice=7050.0000
2026-05-18 12:13:31 WARN  SELL_SKIP [KRX] 290690 reason=PHANTOM_POSITION phase=NONE qty=96 avgPrice=7050.0000
2026-05-18 12:13:37 WARN  SELL_SKIP [KRX] 290690 reason=PHANTOM_POSITION phase=NONE qty=96 avgPrice=7050.0000
2026-05-18 12:13:42 WARN  SELL_SKIP [KRX] 290690 reason=PHANTOM_POSITION phase=NONE qty=96 avgPrice=7050.0000
2026-05-18 12:13:47 WARN  SELL_SKIP [KRX] 290690 reason=PHANTOM_POSITION phase=NONE qty=96 avgPrice=7050.0000
2026-05-18 12:13:52 WARN  SELL_SKIP [KRX] 290690 reason=PHANTOM_POSITION phase=NONE qty=96 avgPrice=7050.0000
2026-05-18 12:13:58 WARN  SELL_SKIP [KRX] 290690 reason=PHANTOM_POSITION phase=NONE qty=96 avgPrice=7050.0000
2026-05-18 12:14:03 WARN  SELL_SKIP [KRX] 290690 reason=PHANTOM_POSITION phase=NONE qty=96 avgPrice=7050.0000
2026-05-18 12:14:08 WARN  SELL_SKIP [KRX] 290690 reason=PHANTOM_POSITION phase=NONE qty=96 avgPrice=7050.0000
2026-05-18 12:14:13 WARN  SELL_SKIP [KRX] 290690 reason=PHANTOM_POSITION phase=NONE qty=96 avgPrice=7050.0000
2026-05-18 12:14:18 WARN  SELL_SKIP [KRX] 290690 reason=PHANTOM_POSITION phase=NONE qty=96 avgPrice=7050.0000
2026-05-18 12:14:24 WARN  SELL_SKIP [KRX] 290690 reason=PHANTOM_POSITION phase=NONE qty=96 avgPrice=7050.0000
2026-05-18 12:14:29 WARN  SELL_SKIP [KRX] 290690 reason=PHANTOM_POSITION phase=NONE qty=96 avgPrice=7050.0000
2026-05-18 12:14:34 WARN  SELL_SKIP [KRX] 290690 reason=PHANTOM_POSITION phase=NONE qty=96 avgPrice=7050.0000
2026-05-18 12:14:39 WARN  SELL_SKIP [KRX] 290690 reason=PHANTOM_POSITION phase=NONE qty=96 avgPrice=7050.0000
2026-05-18 12:14:44 WARN  SELL_SKIP [KRX] 290690 reason=PHANTOM_POSITION phase=NONE qty=96 avgPrice=7050.0000
2026-05-18 12:14:50 WARN  SELL_SKIP [KRX] 290690 reason=PHANTOM_POSITION phase=NONE qty=96 avgPrice=7050.0000
2026-05-18 12:14:55 WARN  SELL_SKIP [KRX] 290690 reason=PHANTOM_POSITION phase=NONE qty=96 avgPrice=7050.0000
2026-05-18 12:15:00 WARN  SELL_SKIP [KRX] 290690 reason=PHANTOM_POSITION phase=NONE qty=96 avgPrice=7050.0000
2026-05-18 12:15:05 WARN  SELL_SKIP [KRX] 290690 reason=PHANTOM_POSITION phase=NONE qty=96 avgPrice=7050.0000
2026-05-18 12:15:10 WARN  SELL_SKIP [KRX] 290690 reason=PHANTOM_POSITION phase=NONE qty=96 avgPrice=7050.0000
2026-05-18 12:15:16 WARN  SELL_SKIP [KRX] 290690 reason=PHANTOM_POSITION phase=NONE qty=96 avgPrice=7050.0000
2026-05-18 12:15:21 WARN  SELL_SKIP [KRX] 290690 reason=PHANTOM_POSITION phase=NONE qty=96 avgPrice=7050.0000
2026-05-18 12:15:26 WARN  SELL_SKIP [KRX] 290690 reason=PHANTOM_POSITION phase=NONE qty=96 avgPrice=7050.0000
2026-05-18 12:15:31 WARN  SELL_SKIP [KRX] 290690 reason=PHANTOM_POSITION phase=NONE qty=96 avgPrice=7050.0000
2026-05-18 12:15:37 WARN  SELL_SKIP [KRX] 290690 reason=PHANTOM_POSITION phase=NONE qty=96 avgPrice=7050.0000
2026-05-18 12:15:42 WARN  SELL_SKIP [KRX] 290690 reason=PHANTOM_POSITION phase=NONE qty=96 avgPrice=7050.0000
2026-05-18 12:15:47 WARN  SELL_SKIP [KRX] 290690 reason=PHANTOM_POSITION phase=NONE qty=96 avgPrice=7050.0000
2026-05-18 12:15:52 WARN  SELL_SKIP [KRX] 290690 reason=PHANTOM_POSITION phase=NONE qty=96 avgPrice=7050.0000
2026-05-18 12:15:57 WARN  SELL_SKIP [KRX] 290690 reason=PHANTOM_POSITION phase=NONE qty=96 avgPrice=7050.0000
2026-05-18 12:16:02 WARN  SELL_SKIP [KRX] 290690 reason=PHANTOM_POSITION phase=NONE qty=96 avgPrice=7050.0000
2026-05-18 12:16:08 WARN  SELL_SKIP [KRX] 290690 reason=PHANTOM_POSITION phase=NONE qty=96 avgPrice=7050.0000
2026-05-18 12:16:13 WARN  SELL_SKIP [KRX] 290690 reason=PHANTOM_POSITION phase=NONE qty=96 avgPrice=7050.0000
2026-05-18 12:16:18 WARN  SELL_SKIP [KRX] 290690 reason=PHANTOM_POSITION phase=NONE qty=96 avgPrice=7050.0000
2026-05-18 12:16:23 WARN  SELL_SKIP [KRX] 290690 reason=PHANTOM_POSITION phase=NONE qty=96 avgPrice=7050.0000
2026-05-18 12:16:29 WARN  SELL_SKIP [KRX] 290690 reason=PHANTOM_POSITION phase=NONE qty=96 avgPrice=7050.0000
2026-05-18 12:16:34 WARN  SELL_SKIP [KRX] 290690 reason=PHANTOM_POSITION phase=NONE qty=96 avgPrice=7050.0000
2026-05-18 12:16:39 WARN  SELL_SKIP [KRX] 290690 reason=PHANTOM_POSITION phase=NONE qty=96 avgPrice=7050.0000
2026-05-18 12:16:45 WARN  SELL_SKIP [KRX] 290690 reason=PHANTOM_POSITION phase=NONE qty=96 avgPrice=7050.0000
2026-05-18 12:16:50 WARN  SELL_SKIP [KRX] 290690 reason=PHANTOM_POSITION phase=NONE qty=96 avgPrice=7050.0000
2026-05-18 12:16:55 WARN  SELL_SKIP [KRX] 290690 reason=PHANTOM_POSITION phase=NONE qty=96 avgPrice=7050.0000
2026-05-18 12:17:10 WARN  SELL_SKIP [KRX] 290690 reason=PHANTOM_POSITION phase=NONE qty=96 avgPrice=7050.0000
2026-05-18 12:17:16 WARN  SELL_SKIP [KRX] 290690 reason=PHANTOM_POSITION phase=NONE qty=96 avgPrice=7050.0000
2026-05-18 12:17:26 WARN  SELL_SKIP [KRX] 290690 reason=PHANTOM_POSITION phase=NONE qty=96 avgPrice=7050.0000
2026-05-18 12:17:31 WARN  SELL_SKIP [KRX] 290690 reason=PHANTOM_POSITION phase=NONE qty=96 avgPrice=7050.0000
2026-05-18 12:17:36 WARN  SELL_SKIP [KRX] 290690 reason=PHANTOM_POSITION phase=NONE qty=96 avgPrice=7050.0000
2026-05-18 12:17:41 WARN  SELL_SKIP [KRX] 290690 reason=PHANTOM_POSITION phase=NONE qty=96 avgPrice=7050.0000
2026-05-18 12:17:46 WARN  SELL_SKIP [KRX] 290690 reason=PHANTOM_POSITION phase=NONE qty=96 avgPrice=7050.0000
2026-05-18 12:17:52 WARN  SELL_SKIP [KRX] 290690 reason=PHANTOM_POSITION phase=NONE qty=96 avgPrice=7050.0000
2026-05-18 12:17:57 WARN  SELL_SKIP [KRX] 290690 reason=PHANTOM_POSITION phase=NONE qty=96 avgPrice=7050.0000
2026-05-18 12:18:02 WARN  SELL_SKIP [KRX] 290690 reason=PHANTOM_POSITION phase=NONE qty=96 avgPrice=7050.0000
2026-05-18 12:18:07 WARN  SELL_SKIP [KRX] 290690 reason=PHANTOM_POSITION phase=NONE qty=96 avgPrice=7050.0000
2026-05-18 12:18:12 WARN  SELL_SKIP [KRX] 290690 reason=PHANTOM_POSITION phase=NONE qty=96 avgPrice=7050.0000
2026-05-18 12:18:18 WARN  SELL_SKIP [KRX] 290690 reason=PHANTOM_POSITION phase=NONE qty=96 avgPrice=7050.0000
2026-05-18 12:18:23 WARN  SELL_SKIP [KRX] 290690 reason=PHANTOM_POSITION phase=NONE qty=96 avgPrice=7050.0000
2026-05-18 12:18:28 WARN  SELL_SKIP [KRX] 290690 reason=PHANTOM_POSITION phase=NONE qty=96 avgPrice=7050.0000
2026-05-18 12:18:33 WARN  SELL_SKIP [KRX] 290690 reason=PHANTOM_POSITION phase=NONE qty=96 avgPrice=7050.0000
2026-05-18 12:18:38 WARN  SELL_SKIP [KRX] 290690 reason=PHANTOM_POSITION phase=NONE qty=96 avgPrice=7050.0000
2026-05-18 12:18:44 WARN  SELL_SKIP [KRX] 290690 reason=PHANTOM_POSITION phase=NONE qty=96 avgPrice=7050.0000
2026-05-18 12:18:49 WARN  SELL_SKIP [KRX] 290690 reason=PHANTOM_POSITION phase=NONE qty=96 avgPrice=7050.0000
2026-05-18 12:18:54 WARN  SELL_SKIP [KRX] 290690 reason=PHANTOM_POSITION phase=NONE qty=96 avgPrice=7050.0000
2026-05-18 12:19:00 WARN  SELL_SKIP [KRX] 290690 reason=PHANTOM_POSITION phase=NONE qty=96 avgPrice=7050.0000
2026-05-18 12:19:05 WARN  SELL_SKIP [KRX] 290690 reason=PHANTOM_POSITION phase=NONE qty=96 avgPrice=7050.0000
2026-05-18 12:19:10 WARN  SELL_SKIP [KRX] 290690 reason=PHANTOM_POSITION phase=NONE qty=96 avgPrice=7050.0000
2026-05-18 12:19:15 WARN  SELL_SKIP [KRX] 290690 reason=PHANTOM_POSITION phase=NONE qty=96 avgPrice=7050.0000
2026-05-18 12:19:20 WARN  SELL_SKIP [KRX] 290690 reason=PHANTOM_POSITION phase=NONE qty=96 avgPrice=7050.0000
2026-05-18 12:19:26 WARN  SELL_SKIP [KRX] 290690 reason=PHANTOM_POSITION phase=NONE qty=96 avgPrice=7050.0000
2026-05-18 12:19:31 WARN  SELL_SKIP [KRX] 290690 reason=PHANTOM_POSITION phase=NONE qty=96 avgPrice=7050.0000
2026-05-18 12:19:36 WARN  SELL_SKIP [KRX] 290690 reason=PHANTOM_POSITION phase=NONE qty=96 avgPrice=7050.0000
2026-05-18 12:19:42 WARN  SELL_SKIP [KRX] 290690 reason=PHANTOM_POSITION phase=NONE qty=96 avgPrice=7050.0000
2026-05-18 12:19:52 WARN  SELL_SKIP [KRX] 290690 reason=PHANTOM_POSITION phase=NONE qty=96 avgPrice=7050.0000
2026-05-18 12:19:57 WARN  SELL_SKIP [KRX] 290690 reason=PHANTOM_POSITION phase=NONE qty=96 avgPrice=7050.0000
2026-05-18 12:20:03 WARN  SELL_SKIP [KRX] 290690 reason=PHANTOM_POSITION phase=NONE qty=96 avgPrice=7050.0000
2026-05-18 12:20:13 WARN  SELL_SKIP [KRX] 290690 reason=PHANTOM_POSITION phase=NONE qty=96 avgPrice=7050.0000
2026-05-18 12:20:18 WARN  SELL_SKIP [KRX] 290690 reason=PHANTOM_POSITION phase=NONE qty=96 avgPrice=7050.0000
2026-05-18 12:20:23 WARN  SELL_SKIP [KRX] 290690 reason=PHANTOM_POSITION phase=NONE qty=96 avgPrice=7050.0000
2026-05-18 12:20:28 WARN  SELL_SKIP [KRX] 290690 reason=PHANTOM_POSITION phase=NONE qty=96 avgPrice=7050.0000
2026-05-18 12:20:33 WARN  SELL_SKIP [KRX] 290690 reason=PHANTOM_POSITION phase=NONE qty=96 avgPrice=7050.0000
2026-05-18 12:20:44 WARN  SELL_SKIP [KRX] 290690 reason=PHANTOM_POSITION phase=NONE qty=96 avgPrice=7050.0000
2026-05-18 12:20:49 WARN  SELL_SKIP [KRX] 290690 reason=PHANTOM_POSITION phase=NONE qty=96 avgPrice=7050.0000
2026-05-18 12:20:54 WARN  SELL_SKIP [KRX] 290690 reason=PHANTOM_POSITION phase=NONE qty=96 avgPrice=7050.0000
2026-05-18 12:20:59 WARN  SELL_SKIP [KRX] 290690 reason=PHANTOM_POSITION phase=NONE qty=96 avgPrice=7050.0000
2026-05-18 12:21:04 WARN  SELL_SKIP [KRX] 290690 reason=PHANTOM_POSITION phase=NONE qty=96 avgPrice=7050.0000
2026-05-18 12:21:10 WARN  SELL_SKIP [KRX] 290690 reason=PHANTOM_POSITION phase=NONE qty=96 avgPrice=7050.0000
2026-05-18 12:21:15 WARN  SELL_SKIP [KRX] 290690 reason=PHANTOM_POSITION phase=NONE qty=96 avgPrice=7050.0000
2026-05-18 12:21:26 WARN  SELL_SKIP [KRX] 290690 reason=PHANTOM_POSITION phase=NONE qty=96 avgPrice=7050.0000
2026-05-18 12:21:31 WARN  SELL_SKIP [KRX] 290690 reason=PHANTOM_POSITION phase=NONE qty=96 avgPrice=7050.0000
2026-05-18 12:21:36 WARN  SELL_SKIP [KRX] 290690 reason=PHANTOM_POSITION phase=NONE qty=96 avgPrice=7050.0000
2026-05-18 12:21:41 WARN  SELL_SKIP [KRX] 290690 reason=PHANTOM_POSITION phase=NONE qty=96 avgPrice=7050.0000
2026-05-18 12:21:46 WARN  SELL_SKIP [KRX] 290690 reason=PHANTOM_POSITION phase=NONE qty=96 avgPrice=7050.0000
2026-05-18 12:21:51 WARN  SELL_SKIP [KRX] 290690 reason=PHANTOM_POSITION phase=NONE qty=96 avgPrice=7050.0000
2026-05-18 12:21:57 WARN  SELL_SKIP [KRX] 290690 reason=PHANTOM_POSITION phase=NONE qty=96 avgPrice=7050.0000
2026-05-18 12:22:02 WARN  SELL_SKIP [KRX] 290690 reason=PHANTOM_POSITION phase=NONE qty=96 avgPrice=7050.0000
2026-05-18 12:22:07 WARN  SELL_SKIP [KRX] 290690 reason=PHANTOM_POSITION phase=NONE qty=96 avgPrice=7050.0000
2026-05-18 12:22:12 WARN  SELL_SKIP [KRX] 290690 reason=PHANTOM_POSITION phase=NONE qty=96 avgPrice=7050.0000
2026-05-18 12:22:18 WARN  SELL_SKIP [KRX] 290690 reason=PHANTOM_POSITION phase=NONE qty=96 avgPrice=7050.0000
2026-05-18 12:22:23 WARN  SELL_SKIP [KRX] 290690 reason=PHANTOM_POSITION phase=NONE qty=96 avgPrice=7050.0000
2026-05-18 12:22:28 WARN  SELL_SKIP [KRX] 290690 reason=PHANTOM_POSITION phase=NONE qty=96 avgPrice=7050.0000
2026-05-18 12:22:33 WARN  SELL_SKIP [KRX] 290690 reason=PHANTOM_POSITION phase=NONE qty=96 avgPrice=7050.0000
2026-05-18 12:22:44 WARN  SELL_SKIP [KRX] 290690 reason=PHANTOM_POSITION phase=NONE qty=96 avgPrice=7050.0000
2026-05-18 12:22:49 WARN  SELL_SKIP [KRX] 290690 reason=PHANTOM_POSITION phase=NONE qty=96 avgPrice=7050.0000
2026-05-18 12:22:54 WARN  SELL_SKIP [KRX] 290690 reason=PHANTOM_POSITION phase=NONE qty=96 avgPrice=7050.0000
2026-05-18 12:22:59 WARN  SELL_SKIP [KRX] 290690 reason=PHANTOM_POSITION phase=NONE qty=96 avgPrice=7050.0000
2026-05-18 12:23:04 WARN  SELL_SKIP [KRX] 290690 reason=PHANTOM_POSITION phase=NONE qty=96 avgPrice=7050.0000
2026-05-18 12:23:09 WARN  SELL_SKIP [KRX] 290690 reason=PHANTOM_POSITION phase=NONE qty=96 avgPrice=7050.0000
2026-05-18 12:23:15 WARN  SELL_SKIP [KRX] 290690 reason=PHANTOM_POSITION phase=NONE qty=96 avgPrice=7050.0000
2026-05-18 12:23:20 WARN  SELL_SKIP [KRX] 290690 reason=PHANTOM_POSITION phase=NONE qty=96 avgPrice=7050.0000
2026-05-18 12:23:25 WARN  SELL_SKIP [KRX] 290690 reason=PHANTOM_POSITION phase=NONE qty=96 avgPrice=7050.0000
2026-05-18 12:23:30 WARN  SELL_SKIP [KRX] 290690 reason=PHANTOM_POSITION phase=NONE qty=96 avgPrice=7050.0000
2026-05-18 12:23:35 WARN  SELL_SKIP [KRX] 290690 reason=PHANTOM_POSITION phase=NONE qty=96 avgPrice=7050.0000
2026-05-18 12:23:41 WARN  SELL_SKIP [KRX] 290690 reason=PHANTOM_POSITION phase=NONE qty=96 avgPrice=7050.0000
2026-05-18 12:23:46 WARN  SELL_SKIP [KRX] 290690 reason=PHANTOM_POSITION phase=NONE qty=96 avgPrice=7050.0000
2026-05-18 12:23:51 WARN  SELL_SKIP [KRX] 290690 reason=PHANTOM_POSITION phase=NONE qty=96 avgPrice=7050.0000
2026-05-18 12:23:56 WARN  SELL_SKIP [KRX] 290690 reason=PHANTOM_POSITION phase=NONE qty=96 avgPrice=7050.0000
2026-05-18 12:24:02 WARN  SELL_SKIP [KRX] 290690 reason=PHANTOM_POSITION phase=NONE qty=96 avgPrice=7050.0000
2026-05-18 12:24:07 WARN  SELL_SKIP [KRX] 290690 reason=PHANTOM_POSITION phase=NONE qty=96 avgPrice=7050.0000
2026-05-18 12:24:12 WARN  SELL_SKIP [KRX] 290690 reason=PHANTOM_POSITION phase=NONE qty=96 avgPrice=7050.0000
2026-05-18 12:24:17 WARN  SELL_SKIP [KRX] 290690 reason=PHANTOM_POSITION phase=NONE qty=96 avgPrice=7050.0000
2026-05-18 12:24:22 WARN  SELL_SKIP [KRX] 290690 reason=PHANTOM_POSITION phase=NONE qty=96 avgPrice=7050.0000
2026-05-18 12:24:27 WARN  SELL_SKIP [KRX] 290690 reason=PHANTOM_POSITION phase=NONE qty=96 avgPrice=7050.0000
2026-05-18 12:24:33 WARN  SELL_SKIP [KRX] 290690 reason=PHANTOM_POSITION phase=NONE qty=96 avgPrice=7050.0000
2026-05-18 12:24:38 WARN  SELL_SKIP [KRX] 290690 reason=PHANTOM_POSITION phase=NONE qty=96 avgPrice=7050.0000
2026-05-18 12:24:43 WARN  SELL_SKIP [KRX] 290690 reason=PHANTOM_POSITION phase=NONE qty=96 avgPrice=7050.0000
2026-05-18 12:24:48 WARN  SELL_SKIP [KRX] 290690 reason=PHANTOM_POSITION phase=NONE qty=96 avgPrice=7050.0000
2026-05-18 12:24:54 WARN  SELL_SKIP [KRX] 290690 reason=PHANTOM_POSITION phase=NONE qty=96 avgPrice=7050.0000
2026-05-18 12:24:59 WARN  SELL_SKIP [KRX] 290690 reason=PHANTOM_POSITION phase=NONE qty=96 avgPrice=7050.0000
2026-05-18 12:25:04 WARN  SELL_SKIP [KRX] 290690 reason=PHANTOM_POSITION phase=NONE qty=96 avgPrice=7050.0000
2026-05-18 12:25:09 WARN  SELL_SKIP [KRX] 290690 reason=PHANTOM_POSITION phase=NONE qty=96 avgPrice=7050.0000
2026-05-18 12:25:14 WARN  SELL_SKIP [KRX] 290690 reason=PHANTOM_POSITION phase=NONE qty=96 avgPrice=7050.0000
2026-05-18 12:25:20 WARN  SELL_SKIP [KRX] 290690 reason=PHANTOM_POSITION phase=NONE qty=96 avgPrice=7050.0000
2026-05-18 12:25:25 WARN  SELL_SKIP [KRX] 290690 reason=PHANTOM_POSITION phase=NONE qty=96 avgPrice=7050.0000
2026-05-18 12:25:30 WARN  SELL_SKIP [KRX] 290690 reason=PHANTOM_POSITION phase=NONE qty=96 avgPrice=7050.0000
2026-05-18 12:25:35 WARN  SELL_SKIP [KRX] 290690 reason=PHANTOM_POSITION phase=NONE qty=96 avgPrice=7050.0000
2026-05-18 12:25:40 WARN  SELL_SKIP [KRX] 290690 reason=PHANTOM_POSITION phase=NONE qty=96 avgPrice=7050.0000
2026-05-18 12:25:45 WARN  SELL_SKIP [KRX] 290690 reason=PHANTOM_POSITION phase=NONE qty=96 avgPrice=7050.0000
2026-05-18 12:25:50 WARN  SELL_SKIP [KRX] 290690 reason=PHANTOM_POSITION phase=NONE qty=96 avgPrice=7050.0000
2026-05-18 12:25:55 WARN  SELL_SKIP [KRX] 290690 reason=PHANTOM_POSITION phase=NONE qty=96 avgPrice=7050.0000
2026-05-18 12:26:00 WARN  SELL_SKIP [KRX] 290690 reason=PHANTOM_POSITION phase=NONE qty=96 avgPrice=7050.0000
2026-05-18 12:26:11 WARN  SELL_SKIP [KRX] 290690 reason=PHANTOM_POSITION phase=NONE qty=96 avgPrice=7050.0000
2026-05-18 12:26:16 WARN  SELL_SKIP [KRX] 290690 reason=PHANTOM_POSITION phase=NONE qty=96 avgPrice=7050.0000
2026-05-18 12:26:21 WARN  SELL_SKIP [KRX] 290690 reason=PHANTOM_POSITION phase=NONE qty=96 avgPrice=7050.0000
2026-05-18 12:26:26 WARN  SELL_SKIP [KRX] 290690 reason=PHANTOM_POSITION phase=NONE qty=96 avgPrice=7050.0000
2026-05-18 12:26:31 WARN  SELL_SKIP [KRX] 290690 reason=PHANTOM_POSITION phase=NONE qty=96 avgPrice=7050.0000
2026-05-18 12:26:41 WARN  SELL_SKIP [KRX] 290690 reason=PHANTOM_POSITION phase=NONE qty=96 avgPrice=7050.0000
2026-05-18 12:26:52 WARN  SELL_SKIP [KRX] 290690 reason=PHANTOM_POSITION phase=NONE qty=96 avgPrice=7050.0000
2026-05-18 12:26:57 WARN  SELL_SKIP [KRX] 290690 reason=PHANTOM_POSITION phase=NONE qty=96 avgPrice=7050.0000
2026-05-18 12:27:07 WARN  SELL_SKIP [KRX] 290690 reason=PHANTOM_POSITION phase=NONE qty=96 avgPrice=7050.0000
2026-05-18 12:27:12 WARN  SELL_SKIP [KRX] 290690 reason=PHANTOM_POSITION phase=NONE qty=96 avgPrice=7050.0000
2026-05-18 12:27:17 WARN  SELL_SKIP [KRX] 290690 reason=PHANTOM_POSITION phase=NONE qty=96 avgPrice=7050.0000
2026-05-18 12:27:22 WARN  SELL_SKIP [KRX] 290690 reason=PHANTOM_POSITION phase=NONE qty=96 avgPrice=7050.0000
2026-05-18 12:27:27 WARN  SELL_SKIP [KRX] 290690 reason=PHANTOM_POSITION phase=NONE qty=96 avgPrice=7050.0000
2026-05-18 12:27:32 WARN  SELL_SKIP [KRX] 290690 reason=PHANTOM_POSITION phase=NONE qty=96 avgPrice=7050.0000
2026-05-18 12:27:38 WARN  SELL_SKIP [KRX] 290690 reason=PHANTOM_POSITION phase=NONE qty=96 avgPrice=7050.0000
2026-05-18 12:27:43 WARN  SELL_SKIP [KRX] 290690 reason=PHANTOM_POSITION phase=NONE qty=96 avgPrice=7050.0000
2026-05-18 12:27:48 WARN  SELL_SKIP [KRX] 290690 reason=PHANTOM_POSITION phase=NONE qty=96 avgPrice=7050.0000
2026-05-18 12:27:53 WARN  SELL_SKIP [KRX] 290690 reason=PHANTOM_POSITION phase=NONE qty=96 avgPrice=7050.0000
2026-05-18 12:27:58 WARN  SELL_SKIP [KRX] 290690 reason=PHANTOM_POSITION phase=NONE qty=96 avgPrice=7050.0000
2026-05-18 12:28:03 WARN  SELL_SKIP [KRX] 290690 reason=PHANTOM_POSITION phase=NONE qty=96 avgPrice=7050.0000
2026-05-18 12:28:08 WARN  SELL_SKIP [KRX] 290690 reason=PHANTOM_POSITION phase=NONE qty=96 avgPrice=7050.0000
2026-05-18 12:28:13 WARN  SELL_SKIP [KRX] 290690 reason=PHANTOM_POSITION phase=NONE qty=96 avgPrice=7050.0000
2026-05-18 12:28:18 WARN  SELL_SKIP [KRX] 290690 reason=PHANTOM_POSITION phase=NONE qty=96 avgPrice=7050.0000
2026-05-18 12:28:23 WARN  SELL_SKIP [KRX] 290690 reason=PHANTOM_POSITION phase=NONE qty=96 avgPrice=7050.0000
2026-05-18 12:28:34 WARN  SELL_SKIP [KRX] 290690 reason=PHANTOM_POSITION phase=NONE qty=96 avgPrice=7050.0000
2026-05-18 12:28:39 WARN  SELL_SKIP [KRX] 290690 reason=PHANTOM_POSITION phase=NONE qty=96 avgPrice=7050.0000
2026-05-18 12:28:44 WARN  SELL_SKIP [KRX] 290690 reason=PHANTOM_POSITION phase=NONE qty=96 avgPrice=7050.0000
2026-05-18 12:28:49 WARN  SELL_SKIP [KRX] 290690 reason=PHANTOM_POSITION phase=NONE qty=96 avgPrice=7050.0000
2026-05-18 12:28:54 WARN  SELL_SKIP [KRX] 290690 reason=PHANTOM_POSITION phase=NONE qty=96 avgPrice=7050.0000
2026-05-18 12:28:59 WARN  SELL_SKIP [KRX] 290690 reason=PHANTOM_POSITION phase=NONE qty=96 avgPrice=7050.0000
2026-05-18 12:29:04 WARN  SELL_SKIP [KRX] 290690 reason=PHANTOM_POSITION phase=NONE qty=96 avgPrice=7050.0000
2026-05-18 12:29:09 WARN  SELL_SKIP [KRX] 290690 reason=PHANTOM_POSITION phase=NONE qty=96 avgPrice=7050.0000
2026-05-18 12:29:14 WARN  SELL_SKIP [KRX] 290690 reason=PHANTOM_POSITION phase=NONE qty=96 avgPrice=7050.0000
2026-05-18 12:29:19 WARN  SELL_SKIP [KRX] 290690 reason=PHANTOM_POSITION phase=NONE qty=96 avgPrice=7050.0000
2026-05-18 12:29:24 WARN  SELL_SKIP [KRX] 290690 reason=PHANTOM_POSITION phase=NONE qty=96 avgPrice=7050.0000
2026-05-18 12:29:29 WARN  SELL_SKIP [KRX] 290690 reason=PHANTOM_POSITION phase=NONE qty=96 avgPrice=7050.0000
2026-05-18 12:29:34 WARN  SELL_SKIP [KRX] 290690 reason=PHANTOM_POSITION phase=NONE qty=96 avgPrice=7050.0000
2026-05-18 12:29:39 WARN  SELL_SKIP [KRX] 290690 reason=PHANTOM_POSITION phase=NONE qty=96 avgPrice=7050.0000
2026-05-18 12:29:44 WARN  SELL_SKIP [KRX] 290690 reason=PHANTOM_POSITION phase=NONE qty=96 avgPrice=7050.0000
2026-05-18 12:29:49 WARN  SELL_SKIP [KRX] 290690 reason=PHANTOM_POSITION phase=NONE qty=96 avgPrice=7050.0000
2026-05-18 12:29:54 WARN  SELL_SKIP [KRX] 290690 reason=PHANTOM_POSITION phase=NONE qty=96 avgPrice=7050.0000
2026-05-18 12:30:00 WARN  SELL_SKIP [KRX] 290690 reason=PHANTOM_POSITION phase=NONE qty=96 avgPrice=7050.0000
2026-05-18 12:30:05 WARN  SELL_SKIP [KRX] 290690 reason=PHANTOM_POSITION phase=NONE qty=96 avgPrice=7050.0000
2026-05-18 12:30:10 WARN  SELL_SKIP [KRX] 290690 reason=PHANTOM_POSITION phase=NONE qty=96 avgPrice=7050.0000
2026-05-18 12:30:15 WARN  SELL_SKIP [KRX] 290690 reason=PHANTOM_POSITION phase=NONE qty=96 avgPrice=7050.0000
2026-05-18 12:30:20 WARN  SELL_SKIP [KRX] 290690 reason=PHANTOM_POSITION phase=NONE qty=96 avgPrice=7050.0000
2026-05-18 12:30:26 WARN  SELL_SKIP [KRX] 290690 reason=PHANTOM_POSITION phase=NONE qty=96 avgPrice=7050.0000
2026-05-18 12:30:31 WARN  SELL_SKIP [KRX] 290690 reason=PHANTOM_POSITION phase=NONE qty=96 avgPrice=7050.0000
2026-05-18 12:30:36 WARN  SELL_SKIP [KRX] 290690 reason=PHANTOM_POSITION phase=NONE qty=96 avgPrice=7050.0000
2026-05-18 12:30:41 WARN  SELL_SKIP [KRX] 290690 reason=PHANTOM_POSITION phase=NONE qty=96 avgPrice=7050.0000
2026-05-18 12:30:46 WARN  SELL_SKIP [KRX] 290690 reason=PHANTOM_POSITION phase=NONE qty=96 avgPrice=7050.0000
2026-05-18 12:30:51 WARN  SELL_SKIP [KRX] 290690 reason=PHANTOM_POSITION phase=NONE qty=96 avgPrice=7050.0000
2026-05-18 12:30:56 WARN  SELL_SKIP [KRX] 290690 reason=PHANTOM_POSITION phase=NONE qty=96 avgPrice=7050.0000
2026-05-18 12:31:01 WARN  SELL_SKIP [KRX] 290690 reason=PHANTOM_POSITION phase=NONE qty=96 avgPrice=7050.0000
2026-05-18 12:31:07 WARN  SELL_SKIP [KRX] 290690 reason=PHANTOM_POSITION phase=NONE qty=96 avgPrice=7050.0000
2026-05-18 12:31:12 WARN  SELL_SKIP [KRX] 290690 reason=PHANTOM_POSITION phase=NONE qty=96 avgPrice=7050.0000
2026-05-18 12:31:17 WARN  SELL_SKIP [KRX] 290690 reason=PHANTOM_POSITION phase=NONE qty=96 avgPrice=7050.0000
2026-05-18 12:31:22 WARN  SELL_SKIP [KRX] 290690 reason=PHANTOM_POSITION phase=NONE qty=96 avgPrice=7050.0000
2026-05-18 12:31:27 WARN  SELL_SKIP [KRX] 290690 reason=PHANTOM_POSITION phase=NONE qty=96 avgPrice=7050.0000
2026-05-18 12:31:32 WARN  SELL_SKIP [KRX] 290690 reason=PHANTOM_POSITION phase=NONE qty=96 avgPrice=7050.0000
2026-05-18 12:31:37 WARN  SELL_SKIP [KRX] 290690 reason=PHANTOM_POSITION phase=NONE qty=96 avgPrice=7050.0000
2026-05-18 12:31:42 WARN  SELL_SKIP [KRX] 290690 reason=PHANTOM_POSITION phase=NONE qty=96 avgPrice=7050.0000
2026-05-18 12:31:47 WARN  SELL_SKIP [KRX] 290690 reason=PHANTOM_POSITION phase=NONE qty=96 avgPrice=7050.0000
2026-05-18 12:31:52 WARN  SELL_SKIP [KRX] 290690 reason=PHANTOM_POSITION phase=NONE qty=96 avgPrice=7050.0000
2026-05-18 12:31:57 WARN  SELL_SKIP [KRX] 290690 reason=PHANTOM_POSITION phase=NONE qty=96 avgPrice=7050.0000
2026-05-18 12:32:02 WARN  SELL_SKIP [KRX] 290690 reason=PHANTOM_POSITION phase=NONE qty=96 avgPrice=7050.0000
2026-05-18 12:32:07 WARN  SELL_SKIP [KRX] 290690 reason=PHANTOM_POSITION phase=NONE qty=96 avgPrice=7050.0000
2026-05-18 12:32:12 WARN  SELL_SKIP [KRX] 290690 reason=PHANTOM_POSITION phase=NONE qty=96 avgPrice=7050.0000
2026-05-18 12:32:17 WARN  SELL_SKIP [KRX] 290690 reason=PHANTOM_POSITION phase=NONE qty=96 avgPrice=7050.0000
2026-05-18 12:32:23 WARN  SELL_SKIP [KRX] 290690 reason=PHANTOM_POSITION phase=NONE qty=96 avgPrice=7050.0000
2026-05-18 12:32:33 WARN  SELL_SKIP [KRX] 290690 reason=PHANTOM_POSITION phase=NONE qty=96 avgPrice=7050.0000
2026-05-18 12:32:38 WARN  SELL_SKIP [KRX] 290690 reason=PHANTOM_POSITION phase=NONE qty=96 avgPrice=7050.0000
2026-05-18 12:32:43 WARN  SELL_SKIP [KRX] 290690 reason=PHANTOM_POSITION phase=NONE qty=96 avgPrice=7050.0000
2026-05-18 12:32:48 WARN  SELL_SKIP [KRX] 290690 reason=PHANTOM_POSITION phase=NONE qty=96 avgPrice=7050.0000
2026-05-18 12:32:53 WARN  SELL_SKIP [KRX] 290690 reason=PHANTOM_POSITION phase=NONE qty=96 avgPrice=7050.0000
2026-05-18 12:32:58 WARN  SELL_SKIP [KRX] 290690 reason=PHANTOM_POSITION phase=NONE qty=96 avgPrice=7050.0000
2026-05-18 12:33:03 WARN  SELL_SKIP [KRX] 290690 reason=PHANTOM_POSITION phase=NONE qty=96 avgPrice=7050.0000
2026-05-18 12:33:08 WARN  SELL_SKIP [KRX] 290690 reason=PHANTOM_POSITION phase=NONE qty=96 avgPrice=7050.0000
2026-05-18 12:33:14 WARN  SELL_SKIP [KRX] 290690 reason=PHANTOM_POSITION phase=NONE qty=96 avgPrice=7050.0000
2026-05-18 12:33:19 WARN  SELL_SKIP [KRX] 290690 reason=PHANTOM_POSITION phase=NONE qty=96 avgPrice=7050.0000
2026-05-18 12:33:24 WARN  SELL_SKIP [KRX] 290690 reason=PHANTOM_POSITION phase=NONE qty=96 avgPrice=7050.0000
2026-05-18 12:33:29 WARN  SELL_SKIP [KRX] 290690 reason=PHANTOM_POSITION phase=NONE qty=96 avgPrice=7050.0000
2026-05-18 12:33:34 WARN  SELL_SKIP [KRX] 290690 reason=PHANTOM_POSITION phase=NONE qty=96 avgPrice=7050.0000
2026-05-18 12:33:39 WARN  SELL_SKIP [KRX] 290690 reason=PHANTOM_POSITION phase=NONE qty=96 avgPrice=7050.0000
2026-05-18 12:33:45 WARN  SELL_SKIP [KRX] 290690 reason=PHANTOM_POSITION phase=NONE qty=96 avgPrice=7050.0000
2026-05-18 12:33:50 WARN  SELL_SKIP [KRX] 290690 reason=PHANTOM_POSITION phase=NONE qty=96 avgPrice=7050.0000
2026-05-18 12:33:55 WARN  SELL_SKIP [KRX] 290690 reason=PHANTOM_POSITION phase=NONE qty=96 avgPrice=7050.0000
2026-05-18 12:34:00 WARN  SELL_SKIP [KRX] 290690 reason=PHANTOM_POSITION phase=NONE qty=96 avgPrice=7050.0000
2026-05-18 12:34:05 WARN  SELL_SKIP [KRX] 290690 reason=PHANTOM_POSITION phase=NONE qty=96 avgPrice=7050.0000
2026-05-18 12:34:10 WARN  SELL_SKIP [KRX] 290690 reason=PHANTOM_POSITION phase=NONE qty=96 avgPrice=7050.0000
2026-05-18 12:34:15 WARN  SELL_SKIP [KRX] 290690 reason=PHANTOM_POSITION phase=NONE qty=96 avgPrice=7050.0000
2026-05-18 12:34:20 WARN  SELL_SKIP [KRX] 290690 reason=PHANTOM_POSITION phase=NONE qty=96 avgPrice=7050.0000
2026-05-18 12:34:25 WARN  SELL_SKIP [KRX] 290690 reason=PHANTOM_POSITION phase=NONE qty=96 avgPrice=7050.0000
2026-05-18 12:34:31 WARN  SELL_SKIP [KRX] 290690 reason=PHANTOM_POSITION phase=NONE qty=96 avgPrice=7050.0000
2026-05-18 12:34:36 WARN  SELL_SKIP [KRX] 290690 reason=PHANTOM_POSITION phase=NONE qty=96 avgPrice=7050.0000
2026-05-18 12:34:41 WARN  SELL_SKIP [KRX] 290690 reason=PHANTOM_POSITION phase=NONE qty=96 avgPrice=7050.0000
2026-05-18 12:34:46 WARN  SELL_SKIP [KRX] 290690 reason=PHANTOM_POSITION phase=NONE qty=96 avgPrice=7050.0000
2026-05-18 12:34:51 WARN  SELL_SKIP [KRX] 290690 reason=PHANTOM_POSITION phase=NONE qty=96 avgPrice=7050.0000
2026-05-18 12:34:56 WARN  SELL_SKIP [KRX] 290690 reason=PHANTOM_POSITION phase=NONE qty=96 avgPrice=7050.0000
2026-05-18 12:35:01 WARN  SELL_SKIP [KRX] 290690 reason=PHANTOM_POSITION phase=NONE qty=96 avgPrice=7050.0000
2026-05-18 12:35:06 WARN  SELL_SKIP [KRX] 290690 reason=PHANTOM_POSITION phase=NONE qty=96 avgPrice=7050.0000
2026-05-18 12:35:11 WARN  SELL_SKIP [KRX] 290690 reason=PHANTOM_POSITION phase=NONE qty=96 avgPrice=7050.0000
2026-05-18 12:35:16 WARN  SELL_SKIP [KRX] 290690 reason=PHANTOM_POSITION phase=NONE qty=96 avgPrice=7050.0000
2026-05-18 12:35:21 WARN  SELL_SKIP [KRX] 290690 reason=PHANTOM_POSITION phase=NONE qty=96 avgPrice=7050.0000
2026-05-18 12:35:26 WARN  SELL_SKIP [KRX] 290690 reason=PHANTOM_POSITION phase=NONE qty=96 avgPrice=7050.0000
2026-05-18 12:35:31 WARN  SELL_SKIP [KRX] 290690 reason=PHANTOM_POSITION phase=NONE qty=96 avgPrice=7050.0000
2026-05-18 12:35:36 WARN  SELL_SKIP [KRX] 290690 reason=PHANTOM_POSITION phase=NONE qty=96 avgPrice=7050.0000
2026-05-18 12:35:41 WARN  SELL_SKIP [KRX] 290690 reason=PHANTOM_POSITION phase=NONE qty=96 avgPrice=7050.0000
2026-05-18 12:35:46 WARN  SELL_SKIP [KRX] 290690 reason=PHANTOM_POSITION phase=NONE qty=96 avgPrice=7050.0000
2026-05-18 12:35:52 WARN  SELL_SKIP [KRX] 290690 reason=PHANTOM_POSITION phase=NONE qty=96 avgPrice=7050.0000
2026-05-18 12:35:57 WARN  SELL_SKIP [KRX] 290690 reason=PHANTOM_POSITION phase=NONE qty=96 avgPrice=7050.0000
2026-05-18 12:36:02 WARN  SELL_SKIP [KRX] 290690 reason=PHANTOM_POSITION phase=NONE qty=96 avgPrice=7050.0000
2026-05-18 12:36:07 WARN  SELL_SKIP [KRX] 290690 reason=PHANTOM_POSITION phase=NONE qty=96 avgPrice=7050.0000
2026-05-18 12:36:12 WARN  SELL_SKIP [KRX] 290690 reason=PHANTOM_POSITION phase=NONE qty=96 avgPrice=7050.0000
2026-05-18 12:36:17 WARN  SELL_SKIP [KRX] 290690 reason=PHANTOM_POSITION phase=NONE qty=96 avgPrice=7050.0000
2026-05-18 12:36:27 WARN  SELL_SKIP [KRX] 290690 reason=PHANTOM_POSITION phase=NONE qty=96 avgPrice=7050.0000
2026-05-18 12:36:33 WARN  SELL_SKIP [KRX] 290690 reason=PHANTOM_POSITION phase=NONE qty=96 avgPrice=7050.0000
2026-05-18 12:36:38 WARN  SELL_SKIP [KRX] 290690 reason=PHANTOM_POSITION phase=NONE qty=96 avgPrice=7050.0000
2026-05-18 12:36:43 WARN  SELL_SKIP [KRX] 290690 reason=PHANTOM_POSITION phase=NONE qty=96 avgPrice=7050.0000
2026-05-18 12:36:48 WARN  SELL_SKIP [KRX] 290690 reason=PHANTOM_POSITION phase=NONE qty=96 avgPrice=7050.0000
2026-05-18 12:36:53 WARN  SELL_SKIP [KRX] 290690 reason=PHANTOM_POSITION phase=NONE qty=96 avgPrice=7050.0000
2026-05-18 12:36:58 WARN  SELL_SKIP [KRX] 290690 reason=PHANTOM_POSITION phase=NONE qty=96 avgPrice=7050.0000
2026-05-18 12:37:03 WARN  SELL_SKIP [KRX] 290690 reason=PHANTOM_POSITION phase=NONE qty=96 avgPrice=7050.0000
2026-05-18 12:37:09 WARN  SELL_SKIP [KRX] 290690 reason=PHANTOM_POSITION phase=NONE qty=96 avgPrice=7050.0000
2026-05-18 12:37:14 WARN  SELL_SKIP [KRX] 290690 reason=PHANTOM_POSITION phase=NONE qty=96 avgPrice=7050.0000
2026-05-18 12:37:19 WARN  SELL_SKIP [KRX] 290690 reason=PHANTOM_POSITION phase=NONE qty=96 avgPrice=7050.0000
2026-05-18 12:37:24 WARN  SELL_SKIP [KRX] 290690 reason=PHANTOM_POSITION phase=NONE qty=96 avgPrice=7050.0000
2026-05-18 12:37:29 WARN  SELL_SKIP [KRX] 290690 reason=PHANTOM_POSITION phase=NONE qty=96 avgPrice=7050.0000
2026-05-18 12:37:34 WARN  SELL_SKIP [KRX] 290690 reason=PHANTOM_POSITION phase=NONE qty=96 avgPrice=7050.0000
2026-05-18 12:37:40 WARN  SELL_SKIP [KRX] 290690 reason=PHANTOM_POSITION phase=NONE qty=96 avgPrice=7050.0000
2026-05-18 12:37:45 WARN  SELL_SKIP [KRX] 290690 reason=PHANTOM_POSITION phase=NONE qty=96 avgPrice=7050.0000
2026-05-18 12:37:50 WARN  SELL_SKIP [KRX] 290690 reason=PHANTOM_POSITION phase=NONE qty=96 avgPrice=7050.0000
2026-05-18 12:37:55 WARN  SELL_SKIP [KRX] 290690 reason=PHANTOM_POSITION phase=NONE qty=96 avgPrice=7050.0000
2026-05-18 12:38:00 WARN  SELL_SKIP [KRX] 290690 reason=PHANTOM_POSITION phase=NONE qty=96 avgPrice=7050.0000
2026-05-18 12:38:05 WARN  SELL_SKIP [KRX] 290690 reason=PHANTOM_POSITION phase=NONE qty=96 avgPrice=7050.0000
2026-05-18 12:38:10 WARN  SELL_SKIP [KRX] 290690 reason=PHANTOM_POSITION phase=NONE qty=96 avgPrice=7050.0000
2026-05-18 12:38:15 WARN  SELL_SKIP [KRX] 290690 reason=PHANTOM_POSITION phase=NONE qty=96 avgPrice=7050.0000
2026-05-18 12:38:20 WARN  SELL_SKIP [KRX] 290690 reason=PHANTOM_POSITION phase=NONE qty=96 avgPrice=7050.0000
2026-05-18 12:38:25 WARN  SELL_SKIP [KRX] 290690 reason=PHANTOM_POSITION phase=NONE qty=96 avgPrice=7050.0000
2026-05-18 12:38:30 WARN  SELL_SKIP [KRX] 290690 reason=PHANTOM_POSITION phase=NONE qty=96 avgPrice=7050.0000
2026-05-18 12:38:35 WARN  SELL_SKIP [KRX] 290690 reason=PHANTOM_POSITION phase=NONE qty=96 avgPrice=7050.0000
2026-05-18 12:38:40 WARN  SELL_SKIP [KRX] 290690 reason=PHANTOM_POSITION phase=NONE qty=96 avgPrice=7050.0000
2026-05-18 12:38:45 WARN  SELL_SKIP [KRX] 290690 reason=PHANTOM_POSITION phase=NONE qty=96 avgPrice=7050.0000
2026-05-18 12:38:50 WARN  SELL_SKIP [KRX] 290690 reason=PHANTOM_POSITION phase=NONE qty=96 avgPrice=7050.0000
2026-05-18 12:38:55 WARN  SELL_SKIP [KRX] 290690 reason=PHANTOM_POSITION phase=NONE qty=96 avgPrice=7050.0000
2026-05-18 12:39:00 WARN  SELL_SKIP [KRX] 290690 reason=PHANTOM_POSITION phase=NONE qty=96 avgPrice=7050.0000
2026-05-18 12:39:05 WARN  SELL_SKIP [KRX] 290690 reason=PHANTOM_POSITION phase=NONE qty=96 avgPrice=7050.0000
2026-05-18 12:39:11 WARN  SELL_SKIP [KRX] 290690 reason=PHANTOM_POSITION phase=NONE qty=96 avgPrice=7050.0000
2026-05-18 12:39:16 WARN  SELL_SKIP [KRX] 290690 reason=PHANTOM_POSITION phase=NONE qty=96 avgPrice=7050.0000
2026-05-18 12:39:21 WARN  SELL_SKIP [KRX] 290690 reason=PHANTOM_POSITION phase=NONE qty=96 avgPrice=7050.0000
2026-05-18 12:39:26 WARN  SELL_SKIP [KRX] 290690 reason=PHANTOM_POSITION phase=NONE qty=96 avgPrice=7050.0000
2026-05-18 12:39:32 WARN  SELL_SKIP [KRX] 290690 reason=PHANTOM_POSITION phase=NONE qty=96 avgPrice=7050.0000
2026-05-18 12:39:37 WARN  SELL_SKIP [KRX] 290690 reason=PHANTOM_POSITION phase=NONE qty=96 avgPrice=7050.0000
2026-05-18 12:39:42 WARN  SELL_SKIP [KRX] 290690 reason=PHANTOM_POSITION phase=NONE qty=96 avgPrice=7050.0000
2026-05-18 12:39:47 WARN  SELL_SKIP [KRX] 290690 reason=PHANTOM_POSITION phase=NONE qty=96 avgPrice=7050.0000
2026-05-18 12:39:52 WARN  SELL_SKIP [KRX] 290690 reason=PHANTOM_POSITION phase=NONE qty=96 avgPrice=7050.0000
2026-05-18 12:39:57 WARN  SELL_SKIP [KRX] 290690 reason=PHANTOM_POSITION phase=NONE qty=96 avgPrice=7050.0000
2026-05-18 12:40:02 WARN  SELL_SKIP [KRX] 290690 reason=PHANTOM_POSITION phase=NONE qty=96 avgPrice=7050.0000
2026-05-18 12:40:07 WARN  SELL_SKIP [KRX] 290690 reason=PHANTOM_POSITION phase=NONE qty=96 avgPrice=7050.0000
2026-05-18 12:40:12 WARN  SELL_SKIP [KRX] 290690 reason=PHANTOM_POSITION phase=NONE qty=96 avgPrice=7050.0000
2026-05-18 12:40:17 WARN  SELL_SKIP [KRX] 290690 reason=PHANTOM_POSITION phase=NONE qty=96 avgPrice=7050.0000
2026-05-18 12:40:22 WARN  SELL_SKIP [KRX] 290690 reason=PHANTOM_POSITION phase=NONE qty=96 avgPrice=7050.0000
2026-05-18 12:40:27 WARN  SELL_SKIP [KRX] 290690 reason=PHANTOM_POSITION phase=NONE qty=96 avgPrice=7050.0000
2026-05-18 12:40:32 WARN  SELL_SKIP [KRX] 290690 reason=PHANTOM_POSITION phase=NONE qty=96 avgPrice=7050.0000
2026-05-18 12:40:37 WARN  SELL_SKIP [KRX] 290690 reason=PHANTOM_POSITION phase=NONE qty=96 avgPrice=7050.0000
2026-05-18 12:40:42 WARN  SELL_SKIP [KRX] 290690 reason=PHANTOM_POSITION phase=NONE qty=96 avgPrice=7050.0000
2026-05-18 12:40:47 WARN  SELL_SKIP [KRX] 290690 reason=PHANTOM_POSITION phase=NONE qty=96 avgPrice=7050.0000
2026-05-18 12:40:52 WARN  SELL_SKIP [KRX] 290690 reason=PHANTOM_POSITION phase=NONE qty=96 avgPrice=7050.0000
2026-05-18 12:40:57 WARN  SELL_SKIP [KRX] 290690 reason=PHANTOM_POSITION phase=NONE qty=96 avgPrice=7050.0000
2026-05-18 12:41:02 WARN  SELL_SKIP [KRX] 290690 reason=PHANTOM_POSITION phase=NONE qty=96 avgPrice=7050.0000
2026-05-18 12:41:08 WARN  SELL_SKIP [KRX] 290690 reason=PHANTOM_POSITION phase=NONE qty=96 avgPrice=7050.0000
2026-05-18 12:41:13 WARN  SELL_SKIP [KRX] 290690 reason=PHANTOM_POSITION phase=NONE qty=96 avgPrice=7050.0000
2026-05-18 12:41:18 WARN  SELL_SKIP [KRX] 290690 reason=PHANTOM_POSITION phase=NONE qty=96 avgPrice=7050.0000
2026-05-18 12:41:23 WARN  SELL_SKIP [KRX] 290690 reason=PHANTOM_POSITION phase=NONE qty=96 avgPrice=7050.0000
2026-05-18 12:41:28 WARN  SELL_SKIP [KRX] 290690 reason=PHANTOM_POSITION phase=NONE qty=96 avgPrice=7050.0000
2026-05-18 12:41:33 WARN  SELL_SKIP [KRX] 290690 reason=PHANTOM_POSITION phase=NONE qty=96 avgPrice=7050.0000
2026-05-18 12:41:39 WARN  SELL_SKIP [KRX] 290690 reason=PHANTOM_POSITION phase=NONE qty=96 avgPrice=7050.0000
2026-05-18 12:41:44 WARN  SELL_SKIP [KRX] 290690 reason=PHANTOM_POSITION phase=NONE qty=96 avgPrice=7050.0000
2026-05-18 12:41:49 WARN  SELL_SKIP [KRX] 290690 reason=PHANTOM_POSITION phase=NONE qty=96 avgPrice=7050.0000
2026-05-18 12:41:54 WARN  SELL_SKIP [KRX] 290690 reason=PHANTOM_POSITION phase=NONE qty=96 avgPrice=7050.0000
2026-05-18 12:42:00 WARN  SELL_SKIP [KRX] 290690 reason=PHANTOM_POSITION phase=NONE qty=96 avgPrice=7050.0000
2026-05-18 12:42:05 WARN  SELL_SKIP [KRX] 290690 reason=PHANTOM_POSITION phase=NONE qty=96 avgPrice=7050.0000
2026-05-18 12:42:10 WARN  SELL_SKIP [KRX] 290690 reason=PHANTOM_POSITION phase=NONE qty=96 avgPrice=7050.0000
2026-05-18 12:42:15 WARN  SELL_SKIP [KRX] 290690 reason=PHANTOM_POSITION phase=NONE qty=96 avgPrice=7050.0000
2026-05-18 12:42:20 WARN  SELL_SKIP [KRX] 290690 reason=PHANTOM_POSITION phase=NONE qty=96 avgPrice=7050.0000
2026-05-18 12:42:25 WARN  SELL_SKIP [KRX] 290690 reason=PHANTOM_POSITION phase=NONE qty=96 avgPrice=7050.0000
2026-05-18 12:42:30 WARN  SELL_SKIP [KRX] 290690 reason=PHANTOM_POSITION phase=NONE qty=96 avgPrice=7050.0000
2026-05-18 12:42:35 WARN  SELL_SKIP [KRX] 290690 reason=PHANTOM_POSITION phase=NONE qty=96 avgPrice=7050.0000
2026-05-18 12:42:40 WARN  SELL_SKIP [KRX] 290690 reason=PHANTOM_POSITION phase=NONE qty=96 avgPrice=7050.0000
2026-05-18 12:42:45 WARN  SELL_SKIP [KRX] 290690 reason=PHANTOM_POSITION phase=NONE qty=96 avgPrice=7050.0000
2026-05-18 12:42:51 WARN  SELL_SKIP [KRX] 290690 reason=PHANTOM_POSITION phase=NONE qty=96 avgPrice=7050.0000
2026-05-18 12:42:56 WARN  SELL_SKIP [KRX] 290690 reason=PHANTOM_POSITION phase=NONE qty=96 avgPrice=7050.0000
2026-05-18 12:43:01 WARN  SELL_SKIP [KRX] 290690 reason=PHANTOM_POSITION phase=NONE qty=96 avgPrice=7050.0000
2026-05-18 12:43:06 WARN  SELL_SKIP [KRX] 290690 reason=PHANTOM_POSITION phase=NONE qty=96 avgPrice=7050.0000
2026-05-18 12:43:11 WARN  SELL_SKIP [KRX] 290690 reason=PHANTOM_POSITION phase=NONE qty=96 avgPrice=7050.0000
2026-05-18 12:43:16 WARN  SELL_SKIP [KRX] 290690 reason=PHANTOM_POSITION phase=NONE qty=96 avgPrice=7050.0000
2026-05-18 12:43:22 WARN  SELL_SKIP [KRX] 290690 reason=PHANTOM_POSITION phase=NONE qty=96 avgPrice=7050.0000
2026-05-18 12:43:27 WARN  SELL_SKIP [KRX] 290690 reason=PHANTOM_POSITION phase=NONE qty=96 avgPrice=7050.0000
2026-05-18 12:43:32 WARN  SELL_SKIP [KRX] 290690 reason=PHANTOM_POSITION phase=NONE qty=96 avgPrice=7050.0000
2026-05-18 12:43:37 WARN  SELL_SKIP [KRX] 290690 reason=PHANTOM_POSITION phase=NONE qty=96 avgPrice=7050.0000
2026-05-18 12:43:42 WARN  SELL_SKIP [KRX] 290690 reason=PHANTOM_POSITION phase=NONE qty=96 avgPrice=7050.0000
2026-05-18 12:43:47 WARN  SELL_SKIP [KRX] 290690 reason=PHANTOM_POSITION phase=NONE qty=96 avgPrice=7050.0000
2026-05-18 12:43:53 WARN  SELL_SKIP [KRX] 290690 reason=PHANTOM_POSITION phase=NONE qty=96 avgPrice=7050.0000
2026-05-18 12:43:58 WARN  SELL_SKIP [KRX] 290690 reason=PHANTOM_POSITION phase=NONE qty=96 avgPrice=7050.0000
2026-05-18 12:44:03 WARN  SELL_SKIP [KRX] 290690 reason=PHANTOM_POSITION phase=NONE qty=96 avgPrice=7050.0000
2026-05-18 12:44:08 WARN  SELL_SKIP [KRX] 290690 reason=PHANTOM_POSITION phase=NONE qty=96 avgPrice=7050.0000
2026-05-18 12:44:13 WARN  SELL_SKIP [KRX] 290690 reason=PHANTOM_POSITION phase=NONE qty=96 avgPrice=7050.0000
2026-05-18 12:44:18 WARN  SELL_SKIP [KRX] 290690 reason=PHANTOM_POSITION phase=NONE qty=96 avgPrice=7050.0000
2026-05-18 12:44:24 WARN  SELL_SKIP [KRX] 290690 reason=PHANTOM_POSITION phase=NONE qty=96 avgPrice=7050.0000
2026-05-18 12:44:29 WARN  SELL_SKIP [KRX] 290690 reason=PHANTOM_POSITION phase=NONE qty=96 avgPrice=7050.0000
2026-05-18 12:44:34 WARN  SELL_SKIP [KRX] 290690 reason=PHANTOM_POSITION phase=NONE qty=96 avgPrice=7050.0000
2026-05-18 12:44:39 WARN  SELL_SKIP [KRX] 290690 reason=PHANTOM_POSITION phase=NONE qty=96 avgPrice=7050.0000
2026-05-18 12:44:44 WARN  SELL_SKIP [KRX] 290690 reason=PHANTOM_POSITION phase=NONE qty=96 avgPrice=7050.0000
2026-05-18 12:44:49 WARN  SELL_SKIP [KRX] 290690 reason=PHANTOM_POSITION phase=NONE qty=96 avgPrice=7050.0000
2026-05-18 12:44:55 WARN  SELL_SKIP [KRX] 290690 reason=PHANTOM_POSITION phase=NONE qty=96 avgPrice=7050.0000
2026-05-18 12:45:00 WARN  SELL_SKIP [KRX] 290690 reason=PHANTOM_POSITION phase=NONE qty=96 avgPrice=7050.0000
2026-05-18 12:45:05 WARN  SELL_SKIP [KRX] 290690 reason=PHANTOM_POSITION phase=NONE qty=96 avgPrice=7050.0000
2026-05-18 12:45:10 WARN  SELL_SKIP [KRX] 290690 reason=PHANTOM_POSITION phase=NONE qty=96 avgPrice=7050.0000
2026-05-18 12:45:15 WARN  SELL_SKIP [KRX] 290690 reason=PHANTOM_POSITION phase=NONE qty=96 avgPrice=7050.0000
2026-05-18 12:45:20 WARN  SELL_SKIP [KRX] 290690 reason=PHANTOM_POSITION phase=NONE qty=96 avgPrice=7050.0000
2026-05-18 12:45:25 WARN  SELL_SKIP [KRX] 290690 reason=PHANTOM_POSITION phase=NONE qty=96 avgPrice=7050.0000
2026-05-18 12:45:31 WARN  SELL_SKIP [KRX] 290690 reason=PHANTOM_POSITION phase=NONE qty=96 avgPrice=7050.0000
2026-05-18 12:45:36 WARN  SELL_SKIP [KRX] 290690 reason=PHANTOM_POSITION phase=NONE qty=96 avgPrice=7050.0000
2026-05-18 12:45:41 WARN  SELL_SKIP [KRX] 290690 reason=PHANTOM_POSITION phase=NONE qty=96 avgPrice=7050.0000
2026-05-18 12:45:46 WARN  SELL_SKIP [KRX] 290690 reason=PHANTOM_POSITION phase=NONE qty=96 avgPrice=7050.0000
2026-05-18 12:45:51 WARN  SELL_SKIP [KRX] 290690 reason=PHANTOM_POSITION phase=NONE qty=96 avgPrice=7050.0000
2026-05-18 12:45:56 WARN  SELL_SKIP [KRX] 290690 reason=PHANTOM_POSITION phase=NONE qty=96 avgPrice=7050.0000
2026-05-18 12:46:01 WARN  SELL_SKIP [KRX] 290690 reason=PHANTOM_POSITION phase=NONE qty=96 avgPrice=7050.0000
2026-05-18 12:46:07 WARN  SELL_SKIP [KRX] 290690 reason=PHANTOM_POSITION phase=NONE qty=96 avgPrice=7050.0000
2026-05-18 12:46:12 WARN  SELL_SKIP [KRX] 290690 reason=PHANTOM_POSITION phase=NONE qty=96 avgPrice=7050.0000
2026-05-18 12:46:17 WARN  SELL_SKIP [KRX] 290690 reason=PHANTOM_POSITION phase=NONE qty=96 avgPrice=7050.0000
2026-05-18 12:46:22 WARN  SELL_SKIP [KRX] 290690 reason=PHANTOM_POSITION phase=NONE qty=96 avgPrice=7050.0000
2026-05-18 12:46:27 WARN  SELL_SKIP [KRX] 290690 reason=PHANTOM_POSITION phase=NONE qty=96 avgPrice=7050.0000
2026-05-18 12:46:32 WARN  SELL_SKIP [KRX] 290690 reason=PHANTOM_POSITION phase=NONE qty=96 avgPrice=7050.0000
2026-05-18 12:46:38 WARN  SELL_SKIP [KRX] 290690 reason=PHANTOM_POSITION phase=NONE qty=96 avgPrice=7050.0000
2026-05-18 12:46:43 WARN  SELL_SKIP [KRX] 290690 reason=PHANTOM_POSITION phase=NONE qty=96 avgPrice=7050.0000
2026-05-18 12:46:48 WARN  SELL_SKIP [KRX] 290690 reason=PHANTOM_POSITION phase=NONE qty=96 avgPrice=7050.0000
2026-05-18 12:46:53 WARN  SELL_SKIP [KRX] 290690 reason=PHANTOM_POSITION phase=NONE qty=96 avgPrice=7050.0000
2026-05-18 12:46:58 WARN  SELL_SKIP [KRX] 290690 reason=PHANTOM_POSITION phase=NONE qty=96 avgPrice=7050.0000
2026-05-18 12:47:03 WARN  SELL_SKIP [KRX] 290690 reason=PHANTOM_POSITION phase=NONE qty=96 avgPrice=7050.0000
2026-05-18 12:47:14 WARN  SELL_SKIP [KRX] 290690 reason=PHANTOM_POSITION phase=NONE qty=96 avgPrice=7050.0000
2026-05-18 12:47:24 WARN  SELL_SKIP [KRX] 290690 reason=PHANTOM_POSITION phase=NONE qty=96 avgPrice=7050.0000
2026-05-18 12:47:29 WARN  SELL_SKIP [KRX] 290690 reason=PHANTOM_POSITION phase=NONE qty=96 avgPrice=7050.0000
2026-05-18 12:47:34 WARN  SELL_SKIP [KRX] 290690 reason=PHANTOM_POSITION phase=NONE qty=96 avgPrice=7050.0000
2026-05-18 12:47:39 WARN  SELL_SKIP [KRX] 290690 reason=PHANTOM_POSITION phase=NONE qty=96 avgPrice=7050.0000
2026-05-18 12:47:44 WARN  SELL_SKIP [KRX] 290690 reason=PHANTOM_POSITION phase=NONE qty=96 avgPrice=7050.0000
2026-05-18 12:47:50 WARN  SELL_SKIP [KRX] 290690 reason=PHANTOM_POSITION phase=NONE qty=96 avgPrice=7050.0000
2026-05-18 12:47:55 WARN  SELL_SKIP [KRX] 290690 reason=PHANTOM_POSITION phase=NONE qty=96 avgPrice=7050.0000
2026-05-18 12:48:00 WARN  SELL_SKIP [KRX] 290690 reason=PHANTOM_POSITION phase=NONE qty=96 avgPrice=7050.0000
2026-05-18 12:48:05 WARN  SELL_SKIP [KRX] 290690 reason=PHANTOM_POSITION phase=NONE qty=96 avgPrice=7050.0000
2026-05-18 12:48:10 WARN  SELL_SKIP [KRX] 290690 reason=PHANTOM_POSITION phase=NONE qty=96 avgPrice=7050.0000
2026-05-18 12:48:15 WARN  SELL_SKIP [KRX] 290690 reason=PHANTOM_POSITION phase=NONE qty=96 avgPrice=7050.0000
2026-05-18 12:48:20 WARN  SELL_SKIP [KRX] 290690 reason=PHANTOM_POSITION phase=NONE qty=96 avgPrice=7050.0000
2026-05-18 12:48:25 WARN  SELL_SKIP [KRX] 290690 reason=PHANTOM_POSITION phase=NONE qty=96 avgPrice=7050.0000
2026-05-18 12:48:31 WARN  SELL_SKIP [KRX] 290690 reason=PHANTOM_POSITION phase=NONE qty=96 avgPrice=7050.0000
2026-05-18 12:48:36 WARN  SELL_SKIP [KRX] 290690 reason=PHANTOM_POSITION phase=NONE qty=96 avgPrice=7050.0000
2026-05-18 12:48:41 WARN  SELL_SKIP [KRX] 290690 reason=PHANTOM_POSITION phase=NONE qty=96 avgPrice=7050.0000
2026-05-18 12:48:46 WARN  SELL_SKIP [KRX] 290690 reason=PHANTOM_POSITION phase=NONE qty=96 avgPrice=7050.0000
2026-05-18 12:48:51 WARN  SELL_SKIP [KRX] 290690 reason=PHANTOM_POSITION phase=NONE qty=96 avgPrice=7050.0000
2026-05-18 12:48:56 WARN  SELL_SKIP [KRX] 290690 reason=PHANTOM_POSITION phase=NONE qty=96 avgPrice=7050.0000
2026-05-18 12:49:01 WARN  SELL_SKIP [KRX] 290690 reason=PHANTOM_POSITION phase=NONE qty=96 avgPrice=7050.0000
2026-05-18 12:49:06 WARN  SELL_SKIP [KRX] 290690 reason=PHANTOM_POSITION phase=NONE qty=96 avgPrice=7050.0000
2026-05-18 12:49:11 WARN  SELL_SKIP [KRX] 290690 reason=PHANTOM_POSITION phase=NONE qty=96 avgPrice=7050.0000
2026-05-18 12:49:16 WARN  SELL_SKIP [KRX] 290690 reason=PHANTOM_POSITION phase=NONE qty=96 avgPrice=7050.0000
2026-05-18 12:49:21 WARN  SELL_SKIP [KRX] 290690 reason=PHANTOM_POSITION phase=NONE qty=96 avgPrice=7050.0000
2026-05-18 12:49:26 WARN  SELL_SKIP [KRX] 290690 reason=PHANTOM_POSITION phase=NONE qty=96 avgPrice=7050.0000
2026-05-18 12:49:32 WARN  SELL_SKIP [KRX] 290690 reason=PHANTOM_POSITION phase=NONE qty=96 avgPrice=7050.0000
2026-05-18 12:49:37 WARN  SELL_SKIP [KRX] 290690 reason=PHANTOM_POSITION phase=NONE qty=96 avgPrice=7050.0000
2026-05-18 12:49:42 WARN  SELL_SKIP [KRX] 290690 reason=PHANTOM_POSITION phase=NONE qty=96 avgPrice=7050.0000
2026-05-18 12:49:47 WARN  SELL_SKIP [KRX] 290690 reason=PHANTOM_POSITION phase=NONE qty=96 avgPrice=7050.0000
2026-05-18 12:49:52 WARN  SELL_SKIP [KRX] 290690 reason=PHANTOM_POSITION phase=NONE qty=96 avgPrice=7050.0000
2026-05-18 12:49:57 WARN  SELL_SKIP [KRX] 290690 reason=PHANTOM_POSITION phase=NONE qty=96 avgPrice=7050.0000
2026-05-18 12:50:03 WARN  SELL_SKIP [KRX] 290690 reason=PHANTOM_POSITION phase=NONE qty=96 avgPrice=7050.0000
2026-05-18 12:50:08 WARN  SELL_SKIP [KRX] 290690 reason=PHANTOM_POSITION phase=NONE qty=96 avgPrice=7050.0000
2026-05-18 12:50:19 WARN  SELL_SKIP [KRX] 290690 reason=PHANTOM_POSITION phase=NONE qty=96 avgPrice=7050.0000
2026-05-18 12:50:24 WARN  SELL_SKIP [KRX] 290690 reason=PHANTOM_POSITION phase=NONE qty=96 avgPrice=7050.0000
2026-05-18 12:50:29 WARN  SELL_SKIP [KRX] 290690 reason=PHANTOM_POSITION phase=NONE qty=96 avgPrice=7050.0000
2026-05-18 12:50:34 WARN  SELL_SKIP [KRX] 290690 reason=PHANTOM_POSITION phase=NONE qty=96 avgPrice=7050.0000
2026-05-18 12:50:39 WARN  SELL_SKIP [KRX] 290690 reason=PHANTOM_POSITION phase=NONE qty=96 avgPrice=7050.0000
2026-05-18 12:50:44 WARN  SELL_SKIP [KRX] 290690 reason=PHANTOM_POSITION phase=NONE qty=96 avgPrice=7050.0000
2026-05-18 12:50:49 WARN  SELL_SKIP [KRX] 290690 reason=PHANTOM_POSITION phase=NONE qty=96 avgPrice=7050.0000
2026-05-18 12:50:54 WARN  SELL_SKIP [KRX] 290690 reason=PHANTOM_POSITION phase=NONE qty=96 avgPrice=7050.0000
2026-05-18 12:50:59 WARN  SELL_SKIP [KRX] 290690 reason=PHANTOM_POSITION phase=NONE qty=96 avgPrice=7050.0000
2026-05-18 12:51:05 WARN  SELL_SKIP [KRX] 290690 reason=PHANTOM_POSITION phase=NONE qty=96 avgPrice=7050.0000
2026-05-18 12:51:10 WARN  SELL_SKIP [KRX] 290690 reason=PHANTOM_POSITION phase=NONE qty=96 avgPrice=7050.0000
2026-05-18 12:51:15 WARN  SELL_SKIP [KRX] 290690 reason=PHANTOM_POSITION phase=NONE qty=96 avgPrice=7050.0000
2026-05-18 12:51:20 WARN  SELL_SKIP [KRX] 290690 reason=PHANTOM_POSITION phase=NONE qty=96 avgPrice=7050.0000
2026-05-18 12:51:25 WARN  SELL_SKIP [KRX] 290690 reason=PHANTOM_POSITION phase=NONE qty=96 avgPrice=7050.0000
2026-05-18 12:51:30 WARN  SELL_SKIP [KRX] 290690 reason=PHANTOM_POSITION phase=NONE qty=96 avgPrice=7050.0000
2026-05-18 12:51:36 WARN  SELL_SKIP [KRX] 290690 reason=PHANTOM_POSITION phase=NONE qty=96 avgPrice=7050.0000
2026-05-18 12:51:41 WARN  SELL_SKIP [KRX] 290690 reason=PHANTOM_POSITION phase=NONE qty=96 avgPrice=7050.0000
2026-05-18 12:51:46 WARN  SELL_SKIP [KRX] 290690 reason=PHANTOM_POSITION phase=NONE qty=96 avgPrice=7050.0000
2026-05-18 12:51:51 WARN  SELL_SKIP [KRX] 290690 reason=PHANTOM_POSITION phase=NONE qty=96 avgPrice=7050.0000
2026-05-18 12:51:56 WARN  SELL_SKIP [KRX] 290690 reason=PHANTOM_POSITION phase=NONE qty=96 avgPrice=7050.0000
2026-05-18 12:52:01 WARN  SELL_SKIP [KRX] 290690 reason=PHANTOM_POSITION phase=NONE qty=96 avgPrice=7050.0000
2026-05-18 12:52:07 WARN  SELL_SKIP [KRX] 290690 reason=PHANTOM_POSITION phase=NONE qty=96 avgPrice=7050.0000
2026-05-18 12:52:12 WARN  SELL_SKIP [KRX] 290690 reason=PHANTOM_POSITION phase=NONE qty=96 avgPrice=7050.0000
2026-05-18 12:52:17 WARN  SELL_SKIP [KRX] 290690 reason=PHANTOM_POSITION phase=NONE qty=96 avgPrice=7050.0000
2026-05-18 12:52:22 WARN  SELL_SKIP [KRX] 290690 reason=PHANTOM_POSITION phase=NONE qty=96 avgPrice=7050.0000
2026-05-18 12:52:27 WARN  SELL_SKIP [KRX] 290690 reason=PHANTOM_POSITION phase=NONE qty=96 avgPrice=7050.0000
2026-05-18 12:52:32 WARN  SELL_SKIP [KRX] 290690 reason=PHANTOM_POSITION phase=NONE qty=96 avgPrice=7050.0000
2026-05-18 12:52:38 WARN  SELL_SKIP [KRX] 290690 reason=PHANTOM_POSITION phase=NONE qty=96 avgPrice=7050.0000
2026-05-18 12:52:43 WARN  SELL_SKIP [KRX] 290690 reason=PHANTOM_POSITION phase=NONE qty=96 avgPrice=7050.0000
2026-05-18 12:52:48 WARN  SELL_SKIP [KRX] 290690 reason=PHANTOM_POSITION phase=NONE qty=96 avgPrice=7050.0000
2026-05-18 12:52:53 WARN  SELL_SKIP [KRX] 290690 reason=PHANTOM_POSITION phase=NONE qty=96 avgPrice=7050.0000
2026-05-18 12:52:58 WARN  SELL_SKIP [KRX] 290690 reason=PHANTOM_POSITION phase=NONE qty=96 avgPrice=7050.0000
2026-05-18 12:53:04 WARN  SELL_SKIP [KRX] 290690 reason=PHANTOM_POSITION phase=NONE qty=96 avgPrice=7050.0000
2026-05-18 12:53:09 WARN  SELL_SKIP [KRX] 290690 reason=PHANTOM_POSITION phase=NONE qty=96 avgPrice=7050.0000
2026-05-18 12:53:14 WARN  SELL_SKIP [KRX] 290690 reason=PHANTOM_POSITION phase=NONE qty=96 avgPrice=7050.0000
2026-05-18 12:53:19 WARN  SELL_SKIP [KRX] 290690 reason=PHANTOM_POSITION phase=NONE qty=96 avgPrice=7050.0000
2026-05-18 12:53:24 WARN  SELL_SKIP [KRX] 290690 reason=PHANTOM_POSITION phase=NONE qty=96 avgPrice=7050.0000
2026-05-18 12:53:29 WARN  SELL_SKIP [KRX] 290690 reason=PHANTOM_POSITION phase=NONE qty=96 avgPrice=7050.0000
2026-05-18 12:53:34 WARN  SELL_SKIP [KRX] 290690 reason=PHANTOM_POSITION phase=NONE qty=96 avgPrice=7050.0000
2026-05-18 12:53:40 WARN  SELL_SKIP [KRX] 290690 reason=PHANTOM_POSITION phase=NONE qty=96 avgPrice=7050.0000
2026-05-18 12:53:45 WARN  SELL_SKIP [KRX] 290690 reason=PHANTOM_POSITION phase=NONE qty=96 avgPrice=7050.0000
2026-05-18 12:53:50 WARN  SELL_SKIP [KRX] 290690 reason=PHANTOM_POSITION phase=NONE qty=96 avgPrice=7050.0000
2026-05-18 12:53:55 WARN  SELL_SKIP [KRX] 290690 reason=PHANTOM_POSITION phase=NONE qty=96 avgPrice=7050.0000
2026-05-18 12:54:00 WARN  SELL_SKIP [KRX] 290690 reason=PHANTOM_POSITION phase=NONE qty=96 avgPrice=7050.0000
2026-05-18 12:54:05 WARN  SELL_SKIP [KRX] 290690 reason=PHANTOM_POSITION phase=NONE qty=96 avgPrice=7050.0000
2026-05-18 12:54:11 WARN  SELL_SKIP [KRX] 290690 reason=PHANTOM_POSITION phase=NONE qty=96 avgPrice=7050.0000
2026-05-18 12:54:16 WARN  SELL_SKIP [KRX] 290690 reason=PHANTOM_POSITION phase=NONE qty=96 avgPrice=7050.0000
2026-05-18 12:54:21 WARN  SELL_SKIP [KRX] 290690 reason=PHANTOM_POSITION phase=NONE qty=96 avgPrice=7050.0000
2026-05-18 12:54:26 WARN  SELL_SKIP [KRX] 290690 reason=PHANTOM_POSITION phase=NONE qty=96 avgPrice=7050.0000
2026-05-18 12:54:31 WARN  SELL_SKIP [KRX] 290690 reason=PHANTOM_POSITION phase=NONE qty=96 avgPrice=7050.0000
2026-05-18 12:54:36 WARN  SELL_SKIP [KRX] 290690 reason=PHANTOM_POSITION phase=NONE qty=96 avgPrice=7050.0000
2026-05-18 12:54:42 WARN  SELL_SKIP [KRX] 290690 reason=PHANTOM_POSITION phase=NONE qty=96 avgPrice=7050.0000
2026-05-18 12:54:47 WARN  SELL_SKIP [KRX] 290690 reason=PHANTOM_POSITION phase=NONE qty=96 avgPrice=7050.0000
2026-05-18 12:54:52 WARN  SELL_SKIP [KRX] 290690 reason=PHANTOM_POSITION phase=NONE qty=96 avgPrice=7050.0000
2026-05-18 12:54:57 WARN  SELL_SKIP [KRX] 290690 reason=PHANTOM_POSITION phase=NONE qty=96 avgPrice=7050.0000
2026-05-18 12:55:02 WARN  SELL_SKIP [KRX] 290690 reason=PHANTOM_POSITION phase=NONE qty=96 avgPrice=7050.0000
2026-05-18 12:55:07 WARN  SELL_SKIP [KRX] 290690 reason=PHANTOM_POSITION phase=NONE qty=96 avgPrice=7050.0000
2026-05-18 12:55:13 WARN  SELL_SKIP [KRX] 290690 reason=PHANTOM_POSITION phase=NONE qty=96 avgPrice=7050.0000
2026-05-18 12:55:18 WARN  SELL_SKIP [KRX] 290690 reason=PHANTOM_POSITION phase=NONE qty=96 avgPrice=7050.0000
2026-05-18 12:55:23 WARN  SELL_SKIP [KRX] 290690 reason=PHANTOM_POSITION phase=NONE qty=96 avgPrice=7050.0000
2026-05-18 12:55:28 WARN  SELL_SKIP [KRX] 290690 reason=PHANTOM_POSITION phase=NONE qty=96 avgPrice=7050.0000
2026-05-18 12:55:33 WARN  SELL_SKIP [KRX] 290690 reason=PHANTOM_POSITION phase=NONE qty=96 avgPrice=7050.0000
2026-05-18 12:55:38 WARN  SELL_SKIP [KRX] 290690 reason=PHANTOM_POSITION phase=NONE qty=96 avgPrice=7050.0000
2026-05-18 12:55:44 WARN  SELL_SKIP [KRX] 290690 reason=PHANTOM_POSITION phase=NONE qty=96 avgPrice=7050.0000
2026-05-18 12:55:49 WARN  SELL_SKIP [KRX] 290690 reason=PHANTOM_POSITION phase=NONE qty=96 avgPrice=7050.0000
2026-05-18 12:55:54 WARN  SELL_SKIP [KRX] 290690 reason=PHANTOM_POSITION phase=NONE qty=96 avgPrice=7050.0000
2026-05-18 12:55:59 WARN  SELL_SKIP [KRX] 290690 reason=PHANTOM_POSITION phase=NONE qty=96 avgPrice=7050.0000
2026-05-18 12:56:04 WARN  SELL_SKIP [KRX] 290690 reason=PHANTOM_POSITION phase=NONE qty=96 avgPrice=7050.0000
2026-05-18 12:56:10 WARN  SELL_SKIP [KRX] 290690 reason=PHANTOM_POSITION phase=NONE qty=96 avgPrice=7050.0000
2026-05-18 12:56:15 WARN  SELL_SKIP [KRX] 290690 reason=PHANTOM_POSITION phase=NONE qty=96 avgPrice=7050.0000
2026-05-18 12:56:20 WARN  SELL_SKIP [KRX] 290690 reason=PHANTOM_POSITION phase=NONE qty=96 avgPrice=7050.0000
2026-05-18 12:56:25 WARN  SELL_SKIP [KRX] 290690 reason=PHANTOM_POSITION phase=NONE qty=96 avgPrice=7050.0000
2026-05-18 12:56:30 WARN  SELL_SKIP [KRX] 290690 reason=PHANTOM_POSITION phase=NONE qty=96 avgPrice=7050.0000
2026-05-18 12:56:35 WARN  SELL_SKIP [KRX] 290690 reason=PHANTOM_POSITION phase=NONE qty=96 avgPrice=7050.0000
2026-05-18 12:56:40 WARN  SELL_SKIP [KRX] 290690 reason=PHANTOM_POSITION phase=NONE qty=96 avgPrice=7050.0000
2026-05-18 12:56:46 WARN  SELL_SKIP [KRX] 290690 reason=PHANTOM_POSITION phase=NONE qty=96 avgPrice=7050.0000
2026-05-18 12:56:51 WARN  SELL_SKIP [KRX] 290690 reason=PHANTOM_POSITION phase=NONE qty=96 avgPrice=7050.0000
2026-05-18 12:56:57 WARN  SELL_SKIP [KRX] 290690 reason=PHANTOM_POSITION phase=NONE qty=96 avgPrice=7050.0000
2026-05-18 12:57:02 WARN  SELL_SKIP [KRX] 290690 reason=PHANTOM_POSITION phase=NONE qty=96 avgPrice=7050.0000
2026-05-18 12:57:07 WARN  SELL_SKIP [KRX] 290690 reason=PHANTOM_POSITION phase=NONE qty=96 avgPrice=7050.0000
2026-05-18 12:57:13 WARN  SELL_SKIP [KRX] 290690 reason=PHANTOM_POSITION phase=NONE qty=96 avgPrice=7050.0000
2026-05-18 12:57:18 WARN  SELL_SKIP [KRX] 290690 reason=PHANTOM_POSITION phase=NONE qty=96 avgPrice=7050.0000
2026-05-18 12:57:23 WARN  SELL_SKIP [KRX] 290690 reason=PHANTOM_POSITION phase=NONE qty=96 avgPrice=7050.0000
2026-05-18 12:57:28 WARN  SELL_SKIP [KRX] 290690 reason=PHANTOM_POSITION phase=NONE qty=96 avgPrice=7050.0000
2026-05-18 12:57:33 WARN  SELL_SKIP [KRX] 290690 reason=PHANTOM_POSITION phase=NONE qty=96 avgPrice=7050.0000
2026-05-18 12:57:38 WARN  SELL_SKIP [KRX] 290690 reason=PHANTOM_POSITION phase=NONE qty=96 avgPrice=7050.0000
2026-05-18 12:57:43 WARN  SELL_SKIP [KRX] 290690 reason=PHANTOM_POSITION phase=NONE qty=96 avgPrice=7050.0000
2026-05-18 12:57:49 WARN  SELL_SKIP [KRX] 290690 reason=PHANTOM_POSITION phase=NONE qty=96 avgPrice=7050.0000
2026-05-18 12:57:54 WARN  SELL_SKIP [KRX] 290690 reason=PHANTOM_POSITION phase=NONE qty=96 avgPrice=7050.0000
2026-05-18 12:57:59 WARN  SELL_SKIP [KRX] 290690 reason=PHANTOM_POSITION phase=NONE qty=96 avgPrice=7050.0000
2026-05-18 12:58:04 WARN  SELL_SKIP [KRX] 290690 reason=PHANTOM_POSITION phase=NONE qty=96 avgPrice=7050.0000
2026-05-18 12:58:09 WARN  SELL_SKIP [KRX] 290690 reason=PHANTOM_POSITION phase=NONE qty=96 avgPrice=7050.0000
2026-05-18 12:58:14 WARN  SELL_SKIP [KRX] 290690 reason=PHANTOM_POSITION phase=NONE qty=96 avgPrice=7050.0000
2026-05-18 12:58:20 WARN  SELL_SKIP [KRX] 290690 reason=PHANTOM_POSITION phase=NONE qty=96 avgPrice=7050.0000
2026-05-18 12:58:25 WARN  SELL_SKIP [KRX] 290690 reason=PHANTOM_POSITION phase=NONE qty=96 avgPrice=7050.0000
2026-05-18 12:58:30 WARN  SELL_SKIP [KRX] 290690 reason=PHANTOM_POSITION phase=NONE qty=96 avgPrice=7050.0000
2026-05-18 12:58:40 WARN  SELL_SKIP [KRX] 290690 reason=PHANTOM_POSITION phase=NONE qty=96 avgPrice=7050.0000
2026-05-18 12:58:46 WARN  SELL_SKIP [KRX] 290690 reason=PHANTOM_POSITION phase=NONE qty=96 avgPrice=7050.0000
2026-05-18 12:58:51 WARN  SELL_SKIP [KRX] 290690 reason=PHANTOM_POSITION phase=NONE qty=96 avgPrice=7050.0000
2026-05-18 12:58:56 WARN  SELL_SKIP [KRX] 290690 reason=PHANTOM_POSITION phase=NONE qty=96 avgPrice=7050.0000
2026-05-18 12:59:01 WARN  SELL_SKIP [KRX] 290690 reason=PHANTOM_POSITION phase=NONE qty=96 avgPrice=7050.0000
2026-05-18 12:59:07 WARN  SELL_SKIP [KRX] 290690 reason=PHANTOM_POSITION phase=NONE qty=96 avgPrice=7050.0000
2026-05-18 12:59:12 WARN  SELL_SKIP [KRX] 290690 reason=PHANTOM_POSITION phase=NONE qty=96 avgPrice=7050.0000
2026-05-18 12:59:17 WARN  SELL_SKIP [KRX] 290690 reason=PHANTOM_POSITION phase=NONE qty=96 avgPrice=7050.0000
2026-05-18 12:59:22 WARN  SELL_SKIP [KRX] 290690 reason=PHANTOM_POSITION phase=NONE qty=96 avgPrice=7050.0000
2026-05-18 12:59:28 WARN  SELL_SKIP [KRX] 290690 reason=PHANTOM_POSITION phase=NONE qty=96 avgPrice=7050.0000
2026-05-18 12:59:33 WARN  SELL_SKIP [KRX] 290690 reason=PHANTOM_POSITION phase=NONE qty=96 avgPrice=7050.0000
2026-05-18 12:59:38 WARN  SELL_SKIP [KRX] 290690 reason=PHANTOM_POSITION phase=NONE qty=96 avgPrice=7050.0000
2026-05-18 12:59:43 WARN  SELL_SKIP [KRX] 290690 reason=PHANTOM_POSITION phase=NONE qty=96 avgPrice=7050.0000
2026-05-18 12:59:48 WARN  SELL_SKIP [KRX] 290690 reason=PHANTOM_POSITION phase=NONE qty=96 avgPrice=7050.0000
2026-05-18 12:59:53 WARN  SELL_SKIP [KRX] 290690 reason=PHANTOM_POSITION phase=NONE qty=96 avgPrice=7050.0000
2026-05-18 12:59:59 WARN  SELL_SKIP [KRX] 290690 reason=PHANTOM_POSITION phase=NONE qty=96 avgPrice=7050.0000
2026-05-18 13:00:05 WARN  SELL_SKIP [KRX] 290690 reason=PHANTOM_POSITION phase=NONE qty=96 avgPrice=7050.0000
2026-05-18 13:00:10 WARN  SELL_SKIP [KRX] 290690 reason=PHANTOM_POSITION phase=NONE qty=96 avgPrice=7050.0000
2026-05-18 13:00:15 WARN  SELL_SKIP [KRX] 290690 reason=PHANTOM_POSITION phase=NONE qty=96 avgPrice=7050.0000
2026-05-18 13:00:20 WARN  SELL_SKIP [KRX] 290690 reason=PHANTOM_POSITION phase=NONE qty=96 avgPrice=7050.0000
2026-05-18 13:00:25 WARN  SELL_SKIP [KRX] 290690 reason=PHANTOM_POSITION phase=NONE qty=96 avgPrice=7050.0000
2026-05-18 13:00:36 WARN  SELL_SKIP [KRX] 290690 reason=PHANTOM_POSITION phase=NONE qty=96 avgPrice=7050.0000
2026-05-18 13:00:41 WARN  SELL_SKIP [KRX] 290690 reason=PHANTOM_POSITION phase=NONE qty=96 avgPrice=7050.0000
2026-05-18 13:00:46 WARN  SELL_SKIP [KRX] 290690 reason=PHANTOM_POSITION phase=NONE qty=96 avgPrice=7050.0000
2026-05-18 13:00:52 WARN  SELL_SKIP [KRX] 290690 reason=PHANTOM_POSITION phase=NONE qty=96 avgPrice=7050.0000
2026-05-18 13:00:57 WARN  SELL_SKIP [KRX] 290690 reason=PHANTOM_POSITION phase=NONE qty=96 avgPrice=7050.0000
2026-05-18 13:01:02 WARN  SELL_SKIP [KRX] 290690 reason=PHANTOM_POSITION phase=NONE qty=96 avgPrice=7050.0000
2026-05-18 13:01:07 WARN  SELL_SKIP [KRX] 290690 reason=PHANTOM_POSITION phase=NONE qty=96 avgPrice=7050.0000
2026-05-18 13:01:12 WARN  SELL_SKIP [KRX] 290690 reason=PHANTOM_POSITION phase=NONE qty=96 avgPrice=7050.0000
2026-05-18 13:01:17 WARN  SELL_SKIP [KRX] 290690 reason=PHANTOM_POSITION phase=NONE qty=96 avgPrice=7050.0000
2026-05-18 13:01:23 WARN  SELL_SKIP [KRX] 290690 reason=PHANTOM_POSITION phase=NONE qty=96 avgPrice=7050.0000
2026-05-18 13:01:28 WARN  SELL_SKIP [KRX] 290690 reason=PHANTOM_POSITION phase=NONE qty=96 avgPrice=7050.0000
2026-05-18 13:01:33 WARN  SELL_SKIP [KRX] 290690 reason=PHANTOM_POSITION phase=NONE qty=96 avgPrice=7050.0000
2026-05-18 13:01:38 WARN  SELL_SKIP [KRX] 290690 reason=PHANTOM_POSITION phase=NONE qty=96 avgPrice=7050.0000
2026-05-18 13:01:49 WARN  SELL_SKIP [KRX] 290690 reason=PHANTOM_POSITION phase=NONE qty=96 avgPrice=7050.0000
2026-05-18 13:01:54 WARN  SELL_SKIP [KRX] 290690 reason=PHANTOM_POSITION phase=NONE qty=96 avgPrice=7050.0000
2026-05-18 13:01:59 WARN  SELL_SKIP [KRX] 290690 reason=PHANTOM_POSITION phase=NONE qty=96 avgPrice=7050.0000
2026-05-18 13:02:04 WARN  SELL_SKIP [KRX] 290690 reason=PHANTOM_POSITION phase=NONE qty=96 avgPrice=7050.0000
2026-05-18 13:02:09 WARN  SELL_SKIP [KRX] 290690 reason=PHANTOM_POSITION phase=NONE qty=96 avgPrice=7050.0000
2026-05-18 13:02:14 WARN  SELL_SKIP [KRX] 290690 reason=PHANTOM_POSITION phase=NONE qty=96 avgPrice=7050.0000
2026-05-18 13:02:20 WARN  SELL_SKIP [KRX] 290690 reason=PHANTOM_POSITION phase=NONE qty=96 avgPrice=7050.0000
2026-05-18 13:02:25 WARN  SELL_SKIP [KRX] 290690 reason=PHANTOM_POSITION phase=NONE qty=96 avgPrice=7050.0000
2026-05-18 13:02:30 WARN  SELL_SKIP [KRX] 290690 reason=PHANTOM_POSITION phase=NONE qty=96 avgPrice=7050.0000
2026-05-18 13:02:35 WARN  SELL_SKIP [KRX] 290690 reason=PHANTOM_POSITION phase=NONE qty=96 avgPrice=7050.0000
2026-05-18 13:02:41 WARN  SELL_SKIP [KRX] 290690 reason=PHANTOM_POSITION phase=NONE qty=96 avgPrice=7050.0000
2026-05-18 13:02:46 WARN  SELL_SKIP [KRX] 290690 reason=PHANTOM_POSITION phase=NONE qty=96 avgPrice=7050.0000
2026-05-18 13:02:51 WARN  SELL_SKIP [KRX] 290690 reason=PHANTOM_POSITION phase=NONE qty=96 avgPrice=7050.0000
2026-05-18 13:02:56 WARN  SELL_SKIP [KRX] 290690 reason=PHANTOM_POSITION phase=NONE qty=96 avgPrice=7050.0000
2026-05-18 13:03:01 WARN  SELL_SKIP [KRX] 290690 reason=PHANTOM_POSITION phase=NONE qty=96 avgPrice=7050.0000
2026-05-18 13:03:06 WARN  SELL_SKIP [KRX] 290690 reason=PHANTOM_POSITION phase=NONE qty=96 avgPrice=7050.0000
2026-05-18 13:03:12 WARN  SELL_SKIP [KRX] 290690 reason=PHANTOM_POSITION phase=NONE qty=96 avgPrice=7050.0000
2026-05-18 13:03:17 WARN  SELL_SKIP [KRX] 290690 reason=PHANTOM_POSITION phase=NONE qty=96 avgPrice=7050.0000
2026-05-18 13:03:22 WARN  SELL_SKIP [KRX] 290690 reason=PHANTOM_POSITION phase=NONE qty=96 avgPrice=7050.0000
2026-05-18 13:03:27 WARN  SELL_SKIP [KRX] 290690 reason=PHANTOM_POSITION phase=NONE qty=96 avgPrice=7050.0000
2026-05-18 13:03:33 WARN  SELL_SKIP [KRX] 290690 reason=PHANTOM_POSITION phase=NONE qty=96 avgPrice=7050.0000
2026-05-18 13:03:38 WARN  SELL_SKIP [KRX] 290690 reason=PHANTOM_POSITION phase=NONE qty=96 avgPrice=7050.0000
2026-05-18 13:03:43 WARN  SELL_SKIP [KRX] 290690 reason=PHANTOM_POSITION phase=NONE qty=96 avgPrice=7050.0000
2026-05-18 13:03:48 WARN  SELL_SKIP [KRX] 290690 reason=PHANTOM_POSITION phase=NONE qty=96 avgPrice=7050.0000
2026-05-18 13:03:53 WARN  SELL_SKIP [KRX] 290690 reason=PHANTOM_POSITION phase=NONE qty=96 avgPrice=7050.0000
2026-05-18 13:03:58 WARN  SELL_SKIP [KRX] 290690 reason=PHANTOM_POSITION phase=NONE qty=96 avgPrice=7050.0000
2026-05-18 13:04:04 WARN  SELL_SKIP [KRX] 290690 reason=PHANTOM_POSITION phase=NONE qty=96 avgPrice=7050.0000
2026-05-18 13:04:09 WARN  SELL_SKIP [KRX] 290690 reason=PHANTOM_POSITION phase=NONE qty=96 avgPrice=7050.0000
2026-05-18 13:04:14 WARN  SELL_SKIP [KRX] 290690 reason=PHANTOM_POSITION phase=NONE qty=96 avgPrice=7050.0000
2026-05-18 13:04:19 WARN  SELL_SKIP [KRX] 290690 reason=PHANTOM_POSITION phase=NONE qty=96 avgPrice=7050.0000
2026-05-18 13:04:24 WARN  SELL_SKIP [KRX] 290690 reason=PHANTOM_POSITION phase=NONE qty=96 avgPrice=7050.0000
2026-05-18 13:04:30 WARN  SELL_SKIP [KRX] 290690 reason=PHANTOM_POSITION phase=NONE qty=96 avgPrice=7050.0000
2026-05-18 13:04:35 WARN  SELL_SKIP [KRX] 290690 reason=PHANTOM_POSITION phase=NONE qty=96 avgPrice=7050.0000
2026-05-18 13:04:40 WARN  SELL_SKIP [KRX] 290690 reason=PHANTOM_POSITION phase=NONE qty=96 avgPrice=7050.0000
2026-05-18 13:04:45 WARN  SELL_SKIP [KRX] 290690 reason=PHANTOM_POSITION phase=NONE qty=96 avgPrice=7050.0000
2026-05-18 13:04:51 WARN  SELL_SKIP [KRX] 290690 reason=PHANTOM_POSITION phase=NONE qty=96 avgPrice=7050.0000
2026-05-18 13:04:56 WARN  SELL_SKIP [KRX] 290690 reason=PHANTOM_POSITION phase=NONE qty=96 avgPrice=7050.0000
2026-05-18 13:05:01 WARN  SELL_SKIP [KRX] 290690 reason=PHANTOM_POSITION phase=NONE qty=96 avgPrice=7050.0000
2026-05-18 13:05:07 WARN  SELL_SKIP [KRX] 290690 reason=PHANTOM_POSITION phase=NONE qty=96 avgPrice=7050.0000
2026-05-18 13:05:12 WARN  SELL_SKIP [KRX] 290690 reason=PHANTOM_POSITION phase=NONE qty=96 avgPrice=7050.0000
2026-05-18 13:05:17 WARN  SELL_SKIP [KRX] 290690 reason=PHANTOM_POSITION phase=NONE qty=96 avgPrice=7050.0000
2026-05-18 13:05:22 WARN  SELL_SKIP [KRX] 290690 reason=PHANTOM_POSITION phase=NONE qty=96 avgPrice=7050.0000
2026-05-18 13:05:27 WARN  SELL_SKIP [KRX] 290690 reason=PHANTOM_POSITION phase=NONE qty=96 avgPrice=7050.0000
2026-05-18 13:05:32 WARN  SELL_SKIP [KRX] 290690 reason=PHANTOM_POSITION phase=NONE qty=96 avgPrice=7050.0000
2026-05-18 13:05:38 WARN  SELL_SKIP [KRX] 290690 reason=PHANTOM_POSITION phase=NONE qty=96 avgPrice=7050.0000
2026-05-18 13:05:43 WARN  SELL_SKIP [KRX] 290690 reason=PHANTOM_POSITION phase=NONE qty=96 avgPrice=7050.0000
2026-05-18 13:05:48 WARN  SELL_SKIP [KRX] 290690 reason=PHANTOM_POSITION phase=NONE qty=96 avgPrice=7050.0000
2026-05-18 13:05:53 WARN  SELL_SKIP [KRX] 290690 reason=PHANTOM_POSITION phase=NONE qty=96 avgPrice=7050.0000
2026-05-18 13:05:58 WARN  SELL_SKIP [KRX] 290690 reason=PHANTOM_POSITION phase=NONE qty=96 avgPrice=7050.0000
2026-05-18 13:06:04 WARN  SELL_SKIP [KRX] 290690 reason=PHANTOM_POSITION phase=NONE qty=96 avgPrice=7050.0000
2026-05-18 13:06:09 WARN  SELL_SKIP [KRX] 290690 reason=PHANTOM_POSITION phase=NONE qty=96 avgPrice=7050.0000
2026-05-18 13:06:14 WARN  SELL_SKIP [KRX] 290690 reason=PHANTOM_POSITION phase=NONE qty=96 avgPrice=7050.0000
2026-05-18 13:06:19 WARN  SELL_SKIP [KRX] 290690 reason=PHANTOM_POSITION phase=NONE qty=96 avgPrice=7050.0000
2026-05-18 13:06:24 WARN  SELL_SKIP [KRX] 290690 reason=PHANTOM_POSITION phase=NONE qty=96 avgPrice=7050.0000
2026-05-18 13:06:29 WARN  SELL_SKIP [KRX] 290690 reason=PHANTOM_POSITION phase=NONE qty=96 avgPrice=7050.0000
2026-05-18 13:06:35 WARN  SELL_SKIP [KRX] 290690 reason=PHANTOM_POSITION phase=NONE qty=96 avgPrice=7050.0000
2026-05-18 13:06:40 WARN  SELL_SKIP [KRX] 290690 reason=PHANTOM_POSITION phase=NONE qty=96 avgPrice=7050.0000
2026-05-18 13:06:45 WARN  SELL_SKIP [KRX] 290690 reason=PHANTOM_POSITION phase=NONE qty=96 avgPrice=7050.0000
2026-05-18 13:06:50 WARN  SELL_SKIP [KRX] 290690 reason=PHANTOM_POSITION phase=NONE qty=96 avgPrice=7050.0000
2026-05-18 13:06:56 WARN  SELL_SKIP [KRX] 290690 reason=PHANTOM_POSITION phase=NONE qty=96 avgPrice=7050.0000
2026-05-18 13:07:01 WARN  SELL_SKIP [KRX] 290690 reason=PHANTOM_POSITION phase=NONE qty=96 avgPrice=7050.0000
2026-05-18 13:07:06 WARN  SELL_SKIP [KRX] 290690 reason=PHANTOM_POSITION phase=NONE qty=96 avgPrice=7050.0000
2026-05-18 13:07:11 WARN  SELL_SKIP [KRX] 290690 reason=PHANTOM_POSITION phase=NONE qty=96 avgPrice=7050.0000
2026-05-18 13:07:16 WARN  SELL_SKIP [KRX] 290690 reason=PHANTOM_POSITION phase=NONE qty=96 avgPrice=7050.0000
2026-05-18 13:07:22 WARN  SELL_SKIP [KRX] 290690 reason=PHANTOM_POSITION phase=NONE qty=96 avgPrice=7050.0000
2026-05-18 13:07:27 WARN  SELL_SKIP [KRX] 290690 reason=PHANTOM_POSITION phase=NONE qty=96 avgPrice=7050.0000
2026-05-18 13:07:32 WARN  SELL_SKIP [KRX] 290690 reason=PHANTOM_POSITION phase=NONE qty=96 avgPrice=7050.0000
2026-05-18 13:07:38 WARN  SELL_SKIP [KRX] 290690 reason=PHANTOM_POSITION phase=NONE qty=96 avgPrice=7050.0000
2026-05-18 13:07:48 WARN  SELL_SKIP [KRX] 290690 reason=PHANTOM_POSITION phase=NONE qty=96 avgPrice=7050.0000
2026-05-18 13:07:53 WARN  SELL_SKIP [KRX] 290690 reason=PHANTOM_POSITION phase=NONE qty=96 avgPrice=7050.0000
2026-05-18 13:07:58 WARN  SELL_SKIP [KRX] 290690 reason=PHANTOM_POSITION phase=NONE qty=96 avgPrice=7050.0000
2026-05-18 13:08:04 WARN  SELL_SKIP [KRX] 290690 reason=PHANTOM_POSITION phase=NONE qty=96 avgPrice=7050.0000
2026-05-18 13:08:09 WARN  SELL_SKIP [KRX] 290690 reason=PHANTOM_POSITION phase=NONE qty=96 avgPrice=7050.0000
2026-05-18 13:08:09 INFO  BUY [KRX] 321370 mode=VOLUME_BREAKOUT price=3650.0000 qty=142 size=0.8000x score=90(CONV) | WHY: strongBreakout volBreakout retestOK multiUp vol(1.65x) | VWAP: 0.90%(ABOVE slope=UP) | TREND: score=3 vel=1.19%/1.11%/1.11% | VOL: 21719.0000/13162.0500 TO: 79274350.0000/47506052.4500 | entryNo=1
2026-05-18 13:08:09 WARN  BUY_REJECTED 321370 phase=NONE
2026-05-18 13:08:14 WARN  SELL_SKIP [KRX] 290690 reason=PHANTOM_POSITION phase=NONE qty=96 avgPrice=7050.0000
2026-05-18 13:08:19 WARN  SELL_SKIP [KRX] 290690 reason=PHANTOM_POSITION phase=NONE qty=96 avgPrice=7050.0000
2026-05-18 13:08:24 WARN  SELL_SKIP [KRX] 290690 reason=PHANTOM_POSITION phase=NONE qty=96 avgPrice=7050.0000
2026-05-18 13:08:30 WARN  SELL_SKIP [KRX] 290690 reason=PHANTOM_POSITION phase=NONE qty=96 avgPrice=7050.0000
2026-05-18 13:08:35 WARN  SELL_SKIP [KRX] 290690 reason=PHANTOM_POSITION phase=NONE qty=96 avgPrice=7050.0000
2026-05-18 13:08:41 WARN  SELL_SKIP [KRX] 290690 reason=PHANTOM_POSITION phase=NONE qty=96 avgPrice=7050.0000
2026-05-18 13:08:46 WARN  SELL_SKIP [KRX] 290690 reason=PHANTOM_POSITION phase=NONE qty=96 avgPrice=7050.0000
2026-05-18 13:08:51 WARN  SELL_SKIP [KRX] 290690 reason=PHANTOM_POSITION phase=NONE qty=96 avgPrice=7050.0000
2026-05-18 13:08:56 WARN  SELL_SKIP [KRX] 290690 reason=PHANTOM_POSITION phase=NONE qty=96 avgPrice=7050.0000
2026-05-18 13:09:01 WARN  SELL_SKIP [KRX] 290690 reason=PHANTOM_POSITION phase=NONE qty=96 avgPrice=7050.0000
2026-05-18 13:09:06 WARN  SELL_SKIP [KRX] 290690 reason=PHANTOM_POSITION phase=NONE qty=96 avgPrice=7050.0000
2026-05-18 13:09:12 WARN  SELL_SKIP [KRX] 290690 reason=PHANTOM_POSITION phase=NONE qty=96 avgPrice=7050.0000
2026-05-18 13:09:17 WARN  SELL_SKIP [KRX] 290690 reason=PHANTOM_POSITION phase=NONE qty=96 avgPrice=7050.0000
2026-05-18 13:09:22 WARN  SELL_SKIP [KRX] 290690 reason=PHANTOM_POSITION phase=NONE qty=96 avgPrice=7050.0000
2026-05-18 13:09:27 WARN  SELL_SKIP [KRX] 290690 reason=PHANTOM_POSITION phase=NONE qty=96 avgPrice=7050.0000
2026-05-18 13:09:32 WARN  SELL_SKIP [KRX] 290690 reason=PHANTOM_POSITION phase=NONE qty=96 avgPrice=7050.0000
2026-05-18 13:09:37 WARN  SELL_SKIP [KRX] 290690 reason=PHANTOM_POSITION phase=NONE qty=96 avgPrice=7050.0000
2026-05-18 13:09:43 WARN  SELL_SKIP [KRX] 290690 reason=PHANTOM_POSITION phase=NONE qty=96 avgPrice=7050.0000
2026-05-18 13:09:48 WARN  SELL_SKIP [KRX] 290690 reason=PHANTOM_POSITION phase=NONE qty=96 avgPrice=7050.0000
2026-05-18 13:09:53 WARN  SELL_SKIP [KRX] 290690 reason=PHANTOM_POSITION phase=NONE qty=96 avgPrice=7050.0000
2026-05-18 13:09:58 WARN  SELL_SKIP [KRX] 290690 reason=PHANTOM_POSITION phase=NONE qty=96 avgPrice=7050.0000
2026-05-18 13:10:03 WARN  SELL_SKIP [KRX] 290690 reason=PHANTOM_POSITION phase=NONE qty=96 avgPrice=7050.0000
2026-05-18 13:10:09 WARN  SELL_SKIP [KRX] 290690 reason=PHANTOM_POSITION phase=NONE qty=96 avgPrice=7050.0000
2026-05-18 13:10:14 WARN  SELL_SKIP [KRX] 290690 reason=PHANTOM_POSITION phase=NONE qty=96 avgPrice=7050.0000
2026-05-18 13:10:19 WARN  SELL_SKIP [KRX] 290690 reason=PHANTOM_POSITION phase=NONE qty=96 avgPrice=7050.0000
2026-05-18 13:10:24 WARN  SELL_SKIP [KRX] 290690 reason=PHANTOM_POSITION phase=NONE qty=96 avgPrice=7050.0000
2026-05-18 13:10:29 WARN  SELL_SKIP [KRX] 290690 reason=PHANTOM_POSITION phase=NONE qty=96 avgPrice=7050.0000
2026-05-18 13:10:35 WARN  SELL_SKIP [KRX] 290690 reason=PHANTOM_POSITION phase=NONE qty=96 avgPrice=7050.0000
2026-05-18 13:10:40 WARN  SELL_SKIP [KRX] 290690 reason=PHANTOM_POSITION phase=NONE qty=96 avgPrice=7050.0000
2026-05-18 13:10:45 WARN  SELL_SKIP [KRX] 290690 reason=PHANTOM_POSITION phase=NONE qty=96 avgPrice=7050.0000
2026-05-18 13:10:50 WARN  SELL_SKIP [KRX] 290690 reason=PHANTOM_POSITION phase=NONE qty=96 avgPrice=7050.0000
2026-05-18 13:10:55 WARN  SELL_SKIP [KRX] 290690 reason=PHANTOM_POSITION phase=NONE qty=96 avgPrice=7050.0000
2026-05-18 13:11:00 WARN  SELL_SKIP [KRX] 290690 reason=PHANTOM_POSITION phase=NONE qty=96 avgPrice=7050.0000
2026-05-18 13:11:06 WARN  SELL_SKIP [KRX] 290690 reason=PHANTOM_POSITION phase=NONE qty=96 avgPrice=7050.0000
2026-05-18 13:11:11 WARN  SELL_SKIP [KRX] 290690 reason=PHANTOM_POSITION phase=NONE qty=96 avgPrice=7050.0000
2026-05-18 13:11:16 WARN  SELL_SKIP [KRX] 290690 reason=PHANTOM_POSITION phase=NONE qty=96 avgPrice=7050.0000
2026-05-18 13:11:21 WARN  SELL_SKIP [KRX] 290690 reason=PHANTOM_POSITION phase=NONE qty=96 avgPrice=7050.0000
2026-05-18 13:11:27 WARN  SELL_SKIP [KRX] 290690 reason=PHANTOM_POSITION phase=NONE qty=96 avgPrice=7050.0000
2026-05-18 13:11:37 WARN  SELL_SKIP [KRX] 290690 reason=PHANTOM_POSITION phase=NONE qty=96 avgPrice=7050.0000
2026-05-18 13:11:42 WARN  SELL_SKIP [KRX] 290690 reason=PHANTOM_POSITION phase=NONE qty=96 avgPrice=7050.0000
2026-05-18 13:11:47 WARN  SELL_SKIP [KRX] 290690 reason=PHANTOM_POSITION phase=NONE qty=96 avgPrice=7050.0000
2026-05-18 13:11:52 WARN  SELL_SKIP [KRX] 290690 reason=PHANTOM_POSITION phase=NONE qty=96 avgPrice=7050.0000
2026-05-18 13:11:58 WARN  SELL_SKIP [KRX] 290690 reason=PHANTOM_POSITION phase=NONE qty=96 avgPrice=7050.0000
2026-05-18 13:12:03 WARN  SELL_SKIP [KRX] 290690 reason=PHANTOM_POSITION phase=NONE qty=96 avgPrice=7050.0000
2026-05-18 13:12:08 WARN  SELL_SKIP [KRX] 290690 reason=PHANTOM_POSITION phase=NONE qty=96 avgPrice=7050.0000
2026-05-18 13:12:13 WARN  SELL_SKIP [KRX] 290690 reason=PHANTOM_POSITION phase=NONE qty=96 avgPrice=7050.0000
2026-05-18 13:12:19 WARN  SELL_SKIP [KRX] 290690 reason=PHANTOM_POSITION phase=NONE qty=96 avgPrice=7050.0000
2026-05-18 13:12:24 WARN  SELL_SKIP [KRX] 290690 reason=PHANTOM_POSITION phase=NONE qty=96 avgPrice=7050.0000
2026-05-18 13:12:30 WARN  SELL_SKIP [KRX] 290690 reason=PHANTOM_POSITION phase=NONE qty=96 avgPrice=7050.0000
2026-05-18 13:12:35 WARN  SELL_SKIP [KRX] 290690 reason=PHANTOM_POSITION phase=NONE qty=96 avgPrice=7050.0000
2026-05-18 13:12:40 WARN  SELL_SKIP [KRX] 290690 reason=PHANTOM_POSITION phase=NONE qty=96 avgPrice=7050.0000
2026-05-18 13:12:45 WARN  SELL_SKIP [KRX] 290690 reason=PHANTOM_POSITION phase=NONE qty=96 avgPrice=7050.0000
2026-05-18 13:12:50 WARN  SELL_SKIP [KRX] 290690 reason=PHANTOM_POSITION phase=NONE qty=96 avgPrice=7050.0000
2026-05-18 13:12:55 WARN  SELL_SKIP [KRX] 290690 reason=PHANTOM_POSITION phase=NONE qty=96 avgPrice=7050.0000
2026-05-18 13:13:01 WARN  SELL_SKIP [KRX] 290690 reason=PHANTOM_POSITION phase=NONE qty=96 avgPrice=7050.0000
2026-05-18 13:13:06 WARN  SELL_SKIP [KRX] 290690 reason=PHANTOM_POSITION phase=NONE qty=96 avgPrice=7050.0000
2026-05-18 13:13:11 WARN  SELL_SKIP [KRX] 290690 reason=PHANTOM_POSITION phase=NONE qty=96 avgPrice=7050.0000
2026-05-18 13:13:16 WARN  SELL_SKIP [KRX] 290690 reason=PHANTOM_POSITION phase=NONE qty=96 avgPrice=7050.0000
2026-05-18 13:13:21 WARN  SELL_SKIP [KRX] 290690 reason=PHANTOM_POSITION phase=NONE qty=96 avgPrice=7050.0000
2026-05-18 13:16:31 INFO  BUY amount set for 027360: 550000.00
2026-05-18 13:16:31 INFO  BUY amount set for 066430: 550000.00
2026-05-18 13:16:31 INFO  BUY amount set for 084670: 550000.00
2026-05-18 13:16:31 INFO  BUY amount set for 439960: 550000.00
2026-05-18 13:16:31 INFO  BUY amount set for 290690: 550000.00
2026-05-18 13:16:31 INFO  BUY amount set for 261780: 550000.00
2026-05-18 13:16:31 INFO  BUY amount set for 412350: 550000.00
2026-05-18 13:16:31 INFO  BUY amount set for 321370: 550000.00
2026-05-18 13:16:31 INFO  BUY amount set for 041930: 550000.00
2026-05-18 13:16:31 INFO  BUY amount set for 185490: 550000.00
2026-05-18 13:16:31 INFO  BUY amount set for 163560: 550000.00
2026-05-18 13:16:31 INFO  BUY amount set for 247660: 550000.00
2026-05-18 13:26:09 INFO  BUY [KRX] 261780 mode=BREAKOUT price=3885.0000 qty=113 size=0.8000x score=85(CONV) | WHY: strongBreakout retestOK multiUp vol(1.52x) | VWAP: 1.33%(ABOVE slope=UP) | TREND: score=3 vel=0.91%/1.97%/1.17% | VOL: 24797.0000/16292.1000 TO: 96336345.0000/62463538.5000 | entryNo=1
2026-05-18 13:26:14 INFO  BUY_FILLED 261780 phase=HOLDING
2026-05-18 13:26:19 INFO  BUY_FILLED 261780 phase=HOLDING
2026-05-18 13:26:24 INFO  BUY_FILLED 261780 phase=HOLDING
2026-05-18 13:26:29 INFO  BUY_FILLED 261780 phase=HOLDING
2026-05-18 13:26:34 INFO  BUY_FILLED 261780 phase=HOLDING
2026-05-18 13:26:40 INFO  BUY_FILLED 261780 phase=HOLDING
2026-05-18 13:26:45 INFO  BUY_FILLED 261780 phase=HOLDING
2026-05-18 13:26:50 INFO  BUY_FILLED 261780 phase=HOLDING
2026-05-18 13:26:55 INFO  BUY_FILLED 261780 phase=HOLDING
2026-05-18 13:27:00 INFO  BUY_FILLED 261780 phase=HOLDING
2026-05-18 13:27:05 INFO  BUY_FILLED 261780 phase=HOLDING
2026-05-18 13:27:11 INFO  BUY_FILLED 261780 phase=HOLDING
2026-05-18 13:27:16 INFO  BUY_FILLED 261780 phase=HOLDING
2026-05-18 13:27:21 INFO  BUY_FILLED 261780 phase=HOLDING
2026-05-18 13:27:26 INFO  BUY_FILLED 261780 phase=HOLDING
2026-05-18 13:27:31 INFO  BUY_FILLED 261780 phase=HOLDING
2026-05-18 13:27:36 INFO  BUY_FILLED 261780 phase=HOLDING
2026-05-18 13:27:42 INFO  BUY_FILLED 261780 phase=HOLDING
2026-05-18 13:27:47 INFO  BUY_FILLED 261780 phase=HOLDING
2026-05-18 13:27:52 INFO  BUY_FILLED 261780 phase=HOLDING
2026-05-18 13:27:57 INFO  BUY_FILLED 261780 phase=HOLDING
2026-05-18 13:28:02 INFO  BUY_FILLED 261780 phase=HOLDING
2026-05-18 13:28:07 INFO  BUY_FILLED 261780 phase=HOLDING
2026-05-18 13:28:13 INFO  BUY_FILLED 261780 phase=HOLDING
2026-05-18 13:28:23 INFO  BUY_FILLED 261780 phase=HOLDING
2026-05-18 13:28:28 INFO  BUY_FILLED 261780 phase=HOLDING
2026-05-18 13:28:33 INFO  BUY_FILLED 261780 phase=HOLDING
2026-05-18 13:28:38 INFO  BUY_FILLED 261780 phase=HOLDING
2026-05-18 13:28:43 INFO  BUY_FILLED 261780 phase=HOLDING
2026-05-18 13:28:49 INFO  BUY_FILLED 261780 phase=HOLDING
2026-05-18 13:28:54 INFO  BUY_FILLED 261780 phase=HOLDING
2026-05-18 13:28:59 INFO  BUY_FILLED 261780 phase=HOLDING
2026-05-18 13:29:04 INFO  BUY_FILLED 261780 phase=HOLDING
2026-05-18 13:29:09 INFO  BUY_FILLED 261780 phase=HOLDING
2026-05-18 13:29:14 INFO  BUY_FILLED 261780 phase=HOLDING
2026-05-18 13:29:19 INFO  BUY_FILLED 261780 phase=HOLDING
2026-05-18 13:29:25 INFO  BUY_FILLED 261780 phase=HOLDING
2026-05-18 13:29:30 INFO  BUY_FILLED 261780 phase=HOLDING
2026-05-18 13:29:35 INFO  BUY_FILLED 261780 phase=HOLDING
2026-05-18 13:29:40 INFO  BUY_FILLED 261780 phase=HOLDING
2026-05-18 13:29:46 INFO  BUY_FILLED 261780 phase=HOLDING
2026-05-18 13:29:51 INFO  BUY_FILLED 261780 phase=HOLDING
2026-05-18 13:29:56 INFO  BUY_FILLED 261780 phase=HOLDING
2026-05-18 13:30:01 INFO  BUY_FILLED 261780 phase=HOLDING
2026-05-18 13:30:06 INFO  BUY_FILLED 261780 phase=HOLDING
2026-05-18 13:30:11 INFO  BUY_FILLED 261780 phase=HOLDING
2026-05-18 13:30:17 INFO  BUY_FILLED 261780 phase=HOLDING
2026-05-18 13:30:22 INFO  BUY_FILLED 261780 phase=HOLDING
2026-05-18 13:30:27 INFO  BUY_FILLED 261780 phase=HOLDING
2026-05-18 13:30:32 INFO  BUY_FILLED 261780 phase=HOLDING
2026-05-18 13:30:37 INFO  BUY_FILLED 261780 phase=HOLDING
2026-05-18 13:30:43 INFO  BUY_FILLED 261780 phase=HOLDING
2026-05-18 13:30:48 INFO  BUY_FILLED 261780 phase=HOLDING
2026-05-18 13:30:53 INFO  BUY_FILLED 261780 phase=HOLDING
2026-05-18 13:30:58 INFO  BUY_FILLED 261780 phase=HOLDING
2026-05-18 13:31:03 INFO  BUY_FILLED 261780 phase=HOLDING
2026-05-18 13:31:08 INFO  BUY_FILLED 261780 phase=HOLDING
2026-05-18 13:31:14 INFO  BUY_FILLED 261780 phase=HOLDING
2026-05-18 13:31:19 INFO  BUY_FILLED 261780 phase=HOLDING
2026-05-18 13:31:24 INFO  BUY_FILLED 261780 phase=HOLDING
2026-05-18 13:31:30 INFO  BUY_FILLED 261780 phase=HOLDING
2026-05-18 13:31:35 INFO  BUY_FILLED 261780 phase=HOLDING
2026-05-18 13:31:40 INFO  BUY_FILLED 261780 phase=HOLDING
2026-05-18 13:31:45 INFO  BUY_FILLED 261780 phase=HOLDING
2026-05-18 13:31:50 INFO  BUY_FILLED 261780 phase=HOLDING
2026-05-18 13:31:55 INFO  BUY_FILLED 261780 phase=HOLDING
2026-05-18 13:31:55 INFO  SELL_EXECUTED [KRX] 261780 mode=BREAKOUT phase=EXITING exitType=STOPLOSS price=3845.0000 qty=113 reason=STOP_LOSS_BREAKOUT pnl=-1.03% peakPnl=0.39% holdMs=341613 high=3900.0000 avgPrice=3885.0000 weightedPnl=-0.82% dailyPnl=-0.82%
2026-05-18 13:31:56 WARN  SELL_REJECTED 261780 reason=STOP_LOSS_BREAKOUT rolledBack=partialDone:false phase=HOLDING
2026-05-18 13:32:01 INFO  BUY_FILLED 261780 phase=HOLDING
2026-05-18 13:32:01 INFO  SELL_EXECUTED [KRX] 261780 mode=BREAKOUT phase=EXITING exitType=STOPLOSS price=3845.0000 qty=113 reason=STOP_LOSS_BREAKOUT pnl=-1.03% peakPnl=0.39% holdMs=347010 high=3900.0000 avgPrice=3885.0000 weightedPnl=-0.82% dailyPnl=-0.82%
2026-05-18 13:32:06 INFO  BUY_FILLED 261780 phase=HOLDING
2026-05-18 13:32:11 INFO  BUY_FILLED 261780 phase=HOLDING
2026-05-18 13:32:16 INFO  BUY_FILLED 261780 phase=HOLDING
2026-05-18 13:32:16 WARN  SELL pending timeout cleared for 261780
2026-05-18 13:32:16 INFO  SELL_EXECUTED [KRX] 261780 mode=BREAKOUT phase=EXITING exitType=STOPLOSS price=3830.0000 qty=113 reason=STOP_LOSS_BREAKOUT pnl=-1.42% peakPnl=0.39% holdMs=362410 high=3900.0000 avgPrice=3885.0000 weightedPnl=-1.13% dailyPnl=-1.13%
2026-05-18 13:32:27 INFO  BUY_FILLED 261780 phase=HOLDING
2026-05-18 13:32:32 INFO  BUY_FILLED 261780 phase=HOLDING
2026-05-18 13:32:32 WARN  SELL pending timeout cleared for 261780
2026-05-18 13:32:32 INFO  SELL_EXECUTED [KRX] 261780 mode=BREAKOUT phase=EXITING exitType=STOPLOSS price=3830.0000 qty=113 reason=STOP_LOSS_BREAKOUT pnl=-1.42% peakPnl=0.39% holdMs=377757 high=3900.0000 avgPrice=3885.0000 weightedPnl=-1.13% dailyPnl=-1.13%
2026-05-18 13:32:32 INFO  SELL_FILLED 261780 reason=STOP_LOSS_BREAKOUT remainingQty=0 phase=NONE exitType=STOPLOSS partialDone=false
2026-05-18 13:47:49 INFO  BUY amount set for 084670: 550000.00
2026-05-18 13:47:49 INFO  BUY amount set for 261780: 550000.00
2026-05-18 13:47:49 INFO  BUY amount set for 066430: 550000.00
2026-05-18 13:47:49 INFO  BUY amount set for 290690: 550000.00
2026-05-18 13:47:49 INFO  BUY amount set for 439960: 550000.00
2026-05-18 13:47:49 INFO  BUY amount set for 027360: 550000.00
2026-05-18 13:47:49 INFO  BUY amount set for 412350: 550000.00
2026-05-18 13:47:49 INFO  BUY amount set for 041930: 550000.00
2026-05-18 13:47:49 INFO  BUY amount set for 321370: 550000.00
2026-05-18 13:47:49 INFO  BUY amount set for 247660: 550000.00
2026-05-18 13:47:49 INFO  BUY amount set for 185490: 550000.00
2026-05-18 13:47:49 INFO  BUY amount set for 163560: 550000.00
2026-05-18 14:03:10 INFO  BUY [KRX] 066430 mode=PULLBACK price=3055.0000 qty=216 size=1.2000x score=80 | WHY: zone(-1.93%fromHigh) vel+ priceAboveAvg vol(0.97x) | VWAP: 1.08%(ABOVE slope=UP) | TREND: score=2 vel=0.33%/0.50%/-1.14% | VOL: 39727.0000/40993.7500 TO: 120968715.0000/123496737.8125 | entryNo=1
2026-05-18 14:03:10 WARN  BUY_REJECTED 066430 phase=NONE
2026-05-18 14:09:14 INFO  BUY [KRX] 412350 mode=VOLUME_BREAKOUT price=14450.0000 qty=38 size=1.0000x score=95(CONV) | WHY: strongBreakout volBreakout retestOK multiUp vol(7.50x) | VWAP: 1.80%(ABOVE slope=UP) | TREND: score=3 vel=2.13%/3.00%/3.67% | VOL: 58522.0000/7799.3000 TO: 843302020.0000/110409711.0000 | entryNo=1
2026-05-18 14:09:15 INFO  BUY_FILLED 412350 phase=HOLDING
2026-05-18 14:09:19 INFO  BUY_FILLED 412350 phase=HOLDING
2026-05-18 14:09:24 INFO  BUY_FILLED 412350 phase=HOLDING
2026-05-18 14:09:29 INFO  BUY_FILLED 412350 phase=HOLDING
2026-05-18 14:09:34 INFO  BUY_FILLED 412350 phase=HOLDING
2026-05-18 14:09:39 INFO  BUY_FILLED 412350 phase=HOLDING
2026-05-18 14:09:45 INFO  BUY_FILLED 412350 phase=HOLDING
2026-05-18 14:09:50 INFO  BUY_FILLED 412350 phase=HOLDING
2026-05-18 14:09:55 INFO  BUY_FILLED 412350 phase=HOLDING
2026-05-18 14:10:01 INFO  BUY_FILLED 412350 phase=HOLDING
2026-05-18 14:10:06 INFO  BUY_FILLED 412350 phase=HOLDING
2026-05-18 14:10:11 INFO  BUY_FILLED 412350 phase=HOLDING
2026-05-18 14:10:16 INFO  BUY_FILLED 412350 phase=HOLDING
2026-05-18 14:10:21 INFO  BUY_FILLED 412350 phase=HOLDING
2026-05-18 14:10:26 INFO  BUY_FILLED 412350 phase=HOLDING
2026-05-18 14:10:32 INFO  BUY_FILLED 412350 phase=HOLDING
2026-05-18 14:10:37 INFO  BUY_FILLED 412350 phase=HOLDING
2026-05-18 14:10:42 INFO  BUY_FILLED 412350 phase=HOLDING
2026-05-18 14:10:47 INFO  BUY_FILLED 412350 phase=HOLDING
2026-05-18 14:10:53 INFO  BUY_FILLED 412350 phase=HOLDING
2026-05-18 14:10:58 INFO  BUY_FILLED 412350 phase=HOLDING
2026-05-18 14:11:03 INFO  BUY_FILLED 412350 phase=HOLDING
2026-05-18 14:11:08 INFO  BUY_FILLED 412350 phase=HOLDING
2026-05-18 14:11:13 INFO  BUY_FILLED 412350 phase=HOLDING
2026-05-18 14:11:23 INFO  BUY_FILLED 412350 phase=HOLDING
2026-05-18 14:11:29 INFO  BUY_FILLED 412350 phase=HOLDING
2026-05-18 14:11:34 INFO  BUY_FILLED 412350 phase=HOLDING
2026-05-18 14:11:39 INFO  BUY_FILLED 412350 phase=HOLDING
2026-05-18 14:11:44 INFO  BUY_FILLED 412350 phase=HOLDING
2026-05-18 14:11:49 INFO  BUY_FILLED 412350 phase=HOLDING
2026-05-18 14:11:54 INFO  BUY_FILLED 412350 phase=HOLDING
2026-05-18 14:12:00 INFO  BUY_FILLED 412350 phase=HOLDING
2026-05-18 14:12:05 INFO  BUY_FILLED 412350 phase=HOLDING
2026-05-18 14:12:10 INFO  BUY_FILLED 412350 phase=HOLDING
2026-05-18 14:12:15 INFO  BUY_FILLED 412350 phase=HOLDING
2026-05-18 14:12:20 INFO  BUY_FILLED 412350 phase=HOLDING
2026-05-18 14:12:25 INFO  BUY_FILLED 412350 phase=HOLDING
2026-05-18 14:12:30 INFO  BUY_FILLED 412350 phase=HOLDING
2026-05-18 14:12:36 INFO  BUY_FILLED 412350 phase=HOLDING
2026-05-18 14:12:41 INFO  BUY_FILLED 412350 phase=HOLDING
2026-05-18 14:12:46 INFO  BUY_FILLED 412350 phase=HOLDING
2026-05-18 14:12:51 INFO  BUY_FILLED 412350 phase=HOLDING
2026-05-18 14:13:02 INFO  BUY_FILLED 412350 phase=HOLDING
2026-05-18 14:13:07 INFO  BUY_FILLED 412350 phase=HOLDING
2026-05-18 14:13:12 INFO  BUY_FILLED 412350 phase=HOLDING
2026-05-18 14:13:17 INFO  BUY_FILLED 412350 phase=HOLDING
2026-05-18 14:13:22 INFO  BUY_FILLED 412350 phase=HOLDING
2026-05-18 14:13:27 INFO  BUY_FILLED 412350 phase=HOLDING
2026-05-18 14:13:32 INFO  BUY_FILLED 412350 phase=HOLDING
2026-05-18 14:13:38 INFO  BUY_FILLED 412350 phase=HOLDING
2026-05-18 14:13:43 INFO  BUY_FILLED 412350 phase=HOLDING
2026-05-18 14:13:54 INFO  BUY_FILLED 412350 phase=HOLDING
2026-05-18 14:13:59 INFO  BUY_FILLED 412350 phase=HOLDING
2026-05-18 14:13:59 INFO  SELL [BREAKEVEN_GUARD] 412350 pnl=-0.14% peakPnl=1.11% holdMs=284137
2026-05-18 14:13:59 INFO  SELL_EXECUTED [KRX] 412350 mode=VOLUME_BREAKOUT phase=EXITING exitType=TRAIL price=14420.0000 qty=38 reason=BREAKEVEN_GUARD pnl=-0.14% peakPnl=1.11% holdMs=284137 high=14600.0000 avgPrice=14440.0000 weightedPnl=-0.14% dailyPnl=-0.14%
2026-05-18 14:13:59 INFO  SELL_FILLED 412350 reason=BREAKEVEN_GUARD remainingQty=0 phase=NONE exitType=TRAIL partialDone=false
