2026-06-12 15:27:16 INFO  BUY amount set for 403870: 10000000.00
2026-06-12 15:27:16 INFO  BUY [KRX] 403870 mode=VWAP_RECLAIM price=49450.0000 qty=202 size=1.0000x score=75[C] | WHY: dayChg=9.40% vrScore=83 aboveBars=7 hadBelow=true vol/vol5=2.78x | VWAP: 1.10%(ABOVE slope=DN) allowedGap=3.00% | TREND: score=3 vel=0.61%/0.92%/0.51% accel=false | VOL: 60068.0000/17628.7500 TO: 2970362600.0000/864160740.0000 | HIGH: 49500.0000 fromHigh=-0.10% | VR: score=83 aboveBars=7 hadBelow=true vol/vol5=2.78x | entryNo=1
2026-06-12 15:27:16 INFO  BUY_FILLED 403870 phase=HOLDING
2026-06-12 15:27:16 INFO  SELL_EXECUTED [KRX] 403870 mode=VWAP_RECLAIM phase=EXITING exitType=PROFIT price=50700.0000 qty=202 reason=TAKE_PROFIT_VWAP_RECLAIM pnl=2.53% peakPnl=2.53% holdMs=780000 high=50700.0000 avgPrice=49450.0000 weightedPnl=2.53% (pending fill)
2026-06-12 15:27:16 INFO  SELL_FILLED_PNL 403870 reason=TAKE_PROFIT_VWAP_RECLAIM filledQty=202/202 fillRatio=1.00 weightedPnl=2.53% dailyPnl=2.53%
2026-06-12 15:27:16 INFO  SELL_FILLED 403870 reason=TAKE_PROFIT_VWAP_RECLAIM remainingQty=0 phase=NONE exitType=PROFIT
2026-06-12 15:27:16 INFO  BUY [KRX] 403870 mode=VWAP_RECLAIM price=50500.0000 qty=198 size=1.0000x score=32[D] | WHY: dayChg=4.55% vrScore=84 aboveBars=9 hadBelow=true vol/vol5=1.92x | VWAP: 2.37%(ABOVE slope=UP) allowedGap=3.00% | TREND: score=3 vel=1.10%/1.51%/2.64% accel=false | VOL: 103898.0000/57579.5000 TO: 5246849000.0000/2840434640.6250 | HIGH: 50600.0000 fromHigh=-0.20% | VR: score=84 aboveBars=9 hadBelow=true vol/vol5=1.92x | entryNo=1
2026-06-12 15:27:16 INFO  BUY_FILLED 403870 phase=HOLDING
2026-06-12 15:27:16 INFO  SELL_EXECUTED [KRX] 403870 mode=VWAP_RECLAIM phase=EXITING exitType=STOPLOSS price=49450.0000 qty=198 reason=STOP_LOSS_VWAP_RECLAIM pnl=-2.08% peakPnl=0.40% holdMs=360000 high=50700.0000 avgPrice=50500.0000 weightedPnl=-2.08% (pending fill)
2026-06-12 15:27:16 INFO  SELL_FILLED_PNL 403870 reason=STOP_LOSS_VWAP_RECLAIM filledQty=198/198 fillRatio=1.00 weightedPnl=-2.08% dailyPnl=-2.08%
2026-06-12 15:27:16 INFO  SELL_FILLED 403870 reason=STOP_LOSS_VWAP_RECLAIM remainingQty=0 phase=NONE exitType=STOPLOSS
2026-06-12 15:27:16 INFO  BUY [KRX] 403870 mode=VWAP_RECLAIM price=50400.0000 qty=198 size=1.0000x score=70[D] | WHY: dayChg=2.34% vrScore=88 aboveBars=12 hadBelow=true vol/vol5=2.37x | VWAP: 1.11%(ABOVE slope=DN) allowedGap=3.00% | TREND: score=3 vel=0.60%/0.80%/0.80% accel=false | VOL: 11428.0000/3881.3000 TO: 575971200.0000/194194816.2500 | HIGH: 50400.0000 fromHigh=0.00% | VR: score=88 aboveBars=12 hadBelow=true vol/vol5=2.37x | entryNo=1
2026-06-12 15:27:16 INFO  BUY_FILLED 403870 phase=HOLDING
2026-06-12 15:27:16 INFO  SELL_EXECUTED [KRX] 403870 mode=VWAP_RECLAIM phase=EXITING exitType=VWAP_BREAK price=49750.0000 qty=198 reason=VWAP_BREAK pnl=-1.29% peakPnl=0.60% holdMs=3300000 high=50700.0000 avgPrice=50400.0000 weightedPnl=-1.29% (pending fill)
2026-06-12 15:27:16 INFO  SELL_FILLED_PNL 403870 reason=VWAP_BREAK filledQty=198/198 fillRatio=1.00 weightedPnl=-1.29% dailyPnl=-1.29%
2026-06-12 15:27:16 INFO  SELL_FILLED 403870 reason=VWAP_BREAK remainingQty=0 phase=NONE exitType=VWAP_BREAK
2026-06-12 15:27:16 INFO  BUY [KRX] 403870 mode=BREAKOUT price=44300.0000 qty=225 size=1.0000x score=85[A](CONV) | WHY: strongBreakout volBreakout retestOK multiUp vol(3.81x) | VWAP: 0.65%(ABOVE slope=UP) allowedGap=2.20% | TREND: score=3 vel=0.28%/0.23%/0.28% accel=true | VOL: 8904.0000/2334.3500 TO: 394224600.0000/103105160.0000 | HIGH: 44300.0000 fromHigh=-0.06% | entryNo=1
2026-06-12 15:27:16 INFO  BUY_FILLED 403870 phase=HOLDING
2026-06-12 15:27:16 INFO  SELL [EOD_FORCE_SELL] 403870 pnl=0.51% time=15:30
2026-06-12 15:27:16 INFO  SELL_EXECUTED [KRX] 403870 mode=BREAKOUT phase=EXITING exitType=TIMESTOP price=44500.0000 qty=225 reason=EOD_FORCE_SELL pnl=0.51% peakPnl=1.07% holdMs=6360000 high=44750.0000 avgPrice=44275.0000 weightedPnl=0.51% (pending fill)
2026-06-12 15:27:16 INFO  SELL_FILLED_PNL 403870 reason=EOD_FORCE_SELL filledQty=225/225 fillRatio=1.00 weightedPnl=0.51% dailyPnl=0.51%
2026-06-12 15:27:16 INFO  SELL_FILLED 403870 reason=EOD_FORCE_SELL remainingQty=0 phase=NONE exitType=TIMESTOP
2026-06-12 15:27:16 INFO  BUY [KRX] 403870 mode=BREAKOUT price=45550.0000 qty=219 size=1.0000x score=80[B] | WHY: strongBreakout volBreakout retestOK multiUp vol(2.84x) | VWAP: 0.89%(ABOVE slope=UP) allowedGap=2.20% | TREND: score=3 vel=0.22%/0.11%/0.22% accel=true | VOL: 17982.0000/6331.8500 TO: 819080100.0000/287535132.5000 | HIGH: 45550.0000 fromHigh=0.00% | entryNo=1
2026-06-12 15:27:16 INFO  BUY_FILLED 403870 phase=HOLDING
2026-06-12 15:27:16 INFO  SELL [EOD_FORCE_SELL] 403870 pnl=0.77% time=15:30
2026-06-12 15:27:16 INFO  SELL_EXECUTED [KRX] 403870 mode=BREAKOUT phase=EXITING exitType=TIMESTOP price=45900.0000 qty=219 reason=EOD_FORCE_SELL pnl=0.77% peakPnl=0.88% holdMs=1380000 high=45950.0000 avgPrice=45550.0000 weightedPnl=0.77% (pending fill)
2026-06-12 15:27:16 INFO  SELL_FILLED_PNL 403870 reason=EOD_FORCE_SELL filledQty=219/219 fillRatio=1.00 weightedPnl=0.77% dailyPnl=0.77%
2026-06-12 15:27:16 INFO  SELL_FILLED 403870 reason=EOD_FORCE_SELL remainingQty=0 phase=NONE exitType=TIMESTOP
2026-06-12 15:27:17 INFO  BUY [KRX] 403870 mode=VWAP_RECLAIM price=47250.0000 qty=211 size=1.0000x score=85[A](CONV) | WHY: dayChg=0.96% vrScore=87 aboveBars=12 hadBelow=true vol/vol5=2.72x | VWAP: 1.65%(ABOVE slope=UP) allowedGap=3.00% | TREND: score=3 vel=0.53%/0.64%/0.96% accel=false | VOL: 51637.0000/12207.2000 TO: 2439848250.0000/571066270.0000 | HIGH: 47350.0000 fromHigh=-0.21% | VR: score=87 aboveBars=12 hadBelow=true vol/vol5=2.72x | entryNo=1
2026-06-12 15:27:17 INFO  BUY_FILLED 403870 phase=HOLDING
2026-06-12 15:27:17 INFO  SELL_EXECUTED [KRX] 403870 mode=VWAP_RECLAIM phase=EXITING exitType=VWAP_BREAK price=46500.0000 qty=211 reason=VWAP_BREAK pnl=-1.59% peakPnl=0.42% holdMs=4680000 high=47450.0000 avgPrice=47250.0000 weightedPnl=-1.58% (pending fill)
2026-06-12 15:27:17 INFO  SELL_FILLED_PNL 403870 reason=VWAP_BREAK filledQty=211/211 fillRatio=1.00 weightedPnl=-1.58% dailyPnl=-1.58%
2026-06-12 15:27:17 INFO  SELL_FILLED 403870 reason=VWAP_BREAK remainingQty=0 phase=NONE exitType=VWAP_BREAK
2026-06-12 15:27:17 INFO  BUY [KRX] 403870 mode=VWAP_RECLAIM price=47050.0000 qty=212 size=1.0000x score=85[A](CONV) | WHY: dayChg=0.53% vrScore=87 aboveBars=9 hadBelow=true vol/vol5=3.21x | VWAP: 0.83%(ABOVE slope=UP) allowedGap=3.00% | TREND: score=3 vel=0.75%/0.53%/0.43% accel=true | VOL: 16458.0000/3891.2000 TO: 774348900.0000/182169512.5000 | HIGH: 47050.0000 fromHigh=0.00% | VR: score=87 aboveBars=9 hadBelow=true vol/vol5=3.21x | entryNo=2
2026-06-12 15:27:17 INFO  BUY_FILLED 403870 phase=HOLDING
2026-06-12 15:27:17 INFO  SELL_EXECUTED [KRX] 403870 mode=VWAP_RECLAIM phase=EXITING exitType=PROFIT price=48100.0000 qty=212 reason=TAKE_PROFIT_VWAP_RECLAIM pnl=2.23% peakPnl=2.23% holdMs=1980000 high=48100.0000 avgPrice=47050.0000 weightedPnl=2.23% (pending fill)
2026-06-12 15:27:17 INFO  SELL_FILLED_PNL 403870 reason=TAKE_PROFIT_VWAP_RECLAIM filledQty=212/212 fillRatio=1.00 weightedPnl=2.23% dailyPnl=0.64%
2026-06-12 15:27:17 INFO  SELL_FILLED 403870 reason=TAKE_PROFIT_VWAP_RECLAIM remainingQty=0 phase=NONE exitType=PROFIT
2026-06-12 15:27:17 INFO  BUY [KRX] 403870 mode=BREAKOUT price=55600.0000 qty=179 size=1.0000x score=80[B] | WHY: strongBreakout volBreakout retestOK multiUp vol(3.18x) | VWAP: 1.45%(ABOVE slope=UP) allowedGap=2.20% | TREND: score=3 vel=0.72%/0.54%/0.54% accel=true | VOL: 31309.0000/9841.4500 TO: 1740780400.0000/544167715.0000 | HIGH: 55600.0000 fromHigh=0.00% | entryNo=1
2026-06-12 15:27:17 INFO  BUY_FILLED 403870 phase=HOLDING
2026-06-12 15:27:17 INFO  SELL_EXECUTED [KRX] 403870 mode=BREAKOUT phase=EXITING exitType=VWAP_BREAK price=54800.0000 qty=179 reason=VWAP_BREAK pnl=-1.44% peakPnl=0.54% holdMs=4860000 high=55900.0000 avgPrice=55600.0000 weightedPnl=-1.43% (pending fill)
2026-06-12 15:27:17 INFO  SELL_FILLED_PNL 403870 reason=VWAP_BREAK filledQty=179/179 fillRatio=1.00 weightedPnl=-1.43% dailyPnl=-1.43%
2026-06-12 15:27:17 INFO  SELL_FILLED 403870 reason=VWAP_BREAK remainingQty=0 phase=NONE exitType=VWAP_BREAK
2026-06-12 15:27:17 INFO  BUY [KRX] 403870 mode=BREAKOUT price=54100.0000 qty=147 size=0.8000x score=85[A](CONV) | WHY: strongBreakout volBreakout retestOK multiUp vol(2.00x) | VWAP: 1.07%(ABOVE slope=UP) allowedGap=2.20% | TREND: score=3 vel=0.56%/0.37%/0.56% accel=true | VOL: 14460.0000/7228.5500 TO: 782286000.0000/388832965.0000 | HIGH: 54100.0000 fromHigh=0.00% | entryNo=1
2026-06-12 15:27:17 INFO  BUY_FILLED 403870 phase=HOLDING
2026-06-12 15:27:17 INFO  SELL [EOD_FORCE_SELL] 403870 pnl=-0.74% time=15:30
2026-06-12 15:27:17 INFO  SELL_EXECUTED [KRX] 403870 mode=BREAKOUT phase=EXITING exitType=TIMESTOP price=53700.0000 qty=147 reason=EOD_FORCE_SELL pnl=-0.74% peakPnl=0.09% holdMs=1920000 high=54150.0000 avgPrice=54100.0000 weightedPnl=-0.59% (pending fill)
2026-06-12 15:27:17 INFO  SELL_FILLED_PNL 403870 reason=EOD_FORCE_SELL filledQty=147/147 fillRatio=1.00 weightedPnl=-0.59% dailyPnl=-0.59%
2026-06-12 15:27:17 INFO  SELL_FILLED 403870 reason=EOD_FORCE_SELL remainingQty=0 phase=NONE exitType=TIMESTOP
2026-06-12 15:27:17 INFO  BUY [KRX] 403870 mode=VWAP_RECLAIM price=56300.0000 qty=177 size=1.0000x score=75[C] | WHY: dayChg=0.18% vrScore=89 aboveBars=8 hadBelow=true vol/vol5=3.93x | VWAP: 1.25%(ABOVE slope=UP) allowedGap=3.00% | TREND: score=3 vel=0.54%/0.72%/0.54% accel=false | VOL: 55823.0000/9880.7500 TO: 3142834900.0000/551902350.0000 | HIGH: 56400.0000 fromHigh=-0.18% | VR: score=89 aboveBars=8 hadBelow=true vol/vol5=3.93x | entryNo=1
2026-06-12 15:27:17 INFO  BUY_FILLED 403870 phase=HOLDING
2026-06-12 15:27:17 INFO  SELL_EXECUTED [KRX] 403870 mode=VWAP_RECLAIM phase=EXITING exitType=PROFIT price=57700.0000 qty=177 reason=TAKE_PROFIT_VWAP_RECLAIM pnl=2.49% peakPnl=2.49% holdMs=840000 high=57700.0000 avgPrice=56300.0000 weightedPnl=2.48% (pending fill)
2026-06-12 15:27:17 INFO  SELL_FILLED_PNL 403870 reason=TAKE_PROFIT_VWAP_RECLAIM filledQty=177/177 fillRatio=1.00 weightedPnl=2.48% dailyPnl=2.48%
2026-06-12 15:27:17 INFO  SELL_FILLED 403870 reason=TAKE_PROFIT_VWAP_RECLAIM remainingQty=0 phase=NONE exitType=PROFIT
2026-06-12 15:27:17 INFO  BUY [KRX] 403870 mode=VWAP_RECLAIM price=54600.0000 qty=183 size=1.0000x score=75[C] | WHY: dayChg=0.74% vrScore=87 aboveBars=12 hadBelow=true vol/vol5=3.01x | VWAP: 0.87%(ABOVE slope=DN) allowedGap=3.00% | TREND: score=3 vel=0.55%/0.74%/0.55% accel=false | VOL: 20916.0000/4478.9500 TO: 1142013600.0000/243041052.5000 | HIGH: 54700.0000 fromHigh=-0.18% | VR: score=87 aboveBars=12 hadBelow=true vol/vol5=3.01x | entryNo=1
2026-06-12 15:27:17 INFO  BUY_FILLED 403870 phase=HOLDING
2026-06-12 15:27:17 INFO  SELL_EXECUTED [KRX] 403870 mode=VWAP_RECLAIM phase=EXITING exitType=VWAP_BREAK price=54200.0000 qty=183 reason=VWAP_BREAK pnl=-0.73% peakPnl=0.55% holdMs=6300000 high=54900.0000 avgPrice=54600.0000 weightedPnl=-0.73% (pending fill)
2026-06-12 15:27:17 INFO  SELL_FILLED_PNL 403870 reason=VWAP_BREAK filledQty=183/183 fillRatio=1.00 weightedPnl=-0.73% dailyPnl=-0.73%
2026-06-12 15:27:17 INFO  SELL_FILLED 403870 reason=VWAP_BREAK remainingQty=0 phase=NONE exitType=VWAP_BREAK
2026-06-12 15:27:17 INFO  BUY [KRX] 403870 mode=VWAP_RECLAIM price=49600.0000 qty=201 size=1.0000x score=60[D] | WHY: dayChg=1.12% vrScore=83 aboveBars=9 hadBelow=true vol/vol5=1.81x | VWAP: 1.76%(ABOVE slope=DN) allowedGap=3.00% | TREND: score=3 vel=0.81%/1.12%/0.71% accel=false | VOL: 7293.0000/3366.5500 TO: 361732800.0000/164855690.0000 | HIGH: 49600.0000 fromHigh=0.00% | VR: score=83 aboveBars=9 hadBelow=true vol/vol5=1.81x | entryNo=1
2026-06-12 15:27:17 INFO  BUY_FILLED 403870 phase=HOLDING
2026-06-12 15:27:17 INFO  SELL_EXECUTED [KRX] 403870 mode=VWAP_RECLAIM phase=EXITING exitType=STOPLOSS price=48750.0000 qty=201 reason=STOP_LOSS_VWAP_RECLAIM pnl=-1.71% peakPnl=0.40% holdMs=480000 high=49800.0000 avgPrice=49600.0000 weightedPnl=-1.71% (pending fill)
2026-06-12 15:27:17 INFO  SELL_FILLED_PNL 403870 reason=STOP_LOSS_VWAP_RECLAIM filledQty=201/201 fillRatio=1.00 weightedPnl=-1.71% dailyPnl=-1.71%
2026-06-12 15:27:17 INFO  SELL_FILLED 403870 reason=STOP_LOSS_VWAP_RECLAIM remainingQty=0 phase=NONE exitType=STOPLOSS
2026-06-12 15:27:17 INFO  BUY [KRX] 403870 mode=VWAP_RECLAIM price=51600.0000 qty=193 size=1.0000x score=45[D] | WHY: dayChg=2.99% vrScore=87 aboveBars=9 hadBelow=true vol/vol5=2.51x | VWAP: 2.04%(ABOVE slope=UP) allowedGap=3.00% | TREND: score=3 vel=0.98%/0.78%/1.18% accel=true | VOL: 26609.0000/7762.3500 TO: 1373024400.0000/395152040.0000 | HIGH: 51600.0000 fromHigh=0.00% | VR: score=87 aboveBars=9 hadBelow=true vol/vol5=2.51x | entryNo=1
2026-06-12 15:27:17 INFO  BUY_FILLED 403870 phase=HOLDING
2026-06-12 15:27:17 INFO  SELL [TRAIL_VWAP_RECLAIM] 403870 pnl=0.58% peakPnl=1.74% high=52500.0000 current=51900.0000
2026-06-12 15:27:17 INFO  SELL_EXECUTED [KRX] 403870 mode=VWAP_RECLAIM phase=EXITING exitType=TRAIL price=51900.0000 qty=193 reason=TRAIL_VWAP_RECLAIM pnl=0.58% peakPnl=1.74% holdMs=2520000 high=52500.0000 avgPrice=51600.0000 weightedPnl=0.58% (pending fill)
2026-06-12 15:27:17 INFO  SELL_FILLED_PNL 403870 reason=TRAIL_VWAP_RECLAIM filledQty=193/193 fillRatio=1.00 weightedPnl=0.58% dailyPnl=0.58%
2026-06-12 15:27:17 INFO  SELL_FILLED 403870 reason=TRAIL_VWAP_RECLAIM remainingQty=0 phase=NONE exitType=TRAIL
2026-06-12 15:27:17 INFO  BUY [KRX] 403870 mode=VWAP_RECLAIM price=50300.0000 qty=198 size=1.0000x score=70[D] | WHY: dayChg=8.06% vrScore=89 aboveBars=11 hadBelow=true vol/vol5=2.47x | VWAP: 1.63%(ABOVE slope=UP) allowedGap=3.00% | TREND: score=3 vel=0.90%/1.62%/1.11% accel=false | VOL: 62835.0000/23002.8000 TO: 3160600500.0000/1145839630.0000 | HIGH: 50500.0000 fromHigh=-0.40% | VR: score=89 aboveBars=11 hadBelow=true vol/vol5=2.47x | entryNo=1
2026-06-12 15:27:17 INFO  BUY_FILLED 403870 phase=HOLDING
2026-06-12 15:27:17 INFO  SELL_EXECUTED [KRX] 403870 mode=VWAP_RECLAIM phase=EXITING exitType=PROFIT price=51600.0000 qty=198 reason=TAKE_PROFIT_VWAP_RECLAIM pnl=2.58% peakPnl=2.58% holdMs=1680000 high=51600.0000 avgPrice=50300.0000 weightedPnl=2.57% (pending fill)
2026-06-12 15:27:17 INFO  SELL_FILLED_PNL 403870 reason=TAKE_PROFIT_VWAP_RECLAIM filledQty=198/198 fillRatio=1.00 weightedPnl=2.57% dailyPnl=2.57%
2026-06-12 15:27:17 INFO  SELL_FILLED 403870 reason=TAKE_PROFIT_VWAP_RECLAIM remainingQty=0 phase=NONE exitType=PROFIT
2026-06-12 15:27:17 INFO  BUY [KRX] 403870 mode=VWAP_RECLAIM price=52700.0000 qty=189 size=1.0000x score=28[D] | WHY: dayChg=1.54% vrScore=85 aboveBars=12 hadBelow=true vol/vol5=1.88x | VWAP: 2.06%(ABOVE slope=UP) allowedGap=3.00% | TREND: score=3 vel=1.15%/1.15%/1.93% accel=false | VOL: 65022.0000/18857.1000 TO: 3426659400.0000/978564950.0000 | HIGH: 53000.0000 fromHigh=-0.57% | VR: score=85 aboveBars=12 hadBelow=true vol/vol5=1.88x | entryNo=1
2026-06-12 15:27:17 INFO  BUY_FILLED 403870 phase=HOLDING
2026-06-12 15:27:17 INFO  SELL_EXECUTED [KRX] 403870 mode=VWAP_RECLAIM phase=EXITING exitType=PROFIT price=53800.0000 qty=189 reason=TAKE_PROFIT_VWAP_RECLAIM pnl=2.09% peakPnl=2.09% holdMs=420000 high=53800.0000 avgPrice=52700.0000 weightedPnl=2.08% (pending fill)
2026-06-12 15:27:17 INFO  SELL_FILLED_PNL 403870 reason=TAKE_PROFIT_VWAP_RECLAIM filledQty=189/189 fillRatio=1.00 weightedPnl=2.08% dailyPnl=2.08%
2026-06-12 15:27:17 INFO  SELL_FILLED 403870 reason=TAKE_PROFIT_VWAP_RECLAIM remainingQty=0 phase=NONE exitType=PROFIT
2026-06-12 15:27:17 INFO  BUY [KRX] 403870 mode=VWAP_RECLAIM price=65500.0000 qty=152 size=1.0000x score=45[D] | WHY: dayChg=14.31% vrScore=87 aboveBars=10 hadBelow=true vol/vol5=2.08x | VWAP: 4.63%(ABOVE slope=UP) allowedGap=3.00% | TREND: score=3 vel=2.02%/1.55%/2.50% accel=true | VOL: 317857.0000/96797.5500 TO: 20819633500.0000/6172230620.0000 | HIGH: 65500.0000 fromHigh=0.00% | VR: score=87 aboveBars=10 hadBelow=true vol/vol5=2.08x | entryNo=1
2026-06-12 15:27:17 INFO  BUY_FILLED 403870 phase=HOLDING
2026-06-12 15:27:17 INFO  SELL_EXECUTED [KRX] 403870 mode=VWAP_RECLAIM phase=EXITING exitType=STOPLOSS price=64400.0000 qty=152 reason=STOP_LOSS_VWAP_RECLAIM pnl=-1.68% peakPnl=-0.76% holdMs=120000 high=65000.0000 avgPrice=65500.0000 weightedPnl=-1.67% (pending fill)
2026-06-12 15:27:17 INFO  SELL_FILLED_PNL 403870 reason=STOP_LOSS_VWAP_RECLAIM filledQty=152/152 fillRatio=1.00 weightedPnl=-1.67% dailyPnl=-1.67%
2026-06-12 15:27:17 INFO  SELL_FILLED 403870 reason=STOP_LOSS_VWAP_RECLAIM remainingQty=0 phase=NONE exitType=STOPLOSS
2026-06-12 15:27:17 INFO  BUY amount set for 066570: 10000000.00
2026-06-12 15:27:17 INFO  BUY [KRX] 066570 mode=VWAP_RECLAIM price=116000.0000 qty=86 size=1.0000x score=75[C] | WHY: dayChg=2.66% vrScore=85 aboveBars=10 hadBelow=true vol/vol5=2.33x | VWAP: 1.34%(ABOVE slope=UP) allowedGap=3.00% | TREND: score=3 vel=0.52%/0.96%/1.13% accel=false | VOL: 18905.0000/4068.1500 TO: 2191089500.0000/467465550.0000 | HIGH: 116000.0000 fromHigh=-0.09% | VR: score=85 aboveBars=10 hadBelow=true vol/vol5=2.33x | entryNo=1
2026-06-12 15:27:17 INFO  BUY_FILLED 066570 phase=HOLDING
2026-06-12 15:27:17 INFO  SELL_EXECUTED [KRX] 066570 mode=VWAP_RECLAIM phase=EXITING exitType=VWAP_BREAK price=114400.0000 qty=86 reason=VWAP_BREAK pnl=-1.29% peakPnl=0.60% holdMs=1440000 high=116600.0000 avgPrice=115900.0000 weightedPnl=-1.29% (pending fill)
2026-06-12 15:27:17 INFO  SELL_FILLED_PNL 066570 reason=VWAP_BREAK filledQty=86/86 fillRatio=1.00 weightedPnl=-1.29% dailyPnl=-1.29%
2026-06-12 15:27:17 INFO  SELL_FILLED 066570 reason=VWAP_BREAK remainingQty=0 phase=NONE exitType=VWAP_BREAK
2026-06-12 15:27:17 INFO  BUY [KRX] 066570 mode=BREAKOUT price=110000.0000 qty=90 size=1.0000x score=78[C] | WHY: strongBreakout volBreakout retestOK multiUp vol(6.31x) | VWAP: 0.60%(ABOVE slope=UP) allowedGap=2.20% | TREND: score=3 vel=0.46%/0.36%/0.55% accel=true | VOL: 5558.0000/880.9500 TO: 612491600.0000/96774505.0000 | HIGH: 110400.0000 fromHigh=-0.18% | entryNo=1
2026-06-12 15:27:17 INFO  BUY_FILLED 066570 phase=HOLDING
2026-06-12 15:27:17 INFO  SELL [EOD_FORCE_SELL] 066570 pnl=1.63% time=15:30
2026-06-12 15:27:17 INFO  SELL_EXECUTED [KRX] 066570 mode=BREAKOUT phase=EXITING exitType=TIMESTOP price=112000.0000 qty=90 reason=EOD_FORCE_SELL pnl=1.63% peakPnl=1.81% holdMs=10500000 high=112200.0000 avgPrice=110200.0000 weightedPnl=1.62% (pending fill)
2026-06-12 15:27:17 INFO  SELL_FILLED_PNL 066570 reason=EOD_FORCE_SELL filledQty=90/90 fillRatio=1.00 weightedPnl=1.62% dailyPnl=1.62%
2026-06-12 15:27:17 INFO  SELL_FILLED 066570 reason=EOD_FORCE_SELL remainingQty=0 phase=NONE exitType=TIMESTOP
2026-06-12 15:27:17 INFO  BUY [KRX] 066570 mode=BREAKOUT price=113000.0000 qty=88 size=1.0000x score=85[A](CONV) | WHY: strongBreakout volBreakout retestOK multiUp vol(8.91x) | VWAP: 0.37%(ABOVE slope=UP) allowedGap=2.20% | TREND: score=3 vel=0.31%/0.22%/0.31% accel=true | VOL: 18464.0000/2072.4000 TO: 2081816000.0000/233439595.0000 | HIGH: 112900.0000 fromHigh=-0.13% | entryNo=1
2026-06-12 15:27:17 INFO  BUY_FILLED 066570 phase=HOLDING
2026-06-12 15:27:17 INFO  SELL [EOD_FORCE_SELL] 066570 pnl=-0.22% time=15:30
2026-06-12 15:27:17 INFO  SELL_EXECUTED [KRX] 066570 mode=BREAKOUT phase=EXITING exitType=TIMESTOP price=112500.0000 qty=88 reason=EOD_FORCE_SELL pnl=-0.22% peakPnl=0.31% holdMs=4740000 high=113100.0000 avgPrice=112750.0000 weightedPnl=-0.22% (pending fill)
2026-06-12 15:27:17 INFO  SELL_FILLED_PNL 066570 reason=EOD_FORCE_SELL filledQty=88/88 fillRatio=1.00 weightedPnl=-0.22% dailyPnl=-0.22%
2026-06-12 15:27:17 INFO  SELL_FILLED 066570 reason=EOD_FORCE_SELL remainingQty=0 phase=NONE exitType=TIMESTOP
2026-06-12 15:27:17 INFO  BUY [KRX] 066570 mode=BREAKOUT price=114000.0000 qty=87 size=1.0000x score=80[B] | WHY: strongBreakout volBreakout retestOK multiUp vol(4.41x) | VWAP: 1.31%(ABOVE slope=UP) allowedGap=2.20% | TREND: score=3 vel=0.88%/0.79%/1.06% accel=true | VOL: 15280.0000/3461.1500 TO: 1744976000.0000/392194697.5000 | HIGH: 114400.0000 fromHigh=-0.17% | entryNo=1
2026-06-12 15:27:17 INFO  BUY_FILLED 066570 phase=HOLDING
2026-06-12 15:27:17 INFO  SELL_EXECUTED [KRX] 066570 mode=BREAKOUT phase=EXITING exitType=VWAP_BREAK price=112300.0000 qty=87 reason=VWAP_BREAK pnl=-1.66% peakPnl=0.00% holdMs=1560000 high=114200.0000 avgPrice=114200.0000 weightedPnl=-1.65% (pending fill)
2026-06-12 15:27:17 INFO  SELL_FILLED_PNL 066570 reason=VWAP_BREAK filledQty=87/87 fillRatio=1.00 weightedPnl=-1.65% dailyPnl=-1.65%
2026-06-12 15:27:17 INFO  SELL_FILLED 066570 reason=VWAP_BREAK remainingQty=0 phase=NONE exitType=VWAP_BREAK
2026-06-12 15:27:17 INFO  BUY [KRX] 066570 mode=VWAP_RECLAIM price=119500.0000 qty=83 size=1.0000x score=85[A](CONV) | WHY: dayChg=0.93% vrScore=83 aboveBars=12 hadBelow=true vol/vol5=2.14x | VWAP: 0.86%(ABOVE slope=UP) allowedGap=3.00% | TREND: score=3 vel=0.68%/0.85%/1.02% accel=false | VOL: 15066.0000/3583.2000 TO: 1797373800.0000/424483660.0000 | HIGH: 119300.0000 fromHigh=0.00% | VR: score=83 aboveBars=12 hadBelow=true vol/vol5=2.14x | entryNo=1
2026-06-12 15:27:17 INFO  BUY_FILLED 066570 phase=HOLDING
2026-06-12 15:27:17 INFO  SELL [TRAIL_VWAP_RECLAIM] 066570 pnl=0.50% peakPnl=1.68% high=121300.0000 current=119900.0000
2026-06-12 15:27:17 INFO  SELL_EXECUTED [KRX] 066570 mode=VWAP_RECLAIM phase=EXITING exitType=TRAIL price=119900.0000 qty=83 reason=TRAIL_VWAP_RECLAIM pnl=0.50% peakPnl=1.68% holdMs=4080000 high=121300.0000 avgPrice=119300.0000 weightedPnl=0.50% (pending fill)
2026-06-12 15:27:17 INFO  SELL_FILLED_PNL 066570 reason=TRAIL_VWAP_RECLAIM filledQty=83/83 fillRatio=1.00 weightedPnl=0.50% dailyPnl=0.50%
2026-06-12 15:27:17 INFO  SELL_FILLED 066570 reason=TRAIL_VWAP_RECLAIM remainingQty=0 phase=NONE exitType=TRAIL
2026-06-12 15:27:17 INFO  BUY [KRX] 066570 mode=BREAKOUT price=121000.0000 qty=82 size=1.0000x score=85[A](CONV) | WHY: strongBreakout volBreakout retestOK multiUp vol(4.49x) | VWAP: 0.49%(ABOVE slope=UP) allowedGap=2.20% | TREND: score=3 vel=0.42%/0.33%/0.33% accel=true | VOL: 7512.0000/1671.5500 TO: 908200800.0000/201650180.0000 | HIGH: 120900.0000 fromHigh=0.00% | entryNo=2
2026-06-12 15:27:17 INFO  BUY_FILLED 066570 phase=HOLDING
2026-06-12 15:27:17 INFO  SELL_EXECUTED [KRX] 066570 mode=BREAKOUT phase=EXITING exitType=VWAP_BREAK price=119750.0000 qty=82 reason=VWAP_BREAK pnl=-0.95% peakPnl=-0.08% holdMs=4920000 high=120800.0000 avgPrice=120900.0000 weightedPnl=-0.94% (pending fill)
2026-06-12 15:27:17 INFO  SELL_FILLED_PNL 066570 reason=VWAP_BREAK filledQty=82/82 fillRatio=1.00 weightedPnl=-0.94% dailyPnl=-0.44%
2026-06-12 15:27:17 INFO  SELL_FILLED 066570 reason=VWAP_BREAK remainingQty=0 phase=NONE exitType=VWAP_BREAK
2026-06-12 15:27:17 INFO  BUY [KRX] 066570 mode=BREAKOUT price=124000.0000 qty=80 size=1.0000x score=85[A](CONV) | WHY: strongBreakout volBreakout retestOK multiUp vol(2.57x) | VWAP: 0.72%(ABOVE slope=UP) allowedGap=2.20% | TREND: score=3 vel=0.40%/0.32%/0.49% accel=true | VOL: 8865.0000/3453.0500 TO: 1101033000.0000/426036530.0000 | HIGH: 124200.0000 fromHigh=0.00% | entryNo=1
2026-06-12 15:27:17 INFO  BUY_FILLED 066570 phase=HOLDING
2026-06-12 15:27:17 INFO  SELL [EOD_FORCE_SELL] 066570 pnl=1.45% time=15:30
2026-06-12 15:27:17 INFO  SELL_EXECUTED [KRX] 066570 mode=BREAKOUT phase=EXITING exitType=TIMESTOP price=126000.0000 qty=80 reason=EOD_FORCE_SELL pnl=1.45% peakPnl=2.25% holdMs=20940000 high=127000.0000 avgPrice=124200.0000 weightedPnl=1.44% (pending fill)
2026-06-12 15:27:17 INFO  SELL_FILLED_PNL 066570 reason=EOD_FORCE_SELL filledQty=80/80 fillRatio=1.00 weightedPnl=1.44% dailyPnl=1.44%
2026-06-12 15:27:17 INFO  SELL_FILLED 066570 reason=EOD_FORCE_SELL remainingQty=0 phase=NONE exitType=TIMESTOP
2026-06-12 15:27:18 INFO  BUY [KRX] 066570 mode=VWAP_RECLAIM price=151000.0000 qty=66 size=1.0000x score=65[D] | WHY: dayChg=1.89% vrScore=89 aboveBars=12 hadBelow=true vol/vol5=2.47x | VWAP: 1.95%(ABOVE slope=UP) allowedGap=3.00% | TREND: score=3 vel=1.82%/1.69%/1.69% accel=true | VOL: 27613.0000/5277.9500 TO: 4164040400.0000/786269850.0000 | HIGH: 151300.0000 fromHigh=-0.33% | VR: score=89 aboveBars=12 hadBelow=true vol/vol5=2.47x | entryNo=1
2026-06-12 15:27:18 INFO  BUY_FILLED 066570 phase=HOLDING
2026-06-12 15:27:18 INFO  SELL_EXECUTED [KRX] 066570 mode=VWAP_RECLAIM phase=EXITING exitType=PROFIT price=154500.0000 qty=66 reason=TAKE_PROFIT_VWAP_RECLAIM pnl=2.32% peakPnl=2.32% holdMs=2100000 high=154300.0000 avgPrice=150800.0000 weightedPnl=2.31% (pending fill)
2026-06-12 15:27:18 INFO  SELL_FILLED_PNL 066570 reason=TAKE_PROFIT_VWAP_RECLAIM filledQty=66/66 fillRatio=1.00 weightedPnl=2.31% dailyPnl=2.31%
2026-06-12 15:27:18 INFO  SELL_FILLED 066570 reason=TAKE_PROFIT_VWAP_RECLAIM remainingQty=0 phase=NONE exitType=PROFIT
2026-06-12 15:27:18 INFO  BUY [KRX] 066570 mode=BREAKOUT price=157500.0000 qty=63 size=1.0000x score=85[A](CONV) | WHY: strongBreakout volBreakout retestOK multiUp vol(2.56x) | VWAP: 1.18%(ABOVE slope=UP) allowedGap=2.20% | TREND: score=3 vel=0.83%/0.70%/1.35% accel=true | VOL: 13101.0000/5109.0500 TO: 2063407500.0000/799874625.0000 | HIGH: 157500.0000 fromHigh=0.00% | entryNo=1
2026-06-12 15:27:18 INFO  BUY_FILLED 066570 phase=HOLDING
2026-06-12 15:27:18 INFO  SELL [EOD_FORCE_SELL] 066570 pnl=-0.51% time=15:30
2026-06-12 15:27:18 INFO  SELL_EXECUTED [KRX] 066570 mode=BREAKOUT phase=EXITING exitType=TIMESTOP price=156700.0000 qty=63 reason=EOD_FORCE_SELL pnl=-0.51% peakPnl=0.57% holdMs=6900000 high=158400.0000 avgPrice=157500.0000 weightedPnl=-0.50% (pending fill)
2026-06-12 15:27:18 INFO  SELL_FILLED_PNL 066570 reason=EOD_FORCE_SELL filledQty=63/63 fillRatio=1.00 weightedPnl=-0.50% dailyPnl=-0.50%
2026-06-12 15:27:18 INFO  SELL_FILLED 066570 reason=EOD_FORCE_SELL remainingQty=0 phase=NONE exitType=TIMESTOP
2026-06-12 15:27:18 INFO  BUY [KRX] 066570 mode=VWAP_RECLAIM price=191500.0000 qty=52 size=1.0000x score=65[D] | WHY: dayChg=-0.67% vrScore=89 aboveBars=12 hadBelow=true vol/vol5=2.54x | VWAP: 1.80%(ABOVE slope=UP) allowedGap=3.00% | TREND: score=3 vel=0.95%/1.27%/1.27% accel=false | VOL: 57764.0000/16940.1500 TO: 11061806000.0000/3197039815.0000 | HIGH: 191500.0000 fromHigh=0.00% | VR: score=89 aboveBars=12 hadBelow=true vol/vol5=2.54x | entryNo=1
2026-06-12 15:27:18 INFO  BUY_FILLED 066570 phase=HOLDING
2026-06-12 15:27:18 INFO  SELL_EXECUTED [KRX] 066570 mode=VWAP_RECLAIM phase=EXITING exitType=STOPLOSS price=188600.0000 qty=52 reason=STOP_LOSS_VWAP_RECLAIM pnl=-1.51% peakPnl=1.10% holdMs=2700000 high=193600.0000 avgPrice=191500.0000 weightedPnl=-1.51% (pending fill)
2026-06-12 15:27:18 INFO  SELL_FILLED_PNL 066570 reason=STOP_LOSS_VWAP_RECLAIM filledQty=52/52 fillRatio=1.00 weightedPnl=-1.51% dailyPnl=-1.51%
2026-06-12 15:27:18 INFO  SELL_FILLED 066570 reason=STOP_LOSS_VWAP_RECLAIM remainingQty=0 phase=NONE exitType=STOPLOSS
2026-06-12 15:27:18 INFO  BUY [KRX] 066570 mode=VWAP_RECLAIM price=216500.0000 qty=46 size=1.0000x score=40[D] | WHY: dayChg=7.18% vrScore=85 aboveBars=9 hadBelow=true vol/vol5=2.13x | VWAP: 3.56%(ABOVE slope=UP) allowedGap=3.00% | TREND: score=3 vel=1.64%/2.12%/1.41% accel=false | VOL: 115873.0000/47992.9500 TO: 25086504500.0000/10093081200.0000 | HIGH: 217500.0000 fromHigh=-0.46% | VR: score=85 aboveBars=9 hadBelow=true vol/vol5=2.13x | entryNo=1
2026-06-12 15:27:18 INFO  BUY_FILLED 066570 phase=HOLDING
2026-06-12 15:27:18 INFO  SELL_EXECUTED [KRX] 066570 mode=VWAP_RECLAIM phase=EXITING exitType=STOPLOSS price=211500.0000 qty=46 reason=STOP_LOSS_VWAP_RECLAIM pnl=-2.31% peakPnl=0.69% holdMs=540000 high=218000.0000 avgPrice=216500.0000 weightedPnl=-2.30% (pending fill)
2026-06-12 15:27:18 INFO  SELL_FILLED_PNL 066570 reason=STOP_LOSS_VWAP_RECLAIM filledQty=46/46 fillRatio=1.00 weightedPnl=-2.30% dailyPnl=-2.30%
2026-06-12 15:27:18 INFO  SELL_FILLED 066570 reason=STOP_LOSS_VWAP_RECLAIM remainingQty=0 phase=NONE exitType=STOPLOSS
2026-06-12 15:27:18 INFO  BUY [KRX] 066570 mode=VWAP_RECLAIM price=233000.0000 qty=42 size=1.0000x score=75[C] | WHY: dayChg=21.16% vrScore=83 aboveBars=6 hadBelow=true vol/vol5=3.20x | VWAP: 1.57%(ABOVE slope=UP) allowedGap=3.00% | TREND: score=3 vel=1.30%/1.30%/1.53% accel=false | VOL: 49728.0000/8310.3000 TO: 11586624000.0000/1918110850.0000 | HIGH: 233000.0000 fromHigh=0.00% | VR: score=83 aboveBars=6 hadBelow=true vol/vol5=3.20x | entryNo=1
2026-06-12 15:27:18 INFO  BUY_FILLED 066570 phase=HOLDING
2026-06-12 15:27:18 INFO  SELL [EOD_FORCE_SELL] 066570 pnl=0.86% time=15:30
2026-06-12 15:27:18 INFO  SELL_EXECUTED [KRX] 066570 mode=VWAP_RECLAIM phase=EXITING exitType=TIMESTOP price=235000.0000 qty=42 reason=EOD_FORCE_SELL pnl=0.86% peakPnl=0.86% holdMs=5460000 high=235000.0000 avgPrice=233000.0000 weightedPnl=0.84% (pending fill)
2026-06-12 15:27:18 INFO  SELL_FILLED_PNL 066570 reason=EOD_FORCE_SELL filledQty=42/42 fillRatio=1.00 weightedPnl=0.84% dailyPnl=0.84%
2026-06-12 15:27:18 INFO  SELL_FILLED 066570 reason=EOD_FORCE_SELL remainingQty=0 phase=NONE exitType=TIMESTOP
2026-06-12 15:27:18 INFO  BUY [KRX] 066570 mode=VWAP_RECLAIM price=241500.0000 qty=41 size=1.0000x score=85[A](CONV) | WHY: dayChg=0.21% vrScore=85 aboveBars=8 hadBelow=true vol/vol5=3.33x | VWAP: 1.12%(ABOVE slope=UP) allowedGap=3.00% | TREND: score=3 vel=0.52%/0.42%/0.42% accel=true | VOL: 22563.0000/4741.5000 TO: 5448964500.0000/1137264775.0000 | HIGH: 241500.0000 fromHigh=0.00% | VR: score=85 aboveBars=8 hadBelow=true vol/vol5=3.33x | entryNo=1
2026-06-12 15:27:18 INFO  BUY_FILLED 066570 phase=HOLDING
2026-06-12 15:27:18 INFO  SELL [TRAIL_VWAP_RECLAIM] 066570 pnl=0.83% peakPnl=1.86% high=246000.0000 current=243500.0000
2026-06-12 15:27:18 INFO  SELL_EXECUTED [KRX] 066570 mode=VWAP_RECLAIM phase=EXITING exitType=TRAIL price=243500.0000 qty=41 reason=TRAIL_VWAP_RECLAIM pnl=0.83% peakPnl=1.86% holdMs=3180000 high=246000.0000 avgPrice=241500.0000 weightedPnl=0.82% (pending fill)
2026-06-12 15:27:18 INFO  SELL_FILLED_PNL 066570 reason=TRAIL_VWAP_RECLAIM filledQty=41/41 fillRatio=1.00 weightedPnl=0.82% dailyPnl=0.82%
2026-06-12 15:27:18 INFO  SELL_FILLED 066570 reason=TRAIL_VWAP_RECLAIM remainingQty=0 phase=NONE exitType=TRAIL
2026-06-12 15:27:18 INFO  BUY [KRX] 066570 mode=VWAP_RECLAIM price=311000.0000 qty=32 size=1.0000x score=65[D] | WHY: dayChg=-2.81% vrScore=87 aboveBars=9 hadBelow=true vol/vol5=2.53x | VWAP: 1.98%(ABOVE slope=UP) allowedGap=3.00% | TREND: score=3 vel=1.47%/1.47%/1.80% accel=false | VOL: 37454.0000/10067.8500 TO: 11648194000.0000/3088573975.0000 | HIGH: 311000.0000 fromHigh=0.00% | VR: score=87 aboveBars=9 hadBelow=true vol/vol5=2.53x | entryNo=1
2026-06-12 15:27:18 INFO  BUY_FILLED 066570 phase=HOLDING
2026-06-12 15:27:18 INFO  SELL [TRAIL_VWAP_RECLAIM] 066570 pnl=0.48% peakPnl=1.61% high=316000.0000 current=312500.0000
2026-06-12 15:27:18 INFO  SELL_EXECUTED [KRX] 066570 mode=VWAP_RECLAIM phase=EXITING exitType=TRAIL price=312500.0000 qty=32 reason=TRAIL_VWAP_RECLAIM pnl=0.48% peakPnl=1.61% holdMs=3060000 high=316000.0000 avgPrice=311000.0000 weightedPnl=0.48% (pending fill)
2026-06-12 15:27:18 INFO  SELL_FILLED_PNL 066570 reason=TRAIL_VWAP_RECLAIM filledQty=32/32 fillRatio=1.00 weightedPnl=0.48% dailyPnl=0.48%
2026-06-12 15:27:18 INFO  SELL_FILLED 066570 reason=TRAIL_VWAP_RECLAIM remainingQty=0 phase=NONE exitType=TRAIL
2026-06-12 15:27:18 INFO  BUY [KRX] 066570 mode=VWAP_RECLAIM price=242500.0000 qty=41 size=1.0000x score=54[D] | WHY: dayChg=2.54% vrScore=87 aboveBars=12 hadBelow=true vol/vol5=2.08x | VWAP: 1.61%(ABOVE slope=UP) allowedGap=3.00% | TREND: score=3 vel=0.62%/1.25%/0.62% accel=false | VOL: 20867.0000/13670.1500 TO: 5060247500.0000/3289596250.0000 | HIGH: 243250.0000 fromHigh=-0.31% | VR: score=87 aboveBars=12 hadBelow=true vol/vol5=2.08x | entryNo=1
2026-06-12 15:27:18 INFO  BUY_FILLED 066570 phase=HOLDING
2026-06-12 15:27:18 INFO  SELL_EXECUTED [KRX] 066570 mode=VWAP_RECLAIM phase=EXITING exitType=PROFIT price=247500.0000 qty=41 reason=TAKE_PROFIT_VWAP_RECLAIM pnl=2.06% peakPnl=2.06% holdMs=180000 high=247500.0000 avgPrice=242500.0000 weightedPnl=2.05% (pending fill)
2026-06-12 15:27:18 INFO  SELL_FILLED_PNL 066570 reason=TAKE_PROFIT_VWAP_RECLAIM filledQty=41/41 fillRatio=1.00 weightedPnl=2.05% dailyPnl=2.05%
2026-06-12 15:27:18 INFO  SELL_FILLED 066570 reason=TAKE_PROFIT_VWAP_RECLAIM remainingQty=0 phase=NONE exitType=PROFIT
2026-06-12 15:27:18 INFO  BUY amount set for 012330: 10000000.00
2026-06-12 15:27:18 INFO  BUY [KRX] 012330 mode=BREAKOUT price=418500.0000 qty=23 size=1.0000x score=85[A](CONV) | WHY: strongBreakout volBreakout retestOK multiUp vol(2.65x) | VWAP: 0.84%(ABOVE slope=UP) allowedGap=2.20% | TREND: score=3 vel=0.60%/0.48%/0.36% accel=true | VOL: 1756.0000/663.0000 TO: 734886000.0000/275900025.0000 | HIGH: 419000.0000 fromHigh=-0.12% | entryNo=1
2026-06-12 15:27:18 INFO  BUY_FILLED 012330 phase=HOLDING
2026-06-12 15:27:18 INFO  SELL_EXECUTED [KRX] 012330 mode=BREAKOUT phase=EXITING exitType=VWAP_BREAK price=412500.0000 qty=23 reason=VWAP_BREAK pnl=-1.43% peakPnl=-0.48% holdMs=1320000 high=416500.0000 avgPrice=418500.0000 weightedPnl=-1.38% (pending fill)
2026-06-12 15:27:18 INFO  SELL_FILLED_PNL 012330 reason=VWAP_BREAK filledQty=23/23 fillRatio=1.00 weightedPnl=-1.38% dailyPnl=-1.38%
2026-06-12 15:27:18 INFO  SELL_FILLED 012330 reason=VWAP_BREAK remainingQty=0 phase=NONE exitType=VWAP_BREAK
2026-06-12 15:27:18 INFO  BUY [KRX] 012330 mode=VWAP_RECLAIM price=412500.0000 qty=24 size=1.0000x score=72[D] | WHY: dayChg=1.10% vrScore=87 aboveBars=10 hadBelow=true vol/vol5=2.17x | VWAP: 1.17%(ABOVE slope=UP) allowedGap=3.00% | TREND: score=3 vel=0.61%/0.98%/1.35% accel=false | VOL: 1944.0000/1097.7222 TO: 801900000.0000/447587138.8889 | HIGH: 412500.0000 fromHigh=0.00% | VR: score=87 aboveBars=10 hadBelow=true vol/vol5=2.17x | entryNo=1
2026-06-12 15:27:18 INFO  BUY_FILLED 012330 phase=HOLDING
2026-06-12 15:27:18 INFO  SELL_EXECUTED [KRX] 012330 mode=VWAP_RECLAIM phase=EXITING exitType=VWAP_BREAK price=408500.0000 qty=24 reason=VWAP_BREAK pnl=-0.97% peakPnl=0.48% holdMs=2400000 high=414500.0000 avgPrice=412500.0000 weightedPnl=-0.96% (pending fill)
2026-06-12 15:27:18 INFO  SELL_FILLED_PNL 012330 reason=VWAP_BREAK filledQty=24/24 fillRatio=1.00 weightedPnl=-0.96% dailyPnl=-0.96%
2026-06-12 15:27:18 INFO  SELL_FILLED 012330 reason=VWAP_BREAK remainingQty=0 phase=NONE exitType=VWAP_BREAK
2026-06-12 15:27:19 INFO  BUY [KRX] 012330 mode=VWAP_RECLAIM price=461500.0000 qty=21 size=1.0000x score=75[C] | WHY: dayChg=0.65% vrScore=86 aboveBars=11 hadBelow=true vol/vol5=1.93x | VWAP: 1.61%(ABOVE slope=UP) allowedGap=3.00% | TREND: score=3 vel=0.87%/0.65%/1.54% accel=true | VOL: 7307.0000/1899.1000 TO: 3372180500.0000/865136575.0000 | HIGH: 461500.0000 fromHigh=0.00% | VR: score=86 aboveBars=11 hadBelow=true vol/vol5=1.93x | entryNo=1
2026-06-12 15:27:19 INFO  BUY_FILLED 012330 phase=HOLDING
2026-06-12 15:27:19 INFO  SELL_EXECUTED [KRX] 012330 mode=VWAP_RECLAIM phase=EXITING exitType=PROFIT price=473000.0000 qty=21 reason=TAKE_PROFIT_VWAP_RECLAIM pnl=2.49% peakPnl=2.49% holdMs=720000 high=473000.0000 avgPrice=461500.0000 weightedPnl=2.41% (pending fill)
2026-06-12 15:27:19 INFO  SELL_FILLED_PNL 012330 reason=TAKE_PROFIT_VWAP_RECLAIM filledQty=21/21 fillRatio=1.00 weightedPnl=2.41% dailyPnl=2.41%
2026-06-12 15:27:19 INFO  SELL_FILLED 012330 reason=TAKE_PROFIT_VWAP_RECLAIM remainingQty=0 phase=NONE exitType=PROFIT
2026-06-12 15:27:19 INFO  BUY [KRX] 012330 mode=VWAP_RECLAIM price=649000.0000 qty=15 size=1.0000x score=85[A](CONV) | WHY: dayChg=15.07% vrScore=89 aboveBars=10 hadBelow=true vol/vol5=2.67x | VWAP: 0.98%(ABOVE slope=UP) allowedGap=3.00% | TREND: score=3 vel=0.62%/0.93%/0.93% accel=false | VOL: 7738.0000/2291.6500 TO: 5021962000.0000/1476392600.0000 | HIGH: 650000.0000 fromHigh=-0.15% | VR: score=89 aboveBars=10 hadBelow=true vol/vol5=2.67x | entryNo=1
2026-06-12 15:27:19 INFO  BUY_FILLED 012330 phase=HOLDING
2026-06-12 15:27:19 INFO  SELL [EOD_FORCE_SELL] 012330 pnl=0.00% time=15:30
2026-06-12 15:27:19 INFO  SELL_EXECUTED [KRX] 012330 mode=VWAP_RECLAIM phase=EXITING exitType=TIMESTOP price=649000.0000 qty=15 reason=EOD_FORCE_SELL pnl=0.00% peakPnl=0.31% holdMs=3240000 high=651000.0000 avgPrice=649000.0000 weightedPnl=0.00% (pending fill)
2026-06-12 15:27:19 INFO  SELL_FILLED 012330 reason=EOD_FORCE_SELL remainingQty=0 phase=NONE exitType=TIMESTOP
2026-06-12 15:27:19 INFO  BUY [KRX] 012330 mode=VWAP_RECLAIM price=673000.0000 qty=14 size=1.0000x score=45[D] | WHY: dayChg=1.82% vrScore=88 aboveBars=9 hadBelow=true vol/vol5=2.67x | VWAP: 2.30%(ABOVE slope=UP) allowedGap=3.00% | TREND: score=3 vel=1.97%/2.12%/1.97% accel=false | VOL: 13791.0000/3093.8000 TO: 9281343000.0000/2042641850.0000 | HIGH: 673000.0000 fromHigh=0.00% | VR: score=88 aboveBars=9 hadBelow=true vol/vol5=2.67x | entryNo=1
2026-06-12 15:27:19 INFO  BUY_FILLED 012330 phase=HOLDING
2026-06-12 15:27:19 INFO  SELL [TRAIL_VWAP_RECLAIM] 012330 pnl=0.00% peakPnl=1.63% high=684000.0000 current=673000.0000
2026-06-12 15:27:19 INFO  SELL_EXECUTED [KRX] 012330 mode=VWAP_RECLAIM phase=EXITING exitType=TRAIL price=673000.0000 qty=14 reason=TRAIL_VWAP_RECLAIM pnl=0.00% peakPnl=1.63% holdMs=120000 high=684000.0000 avgPrice=673000.0000 weightedPnl=0.00% (pending fill)
2026-06-12 15:27:19 INFO  SELL_FILLED 012330 reason=TRAIL_VWAP_RECLAIM remainingQty=0 phase=NONE exitType=TRAIL
2026-06-12 15:27:19 INFO  BUY [KRX] 012330 mode=VWAP_RECLAIM price=769000.0000 qty=13 size=1.0000x score=45[D] | WHY: dayChg=8.01% vrScore=86 aboveBars=10 hadBelow=true vol/vol5=1.91x | VWAP: 4.98%(ABOVE slope=UP) allowedGap=3.00% | TREND: score=3 vel=2.67%/2.67%/3.36% accel=false | VOL: 28553.0000/9101.0000 TO: 21957257000.0000/6749220450.0000 | HIGH: 769000.0000 fromHigh=0.00% | VR: score=86 aboveBars=10 hadBelow=true vol/vol5=1.91x | entryNo=1
2026-06-12 15:27:19 INFO  BUY_FILLED 012330 phase=HOLDING
2026-06-12 15:27:19 INFO  SELL_EXECUTED [KRX] 012330 mode=VWAP_RECLAIM phase=EXITING exitType=STOPLOSS price=753000.0000 qty=13 reason=STOP_LOSS_VWAP_RECLAIM pnl=-2.08% peakPnl=0.52% holdMs=480000 high=773000.0000 avgPrice=769000.0000 weightedPnl=-2.08% (pending fill)
2026-06-12 15:27:19 INFO  SELL_FILLED_PNL 012330 reason=STOP_LOSS_VWAP_RECLAIM filledQty=13/13 fillRatio=1.00 weightedPnl=-2.08% dailyPnl=-2.08%
2026-06-12 15:27:19 INFO  SELL_FILLED 012330 reason=STOP_LOSS_VWAP_RECLAIM remainingQty=0 phase=NONE exitType=STOPLOSS
2026-06-12 15:27:19 INFO  BUY [KRX] 012330 mode=VWAP_RECLAIM price=753000.0000 qty=13 size=1.0000x score=75[C] | WHY: dayChg=5.76% vrScore=89 aboveBars=10 hadBelow=true vol/vol5=2.46x | VWAP: 1.09%(ABOVE slope=DN) allowedGap=3.00% | TREND: score=3 vel=0.67%/0.53%/0.80% accel=true | VOL: 8619.0000/2637.9500 TO: 6490107000.0000/1968336525.0000 | HIGH: 754000.0000 fromHigh=-0.13% | VR: score=89 aboveBars=10 hadBelow=true vol/vol5=2.46x | entryNo=2
2026-06-12 15:27:19 INFO  BUY_FILLED 012330 phase=HOLDING
2026-06-12 15:27:19 INFO  SELL_EXECUTED [KRX] 012330 mode=VWAP_RECLAIM phase=EXITING exitType=VWAP_BREAK price=743000.0000 qty=13 reason=VWAP_BREAK pnl=-1.33% peakPnl=0.53% holdMs=540000 high=757000.0000 avgPrice=753000.0000 weightedPnl=-1.30% (pending fill)
2026-06-12 15:27:19 INFO  SELL_FILLED_PNL 012330 reason=VWAP_BREAK filledQty=13/13 fillRatio=1.00 weightedPnl=-1.30% dailyPnl=-3.38%
2026-06-12 15:27:19 INFO  SELL_FILLED 012330 reason=VWAP_BREAK remainingQty=0 phase=NONE exitType=VWAP_BREAK
2026-06-12 15:27:19 INFO  BUY [KRX] 012330 mode=VWAP_RECLAIM price=760000.0000 qty=13 size=1.0000x score=45[D] | WHY: dayChg=5.41% vrScore=83 aboveBars=7 hadBelow=true vol/vol5=2.76x | VWAP: 3.67%(ABOVE slope=UP) allowedGap=3.00% | TREND: score=3 vel=2.70%/3.12%/3.68% accel=false | VOL: 12506.0000/2938.9000 TO: 9504560000.0000/2163035300.0000 | HIGH: 763000.0000 fromHigh=-0.39% | VR: score=83 aboveBars=7 hadBelow=true vol/vol5=2.76x | entryNo=1
2026-06-12 15:27:19 INFO  BUY_FILLED 012330 phase=HOLDING
2026-06-12 15:27:19 INFO  SELL_EXECUTED [KRX] 012330 mode=VWAP_RECLAIM phase=EXITING exitType=STOPLOSS price=745000.0000 qty=13 reason=STOP_LOSS_VWAP_RECLAIM pnl=-1.97% peakPnl=0.39% holdMs=540000 high=763000.0000 avgPrice=760000.0000 weightedPnl=-1.95% (pending fill)
2026-06-12 15:27:19 INFO  SELL_FILLED_PNL 012330 reason=STOP_LOSS_VWAP_RECLAIM filledQty=13/13 fillRatio=1.00 weightedPnl=-1.95% dailyPnl=-1.95%
2026-06-12 15:27:19 INFO  SELL_FILLED 012330 reason=STOP_LOSS_VWAP_RECLAIM remainingQty=0 phase=NONE exitType=STOPLOSS
2026-06-12 15:27:19 INFO  BUY [KRX] 012330 mode=BREAKOUT price=561000.0000 qty=17 size=1.0000x score=80[B] | WHY: strongBreakout volBreakout retestOK multiUp vol(3.22x) | VWAP: 1.70%(ABOVE slope=UP) allowedGap=2.20% | TREND: score=3 vel=0.90%/0.72%/1.08% accel=true | VOL: 6156.0000/1910.9000 TO: 3453516000.0000/1065511325.0000 | HIGH: 562000.0000 fromHigh=-0.18% | entryNo=1
2026-06-12 15:27:19 INFO  BUY_FILLED 012330 phase=HOLDING
2026-06-12 15:27:19 INFO  SELL_EXECUTED [KRX] 012330 mode=BREAKOUT phase=EXITING exitType=VWAP_BREAK price=548000.0000 qty=17 reason=VWAP_BREAK pnl=-2.32% peakPnl=-0.18% holdMs=1080000 high=560000.0000 avgPrice=561000.0000 weightedPnl=-2.21% (pending fill)
2026-06-12 15:27:19 INFO  SELL_FILLED_PNL 012330 reason=VWAP_BREAK filledQty=17/17 fillRatio=1.00 weightedPnl=-2.21% dailyPnl=-2.21%
2026-06-12 15:27:19 INFO  SELL_FILLED 012330 reason=VWAP_BREAK remainingQty=0 phase=NONE exitType=VWAP_BREAK
2026-06-12 15:27:19 INFO  BUY [KRX] 012330 mode=VWAP_RECLAIM price=641000.0000 qty=15 size=1.0000x score=15[D] | WHY: dayChg=4.23% vrScore=85 aboveBars=12 hadBelow=true vol/vol5=1.87x | VWAP: 2.81%(ABOVE slope=UP) allowedGap=3.00% | TREND: score=3 vel=0.63%/0.94%/0.31% accel=false | VOL: 8271.0000/4575.6000 TO: 5301711000.0000/2889887100.0000 | HIGH: 645000.0000 fromHigh=-0.62% | VR: score=85 aboveBars=12 hadBelow=true vol/vol5=1.87x | entryNo=1
2026-06-12 15:27:19 INFO  BUY_FILLED 012330 phase=HOLDING
2026-06-12 15:27:19 INFO  SELL_EXECUTED [KRX] 012330 mode=VWAP_RECLAIM phase=EXITING exitType=STOPLOSS price=631000.0000 qty=15 reason=STOP_LOSS_VWAP_RECLAIM pnl=-1.56% peakPnl=0.47% holdMs=480000 high=644000.0000 avgPrice=641000.0000 weightedPnl=-1.50% (pending fill)
2026-06-12 15:27:19 INFO  SELL_FILLED_PNL 012330 reason=STOP_LOSS_VWAP_RECLAIM filledQty=15/15 fillRatio=1.00 weightedPnl=-1.50% dailyPnl=-1.50%
2026-06-12 15:27:19 INFO  SELL_FILLED 012330 reason=STOP_LOSS_VWAP_RECLAIM remainingQty=0 phase=NONE exitType=STOPLOSS
2026-06-12 15:27:19 INFO  BUY amount set for 011070: 10000000.00
2026-06-12 15:27:19 INFO  BUY [KRX] 011070 mode=VWAP_RECLAIM price=314000.0000 qty=31 size=1.0000x score=85[A](CONV) | WHY: dayChg=4.67% vrScore=87 aboveBars=8 hadBelow=true vol/vol5=3.14x | VWAP: 1.03%(ABOVE slope=UP) allowedGap=3.00% | TREND: score=3 vel=0.64%/0.64%/0.48% accel=false | VOL: 3888.0000/761.9500 TO: 1220832000.0000/237443625.0000 | HIGH: 314000.0000 fromHigh=0.00% | VR: score=87 aboveBars=8 hadBelow=true vol/vol5=3.14x | entryNo=1
2026-06-12 15:27:19 INFO  BUY_FILLED 011070 phase=HOLDING
2026-06-12 15:27:19 INFO  SELL_EXECUTED [KRX] 011070 mode=VWAP_RECLAIM phase=EXITING exitType=VWAP_BREAK price=309000.0000 qty=31 reason=VWAP_BREAK pnl=-1.59% peakPnl=-0.16% holdMs=1080000 high=313500.0000 avgPrice=314000.0000 weightedPnl=-1.55% (pending fill)
2026-06-12 15:27:19 INFO  SELL_FILLED_PNL 011070 reason=VWAP_BREAK filledQty=31/31 fillRatio=1.00 weightedPnl=-1.55% dailyPnl=-1.55%
2026-06-12 15:27:19 INFO  SELL_FILLED 011070 reason=VWAP_BREAK remainingQty=0 phase=NONE exitType=VWAP_BREAK
2026-06-12 15:27:19 INFO  BUY [KRX] 011070 mode=BREAKOUT price=337500.0000 qty=29 size=1.0000x score=85[A](CONV) | WHY: strongBreakout volBreakout retestOK multiUp vol(3.00x) | VWAP: 1.11%(ABOVE slope=UP) allowedGap=2.20% | TREND: score=3 vel=1.20%/0.90%/1.20% accel=true | VOL: 2014.0000/671.3500 TO: 679725000.0000/223612525.0000 | HIGH: 337500.0000 fromHigh=0.00% | entryNo=1
2026-06-12 15:27:19 INFO  BUY_FILLED 011070 phase=HOLDING
2026-06-12 15:27:19 INFO  SELL [EOD_FORCE_SELL] 011070 pnl=-0.30% time=15:30
2026-06-12 15:27:19 INFO  SELL_EXECUTED [KRX] 011070 mode=BREAKOUT phase=EXITING exitType=TIMESTOP price=336500.0000 qty=29 reason=EOD_FORCE_SELL pnl=-0.30% peakPnl=1.04% holdMs=6180000 high=341000.0000 avgPrice=337500.0000 weightedPnl=-0.29% (pending fill)
2026-06-12 15:27:19 INFO  SELL_FILLED_PNL 011070 reason=EOD_FORCE_SELL filledQty=29/29 fillRatio=1.00 weightedPnl=-0.29% dailyPnl=-0.29%
2026-06-12 15:27:19 INFO  SELL_FILLED 011070 reason=EOD_FORCE_SELL remainingQty=0 phase=NONE exitType=TIMESTOP
2026-06-12 15:27:19 INFO  BUY [KRX] 011070 mode=BREAKOUT price=375000.0000 qty=26 size=1.0000x score=80[B] | WHY: strongBreakout volBreakout retestOK multiUp vol(5.48x) | VWAP: 1.41%(ABOVE slope=UP) allowedGap=2.20% | TREND: score=3 vel=0.81%/0.67%/0.54% accel=true | VOL: 4828.0000/881.3000 TO: 1810500000.0000/328763550.0000 | HIGH: 375000.0000 fromHigh=0.00% | entryNo=1
2026-06-12 15:27:19 INFO  BUY_FILLED 011070 phase=HOLDING
2026-06-12 15:27:19 INFO  SELL [EOD_FORCE_SELL] 011070 pnl=1.33% time=15:30
2026-06-12 15:27:19 INFO  SELL_EXECUTED [KRX] 011070 mode=BREAKOUT phase=EXITING exitType=TIMESTOP price=380000.0000 qty=26 reason=EOD_FORCE_SELL pnl=1.33% peakPnl=2.13% holdMs=8880000 high=383000.0000 avgPrice=375000.0000 weightedPnl=1.30% (pending fill)
2026-06-12 15:27:19 INFO  SELL_FILLED_PNL 011070 reason=EOD_FORCE_SELL filledQty=26/26 fillRatio=1.00 weightedPnl=1.30% dailyPnl=1.30%
2026-06-12 15:27:19 INFO  SELL_FILLED 011070 reason=EOD_FORCE_SELL remainingQty=0 phase=NONE exitType=TIMESTOP
2026-06-12 15:27:19 INFO  BUY [KRX] 011070 mode=VWAP_RECLAIM price=383000.0000 qty=26 size=1.0000x score=80[B] | WHY: dayChg=0.92% vrScore=84 aboveBars=12 hadBelow=true vol/vol5=2.14x | VWAP: 1.13%(ABOVE slope=UP) allowedGap=3.00% | TREND: score=3 vel=0.52%/0.79%/0.79% accel=false | VOL: 1092.0000/367.7500 TO: 418236000.0000/139822050.0000 | HIGH: 383250.0000 fromHigh=-0.07% | VR: score=84 aboveBars=12 hadBelow=true vol/vol5=2.14x | entryNo=1
2026-06-12 15:27:19 INFO  BUY_FILLED 011070 phase=HOLDING
2026-06-12 15:27:19 INFO  SELL_EXECUTED [KRX] 011070 mode=VWAP_RECLAIM phase=EXITING exitType=VWAP_BREAK price=378000.0000 qty=26 reason=VWAP_BREAK pnl=-1.31% peakPnl=-0.13% holdMs=3840000 high=382500.0000 avgPrice=383000.0000 weightedPnl=-1.30% (pending fill)
2026-06-12 15:27:19 INFO  SELL_FILLED_PNL 011070 reason=VWAP_BREAK filledQty=26/26 fillRatio=1.00 weightedPnl=-1.30% dailyPnl=-1.30%
2026-06-12 15:27:19 INFO  SELL_FILLED 011070 reason=VWAP_BREAK remainingQty=0 phase=NONE exitType=VWAP_BREAK
2026-06-12 15:27:19 INFO  BUY [KRX] 011070 mode=BREAKOUT price=406500.0000 qty=24 size=1.0000x score=80[B] | WHY: strongBreakout volBreakout retestOK multiUp vol(3.40x) | VWAP: 1.65%(ABOVE slope=UP) allowedGap=2.20% | TREND: score=3 vel=0.49%/0.37%/0.25% accel=true | VOL: 1642.0000/482.4000 TO: 667473000.0000/194986200.0000 | HIGH: 407000.0000 fromHigh=-0.12% | entryNo=1
2026-06-12 15:27:19 INFO  BUY_FILLED 011070 phase=HOLDING
2026-06-12 15:27:19 INFO  SELL_EXECUTED [KRX] 011070 mode=BREAKOUT phase=EXITING exitType=VWAP_BREAK price=404500.0000 qty=24 reason=VWAP_BREAK pnl=-0.49% peakPnl=1.35% holdMs=7740000 high=412000.0000 avgPrice=406500.0000 weightedPnl=-0.48% (pending fill)
2026-06-12 15:27:19 INFO  SELL_FILLED_PNL 011070 reason=VWAP_BREAK filledQty=24/24 fillRatio=1.00 weightedPnl=-0.48% dailyPnl=-0.48%
2026-06-12 15:27:19 INFO  SELL_FILLED 011070 reason=VWAP_BREAK remainingQty=0 phase=NONE exitType=VWAP_BREAK
2026-06-12 15:27:19 INFO  BUY [KRX] 011070 mode=BREAKOUT price=410000.0000 qty=24 size=1.0000x score=85[A](CONV) | WHY: strongBreakout volBreakout retestOK multiUp vol(2.89x) | VWAP: 0.96%(ABOVE slope=UP) allowedGap=2.20% | TREND: score=3 vel=0.49%/0.37%/0.61% accel=true | VOL: 1233.0000/426.7500 TO: 505530000.0000/174254125.0000 | HIGH: 410000.0000 fromHigh=0.00% | entryNo=2
2026-06-12 15:27:19 INFO  BUY_FILLED 011070 phase=HOLDING
2026-06-12 15:27:19 INFO  SELL [EOD_FORCE_SELL] 011070 pnl=-0.12% time=15:30
2026-06-12 15:27:19 INFO  SELL_EXECUTED [KRX] 011070 mode=BREAKOUT phase=EXITING exitType=TIMESTOP price=409500.0000 qty=24 reason=EOD_FORCE_SELL pnl=-0.12% peakPnl=1.71% holdMs=7380000 high=417000.0000 avgPrice=410000.0000 weightedPnl=-0.12% (pending fill)
2026-06-12 15:27:19 INFO  SELL_FILLED_PNL 011070 reason=EOD_FORCE_SELL filledQty=24/24 fillRatio=1.00 weightedPnl=-0.12% dailyPnl=-0.60%
2026-06-12 15:27:19 INFO  SELL_FILLED 011070 reason=EOD_FORCE_SELL remainingQty=0 phase=NONE exitType=TIMESTOP
2026-06-12 15:27:19 INFO  BUY [KRX] 011070 mode=VWAP_RECLAIM price=482000.0000 qty=20 size=1.0000x score=20[D] | WHY: dayChg=6.40% vrScore=86 aboveBars=10 hadBelow=true vol/vol5=2.02x | VWAP: 3.74%(ABOVE slope=UP) allowedGap=3.00% | TREND: score=3 vel=1.05%/2.23%/2.88% accel=false | VOL: 15116.0000/4052.1500 TO: 7285912000.0000/1894586562.5000 | HIGH: 488000.0000 fromHigh=-1.23% | VR: score=86 aboveBars=10 hadBelow=true vol/vol5=2.02x | entryNo=1
2026-06-12 15:27:19 INFO  BUY_FILLED 011070 phase=HOLDING
2026-06-12 15:27:19 INFO  SELL [TRAIL_VWAP_RECLAIM] 011070 pnl=0.73% peakPnl=1.97% high=491500.0000 current=485500.0000
2026-06-12 15:27:19 INFO  SELL_EXECUTED [KRX] 011070 mode=VWAP_RECLAIM phase=EXITING exitType=TRAIL price=485500.0000 qty=20 reason=TRAIL_VWAP_RECLAIM pnl=0.73% peakPnl=1.97% holdMs=720000 high=491500.0000 avgPrice=482000.0000 weightedPnl=0.70% (pending fill)
2026-06-12 15:27:19 INFO  SELL_FILLED_PNL 011070 reason=TRAIL_VWAP_RECLAIM filledQty=20/20 fillRatio=1.00 weightedPnl=0.70% dailyPnl=0.70%
2026-06-12 15:27:19 INFO  SELL_FILLED 011070 reason=TRAIL_VWAP_RECLAIM remainingQty=0 phase=NONE exitType=TRAIL
2026-06-12 15:27:19 INFO  BUY [KRX] 011070 mode=BREAKOUT price=539000.0000 qty=18 size=1.0000x score=80[B] | WHY: strongBreakout volBreakout retestOK multiUp vol(3.65x) | VWAP: 1.47%(ABOVE slope=UP) allowedGap=2.20% | TREND: score=3 vel=0.84%/0.75%/0.84% accel=true | VOL: 2490.0000/681.8000 TO: 1340865000.0000/363825575.0000 | HIGH: 539000.0000 fromHigh=-0.09% | entryNo=1
2026-06-12 15:27:19 INFO  BUY_FILLED 011070 phase=HOLDING
2026-06-12 15:27:19 INFO  SELL [EOD_FORCE_SELL] 011070 pnl=0.65% time=15:30
2026-06-12 15:27:19 INFO  SELL_EXECUTED [KRX] 011070 mode=BREAKOUT phase=EXITING exitType=TIMESTOP price=542000.0000 qty=18 reason=EOD_FORCE_SELL pnl=0.65% peakPnl=0.84% holdMs=6300000 high=543000.0000 avgPrice=538500.0000 weightedPnl=0.63% (pending fill)
2026-06-12 15:27:19 INFO  SELL_FILLED_PNL 011070 reason=EOD_FORCE_SELL filledQty=18/18 fillRatio=1.00 weightedPnl=0.63% dailyPnl=0.63%
2026-06-12 15:27:19 INFO  SELL_FILLED 011070 reason=EOD_FORCE_SELL remainingQty=0 phase=NONE exitType=TIMESTOP
2026-06-12 15:27:19 INFO  BUY [KRX] 011070 mode=BREAKOUT price=588000.0000 qty=17 size=1.0000x score=85[A](CONV) | WHY: strongBreakout volBreakout retestOK multiUp vol(3.46x) | VWAP: 0.96%(ABOVE slope=UP) allowedGap=2.20% | TREND: score=3 vel=0.51%/0.34%/0.51% accel=true | VOL: 1730.0000/499.9500 TO: 1017240000.0000/292415900.0000 | HIGH: 588000.0000 fromHigh=0.00% | entryNo=1
2026-06-12 15:27:19 INFO  BUY_FILLED 011070 phase=HOLDING
2026-06-12 15:27:19 INFO  SELL [EOD_FORCE_SELL] 011070 pnl=0.68% time=15:30
2026-06-12 15:27:19 INFO  SELL_EXECUTED [KRX] 011070 mode=BREAKOUT phase=EXITING exitType=TIMESTOP price=592000.0000 qty=17 reason=EOD_FORCE_SELL pnl=0.68% peakPnl=1.19% holdMs=9960000 high=595000.0000 avgPrice=588000.0000 weightedPnl=0.68% (pending fill)
2026-06-12 15:27:19 INFO  SELL_FILLED_PNL 011070 reason=EOD_FORCE_SELL filledQty=17/17 fillRatio=1.00 weightedPnl=0.68% dailyPnl=0.68%
2026-06-12 15:27:19 INFO  SELL_FILLED 011070 reason=EOD_FORCE_SELL remainingQty=0 phase=NONE exitType=TIMESTOP
2026-06-12 15:27:19 INFO  BUY [KRX] 011070 mode=BREAKOUT price=593000.0000 qty=16 size=1.0000x score=80[B] | WHY: strongBreakout volBreakout retestOK multiUp vol(5.14x) | VWAP: 1.79%(ABOVE slope=UP) allowedGap=2.20% | TREND: score=3 vel=0.51%/0.34%/0.68% accel=true | VOL: 1510.0000/293.8000 TO: 895430000.0000/173482275.0000 | HIGH: 593000.0000 fromHigh=0.00% | entryNo=1
2026-06-12 15:27:19 INFO  BUY_FILLED 011070 phase=HOLDING
2026-06-12 15:27:19 INFO  SELL_EXECUTED [KRX] 011070 mode=BREAKOUT phase=EXITING exitType=VWAP_BREAK price=591000.0000 qty=16 reason=VWAP_BREAK pnl=-0.34% peakPnl=1.94% holdMs=13260000 high=604500.0000 avgPrice=593000.0000 weightedPnl=-0.32% (pending fill)
2026-06-12 15:27:19 INFO  SELL_FILLED_PNL 011070 reason=VWAP_BREAK filledQty=16/16 fillRatio=1.00 weightedPnl=-0.32% dailyPnl=-0.32%
2026-06-12 15:27:19 INFO  SELL_FILLED 011070 reason=VWAP_BREAK remainingQty=0 phase=NONE exitType=VWAP_BREAK
2026-06-12 15:27:19 INFO  BUY [KRX] 011070 mode=BREAKOUT price=593000.0000 qty=16 size=1.0000x score=80[B] | WHY: strongBreakout volBreakout retestOK multiUp vol(5.14x) | VWAP: 1.79%(ABOVE slope=UP) allowedGap=2.20% | TREND: score=3 vel=0.51%/0.34%/0.68% accel=true | VOL: 1510.0000/293.8000 TO: 895430000.0000/173482275.0000 | HIGH: 593000.0000 fromHigh=0.00% | entryNo=1
2026-06-12 15:27:19 INFO  BUY_FILLED 011070 phase=HOLDING
2026-06-12 15:27:19 INFO  SELL_EXECUTED [KRX] 011070 mode=BREAKOUT phase=EXITING exitType=VWAP_BREAK price=591000.0000 qty=16 reason=VWAP_BREAK pnl=-0.34% peakPnl=1.94% holdMs=13260000 high=604500.0000 avgPrice=593000.0000 weightedPnl=-0.32% (pending fill)
2026-06-12 15:27:19 INFO  SELL_FILLED_PNL 011070 reason=VWAP_BREAK filledQty=16/16 fillRatio=1.00 weightedPnl=-0.32% dailyPnl=-0.32%
2026-06-12 15:27:19 INFO  SELL_FILLED 011070 reason=VWAP_BREAK remainingQty=0 phase=NONE exitType=VWAP_BREAK
2026-06-12 15:27:19 INFO  BUY [KRX] 011070 mode=BREAKOUT price=643000.0000 qty=15 size=1.0000x score=85[A](CONV) | WHY: strongBreakout volBreakout retestOK multiUp vol(3.14x) | VWAP: 1.13%(ABOVE slope=UP) allowedGap=2.20% | TREND: score=3 vel=0.47%/0.39%/0.47% accel=true | VOL: 1042.0000/332.0500 TO: 670006000.0000/212643450.0000 | HIGH: 643500.0000 fromHigh=-0.08% | entryNo=1
2026-06-12 15:27:19 INFO  BUY_FILLED 011070 phase=HOLDING
2026-06-12 15:27:19 INFO  SELL [EOD_FORCE_SELL] 011070 pnl=-0.93% time=15:30
2026-06-12 15:27:19 INFO  SELL_EXECUTED [KRX] 011070 mode=BREAKOUT phase=EXITING exitType=TIMESTOP price=637000.0000 qty=15 reason=EOD_FORCE_SELL pnl=-0.93% peakPnl=0.31% holdMs=3900000 high=645000.0000 avgPrice=643000.0000 weightedPnl=-0.90% (pending fill)
2026-06-12 15:27:19 INFO  SELL_FILLED_PNL 011070 reason=EOD_FORCE_SELL filledQty=15/15 fillRatio=1.00 weightedPnl=-0.90% dailyPnl=-0.90%
2026-06-12 15:27:19 INFO  SELL_FILLED 011070 reason=EOD_FORCE_SELL remainingQty=0 phase=NONE exitType=TIMESTOP
2026-06-12 15:27:20 INFO  BUY [KRX] 011070 mode=BREAKOUT price=855000.0000 qty=11 size=1.0000x score=85[A](CONV) | WHY: strongBreakout volBreakout retestOK multiUp vol(2.37x) | VWAP: 1.16%(ABOVE slope=UP) allowedGap=2.20% | TREND: score=3 vel=0.59%/0.47%/0.35% accel=true | VOL: 1079.0000/454.8500 TO: 922545000.0000/387333100.0000 | HIGH: 855000.0000 fromHigh=0.00% | entryNo=1
2026-06-12 15:27:20 INFO  BUY_FILLED 011070 phase=HOLDING
2026-06-12 15:27:20 INFO  SELL [EOD_FORCE_SELL] 011070 pnl=1.05% time=15:30
2026-06-12 15:27:20 INFO  SELL_EXECUTED [KRX] 011070 mode=BREAKOUT phase=EXITING exitType=TIMESTOP price=864000.0000 qty=11 reason=EOD_FORCE_SELL pnl=1.05% peakPnl=2.11% holdMs=7800000 high=873000.0000 avgPrice=855000.0000 weightedPnl=0.99% (pending fill)
2026-06-12 15:27:20 INFO  SELL_FILLED_PNL 011070 reason=EOD_FORCE_SELL filledQty=11/11 fillRatio=1.00 weightedPnl=0.99% dailyPnl=0.99%
2026-06-12 15:27:20 INFO  SELL_FILLED 011070 reason=EOD_FORCE_SELL remainingQty=0 phase=NONE exitType=TIMESTOP
2026-06-12 15:27:20 INFO  BUY [KRX] 011070 mode=VWAP_RECLAIM price=1129000.0000 qty=8 size=1.0000x score=45[D] | WHY: dayChg=9.72% vrScore=86 aboveBars=8 hadBelow=true vol/vol5=2.92x | VWAP: 3.62%(ABOVE slope=UP) allowedGap=3.00% | TREND: score=3 vel=2.64%/3.48%/3.77% accel=false | VOL: 13058.0000/2010.4000 TO: 14742482000.0000/2214548950.0000 | HIGH: 1129000.0000 fromHigh=0.00% | VR: score=86 aboveBars=8 hadBelow=true vol/vol5=2.92x | entryNo=1
2026-06-12 15:27:20 INFO  BUY_FILLED 011070 phase=HOLDING
2026-06-12 15:27:20 INFO  SELL_EXECUTED [KRX] 011070 mode=VWAP_RECLAIM phase=EXITING exitType=STOPLOSS price=1110500.0000 qty=8 reason=STOP_LOSS_VWAP_RECLAIM pnl=-1.64% peakPnl=0.18% holdMs=240000 high=1131000.0000 avgPrice=1129000.0000 weightedPnl=-1.48% (pending fill)
2026-06-12 15:27:20 INFO  SELL_FILLED_PNL 011070 reason=STOP_LOSS_VWAP_RECLAIM filledQty=8/8 fillRatio=1.00 weightedPnl=-1.48% dailyPnl=-1.48%
2026-06-12 15:27:20 INFO  SELL_FILLED 011070 reason=STOP_LOSS_VWAP_RECLAIM remainingQty=0 phase=NONE exitType=STOPLOSS
2026-06-12 15:27:20 INFO  BUY amount set for 010120: 10000000.00
2026-06-12 15:27:20 INFO  BUY [KRX] 010120 mode=BREAKOUT price=146000.0000 qty=68 size=1.0000x score=85[A](CONV) | WHY: strongBreakout volBreakout retestOK multiUp vol(7.08x) | VWAP: 0.60%(ABOVE slope=UP) allowedGap=2.20% | TREND: score=3 vel=0.41%/0.27%/0.27% accel=true | VOL: 5180.0000/731.5000 TO: 756280000.0000/106682125.0000 | HIGH: 146000.0000 fromHigh=0.00% | entryNo=1
2026-06-12 15:27:20 INFO  BUY_FILLED 010120 phase=HOLDING
2026-06-12 15:27:20 INFO  SELL [EOD_FORCE_SELL] 010120 pnl=0.41% time=15:30
2026-06-12 15:27:20 INFO  SELL_EXECUTED [KRX] 010120 mode=BREAKOUT phase=EXITING exitType=TIMESTOP price=146600.0000 qty=68 reason=EOD_FORCE_SELL pnl=0.41% peakPnl=1.10% holdMs=5880000 high=147600.0000 avgPrice=146000.0000 weightedPnl=0.41% (pending fill)
2026-06-12 15:27:20 INFO  SELL_FILLED_PNL 010120 reason=EOD_FORCE_SELL filledQty=68/68 fillRatio=1.00 weightedPnl=0.41% dailyPnl=0.41%
2026-06-12 15:27:20 INFO  SELL_FILLED 010120 reason=EOD_FORCE_SELL remainingQty=0 phase=NONE exitType=TIMESTOP
2026-06-12 15:27:20 INFO  BUY [KRX] 010120 mode=BREAKOUT price=162000.0000 qty=61 size=1.0000x score=80[B] | WHY: strongBreakout volBreakout retestOK multiUp vol(3.73x) | VWAP: 1.41%(ABOVE slope=UP) allowedGap=2.20% | TREND: score=3 vel=0.50%/0.37%/0.25% accel=true | VOL: 10800.0000/2893.7500 TO: 1749600000.0000/465145100.0000 | HIGH: 162200.0000 fromHigh=-0.12% | entryNo=1
2026-06-12 15:27:20 INFO  BUY_FILLED 010120 phase=HOLDING
2026-06-12 15:27:20 INFO  SELL_EXECUTED [KRX] 010120 mode=BREAKOUT phase=EXITING exitType=PROFIT price=166500.0000 qty=61 reason=TAKE_PROFIT_BREAKOUT pnl=2.84% peakPnl=2.84% holdMs=10860000 high=166600.0000 avgPrice=162000.0000 weightedPnl=2.81% (pending fill)
2026-06-12 15:27:20 INFO  SELL_FILLED_PNL 010120 reason=TAKE_PROFIT_BREAKOUT filledQty=61/61 fillRatio=1.00 weightedPnl=2.81% dailyPnl=2.81%
2026-06-12 15:27:20 INFO  SELL_FILLED 010120 reason=TAKE_PROFIT_BREAKOUT remainingQty=0 phase=NONE exitType=PROFIT
2026-06-12 15:27:20 INFO  BUY [KRX] 010120 mode=VWAP_RECLAIM price=179000.0000 qty=55 size=1.0000x score=70[D] | WHY: dayChg=-0.78% vrScore=84 aboveBars=10 hadBelow=true vol/vol5=2.29x | VWAP: 0.83%(ABOVE slope=DN) allowedGap=3.00% | TREND: score=3 vel=0.79%/0.68%/0.68% accel=true | VOL: 2955.0000/1439.0000 TO: 528354000.0000/255596525.0000 | HIGH: 178800.0000 fromHigh=0.00% | VR: score=84 aboveBars=10 hadBelow=true vol/vol5=2.29x | entryNo=1
2026-06-12 15:27:20 INFO  BUY_FILLED 010120 phase=HOLDING
2026-06-12 15:27:20 INFO  SELL_EXECUTED [KRX] 010120 mode=VWAP_RECLAIM phase=EXITING exitType=VWAP_BREAK price=178200.0000 qty=55 reason=VWAP_BREAK pnl=-0.34% peakPnl=1.01% holdMs=11700000 high=180600.0000 avgPrice=178800.0000 weightedPnl=-0.33% (pending fill)
2026-06-12 15:27:20 INFO  SELL_FILLED_PNL 010120 reason=VWAP_BREAK filledQty=55/55 fillRatio=1.00 weightedPnl=-0.33% dailyPnl=-0.33%
2026-06-12 15:27:20 INFO  SELL_FILLED 010120 reason=VWAP_BREAK remainingQty=0 phase=NONE exitType=VWAP_BREAK
2026-06-12 15:27:20 INFO  BUY [KRX] 010120 mode=BREAKOUT price=158500.0000 qty=63 size=1.0000x score=85[A](CONV) | WHY: strongBreakout volBreakout retestOK multiUp vol(5.64x) | VWAP: 1.04%(ABOVE slope=UP) allowedGap=2.20% | TREND: score=3 vel=0.51%/0.38%/0.51% accel=true | VOL: 6445.0000/1143.0000 TO: 1022177000.0000/180522450.0000 | HIGH: 158600.0000 fromHigh=0.00% | entryNo=1
2026-06-12 15:27:20 INFO  BUY_FILLED 010120 phase=HOLDING
2026-06-12 15:27:20 INFO  SELL [EOD_FORCE_SELL] 010120 pnl=0.13% time=15:30
2026-06-12 15:27:20 INFO  SELL_EXECUTED [KRX] 010120 mode=BREAKOUT phase=EXITING exitType=TIMESTOP price=158800.0000 qty=63 reason=EOD_FORCE_SELL pnl=0.13% peakPnl=2.14% holdMs=9540000 high=162000.0000 avgPrice=158600.0000 weightedPnl=0.13% (pending fill)
2026-06-12 15:27:20 INFO  SELL_FILLED_PNL 010120 reason=EOD_FORCE_SELL filledQty=63/63 fillRatio=1.00 weightedPnl=0.13% dailyPnl=0.13%
2026-06-12 15:27:20 INFO  SELL_FILLED 010120 reason=EOD_FORCE_SELL remainingQty=0 phase=NONE exitType=TIMESTOP
2026-06-12 15:27:20 INFO  BUY [KRX] 010120 mode=VWAP_RECLAIM price=224500.0000 qty=44 size=1.0000x score=62[D] | WHY: dayChg=1.58% vrScore=86 aboveBars=11 hadBelow=true vol/vol5=1.97x | VWAP: 1.50%(ABOVE slope=UP) allowedGap=3.00% | TREND: score=3 vel=0.67%/0.67%/1.13% accel=false | VOL: 17147.0000/8702.9500 TO: 3849501500.0000/1931268500.0000 | HIGH: 224500.0000 fromHigh=0.00% | VR: score=86 aboveBars=11 hadBelow=true vol/vol5=1.97x | entryNo=1
2026-06-12 15:27:20 INFO  BUY_FILLED 010120 phase=HOLDING
2026-06-12 15:27:20 INFO  SELL_EXECUTED [KRX] 010120 mode=VWAP_RECLAIM phase=EXITING exitType=PROFIT price=229000.0000 qty=44 reason=TAKE_PROFIT_VWAP_RECLAIM pnl=2.00% peakPnl=2.00% holdMs=660000 high=229000.0000 avgPrice=224500.0000 weightedPnl=1.98% (pending fill)
2026-06-12 15:27:20 INFO  SELL_FILLED_PNL 010120 reason=TAKE_PROFIT_VWAP_RECLAIM filledQty=44/44 fillRatio=1.00 weightedPnl=1.98% dailyPnl=1.98%
2026-06-12 15:27:20 INFO  SELL_FILLED 010120 reason=TAKE_PROFIT_VWAP_RECLAIM remainingQty=0 phase=NONE exitType=PROFIT
2026-06-12 15:27:20 INFO  BUY [KRX] 010120 mode=VWAP_RECLAIM price=272000.0000 qty=36 size=1.0000x score=70[D] | WHY: dayChg=1.30% vrScore=88 aboveBars=12 hadBelow=true vol/vol5=2.31x | VWAP: 1.25%(ABOVE slope=UP) allowedGap=3.00% | TREND: score=3 vel=1.12%/0.55%/0.74% accel=true | VOL: 30962.0000/11742.7000 TO: 8421664000.0000/3153303200.0000 | HIGH: 273000.0000 fromHigh=-0.37% | VR: score=88 aboveBars=12 hadBelow=true vol/vol5=2.31x | entryNo=1
2026-06-12 15:27:20 INFO  BUY_FILLED 010120 phase=HOLDING
2026-06-12 15:27:20 INFO  SELL_EXECUTED [KRX] 010120 mode=VWAP_RECLAIM phase=EXITING exitType=PROFIT price=278000.0000 qty=36 reason=TAKE_PROFIT_VWAP_RECLAIM pnl=2.21% peakPnl=2.21% holdMs=1200000 high=278000.0000 avgPrice=272000.0000 weightedPnl=2.16% (pending fill)
2026-06-12 15:27:20 INFO  SELL_FILLED_PNL 010120 reason=TAKE_PROFIT_VWAP_RECLAIM filledQty=36/36 fillRatio=1.00 weightedPnl=2.16% dailyPnl=2.16%
2026-06-12 15:27:20 INFO  SELL_FILLED 010120 reason=TAKE_PROFIT_VWAP_RECLAIM remainingQty=0 phase=NONE exitType=PROFIT
2026-06-12 15:27:20 INFO  BUY [KRX] 010120 mode=BREAKOUT price=294000.0000 qty=34 size=1.0000x score=78[C] | WHY: strongBreakout volBreakout retestOK multiUp vol(3.70x) | VWAP: 0.95%(ABOVE slope=UP) allowedGap=2.20% | TREND: score=3 vel=0.51%/0.34%/0.43% accel=true | VOL: 6794.0000/1834.3000 TO: 1997436000.0000/537424350.0000 | HIGH: 294500.0000 fromHigh=-0.17% | entryNo=1
2026-06-12 15:27:20 INFO  BUY_FILLED 010120 phase=HOLDING
2026-06-12 15:27:20 INFO  SELL [EOD_FORCE_SELL] 010120 pnl=0.00% time=15:30
2026-06-12 15:27:20 INFO  SELL_EXECUTED [KRX] 010120 mode=BREAKOUT phase=EXITING exitType=TIMESTOP price=294000.0000 qty=34 reason=EOD_FORCE_SELL pnl=0.00% peakPnl=0.17% holdMs=6480000 high=294500.0000 avgPrice=294000.0000 weightedPnl=0.00% (pending fill)
2026-06-12 15:27:20 INFO  SELL_FILLED 010120 reason=EOD_FORCE_SELL remainingQty=0 phase=NONE exitType=TIMESTOP
2026-06-12 15:27:20 INFO  BUY [KRX] 010120 mode=BREAKOUT price=241500.0000 qty=41 size=1.0000x score=85[A](CONV) | WHY: strongBreakout volBreakout retestOK multiUp vol(2.54x) | VWAP: 1.08%(ABOVE slope=UP) allowedGap=2.20% | TREND: score=3 vel=2.33%/2.11%/2.55% accel=true | VOL: 17204.0000/6777.9000 TO: 4154766000.0000/1612557912.5000 | HIGH: 241500.0000 fromHigh=0.00% | entryNo=1
2026-06-12 15:27:20 INFO  BUY_FILLED 010120 phase=HOLDING
2026-06-12 15:27:20 INFO  SELL_EXECUTED [KRX] 010120 mode=BREAKOUT phase=EXITING exitType=VWAP_BREAK price=238000.0000 qty=41 reason=VWAP_BREAK pnl=-1.45% peakPnl=0.62% holdMs=1680000 high=243000.0000 avgPrice=241500.0000 weightedPnl=-1.44% (pending fill)
2026-06-12 15:27:20 INFO  SELL_FILLED_PNL 010120 reason=VWAP_BREAK filledQty=41/41 fillRatio=1.00 weightedPnl=-1.44% dailyPnl=-1.44%
2026-06-12 15:27:20 INFO  SELL_FILLED 010120 reason=VWAP_BREAK remainingQty=0 phase=NONE exitType=VWAP_BREAK
2026-06-12 15:27:20 INFO  BUY [KRX] 010120 mode=VWAP_RECLAIM price=258000.0000 qty=38 size=1.0000x score=62[D] | WHY: dayChg=1.57% vrScore=85 aboveBars=12 hadBelow=true vol/vol5=1.89x | VWAP: 1.58%(ABOVE slope=UP) allowedGap=3.00% | TREND: score=3 vel=0.58%/0.39%/0.78% accel=true | VOL: 6161.0000/3777.6000 TO: 1589538000.0000/964422875.0000 | HIGH: 258000.0000 fromHigh=0.00% | VR: score=85 aboveBars=12 hadBelow=true vol/vol5=1.89x | entryNo=1
2026-06-12 15:27:20 INFO  BUY_FILLED 010120 phase=HOLDING
2026-06-12 15:27:20 INFO  SELL_EXECUTED [KRX] 010120 mode=VWAP_RECLAIM phase=EXITING exitType=PROFIT price=264000.0000 qty=38 reason=TAKE_PROFIT_VWAP_RECLAIM pnl=2.33% peakPnl=2.33% holdMs=2940000 high=264000.0000 avgPrice=258000.0000 weightedPnl=2.28% (pending fill)
2026-06-12 15:27:20 INFO  SELL_FILLED_PNL 010120 reason=TAKE_PROFIT_VWAP_RECLAIM filledQty=38/38 fillRatio=1.00 weightedPnl=2.28% dailyPnl=2.28%
2026-06-12 15:27:20 INFO  SELL_FILLED 010120 reason=TAKE_PROFIT_VWAP_RECLAIM remainingQty=0 phase=NONE exitType=PROFIT
2026-06-12 15:27:20 INFO  BUY [KRX] 010120 mode=BREAKOUT price=271000.0000 qty=36 size=1.0000x score=85[A](CONV) | WHY: strongBreakout volBreakout retestOK multiUp vol(7.58x) | VWAP: 1.00%(ABOVE slope=UP) allowedGap=2.20% | TREND: score=3 vel=0.93%/0.74%/0.93% accel=true | VOL: 22356.0000/2949.7000 TO: 6058476000.0000/794944575.0000 | HIGH: 271000.0000 fromHigh=0.00% | entryNo=2
2026-06-12 15:27:20 INFO  BUY_FILLED 010120 phase=HOLDING
2026-06-12 15:27:20 INFO  SELL [EOD_FORCE_SELL] 010120 pnl=0.18% time=15:30
2026-06-12 15:27:20 INFO  SELL_EXECUTED [KRX] 010120 mode=BREAKOUT phase=EXITING exitType=TIMESTOP price=271500.0000 qty=36 reason=EOD_FORCE_SELL pnl=0.18% peakPnl=0.55% holdMs=3420000 high=272500.0000 avgPrice=271000.0000 weightedPnl=0.18% (pending fill)
2026-06-12 15:27:20 INFO  SELL_FILLED_PNL 010120 reason=EOD_FORCE_SELL filledQty=36/36 fillRatio=1.00 weightedPnl=0.18% dailyPnl=2.46%
2026-06-12 15:27:20 INFO  SELL_FILLED 010120 reason=EOD_FORCE_SELL remainingQty=0 phase=NONE exitType=TIMESTOP
2026-06-12 15:27:21 INFO  BUY amount set for 010170: 10000000.00
2026-06-12 15:27:21 INFO  BUY [KRX] 010170 mode=VWAP_RECLAIM price=8030.0000 qty=1245 size=1.0000x score=28[D] | WHY: dayChg=8.81% vrScore=85 aboveBars=11 hadBelow=true vol/vol5=1.85x | VWAP: 6.08%(ABOVE slope=UP) allowedGap=3.00% | TREND: score=3 vel=3.35%/1.13%/3.88% accel=true | VOL: 1647630.0000/397525.0500 TO: 13230468900.0000/3081839529.0000 | HIGH: 8110.0000 fromHigh=-0.99% | VR: score=85 aboveBars=11 hadBelow=true vol/vol5=1.85x | entryNo=1
2026-06-12 15:27:21 INFO  BUY_FILLED 010170 phase=HOLDING
2026-06-12 15:27:21 INFO  SELL_EXECUTED [KRX] 010170 mode=VWAP_RECLAIM phase=EXITING exitType=STOPLOSS price=7750.0000 qty=1245 reason=STOP_LOSS_VWAP_RECLAIM pnl=-3.49% peakPnl=-1.00% holdMs=120000 high=7950.0000 avgPrice=8030.0000 weightedPnl=-3.49% (pending fill)
2026-06-12 15:27:21 INFO  SELL_FILLED_PNL 010170 reason=STOP_LOSS_VWAP_RECLAIM filledQty=1245/1245 fillRatio=1.00 weightedPnl=-3.49% dailyPnl=-3.49%
2026-06-12 15:27:21 INFO  SELL_FILLED 010170 reason=STOP_LOSS_VWAP_RECLAIM remainingQty=0 phase=NONE exitType=STOPLOSS
2026-06-12 15:27:21 INFO  BUY [KRX] 010170 mode=VWAP_RECLAIM price=9140.0000 qty=1094 size=1.0000x score=40[D] | WHY: dayChg=7.53% vrScore=85 aboveBars=9 hadBelow=true vol/vol5=2.13x | VWAP: 4.33%(ABOVE slope=UP) allowedGap=3.00% | TREND: score=3 vel=2.81%/3.39%/3.98% accel=false | VOL: 1116446.0000/529580.0500 TO: 10204316440.0000/4652911788.5000 | HIGH: 9150.0000 fromHigh=-0.11% | VR: score=85 aboveBars=9 hadBelow=true vol/vol5=2.13x | entryNo=1
2026-06-12 15:27:21 INFO  BUY_FILLED 010170 phase=HOLDING
2026-06-12 15:27:21 INFO  SELL_EXECUTED [KRX] 010170 mode=VWAP_RECLAIM phase=EXITING exitType=PROFIT price=9350.0000 qty=1094 reason=TAKE_PROFIT_VWAP_RECLAIM pnl=2.24% peakPnl=2.24% holdMs=120000 high=9345.0000 avgPrice=9140.0000 weightedPnl=2.24% (pending fill)
2026-06-12 15:27:21 INFO  SELL_FILLED_PNL 010170 reason=TAKE_PROFIT_VWAP_RECLAIM filledQty=1094/1094 fillRatio=1.00 weightedPnl=2.24% dailyPnl=2.24%
2026-06-12 15:27:21 INFO  SELL_FILLED 010170 reason=TAKE_PROFIT_VWAP_RECLAIM remainingQty=0 phase=NONE exitType=PROFIT
2026-06-12 15:27:21 INFO  BUY [KRX] 010170 mode=VWAP_RECLAIM price=9020.0000 qty=1108 size=1.0000x score=75[C] | WHY: dayChg=6.12% vrScore=85 aboveBars=8 hadBelow=true vol/vol5=2.65x | VWAP: 1.03%(ABOVE slope=DN) allowedGap=3.00% | TREND: score=3 vel=0.89%/0.67%/0.22% accel=true | VOL: 149942.0000/36352.3500 TO: 1352476840.0000/325289260.0000 | HIGH: 9020.0000 fromHigh=0.00% | VR: score=85 aboveBars=8 hadBelow=true vol/vol5=2.65x | entryNo=2
2026-06-12 15:27:21 INFO  BUY_FILLED 010170 phase=HOLDING
2026-06-12 15:27:21 INFO  SELL_EXECUTED [KRX] 010170 mode=VWAP_RECLAIM phase=EXITING exitType=PROFIT price=9240.0000 qty=1108 reason=TAKE_PROFIT_VWAP_RECLAIM pnl=2.44% peakPnl=2.44% holdMs=6300000 high=9240.0000 avgPrice=9020.0000 weightedPnl=2.44% (pending fill)
2026-06-12 15:27:21 INFO  SELL_FILLED_PNL 010170 reason=TAKE_PROFIT_VWAP_RECLAIM filledQty=1108/1108 fillRatio=1.00 weightedPnl=2.44% dailyPnl=4.68%
2026-06-12 15:27:21 INFO  SELL_FILLED 010170 reason=TAKE_PROFIT_VWAP_RECLAIM remainingQty=0 phase=NONE exitType=PROFIT
2026-06-12 15:27:21 INFO  BUY [KRX] 010170 mode=VWAP_RECLAIM price=10150.0000 qty=985 size=1.0000x score=75[C] | WHY: dayChg=1.20% vrScore=88 aboveBars=8 hadBelow=true vol/vol5=3.15x | VWAP: 1.57%(ABOVE slope=UP) allowedGap=3.00% | TREND: score=3 vel=0.90%/0.90%/0.60% accel=false | VOL: 236333.0000/49346.4000 TO: 2394053290.0000/495435985.5000 | HIGH: 10140.0000 fromHigh=-0.10% | VR: score=88 aboveBars=8 hadBelow=true vol/vol5=3.15x | entryNo=1
2026-06-12 15:27:21 INFO  BUY_FILLED 010170 phase=HOLDING
2026-06-12 15:27:21 INFO  SELL_EXECUTED [KRX] 010170 mode=VWAP_RECLAIM phase=EXITING exitType=VWAP_BREAK price=9980.0000 qty=985 reason=VWAP_BREAK pnl=-1.48% peakPnl=0.89% holdMs=2160000 high=10220.0000 avgPrice=10130.0000 weightedPnl=-1.48% (pending fill)
2026-06-12 15:27:21 INFO  SELL_FILLED_PNL 010170 reason=VWAP_BREAK filledQty=985/985 fillRatio=1.00 weightedPnl=-1.48% dailyPnl=-1.48%
2026-06-12 15:27:21 INFO  SELL_FILLED 010170 reason=VWAP_BREAK remainingQty=0 phase=NONE exitType=VWAP_BREAK
2026-06-12 15:27:21 INFO  BUY [KRX] 010170 mode=VWAP_RECLAIM price=18000.0000 qty=555 size=1.0000x score=85[A](CONV) | WHY: dayChg=24.36% vrScore=89 aboveBars=8 hadBelow=true vol/vol5=3.46x | VWAP: 1.05%(ABOVE slope=UP) allowedGap=3.00% | TREND: score=3 vel=0.61%/0.45%/0.50% accel=true | VOL: 516302.0000/80189.2000 TO: 9303762040.0000/1437968585.0000 | HIGH: 18030.0000 fromHigh=-0.06% | VR: score=89 aboveBars=8 hadBelow=true vol/vol5=3.46x | entryNo=1
2026-06-12 15:27:21 INFO  BUY_FILLED 010170 phase=HOLDING
2026-06-12 15:27:21 INFO  SELL_EXECUTED [KRX] 010170 mode=VWAP_RECLAIM phase=EXITING exitType=VWAP_BREAK price=17900.0000 qty=555 reason=VWAP_BREAK pnl=-0.67% peakPnl=1.36% holdMs=2940000 high=18265.0000 avgPrice=18020.0000 weightedPnl=-0.67% (pending fill)
2026-06-12 15:27:21 INFO  SELL_FILLED_PNL 010170 reason=VWAP_BREAK filledQty=555/555 fillRatio=1.00 weightedPnl=-0.67% dailyPnl=-0.67%
2026-06-12 15:27:21 INFO  SELL_FILLED 010170 reason=VWAP_BREAK remainingQty=0 phase=NONE exitType=VWAP_BREAK
2026-06-12 15:27:21 INFO  BUY [KRX] 010170 mode=VWAP_RECLAIM price=16450.0000 qty=607 size=1.0000x score=50[D] | WHY: dayChg=7.88% vrScore=89 aboveBars=11 hadBelow=true vol/vol5=2.49x | VWAP: 3.29%(ABOVE slope=UP) allowedGap=3.00% | TREND: score=3 vel=1.73%/2.11%/2.50% accel=false | VOL: 679634.0000/232810.0000 TO: 11166386620.0000/3746356763.0000 | HIGH: 16470.0000 fromHigh=-0.24% | VR: score=89 aboveBars=11 hadBelow=true vol/vol5=2.49x | entryNo=1
2026-06-12 15:27:21 INFO  BUY_FILLED 010170 phase=HOLDING
2026-06-12 15:27:21 INFO  SELL_EXECUTED [KRX] 010170 mode=VWAP_RECLAIM phase=EXITING exitType=STOPLOSS price=16180.0000 qty=607 reason=STOP_LOSS_VWAP_RECLAIM pnl=-1.52% peakPnl=0.24% holdMs=360000 high=16470.0000 avgPrice=16430.0000 weightedPnl=-1.52% (pending fill)
2026-06-12 15:27:21 INFO  SELL_FILLED_PNL 010170 reason=STOP_LOSS_VWAP_RECLAIM filledQty=607/607 fillRatio=1.00 weightedPnl=-1.52% dailyPnl=-1.52%
2026-06-12 15:27:21 INFO  SELL_FILLED 010170 reason=STOP_LOSS_VWAP_RECLAIM remainingQty=0 phase=NONE exitType=STOPLOSS
2026-06-12 15:27:21 INFO  BUY [KRX] 010170 mode=VWAP_RECLAIM price=15800.0000 qty=632 size=1.0000x score=60[D] | WHY: dayChg=3.61% vrScore=86 aboveBars=9 hadBelow=true vol/vol5=2.39x | VWAP: 1.91%(ABOVE slope=UP) allowedGap=3.00% | TREND: score=3 vel=1.22%/1.68%/1.61% accel=false | VOL: 205388.0000/40316.8500 TO: 3241022640.0000/628761571.0000 | HIGH: 15870.0000 fromHigh=-0.57% | VR: score=86 aboveBars=9 hadBelow=true vol/vol5=2.39x | entryNo=2
2026-06-12 15:27:21 INFO  BUY_FILLED 010170 phase=HOLDING
2026-06-12 15:27:21 INFO  SELL [EOD_FORCE_SELL] 010170 pnl=-1.27% time=15:30
2026-06-12 15:27:21 INFO  SELL_EXECUTED [KRX] 010170 mode=VWAP_RECLAIM phase=EXITING exitType=TIMESTOP price=15580.0000 qty=632 reason=EOD_FORCE_SELL pnl=-1.27% peakPnl=1.27% holdMs=1980000 high=15980.0000 avgPrice=15780.0000 weightedPnl=-1.26% (pending fill)
2026-06-12 15:27:21 INFO  SELL_FILLED_PNL 010170 reason=EOD_FORCE_SELL filledQty=632/632 fillRatio=1.00 weightedPnl=-1.26% dailyPnl=-2.78%
2026-06-12 15:27:21 INFO  SELL_FILLED 010170 reason=EOD_FORCE_SELL remainingQty=0 phase=NONE exitType=TIMESTOP
2026-06-12 15:27:21 INFO  BUY [KRX] 010170 mode=VWAP_RECLAIM price=14800.0000 qty=675 size=1.0000x score=28[D] | WHY: dayChg=2.28% vrScore=85 aboveBars=9 hadBelow=true vol/vol5=2.17x | VWAP: 2.62%(ABOVE slope=UP) allowedGap=3.00% | TREND: score=3 vel=1.82%/2.00%/2.78% accel=false | VOL: 487466.0000/110143.2500 TO: 7209622140.0000/1598102129.5000 | HIGH: 14880.0000 fromHigh=-0.60% | VR: score=85 aboveBars=9 hadBelow=true vol/vol5=2.17x | entryNo=1
2026-06-12 15:27:21 INFO  BUY_FILLED 010170 phase=HOLDING
2026-06-12 15:27:21 INFO  SELL_EXECUTED [KRX] 010170 mode=VWAP_RECLAIM phase=EXITING exitType=STOPLOSS price=14550.0000 qty=675 reason=STOP_LOSS_VWAP_RECLAIM pnl=-1.62% peakPnl=-0.14% holdMs=240000 high=14770.0000 avgPrice=14790.0000 weightedPnl=-1.62% (pending fill)
2026-06-12 15:27:21 INFO  SELL_FILLED_PNL 010170 reason=STOP_LOSS_VWAP_RECLAIM filledQty=675/675 fillRatio=1.00 weightedPnl=-1.62% dailyPnl=-1.62%
2026-06-12 15:27:21 INFO  SELL_FILLED 010170 reason=STOP_LOSS_VWAP_RECLAIM remainingQty=0 phase=NONE exitType=STOPLOSS
2026-06-12 15:27:21 INFO  BUY [KRX] 010170 mode=VWAP_RECLAIM price=15150.0000 qty=660 size=1.0000x score=60[D] | WHY: dayChg=4.62% vrScore=86 aboveBars=12 hadBelow=true vol/vol5=1.93x | VWAP: 1.99%(ABOVE slope=UP) allowedGap=3.00% | TREND: score=3 vel=1.13%/1.27%/1.54% accel=false | VOL: 186760.0000/69422.2000 TO: 2833149200.0000/1036187558.5000 | HIGH: 15180.0000 fromHigh=-0.07% | VR: score=86 aboveBars=12 hadBelow=true vol/vol5=1.93x | entryNo=1
2026-06-12 15:27:21 INFO  BUY_FILLED 010170 phase=HOLDING
2026-06-12 15:27:21 INFO  SELL [TRAIL_VWAP_RECLAIM] 010170 pnl=0.00% peakPnl=1.94% high=15465.0000 current=15170.0000
2026-06-12 15:27:21 INFO  SELL_EXECUTED [KRX] 010170 mode=VWAP_RECLAIM phase=EXITING exitType=TRAIL price=15170.0000 qty=660 reason=TRAIL_VWAP_RECLAIM pnl=0.00% peakPnl=1.94% holdMs=840000 high=15465.0000 avgPrice=15170.0000 weightedPnl=0.00% (pending fill)
2026-06-12 15:27:21 INFO  SELL_FILLED 010170 reason=TRAIL_VWAP_RECLAIM remainingQty=0 phase=NONE exitType=TRAIL
2026-06-12 15:27:21 INFO  BUY [KRX] 010170 mode=BREAKOUT price=15500.0000 qty=645 size=1.0000x score=80[B] | WHY: strongBreakout volBreakout retestOK multiUp vol(4.11x) | VWAP: 1.93%(ABOVE slope=UP) allowedGap=2.20% | TREND: score=3 vel=2.72%/2.58%/2.65% accel=true | VOL: 666755.0000/162365.0000 TO: 10341370050.0000/2470683107.5000 | HIGH: 15550.0000 fromHigh=-0.26% | entryNo=1
2026-06-12 15:27:21 INFO  BUY_FILLED 010170 phase=HOLDING
2026-06-12 15:27:21 INFO  SELL_EXECUTED [KRX] 010170 mode=BREAKOUT phase=EXITING exitType=PROFIT price=16200.0000 qty=645 reason=TAKE_PROFIT_BREAKOUT pnl=4.45% peakPnl=4.45% holdMs=660000 high=16200.0000 avgPrice=15510.0000 weightedPnl=4.45% (pending fill)
2026-06-12 15:27:21 INFO  SELL_FILLED_PNL 010170 reason=TAKE_PROFIT_BREAKOUT filledQty=645/645 fillRatio=1.00 weightedPnl=4.45% dailyPnl=4.45%
2026-06-12 15:27:21 INFO  SELL_FILLED 010170 reason=TAKE_PROFIT_BREAKOUT remainingQty=0 phase=NONE exitType=PROFIT
2026-06-12 15:27:21 INFO  BUY [KRX] 010170 mode=VWAP_RECLAIM price=17550.0000 qty=569 size=1.0000x score=65[D] | WHY: dayChg=13.23% vrScore=85 aboveBars=7 hadBelow=true vol/vol5=3.22x | VWAP: 1.26%(ABOVE slope=DN) allowedGap=3.00% | TREND: score=3 vel=0.57%/0.52%/0.80% accel=true | VOL: 311397.0000/63621.7500 TO: 5461903380.0000/1109139400.0000 | HIGH: 17570.0000 fromHigh=-0.17% | VR: score=85 aboveBars=7 hadBelow=true vol/vol5=3.22x | entryNo=1
2026-06-12 15:27:21 INFO  BUY_FILLED 010170 phase=HOLDING
2026-06-12 15:27:21 INFO  SELL [TRAIL_VWAP_RECLAIM] 010170 pnl=0.86% peakPnl=1.94% high=17880.0000 current=17690.0000
2026-06-12 15:27:21 INFO  SELL_EXECUTED [KRX] 010170 mode=VWAP_RECLAIM phase=EXITING exitType=TRAIL price=17690.0000 qty=569 reason=TRAIL_VWAP_RECLAIM pnl=0.86% peakPnl=1.94% holdMs=6300000 high=17880.0000 avgPrice=17540.0000 weightedPnl=0.85% (pending fill)
2026-06-12 15:27:21 INFO  SELL_FILLED_PNL 010170 reason=TRAIL_VWAP_RECLAIM filledQty=569/569 fillRatio=1.00 weightedPnl=0.85% dailyPnl=0.85%
2026-06-12 15:27:21 INFO  SELL_FILLED 010170 reason=TRAIL_VWAP_RECLAIM remainingQty=0 phase=NONE exitType=TRAIL
2026-06-12 15:27:21 INFO  BUY [KRX] 010170 mode=VWAP_RECLAIM price=18350.0000 qty=544 size=1.0000x score=85[A](CONV) | WHY: dayChg=-0.70% vrScore=84 aboveBars=8 hadBelow=true vol/vol5=2.51x | VWAP: 1.19%(ABOVE slope=UP) allowedGap=3.00% | TREND: score=3 vel=0.66%/0.77%/0.77% accel=false | VOL: 211366.0000/53424.1000 TO: 3876452440.0000/972676914.5000 | HIGH: 18350.0000 fromHigh=-0.05% | VR: score=84 aboveBars=8 hadBelow=true vol/vol5=2.51x | entryNo=1
2026-06-12 15:27:21 INFO  BUY_FILLED 010170 phase=HOLDING
2026-06-12 15:27:21 INFO  SELL_EXECUTED [KRX] 010170 mode=VWAP_RECLAIM phase=EXITING exitType=VWAP_BREAK price=18100.0000 qty=544 reason=VWAP_BREAK pnl=-1.31% peakPnl=0.27% holdMs=2100000 high=18390.0000 avgPrice=18340.0000 weightedPnl=-1.31% (pending fill)
2026-06-12 15:27:21 INFO  SELL_FILLED_PNL 010170 reason=VWAP_BREAK filledQty=544/544 fillRatio=1.00 weightedPnl=-1.31% dailyPnl=-1.31%
2026-06-12 15:27:21 INFO  SELL_FILLED 010170 reason=VWAP_BREAK remainingQty=0 phase=NONE exitType=VWAP_BREAK
2026-06-12 15:27:21 INFO  BUY [KRX] 010170 mode=VWAP_RECLAIM price=30450.0000 qty=328 size=1.0000x score=45[D] | WHY: dayChg=1.50% vrScore=85 aboveBars=8 hadBelow=true vol/vol5=2.66x | VWAP: 2.76%(ABOVE slope=UP) allowedGap=3.00% | TREND: score=3 vel=1.50%/1.84%/1.67% accel=false | VOL: 731318.0000/227447.3000 TO: 22268633100.0000/6778635635.0000 | HIGH: 30500.0000 fromHigh=-0.16% | VR: score=85 aboveBars=8 hadBelow=true vol/vol5=2.66x | entryNo=1
2026-06-12 15:27:21 INFO  BUY_FILLED 010170 phase=HOLDING
2026-06-12 15:27:21 INFO  SELL [TRAIL_VWAP_RECLAIM] 010170 pnl=0.16% peakPnl=1.64% high=30950.0000 current=30500.0000
2026-06-12 15:27:21 INFO  SELL_EXECUTED [KRX] 010170 mode=VWAP_RECLAIM phase=EXITING exitType=TRAIL price=30500.0000 qty=328 reason=TRAIL_VWAP_RECLAIM pnl=0.16% peakPnl=1.64% holdMs=360000 high=30950.0000 avgPrice=30450.0000 weightedPnl=0.16% (pending fill)
2026-06-12 15:27:21 INFO  SELL_FILLED_PNL 010170 reason=TRAIL_VWAP_RECLAIM filledQty=328/328 fillRatio=1.00 weightedPnl=0.16% dailyPnl=0.16%
2026-06-12 15:27:21 INFO  SELL_FILLED 010170 reason=TRAIL_VWAP_RECLAIM remainingQty=0 phase=NONE exitType=TRAIL
2026-06-12 15:27:21 INFO  BUY [KRX] 010170 mode=VWAP_RECLAIM price=29150.0000 qty=343 size=1.0000x score=45[D] | WHY: dayChg=-2.83% vrScore=87 aboveBars=9 hadBelow=true vol/vol5=2.56x | VWAP: 2.09%(ABOVE slope=UP) allowedGap=3.00% | TREND: score=3 vel=1.57%/1.57%/1.57% accel=false | VOL: 424341.0000/89394.4000 TO: 12369540150.0000/2568284043.7500 | HIGH: 29150.0000 fromHigh=0.00% | VR: score=87 aboveBars=9 hadBelow=true vol/vol5=2.56x | entryNo=2
2026-06-12 15:27:21 INFO  BUY_FILLED 010170 phase=HOLDING
2026-06-12 15:27:21 INFO  SELL [EOD_FORCE_SELL] 010170 pnl=-0.17% time=15:30
2026-06-12 15:27:21 INFO  SELL_EXECUTED [KRX] 010170 mode=VWAP_RECLAIM phase=EXITING exitType=TIMESTOP price=29100.0000 qty=343 reason=EOD_FORCE_SELL pnl=-0.17% peakPnl=-0.17% holdMs=720000 high=29100.0000 avgPrice=29150.0000 weightedPnl=-0.17% (pending fill)
2026-06-12 15:27:21 INFO  SELL_FILLED_PNL 010170 reason=EOD_FORCE_SELL filledQty=343/343 fillRatio=1.00 weightedPnl=-0.17% dailyPnl=-0.01%
2026-06-12 15:27:21 INFO  SELL_FILLED 010170 reason=EOD_FORCE_SELL remainingQty=0 phase=NONE exitType=TIMESTOP
2026-06-12 15:27:21 INFO  BUY [KRX] 010170 mode=VWAP_RECLAIM price=21000.0000 qty=476 size=1.0000x score=32[D] | WHY: dayChg=-2.78% vrScore=88 aboveBars=11 hadBelow=true vol/vol5=2.36x | VWAP: 3.08%(ABOVE slope=UP) allowedGap=3.00% | TREND: score=3 vel=1.94%/2.44%/3.19% accel=false | VOL: 157711.0000/82742.9500 TO: 3311931000.0000/1685655065.5000 | HIGH: 21000.0000 fromHigh=0.00% | VR: score=88 aboveBars=11 hadBelow=true vol/vol5=2.36x | entryNo=1
2026-06-12 15:27:21 INFO  BUY_FILLED 010170 phase=HOLDING
2026-06-12 15:27:21 INFO  SELL_EXECUTED [KRX] 010170 mode=VWAP_RECLAIM phase=EXITING exitType=PROFIT price=21600.0000 qty=476 reason=TAKE_PROFIT_VWAP_RECLAIM pnl=2.86% peakPnl=2.86% holdMs=60000 high=21600.0000 avgPrice=21000.0000 weightedPnl=2.86% (pending fill)
2026-06-12 15:27:21 INFO  SELL_FILLED_PNL 010170 reason=TAKE_PROFIT_VWAP_RECLAIM filledQty=476/476 fillRatio=1.00 weightedPnl=2.86% dailyPnl=2.86%
2026-06-12 15:27:21 INFO  SELL_FILLED 010170 reason=TAKE_PROFIT_VWAP_RECLAIM remainingQty=0 phase=NONE exitType=PROFIT
2026-06-12 15:27:21 INFO  BUY [KRX] 010170 mode=VWAP_RECLAIM price=23400.0000 qty=427 size=1.0000x score=70[D] | WHY: dayChg=8.33% vrScore=84 aboveBars=9 hadBelow=true vol/vol5=1.91x | VWAP: 1.13%(ABOVE slope=DN) allowedGap=3.00% | TREND: score=3 vel=0.65%/0.86%/0.65% accel=false | VOL: 38253.0000/15483.3000 TO: 895120200.0000/358341962.5000 | HIGH: 23400.0000 fromHigh=0.00% | VR: score=84 aboveBars=9 hadBelow=true vol/vol5=1.91x | entryNo=2
2026-06-12 15:27:21 INFO  BUY_FILLED 010170 phase=HOLDING
2026-06-12 15:27:21 INFO  SELL_EXECUTED [KRX] 010170 mode=VWAP_RECLAIM phase=EXITING exitType=VWAP_BREAK price=23100.0000 qty=427 reason=VWAP_BREAK pnl=-1.28% peakPnl=0.00% holdMs=1740000 high=23400.0000 avgPrice=23400.0000 weightedPnl=-1.28% (pending fill)
2026-06-12 15:27:21 INFO  SELL_FILLED_PNL 010170 reason=VWAP_BREAK filledQty=427/427 fillRatio=1.00 weightedPnl=-1.28% dailyPnl=1.58%
2026-06-12 15:27:21 INFO  SELL_FILLED 010170 reason=VWAP_BREAK remainingQty=0 phase=NONE exitType=VWAP_BREAK
2026-06-12 15:27:21 INFO  BUY [KRX] 010170 mode=BREAKOUT price=24300.0000 qty=411 size=1.0000x score=80[B] | WHY: strongBreakout volBreakout retestOK multiUp vol(3.64x) | VWAP: 1.26%(ABOVE slope=UP) allowedGap=2.20% | TREND: score=3 vel=0.62%/0.41%/0.41% accel=true | VOL: 48567.0000/13339.0500 TO: 1180178100.0000/322428491.2500 | HIGH: 24300.0000 fromHigh=0.00% | entryNo=1
2026-06-12 15:27:21 INFO  BUY_FILLED 010170 phase=HOLDING
2026-06-12 15:27:21 INFO  SELL [EOD_FORCE_SELL] 010170 pnl=0.00% time=15:30
2026-06-12 15:27:21 INFO  SELL_EXECUTED [KRX] 010170 mode=BREAKOUT phase=EXITING exitType=TIMESTOP price=24300.0000 qty=411 reason=EOD_FORCE_SELL pnl=0.00% peakPnl=1.44% holdMs=5580000 high=24650.0000 avgPrice=24300.0000 weightedPnl=0.00% (pending fill)
2026-06-12 15:27:21 INFO  SELL_FILLED 010170 reason=EOD_FORCE_SELL remainingQty=0 phase=NONE exitType=TIMESTOP
2026-06-12 15:27:21 INFO  BUY [KRX] 010170 mode=VWAP_RECLAIM price=27750.0000 qty=360 size=1.0000x score=45[D] | WHY: dayChg=-0.18% vrScore=86 aboveBars=12 hadBelow=true vol/vol5=2.06x | VWAP: 2.52%(ABOVE slope=UP) allowedGap=3.00% | TREND: score=3 vel=1.09%/1.46%/1.09% accel=false | VOL: 124641.0000/32418.0500 TO: 3458787750.0000/886565547.5000 | HIGH: 27750.0000 fromHigh=0.00% | VR: score=86 aboveBars=12 hadBelow=true vol/vol5=2.06x | entryNo=1
2026-06-12 15:27:21 INFO  BUY_FILLED 010170 phase=HOLDING
2026-06-12 15:27:21 INFO  SELL [EOD_FORCE_SELL] 010170 pnl=-0.54% time=15:30
2026-06-12 15:27:21 INFO  SELL_EXECUTED [KRX] 010170 mode=VWAP_RECLAIM phase=EXITING exitType=TIMESTOP price=27600.0000 qty=360 reason=EOD_FORCE_SELL pnl=-0.54% peakPnl=0.36% holdMs=3360000 high=27850.0000 avgPrice=27750.0000 weightedPnl=-0.54% (pending fill)
2026-06-12 15:27:21 INFO  SELL_FILLED_PNL 010170 reason=EOD_FORCE_SELL filledQty=360/360 fillRatio=1.00 weightedPnl=-0.54% dailyPnl=-0.54%
2026-06-12 15:27:21 INFO  SELL_FILLED 010170 reason=EOD_FORCE_SELL remainingQty=0 phase=NONE exitType=TIMESTOP
2026-06-12 15:27:21 INFO  BUY [KRX] 010170 mode=BREAKOUT price=17000.0000 qty=588 size=1.0000x score=80[B] | WHY: strongBreakout volBreakout retestOK multiUp vol(2.91x) | VWAP: 0.97%(ABOVE slope=UP) allowedGap=2.20% | TREND: score=3 vel=0.24%/0.12%/0.18% accel=true | VOL: 35890.0000/12343.8500 TO: 610130000.0000/209261601.0000 | HIGH: 17020.0000 fromHigh=-0.12% | entryNo=1
2026-06-12 15:27:21 INFO  BUY_FILLED 010170 phase=HOLDING
2026-06-12 15:27:21 INFO  SELL [EOD_FORCE_SELL] 010170 pnl=0.41% time=15:30
2026-06-12 15:27:21 INFO  SELL_EXECUTED [KRX] 010170 mode=BREAKOUT phase=EXITING exitType=TIMESTOP price=17070.0000 qty=588 reason=EOD_FORCE_SELL pnl=0.41% peakPnl=0.41% holdMs=2280000 high=17070.0000 avgPrice=17000.0000 weightedPnl=0.41% (pending fill)
2026-06-12 15:27:21 INFO  SELL_FILLED_PNL 010170 reason=EOD_FORCE_SELL filledQty=588/588 fillRatio=1.00 weightedPnl=0.41% dailyPnl=0.41%
2026-06-12 15:27:21 INFO  SELL_FILLED 010170 reason=EOD_FORCE_SELL remainingQty=0 phase=NONE exitType=TIMESTOP
2026-06-12 15:27:21 INFO  BUY [KRX] 010170 mode=VWAP_RECLAIM price=18650.0000 qty=536 size=1.0000x score=47[D] | WHY: dayChg=3.90% vrScore=84 aboveBars=9 hadBelow=true vol/vol5=1.93x | VWAP: 1.80%(ABOVE slope=DN) allowedGap=3.00% | TREND: score=3 vel=0.59%/1.25%/1.25% accel=false | VOL: 69754.0000/21473.1000 TO: 1300214560.0000/395253872.0000 | HIGH: 18660.0000 fromHigh=-0.11% | VR: score=84 aboveBars=9 hadBelow=true vol/vol5=1.93x | entryNo=1
2026-06-12 15:27:21 INFO  BUY_FILLED 010170 phase=HOLDING
2026-06-12 15:27:21 INFO  SELL_EXECUTED [KRX] 010170 mode=VWAP_RECLAIM phase=EXITING exitType=PROFIT price=19050.0000 qty=536 reason=TAKE_PROFIT_VWAP_RECLAIM pnl=2.20% peakPnl=2.20% holdMs=900000 high=19050.0000 avgPrice=18640.0000 weightedPnl=2.20% (pending fill)
2026-06-12 15:27:21 INFO  SELL_FILLED_PNL 010170 reason=TAKE_PROFIT_VWAP_RECLAIM filledQty=536/536 fillRatio=1.00 weightedPnl=2.20% dailyPnl=2.20%
2026-06-12 15:27:21 INFO  SELL_FILLED 010170 reason=TAKE_PROFIT_VWAP_RECLAIM remainingQty=0 phase=NONE exitType=PROFIT
2026-06-12 15:27:21 INFO  BUY amount set for 000990: 10000000.00
2026-06-12 15:27:21 INFO  BUY [KRX] 000990 mode=BREAKOUT price=86300.0000 qty=115 size=1.0000x score=80[B] | WHY: strongBreakout volBreakout retestOK multiUp vol(3.67x) | VWAP: 1.71%(ABOVE slope=UP) allowedGap=2.20% | TREND: score=3 vel=0.58%/0.47%/1.65% accel=true | VOL: 2891.0000/787.8000 TO: 249493300.0000/67475435.0000 | HIGH: 86300.0000 fromHigh=0.00% | entryNo=1
2026-06-12 15:27:21 INFO  BUY_FILLED 000990 phase=HOLDING
2026-06-12 15:27:21 INFO  SELL_EXECUTED [KRX] 000990 mode=BREAKOUT phase=EXITING exitType=PROFIT price=90600.0000 qty=115 reason=TAKE_PROFIT_BREAKOUT pnl=4.98% peakPnl=4.98% holdMs=780000 high=90600.0000 avgPrice=86300.0000 weightedPnl=4.95% (pending fill)
2026-06-12 15:27:21 INFO  SELL_FILLED_PNL 000990 reason=TAKE_PROFIT_BREAKOUT filledQty=115/115 fillRatio=1.00 weightedPnl=4.95% dailyPnl=4.95%
2026-06-12 15:27:21 INFO  SELL_FILLED 000990 reason=TAKE_PROFIT_BREAKOUT remainingQty=0 phase=NONE exitType=PROFIT
2026-06-12 15:27:21 INFO  BUY [KRX] 000990 mode=BREAKOUT price=87900.0000 qty=91 size=0.8000x score=85[A](CONV) | WHY: strongBreakout volBreakout retestOK multiUp vol(2.13x) | VWAP: 0.86%(ABOVE slope=UP) allowedGap=2.20% | TREND: score=3 vel=0.80%/0.46%/0.34% accel=true | VOL: 6437.0000/3024.9500 TO: 565812300.0000/264368455.0000 | HIGH: 87900.0000 fromHigh=0.00% | entryNo=1
2026-06-12 15:27:21 INFO  BUY_FILLED 000990 phase=HOLDING
2026-06-12 15:27:21 INFO  SELL [EOD_FORCE_SELL] 000990 pnl=0.00% time=15:30
2026-06-12 15:27:21 INFO  SELL_EXECUTED [KRX] 000990 mode=BREAKOUT phase=EXITING exitType=TIMESTOP price=87900.0000 qty=91 reason=EOD_FORCE_SELL pnl=0.00% peakPnl=0.11% holdMs=900000 high=88000.0000 avgPrice=87900.0000 weightedPnl=0.00% (pending fill)
2026-06-12 15:27:21 INFO  SELL_FILLED 000990 reason=EOD_FORCE_SELL remainingQty=0 phase=NONE exitType=TIMESTOP
2026-06-12 15:27:21 INFO  BUY [KRX] 000990 mode=BREAKOUT price=87700.0000 qty=114 size=1.0000x score=85[A](CONV) | WHY: strongBreakout volBreakout retestOK multiUp vol(2.86x) | VWAP: 1.21%(ABOVE slope=UP) allowedGap=2.20% | TREND: score=3 vel=0.80%/0.57%/0.46% accel=true | VOL: 2224.0000/778.3500 TO: 195044800.0000/67912115.0000 | HIGH: 87900.0000 fromHigh=-0.23% | entryNo=1
2026-06-12 15:27:21 INFO  BUY_FILLED 000990 phase=HOLDING
2026-06-12 15:27:21 INFO  SELL_EXECUTED [KRX] 000990 mode=BREAKOUT phase=EXITING exitType=VWAP_BREAK price=87400.0000 qty=114 reason=VWAP_BREAK pnl=-0.34% peakPnl=1.82% holdMs=19080000 high=89300.0000 avgPrice=87700.0000 weightedPnl=-0.34% (pending fill)
2026-06-12 15:27:21 INFO  SELL_FILLED_PNL 000990 reason=VWAP_BREAK filledQty=114/114 fillRatio=1.00 weightedPnl=-0.34% dailyPnl=-0.34%
2026-06-12 15:27:21 INFO  SELL_FILLED 000990 reason=VWAP_BREAK remainingQty=0 phase=NONE exitType=VWAP_BREAK
2026-06-12 15:27:21 INFO  BUY [KRX] 000990 mode=VWAP_RECLAIM price=81200.0000 qty=123 size=1.0000x score=80[B] | WHY: dayChg=3.31% vrScore=84 aboveBars=9 hadBelow=true vol/vol5=2.02x | VWAP: 1.33%(ABOVE slope=UP) allowedGap=3.00% | TREND: score=3 vel=0.74%/0.87%/1.00% accel=false | VOL: 3245.0000/1522.0500 TO: 263494000.0000/122720285.0000 | HIGH: 81400.0000 fromHigh=-0.25% | VR: score=84 aboveBars=9 hadBelow=true vol/vol5=2.02x | entryNo=1
2026-06-12 15:27:21 INFO  BUY_FILLED 000990 phase=HOLDING
2026-06-12 15:27:21 INFO  SELL_EXECUTED [KRX] 000990 mode=VWAP_RECLAIM phase=EXITING exitType=PROFIT price=83100.0000 qty=123 reason=TAKE_PROFIT_VWAP_RECLAIM pnl=2.34% peakPnl=2.34% holdMs=2700000 high=83100.0000 avgPrice=81200.0000 weightedPnl=2.34% (pending fill)
2026-06-12 15:27:21 INFO  SELL_FILLED_PNL 000990 reason=TAKE_PROFIT_VWAP_RECLAIM filledQty=123/123 fillRatio=1.00 weightedPnl=2.34% dailyPnl=2.34%
2026-06-12 15:27:21 INFO  SELL_FILLED 000990 reason=TAKE_PROFIT_VWAP_RECLAIM remainingQty=0 phase=NONE exitType=PROFIT
2026-06-12 15:27:21 INFO  BUY [KRX] 000990 mode=VWAP_RECLAIM price=83600.0000 qty=119 size=1.0000x score=85[A](CONV) | WHY: dayChg=6.36% vrScore=89 aboveBars=8 hadBelow=true vol/vol5=3.53x | VWAP: 0.94%(ABOVE slope=UP) allowedGap=3.00% | TREND: score=3 vel=0.60%/0.60%/0.72% accel=false | VOL: 3210.0000/565.5500 TO: 268356000.0000/46996365.0000 | HIGH: 83600.0000 fromHigh=0.00% | VR: score=89 aboveBars=8 hadBelow=true vol/vol5=3.53x | entryNo=2
2026-06-12 15:27:21 INFO  BUY_FILLED 000990 phase=HOLDING
2026-06-12 15:27:21 INFO  SELL [TRAIL_VWAP_RECLAIM] 000990 pnl=0.60% peakPnl=1.79% high=85100.0000 current=84100.0000
2026-06-12 15:27:21 INFO  SELL_EXECUTED [KRX] 000990 mode=VWAP_RECLAIM phase=EXITING exitType=TRAIL price=84100.0000 qty=119 reason=TRAIL_VWAP_RECLAIM pnl=0.60% peakPnl=1.79% holdMs=1080000 high=85100.0000 avgPrice=83600.0000 weightedPnl=0.60% (pending fill)
2026-06-12 15:27:21 INFO  SELL_FILLED_PNL 000990 reason=TRAIL_VWAP_RECLAIM filledQty=119/119 fillRatio=1.00 weightedPnl=0.60% dailyPnl=2.93%
2026-06-12 15:27:21 INFO  SELL_FILLED 000990 reason=TRAIL_VWAP_RECLAIM remainingQty=0 phase=NONE exitType=TRAIL
2026-06-12 15:27:21 INFO  BUY [KRX] 000990 mode=VWAP_RECLAIM price=84800.0000 qty=117 size=1.0000x score=60[D] | WHY: dayChg=3.92% vrScore=88 aboveBars=11 hadBelow=true vol/vol5=2.40x | VWAP: 1.98%(ABOVE slope=UP) allowedGap=3.00% | TREND: score=3 vel=0.95%/1.44%/1.19% accel=false | VOL: 6209.0000/2406.1000 TO: 526523200.0000/201714190.0000 | HIGH: 84800.0000 fromHigh=0.00% | VR: score=88 aboveBars=11 hadBelow=true vol/vol5=2.40x | entryNo=1
2026-06-12 15:27:21 INFO  BUY_FILLED 000990 phase=HOLDING
2026-06-12 15:27:21 INFO  SELL_EXECUTED [KRX] 000990 mode=VWAP_RECLAIM phase=EXITING exitType=VWAP_BREAK price=83300.0000 qty=117 reason=VWAP_BREAK pnl=-1.77% peakPnl=0.83% holdMs=1140000 high=85500.0000 avgPrice=84800.0000 weightedPnl=-1.76% (pending fill)
2026-06-12 15:27:21 INFO  SELL_FILLED_PNL 000990 reason=VWAP_BREAK filledQty=117/117 fillRatio=1.00 weightedPnl=-1.76% dailyPnl=-1.76%
2026-06-12 15:27:21 INFO  SELL_FILLED 000990 reason=VWAP_BREAK remainingQty=0 phase=NONE exitType=VWAP_BREAK
2026-06-12 15:27:21 INFO  BUY [KRX] 000990 mode=VWAP_RECLAIM price=82700.0000 qty=120 size=1.0000x score=85[A](CONV) | WHY: dayChg=0.00% vrScore=89 aboveBars=12 hadBelow=true vol/vol5=2.60x | VWAP: 1.69%(ABOVE slope=UP) allowedGap=3.00% | TREND: score=3 vel=0.85%/0.85%/1.10% accel=false | VOL: 2742.0000/765.9000 TO: 226763400.0000/62664325.0000 | HIGH: 82900.0000 fromHigh=-0.24% | VR: score=89 aboveBars=12 hadBelow=true vol/vol5=2.60x | entryNo=1
2026-06-12 15:27:21 INFO  BUY_FILLED 000990 phase=HOLDING
2026-06-12 15:27:21 INFO  SELL_EXECUTED [KRX] 000990 mode=VWAP_RECLAIM phase=EXITING exitType=PROFIT price=84400.0000 qty=120 reason=TAKE_PROFIT_VWAP_RECLAIM pnl=2.06% peakPnl=2.06% holdMs=6360000 high=84400.0000 avgPrice=82700.0000 weightedPnl=2.04% (pending fill)
2026-06-12 15:27:21 INFO  SELL_FILLED_PNL 000990 reason=TAKE_PROFIT_VWAP_RECLAIM filledQty=120/120 fillRatio=1.00 weightedPnl=2.04% dailyPnl=2.04%
2026-06-12 15:27:21 INFO  SELL_FILLED 000990 reason=TAKE_PROFIT_VWAP_RECLAIM remainingQty=0 phase=NONE exitType=PROFIT
2026-06-12 15:27:22 INFO  BUY [KRX] 000990 mode=PULLBACK price=93900.0000 qty=159 size=1.5000x score=80[B] | WHY: zone(-1.16%fromHigh) vel+ avgCross priceAboveAvg vol(6.21x) | VWAP: 0.35%(ABOVE slope=UP) allowedGap=1.00% | TREND: score=3 vel=1.73%/1.51%/1.40% accel=true | VOL: 6406.0000/1031.5500 TO: 601523400.0000/95979755.0000 | HIGH: 95000.0000 fromHigh=-1.16% | entryNo=1
2026-06-12 15:27:22 INFO  BUY_FILLED 000990 phase=HOLDING
2026-06-12 15:27:22 INFO  SELL_EXECUTED [KRX] 000990 mode=PULLBACK phase=EXITING exitType=STOPLOSS price=93300.0000 qty=159 reason=FAILED_PULLBACK pnl=-0.64% peakPnl=0.00% holdMs=180000 high=93900.0000 avgPrice=93900.0000 weightedPnl=-0.95% (pending fill)
2026-06-12 15:27:22 INFO  SELL_FILLED_PNL 000990 reason=FAILED_PULLBACK filledQty=159/159 fillRatio=1.00 weightedPnl=-0.95% dailyPnl=-0.95%
2026-06-12 15:27:22 INFO  SELL_FILLED 000990 reason=FAILED_PULLBACK remainingQty=0 phase=NONE exitType=STOPLOSS
2026-06-12 15:27:22 INFO  BUY [KRX] 000990 mode=VWAP_RECLAIM price=97800.0000 qty=102 size=1.0000x score=95[SS](CONV) | WHY: dayChg=1.35% vrScore=85 aboveBars=7 hadBelow=true vol/vol5=3.02x | VWAP: 1.06%(ABOVE slope=UP) allowedGap=3.00% | TREND: score=3 vel=1.03%/1.03%/0.82% accel=false | VOL: 4394.0000/718.3500 TO: 429733200.0000/69738645.0000 | HIGH: 98000.0000 fromHigh=-0.20% | VR: score=85 aboveBars=7 hadBelow=true vol/vol5=3.02x | entryNo=1
2026-06-12 15:27:22 INFO  BUY_FILLED 000990 phase=HOLDING
2026-06-12 15:27:22 INFO  SELL_EXECUTED [KRX] 000990 mode=VWAP_RECLAIM phase=EXITING exitType=PROFIT price=100500.0000 qty=102 reason=TAKE_PROFIT_VWAP_RECLAIM pnl=2.97% peakPnl=2.97% holdMs=240000 high=100700.0000 avgPrice=97800.0000 weightedPnl=2.96% (pending fill)
2026-06-12 15:27:22 INFO  SELL_FILLED_PNL 000990 reason=TAKE_PROFIT_VWAP_RECLAIM filledQty=102/102 fillRatio=1.00 weightedPnl=2.96% dailyPnl=2.96%
2026-06-12 15:27:22 INFO  SELL_FILLED 000990 reason=TAKE_PROFIT_VWAP_RECLAIM remainingQty=0 phase=NONE exitType=PROFIT
2026-06-12 15:27:22 INFO  BUY [KRX] 000990 mode=VWAP_RECLAIM price=97800.0000 qty=102 size=1.0000x score=46[D] | WHY: dayChg=-0.71% vrScore=85 aboveBars=12 hadBelow=true vol/vol5=1.83x | VWAP: 1.03%(ABOVE slope=DN) allowedGap=3.00% | TREND: score=3 vel=0.62%/0.72%/0.31% accel=false | VOL: 1102.0000/801.4000 TO: 107775600.0000/77609860.0000 | HIGH: 97800.0000 fromHigh=0.00% | VR: score=85 aboveBars=12 hadBelow=true vol/vol5=1.83x | entryNo=1
2026-06-12 15:27:22 INFO  BUY_FILLED 000990 phase=HOLDING
2026-06-12 15:27:22 INFO  SELL_EXECUTED [KRX] 000990 mode=VWAP_RECLAIM phase=EXITING exitType=PROFIT price=100500.0000 qty=102 reason=TAKE_PROFIT_VWAP_RECLAIM pnl=2.76% peakPnl=2.76% holdMs=2220000 high=100500.0000 avgPrice=97800.0000 weightedPnl=2.75% (pending fill)
2026-06-12 15:27:22 INFO  SELL_FILLED_PNL 000990 reason=TAKE_PROFIT_VWAP_RECLAIM filledQty=102/102 fillRatio=1.00 weightedPnl=2.75% dailyPnl=2.75%
2026-06-12 15:27:22 INFO  SELL_FILLED 000990 reason=TAKE_PROFIT_VWAP_RECLAIM remainingQty=0 phase=NONE exitType=PROFIT
2026-06-12 15:27:22 INFO  BUY [KRX] 000990 mode=BREAKOUT price=127500.0000 qty=78 size=1.0000x score=80[B] | WHY: strongBreakout volBreakout retestOK multiUp vol(4.46x) | VWAP: 1.62%(ABOVE slope=UP) allowedGap=2.20% | TREND: score=3 vel=0.79%/0.47%/0.71% accel=true | VOL: 6727.0000/1509.9000 TO: 856347100.0000/190875745.0000 | HIGH: 127400.0000 fromHigh=-0.08% | entryNo=1
2026-06-12 15:27:22 INFO  BUY_FILLED 000990 phase=HOLDING
2026-06-12 15:27:22 INFO  SELL [EOD_FORCE_SELL] 000990 pnl=0.47% time=15:30
2026-06-12 15:27:22 INFO  SELL_EXECUTED [KRX] 000990 mode=BREAKOUT phase=EXITING exitType=TIMESTOP price=127900.0000 qty=78 reason=EOD_FORCE_SELL pnl=0.47% peakPnl=0.94% holdMs=4680000 high=128500.0000 avgPrice=127300.0000 weightedPnl=0.47% (pending fill)
2026-06-12 15:27:22 INFO  SELL_FILLED_PNL 000990 reason=EOD_FORCE_SELL filledQty=78/78 fillRatio=1.00 weightedPnl=0.47% dailyPnl=0.47%
2026-06-12 15:27:22 INFO  SELL_FILLED 000990 reason=EOD_FORCE_SELL remainingQty=0 phase=NONE exitType=TIMESTOP
2026-06-12 15:27:22 INFO  BUY [KRX] 000990 mode=BREAKOUT price=162000.0000 qty=49 size=0.8000x score=80[B] | WHY: strongBreakout volBreakout retestOK multiUp vol(2.18x) | VWAP: 0.84%(ABOVE slope=UP) allowedGap=2.20% | TREND: score=3 vel=0.31%/0.25%/0.56% accel=true | VOL: 12631.0000/5804.0500 TO: 2043695800.0000/935357020.0000 | HIGH: 161900.0000 fromHigh=-0.06% | entryNo=1
2026-06-12 15:27:22 INFO  BUY_FILLED 000990 phase=HOLDING
2026-06-12 15:27:22 INFO  SELL [EOD_FORCE_SELL] 000990 pnl=0.12% time=15:30
2026-06-12 15:27:22 INFO  SELL_EXECUTED [KRX] 000990 mode=BREAKOUT phase=EXITING exitType=TIMESTOP price=162000.0000 qty=49 reason=EOD_FORCE_SELL pnl=0.12% peakPnl=0.19% holdMs=780000 high=162100.0000 avgPrice=161800.0000 weightedPnl=0.10% (pending fill)
2026-06-12 15:27:22 INFO  SELL_FILLED_PNL 000990 reason=EOD_FORCE_SELL filledQty=49/49 fillRatio=1.00 weightedPnl=0.10% dailyPnl=0.10%
2026-06-12 15:27:22 INFO  SELL_FILLED 000990 reason=EOD_FORCE_SELL remainingQty=0 phase=NONE exitType=TIMESTOP
2026-06-12 15:27:22 INFO  BUY [KRX] 000990 mode=BREAKOUT price=157500.0000 qty=63 size=1.0000x score=85[A](CONV) | WHY: strongBreakout volBreakout retestOK multiUp vol(2.60x) | VWAP: 1.13%(ABOVE slope=UP) allowedGap=2.20% | TREND: score=3 vel=2.21%/1.55%/1.22% accel=true | VOL: 3402.0000/1307.1500 TO: 535815000.0000/202750045.0000 | HIGH: 157700.0000 fromHigh=-0.13% | entryNo=1
2026-06-12 15:27:22 INFO  BUY_FILLED 000990 phase=HOLDING
2026-06-12 15:27:22 INFO  SELL_EXECUTED [KRX] 000990 mode=BREAKOUT phase=EXITING exitType=VWAP_BREAK price=155500.0000 qty=63 reason=VWAP_BREAK pnl=-1.27% peakPnl=1.46% holdMs=1560000 high=159800.0000 avgPrice=157500.0000 weightedPnl=-1.26% (pending fill)
2026-06-12 15:27:22 INFO  SELL_FILLED_PNL 000990 reason=VWAP_BREAK filledQty=63/63 fillRatio=1.00 weightedPnl=-1.26% dailyPnl=-1.26%
2026-06-12 15:27:22 INFO  SELL_FILLED 000990 reason=VWAP_BREAK remainingQty=0 phase=NONE exitType=VWAP_BREAK
2026-06-12 15:27:22 INFO  BUY [KRX] 000990 mode=BREAKOUT price=193500.0000 qty=51 size=1.0000x score=80[B] | WHY: strongBreakout volBreakout retestOK multiUp vol(3.08x) | VWAP: 1.72%(ABOVE slope=UP) allowedGap=2.20% | TREND: score=3 vel=0.83%/0.78%/0.62% accel=true | VOL: 6332.0000/2058.9500 TO: 1225875200.0000/395801850.0000 | HIGH: 193700.0000 fromHigh=-0.05% | entryNo=1
2026-06-12 15:27:22 INFO  BUY_FILLED 000990 phase=HOLDING
2026-06-12 15:27:22 INFO  SELL [EOD_FORCE_SELL] 000990 pnl=0.36% time=15:30
2026-06-12 15:27:22 INFO  SELL_EXECUTED [KRX] 000990 mode=BREAKOUT phase=EXITING exitType=TIMESTOP price=194300.0000 qty=51 reason=EOD_FORCE_SELL pnl=0.36% peakPnl=0.36% holdMs=1800000 high=194300.0000 avgPrice=193600.0000 weightedPnl=0.36% (pending fill)
2026-06-12 15:27:22 INFO  SELL_FILLED_PNL 000990 reason=EOD_FORCE_SELL filledQty=51/51 fillRatio=1.00 weightedPnl=0.36% dailyPnl=0.36%
2026-06-12 15:27:22 INFO  SELL_FILLED 000990 reason=EOD_FORCE_SELL remainingQty=0 phase=NONE exitType=TIMESTOP
2026-06-12 15:27:22 INFO  BUY [KRX] 000990 mode=VWAP_RECLAIM price=179000.0000 qty=55 size=1.0000x score=27[D] | WHY: dayChg=-1.92% vrScore=88 aboveBars=10 hadBelow=true vol/vol5=2.31x | VWAP: 2.10%(ABOVE slope=UP) allowedGap=3.00% | TREND: score=3 vel=1.02%/1.30%/1.42% accel=false | VOL: 3173.0000/1707.6500 TO: 567967000.0000/299379660.0000 | HIGH: 179900.0000 fromHigh=-0.50% | VR: score=88 aboveBars=10 hadBelow=true vol/vol5=2.31x | entryNo=1
2026-06-12 15:27:22 INFO  BUY_FILLED 000990 phase=HOLDING
2026-06-12 15:27:22 INFO  SELL_EXECUTED [KRX] 000990 mode=VWAP_RECLAIM phase=EXITING exitType=STOPLOSS price=176000.0000 qty=55 reason=STOP_LOSS_VWAP_RECLAIM pnl=-1.68% peakPnl=0.39% holdMs=600000 high=179700.0000 avgPrice=179000.0000 weightedPnl=-1.65% (pending fill)
2026-06-12 15:27:22 INFO  SELL_FILLED_PNL 000990 reason=STOP_LOSS_VWAP_RECLAIM filledQty=55/55 fillRatio=1.00 weightedPnl=-1.65% dailyPnl=-1.65%
2026-06-12 15:27:22 INFO  SELL_FILLED 000990 reason=STOP_LOSS_VWAP_RECLAIM remainingQty=0 phase=NONE exitType=STOPLOSS
2026-06-12 15:27:22 INFO  BUY [KRX] 000990 mode=VWAP_RECLAIM price=179000.0000 qty=55 size=1.0000x score=45[D] | WHY: dayChg=2.76% vrScore=83 aboveBars=8 hadBelow=true vol/vol5=2.33x | VWAP: 2.30%(ABOVE slope=UP) allowedGap=3.00% | TREND: score=3 vel=1.65%/2.70%/2.46% accel=false | VOL: 15666.0000/3608.2000 TO: 2801080800.0000/630777195.0000 | HIGH: 178800.0000 fromHigh=0.00% | VR: score=83 aboveBars=8 hadBelow=true vol/vol5=2.33x | entryNo=1
2026-06-12 15:27:22 INFO  BUY_FILLED 000990 phase=HOLDING
2026-06-12 15:27:22 INFO  SELL_EXECUTED [KRX] 000990 mode=VWAP_RECLAIM phase=EXITING exitType=VWAP_BREAK price=174600.0000 qty=55 reason=VWAP_BREAK pnl=-2.35% peakPnl=1.23% holdMs=720000 high=181000.0000 avgPrice=178800.0000 weightedPnl=-2.31% (pending fill)
2026-06-12 15:27:22 INFO  SELL_FILLED_PNL 000990 reason=VWAP_BREAK filledQty=55/55 fillRatio=1.00 weightedPnl=-2.31% dailyPnl=-2.31%
2026-06-12 15:27:22 INFO  SELL_FILLED 000990 reason=VWAP_BREAK remainingQty=0 phase=NONE exitType=VWAP_BREAK
2026-06-12 15:27:22 INFO  BUY amount set for 080220: 10000000.00
2026-06-12 15:27:22 INFO  BUY [KRX] 080220 mode=BREAKOUT price=43850.0000 qty=228 size=1.0000x score=85[A](CONV) | WHY: strongBreakout volBreakout retestOK multiUp vol(2.62x) | VWAP: 0.36%(ABOVE slope=UP) allowedGap=2.20% | TREND: score=3 vel=1.04%/0.80%/0.80% accel=true | VOL: 23307.0000/8907.0500 TO: 1022011950.0000/388905165.0000 | HIGH: 43900.0000 fromHigh=-0.11% | entryNo=1
2026-06-12 15:27:22 INFO  BUY_FILLED 080220 phase=HOLDING
2026-06-12 15:27:22 INFO  SELL_EXECUTED [KRX] 080220 mode=BREAKOUT phase=EXITING exitType=VWAP_BREAK price=43500.0000 qty=228 reason=VWAP_BREAK pnl=-0.80% peakPnl=0.23% holdMs=2940000 high=43950.0000 avgPrice=43850.0000 weightedPnl=-0.80% (pending fill)
2026-06-12 15:27:22 INFO  SELL_FILLED_PNL 080220 reason=VWAP_BREAK filledQty=228/228 fillRatio=1.00 weightedPnl=-0.80% dailyPnl=-0.80%
2026-06-12 15:27:22 INFO  SELL_FILLED 080220 reason=VWAP_BREAK remainingQty=0 phase=NONE exitType=VWAP_BREAK
2026-06-12 15:27:22 INFO  BUY [KRX] 080220 mode=BREAKOUT price=43450.0000 qty=184 size=0.8000x score=85[A](CONV) | WHY: strongBreakout volBreakout retestOK multiUp vol(2.10x) | VWAP: 1.15%(ABOVE slope=UP) allowedGap=2.20% | TREND: score=3 vel=2.00%/1.76%/1.52% accel=true | VOL: 30633.0000/14592.0000 TO: 1331003850.0000/626787116.6667 | HIGH: 43500.0000 fromHigh=-0.11% | entryNo=1
2026-06-12 15:27:22 INFO  BUY_FILLED 080220 phase=HOLDING
2026-06-12 15:27:22 INFO  SELL_EXECUTED [KRX] 080220 mode=BREAKOUT phase=EXITING exitType=VWAP_BREAK price=42850.0000 qty=184 reason=VWAP_BREAK pnl=-1.38% peakPnl=1.04% holdMs=1500000 high=43900.0000 avgPrice=43450.0000 weightedPnl=-1.10% (pending fill)
2026-06-12 15:27:22 INFO  SELL_FILLED_PNL 080220 reason=VWAP_BREAK filledQty=184/184 fillRatio=1.00 weightedPnl=-1.10% dailyPnl=-1.10%
2026-06-12 15:27:22 INFO  SELL_FILLED 080220 reason=VWAP_BREAK remainingQty=0 phase=NONE exitType=VWAP_BREAK
2026-06-12 15:27:22 INFO  BUY [KRX] 080220 mode=BREAKOUT price=44100.0000 qty=226 size=1.0000x score=85[A](CONV) | WHY: strongBreakout volBreakout retestOK multiUp vol(2.55x) | VWAP: 0.84%(ABOVE slope=UP) allowedGap=2.20% | TREND: score=3 vel=0.92%/0.57%/0.46% accel=true | VOL: 32005.0000/12545.2353 TO: 1411420500.0000/548663025.0000 | HIGH: 44150.0000 fromHigh=-0.11% | entryNo=1
2026-06-12 15:27:22 INFO  BUY_FILLED 080220 phase=HOLDING
2026-06-12 15:27:22 INFO  SELL_EXECUTED [KRX] 080220 mode=BREAKOUT phase=EXITING exitType=VWAP_BREAK price=43950.0000 qty=226 reason=VWAP_BREAK pnl=-0.34% peakPnl=1.47% holdMs=6960000 high=44750.0000 avgPrice=44100.0000 weightedPnl=-0.34% (pending fill)
2026-06-12 15:27:22 INFO  SELL_FILLED_PNL 080220 reason=VWAP_BREAK filledQty=226/226 fillRatio=1.00 weightedPnl=-0.34% dailyPnl=-0.34%
2026-06-12 15:27:22 INFO  SELL_FILLED 080220 reason=VWAP_BREAK remainingQty=0 phase=NONE exitType=VWAP_BREAK
2026-06-12 15:27:22 INFO  BUY [KRX] 080220 mode=BREAKOUT price=40000.0000 qty=250 size=1.0000x score=80[B] | WHY: strongBreakout volBreakout retestOK multiUp vol(3.81x) | VWAP: 1.37%(ABOVE slope=UP) allowedGap=2.20% | TREND: score=3 vel=0.50%/0.38%/0.50% accel=true | VOL: 4864.0000/1275.1500 TO: 194560000.0000/50689685.0000 | HIGH: 40000.0000 fromHigh=0.00% | entryNo=1
2026-06-12 15:27:22 INFO  BUY_FILLED 080220 phase=HOLDING
2026-06-12 15:27:22 INFO  SELL [TRAIL_BREAKOUT] 080220 pnl=0.88% peakPnl=2.75% high=41100.0000 current=40350.0000
2026-06-12 15:27:22 INFO  SELL_EXECUTED [KRX] 080220 mode=BREAKOUT phase=EXITING exitType=TRAIL price=40350.0000 qty=250 reason=TRAIL_BREAKOUT pnl=0.88% peakPnl=2.75% holdMs=5100000 high=41100.0000 avgPrice=40000.0000 weightedPnl=0.88% (pending fill)
2026-06-12 15:27:22 INFO  SELL_FILLED_PNL 080220 reason=TRAIL_BREAKOUT filledQty=250/250 fillRatio=1.00 weightedPnl=0.88% dailyPnl=0.88%
2026-06-12 15:27:22 INFO  SELL_FILLED 080220 reason=TRAIL_BREAKOUT remainingQty=0 phase=NONE exitType=TRAIL
2026-06-12 15:27:22 INFO  BUY [KRX] 080220 mode=BREAKOUT price=37850.0000 qty=264 size=1.0000x score=80[B] | WHY: strongBreakout volBreakout retestOK multiUp vol(3.34x) | VWAP: 1.36%(ABOVE slope=UP) allowedGap=2.20% | TREND: score=3 vel=0.66%/0.53%/0.40% accel=true | VOL: 9265.0000/2771.1500 TO: 350680250.0000/104383110.0000 | HIGH: 37900.0000 fromHigh=-0.13% | entryNo=1
2026-06-12 15:27:22 INFO  BUY_FILLED 080220 phase=HOLDING
2026-06-12 15:27:22 INFO  SELL [TRAIL_BREAKOUT] 080220 pnl=0.92% peakPnl=2.64% high=38850.0000 current=38200.0000
2026-06-12 15:27:22 INFO  SELL_EXECUTED [KRX] 080220 mode=BREAKOUT phase=EXITING exitType=TRAIL price=38200.0000 qty=264 reason=TRAIL_BREAKOUT pnl=0.92% peakPnl=2.64% holdMs=4560000 high=38850.0000 avgPrice=37850.0000 weightedPnl=0.92% (pending fill)
2026-06-12 15:27:22 INFO  SELL_FILLED_PNL 080220 reason=TRAIL_BREAKOUT filledQty=264/264 fillRatio=1.00 weightedPnl=0.92% dailyPnl=0.92%
2026-06-12 15:27:22 INFO  SELL_FILLED 080220 reason=TRAIL_BREAKOUT remainingQty=0 phase=NONE exitType=TRAIL
2026-06-12 15:27:22 INFO  BUY [KRX] 080220 mode=VWAP_RECLAIM price=41800.0000 qty=239 size=1.0000x score=65[D] | WHY: dayChg=1.83% vrScore=85 aboveBars=7 hadBelow=true vol/vol5=3.13x | VWAP: 1.94%(ABOVE slope=UP) allowedGap=3.00% | TREND: score=3 vel=1.03%/0.97%/1.58% accel=true | VOL: 70566.0000/7984.6000 TO: 2949658800.0000/331130468.7500 | HIGH: 41800.0000 fromHigh=0.00% | VR: score=85 aboveBars=7 hadBelow=true vol/vol5=3.13x | entryNo=1
2026-06-12 15:27:22 INFO  BUY_FILLED 080220 phase=HOLDING
2026-06-12 15:27:22 INFO  SELL_EXECUTED [KRX] 080220 mode=VWAP_RECLAIM phase=EXITING exitType=PROFIT price=42700.0000 qty=239 reason=TAKE_PROFIT_VWAP_RECLAIM pnl=2.15% peakPnl=2.15% holdMs=6720000 high=42700.0000 avgPrice=41800.0000 weightedPnl=2.15% (pending fill)
2026-06-12 15:27:22 INFO  SELL_FILLED_PNL 080220 reason=TAKE_PROFIT_VWAP_RECLAIM filledQty=239/239 fillRatio=1.00 weightedPnl=2.15% dailyPnl=2.15%
2026-06-12 15:27:22 INFO  SELL_FILLED 080220 reason=TAKE_PROFIT_VWAP_RECLAIM remainingQty=0 phase=NONE exitType=PROFIT
2026-06-12 15:27:22 INFO  BUY [KRX] 080220 mode=VWAP_RECLAIM price=42700.0000 qty=234 size=1.0000x score=85[A](CONV) | WHY: dayChg=0.35% vrScore=83 aboveBars=5 hadBelow=true vol/vol5=3.62x | VWAP: 0.98%(ABOVE slope=UP) allowedGap=3.00% | TREND: score=3 vel=0.83%/0.95%/1.18% accel=false | VOL: 25843.0000/3625.8500 TO: 1103496100.0000/153619877.5000 | HIGH: 42750.0000 fromHigh=-0.12% | VR: score=83 aboveBars=5 hadBelow=true vol/vol5=3.62x | entryNo=1
2026-06-12 15:27:22 INFO  BUY_FILLED 080220 phase=HOLDING
2026-06-12 15:27:22 INFO  SELL [TRAIL_VWAP_RECLAIM] 080220 pnl=0.47% peakPnl=1.52% high=43350.0000 current=42900.0000
2026-06-12 15:27:22 INFO  SELL_EXECUTED [KRX] 080220 mode=VWAP_RECLAIM phase=EXITING exitType=TRAIL price=42900.0000 qty=234 reason=TRAIL_VWAP_RECLAIM pnl=0.47% peakPnl=1.52% holdMs=2520000 high=43350.0000 avgPrice=42700.0000 weightedPnl=0.47% (pending fill)
2026-06-12 15:27:22 INFO  SELL_FILLED_PNL 080220 reason=TRAIL_VWAP_RECLAIM filledQty=234/234 fillRatio=1.00 weightedPnl=0.47% dailyPnl=0.47%
2026-06-12 15:27:22 INFO  SELL_FILLED 080220 reason=TRAIL_VWAP_RECLAIM remainingQty=0 phase=NONE exitType=TRAIL
2026-06-12 15:27:22 INFO  BUY [KRX] 080220 mode=BREAKOUT price=43400.0000 qty=230 size=1.0000x score=80[B] | WHY: strongBreakout volBreakout retestOK multiUp vol(5.22x) | VWAP: 1.34%(ABOVE slope=UP) allowedGap=2.20% | TREND: score=3 vel=0.58%/0.46%/0.70% accel=true | VOL: 15267.0000/2922.3500 TO: 662587800.0000/126088270.0000 | HIGH: 43400.0000 fromHigh=0.00% | entryNo=1
2026-06-12 15:27:22 INFO  BUY_FILLED 080220 phase=HOLDING
2026-06-12 15:27:22 INFO  SELL_EXECUTED [KRX] 080220 mode=BREAKOUT phase=EXITING exitType=VWAP_BREAK price=42850.0000 qty=230 reason=VWAP_BREAK pnl=-1.27% peakPnl=0.35% holdMs=13320000 high=43550.0000 avgPrice=43400.0000 weightedPnl=-1.27% (pending fill)
2026-06-12 15:27:22 INFO  SELL_FILLED_PNL 080220 reason=VWAP_BREAK filledQty=230/230 fillRatio=1.00 weightedPnl=-1.27% dailyPnl=-1.27%
2026-06-12 15:27:22 INFO  SELL_FILLED 080220 reason=VWAP_BREAK remainingQty=0 phase=NONE exitType=VWAP_BREAK
2026-06-12 15:27:23 INFO  BUY [KRX] 080220 mode=BREAKOUT price=55600.0000 qty=179 size=1.0000x score=80[B] | WHY: strongBreakout volBreakout retestOK multiUp vol(3.25x) | VWAP: 1.30%(ABOVE slope=UP) allowedGap=2.20% | TREND: score=3 vel=0.72%/0.54%/0.72% accel=true | VOL: 16177.0000/4972.7500 TO: 899441200.0000/275652247.5000 | HIGH: 55600.0000 fromHigh=0.00% | entryNo=1
2026-06-12 15:27:23 INFO  BUY_FILLED 080220 phase=HOLDING
2026-06-12 15:27:23 INFO  SELL_EXECUTED [KRX] 080220 mode=BREAKOUT phase=EXITING exitType=VWAP_BREAK price=55000.0000 qty=179 reason=VWAP_BREAK pnl=-1.08% peakPnl=0.36% holdMs=4200000 high=55800.0000 avgPrice=55600.0000 weightedPnl=-1.07% (pending fill)
2026-06-12 15:27:23 INFO  SELL_FILLED_PNL 080220 reason=VWAP_BREAK filledQty=179/179 fillRatio=1.00 weightedPnl=-1.07% dailyPnl=-1.07%
2026-06-12 15:27:23 INFO  SELL_FILLED 080220 reason=VWAP_BREAK remainingQty=0 phase=NONE exitType=VWAP_BREAK
2026-06-12 15:27:23 INFO  BUY [KRX] 080220 mode=VWAP_RECLAIM price=54300.0000 qty=184 size=1.0000x score=70[D] | WHY: dayChg=0.37% vrScore=84 aboveBars=9 hadBelow=true vol/vol5=1.93x | VWAP: 1.30%(ABOVE slope=UP) allowedGap=3.00% | TREND: score=3 vel=1.12%/1.12%/1.31% accel=false | VOL: 26565.0000/9579.7000 TO: 1442479500.0000/515586075.0000 | HIGH: 54400.0000 fromHigh=-0.18% | VR: score=84 aboveBars=9 hadBelow=true vol/vol5=1.93x | entryNo=1
2026-06-12 15:27:23 INFO  BUY_FILLED 080220 phase=HOLDING
2026-06-12 15:27:23 INFO  SELL_EXECUTED [KRX] 080220 mode=VWAP_RECLAIM phase=EXITING exitType=VWAP_BREAK price=53400.0000 qty=184 reason=VWAP_BREAK pnl=-1.66% peakPnl=-0.37% holdMs=540000 high=54100.0000 avgPrice=54300.0000 weightedPnl=-1.66% (pending fill)
2026-06-12 15:27:23 INFO  SELL_FILLED_PNL 080220 reason=VWAP_BREAK filledQty=184/184 fillRatio=1.00 weightedPnl=-1.66% dailyPnl=-1.66%
2026-06-12 15:27:23 INFO  SELL_FILLED 080220 reason=VWAP_BREAK remainingQty=0 phase=NONE exitType=VWAP_BREAK
2026-06-12 15:27:23 INFO  BUY [KRX] 080220 mode=BREAKOUT price=58400.0000 qty=171 size=1.0000x score=85[A](CONV) | WHY: strongBreakout volBreakout retestOK multiUp vol(5.30x) | VWAP: 0.96%(ABOVE slope=UP) allowedGap=2.20% | TREND: score=3 vel=0.69%/0.52%/0.69% accel=true | VOL: 28137.0000/5309.6000 TO: 1643200800.0000/308590695.0000 | HIGH: 58500.0000 fromHigh=-0.17% | entryNo=1
2026-06-12 15:27:23 INFO  BUY_FILLED 080220 phase=HOLDING
2026-06-12 15:27:23 INFO  SELL_EXECUTED [KRX] 080220 mode=BREAKOUT phase=EXITING exitType=VWAP_BREAK price=57600.0000 qty=171 reason=VWAP_BREAK pnl=-1.37% peakPnl=-0.17% holdMs=1320000 high=58300.0000 avgPrice=58400.0000 weightedPnl=-1.37% (pending fill)
2026-06-12 15:27:23 INFO  SELL_FILLED_PNL 080220 reason=VWAP_BREAK filledQty=171/171 fillRatio=1.00 weightedPnl=-1.37% dailyPnl=-1.37%
2026-06-12 15:27:23 INFO  SELL_FILLED 080220 reason=VWAP_BREAK remainingQty=0 phase=NONE exitType=VWAP_BREAK
2026-06-12 15:27:23 INFO  BUY [KRX] 080220 mode=VWAP_RECLAIM price=58500.0000 qty=170 size=1.0000x score=45[D] | WHY: dayChg=3.17% vrScore=89 aboveBars=8 hadBelow=true vol/vol5=3.42x | VWAP: 2.44%(ABOVE slope=UP) allowedGap=3.00% | TREND: score=3 vel=1.83%/1.92%/2.81% accel=false | VOL: 137483.0000/21342.3500 TO: 8042755500.0000/1225968922.5000 | HIGH: 58600.0000 fromHigh=-0.17% | VR: score=89 aboveBars=8 hadBelow=true vol/vol5=3.42x | entryNo=1
2026-06-12 15:27:23 INFO  BUY_FILLED 080220 phase=HOLDING
2026-06-12 15:27:23 INFO  SELL_EXECUTED [KRX] 080220 mode=VWAP_RECLAIM phase=EXITING exitType=VWAP_BREAK price=57400.0000 qty=170 reason=VWAP_BREAK pnl=-1.88% peakPnl=0.85% holdMs=1020000 high=59000.0000 avgPrice=58500.0000 weightedPnl=-1.87% (pending fill)
2026-06-12 15:27:23 INFO  SELL_FILLED_PNL 080220 reason=VWAP_BREAK filledQty=170/170 fillRatio=1.00 weightedPnl=-1.87% dailyPnl=-1.87%
2026-06-12 15:27:23 INFO  SELL_FILLED 080220 reason=VWAP_BREAK remainingQty=0 phase=NONE exitType=VWAP_BREAK
2026-06-12 15:27:23 INFO  BUY [KRX] 080220 mode=VWAP_RECLAIM price=96700.0000 qty=103 size=1.0000x score=39[D] | WHY: dayChg=6.62% vrScore=85 aboveBars=9 hadBelow=true vol/vol5=2.18x | VWAP: 1.27%(ABOVE slope=DN) allowedGap=3.00% | TREND: score=3 vel=0.83%/0.52%/1.15% accel=true | VOL: 8683.0000/5800.8500 TO: 839646100.0000/554899550.0000 | HIGH: 96700.0000 fromHigh=0.00% | VR: score=85 aboveBars=9 hadBelow=true vol/vol5=2.18x | entryNo=1
2026-06-12 15:27:23 INFO  BUY_FILLED 080220 phase=HOLDING
2026-06-12 15:27:23 INFO  SELL [EOD_FORCE_SELL] 080220 pnl=-0.83% time=15:30
2026-06-12 15:27:23 INFO  SELL_EXECUTED [KRX] 080220 mode=VWAP_RECLAIM phase=EXITING exitType=TIMESTOP price=95900.0000 qty=103 reason=EOD_FORCE_SELL pnl=-0.83% peakPnl=-0.10% holdMs=1920000 high=96600.0000 avgPrice=96700.0000 weightedPnl=-0.82% (pending fill)
2026-06-12 15:27:23 INFO  SELL_FILLED_PNL 080220 reason=EOD_FORCE_SELL filledQty=103/103 fillRatio=1.00 weightedPnl=-0.82% dailyPnl=-0.82%
2026-06-12 15:27:23 INFO  SELL_FILLED 080220 reason=EOD_FORCE_SELL remainingQty=0 phase=NONE exitType=TIMESTOP
2026-06-12 15:27:23 INFO  BUY [KRX] 080220 mode=BREAKOUT price=95000.0000 qty=105 size=1.0000x score=80[B] | WHY: strongBreakout volBreakout retestOK multiUp vol(4.10x) | VWAP: 1.58%(ABOVE slope=UP) allowedGap=2.20% | TREND: score=3 vel=0.74%/0.64%/0.96% accel=true | VOL: 9706.0000/2364.5000 TO: 922070000.0000/223125335.0000 | HIGH: 95000.0000 fromHigh=0.00% | entryNo=1
2026-06-12 15:27:23 INFO  BUY_FILLED 080220 phase=HOLDING
2026-06-12 15:27:23 INFO  SELL_EXECUTED [KRX] 080220 mode=BREAKOUT phase=EXITING exitType=VWAP_BREAK price=94100.0000 qty=105 reason=VWAP_BREAK pnl=-0.95% peakPnl=1.37% holdMs=4020000 high=96300.0000 avgPrice=95000.0000 weightedPnl=-0.95% (pending fill)
2026-06-12 15:27:23 INFO  SELL_FILLED_PNL 080220 reason=VWAP_BREAK filledQty=105/105 fillRatio=1.00 weightedPnl=-0.95% dailyPnl=-0.95%
2026-06-12 15:27:23 INFO  SELL_FILLED 080220 reason=VWAP_BREAK remainingQty=0 phase=NONE exitType=VWAP_BREAK
2026-06-12 15:27:23 INFO  BUY [KRX] 080220 mode=VWAP_RECLAIM price=100500.0000 qty=99 size=1.0000x score=18[D] | WHY: dayChg=1.52% vrScore=87 aboveBars=9 hadBelow=true vol/vol5=2.44x | VWAP: 3.00%(ABOVE slope=UP) allowedGap=3.00% | TREND: score=3 vel=2.03%/1.62%/2.97% accel=true | VOL: 156172.0000/26436.5000 TO: 15679668800.0000/2595719630.0000 | HIGH: 102600.0000 fromHigh=-2.14% | VR: score=87 aboveBars=9 hadBelow=true vol/vol5=2.44x | entryNo=1
2026-06-12 15:27:23 INFO  BUY_FILLED 080220 phase=HOLDING
2026-06-12 15:27:23 INFO  SELL_EXECUTED [KRX] 080220 mode=VWAP_RECLAIM phase=EXITING exitType=STOPLOSS price=98600.0000 qty=99 reason=STOP_LOSS_VWAP_RECLAIM pnl=-1.79% peakPnl=-0.30% holdMs=180000 high=100100.0000 avgPrice=100400.0000 weightedPnl=-1.78% (pending fill)
2026-06-12 15:27:23 INFO  SELL_FILLED_PNL 080220 reason=STOP_LOSS_VWAP_RECLAIM filledQty=99/99 fillRatio=1.00 weightedPnl=-1.78% dailyPnl=-1.78%
2026-06-12 15:27:23 INFO  SELL_FILLED 080220 reason=STOP_LOSS_VWAP_RECLAIM remainingQty=0 phase=NONE exitType=STOPLOSS
2026-06-12 15:27:23 INFO  BUY [KRX] 080220 mode=VWAP_RECLAIM price=119500.0000 qty=83 size=1.0000x score=43[D] | WHY: dayChg=-0.25% vrScore=83 aboveBars=8 hadBelow=true vol/vol5=2.33x | VWAP: 2.06%(ABOVE slope=UP) allowedGap=3.00% | TREND: score=3 vel=0.84%/1.62%/1.96% accel=false | VOL: 39270.0000/8034.8000 TO: 4692765000.0000/947240370.0000 | HIGH: 119800.0000 fromHigh=-0.25% | VR: score=83 aboveBars=8 hadBelow=true vol/vol5=2.33x | entryNo=1
2026-06-12 15:27:23 INFO  BUY_FILLED 080220 phase=HOLDING
2026-06-12 15:27:23 INFO  SELL_EXECUTED [KRX] 080220 mode=VWAP_RECLAIM phase=EXITING exitType=PROFIT price=122000.0000 qty=83 reason=TAKE_PROFIT_VWAP_RECLAIM pnl=2.09% peakPnl=2.09% holdMs=420000 high=122000.0000 avgPrice=119500.0000 weightedPnl=2.07% (pending fill)
2026-06-12 15:27:23 INFO  SELL_FILLED_PNL 080220 reason=TAKE_PROFIT_VWAP_RECLAIM filledQty=83/83 fillRatio=1.00 weightedPnl=2.07% dailyPnl=2.07%
2026-06-12 15:27:23 INFO  SELL_FILLED 080220 reason=TAKE_PROFIT_VWAP_RECLAIM remainingQty=0 phase=NONE exitType=PROFIT
2026-06-12 15:27:23 INFO  BUY [KRX] 080220 mode=VWAP_RECLAIM price=104000.0000 qty=96 size=1.0000x score=46[D] | WHY: dayChg=0.29% vrScore=88 aboveBars=10 hadBelow=true vol/vol5=2.40x | VWAP: 1.73%(ABOVE slope=UP) allowedGap=3.00% | TREND: score=3 vel=1.37%/1.07%/1.47% accel=true | VOL: 23782.0000/18714.5500 TO: 2468571600.0000/1904547410.0000 | HIGH: 103900.0000 fromHigh=-0.10% | VR: score=88 aboveBars=10 hadBelow=true vol/vol5=2.40x | entryNo=1
2026-06-12 15:27:23 INFO  BUY_FILLED 080220 phase=HOLDING
2026-06-12 15:27:23 INFO  SELL_EXECUTED [KRX] 080220 mode=VWAP_RECLAIM phase=EXITING exitType=PROFIT price=107500.0000 qty=96 reason=TAKE_PROFIT_VWAP_RECLAIM pnl=3.37% peakPnl=3.37% holdMs=240000 high=107300.0000 avgPrice=103800.0000 weightedPnl=3.36% (pending fill)
2026-06-12 15:27:23 INFO  SELL_FILLED_PNL 080220 reason=TAKE_PROFIT_VWAP_RECLAIM filledQty=96/96 fillRatio=1.00 weightedPnl=3.36% dailyPnl=3.36%
2026-06-12 15:27:23 INFO  SELL_FILLED 080220 reason=TAKE_PROFIT_VWAP_RECLAIM remainingQty=0 phase=NONE exitType=PROFIT
2026-06-12 15:27:23 INFO  BUY [KRX] 080220 mode=VWAP_RECLAIM price=103500.0000 qty=96 size=1.0000x score=45[D] | WHY: dayChg=0.00% vrScore=88 aboveBars=9 hadBelow=true vol/vol5=2.66x | VWAP: 2.18%(ABOVE slope=UP) allowedGap=3.00% | TREND: score=3 vel=1.17%/1.27%/1.07% accel=false | VOL: 14711.0000/3824.7500 TO: 1522588500.0000/390451705.0000 | HIGH: 103500.0000 fromHigh=0.00% | VR: score=88 aboveBars=9 hadBelow=true vol/vol5=2.66x | entryNo=2
2026-06-12 15:27:23 INFO  BUY_FILLED 080220 phase=HOLDING
2026-06-12 15:27:23 INFO  SELL_EXECUTED [KRX] 080220 mode=VWAP_RECLAIM phase=EXITING exitType=PROFIT price=106500.0000 qty=96 reason=TAKE_PROFIT_VWAP_RECLAIM pnl=2.71% peakPnl=2.71% holdMs=720000 high=106300.0000 avgPrice=103500.0000 weightedPnl=2.69% (pending fill)
2026-06-12 15:27:23 INFO  SELL_FILLED_PNL 080220 reason=TAKE_PROFIT_VWAP_RECLAIM filledQty=96/96 fillRatio=1.00 weightedPnl=2.69% dailyPnl=6.05%
2026-06-12 15:27:23 INFO  SELL_FILLED 080220 reason=TAKE_PROFIT_VWAP_RECLAIM remainingQty=0 phase=NONE exitType=PROFIT
2026-06-12 15:27:23 INFO  BUY [KRX] 080220 mode=VWAP_RECLAIM price=111500.0000 qty=89 size=1.0000x score=45[D] | WHY: dayChg=10.20% vrScore=89 aboveBars=12 hadBelow=true vol/vol5=2.50x | VWAP: 4.57%(ABOVE slope=UP) allowedGap=3.00% | TREND: score=3 vel=1.37%/2.02%/3.06% accel=false | VOL: 84570.0000/16205.3000 TO: 9412641000.0000/1758074000.0000 | HIGH: 111300.0000 fromHigh=0.00% | VR: score=89 aboveBars=12 hadBelow=true vol/vol5=2.50x | entryNo=1
2026-06-12 15:27:23 INFO  BUY_FILLED 080220 phase=HOLDING
2026-06-12 15:27:23 INFO  SELL_EXECUTED [KRX] 080220 mode=VWAP_RECLAIM phase=EXITING exitType=STOPLOSS price=108400.0000 qty=89 reason=STOP_LOSS_VWAP_RECLAIM pnl=-2.61% peakPnl=0.81% holdMs=180000 high=112200.0000 avgPrice=111300.0000 weightedPnl=-2.58% (pending fill)
2026-06-12 15:27:23 INFO  SELL_FILLED_PNL 080220 reason=STOP_LOSS_VWAP_RECLAIM filledQty=89/89 fillRatio=1.00 weightedPnl=-2.58% dailyPnl=-2.58%
2026-06-12 15:27:23 INFO  SELL_FILLED 080220 reason=STOP_LOSS_VWAP_RECLAIM remainingQty=0 phase=NONE exitType=STOPLOSS
2026-06-12 15:27:23 INFO  BUY amount set for 001740: 10000000.00
2026-06-12 15:27:23 INFO  BUY [KRX] 001740 mode=PULLBACK price=5380.0000 qty=2788 size=1.5000x score=80[B] | WHY: zone(-1.10%fromHigh) vel+ avgCross priceAboveAvg vol(4.02x) | VWAP: 0.18%(ABOVE slope=UP) allowedGap=1.00% | TREND: score=3 vel=0.56%/0.94%/0.37% accel=false | VOL: 48870.0000/12144.7857 TO: 262920600.0000/65224188.5714 | HIGH: 5440.0000 fromHigh=-1.10% | entryNo=1
2026-06-12 15:27:23 INFO  BUY_FILLED 001740 phase=HOLDING
2026-06-12 15:27:23 INFO  SELL_EXECUTED [KRX] 001740 mode=PULLBACK phase=EXITING exitType=VWAP_BREAK price=5340.0000 qty=2788 reason=VWAP_BREAK pnl=-0.74% peakPnl=1.12% holdMs=3540000 high=5440.0000 avgPrice=5380.0000 weightedPnl=-1.12% (pending fill)
2026-06-12 15:27:23 INFO  SELL_FILLED_PNL 001740 reason=VWAP_BREAK filledQty=2788/2788 fillRatio=1.00 weightedPnl=-1.12% dailyPnl=-1.12%
2026-06-12 15:27:23 INFO  SELL_FILLED 001740 reason=VWAP_BREAK remainingQty=0 phase=NONE exitType=VWAP_BREAK
2026-06-12 15:27:23 INFO  BUY [KRX] 001740 mode=BREAKOUT price=5580.0000 qty=1792 size=1.0000x score=80[B] | WHY: strongBreakout volBreakout retestOK multiUp vol(13.46x) | VWAP: 1.33%(ABOVE slope=UP) allowedGap=2.20% | TREND: score=3 vel=2.76%/2.57%/3.14% accel=true | VOL: 132345.0000/9832.2000 TO: 738485100.0000/54376700.0000 | HIGH: 5580.0000 fromHigh=0.00% | entryNo=1
2026-06-12 15:27:23 INFO  BUY_FILLED 001740 phase=HOLDING
2026-06-12 15:27:23 INFO  SELL_EXECUTED [KRX] 001740 mode=BREAKOUT phase=EXITING exitType=STOPLOSS price=5540.0000 qty=1792 reason=FAILED_BREAKOUT pnl=-0.72% peakPnl=0.90% holdMs=240000 high=5630.0000 avgPrice=5580.0000 weightedPnl=-0.72% (pending fill)
2026-06-12 15:27:23 INFO  SELL_FILLED_PNL 001740 reason=FAILED_BREAKOUT filledQty=1792/1792 fillRatio=1.00 weightedPnl=-0.72% dailyPnl=-0.72%
2026-06-12 15:27:23 INFO  SELL_FILLED 001740 reason=FAILED_BREAKOUT remainingQty=0 phase=NONE exitType=STOPLOSS
2026-06-12 15:27:23 INFO  BUY [KRX] 001740 mode=VWAP_RECLAIM price=9590.0000 qty=1042 size=1.0000x score=40[D] | WHY: dayChg=16.24% vrScore=83 aboveBars=7 hadBelow=true vol/vol5=2.72x | VWAP: 6.39%(ABOVE slope=UP) allowedGap=3.00% | TREND: score=3 vel=4.24%/3.79%/4.81% accel=true | VOL: 1197939.0000/244258.9000 TO: 11488235010.0000/2249038938.5000 | HIGH: 9640.0000 fromHigh=-0.52% | VR: score=83 aboveBars=7 hadBelow=true vol/vol5=2.72x | entryNo=1
2026-06-12 15:27:23 INFO  BUY_FILLED 001740 phase=HOLDING
2026-06-12 15:27:23 INFO  SELL_EXECUTED [KRX] 001740 mode=VWAP_RECLAIM phase=EXITING exitType=STOPLOSS price=9110.0000 qty=1042 reason=EMERGENCY_STOP pnl=-5.01% peakPnl=0.00% holdMs=240000 high=9590.0000 avgPrice=9590.0000 weightedPnl=-5.00% (pending fill)
2026-06-12 15:27:23 INFO  SELL_FILLED_PNL 001740 reason=EMERGENCY_STOP filledQty=1042/1042 fillRatio=1.00 weightedPnl=-5.00% dailyPnl=-5.00%
2026-06-12 15:27:23 INFO  SELL_FILLED 001740 reason=EMERGENCY_STOP remainingQty=0 phase=NONE exitType=STOPLOSS
2026-06-12 15:27:23 INFO  BUY [KRX] 001740 mode=VWAP_RECLAIM price=9560.0000 qty=1046 size=1.0000x score=40[D] | WHY: dayChg=9.89% vrScore=83 aboveBars=8 hadBelow=true vol/vol5=2.43x | VWAP: 5.40%(ABOVE slope=UP) allowedGap=3.00% | TREND: score=3 vel=2.58%/2.58%/3.02% accel=false | VOL: 756230.0000/331560.9500 TO: 7229558800.0000/3066813684.0000 | HIGH: 9560.0000 fromHigh=0.00% | VR: score=83 aboveBars=8 hadBelow=true vol/vol5=2.43x | entryNo=1
2026-06-12 15:27:23 INFO  BUY_FILLED 001740 phase=HOLDING
2026-06-12 15:27:23 INFO  SELL_EXECUTED [KRX] 001740 mode=VWAP_RECLAIM phase=EXITING exitType=PROFIT price=9930.0000 qty=1046 reason=TAKE_PROFIT_VWAP_RECLAIM pnl=3.87% peakPnl=3.87% holdMs=360000 high=9930.0000 avgPrice=9560.0000 weightedPnl=3.87% (pending fill)
2026-06-12 15:27:23 INFO  SELL_FILLED_PNL 001740 reason=TAKE_PROFIT_VWAP_RECLAIM filledQty=1046/1046 fillRatio=1.00 weightedPnl=3.87% dailyPnl=3.87%
2026-06-12 15:27:23 INFO  SELL_FILLED 001740 reason=TAKE_PROFIT_VWAP_RECLAIM remainingQty=0 phase=NONE exitType=PROFIT
2026-06-12 15:27:23 INFO  BUY [KRX] 001740 mode=VWAP_RECLAIM price=7930.0000 qty=1261 size=1.0000x score=65[D] | WHY: dayChg=-2.46% vrScore=83 aboveBars=12 hadBelow=true vol/vol5=3.07x | VWAP: 1.03%(ABOVE slope=DN) allowedGap=3.00% | TREND: score=3 vel=0.38%/0.51%/0.38% accel=false | VOL: 14446.0000/5881.4500 TO: 114556780.0000/46369811.5000 | HIGH: 7930.0000 fromHigh=0.00% | VR: score=83 aboveBars=12 hadBelow=true vol/vol5=3.07x | entryNo=1
2026-06-12 15:27:23 INFO  BUY_FILLED 001740 phase=HOLDING
2026-06-12 15:27:23 INFO  SELL_EXECUTED [KRX] 001740 mode=VWAP_RECLAIM phase=EXITING exitType=VWAP_BREAK price=7820.0000 qty=1261 reason=VWAP_BREAK pnl=-1.39% peakPnl=0.00% holdMs=2160000 high=7930.0000 avgPrice=7930.0000 weightedPnl=-1.39% (pending fill)
2026-06-12 15:27:23 INFO  SELL_FILLED_PNL 001740 reason=VWAP_BREAK filledQty=1261/1261 fillRatio=1.00 weightedPnl=-1.39% dailyPnl=-1.39%
2026-06-12 15:27:23 INFO  SELL_FILLED 001740 reason=VWAP_BREAK remainingQty=0 phase=NONE exitType=VWAP_BREAK
2026-06-12 15:27:23 INFO  BUY [KRX] 001740 mode=VWAP_RECLAIM price=8270.0000 qty=1209 size=1.0000x score=70[D] | WHY: dayChg=5.08% vrScore=85 aboveBars=12 hadBelow=true vol/vol5=2.70x | VWAP: 0.99%(ABOVE slope=DN) allowedGap=3.00% | TREND: score=3 vel=0.49%/0.36%/0.73% accel=true | VOL: 37200.0000/14512.2500 TO: 307644000.0000/119194337.0000 | HIGH: 8280.0000 fromHigh=-0.12% | VR: score=85 aboveBars=12 hadBelow=true vol/vol5=2.70x | entryNo=1
2026-06-12 15:27:23 INFO  BUY_FILLED 001740 phase=HOLDING
2026-06-12 15:27:23 INFO  SELL [TRAIL_VWAP_RECLAIM] 001740 pnl=0.48% peakPnl=1.93% high=8430.0000 current=8310.0000
2026-06-12 15:27:23 INFO  SELL_EXECUTED [KRX] 001740 mode=VWAP_RECLAIM phase=EXITING exitType=TRAIL price=8310.0000 qty=1209 reason=TRAIL_VWAP_RECLAIM pnl=0.48% peakPnl=1.93% holdMs=180000 high=8430.0000 avgPrice=8270.0000 weightedPnl=0.48% (pending fill)
2026-06-12 15:27:23 INFO  SELL_FILLED_PNL 001740 reason=TRAIL_VWAP_RECLAIM filledQty=1209/1209 fillRatio=1.00 weightedPnl=0.48% dailyPnl=0.48%
2026-06-12 15:27:23 INFO  SELL_FILLED 001740 reason=TRAIL_VWAP_RECLAIM remainingQty=0 phase=NONE exitType=TRAIL
2026-06-12 15:27:23 INFO  BUY [KRX] 001740 mode=BREAKOUT price=8480.0000 qty=1179 size=1.0000x score=78[C] | WHY: strongBreakout volBreakout retestOK multiUp vol(2.62x) | VWAP: 0.84%(ABOVE slope=UP) allowedGap=2.20% | TREND: score=3 vel=0.59%/0.36%/0.59% accel=true | VOL: 35572.0000/13575.0000 TO: 301650560.0000/114649938.5000 | HIGH: 8500.0000 fromHigh=-0.24% | entryNo=1
2026-06-12 15:27:23 INFO  BUY_FILLED 001740 phase=HOLDING
2026-06-12 15:27:23 INFO  SELL [EOD_FORCE_SELL] 001740 pnl=-0.94% time=15:30
2026-06-12 15:27:23 INFO  SELL_EXECUTED [KRX] 001740 mode=BREAKOUT phase=EXITING exitType=TIMESTOP price=8400.0000 qty=1179 reason=EOD_FORCE_SELL pnl=-0.94% peakPnl=-0.12% holdMs=2160000 high=8470.0000 avgPrice=8480.0000 weightedPnl=-0.94% (pending fill)
2026-06-12 15:27:23 INFO  SELL_FILLED_PNL 001740 reason=EOD_FORCE_SELL filledQty=1179/1179 fillRatio=1.00 weightedPnl=-0.94% dailyPnl=-0.94%
2026-06-12 15:27:23 INFO  SELL_FILLED 001740 reason=EOD_FORCE_SELL remainingQty=0 phase=NONE exitType=TIMESTOP
2026-06-12 15:27:23 INFO  BUY [KRX] 001740 mode=VWAP_RECLAIM price=10650.0000 qty=938 size=1.0000x score=40[D] | WHY: dayChg=21.02% vrScore=83 aboveBars=8 hadBelow=true vol/vol5=2.41x | VWAP: 2.19%(ABOVE slope=UP) allowedGap=3.00% | TREND: score=3 vel=1.43%/1.43%/1.24% accel=false | VOL: 430713.0000/159743.4000 TO: 4587093450.0000/1669598874.5000 | HIGH: 10660.0000 fromHigh=-0.09% | VR: score=83 aboveBars=8 hadBelow=true vol/vol5=2.41x | entryNo=1
2026-06-12 15:27:23 INFO  BUY_FILLED 001740 phase=HOLDING
2026-06-12 15:27:23 INFO  SELL_EXECUTED [KRX] 001740 mode=VWAP_RECLAIM phase=EXITING exitType=PROFIT price=10900.0000 qty=938 reason=TAKE_PROFIT_VWAP_RECLAIM pnl=2.54% peakPnl=2.54% holdMs=1080000 high=10920.0000 avgPrice=10650.0000 weightedPnl=2.53% (pending fill)
2026-06-12 15:27:23 INFO  SELL_FILLED_PNL 001740 reason=TAKE_PROFIT_VWAP_RECLAIM filledQty=938/938 fillRatio=1.00 weightedPnl=2.53% dailyPnl=2.53%
2026-06-12 15:27:23 INFO  SELL_FILLED 001740 reason=TAKE_PROFIT_VWAP_RECLAIM remainingQty=0 phase=NONE exitType=PROFIT
2026-06-12 15:27:23 INFO  BUY [KRX] 001740 mode=VWAP_RECLAIM price=13450.0000 qty=743 size=1.0000x score=27[D] | WHY: dayChg=17.19% vrScore=83 aboveBars=9 hadBelow=true vol/vol5=1.83x | VWAP: 4.27%(ABOVE slope=UP) allowedGap=3.00% | TREND: score=3 vel=1.51%/1.36%/1.21% accel=true | VOL: 541345.0000/358453.5000 TO: 7270263350.0000/4696981554.5000 | HIGH: 13450.0000 fromHigh=-0.15% | VR: score=83 aboveBars=9 hadBelow=true vol/vol5=1.83x | entryNo=1
2026-06-12 15:27:23 INFO  BUY_FILLED 001740 phase=HOLDING
2026-06-12 15:27:23 INFO  SELL_EXECUTED [KRX] 001740 mode=VWAP_RECLAIM phase=EXITING exitType=STOPLOSS price=13190.0000 qty=743 reason=STOP_LOSS_VWAP_RECLAIM pnl=-1.79% peakPnl=1.49% holdMs=600000 high=13630.0000 avgPrice=13430.0000 weightedPnl=-1.78% (pending fill)
2026-06-12 15:27:23 INFO  SELL_FILLED_PNL 001740 reason=STOP_LOSS_VWAP_RECLAIM filledQty=743/743 fillRatio=1.00 weightedPnl=-1.78% dailyPnl=-1.78%
2026-06-12 15:27:23 INFO  SELL_FILLED 001740 reason=STOP_LOSS_VWAP_RECLAIM remainingQty=0 phase=NONE exitType=STOPLOSS
2026-06-12 15:27:24 INFO  BUY [KRX] 001740 mode=VWAP_RECLAIM price=13050.0000 qty=766 size=1.0000x score=40[D] | WHY: dayChg=8.03% vrScore=83 aboveBars=5 hadBelow=true vol/vol5=3.56x | VWAP: 5.77%(ABOVE slope=UP) allowedGap=3.00% | TREND: score=3 vel=4.07%/4.40%/6.62% accel=false | VOL: 851883.0000/153922.6000 TO: 11117073150.0000/1943501046.0000 | HIGH: 13180.0000 fromHigh=-0.99% | VR: score=83 aboveBars=5 hadBelow=true vol/vol5=3.56x | entryNo=1
2026-06-12 15:27:24 INFO  BUY_FILLED 001740 phase=HOLDING
2026-06-12 15:27:24 INFO  SELL [TRAIL_VWAP_RECLAIM] 001740 pnl=0.61% peakPnl=1.76% high=13280.0000 current=13130.0000
2026-06-12 15:27:24 INFO  SELL_EXECUTED [KRX] 001740 mode=VWAP_RECLAIM phase=EXITING exitType=TRAIL price=13130.0000 qty=766 reason=TRAIL_VWAP_RECLAIM pnl=0.61% peakPnl=1.76% holdMs=300000 high=13280.0000 avgPrice=13050.0000 weightedPnl=0.61% (pending fill)
2026-06-12 15:27:24 INFO  SELL_FILLED_PNL 001740 reason=TRAIL_VWAP_RECLAIM filledQty=766/766 fillRatio=1.00 weightedPnl=0.61% dailyPnl=0.61%
2026-06-12 15:27:24 INFO  SELL_FILLED 001740 reason=TRAIL_VWAP_RECLAIM remainingQty=0 phase=NONE exitType=TRAIL
2026-06-12 15:27:24 INFO  BUY [KRX] 001740 mode=BREAKOUT price=12750.0000 qty=784 size=1.0000x score=80[B] | WHY: strongBreakout volBreakout retestOK multiUp vol(3.45x) | VWAP: 1.81%(ABOVE slope=UP) allowedGap=2.20% | TREND: score=3 vel=0.79%/0.63%/1.92% accel=true | VOL: 81145.0000/23551.0000 TO: 1033787300.0000/296954709.5000 | HIGH: 12770.0000 fromHigh=-0.23% | entryNo=2
2026-06-12 15:27:24 INFO  BUY_FILLED 001740 phase=HOLDING
2026-06-12 15:27:24 INFO  SELL_EXECUTED [KRX] 001740 mode=BREAKOUT phase=EXITING exitType=PROFIT price=13200.0000 qty=784 reason=TAKE_PROFIT_BREAKOUT pnl=3.45% peakPnl=3.45% holdMs=720000 high=13180.0000 avgPrice=12740.0000 weightedPnl=3.45% (pending fill)
2026-06-12 15:27:24 INFO  SELL_FILLED_PNL 001740 reason=TAKE_PROFIT_BREAKOUT filledQty=784/784 fillRatio=1.00 weightedPnl=3.45% dailyPnl=4.06%
2026-06-12 15:27:24 INFO  SELL_FILLED 001740 reason=TAKE_PROFIT_BREAKOUT remainingQty=0 phase=NONE exitType=PROFIT
2026-06-12 15:27:24 INFO  BUY amount set for 007660: 10000000.00
2026-06-12 15:27:24 INFO  BUY [KRX] 007660 mode=VWAP_RECLAIM price=127500.0000 qty=78 size=1.0000x score=55[D] | WHY: dayChg=5.82% vrScore=84 aboveBars=9 hadBelow=true vol/vol5=2.41x | VWAP: 0.93%(ABOVE slope=UP) allowedGap=3.00% | TREND: score=3 vel=0.95%/0.95%/0.71% accel=false | VOL: 18917.0000/11237.2000 TO: 2408134100.0000/1420895325.0000 | HIGH: 128000.0000 fromHigh=-0.55% | VR: score=84 aboveBars=9 hadBelow=true vol/vol5=2.41x | entryNo=1
2026-06-12 15:27:24 INFO  BUY_FILLED 007660 phase=HOLDING
2026-06-12 15:27:24 INFO  SELL_EXECUTED [KRX] 007660 mode=VWAP_RECLAIM phase=EXITING exitType=PROFIT price=130000.0000 qty=78 reason=TAKE_PROFIT_VWAP_RECLAIM pnl=2.08% peakPnl=2.08% holdMs=2160000 high=129950.0000 avgPrice=127300.0000 weightedPnl=2.07% (pending fill)
2026-06-12 15:27:24 INFO  SELL_FILLED_PNL 007660 reason=TAKE_PROFIT_VWAP_RECLAIM filledQty=78/78 fillRatio=1.00 weightedPnl=2.07% dailyPnl=2.07%
2026-06-12 15:27:24 INFO  SELL_FILLED 007660 reason=TAKE_PROFIT_VWAP_RECLAIM remainingQty=0 phase=NONE exitType=PROFIT
2026-06-12 15:27:24 INFO  BUY [KRX] 007660 mode=VWAP_RECLAIM price=124500.0000 qty=80 size=1.0000x score=57[D] | WHY: dayChg=1.05% vrScore=86 aboveBars=10 hadBelow=true vol/vol5=2.04x | VWAP: 1.31%(ABOVE slope=UP) allowedGap=3.00% | TREND: score=3 vel=0.97%/0.77%/0.40% accel=true | VOL: 10401.0000/6516.1500 TO: 1295964600.0000/801398070.0000 | HIGH: 124700.0000 fromHigh=-0.08% | VR: score=86 aboveBars=10 hadBelow=true vol/vol5=2.04x | entryNo=1
2026-06-12 15:27:24 INFO  BUY_FILLED 007660 phase=HOLDING
2026-06-12 15:27:24 INFO  SELL_EXECUTED [KRX] 007660 mode=VWAP_RECLAIM phase=EXITING exitType=PROFIT price=127500.0000 qty=80 reason=TAKE_PROFIT_VWAP_RECLAIM pnl=2.33% peakPnl=2.33% holdMs=660000 high=127500.0000 avgPrice=124600.0000 weightedPnl=2.32% (pending fill)
2026-06-12 15:27:24 INFO  SELL_FILLED_PNL 007660 reason=TAKE_PROFIT_VWAP_RECLAIM filledQty=80/80 fillRatio=1.00 weightedPnl=2.32% dailyPnl=2.32%
2026-06-12 15:27:24 INFO  SELL_FILLED 007660 reason=TAKE_PROFIT_VWAP_RECLAIM remainingQty=0 phase=NONE exitType=PROFIT
2026-06-12 15:27:24 INFO  BUY [KRX] 007660 mode=BREAKOUT price=106500.0000 qty=93 size=1.0000x score=80[B] | WHY: strongBreakout volBreakout retestOK multiUp vol(4.10x) | VWAP: 1.23%(ABOVE slope=UP) allowedGap=2.20% | TREND: score=3 vel=0.85%/0.76%/0.95% accel=true | VOL: 6441.0000/1569.9000 TO: 686610600.0000/166451355.0000 | HIGH: 106600.0000 fromHigh=0.00% | entryNo=1
2026-06-12 15:27:24 INFO  BUY_FILLED 007660 phase=HOLDING
2026-06-12 15:27:24 INFO  SELL [EOD_FORCE_SELL] 007660 pnl=-0.56% time=15:30
2026-06-12 15:27:24 INFO  SELL_EXECUTED [KRX] 007660 mode=BREAKOUT phase=EXITING exitType=TIMESTOP price=106000.0000 qty=93 reason=EOD_FORCE_SELL pnl=-0.56% peakPnl=0.00% holdMs=4800000 high=106600.0000 avgPrice=106600.0000 weightedPnl=-0.56% (pending fill)
2026-06-12 15:27:24 INFO  SELL_FILLED_PNL 007660 reason=EOD_FORCE_SELL filledQty=93/93 fillRatio=1.00 weightedPnl=-0.56% dailyPnl=-0.56%
2026-06-12 15:27:24 INFO  SELL_FILLED 007660 reason=EOD_FORCE_SELL remainingQty=0 phase=NONE exitType=TIMESTOP
2026-06-12 15:27:24 INFO  BUY [KRX] 007660 mode=VWAP_RECLAIM price=117000.0000 qty=85 size=1.0000x score=75[C] | WHY: dayChg=4.46% vrScore=87 aboveBars=8 hadBelow=true vol/vol5=3.03x | VWAP: 1.52%(ABOVE slope=UP) allowedGap=3.00% | TREND: score=3 vel=0.69%/1.12%/1.47% accel=false | VOL: 9650.0000/2641.1500 TO: 1130015000.0000/307095050.0000 | HIGH: 117200.0000 fromHigh=-0.09% | VR: score=87 aboveBars=8 hadBelow=true vol/vol5=3.03x | entryNo=1
2026-06-12 15:27:24 INFO  BUY_FILLED 007660 phase=HOLDING
2026-06-12 15:27:24 INFO  SELL [TRAIL_VWAP_RECLAIM] 007660 pnl=0.94% peakPnl=1.96% high=119400.0000 current=118200.0000
2026-06-12 15:27:24 INFO  SELL_EXECUTED [KRX] 007660 mode=VWAP_RECLAIM phase=EXITING exitType=TRAIL price=118200.0000 qty=85 reason=TRAIL_VWAP_RECLAIM pnl=0.94% peakPnl=1.96% holdMs=2160000 high=119400.0000 avgPrice=117100.0000 weightedPnl=0.93% (pending fill)
2026-06-12 15:27:24 INFO  SELL_FILLED_PNL 007660 reason=TRAIL_VWAP_RECLAIM filledQty=85/85 fillRatio=1.00 weightedPnl=0.93% dailyPnl=0.93%
2026-06-12 15:27:24 INFO  SELL_FILLED 007660 reason=TRAIL_VWAP_RECLAIM remainingQty=0 phase=NONE exitType=TRAIL
2026-06-12 15:27:24 INFO  BUY [KRX] 007660 mode=VWAP_RECLAIM price=124500.0000 qty=80 size=1.0000x score=80[B] | WHY: dayChg=1.22% vrScore=84 aboveBars=8 hadBelow=true vol/vol5=2.49x | VWAP: 0.98%(ABOVE slope=UP) allowedGap=3.00% | TREND: score=3 vel=0.81%/0.81%/0.81% accel=false | VOL: 14714.0000/6840.4500 TO: 1834835800.0000/842453700.0000 | HIGH: 124800.0000 fromHigh=-0.08% | VR: score=84 aboveBars=8 hadBelow=true vol/vol5=2.49x | entryNo=1
2026-06-12 15:27:24 INFO  BUY_FILLED 007660 phase=HOLDING
2026-06-12 15:27:24 INFO  SELL_EXECUTED [KRX] 007660 mode=VWAP_RECLAIM phase=EXITING exitType=PROFIT price=127500.0000 qty=80 reason=TAKE_PROFIT_VWAP_RECLAIM pnl=2.09% peakPnl=2.09% holdMs=660000 high=127300.0000 avgPrice=124700.0000 weightedPnl=2.08% (pending fill)
2026-06-12 15:27:24 INFO  SELL_FILLED_PNL 007660 reason=TAKE_PROFIT_VWAP_RECLAIM filledQty=80/80 fillRatio=1.00 weightedPnl=2.08% dailyPnl=2.08%
2026-06-12 15:27:24 INFO  SELL_FILLED 007660 reason=TAKE_PROFIT_VWAP_RECLAIM remainingQty=0 phase=NONE exitType=PROFIT
2026-06-12 15:27:24 INFO  BUY [KRX] 007660 mode=VWAP_RECLAIM price=122500.0000 qty=81 size=1.0000x score=95[SS](CONV) | WHY: dayChg=-1.53% vrScore=88 aboveBars=9 hadBelow=true vol/vol5=3.27x | VWAP: 0.93%(ABOVE slope=UP) allowedGap=3.00% | TREND: score=3 vel=0.57%/0.57%/0.74% accel=false | VOL: 10976.0000/1989.6000 TO: 1345657600.0000/242245940.0000 | HIGH: 122900.0000 fromHigh=-0.24% | VR: score=88 aboveBars=9 hadBelow=true vol/vol5=3.27x | entryNo=1
2026-06-12 15:27:24 INFO  BUY_FILLED 007660 phase=HOLDING
2026-06-12 15:27:24 INFO  SELL [EOD_FORCE_SELL] 007660 pnl=0.08% time=15:30
2026-06-12 15:27:24 INFO  SELL_EXECUTED [KRX] 007660 mode=VWAP_RECLAIM phase=EXITING exitType=TIMESTOP price=122700.0000 qty=81 reason=EOD_FORCE_SELL pnl=0.08% peakPnl=0.82% holdMs=5640000 high=123600.0000 avgPrice=122600.0000 weightedPnl=0.08% (pending fill)
2026-06-12 15:27:24 INFO  SELL_FILLED_PNL 007660 reason=EOD_FORCE_SELL filledQty=81/81 fillRatio=1.00 weightedPnl=0.08% dailyPnl=0.08%
2026-06-12 15:27:24 INFO  SELL_FILLED 007660 reason=EOD_FORCE_SELL remainingQty=0 phase=NONE exitType=TIMESTOP
2026-06-12 15:27:24 INFO  BUY [KRX] 007660 mode=VWAP_RECLAIM price=130500.0000 qty=76 size=1.0000x score=70[D] | WHY: dayChg=6.97% vrScore=87 aboveBars=11 hadBelow=true vol/vol5=2.16x | VWAP: 1.27%(ABOVE slope=UP) allowedGap=3.00% | TREND: score=3 vel=0.77%/0.77%/1.01% accel=false | VOL: 19004.0000/7530.4500 TO: 2480022000.0000/971679530.0000 | HIGH: 130500.0000 fromHigh=0.00% | VR: score=87 aboveBars=11 hadBelow=true vol/vol5=2.16x | entryNo=1
2026-06-12 15:27:24 INFO  BUY_FILLED 007660 phase=HOLDING
2026-06-12 15:27:24 INFO  SELL_EXECUTED [KRX] 007660 mode=VWAP_RECLAIM phase=EXITING exitType=PROFIT price=133500.0000 qty=76 reason=TAKE_PROFIT_VWAP_RECLAIM pnl=2.22% peakPnl=2.22% holdMs=4620000 high=133400.0000 avgPrice=130500.0000 weightedPnl=2.20% (pending fill)
2026-06-12 15:27:24 INFO  SELL_FILLED_PNL 007660 reason=TAKE_PROFIT_VWAP_RECLAIM filledQty=76/76 fillRatio=1.00 weightedPnl=2.20% dailyPnl=2.20%
2026-06-12 15:27:24 INFO  SELL_FILLED 007660 reason=TAKE_PROFIT_VWAP_RECLAIM remainingQty=0 phase=NONE exitType=PROFIT
2026-06-12 15:27:24 INFO  BUY [KRX] 007660 mode=VWAP_RECLAIM price=130000.0000 qty=76 size=1.0000x score=75[C] | WHY: dayChg=3.09% vrScore=86 aboveBars=12 hadBelow=true vol/vol5=2.37x | VWAP: 1.53%(ABOVE slope=UP) allowedGap=3.00% | TREND: score=3 vel=0.54%/0.93%/0.85% accel=false | VOL: 7850.0000/2182.6500 TO: 1020500000.0000/280736105.0000 | HIGH: 130100.0000 fromHigh=-0.08% | VR: score=86 aboveBars=12 hadBelow=true vol/vol5=2.37x | entryNo=1
2026-06-12 15:27:24 INFO  BUY_FILLED 007660 phase=HOLDING
2026-06-12 15:27:24 INFO  SELL_EXECUTED [KRX] 007660 mode=VWAP_RECLAIM phase=EXITING exitType=VWAP_BREAK price=128100.0000 qty=76 reason=VWAP_BREAK pnl=-1.46% peakPnl=0.69% holdMs=3000000 high=130900.0000 avgPrice=130000.0000 weightedPnl=-1.44% (pending fill)
2026-06-12 15:27:24 INFO  SELL_FILLED_PNL 007660 reason=VWAP_BREAK filledQty=76/76 fillRatio=1.00 weightedPnl=-1.44% dailyPnl=-1.44%
2026-06-12 15:27:24 INFO  SELL_FILLED 007660 reason=VWAP_BREAK remainingQty=0 phase=NONE exitType=VWAP_BREAK
2026-06-12 15:27:24 INFO  BUY [KRX] 007660 mode=BREAKOUT price=131500.0000 qty=60 size=0.8000x score=85[A](CONV) | WHY: strongBreakout volBreakout retestOK multiUp vol(2.05x) | VWAP: 1.02%(ABOVE slope=UP) allowedGap=2.20% | TREND: score=3 vel=0.46%/0.38%/0.38% accel=true | VOL: 3639.0000/1774.7000 TO: 479256300.0000/232296990.0000 | HIGH: 131800.0000 fromHigh=-0.08% | entryNo=1
2026-06-12 15:27:24 INFO  BUY_FILLED 007660 phase=HOLDING
2026-06-12 15:27:24 INFO  SELL [EOD_FORCE_SELL] 007660 pnl=0.61% time=15:30
2026-06-12 15:27:24 INFO  SELL_EXECUTED [KRX] 007660 mode=BREAKOUT phase=EXITING exitType=TIMESTOP price=132500.0000 qty=60 reason=EOD_FORCE_SELL pnl=0.61% peakPnl=0.91% holdMs=1980000 high=132900.0000 avgPrice=131700.0000 weightedPnl=0.48% (pending fill)
2026-06-12 15:27:24 INFO  SELL_FILLED_PNL 007660 reason=EOD_FORCE_SELL filledQty=60/60 fillRatio=1.00 weightedPnl=0.48% dailyPnl=0.48%
2026-06-12 15:27:24 INFO  SELL_FILLED 007660 reason=EOD_FORCE_SELL remainingQty=0 phase=NONE exitType=TIMESTOP
2026-06-12 15:27:24 INFO  BUY [KRX] 007660 mode=BREAKOUT price=133000.0000 qty=75 size=1.0000x score=85[A](CONV) | WHY: strongBreakout volBreakout retestOK multiUp vol(3.12x) | VWAP: 0.48%(ABOVE slope=UP) allowedGap=2.20% | TREND: score=3 vel=0.83%/0.76%/0.53% accel=true | VOL: 13912.0000/4465.6500 TO: 1851687200.0000/590511485.0000 | HIGH: 133200.0000 fromHigh=-0.08% | entryNo=1
2026-06-12 15:27:24 INFO  BUY_FILLED 007660 phase=HOLDING
2026-06-12 15:27:24 INFO  SELL [EOD_FORCE_SELL] 007660 pnl=0.45% time=15:30
2026-06-12 15:27:24 INFO  SELL_EXECUTED [KRX] 007660 mode=BREAKOUT phase=EXITING exitType=TIMESTOP price=133700.0000 qty=75 reason=EOD_FORCE_SELL pnl=0.45% peakPnl=0.68% holdMs=1920000 high=134000.0000 avgPrice=133100.0000 weightedPnl=0.45% (pending fill)
2026-06-12 15:27:24 INFO  SELL_FILLED_PNL 007660 reason=EOD_FORCE_SELL filledQty=75/75 fillRatio=1.00 weightedPnl=0.45% dailyPnl=0.45%
2026-06-12 15:27:24 INFO  SELL_FILLED 007660 reason=EOD_FORCE_SELL remainingQty=0 phase=NONE exitType=TIMESTOP
2026-06-12 15:27:24 INFO  BUY [KRX] 007660 mode=VWAP_RECLAIM price=114500.0000 qty=87 size=1.0000x score=56[D] | WHY: dayChg=1.87% vrScore=83 aboveBars=9 hadBelow=true vol/vol5=1.80x | VWAP: 1.59%(ABOVE slope=UP) allowedGap=3.00% | TREND: score=3 vel=1.24%/0.97%/0.61% accel=true | VOL: 4856.0000/3521.3500 TO: 556497600.0000/398656380.0000 | HIGH: 115100.0000 fromHigh=-0.43% | VR: score=83 aboveBars=9 hadBelow=true vol/vol5=1.80x | entryNo=1
2026-06-12 15:27:24 INFO  BUY_FILLED 007660 phase=HOLDING
2026-06-12 15:27:24 INFO  SELL_EXECUTED [KRX] 007660 mode=VWAP_RECLAIM phase=EXITING exitType=PROFIT price=117500.0000 qty=87 reason=TAKE_PROFIT_VWAP_RECLAIM pnl=2.44% peakPnl=2.44% holdMs=480000 high=117400.0000 avgPrice=114600.0000 weightedPnl=2.44% (pending fill)
2026-06-12 15:27:24 INFO  SELL_FILLED_PNL 007660 reason=TAKE_PROFIT_VWAP_RECLAIM filledQty=87/87 fillRatio=1.00 weightedPnl=2.44% dailyPnl=2.44%
2026-06-12 15:27:24 INFO  SELL_FILLED 007660 reason=TAKE_PROFIT_VWAP_RECLAIM remainingQty=0 phase=NONE exitType=PROFIT
2026-06-12 15:27:24 INFO  BUY amount set for 108490: 10000000.00
2026-06-12 15:27:25 INFO  BUY [KRX] 108490 mode=BREAKOUT price=266000.0000 qty=37 size=1.0000x score=80[B] | WHY: strongBreakout volBreakout retestOK multiUp vol(5.72x) | VWAP: 1.47%(ABOVE slope=UP) allowedGap=2.20% | TREND: score=3 vel=0.57%/0.38%/0.38% accel=true | VOL: 2753.0000/480.9000 TO: 732298000.0000/127611275.0000 | HIGH: 266000.0000 fromHigh=0.00% | entryNo=1
2026-06-12 15:27:25 INFO  BUY_FILLED 108490 phase=HOLDING
2026-06-12 15:27:25 INFO  SELL [EOD_FORCE_SELL] 108490 pnl=0.38% time=15:30
2026-06-12 15:27:25 INFO  SELL_EXECUTED [KRX] 108490 mode=BREAKOUT phase=EXITING exitType=TIMESTOP price=267000.0000 qty=37 reason=EOD_FORCE_SELL pnl=0.38% peakPnl=2.07% holdMs=9840000 high=271500.0000 avgPrice=266000.0000 weightedPnl=0.37% (pending fill)
2026-06-12 15:27:25 INFO  SELL_FILLED_PNL 108490 reason=EOD_FORCE_SELL filledQty=37/37 fillRatio=1.00 weightedPnl=0.37% dailyPnl=0.37%
2026-06-12 15:27:25 INFO  SELL_FILLED 108490 reason=EOD_FORCE_SELL remainingQty=0 phase=NONE exitType=TIMESTOP
2026-06-12 15:27:25 INFO  BUY [KRX] 108490 mode=BREAKOUT price=255000.0000 qty=39 size=1.0000x score=85[A](CONV) | WHY: strongBreakout volBreakout retestOK multiUp vol(2.56x) | VWAP: 1.17%(ABOVE slope=UP) allowedGap=2.20% | TREND: score=3 vel=0.79%/0.59%/0.39% accel=true | VOL: 1189.0000/464.5000 TO: 303195000.0000/117741175.0000 | HIGH: 255000.0000 fromHigh=0.00% | entryNo=1
2026-06-12 15:27:25 INFO  BUY_FILLED 108490 phase=HOLDING
2026-06-12 15:27:25 INFO  SELL_EXECUTED [KRX] 108490 mode=BREAKOUT phase=EXITING exitType=VWAP_BREAK price=251500.0000 qty=39 reason=VWAP_BREAK pnl=-1.37% peakPnl=0.20% holdMs=2640000 high=255500.0000 avgPrice=255000.0000 weightedPnl=-1.37% (pending fill)
2026-06-12 15:27:25 INFO  SELL_FILLED_PNL 108490 reason=VWAP_BREAK filledQty=39/39 fillRatio=1.00 weightedPnl=-1.37% dailyPnl=-1.37%
2026-06-12 15:27:25 INFO  SELL_FILLED 108490 reason=VWAP_BREAK remainingQty=0 phase=NONE exitType=VWAP_BREAK
2026-06-12 15:27:25 INFO  BUY [KRX] 108490 mode=VWAP_RECLAIM price=282500.0000 qty=35 size=1.0000x score=75[C] | WHY: dayChg=4.63% vrScore=86 aboveBars=11 hadBelow=true vol/vol5=2.00x | VWAP: 1.68%(ABOVE slope=UP) allowedGap=3.00% | TREND: score=3 vel=1.07%/0.89%/1.44% accel=true | VOL: 8143.0000/2217.4500 TO: 2300397500.0000/618152600.0000 | HIGH: 282500.0000 fromHigh=0.00% | VR: score=86 aboveBars=11 hadBelow=true vol/vol5=2.00x | entryNo=1
2026-06-12 15:27:25 INFO  BUY_FILLED 108490 phase=HOLDING
2026-06-12 15:27:25 INFO  SELL_EXECUTED [KRX] 108490 mode=VWAP_RECLAIM phase=EXITING exitType=VWAP_BREAK price=277000.0000 qty=35 reason=VWAP_BREAK pnl=-1.95% peakPnl=0.18% holdMs=1200000 high=283000.0000 avgPrice=282500.0000 weightedPnl=-1.93% (pending fill)
2026-06-12 15:27:25 INFO  SELL_FILLED_PNL 108490 reason=VWAP_BREAK filledQty=35/35 fillRatio=1.00 weightedPnl=-1.93% dailyPnl=-1.93%
2026-06-12 15:27:25 INFO  SELL_FILLED 108490 reason=VWAP_BREAK remainingQty=0 phase=NONE exitType=VWAP_BREAK
2026-06-12 15:27:25 INFO  BUY [KRX] 108490 mode=VWAP_RECLAIM price=286000.0000 qty=34 size=1.0000x score=75[C] | WHY: dayChg=4.95% vrScore=83 aboveBars=7 hadBelow=true vol/vol5=2.69x | VWAP: 1.70%(ABOVE slope=UP) allowedGap=3.00% | TREND: score=3 vel=1.06%/1.06%/1.24% accel=false | VOL: 4763.0000/1117.4000 TO: 1362218000.0000/316162850.0000 | HIGH: 286000.0000 fromHigh=0.00% | VR: score=83 aboveBars=7 hadBelow=true vol/vol5=2.69x | entryNo=1
2026-06-12 15:27:25 INFO  BUY_FILLED 108490 phase=HOLDING
2026-06-12 15:27:25 INFO  SELL_EXECUTED [KRX] 108490 mode=VWAP_RECLAIM phase=EXITING exitType=PROFIT price=292000.0000 qty=34 reason=TAKE_PROFIT_VWAP_RECLAIM pnl=2.10% peakPnl=2.10% holdMs=1140000 high=292000.0000 avgPrice=286000.0000 weightedPnl=2.04% (pending fill)
2026-06-12 15:27:25 INFO  SELL_FILLED_PNL 108490 reason=TAKE_PROFIT_VWAP_RECLAIM filledQty=34/34 fillRatio=1.00 weightedPnl=2.04% dailyPnl=2.04%
2026-06-12 15:27:25 INFO  SELL_FILLED 108490 reason=TAKE_PROFIT_VWAP_RECLAIM remainingQty=0 phase=NONE exitType=PROFIT
2026-06-12 15:27:25 INFO  BUY [KRX] 108490 mode=BREAKOUT price=274500.0000 qty=36 size=1.0000x score=80[B] | WHY: strongBreakout volBreakout retestOK multiUp vol(4.99x) | VWAP: 1.47%(ABOVE slope=UP) allowedGap=2.20% | TREND: score=3 vel=0.92%/0.55%/0.73% accel=true | VOL: 3031.0000/607.9500 TO: 832009500.0000/165976450.0000 | HIGH: 275000.0000 fromHigh=-0.18% | entryNo=1
2026-06-12 15:27:25 INFO  BUY_FILLED 108490 phase=HOLDING
2026-06-12 15:27:25 INFO  SELL_EXECUTED [KRX] 108490 mode=BREAKOUT phase=EXITING exitType=PROFIT price=283000.0000 qty=36 reason=TAKE_PROFIT_BREAKOUT pnl=3.10% peakPnl=3.10% holdMs=2400000 high=283000.0000 avgPrice=274500.0000 weightedPnl=3.06% (pending fill)
2026-06-12 15:27:25 INFO  SELL_FILLED_PNL 108490 reason=TAKE_PROFIT_BREAKOUT filledQty=36/36 fillRatio=1.00 weightedPnl=3.06% dailyPnl=3.06%
2026-06-12 15:27:25 INFO  SELL_FILLED 108490 reason=TAKE_PROFIT_BREAKOUT remainingQty=0 phase=NONE exitType=PROFIT
2026-06-12 15:27:25 INFO  BUY [KRX] 108490 mode=VWAP_RECLAIM price=315000.0000 qty=31 size=1.0000x score=63[D] | WHY: dayChg=-0.32% vrScore=83 aboveBars=8 hadBelow=true vol/vol5=2.25x | VWAP: 1.62%(ABOVE slope=UP) allowedGap=3.00% | TREND: score=3 vel=1.12%/1.12%/1.61% accel=false | VOL: 3037.0000/536.9000 TO: 956655000.0000/167443900.0000 | HIGH: 316000.0000 fromHigh=-0.32% | VR: score=83 aboveBars=8 hadBelow=true vol/vol5=2.25x | entryNo=1
2026-06-12 15:27:25 INFO  BUY_FILLED 108490 phase=HOLDING
2026-06-12 15:27:25 INFO  SELL_EXECUTED [KRX] 108490 mode=VWAP_RECLAIM phase=EXITING exitType=VWAP_BREAK price=312500.0000 qty=31 reason=VWAP_BREAK pnl=-0.79% peakPnl=1.27% holdMs=4680000 high=319000.0000 avgPrice=315000.0000 weightedPnl=-0.78% (pending fill)
2026-06-12 15:27:25 INFO  SELL_FILLED_PNL 108490 reason=VWAP_BREAK filledQty=31/31 fillRatio=1.00 weightedPnl=-0.78% dailyPnl=-0.78%
2026-06-12 15:27:25 INFO  SELL_FILLED 108490 reason=VWAP_BREAK remainingQty=0 phase=NONE exitType=VWAP_BREAK
2026-06-12 15:27:25 INFO  BUY [KRX] 108490 mode=VWAP_RECLAIM price=330500.0000 qty=30 size=1.0000x score=66[D] | WHY: dayChg=4.75% vrScore=84 aboveBars=8 hadBelow=true vol/vol5=2.58x | VWAP: 1.22%(ABOVE slope=UP) allowedGap=3.00% | TREND: score=3 vel=0.76%/1.23%/1.23% accel=false | VOL: 5373.0000/2691.9000 TO: 1775776500.0000/885459912.5000 | HIGH: 331000.0000 fromHigh=-0.15% | VR: score=84 aboveBars=8 hadBelow=true vol/vol5=2.58x | entryNo=1
2026-06-12 15:27:25 INFO  BUY_FILLED 108490 phase=HOLDING
2026-06-12 15:27:25 INFO  SELL [TRAIL_VWAP_RECLAIM] 108490 pnl=0.15% peakPnl=1.82% high=336500.0000 current=331000.0000
2026-06-12 15:27:25 INFO  SELL_EXECUTED [KRX] 108490 mode=VWAP_RECLAIM phase=EXITING exitType=TRAIL price=331000.0000 qty=30 reason=TRAIL_VWAP_RECLAIM pnl=0.15% peakPnl=1.82% holdMs=1080000 high=336500.0000 avgPrice=330500.0000 weightedPnl=0.15% (pending fill)
2026-06-12 15:27:25 INFO  SELL_FILLED_PNL 108490 reason=TRAIL_VWAP_RECLAIM filledQty=30/30 fillRatio=1.00 weightedPnl=0.15% dailyPnl=0.15%
2026-06-12 15:27:25 INFO  SELL_FILLED 108490 reason=TRAIL_VWAP_RECLAIM remainingQty=0 phase=NONE exitType=TRAIL
2026-06-12 15:27:25 INFO  BUY [KRX] 108490 mode=VWAP_RECLAIM price=357500.0000 qty=27 size=1.0000x score=85[A](CONV) | WHY: dayChg=2.73% vrScore=84 aboveBars=8 hadBelow=true vol/vol5=2.60x | VWAP: 1.28%(ABOVE slope=UP) allowedGap=3.00% | TREND: score=3 vel=0.85%/0.42%/0.56% accel=true | VOL: 8630.0000/2540.8000 TO: 3085225000.0000/897505350.0000 | HIGH: 358500.0000 fromHigh=-0.28% | VR: score=84 aboveBars=8 hadBelow=true vol/vol5=2.60x | entryNo=1
2026-06-12 15:27:25 INFO  BUY_FILLED 108490 phase=HOLDING
2026-06-12 15:27:25 INFO  SELL_EXECUTED [KRX] 108490 mode=VWAP_RECLAIM phase=EXITING exitType=PROFIT price=366000.0000 qty=27 reason=TAKE_PROFIT_VWAP_RECLAIM pnl=2.38% peakPnl=2.38% holdMs=660000 high=366000.0000 avgPrice=357500.0000 weightedPnl=2.30% (pending fill)
2026-06-12 15:27:25 INFO  SELL_FILLED_PNL 108490 reason=TAKE_PROFIT_VWAP_RECLAIM filledQty=27/27 fillRatio=1.00 weightedPnl=2.30% dailyPnl=2.30%
2026-06-12 15:27:25 INFO  SELL_FILLED 108490 reason=TAKE_PROFIT_VWAP_RECLAIM remainingQty=0 phase=NONE exitType=PROFIT
2026-06-12 15:27:25 INFO  BUY [KRX] 108490 mode=VWAP_RECLAIM price=307500.0000 qty=32 size=1.0000x score=62[D] | WHY: dayChg=1.15% vrScore=85 aboveBars=9 hadBelow=true vol/vol5=2.07x | VWAP: 1.32%(ABOVE slope=UP) allowedGap=3.00% | TREND: score=3 vel=0.82%/0.65%/0.82% accel=true | VOL: 1451.0000/736.6000 TO: 446182500.0000/224553850.0000 | HIGH: 307500.0000 fromHigh=0.00% | VR: score=85 aboveBars=9 hadBelow=true vol/vol5=2.07x | entryNo=1
2026-06-12 15:27:25 INFO  BUY_FILLED 108490 phase=HOLDING
2026-06-12 15:27:25 INFO  SELL_EXECUTED [KRX] 108490 mode=VWAP_RECLAIM phase=EXITING exitType=VWAP_BREAK price=304000.0000 qty=32 reason=VWAP_BREAK pnl=-1.14% peakPnl=1.30% holdMs=5700000 high=311500.0000 avgPrice=307500.0000 weightedPnl=-1.12% (pending fill)
2026-06-12 15:27:25 INFO  SELL_FILLED_PNL 108490 reason=VWAP_BREAK filledQty=32/32 fillRatio=1.00 weightedPnl=-1.12% dailyPnl=-1.12%
2026-06-12 15:27:25 INFO  SELL_FILLED 108490 reason=VWAP_BREAK remainingQty=0 phase=NONE exitType=VWAP_BREAK
2026-06-12 15:27:25 INFO  BUY [KRX] 108490 mode=BREAKOUT price=307500.0000 qty=32 size=1.0000x score=85[A](CONV) | WHY: strongBreakout volBreakout retestOK multiUp vol(5.84x) | VWAP: 0.61%(ABOVE slope=UP) allowedGap=2.20% | TREND: score=3 vel=0.33%/0.16%/0.33% accel=true | VOL: 1011.0000/173.0500 TO: 310882500.0000/53100725.0000 | HIGH: 307500.0000 fromHigh=0.00% | entryNo=2
2026-06-12 15:27:25 INFO  BUY_FILLED 108490 phase=HOLDING
2026-06-12 15:27:25 INFO  SELL_EXECUTED [KRX] 108490 mode=BREAKOUT phase=EXITING exitType=VWAP_BREAK price=306000.0000 qty=32 reason=VWAP_BREAK pnl=-0.49% peakPnl=0.65% holdMs=5940000 high=309500.0000 avgPrice=307500.0000 weightedPnl=-0.48% (pending fill)
2026-06-12 15:27:25 INFO  SELL_FILLED_PNL 108490 reason=VWAP_BREAK filledQty=32/32 fillRatio=1.00 weightedPnl=-0.48% dailyPnl=-1.60%
2026-06-12 15:27:25 INFO  SELL_FILLED 108490 reason=VWAP_BREAK remainingQty=0 phase=NONE exitType=VWAP_BREAK
2026-06-12 15:27:25 INFO  BUY [KRX] 108490 mode=VWAP_RECLAIM price=323000.0000 qty=30 size=1.0000x score=65[D] | WHY: dayChg=6.08% vrScore=84 aboveBars=7 hadBelow=true vol/vol5=2.96x | VWAP: 1.89%(ABOVE slope=UP) allowedGap=3.00% | TREND: score=3 vel=1.25%/1.10%/1.57% accel=true | VOL: 9431.0000/1369.7000 TO: 3046213000.0000/437343900.0000 | HIGH: 323000.0000 fromHigh=0.00% | VR: score=84 aboveBars=7 hadBelow=true vol/vol5=2.96x | entryNo=1
2026-06-12 15:27:25 INFO  BUY_FILLED 108490 phase=HOLDING
2026-06-12 15:27:25 INFO  SELL [TRAIL_VWAP_RECLAIM] 108490 pnl=0.00% peakPnl=1.55% high=328000.0000 current=323000.0000
2026-06-12 15:27:25 INFO  SELL_EXECUTED [KRX] 108490 mode=VWAP_RECLAIM phase=EXITING exitType=TRAIL price=323000.0000 qty=30 reason=TRAIL_VWAP_RECLAIM pnl=0.00% peakPnl=1.55% holdMs=300000 high=328000.0000 avgPrice=323000.0000 weightedPnl=0.00% (pending fill)
2026-06-12 15:27:25 INFO  SELL_FILLED 108490 reason=TRAIL_VWAP_RECLAIM remainingQty=0 phase=NONE exitType=TRAIL
2026-06-12 15:27:25 INFO  BUY [KRX] 108490 mode=VWAP_RECLAIM price=401000.0000 qty=24 size=1.0000x score=32[D] | WHY: dayChg=13.60% vrScore=87 aboveBars=11 hadBelow=true vol/vol5=2.17x | VWAP: 2.95%(ABOVE slope=UP) allowedGap=3.00% | TREND: score=3 vel=1.01%/0.38%/0.88% accel=true | VOL: 9669.0000/5299.5000 TO: 3877269000.0000/2067112312.5000 | HIGH: 401500.0000 fromHigh=-0.12% | VR: score=87 aboveBars=11 hadBelow=true vol/vol5=2.17x | entryNo=1
2026-06-12 15:27:25 INFO  BUY_FILLED 108490 phase=HOLDING
2026-06-12 15:27:25 INFO  SELL_EXECUTED [KRX] 108490 mode=VWAP_RECLAIM phase=EXITING exitType=PROFIT price=409500.0000 qty=24 reason=TAKE_PROFIT_VWAP_RECLAIM pnl=2.12% peakPnl=2.12% holdMs=300000 high=409500.0000 avgPrice=401000.0000 weightedPnl=2.04% (pending fill)
2026-06-12 15:27:25 INFO  SELL_FILLED_PNL 108490 reason=TAKE_PROFIT_VWAP_RECLAIM filledQty=24/24 fillRatio=1.00 weightedPnl=2.04% dailyPnl=2.04%
2026-06-12 15:27:25 INFO  SELL_FILLED 108490 reason=TAKE_PROFIT_VWAP_RECLAIM remainingQty=0 phase=NONE exitType=PROFIT
2026-06-12 15:27:25 INFO  BUY amount set for 028260: 10000000.00
2026-06-12 15:27:25 INFO  BUY [KRX] 028260 mode=BREAKOUT price=252500.0000 qty=31 size=0.8000x score=81[B] | WHY: strongBreakout volBreakout retestOK multiUp vol(1.97x) | VWAP: 1.12%(ABOVE slope=UP) allowedGap=2.20% | TREND: score=3 vel=1.20%/0.80%/1.00% accel=true | VOL: 4495.0000/2276.8500 TO: 1134987500.0000/566982612.5000 | HIGH: 252500.0000 fromHigh=0.00% | entryNo=1
2026-06-12 15:27:25 INFO  BUY_FILLED 028260 phase=HOLDING
2026-06-12 15:27:25 INFO  SELL [TRAIL_BREAKOUT] 028260 pnl=0.99% peakPnl=2.57% high=259000.0000 current=255000.0000
2026-06-12 15:27:25 INFO  SELL_EXECUTED [KRX] 028260 mode=BREAKOUT phase=EXITING exitType=TRAIL price=255000.0000 qty=31 reason=TRAIL_BREAKOUT pnl=0.99% peakPnl=2.57% holdMs=10080000 high=259000.0000 avgPrice=252500.0000 weightedPnl=0.78% (pending fill)
2026-06-12 15:27:25 INFO  SELL_FILLED_PNL 028260 reason=TRAIL_BREAKOUT filledQty=31/31 fillRatio=1.00 weightedPnl=0.78% dailyPnl=0.78%
2026-06-12 15:27:25 INFO  SELL_FILLED 028260 reason=TRAIL_BREAKOUT remainingQty=0 phase=NONE exitType=TRAIL
2026-06-12 15:27:25 INFO  BUY [KRX] 028260 mode=BREAKOUT price=305500.0000 qty=32 size=1.0000x score=80[B] | WHY: strongBreakout volBreakout retestOK multiUp vol(8.61x) | VWAP: 1.33%(ABOVE slope=UP) allowedGap=2.20% | TREND: score=3 vel=0.83%/0.66%/0.83% accel=true | VOL: 12155.0000/1411.2000 TO: 3713352500.0000/428658400.0000 | HIGH: 305500.0000 fromHigh=0.00% | entryNo=1
2026-06-12 15:27:25 INFO  BUY_FILLED 028260 phase=HOLDING
2026-06-12 15:27:25 INFO  SELL [BREAKEVEN_GUARD] 028260 pnl=-0.33% peakPnl=1.80% holdMs=1920000
2026-06-12 15:27:25 INFO  SELL_EXECUTED [KRX] 028260 mode=BREAKOUT phase=EXITING exitType=TRAIL price=304500.0000 qty=32 reason=BREAKEVEN_GUARD pnl=-0.33% peakPnl=1.80% holdMs=1920000 high=311000.0000 avgPrice=305500.0000 weightedPnl=-0.32% (pending fill)
2026-06-12 15:27:25 INFO  SELL_FILLED_PNL 028260 reason=BREAKEVEN_GUARD filledQty=32/32 fillRatio=1.00 weightedPnl=-0.32% dailyPnl=-0.32%
2026-06-12 15:27:25 INFO  SELL_FILLED 028260 reason=BREAKEVEN_GUARD remainingQty=0 phase=NONE exitType=TRAIL
2026-06-12 15:27:26 INFO  BUY [KRX] 028260 mode=VWAP_RECLAIM price=363000.0000 qty=27 size=1.0000x score=32[D] | WHY: dayChg=4.31% vrScore=85 aboveBars=11 hadBelow=true vol/vol5=1.82x | VWAP: 3.46%(ABOVE slope=UP) allowedGap=3.00% | TREND: score=3 vel=1.26%/0.97%/0.55% accel=true | VOL: 14162.0000/7710.2500 TO: 5140806000.0000/2746267675.0000 | HIGH: 363500.0000 fromHigh=-0.14% | VR: score=85 aboveBars=11 hadBelow=true vol/vol5=1.82x | entryNo=1
2026-06-12 15:27:26 INFO  BUY_FILLED 028260 phase=HOLDING
2026-06-12 15:27:26 INFO  SELL_EXECUTED [KRX] 028260 mode=VWAP_RECLAIM phase=EXITING exitType=PROFIT price=370500.0000 qty=27 reason=TAKE_PROFIT_VWAP_RECLAIM pnl=2.07% peakPnl=2.07% holdMs=540000 high=370500.0000 avgPrice=363000.0000 weightedPnl=2.03% (pending fill)
2026-06-12 15:27:26 INFO  SELL_FILLED_PNL 028260 reason=TAKE_PROFIT_VWAP_RECLAIM filledQty=27/27 fillRatio=1.00 weightedPnl=2.03% dailyPnl=2.03%
2026-06-12 15:27:26 INFO  SELL_FILLED 028260 reason=TAKE_PROFIT_VWAP_RECLAIM remainingQty=0 phase=NONE exitType=PROFIT
2026-06-12 15:27:26 INFO  BUY [KRX] 028260 mode=VWAP_RECLAIM price=442000.0000 qty=22 size=1.0000x score=70[D] | WHY: dayChg=3.63% vrScore=83 aboveBars=8 hadBelow=true vol/vol5=2.26x | VWAP: 1.41%(ABOVE slope=UP) allowedGap=3.00% | TREND: score=3 vel=0.68%/0.57%/0.91% accel=true | VOL: 4326.0000/2028.5000 TO: 1912092000.0000/884115000.0000 | HIGH: 442500.0000 fromHigh=-0.11% | VR: score=83 aboveBars=8 hadBelow=true vol/vol5=2.26x | entryNo=1
2026-06-12 15:27:26 INFO  BUY_FILLED 028260 phase=HOLDING
2026-06-12 15:27:26 INFO  SELL_EXECUTED [KRX] 028260 mode=VWAP_RECLAIM phase=EXITING exitType=VWAP_BREAK price=435000.0000 qty=22 reason=VWAP_BREAK pnl=-1.58% peakPnl=0.68% holdMs=1020000 high=445000.0000 avgPrice=442000.0000 weightedPnl=-1.54% (pending fill)
2026-06-12 15:27:26 INFO  SELL_FILLED_PNL 028260 reason=VWAP_BREAK filledQty=22/22 fillRatio=1.00 weightedPnl=-1.54% dailyPnl=-1.54%
2026-06-12 15:27:26 INFO  SELL_FILLED 028260 reason=VWAP_BREAK remainingQty=0 phase=NONE exitType=VWAP_BREAK
2026-06-12 15:27:26 INFO  BUY [KRX] 028260 mode=VWAP_RECLAIM price=437500.0000 qty=22 size=1.0000x score=62[D] | WHY: dayChg=0.57% vrScore=86 aboveBars=12 hadBelow=true vol/vol5=2.09x | VWAP: 1.25%(ABOVE slope=UP) allowedGap=3.00% | TREND: score=3 vel=0.57%/0.57%/0.69% accel=false | VOL: 2754.0000/1703.8500 TO: 1204875000.0000/737127625.0000 | HIGH: 438000.0000 fromHigh=-0.11% | VR: score=86 aboveBars=12 hadBelow=true vol/vol5=2.09x | entryNo=1
2026-06-12 15:27:26 INFO  BUY_FILLED 028260 phase=HOLDING
2026-06-12 15:27:26 INFO  SELL_EXECUTED [KRX] 028260 mode=VWAP_RECLAIM phase=EXITING exitType=VWAP_BREAK price=431500.0000 qty=22 reason=VWAP_BREAK pnl=-1.37% peakPnl=0.46% holdMs=900000 high=439500.0000 avgPrice=437500.0000 weightedPnl=-1.32% (pending fill)
2026-06-12 15:27:26 INFO  SELL_FILLED_PNL 028260 reason=VWAP_BREAK filledQty=22/22 fillRatio=1.00 weightedPnl=-1.32% dailyPnl=-1.32%
2026-06-12 15:27:26 INFO  SELL_FILLED 028260 reason=VWAP_BREAK remainingQty=0 phase=NONE exitType=VWAP_BREAK
2026-06-12 15:27:26 INFO  BUY [KRX] 028260 mode=BREAKOUT price=404500.0000 qty=24 size=1.0000x score=80[B] | WHY: strongBreakout volBreakout retestOK multiUp vol(3.72x) | VWAP: 1.56%(ABOVE slope=UP) allowedGap=2.20% | TREND: score=3 vel=0.62%/0.50%/0.75% accel=true | VOL: 3112.0000/836.7500 TO: 1258804000.0000/335881925.0000 | HIGH: 404500.0000 fromHigh=0.00% | entryNo=1
2026-06-12 15:27:26 INFO  BUY_FILLED 028260 phase=HOLDING
2026-06-12 15:27:26 INFO  SELL_EXECUTED [KRX] 028260 mode=BREAKOUT phase=EXITING exitType=VWAP_BREAK price=397500.0000 qty=24 reason=VWAP_BREAK pnl=-1.73% peakPnl=0.25% holdMs=3300000 high=405500.0000 avgPrice=404500.0000 weightedPnl=-1.68% (pending fill)
2026-06-12 15:27:26 INFO  SELL_FILLED_PNL 028260 reason=VWAP_BREAK filledQty=24/24 fillRatio=1.00 weightedPnl=-1.68% dailyPnl=-1.68%
2026-06-12 15:27:26 INFO  SELL_FILLED 028260 reason=VWAP_BREAK remainingQty=0 phase=NONE exitType=VWAP_BREAK
2026-06-12 15:27:26 INFO  BUY [KRX] 028260 mode=VWAP_RECLAIM price=459500.0000 qty=21 size=1.0000x score=70[D] | WHY: dayChg=3.49% vrScore=88 aboveBars=11 hadBelow=true vol/vol5=2.26x | VWAP: 1.50%(ABOVE slope=UP) allowedGap=3.00% | TREND: score=3 vel=1.10%/0.88%/0.77% accel=true | VOL: 5691.0000/2132.5000 TO: 2615014500.0000/970059975.0000 | HIGH: 459500.0000 fromHigh=0.00% | VR: score=88 aboveBars=11 hadBelow=true vol/vol5=2.26x | entryNo=1
2026-06-12 15:27:26 INFO  BUY_FILLED 028260 phase=HOLDING
2026-06-12 15:27:26 INFO  SELL_EXECUTED [KRX] 028260 mode=VWAP_RECLAIM phase=EXITING exitType=PROFIT price=470500.0000 qty=21 reason=TAKE_PROFIT_VWAP_RECLAIM pnl=2.39% peakPnl=2.39% holdMs=960000 high=470500.0000 avgPrice=459500.0000 weightedPnl=2.31% (pending fill)
2026-06-12 15:27:26 INFO  SELL_FILLED_PNL 028260 reason=TAKE_PROFIT_VWAP_RECLAIM filledQty=21/21 fillRatio=1.00 weightedPnl=2.31% dailyPnl=2.31%
2026-06-12 15:27:26 INFO  SELL_FILLED 028260 reason=TAKE_PROFIT_VWAP_RECLAIM remainingQty=0 phase=NONE exitType=PROFIT
2026-06-12 15:27:26 INFO  BUY [KRX] 028260 mode=BREAKOUT price=457000.0000 qty=21 size=1.0000x score=80[B] | WHY: strongBreakout volBreakout retestOK multiUp vol(3.88x) | VWAP: 1.24%(ABOVE slope=UP) allowedGap=2.20% | TREND: score=3 vel=0.77%/0.66%/0.55% accel=true | VOL: 4896.0000/1261.0000 TO: 2237472000.0000/572569650.0000 | HIGH: 457500.0000 fromHigh=-0.11% | entryNo=1
2026-06-12 15:27:26 INFO  BUY_FILLED 028260 phase=HOLDING
2026-06-12 15:27:26 INFO  SELL [BREAKEVEN_GUARD] 028260 pnl=-0.33% peakPnl=1.53% holdMs=2280000
2026-06-12 15:27:26 INFO  SELL_EXECUTED [KRX] 028260 mode=BREAKOUT phase=EXITING exitType=TRAIL price=455500.0000 qty=21 reason=BREAKEVEN_GUARD pnl=-0.33% peakPnl=1.53% holdMs=2280000 high=464000.0000 avgPrice=457000.0000 weightedPnl=-0.32% (pending fill)
2026-06-12 15:27:26 INFO  SELL_FILLED_PNL 028260 reason=BREAKEVEN_GUARD filledQty=21/21 fillRatio=1.00 weightedPnl=-0.32% dailyPnl=-0.32%
2026-06-12 15:27:26 INFO  SELL_FILLED 028260 reason=BREAKEVEN_GUARD remainingQty=0 phase=NONE exitType=TRAIL
2026-06-12 15:27:26 INFO  BUY amount set for 298040: 10000000.00
2026-06-12 15:27:26 INFO  BUY [KRX] 298040 mode=BREAKOUT price=2520000.0000 qty=3 size=1.0000x score=83[B] | WHY: strongBreakout volBreakout retestOK multiUp vol(12.35x) | VWAP: 0.92%(ABOVE slope=UP) allowedGap=2.20% | TREND: score=3 vel=0.24%/0.20%/0.24% accel=true | VOL: 1228.0000/99.4000 TO: 3094560000.0000/250031650.0000 | HIGH: 2527000.0000 fromHigh=-0.28% | entryNo=1
2026-06-12 15:27:26 INFO  BUY_FILLED 298040 phase=HOLDING
2026-06-12 15:27:26 INFO  SELL_EXECUTED [KRX] 298040 mode=BREAKOUT phase=EXITING exitType=VWAP_BREAK price=2509000.0000 qty=3 reason=VWAP_BREAK pnl=-0.44% peakPnl=1.03% holdMs=6600000 high=2546000.0000 avgPrice=2520000.0000 weightedPnl=-0.33% (pending fill)
2026-06-12 15:27:26 INFO  SELL_FILLED_PNL 298040 reason=VWAP_BREAK filledQty=3/3 fillRatio=1.00 weightedPnl=-0.33% dailyPnl=-0.33%
2026-06-12 15:27:26 INFO  SELL_FILLED 298040 reason=VWAP_BREAK remainingQty=0 phase=NONE exitType=VWAP_BREAK
2026-06-12 15:27:26 INFO  BUY [KRX] 298040 mode=BREAKOUT price=2739000.0000 qty=3 size=1.0000x score=80[B] | WHY: strongBreakout volBreakout retestOK multiUp vol(3.35x) | VWAP: 1.14%(ABOVE slope=UP) allowedGap=2.20% | TREND: score=3 vel=0.18%/0.15%/0.18% accel=true | VOL: 303.0000/90.5000 TO: 829917000.0000/247446200.0000 | HIGH: 2740000.0000 fromHigh=-0.04% | entryNo=1
2026-06-12 15:27:26 INFO  BUY_FILLED 298040 phase=HOLDING
2026-06-12 15:27:26 INFO  SELL_EXECUTED [KRX] 298040 mode=BREAKOUT phase=EXITING exitType=VWAP_BREAK price=2725000.0000 qty=3 reason=VWAP_BREAK pnl=-0.51% peakPnl=0.77% holdMs=6240000 high=2760000.0000 avgPrice=2739000.0000 weightedPnl=-0.42% (pending fill)
2026-06-12 15:27:26 INFO  SELL_FILLED_PNL 298040 reason=VWAP_BREAK filledQty=3/3 fillRatio=1.00 weightedPnl=-0.42% dailyPnl=-0.42%
2026-06-12 15:27:26 INFO  SELL_FILLED 298040 reason=VWAP_BREAK remainingQty=0 phase=NONE exitType=VWAP_BREAK
2026-06-12 15:27:26 INFO  BUY [KRX] 298040 mode=BREAKOUT price=2653000.0000 qty=3 size=1.0000x score=80[B] | WHY: strongBreakout volBreakout retestOK multiUp vol(4.09x) | VWAP: 0.88%(ABOVE slope=UP) allowedGap=2.20% | TREND: score=3 vel=0.23%/0.19%/0.23% accel=true | VOL: 339.0000/82.8000 TO: 899367000.0000/219243700.0000 | HIGH: 2653000.0000 fromHigh=0.00% | entryNo=1
2026-06-12 15:27:26 INFO  BUY_FILLED 298040 phase=HOLDING
2026-06-12 15:27:26 INFO  SELL [EOD_FORCE_SELL] 298040 pnl=0.00% time=15:30
2026-06-12 15:27:26 INFO  SELL_EXECUTED [KRX] 298040 mode=BREAKOUT phase=EXITING exitType=TIMESTOP price=2653000.0000 qty=3 reason=EOD_FORCE_SELL pnl=0.00% peakPnl=1.32% holdMs=5520000 high=2688000.0000 avgPrice=2653000.0000 weightedPnl=0.00% (pending fill)
2026-06-12 15:27:26 INFO  SELL_FILLED 298040 reason=EOD_FORCE_SELL remainingQty=0 phase=NONE exitType=TIMESTOP
2026-06-12 15:27:26 INFO  BUY [KRX] 298040 mode=BREAKOUT price=3025000.0000 qty=3 size=1.0000x score=80[B] | WHY: strongBreakout volBreakout retestOK multiUp vol(2.59x) | VWAP: 1.17%(ABOVE slope=UP) allowedGap=2.20% | TREND: score=3 vel=0.33%/0.23%/0.46% accel=true | VOL: 378.0000/145.7500 TO: 1143450000.0000/439578550.0000 | HIGH: 3025000.0000 fromHigh=0.00% | entryNo=1
2026-06-12 15:27:26 INFO  BUY_FILLED 298040 phase=HOLDING
2026-06-12 15:27:26 INFO  SELL_EXECUTED [KRX] 298040 mode=BREAKOUT phase=EXITING exitType=VWAP_BREAK price=2978000.0000 qty=3 reason=VWAP_BREAK pnl=-1.55% peakPnl=0.36% holdMs=1020000 high=3036000.0000 avgPrice=3025000.0000 weightedPnl=-1.41% (pending fill)
2026-06-12 15:27:26 INFO  SELL_FILLED_PNL 298040 reason=VWAP_BREAK filledQty=3/3 fillRatio=1.00 weightedPnl=-1.41% dailyPnl=-1.41%
2026-06-12 15:27:26 INFO  SELL_FILLED 298040 reason=VWAP_BREAK remainingQty=0 phase=NONE exitType=VWAP_BREAK
2026-06-12 15:27:26 INFO  BUY [KRX] 298040 mode=BREAKOUT price=3004000.0000 qty=3 size=1.0000x score=85[A](CONV) | WHY: strongBreakout volBreakout retestOK multiUp vol(9.66x) | VWAP: 0.67%(ABOVE slope=UP) allowedGap=2.20% | TREND: score=3 vel=0.37%/0.30%/0.40% accel=true | VOL: 661.0000/68.4500 TO: 1985644000.0000/205260250.0000 | HIGH: 3005000.0000 fromHigh=-0.03% | entryNo=1
2026-06-12 15:27:26 INFO  BUY_FILLED 298040 phase=HOLDING
2026-06-12 15:27:26 INFO  SELL [EOD_FORCE_SELL] 298040 pnl=0.20% time=15:30
2026-06-12 15:27:26 INFO  SELL_EXECUTED [KRX] 298040 mode=BREAKOUT phase=EXITING exitType=TIMESTOP price=3010000.0000 qty=3 reason=EOD_FORCE_SELL pnl=0.20% peakPnl=0.80% holdMs=13140000 high=3028000.0000 avgPrice=3004000.0000 weightedPnl=0.18% (pending fill)
2026-06-12 15:27:26 INFO  SELL_FILLED_PNL 298040 reason=EOD_FORCE_SELL filledQty=3/3 fillRatio=1.00 weightedPnl=0.18% dailyPnl=0.18%
2026-06-12 15:27:26 INFO  SELL_FILLED 298040 reason=EOD_FORCE_SELL remainingQty=0 phase=NONE exitType=TIMESTOP
2026-06-12 15:27:26 INFO  BUY [KRX] 298040 mode=VWAP_RECLAIM price=3421000.0000 qty=2 size=1.0000x score=62[D] | WHY: dayChg=3.92% vrScore=88 aboveBars=11 hadBelow=true vol/vol5=2.30x | VWAP: 1.23%(ABOVE slope=UP) allowedGap=3.00% | TREND: score=3 vel=0.68%/0.44%/0.38% accel=true | VOL: 872.0000/518.0500 TO: 2983112000.0000/1755640500.0000 | HIGH: 3421000.0000 fromHigh=0.00% | VR: score=88 aboveBars=11 hadBelow=true vol/vol5=2.30x | entryNo=1
2026-06-12 15:27:26 INFO  BUY_FILLED 298040 phase=HOLDING
2026-06-12 15:27:26 INFO  SELL_EXECUTED [KRX] 298040 mode=VWAP_RECLAIM phase=EXITING exitType=PROFIT price=3491000.0000 qty=2 reason=TAKE_PROFIT_VWAP_RECLAIM pnl=2.05% peakPnl=2.05% holdMs=720000 high=3491000.0000 avgPrice=3421000.0000 weightedPnl=1.40% (pending fill)
2026-06-12 15:27:26 INFO  SELL_FILLED_PNL 298040 reason=TAKE_PROFIT_VWAP_RECLAIM filledQty=2/2 fillRatio=1.00 weightedPnl=1.40% dailyPnl=1.40%
2026-06-12 15:27:26 INFO  SELL_FILLED 298040 reason=TAKE_PROFIT_VWAP_RECLAIM remainingQty=0 phase=NONE exitType=PROFIT
2026-06-12 15:27:26 INFO  BUY [KRX] 298040 mode=BREAKOUT price=3957000.0000 qty=2 size=0.8000x score=87[A](CONV) | WHY: strongBreakout volBreakout retestOK multiUp vol(1.90x) | VWAP: 0.99%(ABOVE slope=UP) allowedGap=2.20% | TREND: score=3 vel=0.56%/0.43%/0.94% accel=true | VOL: 516.0000/272.0000 TO: 2041812000.0000/1067696650.0000 | HIGH: 3965000.0000 fromHigh=-0.20% | entryNo=1
2026-06-12 15:27:26 INFO  BUY_FILLED 298040 phase=HOLDING
2026-06-12 15:27:26 INFO  SELL [EOD_FORCE_SELL] 298040 pnl=-0.71% time=15:30
2026-06-12 15:27:26 INFO  SELL_EXECUTED [KRX] 298040 mode=BREAKOUT phase=EXITING exitType=TIMESTOP price=3929000.0000 qty=2 reason=EOD_FORCE_SELL pnl=-0.71% peakPnl=-0.18% holdMs=1800000 high=3950000.0000 avgPrice=3957000.0000 weightedPnl=-0.56% (pending fill)
2026-06-12 15:27:26 INFO  SELL_FILLED_PNL 298040 reason=EOD_FORCE_SELL filledQty=2/2 fillRatio=1.00 weightedPnl=-0.56% dailyPnl=-0.56%
2026-06-12 15:27:26 INFO  SELL_FILLED 298040 reason=EOD_FORCE_SELL remainingQty=0 phase=NONE exitType=TIMESTOP
2026-06-12 15:27:27 INFO  BUY [KRX] 298040 mode=VWAP_RECLAIM price=3680000.0000 qty=2 size=1.0000x score=70[D] | WHY: dayChg=-2.59% vrScore=89 aboveBars=10 hadBelow=true vol/vol5=2.46x | VWAP: 1.24%(ABOVE slope=UP) allowedGap=3.00% | TREND: score=3 vel=0.96%/0.68%/0.85% accel=true | VOL: 562.0000/197.1000 TO: 2068160000.0000/717074600.0000 | HIGH: 3692000.0000 fromHigh=-0.33% | VR: score=89 aboveBars=10 hadBelow=true vol/vol5=2.46x | entryNo=1
2026-06-12 15:27:27 INFO  BUY_FILLED 298040 phase=HOLDING
2026-06-12 15:27:27 INFO  SELL_EXECUTED [KRX] 298040 mode=VWAP_RECLAIM phase=EXITING exitType=VWAP_BREAK price=3624000.0000 qty=2 reason=VWAP_BREAK pnl=-1.52% peakPnl=0.11% holdMs=540000 high=3684000.0000 avgPrice=3680000.0000 weightedPnl=-1.12% (pending fill)
2026-06-12 15:27:27 INFO  SELL_FILLED_PNL 298040 reason=VWAP_BREAK filledQty=2/2 fillRatio=1.00 weightedPnl=-1.12% dailyPnl=-1.12%
2026-06-12 15:27:27 INFO  SELL_FILLED 298040 reason=VWAP_BREAK remainingQty=0 phase=NONE exitType=VWAP_BREAK
2026-06-12 15:27:27 INFO  BUY [KRX] 298040 mode=BREAKOUT price=3278000.0000 qty=2 size=0.8000x score=85[A](CONV) | WHY: strongBreakout volBreakout retestOK multiUp vol(2.08x) | VWAP: 1.39%(ABOVE slope=UP) allowedGap=2.20% | TREND: score=3 vel=0.43%/0.40%/0.34% accel=true | VOL: 233.0000/112.1500 TO: 763774000.0000/366757850.0000 | HIGH: 3285000.0000 fromHigh=-0.21% | entryNo=1
2026-06-12 15:27:27 INFO  BUY_FILLED 298040 phase=HOLDING
2026-06-12 15:27:27 INFO  SELL_EXECUTED [KRX] 298040 mode=BREAKOUT phase=EXITING exitType=VWAP_BREAK price=3223000.0000 qty=2 reason=VWAP_BREAK pnl=-1.68% peakPnl=0.00% holdMs=3360000 high=3278000.0000 avgPrice=3278000.0000 weightedPnl=-1.10% (pending fill)
2026-06-12 15:27:27 INFO  SELL_FILLED_PNL 298040 reason=VWAP_BREAK filledQty=2/2 fillRatio=1.00 weightedPnl=-1.10% dailyPnl=-1.10%
2026-06-12 15:27:27 INFO  SELL_FILLED 298040 reason=VWAP_BREAK remainingQty=0 phase=NONE exitType=VWAP_BREAK
2026-06-12 15:27:27 INFO  BUY amount set for 319660: 10000000.00
2026-06-12 15:27:27 INFO  BUY [KRX] 319660 mode=VWAP_RECLAIM price=78600.0000 qty=127 size=1.0000x score=32[D] | WHY: dayChg=4.11% vrScore=85 aboveBars=11 hadBelow=true vol/vol5=1.85x | VWAP: 2.45%(ABOVE slope=UP) allowedGap=3.00% | TREND: score=3 vel=1.42%/1.95%/1.95% accel=false | VOL: 7590.0000/3920.8750 TO: 596574000.0000/300812931.2500 | HIGH: 78700.0000 fromHigh=-0.13% | VR: score=85 aboveBars=11 hadBelow=true vol/vol5=1.85x | entryNo=1
2026-06-12 15:27:27 INFO  BUY_FILLED 319660 phase=HOLDING
2026-06-12 15:27:27 INFO  SELL_EXECUTED [KRX] 319660 mode=VWAP_RECLAIM phase=EXITING exitType=STOPLOSS price=77300.0000 qty=127 reason=STOP_LOSS_VWAP_RECLAIM pnl=-1.65% peakPnl=-0.76% holdMs=120000 high=78000.0000 avgPrice=78600.0000 weightedPnl=-1.65% (pending fill)
2026-06-12 15:27:27 INFO  SELL_FILLED_PNL 319660 reason=STOP_LOSS_VWAP_RECLAIM filledQty=127/127 fillRatio=1.00 weightedPnl=-1.65% dailyPnl=-1.65%
2026-06-12 15:27:27 INFO  SELL_FILLED 319660 reason=STOP_LOSS_VWAP_RECLAIM remainingQty=0 phase=NONE exitType=STOPLOSS
2026-06-12 15:27:27 INFO  BUY [KRX] 319660 mode=BREAKOUT price=77100.0000 qty=129 size=1.0000x score=85[A](CONV) | WHY: strongBreakout volBreakout retestOK multiUp vol(3.23x) | VWAP: 1.11%(ABOVE slope=UP) allowedGap=2.20% | TREND: score=3 vel=0.52%/0.39%/0.52% accel=true | VOL: 3652.0000/1130.7000 TO: 281569200.0000/86616240.0000 | HIGH: 77100.0000 fromHigh=0.00% | entryNo=2
2026-06-12 15:27:27 INFO  BUY_FILLED 319660 phase=HOLDING
2026-06-12 15:27:27 INFO  SELL_EXECUTED [KRX] 319660 mode=BREAKOUT phase=EXITING exitType=VWAP_BREAK price=76200.0000 qty=129 reason=VWAP_BREAK pnl=-1.17% peakPnl=0.39% holdMs=6720000 high=77400.0000 avgPrice=77100.0000 weightedPnl=-1.16% (pending fill)
2026-06-12 15:27:27 INFO  SELL_FILLED_PNL 319660 reason=VWAP_BREAK filledQty=129/129 fillRatio=1.00 weightedPnl=-1.16% dailyPnl=-2.81%
2026-06-12 15:27:27 INFO  SELL_FILLED 319660 reason=VWAP_BREAK remainingQty=0 phase=NONE exitType=VWAP_BREAK
2026-06-12 15:27:27 INFO  BUY [KRX] 319660 mode=VWAP_RECLAIM price=78900.0000 qty=126 size=1.0000x score=45[D] | WHY: dayChg=7.20% vrScore=84 aboveBars=6 hadBelow=true vol/vol5=3.48x | VWAP: 2.90%(ABOVE slope=UP) allowedGap=3.00% | TREND: score=3 vel=1.94%/2.87%/3.27% accel=false | VOL: 10211.0000/2009.2000 TO: 805647900.0000/155161800.0000 | HIGH: 79000.0000 fromHigh=-0.13% | VR: score=84 aboveBars=6 hadBelow=true vol/vol5=3.48x | entryNo=1
2026-06-12 15:27:27 INFO  BUY_FILLED 319660 phase=HOLDING
2026-06-12 15:27:27 INFO  SELL_EXECUTED [KRX] 319660 mode=VWAP_RECLAIM phase=EXITING exitType=PROFIT price=80700.0000 qty=126 reason=TAKE_PROFIT_VWAP_RECLAIM pnl=2.28% peakPnl=2.28% holdMs=900000 high=80700.0000 avgPrice=78900.0000 weightedPnl=2.27% (pending fill)
2026-06-12 15:27:27 INFO  SELL_FILLED_PNL 319660 reason=TAKE_PROFIT_VWAP_RECLAIM filledQty=126/126 fillRatio=1.00 weightedPnl=2.27% dailyPnl=2.27%
2026-06-12 15:27:27 INFO  SELL_FILLED 319660 reason=TAKE_PROFIT_VWAP_RECLAIM remainingQty=0 phase=NONE exitType=PROFIT
2026-06-12 15:27:27 INFO  BUY [KRX] 319660 mode=VWAP_RECLAIM price=86200.0000 qty=116 size=1.0000x score=62[D] | WHY: dayChg=3.86% vrScore=84 aboveBars=9 hadBelow=true vol/vol5=2.02x | VWAP: 1.24%(ABOVE slope=UP) allowedGap=3.00% | TREND: score=3 vel=0.70%/0.82%/0.70% accel=false | VOL: 4424.0000/2286.0625 TO: 381348800.0000/194640987.5000 | HIGH: 86300.0000 fromHigh=-0.12% | VR: score=84 aboveBars=9 hadBelow=true vol/vol5=2.02x | entryNo=1
2026-06-12 15:27:27 INFO  BUY_FILLED 319660 phase=HOLDING
2026-06-12 15:27:27 INFO  SELL_EXECUTED [KRX] 319660 mode=VWAP_RECLAIM phase=EXITING exitType=PROFIT price=88200.0000 qty=116 reason=TAKE_PROFIT_VWAP_RECLAIM pnl=2.32% peakPnl=2.32% holdMs=1260000 high=88200.0000 avgPrice=86200.0000 weightedPnl=2.32% (pending fill)
2026-06-12 15:27:27 INFO  SELL_FILLED_PNL 319660 reason=TAKE_PROFIT_VWAP_RECLAIM filledQty=116/116 fillRatio=1.00 weightedPnl=2.32% dailyPnl=2.32%
2026-06-12 15:27:27 INFO  SELL_FILLED 319660 reason=TAKE_PROFIT_VWAP_RECLAIM remainingQty=0 phase=NONE exitType=PROFIT
2026-06-12 15:27:27 INFO  BUY [KRX] 319660 mode=PULLBACK price=77100.0000 qty=194 size=1.5000x score=80[B] | WHY: zone(-1.03%fromHigh) vel+ priceAboveAvg vol(7.92x) | VWAP: 0.21%(ABOVE slope=UP) allowedGap=1.00% | TREND: score=3 vel=1.18%/0.78%/0.65% accel=true | VOL: 14606.0000/1844.5000 TO: 1126122600.0000/141785475.0000 | HIGH: 77900.0000 fromHigh=-1.03% | entryNo=1
2026-06-12 15:27:27 INFO  BUY_FILLED 319660 phase=HOLDING
2026-06-12 15:27:27 INFO  SELL [BREAKEVEN_GUARD] 319660 pnl=-0.39% peakPnl=1.82% holdMs=7260000
2026-06-12 15:27:27 INFO  SELL_EXECUTED [KRX] 319660 mode=PULLBACK phase=EXITING exitType=TRAIL price=76800.0000 qty=194 reason=BREAKEVEN_GUARD pnl=-0.39% peakPnl=1.82% holdMs=7260000 high=78500.0000 avgPrice=77100.0000 weightedPnl=-0.58% (pending fill)
2026-06-12 15:27:27 INFO  SELL_FILLED_PNL 319660 reason=BREAKEVEN_GUARD filledQty=194/194 fillRatio=1.00 weightedPnl=-0.58% dailyPnl=-0.58%
2026-06-12 15:27:27 INFO  SELL_FILLED 319660 reason=BREAKEVEN_GUARD remainingQty=0 phase=NONE exitType=TRAIL
2026-06-12 15:27:27 INFO  BUY [KRX] 319660 mode=BREAKOUT price=83200.0000 qty=120 size=1.0000x score=85[A](CONV) | WHY: strongBreakout volBreakout retestOK multiUp vol(2.77x) | VWAP: 0.68%(ABOVE slope=UP) allowedGap=2.20% | TREND: score=3 vel=1.22%/0.60%/0.73% accel=true | VOL: 4260.0000/1536.5500 TO: 354432000.0000/126855480.0000 | HIGH: 83200.0000 fromHigh=0.00% | entryNo=1
2026-06-12 15:27:27 INFO  BUY_FILLED 319660 phase=HOLDING
2026-06-12 15:27:27 INFO  SELL_EXECUTED [KRX] 319660 mode=BREAKOUT phase=EXITING exitType=VWAP_BREAK price=82200.0000 qty=120 reason=VWAP_BREAK pnl=-1.20% peakPnl=0.12% holdMs=1860000 high=83300.0000 avgPrice=83200.0000 weightedPnl=-1.20% (pending fill)
2026-06-12 15:27:27 INFO  SELL_FILLED_PNL 319660 reason=VWAP_BREAK filledQty=120/120 fillRatio=1.00 weightedPnl=-1.20% dailyPnl=-1.20%
2026-06-12 15:27:27 INFO  SELL_FILLED 319660 reason=VWAP_BREAK remainingQty=0 phase=NONE exitType=VWAP_BREAK
2026-06-12 15:27:27 INFO  BUY [KRX] 319660 mode=BREAKOUT price=98800.0000 qty=101 size=1.0000x score=85[A](CONV) | WHY: strongBreakout volBreakout retestOK multiUp vol(5.84x) | VWAP: 1.03%(ABOVE slope=UP) allowedGap=2.20% | TREND: score=3 vel=0.30%/0.20%/0.41% accel=true | VOL: 2786.0000/477.2500 TO: 275256800.0000/47023035.0000 | HIGH: 98800.0000 fromHigh=0.00% | entryNo=1
2026-06-12 15:27:27 INFO  BUY_FILLED 319660 phase=HOLDING
2026-06-12 15:27:27 INFO  SELL_EXECUTED [KRX] 319660 mode=BREAKOUT phase=EXITING exitType=STOPLOSS price=89000.0000 qty=101 reason=EMERGENCY_STOP pnl=-9.92% peakPnl=1.62% holdMs=5580000 high=100400.0000 avgPrice=98800.0000 weightedPnl=-9.90% (pending fill)
2026-06-12 15:27:27 INFO  SELL_FILLED_PNL 319660 reason=EMERGENCY_STOP filledQty=101/101 fillRatio=1.00 weightedPnl=-9.90% dailyPnl=-9.90%
2026-06-12 15:27:27 INFO  SELL_FILLED 319660 reason=EMERGENCY_STOP remainingQty=0 phase=NONE exitType=STOPLOSS
2026-06-12 15:27:27 INFO  BUY [KRX] 319660 mode=VWAP_RECLAIM price=106000.0000 qty=94 size=1.0000x score=65[D] | WHY: dayChg=1.24% vrScore=83 aboveBars=7 hadBelow=true vol/vol5=2.67x | VWAP: 2.00%(ABOVE slope=UP) allowedGap=3.00% | TREND: score=3 vel=1.15%/1.93%/2.32% accel=false | VOL: 5190.0000/1632.8125 TO: 549102000.0000/169370631.2500 | HIGH: 105800.0000 fromHigh=0.00% | VR: score=83 aboveBars=7 hadBelow=true vol/vol5=2.67x | entryNo=1
2026-06-12 15:27:27 INFO  BUY_FILLED 319660 phase=HOLDING
2026-06-12 15:27:27 INFO  SELL_EXECUTED [KRX] 319660 mode=VWAP_RECLAIM phase=EXITING exitType=VWAP_BREAK price=103800.0000 qty=94 reason=VWAP_BREAK pnl=-1.89% peakPnl=0.28% holdMs=420000 high=106100.0000 avgPrice=105800.0000 weightedPnl=-1.88% (pending fill)
2026-06-12 15:27:27 INFO  SELL_FILLED_PNL 319660 reason=VWAP_BREAK filledQty=94/94 fillRatio=1.00 weightedPnl=-1.88% dailyPnl=-1.88%
2026-06-12 15:27:27 INFO  SELL_FILLED 319660 reason=VWAP_BREAK remainingQty=0 phase=NONE exitType=VWAP_BREAK
2026-06-12 15:27:27 INFO  BUY [KRX] 319660 mode=BREAKOUT price=115500.0000 qty=86 size=1.0000x score=85[A](CONV) | WHY: strongBreakout volBreakout retestOK multiUp vol(7.15x) | VWAP: 1.10%(ABOVE slope=UP) allowedGap=2.20% | TREND: score=3 vel=0.96%/0.87%/0.87% accel=true | VOL: 3794.0000/530.7500 TO: 437448200.0000/60876765.0000 | HIGH: 115300.0000 fromHigh=0.00% | entryNo=1
2026-06-12 15:27:27 INFO  BUY_FILLED 319660 phase=HOLDING
2026-06-12 15:27:27 INFO  SELL [EOD_FORCE_SELL] 319660 pnl=1.39% time=15:30
2026-06-12 15:27:27 INFO  SELL_EXECUTED [KRX] 319660 mode=BREAKOUT phase=EXITING exitType=TIMESTOP price=116900.0000 qty=86 reason=EOD_FORCE_SELL pnl=1.39% peakPnl=2.08% holdMs=8280000 high=117700.0000 avgPrice=115300.0000 weightedPnl=1.38% (pending fill)
2026-06-12 15:27:27 INFO  SELL_FILLED_PNL 319660 reason=EOD_FORCE_SELL filledQty=86/86 fillRatio=1.00 weightedPnl=1.38% dailyPnl=1.38%
2026-06-12 15:27:27 INFO  SELL_FILLED 319660 reason=EOD_FORCE_SELL remainingQty=0 phase=NONE exitType=TIMESTOP
2026-06-12 15:27:27 INFO  BUY amount set for 222800: 10000000.00
2026-06-12 15:27:27 INFO  BUY [KRX] 222800 mode=VWAP_RECLAIM price=59500.0000 qty=168 size=1.0000x score=85[A](CONV) | WHY: dayChg=2.06% vrScore=85 aboveBars=8 hadBelow=true vol/vol5=2.71x | VWAP: 1.10%(ABOVE slope=UP) allowedGap=3.00% | TREND: score=3 vel=0.68%/1.02%/0.51% accel=false | VOL: 35193.0000/9837.6471 TO: 2093983500.0000/578962158.8235 | HIGH: 59600.0000 fromHigh=-0.17% | VR: score=85 aboveBars=8 hadBelow=true vol/vol5=2.71x | entryNo=1
2026-06-12 15:27:27 INFO  BUY_FILLED 222800 phase=HOLDING
2026-06-12 15:27:27 INFO  SELL_EXECUTED [KRX] 222800 mode=VWAP_RECLAIM phase=EXITING exitType=VWAP_BREAK price=58700.0000 qty=168 reason=VWAP_BREAK pnl=-1.34% peakPnl=0.17% holdMs=240000 high=59600.0000 avgPrice=59500.0000 weightedPnl=-1.34% (pending fill)
2026-06-12 15:27:27 INFO  SELL_FILLED_PNL 222800 reason=VWAP_BREAK filledQty=168/168 fillRatio=1.00 weightedPnl=-1.34% dailyPnl=-1.34%
2026-06-12 15:27:27 INFO  SELL_FILLED 222800 reason=VWAP_BREAK remainingQty=0 phase=NONE exitType=VWAP_BREAK
2026-06-12 15:27:27 INFO  BUY [KRX] 222800 mode=BREAKOUT price=59600.0000 qty=167 size=1.0000x score=85[A](CONV) | WHY: strongBreakout volBreakout retestOK multiUp vol(2.43x) | VWAP: 0.92%(ABOVE slope=UP) allowedGap=2.20% | TREND: score=3 vel=0.85%/0.51%/0.42% accel=true | VOL: 20314.0000/8343.5500 TO: 1210714400.0000/495268847.5000 | HIGH: 59700.0000 fromHigh=-0.17% | entryNo=2
2026-06-12 15:27:27 INFO  BUY_FILLED 222800 phase=HOLDING
2026-06-12 15:27:27 INFO  SELL_EXECUTED [KRX] 222800 mode=BREAKOUT phase=EXITING exitType=STOPLOSS price=58900.0000 qty=167 reason=FAILED_BREAKOUT pnl=-1.17% peakPnl=-0.17% holdMs=300000 high=59500.0000 avgPrice=59600.0000 weightedPnl=-1.17% (pending fill)
2026-06-12 15:27:27 INFO  SELL_FILLED_PNL 222800 reason=FAILED_BREAKOUT filledQty=167/167 fillRatio=1.00 weightedPnl=-1.17% dailyPnl=-2.51%
2026-06-12 15:27:27 INFO  SELL_FILLED 222800 reason=FAILED_BREAKOUT remainingQty=0 phase=NONE exitType=STOPLOSS
2026-06-12 15:27:28 INFO  BUY [KRX] 222800 mode=VWAP_RECLAIM price=63600.0000 qty=157 size=1.0000x score=75[C] | WHY: dayChg=3.58% vrScore=85 aboveBars=6 hadBelow=true vol/vol5=3.66x | VWAP: 1.74%(ABOVE slope=UP) allowedGap=3.00% | TREND: score=3 vel=1.27%/1.11%/1.44% accel=true | VOL: 26854.0000/6607.0000 TO: 1707914400.0000/414619615.0000 | HIGH: 63800.0000 fromHigh=-0.31% | VR: score=85 aboveBars=6 hadBelow=true vol/vol5=3.66x | entryNo=1
2026-06-12 15:27:28 INFO  BUY_FILLED 222800 phase=HOLDING
2026-06-12 15:27:28 INFO  SELL_EXECUTED [KRX] 222800 mode=VWAP_RECLAIM phase=EXITING exitType=VWAP_BREAK price=62500.0000 qty=157 reason=VWAP_BREAK pnl=-1.73% peakPnl=0.63% holdMs=1080000 high=64000.0000 avgPrice=63600.0000 weightedPnl=-1.73% (pending fill)
2026-06-12 15:27:28 INFO  SELL_FILLED_PNL 222800 reason=VWAP_BREAK filledQty=157/157 fillRatio=1.00 weightedPnl=-1.73% dailyPnl=-1.73%
2026-06-12 15:27:28 INFO  SELL_FILLED 222800 reason=VWAP_BREAK remainingQty=0 phase=NONE exitType=VWAP_BREAK
2026-06-12 15:27:28 INFO  BUY [KRX] 222800 mode=PULLBACK price=57600.0000 qty=260 size=1.5000x score=80[B] | WHY: zone(-1.20%fromHigh) vel+ avgCross priceAboveAvg vol(6.10x) | VWAP: 0.50%(ABOVE slope=UP) allowedGap=1.00% | TREND: score=3 vel=0.70%/0.52%/0.17% accel=true | VOL: 17988.0000/2949.3500 TO: 1036108800.0000/168994155.0000 | HIGH: 58300.0000 fromHigh=-1.20% | entryNo=1
2026-06-12 15:27:28 INFO  BUY_FILLED 222800 phase=HOLDING
2026-06-12 15:27:28 INFO  SELL_EXECUTED [KRX] 222800 mode=PULLBACK phase=EXITING exitType=VWAP_BREAK price=56900.0000 qty=260 reason=VWAP_BREAK pnl=-1.22% peakPnl=0.35% holdMs=840000 high=57800.0000 avgPrice=57600.0000 weightedPnl=-1.82% (pending fill)
2026-06-12 15:27:28 INFO  SELL_FILLED_PNL 222800 reason=VWAP_BREAK filledQty=260/260 fillRatio=1.00 weightedPnl=-1.82% dailyPnl=-1.82%
2026-06-12 15:27:28 INFO  SELL_FILLED 222800 reason=VWAP_BREAK remainingQty=0 phase=NONE exitType=VWAP_BREAK
2026-06-12 15:27:28 INFO  BUY [KRX] 222800 mode=VWAP_RECLAIM price=69600.0000 qty=143 size=1.0000x score=75[C] | WHY: dayChg=5.30% vrScore=88 aboveBars=8 hadBelow=true vol/vol5=3.21x | VWAP: 1.56%(ABOVE slope=UP) allowedGap=3.00% | TREND: score=3 vel=1.02%/1.16%/1.31% accel=false | VOL: 12891.0000/2312.1500 TO: 897213600.0000/158929135.0000 | HIGH: 69600.0000 fromHigh=0.00% | VR: score=88 aboveBars=8 hadBelow=true vol/vol5=3.21x | entryNo=1
2026-06-12 15:27:28 INFO  BUY_FILLED 222800 phase=HOLDING
2026-06-12 15:27:28 INFO  SELL_EXECUTED [KRX] 222800 mode=VWAP_RECLAIM phase=EXITING exitType=VWAP_BREAK price=68600.0000 qty=143 reason=VWAP_BREAK pnl=-1.44% peakPnl=0.43% holdMs=6660000 high=69900.0000 avgPrice=69600.0000 weightedPnl=-1.43% (pending fill)
2026-06-12 15:27:28 INFO  SELL_FILLED_PNL 222800 reason=VWAP_BREAK filledQty=143/143 fillRatio=1.00 weightedPnl=-1.43% dailyPnl=-1.43%
2026-06-12 15:27:28 INFO  SELL_FILLED 222800 reason=VWAP_BREAK remainingQty=0 phase=NONE exitType=VWAP_BREAK
2026-06-12 15:27:28 INFO  BUY [KRX] 222800 mode=VWAP_RECLAIM price=72700.0000 qty=137 size=1.0000x score=70[D] | WHY: dayChg=4.01% vrScore=87 aboveBars=12 hadBelow=true vol/vol5=2.19x | VWAP: 1.74%(ABOVE slope=UP) allowedGap=3.00% | TREND: score=3 vel=1.25%/1.11%/1.54% accel=true | VOL: 7958.0000/2860.4000 TO: 578546600.0000/204943290.0000 | HIGH: 72700.0000 fromHigh=0.00% | VR: score=87 aboveBars=12 hadBelow=true vol/vol5=2.19x | entryNo=1
2026-06-12 15:27:28 INFO  BUY_FILLED 222800 phase=HOLDING
2026-06-12 15:27:28 INFO  SELL [TRAIL_VWAP_RECLAIM] 222800 pnl=0.41% peakPnl=1.51% high=73800.0000 current=73000.0000
2026-06-12 15:27:28 INFO  SELL_EXECUTED [KRX] 222800 mode=VWAP_RECLAIM phase=EXITING exitType=TRAIL price=73000.0000 qty=137 reason=TRAIL_VWAP_RECLAIM pnl=0.41% peakPnl=1.51% holdMs=540000 high=73800.0000 avgPrice=72700.0000 weightedPnl=0.41% (pending fill)
2026-06-12 15:27:28 INFO  SELL_FILLED_PNL 222800 reason=TRAIL_VWAP_RECLAIM filledQty=137/137 fillRatio=1.00 weightedPnl=0.41% dailyPnl=0.41%
2026-06-12 15:27:28 INFO  SELL_FILLED 222800 reason=TRAIL_VWAP_RECLAIM remainingQty=0 phase=NONE exitType=TRAIL
2026-06-12 15:27:28 INFO  BUY [KRX] 222800 mode=VWAP_RECLAIM price=75000.0000 qty=133 size=1.0000x score=82[B] | WHY: dayChg=0.67% vrScore=89 aboveBars=10 hadBelow=true vol/vol5=2.48x | VWAP: 1.01%(ABOVE slope=UP) allowedGap=3.00% | TREND: score=3 vel=0.94%/0.40%/0.67% accel=true | VOL: 7939.0000/4450.9474 TO: 595425000.0000/330494705.2632 | HIGH: 75200.0000 fromHigh=-0.27% | VR: score=89 aboveBars=10 hadBelow=true vol/vol5=2.48x | entryNo=1
2026-06-12 15:27:28 INFO  BUY_FILLED 222800 phase=HOLDING
2026-06-12 15:27:28 INFO  SELL_EXECUTED [KRX] 222800 mode=VWAP_RECLAIM phase=EXITING exitType=VWAP_BREAK price=74300.0000 qty=133 reason=VWAP_BREAK pnl=-0.93% peakPnl=0.40% holdMs=3900000 high=75300.0000 avgPrice=75000.0000 weightedPnl=-0.93% (pending fill)
2026-06-12 15:27:28 INFO  SELL_FILLED_PNL 222800 reason=VWAP_BREAK filledQty=133/133 fillRatio=1.00 weightedPnl=-0.93% dailyPnl=-0.93%
2026-06-12 15:27:28 INFO  SELL_FILLED 222800 reason=VWAP_BREAK remainingQty=0 phase=NONE exitType=VWAP_BREAK
2026-06-12 15:27:28 INFO  BUY [KRX] 222800 mode=VWAP_RECLAIM price=76900.0000 qty=130 size=1.0000x score=70[D] | WHY: dayChg=0.92% vrScore=85 aboveBars=9 hadBelow=true vol/vol5=2.18x | VWAP: 1.64%(ABOVE slope=UP) allowedGap=3.00% | TREND: score=3 vel=1.59%/1.18%/1.59% accel=true | VOL: 6313.0000/2338.8000 TO: 485469700.0000/176822260.0000 | HIGH: 77000.0000 fromHigh=-0.13% | VR: score=85 aboveBars=9 hadBelow=true vol/vol5=2.18x | entryNo=1
2026-06-12 15:27:28 INFO  BUY_FILLED 222800 phase=HOLDING
2026-06-12 15:27:28 INFO  SELL [TRAIL_VWAP_RECLAIM] 222800 pnl=0.91% peakPnl=1.95% high=78400.0000 current=77600.0000
2026-06-12 15:27:28 INFO  SELL_EXECUTED [KRX] 222800 mode=VWAP_RECLAIM phase=EXITING exitType=TRAIL price=77600.0000 qty=130 reason=TRAIL_VWAP_RECLAIM pnl=0.91% peakPnl=1.95% holdMs=2580000 high=78400.0000 avgPrice=76900.0000 weightedPnl=0.91% (pending fill)
2026-06-12 15:27:28 INFO  SELL_FILLED_PNL 222800 reason=TRAIL_VWAP_RECLAIM filledQty=130/130 fillRatio=1.00 weightedPnl=0.91% dailyPnl=0.91%
2026-06-12 15:27:28 INFO  SELL_FILLED 222800 reason=TRAIL_VWAP_RECLAIM remainingQty=0 phase=NONE exitType=TRAIL
2026-06-12 15:27:28 INFO  BUY [KRX] 222800 mode=VWAP_RECLAIM price=90700.0000 qty=110 size=1.0000x score=62[D] | WHY: dayChg=-0.55% vrScore=87 aboveBars=12 hadBelow=true vol/vol5=2.19x | VWAP: 1.61%(ABOVE slope=UP) allowedGap=3.00% | TREND: score=3 vel=0.78%/0.67%/0.78% accel=true | VOL: 7661.0000/4488.3000 TO: 694852700.0000/401075030.0000 | HIGH: 90700.0000 fromHigh=0.00% | VR: score=87 aboveBars=12 hadBelow=true vol/vol5=2.19x | entryNo=1
2026-06-12 15:27:28 INFO  BUY_FILLED 222800 phase=HOLDING
2026-06-12 15:27:28 INFO  SELL_EXECUTED [KRX] 222800 mode=VWAP_RECLAIM phase=EXITING exitType=VWAP_BREAK price=88900.0000 qty=110 reason=VWAP_BREAK pnl=-1.98% peakPnl=0.11% holdMs=480000 high=90800.0000 avgPrice=90700.0000 weightedPnl=-1.98% (pending fill)
2026-06-12 15:27:28 INFO  SELL_FILLED_PNL 222800 reason=VWAP_BREAK filledQty=110/110 fillRatio=1.00 weightedPnl=-1.98% dailyPnl=-1.98%
2026-06-12 15:27:28 INFO  SELL_FILLED 222800 reason=VWAP_BREAK remainingQty=0 phase=NONE exitType=VWAP_BREAK
2026-06-12 15:27:28 INFO  BUY [KRX] 222800 mode=VWAP_RECLAIM price=108000.0000 qty=92 size=1.0000x score=26[D] | WHY: dayChg=5.57% vrScore=85 aboveBars=11 hadBelow=true vol/vol5=1.82x | VWAP: 4.22%(ABOVE slope=UP) allowedGap=3.00% | TREND: score=3 vel=1.89%/2.17%/2.76% accel=false | VOL: 38583.0000/28704.9412 TO: 4170822300.0000/2977437835.2941 | HIGH: 108500.0000 fromHigh=-0.37% | VR: score=85 aboveBars=11 hadBelow=true vol/vol5=1.82x | entryNo=1
2026-06-12 15:27:28 INFO  BUY_FILLED 222800 phase=HOLDING
2026-06-12 15:27:28 INFO  SELL_EXECUTED [KRX] 222800 mode=VWAP_RECLAIM phase=EXITING exitType=STOPLOSS price=104700.0000 qty=92 reason=STOP_LOSS_VWAP_RECLAIM pnl=-3.15% peakPnl=1.02% holdMs=180000 high=109200.0000 avgPrice=108100.0000 weightedPnl=-3.13% (pending fill)
2026-06-12 15:27:28 INFO  SELL_FILLED_PNL 222800 reason=STOP_LOSS_VWAP_RECLAIM filledQty=92/92 fillRatio=1.00 weightedPnl=-3.13% dailyPnl=-3.13%
2026-06-12 15:27:28 INFO  SELL_FILLED 222800 reason=STOP_LOSS_VWAP_RECLAIM remainingQty=0 phase=NONE exitType=STOPLOSS
2026-06-12 15:27:28 INFO  BUY [KRX] 222800 mode=BREAKOUT price=111000.0000 qty=72 size=0.8000x score=85[A](CONV) | WHY: strongBreakout volBreakout retestOK multiUp vol(2.29x) | VWAP: 1.10%(ABOVE slope=UP) allowedGap=2.20% | TREND: score=3 vel=0.54%/0.27%/1.00% accel=true | VOL: 2153.0000/939.6500 TO: 239198300.0000/103464350.0000 | HIGH: 111200.0000 fromHigh=-0.09% | entryNo=1
2026-06-12 15:27:28 INFO  BUY_FILLED 222800 phase=HOLDING
2026-06-12 15:27:28 INFO  SELL_EXECUTED [KRX] 222800 mode=BREAKOUT phase=EXITING exitType=VWAP_BREAK price=109500.0000 qty=72 reason=VWAP_BREAK pnl=-1.44% peakPnl=0.27% holdMs=3000000 high=111400.0000 avgPrice=111100.0000 weightedPnl=-1.15% (pending fill)
2026-06-12 15:27:28 INFO  SELL_FILLED_PNL 222800 reason=VWAP_BREAK filledQty=72/72 fillRatio=1.00 weightedPnl=-1.15% dailyPnl=-1.15%
2026-06-12 15:27:28 INFO  SELL_FILLED 222800 reason=VWAP_BREAK remainingQty=0 phase=NONE exitType=VWAP_BREAK
2026-06-12 15:27:28 INFO  BUY [KRX] 222800 mode=VWAP_RECLAIM price=111500.0000 qty=89 size=1.0000x score=65[D] | WHY: dayChg=0.27% vrScore=83 aboveBars=5 hadBelow=true vol/vol5=3.53x | VWAP: 1.86%(ABOVE slope=UP) allowedGap=3.00% | TREND: score=3 vel=1.55%/1.83%/2.20% accel=false | VOL: 9813.0000/1876.3500 TO: 1093168200.0000/206397115.0000 | HIGH: 111400.0000 fromHigh=0.00% | VR: score=83 aboveBars=5 hadBelow=true vol/vol5=3.53x | entryNo=1
2026-06-12 15:27:28 INFO  BUY_FILLED 222800 phase=HOLDING
2026-06-12 15:27:28 INFO  SELL_EXECUTED [KRX] 222800 mode=VWAP_RECLAIM phase=EXITING exitType=STOPLOSS price=109700.0000 qty=89 reason=STOP_LOSS_VWAP_RECLAIM pnl=-1.53% peakPnl=-0.81% holdMs=240000 high=110500.0000 avgPrice=111400.0000 weightedPnl=-1.51% (pending fill)
2026-06-12 15:27:28 INFO  SELL_FILLED_PNL 222800 reason=STOP_LOSS_VWAP_RECLAIM filledQty=89/89 fillRatio=1.00 weightedPnl=-1.51% dailyPnl=-1.51%
2026-06-12 15:27:28 INFO  SELL_FILLED 222800 reason=STOP_LOSS_VWAP_RECLAIM remainingQty=0 phase=NONE exitType=STOPLOSS
2026-06-12 15:27:28 INFO  BUY [KRX] 222800 mode=VWAP_RECLAIM price=129000.0000 qty=77 size=1.0000x score=36[D] | WHY: dayChg=4.97% vrScore=83 aboveBars=12 hadBelow=true vol/vol5=1.83x | VWAP: 1.98%(ABOVE slope=UP) allowedGap=3.00% | TREND: score=3 vel=0.55%/0.47%/0.63% accel=true | VOL: 4649.0000/3267.9500 TO: 598791200.0000/415968240.0000 | HIGH: 128900.0000 fromHigh=-0.08% | VR: score=83 aboveBars=12 hadBelow=true vol/vol5=1.83x | entryNo=1
2026-06-12 15:27:28 INFO  BUY_FILLED 222800 phase=HOLDING
2026-06-12 15:27:28 INFO  SELL_EXECUTED [KRX] 222800 mode=VWAP_RECLAIM phase=EXITING exitType=PROFIT price=131500.0000 qty=77 reason=TAKE_PROFIT_VWAP_RECLAIM pnl=2.17% peakPnl=2.17% holdMs=3600000 high=131600.0000 avgPrice=128800.0000 weightedPnl=2.16% (pending fill)
2026-06-12 15:27:28 INFO  SELL_FILLED_PNL 222800 reason=TAKE_PROFIT_VWAP_RECLAIM filledQty=77/77 fillRatio=1.00 weightedPnl=2.16% dailyPnl=2.16%
2026-06-12 15:27:28 INFO  SELL_FILLED 222800 reason=TAKE_PROFIT_VWAP_RECLAIM remainingQty=0 phase=NONE exitType=PROFIT
2026-06-12 15:27:28 INFO  BUY [KRX] 222800 mode=BREAKOUT price=133500.0000 qty=74 size=1.0000x score=80[B] | WHY: strongBreakout volBreakout retestOK multiUp vol(4.59x) | VWAP: 1.36%(ABOVE slope=UP) allowedGap=2.20% | TREND: score=3 vel=0.53%/0.38%/0.53% accel=true | VOL: 4143.0000/903.3500 TO: 553090500.0000/120145745.0000 | HIGH: 133500.0000 fromHigh=0.00% | entryNo=2
2026-06-12 15:27:28 INFO  BUY_FILLED 222800 phase=HOLDING
2026-06-12 15:27:28 INFO  SELL_EXECUTED [KRX] 222800 mode=BREAKOUT phase=EXITING exitType=VWAP_BREAK price=132000.0000 qty=74 reason=VWAP_BREAK pnl=-1.12% peakPnl=1.05% holdMs=1560000 high=134900.0000 avgPrice=133500.0000 weightedPnl=-1.11% (pending fill)
2026-06-12 15:27:28 INFO  SELL_FILLED_PNL 222800 reason=VWAP_BREAK filledQty=74/74 fillRatio=1.00 weightedPnl=-1.11% dailyPnl=1.05%
2026-06-12 15:27:28 INFO  SELL_FILLED 222800 reason=VWAP_BREAK remainingQty=0 phase=NONE exitType=VWAP_BREAK
2026-06-12 15:27:28 INFO  BUY [KRX] 222800 mode=VWAP_RECLAIM price=106000.0000 qty=94 size=1.0000x score=27[D] | WHY: dayChg=5.88% vrScore=86 aboveBars=11 hadBelow=true vol/vol5=2.00x | VWAP: 7.38%(ABOVE slope=UP) allowedGap=3.00% | TREND: score=3 vel=4.02%/4.22%/5.46% accel=false | VOL: 20671.0000/12860.6500 TO: 2195260200.0000/1263995390.0000 | HIGH: 106900.0000 fromHigh=-0.65% | VR: score=86 aboveBars=11 hadBelow=true vol/vol5=2.00x | entryNo=1
2026-06-12 15:27:28 INFO  BUY_FILLED 222800 phase=HOLDING
2026-06-12 15:27:28 INFO  SELL [TRAIL_VWAP_RECLAIM] 222800 pnl=0.38% peakPnl=1.79% high=108100.0000 current=106600.0000
2026-06-12 15:27:28 INFO  SELL_EXECUTED [KRX] 222800 mode=VWAP_RECLAIM phase=EXITING exitType=TRAIL price=106600.0000 qty=94 reason=TRAIL_VWAP_RECLAIM pnl=0.38% peakPnl=1.79% holdMs=120000 high=108100.0000 avgPrice=106200.0000 weightedPnl=0.38% (pending fill)
2026-06-12 15:27:28 INFO  SELL_FILLED_PNL 222800 reason=TRAIL_VWAP_RECLAIM filledQty=94/94 fillRatio=1.00 weightedPnl=0.38% dailyPnl=0.38%
2026-06-12 15:27:28 INFO  SELL_FILLED 222800 reason=TRAIL_VWAP_RECLAIM remainingQty=0 phase=NONE exitType=TRAIL
2026-06-12 15:27:28 INFO  BUY [KRX] 222800 mode=BREAKOUT price=113000.0000 qty=88 size=1.0000x score=80[B] | WHY: strongBreakout volBreakout retestOK multiUp vol(3.14x) | VWAP: 1.50%(ABOVE slope=UP) allowedGap=2.20% | TREND: score=3 vel=0.44%/0.18%/0.44% accel=true | VOL: 3839.0000/1223.2500 TO: 433423100.0000/137913835.0000 | HIGH: 113000.0000 fromHigh=-0.09% | entryNo=1
2026-06-12 15:27:28 INFO  BUY_FILLED 222800 phase=HOLDING
2026-06-12 15:27:28 INFO  SELL_EXECUTED [KRX] 222800 mode=BREAKOUT phase=EXITING exitType=PROFIT price=116000.0000 qty=88 reason=TAKE_PROFIT_BREAKOUT pnl=2.92% peakPnl=2.92% holdMs=4500000 high=116200.0000 avgPrice=112900.0000 weightedPnl=2.90% (pending fill)
2026-06-12 15:27:28 INFO  SELL_FILLED_PNL 222800 reason=TAKE_PROFIT_BREAKOUT filledQty=88/88 fillRatio=1.00 weightedPnl=2.90% dailyPnl=2.90%
2026-06-12 15:27:28 INFO  SELL_FILLED 222800 reason=TAKE_PROFIT_BREAKOUT remainingQty=0 phase=NONE exitType=PROFIT
2026-06-12 15:27:28 INFO  BUY amount set for 000500: 10000000.00
2026-06-12 15:27:28 INFO  BUY [KRX] 000500 mode=VWAP_RECLAIM price=107000.0000 qty=93 size=1.0000x score=75[C] | WHY: dayChg=2.39% vrScore=86 aboveBars=7 hadBelow=true vol/vol5=3.25x | VWAP: 1.24%(ABOVE slope=UP) allowedGap=3.00% | TREND: score=3 vel=0.66%/0.85%/0.66% accel=false | VOL: 1493.0000/339.5500 TO: 160049600.0000/35999050.0000 | HIGH: 107600.0000 fromHigh=-0.37% | VR: score=86 aboveBars=7 hadBelow=true vol/vol5=3.25x | entryNo=1
2026-06-12 15:27:28 INFO  BUY_FILLED 000500 phase=HOLDING
2026-06-12 15:27:28 INFO  SELL_EXECUTED [KRX] 000500 mode=VWAP_RECLAIM phase=EXITING exitType=VWAP_BREAK price=105300.0000 qty=93 reason=VWAP_BREAK pnl=-1.77% peakPnl=-0.65% holdMs=660000 high=106500.0000 avgPrice=107200.0000 weightedPnl=-1.77% (pending fill)
2026-06-12 15:27:28 INFO  SELL_FILLED_PNL 000500 reason=VWAP_BREAK filledQty=93/93 fillRatio=1.00 weightedPnl=-1.77% dailyPnl=-1.77%
2026-06-12 15:27:28 INFO  SELL_FILLED 000500 reason=VWAP_BREAK remainingQty=0 phase=NONE exitType=VWAP_BREAK
2026-06-12 15:27:28 INFO  BUY [KRX] 000500 mode=VWAP_RECLAIM price=140000.0000 qty=71 size=1.0000x score=40[D] | WHY: dayChg=1.08% vrScore=86 aboveBars=12 hadBelow=true vol/vol5=1.93x | VWAP: 1.98%(ABOVE slope=UP) allowedGap=3.00% | TREND: score=3 vel=0.79%/1.08%/1.30% accel=false | VOL: 711.0000/644.7500 TO: 99611100.0000/88705340.0000 | HIGH: 140400.0000 fromHigh=-0.21% | VR: score=86 aboveBars=12 hadBelow=true vol/vol5=1.93x | entryNo=1
2026-06-12 15:27:28 INFO  BUY_FILLED 000500 phase=HOLDING
2026-06-12 15:27:28 INFO  SELL_EXECUTED [KRX] 000500 mode=VWAP_RECLAIM phase=EXITING exitType=PROFIT price=143000.0000 qty=71 reason=TAKE_PROFIT_VWAP_RECLAIM pnl=2.07% peakPnl=2.07% holdMs=360000 high=143000.0000 avgPrice=140100.0000 weightedPnl=2.06% (pending fill)
2026-06-12 15:27:28 INFO  SELL_FILLED_PNL 000500 reason=TAKE_PROFIT_VWAP_RECLAIM filledQty=71/71 fillRatio=1.00 weightedPnl=2.06% dailyPnl=2.06%
2026-06-12 15:27:28 INFO  SELL_FILLED 000500 reason=TAKE_PROFIT_VWAP_RECLAIM remainingQty=0 phase=NONE exitType=PROFIT
2026-06-12 15:27:28 INFO  BUY [KRX] 000500 mode=VWAP_RECLAIM price=160500.0000 qty=62 size=1.0000x score=45[D] | WHY: dayChg=4.22% vrScore=83 aboveBars=8 hadBelow=true vol/vol5=2.38x | VWAP: 2.12%(ABOVE slope=UP) allowedGap=3.00% | TREND: score=3 vel=0.88%/1.71%/1.58% accel=false | VOL: 2486.0000/670.8947 TO: 398754400.0000/105381226.3158 | HIGH: 160500.0000 fromHigh=-0.06% | VR: score=83 aboveBars=8 hadBelow=true vol/vol5=2.38x | entryNo=1
2026-06-12 15:27:28 INFO  BUY_FILLED 000500 phase=HOLDING
2026-06-12 15:27:28 INFO  SELL_EXECUTED [KRX] 000500 mode=VWAP_RECLAIM phase=EXITING exitType=PROFIT price=165500.0000 qty=62 reason=TAKE_PROFIT_VWAP_RECLAIM pnl=3.24% peakPnl=3.24% holdMs=480000 high=165600.0000 avgPrice=160400.0000 weightedPnl=3.22% (pending fill)
2026-06-12 15:27:28 INFO  SELL_FILLED_PNL 000500 reason=TAKE_PROFIT_VWAP_RECLAIM filledQty=62/62 fillRatio=1.00 weightedPnl=3.22% dailyPnl=3.22%
2026-06-12 15:27:28 INFO  SELL_FILLED 000500 reason=TAKE_PROFIT_VWAP_RECLAIM remainingQty=0 phase=NONE exitType=PROFIT
2026-06-12 15:27:28 INFO  BUY [KRX] 000500 mode=BREAKOUT price=186500.0000 qty=53 size=1.0000x score=80[B] | WHY: strongBreakout volBreakout retestOK multiUp vol(6.16x) | VWAP: 0.99%(ABOVE slope=UP) allowedGap=2.20% | TREND: score=3 vel=0.38%/0.32%/0.32% accel=true | VOL: 1194.0000/193.7000 TO: 222681000.0000/35961490.0000 | HIGH: 186600.0000 fromHigh=-0.05% | entryNo=2
2026-06-12 15:27:28 INFO  BUY_FILLED 000500 phase=HOLDING
2026-06-12 15:27:28 INFO  SELL_EXECUTED [KRX] 000500 mode=BREAKOUT phase=EXITING exitType=VWAP_BREAK price=182900.0000 qty=53 reason=VWAP_BREAK pnl=-1.93% peakPnl=0.75% holdMs=1140000 high=187900.0000 avgPrice=186500.0000 weightedPnl=-1.91% (pending fill)
2026-06-12 15:27:28 INFO  SELL_FILLED_PNL 000500 reason=VWAP_BREAK filledQty=53/53 fillRatio=1.00 weightedPnl=-1.91% dailyPnl=1.32%
2026-06-12 15:27:28 INFO  SELL_FILLED 000500 reason=VWAP_BREAK remainingQty=0 phase=NONE exitType=VWAP_BREAK
2026-06-12 15:27:28 INFO  BUY [KRX] 000500 mode=VWAP_RECLAIM price=220000.0000 qty=45 size=1.0000x score=55[D] | WHY: dayChg=1.15% vrScore=85 aboveBars=8 hadBelow=true vol/vol5=2.69x | VWAP: 2.15%(ABOVE slope=UP) allowedGap=3.00% | TREND: score=3 vel=1.15%/2.09%/1.62% accel=false | VOL: 5675.0000/1389.1500 TO: 1248500000.0000/300628600.0000 | HIGH: 220500.0000 fromHigh=-0.23% | VR: score=85 aboveBars=8 hadBelow=true vol/vol5=2.69x | entryNo=1
2026-06-12 15:27:28 INFO  BUY_FILLED 000500 phase=HOLDING
2026-06-12 15:27:28 INFO  SELL_EXECUTED [KRX] 000500 mode=VWAP_RECLAIM phase=EXITING exitType=PROFIT price=226500.0000 qty=45 reason=TAKE_PROFIT_VWAP_RECLAIM pnl=2.95% peakPnl=2.95% holdMs=120000 high=226500.0000 avgPrice=220000.0000 weightedPnl=2.93% (pending fill)
2026-06-12 15:27:28 INFO  SELL_FILLED_PNL 000500 reason=TAKE_PROFIT_VWAP_RECLAIM filledQty=45/45 fillRatio=1.00 weightedPnl=2.93% dailyPnl=2.93%
2026-06-12 15:27:28 INFO  SELL_FILLED 000500 reason=TAKE_PROFIT_VWAP_RECLAIM remainingQty=0 phase=NONE exitType=PROFIT
2026-06-12 15:27:29 INFO  BUY [KRX] 000500 mode=VWAP_RECLAIM price=337500.0000 qty=29 size=1.0000x score=27[D] | WHY: dayChg=13.45% vrScore=87 aboveBars=11 hadBelow=true vol/vol5=2.23x | VWAP: 5.03%(ABOVE slope=UP) allowedGap=3.00% | TREND: score=3 vel=4.01%/4.49%/5.80% accel=false | VOL: 4468.0000/2730.1875 TO: 1507950000.0000/877347593.7500 | HIGH: 340000.0000 fromHigh=-0.74% | VR: score=87 aboveBars=11 hadBelow=true vol/vol5=2.23x | entryNo=1
2026-06-12 15:27:29 INFO  BUY_FILLED 000500 phase=HOLDING
2026-06-12 15:27:29 INFO  SELL_EXECUTED [KRX] 000500 mode=VWAP_RECLAIM phase=EXITING exitType=PROFIT price=349500.0000 qty=29 reason=TAKE_PROFIT_VWAP_RECLAIM pnl=3.56% peakPnl=3.56% holdMs=60000 high=349500.0000 avgPrice=337500.0000 weightedPnl=3.48% (pending fill)
2026-06-12 15:27:29 INFO  SELL_FILLED_PNL 000500 reason=TAKE_PROFIT_VWAP_RECLAIM filledQty=29/29 fillRatio=1.00 weightedPnl=3.48% dailyPnl=3.48%
2026-06-12 15:27:29 INFO  SELL_FILLED 000500 reason=TAKE_PROFIT_VWAP_RECLAIM remainingQty=0 phase=NONE exitType=PROFIT
2026-06-12 15:27:29 INFO  BUY [KRX] 000500 mode=VWAP_RECLAIM price=450500.0000 qty=22 size=1.0000x score=45[D] | WHY: dayChg=22.75% vrScore=84 aboveBars=9 hadBelow=true vol/vol5=1.96x | VWAP: 3.36%(ABOVE slope=UP) allowedGap=3.00% | TREND: score=3 vel=1.46%/2.74%/2.39% accel=false | VOL: 1933.0000/575.7000 TO: 870816500.0000/253985500.0000 | HIGH: 451000.0000 fromHigh=-0.11% | VR: score=84 aboveBars=9 hadBelow=true vol/vol5=1.96x | entryNo=1
2026-06-12 15:27:29 INFO  BUY_FILLED 000500 phase=HOLDING
2026-06-12 15:27:29 INFO  SELL_EXECUTED [KRX] 000500 mode=VWAP_RECLAIM phase=EXITING exitType=PROFIT price=462000.0000 qty=22 reason=TAKE_PROFIT_VWAP_RECLAIM pnl=2.55% peakPnl=2.55% holdMs=120000 high=462000.0000 avgPrice=450500.0000 weightedPnl=2.53% (pending fill)
2026-06-12 15:27:29 INFO  SELL_FILLED_PNL 000500 reason=TAKE_PROFIT_VWAP_RECLAIM filledQty=22/22 fillRatio=1.00 weightedPnl=2.53% dailyPnl=2.53%
2026-06-12 15:27:29 INFO  SELL_FILLED 000500 reason=TAKE_PROFIT_VWAP_RECLAIM remainingQty=0 phase=NONE exitType=PROFIT
2026-06-12 15:27:29 INFO  BUY [KRX] 000500 mode=VWAP_RECLAIM price=397000.0000 qty=25 size=1.0000x score=45[D] | WHY: dayChg=-2.22% vrScore=89 aboveBars=10 hadBelow=true vol/vol5=2.51x | VWAP: 3.01%(ABOVE slope=UP) allowedGap=3.00% | TREND: score=3 vel=1.66%/2.06%/2.19% accel=false | VOL: 1579.0000/385.8500 TO: 626863000.0000/150040725.0000 | HIGH: 397000.0000 fromHigh=0.00% | VR: score=89 aboveBars=10 hadBelow=true vol/vol5=2.51x | entryNo=1
2026-06-12 15:27:29 INFO  BUY_FILLED 000500 phase=HOLDING
2026-06-12 15:27:29 INFO  SELL_EXECUTED [KRX] 000500 mode=VWAP_RECLAIM phase=EXITING exitType=STOPLOSS price=391000.0000 qty=25 reason=STOP_LOSS_VWAP_RECLAIM pnl=-1.51% peakPnl=-0.25% holdMs=240000 high=396000.0000 avgPrice=397000.0000 weightedPnl=-1.50% (pending fill)
2026-06-12 15:27:29 INFO  SELL_FILLED_PNL 000500 reason=STOP_LOSS_VWAP_RECLAIM filledQty=25/25 fillRatio=1.00 weightedPnl=-1.50% dailyPnl=-1.50%
2026-06-12 15:27:29 INFO  SELL_FILLED 000500 reason=STOP_LOSS_VWAP_RECLAIM remainingQty=0 phase=NONE exitType=STOPLOSS
2026-06-12 15:27:29 INFO  BUY [KRX] 000500 mode=BREAKOUT price=389500.0000 qty=25 size=1.0000x score=80[B] | WHY: strongBreakout volBreakout retestOK multiUp vol(5.09x) | VWAP: 1.41%(ABOVE slope=UP) allowedGap=2.20% | TREND: score=3 vel=1.56%/1.17%/1.17% accel=true | VOL: 1565.0000/307.6000 TO: 609567500.0000/118494150.0000 | HIGH: 389500.0000 fromHigh=0.00% | entryNo=1
2026-06-12 15:27:29 INFO  BUY_FILLED 000500 phase=HOLDING
2026-06-12 15:27:29 INFO  SELL_EXECUTED [KRX] 000500 mode=BREAKOUT phase=EXITING exitType=PROFIT price=406000.0000 qty=25 reason=TAKE_PROFIT_BREAKOUT pnl=4.24% peakPnl=4.24% holdMs=540000 high=406000.0000 avgPrice=389500.0000 weightedPnl=4.12% (pending fill)
2026-06-12 15:27:29 INFO  SELL_FILLED_PNL 000500 reason=TAKE_PROFIT_BREAKOUT filledQty=25/25 fillRatio=1.00 weightedPnl=4.12% dailyPnl=4.12%
2026-06-12 15:27:29 INFO  SELL_FILLED 000500 reason=TAKE_PROFIT_BREAKOUT remainingQty=0 phase=NONE exitType=PROFIT
2026-06-12 15:27:29 INFO  BUY [KRX] 000500 mode=VWAP_RECLAIM price=363000.0000 qty=27 size=1.0000x score=35[D] | WHY: dayChg=5.83% vrScore=84 aboveBars=9 hadBelow=true vol/vol5=2.02x | VWAP: 2.53%(ABOVE slope=DN) allowedGap=3.00% | TREND: score=3 vel=1.54%/1.82%/1.97% accel=false | VOL: 653.0000/161.5500 TO: 237039000.0000/57746037.5000 | HIGH: 363000.0000 fromHigh=0.00% | VR: score=84 aboveBars=9 hadBelow=true vol/vol5=2.02x | entryNo=1
2026-06-12 15:27:29 INFO  BUY_FILLED 000500 phase=HOLDING
2026-06-12 15:27:29 INFO  SELL [TRAIL_VWAP_RECLAIM] 000500 pnl=0.28% peakPnl=1.65% high=369000.0000 current=364000.0000
2026-06-12 15:27:29 INFO  SELL_EXECUTED [KRX] 000500 mode=VWAP_RECLAIM phase=EXITING exitType=TRAIL price=364000.0000 qty=27 reason=TRAIL_VWAP_RECLAIM pnl=0.28% peakPnl=1.65% holdMs=1020000 high=369000.0000 avgPrice=363000.0000 weightedPnl=0.27% (pending fill)
2026-06-12 15:27:29 INFO  SELL_FILLED_PNL 000500 reason=TRAIL_VWAP_RECLAIM filledQty=27/27 fillRatio=1.00 weightedPnl=0.27% dailyPnl=0.27%
2026-06-12 15:27:29 INFO  SELL_FILLED 000500 reason=TRAIL_VWAP_RECLAIM remainingQty=0 phase=NONE exitType=TRAIL
2026-06-12 15:27:29 INFO  BUY [KRX] 000500 mode=VWAP_RECLAIM price=323000.0000 qty=30 size=1.0000x score=45[D] | WHY: dayChg=6.25% vrScore=88 aboveBars=9 hadBelow=true vol/vol5=2.74x | VWAP: 2.31%(ABOVE slope=UP) allowedGap=3.00% | TREND: score=3 vel=1.10%/1.10%/1.25% accel=false | VOL: 454.0000/117.3000 TO: 146642000.0000/37323475.0000 | HIGH: 323500.0000 fromHigh=-0.15% | VR: score=88 aboveBars=9 hadBelow=true vol/vol5=2.74x | entryNo=1
2026-06-12 15:27:29 INFO  BUY_FILLED 000500 phase=HOLDING
2026-06-12 15:27:29 INFO  SELL [EOD_FORCE_SELL] 000500 pnl=-3.10% time=15:30
2026-06-12 15:27:29 INFO  SELL_EXECUTED [KRX] 000500 mode=VWAP_RECLAIM phase=EXITING exitType=TIMESTOP price=313000.0000 qty=30 reason=EOD_FORCE_SELL pnl=-3.10% peakPnl=0.31% holdMs=3060000 high=324000.0000 avgPrice=323000.0000 weightedPnl=-3.00% (pending fill)
2026-06-12 15:27:29 INFO  SELL_FILLED_PNL 000500 reason=EOD_FORCE_SELL filledQty=30/30 fillRatio=1.00 weightedPnl=-3.00% dailyPnl=-3.00%
2026-06-12 15:27:29 INFO  SELL_FILLED 000500 reason=EOD_FORCE_SELL remainingQty=0 phase=NONE exitType=TIMESTOP
2026-06-12 15:27:29 INFO  BUY amount set for 090360: 10000000.00
2026-06-12 15:27:29 INFO  BUY [KRX] 090360 mode=VWAP_RECLAIM price=79900.0000 qty=125 size=1.0000x score=63[D] | WHY: dayChg=0.50% vrScore=87 aboveBars=12 hadBelow=true vol/vol5=2.10x | VWAP: 1.32%(ABOVE slope=UP) allowedGap=3.00% | TREND: score=3 vel=0.63%/0.76%/0.69% accel=false | VOL: 1947.0000/506.1500 TO: 155565300.0000/40173800.0000 | HIGH: 80000.0000 fromHigh=-0.13% | VR: score=87 aboveBars=12 hadBelow=true vol/vol5=2.10x | entryNo=1
2026-06-12 15:27:29 INFO  BUY_FILLED 090360 phase=HOLDING
2026-06-12 15:27:29 INFO  SELL [EOD_FORCE_SELL] 090360 pnl=1.13% time=15:30
2026-06-12 15:27:29 INFO  SELL_EXECUTED [KRX] 090360 mode=VWAP_RECLAIM phase=EXITING exitType=TIMESTOP price=80800.0000 qty=125 reason=EOD_FORCE_SELL pnl=1.13% peakPnl=1.13% holdMs=6360000 high=80800.0000 avgPrice=79900.0000 weightedPnl=1.13% (pending fill)
2026-06-12 15:27:29 INFO  SELL_FILLED_PNL 090360 reason=EOD_FORCE_SELL filledQty=125/125 fillRatio=1.00 weightedPnl=1.13% dailyPnl=1.13%
2026-06-12 15:27:29 INFO  SELL_FILLED 090360 reason=EOD_FORCE_SELL remainingQty=0 phase=NONE exitType=TIMESTOP
2026-06-12 15:27:29 INFO  BUY [KRX] 090360 mode=BREAKOUT price=93500.0000 qty=106 size=1.0000x score=85[A](CONV) | WHY: strongBreakout volBreakout retestOK multiUp vol(2.46x) | VWAP: 1.09%(ABOVE slope=UP) allowedGap=2.20% | TREND: score=3 vel=1.52%/1.19%/2.07% accel=true | VOL: 20880.0000/8499.0500 TO: 1952280000.0000/777837005.0000 | HIGH: 93500.0000 fromHigh=0.00% | entryNo=1
2026-06-12 15:27:29 INFO  BUY_FILLED 090360 phase=HOLDING
2026-06-12 15:27:29 INFO  SELL_EXECUTED [KRX] 090360 mode=BREAKOUT phase=EXITING exitType=VWAP_BREAK price=91600.0000 qty=106 reason=VWAP_BREAK pnl=-2.03% peakPnl=1.50% holdMs=420000 high=94900.0000 avgPrice=93500.0000 weightedPnl=-2.01% (pending fill)
2026-06-12 15:27:29 INFO  SELL_FILLED_PNL 090360 reason=VWAP_BREAK filledQty=106/106 fillRatio=1.00 weightedPnl=-2.01% dailyPnl=-2.01%
2026-06-12 15:27:29 INFO  SELL_FILLED 090360 reason=VWAP_BREAK remainingQty=0 phase=NONE exitType=VWAP_BREAK
2026-06-12 15:27:29 INFO  BUY [KRX] 090360 mode=VWAP_RECLAIM price=86900.0000 qty=115 size=1.0000x score=70[D] | WHY: dayChg=0.46% vrScore=87 aboveBars=9 hadBelow=true vol/vol5=2.53x | VWAP: 1.62%(ABOVE slope=UP) allowedGap=3.00% | TREND: score=3 vel=0.81%/0.70%/1.40% accel=true | VOL: 6361.0000/3015.6000 TO: 552770900.0000/257676030.0000 | HIGH: 87000.0000 fromHigh=-0.11% | VR: score=87 aboveBars=9 hadBelow=true vol/vol5=2.53x | entryNo=1
2026-06-12 15:27:29 INFO  BUY_FILLED 090360 phase=HOLDING
2026-06-12 15:27:29 INFO  SELL_EXECUTED [KRX] 090360 mode=VWAP_RECLAIM phase=EXITING exitType=VWAP_BREAK price=85700.0000 qty=115 reason=VWAP_BREAK pnl=-1.38% peakPnl=0.46% holdMs=4380000 high=87300.0000 avgPrice=86900.0000 weightedPnl=-1.38% (pending fill)
2026-06-12 15:27:29 INFO  SELL_FILLED_PNL 090360 reason=VWAP_BREAK filledQty=115/115 fillRatio=1.00 weightedPnl=-1.38% dailyPnl=-1.38%
2026-06-12 15:27:29 INFO  SELL_FILLED 090360 reason=VWAP_BREAK remainingQty=0 phase=NONE exitType=VWAP_BREAK
2026-06-12 15:27:29 INFO  BUY [KRX] 090360 mode=VWAP_RECLAIM price=85200.0000 qty=117 size=1.0000x score=85[A](CONV) | WHY: dayChg=1.79% vrScore=87 aboveBars=9 hadBelow=true vol/vol5=2.50x | VWAP: 1.78%(ABOVE slope=UP) allowedGap=3.00% | TREND: score=3 vel=0.83%/1.07%/1.07% accel=false | VOL: 3277.0000/754.6000 TO: 279200400.0000/63562150.0000 | HIGH: 85400.0000 fromHigh=-0.23% | VR: score=87 aboveBars=9 hadBelow=true vol/vol5=2.50x | entryNo=1
2026-06-12 15:27:29 INFO  BUY_FILLED 090360 phase=HOLDING
2026-06-12 15:27:29 INFO  SELL_EXECUTED [KRX] 090360 mode=VWAP_RECLAIM phase=EXITING exitType=PROFIT price=87400.0000 qty=117 reason=TAKE_PROFIT_VWAP_RECLAIM pnl=2.58% peakPnl=2.58% holdMs=2040000 high=87400.0000 avgPrice=85200.0000 weightedPnl=2.57% (pending fill)
2026-06-12 15:27:29 INFO  SELL_FILLED_PNL 090360 reason=TAKE_PROFIT_VWAP_RECLAIM filledQty=117/117 fillRatio=1.00 weightedPnl=2.57% dailyPnl=2.57%
2026-06-12 15:27:29 INFO  SELL_FILLED 090360 reason=TAKE_PROFIT_VWAP_RECLAIM remainingQty=0 phase=NONE exitType=PROFIT
2026-06-12 15:27:29 INFO  BUY [KRX] 090360 mode=VWAP_RECLAIM price=159000.0000 qty=62 size=1.0000x score=40[D] | WHY: dayChg=4.89% vrScore=85 aboveBars=9 hadBelow=true vol/vol5=2.25x | VWAP: 6.62%(ABOVE slope=UP) allowedGap=3.00% | TREND: score=3 vel=0.95%/0.95%/3.86% accel=false | VOL: 89784.0000/30253.6500 TO: 14257699200.0000/4572214720.0000 | HIGH: 158800.0000 fromHigh=0.00% | VR: score=85 aboveBars=9 hadBelow=true vol/vol5=2.25x | entryNo=1
2026-06-12 15:27:29 INFO  BUY_FILLED 090360 phase=HOLDING
2026-06-12 15:27:29 INFO  SELL_EXECUTED [KRX] 090360 mode=VWAP_RECLAIM phase=EXITING exitType=STOPLOSS price=155300.0000 qty=62 reason=STOP_LOSS_VWAP_RECLAIM pnl=-2.20% peakPnl=0.00% holdMs=2280000 high=158800.0000 avgPrice=158800.0000 weightedPnl=-2.17% (pending fill)
2026-06-12 15:27:29 INFO  SELL_FILLED_PNL 090360 reason=STOP_LOSS_VWAP_RECLAIM filledQty=62/62 fillRatio=1.00 weightedPnl=-2.17% dailyPnl=-2.17%
2026-06-12 15:27:29 INFO  SELL_FILLED 090360 reason=STOP_LOSS_VWAP_RECLAIM remainingQty=0 phase=NONE exitType=STOPLOSS
2026-06-12 15:27:29 INFO  BUY [KRX] 090360 mode=VWAP_RECLAIM price=133000.0000 qty=75 size=1.0000x score=40[D] | WHY: dayChg=2.23% vrScore=86 aboveBars=10 hadBelow=true vol/vol5=1.95x | VWAP: 4.51%(ABOVE slope=UP) allowedGap=3.00% | TREND: score=3 vel=1.92%/2.00%/2.47% accel=false | VOL: 7853.0000/2756.0500 TO: 1042878400.0000/354439535.0000 | HIGH: 133200.0000 fromHigh=-0.30% | VR: score=86 aboveBars=10 hadBelow=true vol/vol5=1.95x | entryNo=1
2026-06-12 15:27:29 INFO  BUY_FILLED 090360 phase=HOLDING
2026-06-12 15:27:29 INFO  SELL_EXECUTED [KRX] 090360 mode=VWAP_RECLAIM phase=EXITING exitType=STOPLOSS price=130300.0000 qty=75 reason=STOP_LOSS_VWAP_RECLAIM pnl=-1.88% peakPnl=-1.88% holdMs=60000 high=130300.0000 avgPrice=132800.0000 weightedPnl=-1.88% (pending fill)
2026-06-12 15:27:29 INFO  SELL_FILLED_PNL 090360 reason=STOP_LOSS_VWAP_RECLAIM filledQty=75/75 fillRatio=1.00 weightedPnl=-1.88% dailyPnl=-1.88%
2026-06-12 15:27:29 INFO  SELL_FILLED 090360 reason=STOP_LOSS_VWAP_RECLAIM remainingQty=0 phase=NONE exitType=STOPLOSS
2026-06-12 15:27:30 INFO  BUY [KRX] 090360 mode=BREAKOUT price=113500.0000 qty=88 size=1.0000x score=85[A](CONV) | WHY: strongBreakout volBreakout retestOK multiUp vol(3.23x) | VWAP: 1.77%(ABOVE slope=UP) allowedGap=2.20% | TREND: score=3 vel=2.53%/2.44%/3.28% accel=true | VOL: 30965.0000/9583.5556 TO: 3511431000.0000/1067904255.5556 | HIGH: 113700.0000 fromHigh=-0.26% | entryNo=1
2026-06-12 15:27:30 INFO  BUY_FILLED 090360 phase=HOLDING
2026-06-12 15:27:30 INFO  SELL_EXECUTED [KRX] 090360 mode=BREAKOUT phase=EXITING exitType=PROFIT price=117500.0000 qty=88 reason=TAKE_PROFIT_BREAKOUT pnl=3.62% peakPnl=3.62% holdMs=1020000 high=117500.0000 avgPrice=113400.0000 weightedPnl=3.61% (pending fill)
2026-06-12 15:27:30 INFO  SELL_FILLED_PNL 090360 reason=TAKE_PROFIT_BREAKOUT filledQty=88/88 fillRatio=1.00 weightedPnl=3.61% dailyPnl=3.61%
2026-06-12 15:27:30 INFO  SELL_FILLED 090360 reason=TAKE_PROFIT_BREAKOUT remainingQty=0 phase=NONE exitType=PROFIT
2026-06-12 15:27:30 INFO  BUY amount set for 006800: 10000000.00
2026-06-12 15:27:30 INFO  BUY [KRX] 006800 mode=VWAP_RECLAIM price=65200.0000 qty=153 size=1.0000x score=75[C] | WHY: dayChg=2.35% vrScore=83 aboveBars=10 hadBelow=true vol/vol5=2.65x | VWAP: 0.73%(ABOVE slope=DN) allowedGap=3.00% | TREND: score=3 vel=0.62%/0.46%/0.46% accel=true | VOL: 18377.0000/5137.3500 TO: 1198180400.0000/332851345.0000 | HIGH: 65200.0000 fromHigh=0.00% | VR: score=83 aboveBars=10 hadBelow=true vol/vol5=2.65x | entryNo=1
2026-06-12 15:27:30 INFO  BUY_FILLED 006800 phase=HOLDING
2026-06-12 15:27:30 INFO  SELL_EXECUTED [KRX] 006800 mode=VWAP_RECLAIM phase=EXITING exitType=PROFIT price=66600.0000 qty=153 reason=TAKE_PROFIT_VWAP_RECLAIM pnl=2.15% peakPnl=2.15% holdMs=1140000 high=66600.0000 avgPrice=65200.0000 weightedPnl=2.14% (pending fill)
2026-06-12 15:27:30 INFO  SELL_FILLED_PNL 006800 reason=TAKE_PROFIT_VWAP_RECLAIM filledQty=153/153 fillRatio=1.00 weightedPnl=2.14% dailyPnl=2.14%
2026-06-12 15:27:30 INFO  SELL_FILLED 006800 reason=TAKE_PROFIT_VWAP_RECLAIM remainingQty=0 phase=NONE exitType=PROFIT
2026-06-12 15:27:30 INFO  BUY [KRX] 006800 mode=VWAP_RECLAIM price=63500.0000 qty=157 size=1.0000x score=75[C] | WHY: dayChg=0.63% vrScore=84 aboveBars=10 hadBelow=true vol/vol5=2.58x | VWAP: 1.14%(ABOVE slope=DN) allowedGap=3.00% | TREND: score=3 vel=0.47%/0.47%/0.79% accel=false | VOL: 11761.0000/3915.6500 TO: 746823500.0000/246690290.0000 | HIGH: 63500.0000 fromHigh=0.00% | VR: score=84 aboveBars=10 hadBelow=true vol/vol5=2.58x | entryNo=1
2026-06-12 15:27:30 INFO  BUY_FILLED 006800 phase=HOLDING
2026-06-12 15:27:30 INFO  SELL_EXECUTED [KRX] 006800 mode=VWAP_RECLAIM phase=EXITING exitType=VWAP_BREAK price=62600.0000 qty=157 reason=VWAP_BREAK pnl=-1.42% peakPnl=0.31% holdMs=2700000 high=63700.0000 avgPrice=63500.0000 weightedPnl=-1.41% (pending fill)
2026-06-12 15:27:30 INFO  SELL_FILLED_PNL 006800 reason=VWAP_BREAK filledQty=157/157 fillRatio=1.00 weightedPnl=-1.41% dailyPnl=-1.41%
2026-06-12 15:27:30 INFO  SELL_FILLED 006800 reason=VWAP_BREAK remainingQty=0 phase=NONE exitType=VWAP_BREAK
2026-06-12 15:27:30 INFO  BUY [KRX] 006800 mode=BREAKOUT price=63100.0000 qty=158 size=1.0000x score=85[A](CONV) | WHY: strongBreakout volBreakout retestOK multiUp vol(3.78x) | VWAP: 1.17%(ABOVE slope=UP) allowedGap=2.20% | TREND: score=3 vel=0.32%/0.16%/0.48% accel=true | VOL: 10474.0000/2769.2000 TO: 660909400.0000/174235082.5000 | HIGH: 63200.0000 fromHigh=-0.16% | entryNo=1
2026-06-12 15:27:30 INFO  BUY_FILLED 006800 phase=HOLDING
2026-06-12 15:27:30 INFO  SELL [EOD_FORCE_SELL] 006800 pnl=0.16% time=15:30
2026-06-12 15:27:30 INFO  SELL_EXECUTED [KRX] 006800 mode=BREAKOUT phase=EXITING exitType=TIMESTOP price=63200.0000 qty=158 reason=EOD_FORCE_SELL pnl=0.16% peakPnl=0.16% holdMs=4860000 high=63200.0000 avgPrice=63100.0000 weightedPnl=0.16% (pending fill)
2026-06-12 15:27:30 INFO  SELL_FILLED_PNL 006800 reason=EOD_FORCE_SELL filledQty=158/158 fillRatio=1.00 weightedPnl=0.16% dailyPnl=0.16%
2026-06-12 15:27:30 INFO  SELL_FILLED 006800 reason=EOD_FORCE_SELL remainingQty=0 phase=NONE exitType=TIMESTOP
2026-06-12 15:27:30 INFO  BUY [KRX] 006800 mode=BREAKOUT price=67100.0000 qty=149 size=1.0000x score=80[B] | WHY: strongBreakout volBreakout retestOK multiUp vol(4.98x) | VWAP: 1.15%(ABOVE slope=UP) allowedGap=2.20% | TREND: score=3 vel=0.30%/0.15%/0.30% accel=true | VOL: 58088.0000/11673.6000 TO: 3897704800.0000/780692152.5000 | HIGH: 67200.0000 fromHigh=-0.15% | entryNo=1
2026-06-12 15:27:30 INFO  BUY_FILLED 006800 phase=HOLDING
2026-06-12 15:27:30 INFO  SELL [EOD_FORCE_SELL] 006800 pnl=0.89% time=15:30
2026-06-12 15:27:30 INFO  SELL_EXECUTED [KRX] 006800 mode=BREAKOUT phase=EXITING exitType=TIMESTOP price=67700.0000 qty=149 reason=EOD_FORCE_SELL pnl=0.89% peakPnl=1.19% holdMs=17040000 high=67900.0000 avgPrice=67100.0000 weightedPnl=0.89% (pending fill)
2026-06-12 15:27:30 INFO  SELL_FILLED_PNL 006800 reason=EOD_FORCE_SELL filledQty=149/149 fillRatio=1.00 weightedPnl=0.89% dailyPnl=0.89%
2026-06-12 15:27:30 INFO  SELL_FILLED 006800 reason=EOD_FORCE_SELL remainingQty=0 phase=NONE exitType=TIMESTOP
2026-06-12 15:27:30 INFO  BUY [KRX] 006800 mode=BREAKOUT price=67000.0000 qty=149 size=1.0000x score=80[B] | WHY: strongBreakout volBreakout retestOK multiUp vol(10.83x) | VWAP: 0.36%(ABOVE slope=UP) allowedGap=2.20% | TREND: score=3 vel=0.22%/0.15%/0.30% accel=true | VOL: 26750.0000/2470.9000 TO: 1792250000.0000/165387805.0000 | HIGH: 67100.0000 fromHigh=-0.15% | entryNo=1
2026-06-12 15:27:30 INFO  BUY_FILLED 006800 phase=HOLDING
2026-06-12 15:27:30 INFO  SELL [EOD_FORCE_SELL] 006800 pnl=-0.75% time=15:30
2026-06-12 15:27:30 INFO  SELL_EXECUTED [KRX] 006800 mode=BREAKOUT phase=EXITING exitType=TIMESTOP price=66500.0000 qty=149 reason=EOD_FORCE_SELL pnl=-0.75% peakPnl=0.15% holdMs=7140000 high=67100.0000 avgPrice=67000.0000 weightedPnl=-0.75% (pending fill)
2026-06-12 15:27:30 INFO  SELL_FILLED_PNL 006800 reason=EOD_FORCE_SELL filledQty=149/149 fillRatio=1.00 weightedPnl=-0.75% dailyPnl=-0.75%
2026-06-12 15:27:30 INFO  SELL_FILLED 006800 reason=EOD_FORCE_SELL remainingQty=0 phase=NONE exitType=TIMESTOP
2026-06-12 15:27:30 INFO  BUY [KRX] 006800 mode=VWAP_RECLAIM price=66100.0000 qty=151 size=1.0000x score=56[D] | WHY: dayChg=1.85% vrScore=83 aboveBars=9 hadBelow=true vol/vol5=1.86x | VWAP: 1.08%(ABOVE slope=UP) allowedGap=3.00% | TREND: score=3 vel=0.61%/0.61%/0.61% accel=false | VOL: 9613.0000/6724.4000 TO: 635419300.0000/441918175.0000 | HIGH: 66200.0000 fromHigh=-0.15% | VR: score=83 aboveBars=9 hadBelow=true vol/vol5=1.86x | entryNo=1
2026-06-12 15:27:30 INFO  BUY_FILLED 006800 phase=HOLDING
2026-06-12 15:27:30 INFO  SELL_EXECUTED [KRX] 006800 mode=VWAP_RECLAIM phase=EXITING exitType=VWAP_BREAK price=65400.0000 qty=151 reason=VWAP_BREAK pnl=-1.06% peakPnl=0.45% holdMs=4920000 high=66400.0000 avgPrice=66100.0000 weightedPnl=-1.06% (pending fill)
2026-06-12 15:27:30 INFO  SELL_FILLED_PNL 006800 reason=VWAP_BREAK filledQty=151/151 fillRatio=1.00 weightedPnl=-1.06% dailyPnl=-1.06%
2026-06-12 15:27:30 INFO  SELL_FILLED 006800 reason=VWAP_BREAK remainingQty=0 phase=NONE exitType=VWAP_BREAK
2026-06-12 15:27:30 INFO  BUY [KRX] 006800 mode=VWAP_RECLAIM price=70200.0000 qty=142 size=1.0000x score=65[D] | WHY: dayChg=4.15% vrScore=86 aboveBars=11 hadBelow=true vol/vol5=1.91x | VWAP: 1.95%(ABOVE slope=UP) allowedGap=3.00% | TREND: score=3 vel=2.03%/1.74%/2.63% accel=true | VOL: 230934.0000/68930.8500 TO: 16211566800.0000/4752392870.0000 | HIGH: 70300.0000 fromHigh=-0.14% | VR: score=86 aboveBars=11 hadBelow=true vol/vol5=1.91x | entryNo=1
2026-06-12 15:27:30 INFO  BUY_FILLED 006800 phase=HOLDING
2026-06-12 15:27:30 INFO  SELL_EXECUTED [KRX] 006800 mode=VWAP_RECLAIM phase=EXITING exitType=PROFIT price=71700.0000 qty=142 reason=TAKE_PROFIT_VWAP_RECLAIM pnl=2.14% peakPnl=2.14% holdMs=420000 high=71700.0000 avgPrice=70200.0000 weightedPnl=2.13% (pending fill)
2026-06-12 15:27:30 INFO  SELL_FILLED_PNL 006800 reason=TAKE_PROFIT_VWAP_RECLAIM filledQty=142/142 fillRatio=1.00 weightedPnl=2.13% dailyPnl=2.13%
2026-06-12 15:27:30 INFO  SELL_FILLED 006800 reason=TAKE_PROFIT_VWAP_RECLAIM remainingQty=0 phase=NONE exitType=PROFIT
2026-06-12 15:27:30 INFO  BUY [KRX] 006800 mode=VWAP_RECLAIM price=72200.0000 qty=138 size=1.0000x score=63[D] | WHY: dayChg=1.26% vrScore=88 aboveBars=9 hadBelow=true vol/vol5=2.71x | VWAP: 1.29%(ABOVE slope=UP) allowedGap=3.00% | TREND: score=3 vel=0.98%/0.70%/0.98% accel=true | VOL: 88043.0000/18401.4000 TO: 6356704600.0000/1313223505.0000 | HIGH: 72500.0000 fromHigh=-0.41% | VR: score=88 aboveBars=9 hadBelow=true vol/vol5=2.71x | entryNo=1
2026-06-12 15:27:30 INFO  BUY_FILLED 006800 phase=HOLDING
2026-06-12 15:27:30 INFO  SELL_EXECUTED [KRX] 006800 mode=VWAP_RECLAIM phase=EXITING exitType=VWAP_BREAK price=71200.0000 qty=138 reason=VWAP_BREAK pnl=-1.39% peakPnl=0.42% holdMs=1260000 high=72500.0000 avgPrice=72200.0000 weightedPnl=-1.38% (pending fill)
2026-06-12 15:27:30 INFO  SELL_FILLED_PNL 006800 reason=VWAP_BREAK filledQty=138/138 fillRatio=1.00 weightedPnl=-1.38% dailyPnl=-1.38%
2026-06-12 15:27:30 INFO  SELL_FILLED 006800 reason=VWAP_BREAK remainingQty=0 phase=NONE exitType=VWAP_BREAK
2026-06-12 15:27:30 INFO  BUY [KRX] 006800 mode=VWAP_RECLAIM price=70000.0000 qty=142 size=1.0000x score=68[D] | WHY: dayChg=1.74% vrScore=86 aboveBars=7 hadBelow=true vol/vol5=3.98x | VWAP: 0.84%(ABOVE slope=UP) allowedGap=3.00% | TREND: score=3 vel=0.86%/0.86%/1.01% accel=false | VOL: 211236.0000/23422.6500 TO: 14786520000.0000/1628385270.0000 | HIGH: 71000.0000 fromHigh=-1.41% | VR: score=86 aboveBars=7 hadBelow=true vol/vol5=3.98x | entryNo=1
2026-06-12 15:27:30 INFO  BUY_FILLED 006800 phase=HOLDING
2026-06-12 15:27:30 INFO  SELL_EXECUTED [KRX] 006800 mode=VWAP_RECLAIM phase=EXITING exitType=VWAP_BREAK price=69100.0000 qty=142 reason=VWAP_BREAK pnl=-1.29% peakPnl=-0.29% holdMs=540000 high=69800.0000 avgPrice=70000.0000 weightedPnl=-1.28% (pending fill)
2026-06-12 15:27:30 INFO  SELL_FILLED_PNL 006800 reason=VWAP_BREAK filledQty=142/142 fillRatio=1.00 weightedPnl=-1.28% dailyPnl=-1.28%
2026-06-12 15:27:30 INFO  SELL_FILLED 006800 reason=VWAP_BREAK remainingQty=0 phase=NONE exitType=VWAP_BREAK
2026-06-12 15:27:30 INFO  BUY [KRX] 006800 mode=BREAKOUT price=67400.0000 qty=148 size=1.0000x score=85[A](CONV) | WHY: strongBreakout volBreakout retestOK multiUp vol(3.00x) | VWAP: 0.69%(ABOVE slope=UP) allowedGap=2.20% | TREND: score=3 vel=0.45%/0.30%/0.45% accel=true | VOL: 43450.0000/14463.6000 TO: 2928530000.0000/970899560.0000 | HIGH: 67500.0000 fromHigh=-0.15% | entryNo=1
2026-06-12 15:27:30 INFO  BUY_FILLED 006800 phase=HOLDING
2026-06-12 15:27:30 INFO  SELL_EXECUTED [KRX] 006800 mode=BREAKOUT phase=EXITING exitType=PROFIT price=69300.0000 qty=148 reason=TAKE_PROFIT_BREAKOUT pnl=2.82% peakPnl=2.82% holdMs=5160000 high=69300.0000 avgPrice=67400.0000 weightedPnl=2.81% (pending fill)
2026-06-12 15:27:30 INFO  SELL_FILLED_PNL 006800 reason=TAKE_PROFIT_BREAKOUT filledQty=148/148 fillRatio=1.00 weightedPnl=2.81% dailyPnl=2.81%
2026-06-12 15:27:30 INFO  SELL_FILLED 006800 reason=TAKE_PROFIT_BREAKOUT remainingQty=0 phase=NONE exitType=PROFIT
2026-06-12 15:27:30 INFO  BUY [KRX] 006800 mode=VWAP_RECLAIM price=80900.0000 qty=123 size=1.0000x score=80[B] | WHY: dayChg=5.48% vrScore=88 aboveBars=10 hadBelow=true vol/vol5=2.32x | VWAP: 1.67%(ABOVE slope=UP) allowedGap=3.00% | TREND: score=3 vel=0.87%/1.13%/1.13% accel=false | VOL: 56033.0000/19215.3500 TO: 4533069700.0000/1539013695.0000 | HIGH: 81100.0000 fromHigh=-0.25% | VR: score=88 aboveBars=10 hadBelow=true vol/vol5=2.32x | entryNo=1
2026-06-12 15:27:30 INFO  BUY_FILLED 006800 phase=HOLDING
2026-06-12 15:27:30 INFO  SELL [TRAIL_VWAP_RECLAIM] 006800 pnl=0.87% peakPnl=1.98% high=82500.0000 current=81600.0000
2026-06-12 15:27:30 INFO  SELL_EXECUTED [KRX] 006800 mode=VWAP_RECLAIM phase=EXITING exitType=TRAIL price=81600.0000 qty=123 reason=TRAIL_VWAP_RECLAIM pnl=0.87% peakPnl=1.98% holdMs=900000 high=82500.0000 avgPrice=80900.0000 weightedPnl=0.86% (pending fill)
2026-06-12 15:27:30 INFO  SELL_FILLED_PNL 006800 reason=TRAIL_VWAP_RECLAIM filledQty=123/123 fillRatio=1.00 weightedPnl=0.86% dailyPnl=0.86%
2026-06-12 15:27:30 INFO  SELL_FILLED 006800 reason=TRAIL_VWAP_RECLAIM remainingQty=0 phase=NONE exitType=TRAIL
2026-06-12 15:27:30 INFO  BUY [KRX] 006800 mode=VWAP_RECLAIM price=50900.0000 qty=196 size=1.0000x score=45[D] | WHY: dayChg=-2.49% vrScore=87 aboveBars=12 hadBelow=true vol/vol5=2.20x | VWAP: 2.11%(ABOVE slope=UP) allowedGap=3.00% | TREND: score=3 vel=0.79%/0.79%/1.39% accel=false | VOL: 25128.0000/7199.8500 TO: 1279015200.0000/361561092.5000 | HIGH: 51000.0000 fromHigh=-0.20% | VR: score=87 aboveBars=12 hadBelow=true vol/vol5=2.20x | entryNo=1
2026-06-12 15:27:30 INFO  BUY_FILLED 006800 phase=HOLDING
2026-06-12 15:27:30 INFO  SELL [EOD_FORCE_SELL] 006800 pnl=0.59% time=15:30
2026-06-12 15:27:30 INFO  SELL_EXECUTED [KRX] 006800 mode=VWAP_RECLAIM phase=EXITING exitType=TIMESTOP price=51200.0000 qty=196 reason=EOD_FORCE_SELL pnl=0.59% peakPnl=0.59% holdMs=900000 high=51200.0000 avgPrice=50900.0000 weightedPnl=0.59% (pending fill)
2026-06-12 15:27:30 INFO  SELL_FILLED_PNL 006800 reason=EOD_FORCE_SELL filledQty=196/196 fillRatio=1.00 weightedPnl=0.59% dailyPnl=0.59%
2026-06-12 15:27:30 INFO  SELL_FILLED 006800 reason=EOD_FORCE_SELL remainingQty=0 phase=NONE exitType=TIMESTOP
2026-06-12 15:27:30 INFO  BUY amount set for 357780: 10000000.00
2026-06-12 15:27:30 INFO  BUY [KRX] 357780 mode=VWAP_RECLAIM price=420500.0000 qty=23 size=1.0000x score=62[D] | WHY: dayChg=0.96% vrScore=88 aboveBars=10 hadBelow=true vol/vol5=2.34x | VWAP: 1.35%(ABOVE slope=UP) allowedGap=3.00% | TREND: score=3 vel=0.72%/0.96%/0.84% accel=false | VOL: 356.0000/214.1500 TO: 149698000.0000/88853850.0000 | HIGH: 420500.0000 fromHigh=0.00% | VR: score=88 aboveBars=10 hadBelow=true vol/vol5=2.34x | entryNo=1
2026-06-12 15:27:31 INFO  BUY_FILLED 357780 phase=HOLDING
2026-06-12 15:27:31 INFO  SELL_EXECUTED [KRX] 357780 mode=VWAP_RECLAIM phase=EXITING exitType=VWAP_BREAK price=414000.0000 qty=23 reason=VWAP_BREAK pnl=-1.55% peakPnl=1.19% holdMs=1260000 high=425500.0000 avgPrice=420500.0000 weightedPnl=-1.49% (pending fill)
2026-06-12 15:27:31 INFO  SELL_FILLED_PNL 357780 reason=VWAP_BREAK filledQty=23/23 fillRatio=1.00 weightedPnl=-1.49% dailyPnl=-1.49%
2026-06-12 15:27:31 INFO  SELL_FILLED 357780 reason=VWAP_BREAK remainingQty=0 phase=NONE exitType=VWAP_BREAK
2026-06-12 15:27:31 INFO  BUY [KRX] 357780 mode=VWAP_RECLAIM price=417500.0000 qty=23 size=1.0000x score=75[C] | WHY: dayChg=0.24% vrScore=89 aboveBars=8 hadBelow=true vol/vol5=3.34x | VWAP: 1.62%(ABOVE slope=UP) allowedGap=3.00% | TREND: score=3 vel=0.97%/1.03%/1.33% accel=false | VOL: 321.0000/76.3000 TO: 134017500.0000/31357112.5000 | HIGH: 417500.0000 fromHigh=0.00% | VR: score=89 aboveBars=8 hadBelow=true vol/vol5=3.34x | entryNo=2
2026-06-12 15:27:31 INFO  BUY_FILLED 357780 phase=HOLDING
2026-06-12 15:27:31 INFO  SELL_EXECUTED [KRX] 357780 mode=VWAP_RECLAIM phase=EXITING exitType=VWAP_BREAK price=416000.0000 qty=23 reason=VWAP_BREAK pnl=-0.36% peakPnl=0.96% holdMs=8220000 high=421500.0000 avgPrice=417500.0000 weightedPnl=-0.35% (pending fill)
2026-06-12 15:27:31 INFO  SELL_FILLED_PNL 357780 reason=VWAP_BREAK filledQty=23/23 fillRatio=1.00 weightedPnl=-0.35% dailyPnl=-1.84%
2026-06-12 15:27:31 INFO  SELL_FILLED 357780 reason=VWAP_BREAK remainingQty=0 phase=NONE exitType=VWAP_BREAK
2026-06-12 15:27:31 INFO  BUY [KRX] 357780 mode=BREAKOUT price=393000.0000 qty=25 size=1.0000x score=85[A](CONV) | WHY: strongBreakout volBreakout retestOK multiUp vol(2.87x) | VWAP: 1.37%(ABOVE slope=UP) allowedGap=2.20% | TREND: score=3 vel=0.90%/0.51%/0.64% accel=true | VOL: 264.0000/92.0000 TO: 103752000.0000/36059575.0000 | HIGH: 394000.0000 fromHigh=-0.25% | entryNo=1
2026-06-12 15:27:31 INFO  BUY_FILLED 357780 phase=HOLDING
2026-06-12 15:27:31 INFO  SELL_EXECUTED [KRX] 357780 mode=BREAKOUT phase=EXITING exitType=VWAP_BREAK price=385500.0000 qty=25 reason=VWAP_BREAK pnl=-1.91% peakPnl=-0.13% holdMs=840000 high=392500.0000 avgPrice=393000.0000 weightedPnl=-1.88% (pending fill)
2026-06-12 15:27:31 INFO  SELL_FILLED_PNL 357780 reason=VWAP_BREAK filledQty=25/25 fillRatio=1.00 weightedPnl=-1.88% dailyPnl=-1.88%
2026-06-12 15:27:31 INFO  SELL_FILLED 357780 reason=VWAP_BREAK remainingQty=0 phase=NONE exitType=VWAP_BREAK
2026-06-12 15:27:31 INFO  BUY [KRX] 357780 mode=BREAKOUT price=388500.0000 qty=25 size=1.0000x score=85[A](CONV) | WHY: strongBreakout volBreakout retestOK multiUp vol(5.85x) | VWAP: 1.07%(ABOVE slope=UP) allowedGap=2.20% | TREND: score=3 vel=0.52%/0.39%/0.39% accel=true | VOL: 737.0000/126.0000 TO: 286324500.0000/48825050.0000 | HIGH: 388500.0000 fromHigh=0.00% | entryNo=1
2026-06-12 15:27:31 INFO  BUY_FILLED 357780 phase=HOLDING
2026-06-12 15:27:31 INFO  SELL [EOD_FORCE_SELL] 357780 pnl=1.93% time=15:30
2026-06-12 15:27:31 INFO  SELL_EXECUTED [KRX] 357780 mode=BREAKOUT phase=EXITING exitType=TIMESTOP price=396000.0000 qty=25 reason=EOD_FORCE_SELL pnl=1.93% peakPnl=2.06% holdMs=5400000 high=396500.0000 avgPrice=388500.0000 weightedPnl=1.88% (pending fill)
2026-06-12 15:27:31 INFO  SELL_FILLED_PNL 357780 reason=EOD_FORCE_SELL filledQty=25/25 fillRatio=1.00 weightedPnl=1.88% dailyPnl=1.88%
2026-06-12 15:27:31 INFO  SELL_FILLED 357780 reason=EOD_FORCE_SELL remainingQty=0 phase=NONE exitType=TIMESTOP
2026-06-12 15:27:31 INFO  BUY [KRX] 357780 mode=VWAP_RECLAIM price=408500.0000 qty=24 size=1.0000x score=85[A](CONV) | WHY: dayChg=1.11% vrScore=87 aboveBars=9 hadBelow=true vol/vol5=2.55x | VWAP: 1.20%(ABOVE slope=UP) allowedGap=3.00% | TREND: score=3 vel=0.86%/0.37%/0.86% accel=true | VOL: 812.0000/187.3500 TO: 331702000.0000/75873900.0000 | HIGH: 409500.0000 fromHigh=-0.24% | VR: score=87 aboveBars=9 hadBelow=true vol/vol5=2.55x | entryNo=1
2026-06-12 15:27:31 INFO  BUY_FILLED 357780 phase=HOLDING
2026-06-12 15:27:31 INFO  SELL [EOD_FORCE_SELL] 357780 pnl=0.86% time=15:30
2026-06-12 15:27:31 INFO  SELL_EXECUTED [KRX] 357780 mode=VWAP_RECLAIM phase=EXITING exitType=TIMESTOP price=412000.0000 qty=24 reason=EOD_FORCE_SELL pnl=0.86% peakPnl=0.86% holdMs=1440000 high=412000.0000 avgPrice=408500.0000 weightedPnl=0.84% (pending fill)
2026-06-12 15:27:31 INFO  SELL_FILLED_PNL 357780 reason=EOD_FORCE_SELL filledQty=24/24 fillRatio=1.00 weightedPnl=0.84% dailyPnl=0.84%
2026-06-12 15:27:31 INFO  SELL_FILLED 357780 reason=EOD_FORCE_SELL remainingQty=0 phase=NONE exitType=TIMESTOP
2026-06-12 15:27:31 INFO  BUY [KRX] 357780 mode=BREAKOUT price=428500.0000 qty=23 size=1.0000x score=85[A](CONV) | WHY: strongBreakout volBreakout retestOK multiUp vol(2.53x) | VWAP: 0.93%(ABOVE slope=UP) allowedGap=2.20% | TREND: score=3 vel=0.47%/0.35%/0.47% accel=true | VOL: 268.0000/105.9500 TO: 114838000.0000/45288475.0000 | HIGH: 429000.0000 fromHigh=-0.12% | entryNo=1
2026-06-12 15:27:31 INFO  BUY_FILLED 357780 phase=HOLDING
2026-06-12 15:27:31 INFO  SELL_EXECUTED [KRX] 357780 mode=BREAKOUT phase=EXITING exitType=VWAP_BREAK price=422500.0000 qty=23 reason=VWAP_BREAK pnl=-1.40% peakPnl=0.12% holdMs=1980000 high=429000.0000 avgPrice=428500.0000 weightedPnl=-1.38% (pending fill)
2026-06-12 15:27:31 INFO  SELL_FILLED_PNL 357780 reason=VWAP_BREAK filledQty=23/23 fillRatio=1.00 weightedPnl=-1.38% dailyPnl=-1.38%
2026-06-12 15:27:31 INFO  SELL_FILLED 357780 reason=VWAP_BREAK remainingQty=0 phase=NONE exitType=VWAP_BREAK
2026-06-12 15:27:31 INFO  BUY [KRX] 357780 mode=VWAP_RECLAIM price=436500.0000 qty=22 size=1.0000x score=75[C] | WHY: dayChg=2.34% vrScore=88 aboveBars=9 hadBelow=true vol/vol5=2.76x | VWAP: 1.24%(ABOVE slope=UP) allowedGap=3.00% | TREND: score=3 vel=0.92%/0.92%/0.81% accel=false | VOL: 1069.0000/175.5000 TO: 466618500.0000/76050675.0000 | HIGH: 437000.0000 fromHigh=-0.11% | VR: score=88 aboveBars=9 hadBelow=true vol/vol5=2.76x | entryNo=1
2026-06-12 15:27:31 INFO  BUY_FILLED 357780 phase=HOLDING
2026-06-12 15:27:31 INFO  SELL_EXECUTED [KRX] 357780 mode=VWAP_RECLAIM phase=EXITING exitType=VWAP_BREAK price=430500.0000 qty=22 reason=VWAP_BREAK pnl=-1.37% peakPnl=-0.11% holdMs=2820000 high=436000.0000 avgPrice=436500.0000 weightedPnl=-1.32% (pending fill)
2026-06-12 15:27:31 INFO  SELL_FILLED_PNL 357780 reason=VWAP_BREAK filledQty=22/22 fillRatio=1.00 weightedPnl=-1.32% dailyPnl=-1.32%
2026-06-12 15:27:31 INFO  SELL_FILLED 357780 reason=VWAP_BREAK remainingQty=0 phase=NONE exitType=VWAP_BREAK
2026-06-12 15:27:31 INFO  BUY [KRX] 357780 mode=BREAKOUT price=458500.0000 qty=21 size=1.0000x score=80[B] | WHY: strongBreakout volBreakout retestOK multiUp vol(3.54x) | VWAP: 1.30%(ABOVE slope=UP) allowedGap=2.20% | TREND: score=3 vel=0.99%/0.88%/0.55% accel=true | VOL: 329.0000/92.8500 TO: 150846500.0000/42237475.0000 | HIGH: 458500.0000 fromHigh=0.00% | entryNo=1
2026-06-12 15:27:31 INFO  BUY_FILLED 357780 phase=HOLDING
2026-06-12 15:27:31 INFO  SELL [EOD_FORCE_SELL] 357780 pnl=1.20% time=15:30
2026-06-12 15:27:31 INFO  SELL_EXECUTED [KRX] 357780 mode=BREAKOUT phase=EXITING exitType=TIMESTOP price=464000.0000 qty=21 reason=EOD_FORCE_SELL pnl=1.20% peakPnl=1.85% holdMs=8940000 high=467000.0000 avgPrice=458500.0000 weightedPnl=1.16% (pending fill)
2026-06-12 15:27:31 INFO  SELL_FILLED_PNL 357780 reason=EOD_FORCE_SELL filledQty=21/21 fillRatio=1.00 weightedPnl=1.16% dailyPnl=1.16%
2026-06-12 15:27:31 INFO  SELL_FILLED 357780 reason=EOD_FORCE_SELL remainingQty=0 phase=NONE exitType=TIMESTOP
2026-06-12 15:27:31 INFO  BUY [KRX] 357780 mode=BREAKOUT price=482500.0000 qty=20 size=1.0000x score=80[B] | WHY: strongBreakout volBreakout retestOK multiUp vol(2.94x) | VWAP: 0.92%(ABOVE slope=UP) allowedGap=2.20% | TREND: score=3 vel=0.31%/0.21%/0.42% accel=true | VOL: 252.0000/85.6500 TO: 121590000.0000/41183200.0000 | HIGH: 482500.0000 fromHigh=0.00% | entryNo=1
2026-06-12 15:27:31 INFO  BUY_FILLED 357780 phase=HOLDING
2026-06-12 15:27:31 INFO  SELL_EXECUTED [KRX] 357780 mode=BREAKOUT phase=EXITING exitType=VWAP_BREAK price=476500.0000 qty=20 reason=VWAP_BREAK pnl=-1.24% peakPnl=0.31% holdMs=2940000 high=484000.0000 avgPrice=482500.0000 weightedPnl=-1.20% (pending fill)
2026-06-12 15:27:31 INFO  SELL_FILLED_PNL 357780 reason=VWAP_BREAK filledQty=20/20 fillRatio=1.00 weightedPnl=-1.20% dailyPnl=-1.20%
2026-06-12 15:27:31 INFO  SELL_FILLED 357780 reason=VWAP_BREAK remainingQty=0 phase=NONE exitType=VWAP_BREAK
2026-06-12 15:27:31 INFO  BUY [KRX] 357780 mode=VWAP_RECLAIM price=484500.0000 qty=20 size=1.0000x score=85[A](CONV) | WHY: dayChg=1.25% vrScore=85 aboveBars=10 hadBelow=true vol/vol5=2.43x | VWAP: 0.99%(ABOVE slope=UP) allowedGap=3.00% | TREND: score=3 vel=0.52%/0.52%/0.62% accel=false | VOL: 625.0000/147.6000 TO: 302812500.0000/70967075.0000 | HIGH: 484500.0000 fromHigh=0.00% | VR: score=85 aboveBars=10 hadBelow=true vol/vol5=2.43x | entryNo=2
2026-06-12 15:27:31 INFO  BUY_FILLED 357780 phase=HOLDING
2026-06-12 15:27:31 INFO  SELL [EOD_FORCE_SELL] 357780 pnl=0.10% time=15:30
2026-06-12 15:27:31 INFO  SELL_EXECUTED [KRX] 357780 mode=VWAP_RECLAIM phase=EXITING exitType=TIMESTOP price=485000.0000 qty=20 reason=EOD_FORCE_SELL pnl=0.10% peakPnl=0.10% holdMs=1440000 high=485000.0000 avgPrice=484500.0000 weightedPnl=0.10% (pending fill)
2026-06-12 15:27:31 INFO  SELL_FILLED_PNL 357780 reason=EOD_FORCE_SELL filledQty=20/20 fillRatio=1.00 weightedPnl=0.10% dailyPnl=-1.10%
2026-06-12 15:27:31 INFO  SELL_FILLED 357780 reason=EOD_FORCE_SELL remainingQty=0 phase=NONE exitType=TIMESTOP
2026-06-12 15:27:31 INFO  BUY [KRX] 357780 mode=VWAP_RECLAIM price=486500.0000 qty=20 size=1.0000x score=45[D] | WHY: dayChg=4.18% vrScore=83 aboveBars=8 hadBelow=true vol/vol5=2.37x | VWAP: 2.53%(ABOVE slope=UP) allowedGap=3.00% | TREND: score=3 vel=1.67%/1.99%/1.35% accel=false | VOL: 1091.0000/306.4500 TO: 530771500.0000/145603225.0000 | HIGH: 488000.0000 fromHigh=-0.31% | VR: score=83 aboveBars=8 hadBelow=true vol/vol5=2.37x | entryNo=1
2026-06-12 15:27:31 INFO  BUY_FILLED 357780 phase=HOLDING
2026-06-12 15:27:31 INFO  SELL_EXECUTED [KRX] 357780 mode=VWAP_RECLAIM phase=EXITING exitType=STOPLOSS price=479000.0000 qty=20 reason=STOP_LOSS_VWAP_RECLAIM pnl=-1.54% peakPnl=0.31% holdMs=360000 high=488000.0000 avgPrice=486500.0000 weightedPnl=-1.50% (pending fill)
2026-06-12 15:27:31 INFO  SELL_FILLED_PNL 357780 reason=STOP_LOSS_VWAP_RECLAIM filledQty=20/20 fillRatio=1.00 weightedPnl=-1.50% dailyPnl=-1.50%
2026-06-12 15:27:31 INFO  SELL_FILLED 357780 reason=STOP_LOSS_VWAP_RECLAIM remainingQty=0 phase=NONE exitType=STOPLOSS
2026-06-12 15:27:31 INFO  BUY [KRX] 357780 mode=BREAKOUT price=396500.0000 qty=20 size=0.8000x score=85[A](CONV) | WHY: strongBreakout volBreakout retestOK multiUp vol(2.25x) | VWAP: 1.76%(ABOVE slope=UP) allowedGap=2.20% | TREND: score=3 vel=1.80%/1.54%/1.80% accel=true | VOL: 379.0000/168.6000 TO: 150273500.0000/66519275.0000 | HIGH: 397500.0000 fromHigh=-0.25% | entryNo=1
2026-06-12 15:27:31 INFO  BUY_FILLED 357780 phase=HOLDING
2026-06-12 15:27:31 INFO  SELL [BREAKEVEN_GUARD] 357780 pnl=-0.63% peakPnl=2.02% holdMs=1080000
2026-06-12 15:27:31 INFO  SELL_EXECUTED [KRX] 357780 mode=BREAKOUT phase=EXITING exitType=TRAIL price=394000.0000 qty=20 reason=BREAKEVEN_GUARD pnl=-0.63% peakPnl=2.02% holdMs=1080000 high=404500.0000 avgPrice=396500.0000 weightedPnl=-0.50% (pending fill)
2026-06-12 15:27:31 INFO  SELL_FILLED_PNL 357780 reason=BREAKEVEN_GUARD filledQty=20/20 fillRatio=1.00 weightedPnl=-0.50% dailyPnl=-0.50%
2026-06-12 15:27:31 INFO  SELL_FILLED 357780 reason=BREAKEVEN_GUARD remainingQty=0 phase=NONE exitType=TRAIL
2026-06-12 15:27:31 INFO  BUY [KRX] 357780 mode=BREAKOUT price=408000.0000 qty=19 size=0.8000x score=85[A](CONV) | WHY: strongBreakout volBreakout retestOK multiUp vol(2.10x) | VWAP: 1.45%(ABOVE slope=UP) allowedGap=2.20% | TREND: score=3 vel=0.87%/0.74%/0.74% accel=true | VOL: 196.0000/93.4000 TO: 79968000.0000/37814450.0000 | HIGH: 409000.0000 fromHigh=-0.24% | entryNo=1
2026-06-12 15:27:31 INFO  BUY_FILLED 357780 phase=HOLDING
2026-06-12 15:27:31 INFO  SELL [EOD_FORCE_SELL] 357780 pnl=-1.72% time=15:30
2026-06-12 15:27:31 INFO  SELL_EXECUTED [KRX] 357780 mode=BREAKOUT phase=EXITING exitType=TIMESTOP price=401000.0000 qty=19 reason=EOD_FORCE_SELL pnl=-1.72% peakPnl=-0.12% holdMs=3120000 high=407500.0000 avgPrice=408000.0000 weightedPnl=-1.33% (pending fill)
2026-06-12 15:27:31 INFO  SELL_FILLED_PNL 357780 reason=EOD_FORCE_SELL filledQty=19/19 fillRatio=1.00 weightedPnl=-1.33% dailyPnl=-1.33%
2026-06-12 15:27:31 INFO  SELL_FILLED 357780 reason=EOD_FORCE_SELL remainingQty=0 phase=NONE exitType=TIMESTOP
2026-06-12 15:27:31 INFO  BUY [KRX] 357780 mode=PULLBACK price=398500.0000 qty=37 size=1.5000x score=80[B] | WHY: zone(-1.12%fromHigh) vel+ avgCross priceAboveAvg vol(3.49x) | VWAP: 0.64%(ABOVE slope=UP) allowedGap=1.00% | TREND: score=3 vel=1.14%/1.92%/1.66% accel=false | VOL: 663.0000/190.0500 TO: 264205500.0000/74638100.0000 | HIGH: 403000.0000 fromHigh=-1.12% | entryNo=1
2026-06-12 15:27:31 INFO  BUY_FILLED 357780 phase=HOLDING
2026-06-12 15:27:31 INFO  SELL [BREAKEVEN_GUARD] 357780 pnl=-1.00% peakPnl=1.51% holdMs=840000
2026-06-12 15:27:31 INFO  SELL_EXECUTED [KRX] 357780 mode=PULLBACK phase=EXITING exitType=TRAIL price=394500.0000 qty=37 reason=BREAKEVEN_GUARD pnl=-1.00% peakPnl=1.51% holdMs=840000 high=404500.0000 avgPrice=398500.0000 weightedPnl=-1.48% (pending fill)
2026-06-12 15:27:31 INFO  SELL_FILLED_PNL 357780 reason=BREAKEVEN_GUARD filledQty=37/37 fillRatio=1.00 weightedPnl=-1.48% dailyPnl=-1.48%
2026-06-12 15:27:31 INFO  SELL_FILLED 357780 reason=BREAKEVEN_GUARD remainingQty=0 phase=NONE exitType=TRAIL
2026-06-12 15:27:31 INFO  BUY [KRX] 357780 mode=BREAKOUT price=425000.0000 qty=23 size=1.0000x score=80[B] | WHY: strongBreakout volBreakout retestOK multiUp vol(3.30x) | VWAP: 0.67%(ABOVE slope=UP) allowedGap=2.20% | TREND: score=3 vel=0.35%/0.24%/0.71% accel=true | VOL: 340.0000/103.0000 TO: 144500000.0000/43675625.0000 | HIGH: 425500.0000 fromHigh=-0.12% | entryNo=1
2026-06-12 15:27:31 INFO  BUY_FILLED 357780 phase=HOLDING
2026-06-12 15:27:31 INFO  SELL [EOD_FORCE_SELL] 357780 pnl=0.94% time=15:30
2026-06-12 15:27:31 INFO  SELL_EXECUTED [KRX] 357780 mode=BREAKOUT phase=EXITING exitType=TIMESTOP price=429000.0000 qty=23 reason=EOD_FORCE_SELL pnl=0.94% peakPnl=1.06% holdMs=3360000 high=429500.0000 avgPrice=425000.0000 weightedPnl=0.92% (pending fill)
2026-06-12 15:27:31 INFO  SELL_FILLED_PNL 357780 reason=EOD_FORCE_SELL filledQty=23/23 fillRatio=1.00 weightedPnl=0.92% dailyPnl=0.92%
2026-06-12 15:27:31 INFO  SELL_FILLED 357780 reason=EOD_FORCE_SELL remainingQty=0 phase=NONE exitType=TIMESTOP
2026-06-12 15:27:31 INFO  BUY [KRX] 357780 mode=VWAP_RECLAIM price=458500.0000 qty=21 size=1.0000x score=80[B] | WHY: dayChg=3.15% vrScore=89 aboveBars=10 hadBelow=true vol/vol5=2.85x | VWAP: 0.90%(ABOVE slope=UP) allowedGap=3.00% | TREND: score=3 vel=0.77%/0.77%/0.88% accel=false | VOL: 1199.0000/504.8000 TO: 549741500.0000/229536625.0000 | HIGH: 458500.0000 fromHigh=0.00% | VR: score=89 aboveBars=10 hadBelow=true vol/vol5=2.85x | entryNo=1
2026-06-12 15:27:31 INFO  BUY_FILLED 357780 phase=HOLDING
2026-06-12 15:27:31 INFO  SELL_EXECUTED [KRX] 357780 mode=VWAP_RECLAIM phase=EXITING exitType=VWAP_BREAK price=452000.0000 qty=21 reason=VWAP_BREAK pnl=-1.42% peakPnl=0.00% holdMs=360000 high=458500.0000 avgPrice=458500.0000 weightedPnl=-1.37% (pending fill)
2026-06-12 15:27:31 INFO  SELL_FILLED_PNL 357780 reason=VWAP_BREAK filledQty=21/21 fillRatio=1.00 weightedPnl=-1.37% dailyPnl=-1.37%
2026-06-12 15:27:31 INFO  SELL_FILLED 357780 reason=VWAP_BREAK remainingQty=0 phase=NONE exitType=VWAP_BREAK
2026-06-12 15:27:31 INFO  BUY [KRX] 357780 mode=VWAP_RECLAIM price=339000.0000 qty=29 size=1.0000x score=37[D] | WHY: dayChg=0.00% vrScore=86 aboveBars=10 hadBelow=true vol/vol5=1.91x | VWAP: 2.29%(ABOVE slope=UP) allowedGap=3.00% | TREND: score=3 vel=0.59%/1.50%/2.26% accel=false | VOL: 878.0000/266.0000 TO: 297642000.0000/88384700.0000 | HIGH: 339000.0000 fromHigh=0.00% | VR: score=86 aboveBars=10 hadBelow=true vol/vol5=1.91x | entryNo=1
2026-06-12 15:27:31 INFO  BUY_FILLED 357780 phase=HOLDING
2026-06-12 15:27:31 INFO  SELL [TRAIL_VWAP_RECLAIM] 357780 pnl=0.74% peakPnl=1.77% high=345000.0000 current=341500.0000
2026-06-12 15:27:31 INFO  SELL_EXECUTED [KRX] 357780 mode=VWAP_RECLAIM phase=EXITING exitType=TRAIL price=341500.0000 qty=29 reason=TRAIL_VWAP_RECLAIM pnl=0.74% peakPnl=1.77% holdMs=1680000 high=345000.0000 avgPrice=339000.0000 weightedPnl=0.73% (pending fill)
2026-06-12 15:27:31 INFO  SELL_FILLED_PNL 357780 reason=TRAIL_VWAP_RECLAIM filledQty=29/29 fillRatio=1.00 weightedPnl=0.73% dailyPnl=0.73%
2026-06-12 15:27:31 INFO  SELL_FILLED 357780 reason=TRAIL_VWAP_RECLAIM remainingQty=0 phase=NONE exitType=TRAIL
2026-06-12 15:27:31 INFO  BUY [KRX] 357780 mode=VWAP_RECLAIM price=355000.0000 qty=28 size=1.0000x score=75[C] | WHY: dayChg=8.23% vrScore=87 aboveBars=10 hadBelow=true vol/vol5=2.31x | VWAP: 1.42%(ABOVE slope=UP) allowedGap=3.00% | TREND: score=3 vel=0.57%/0.71%/1.14% accel=false | VOL: 670.0000/167.0000 TO: 237850000.0000/58748150.0000 | HIGH: 355000.0000 fromHigh=0.00% | VR: score=87 aboveBars=10 hadBelow=true vol/vol5=2.31x | entryNo=1
2026-06-12 15:27:31 INFO  BUY_FILLED 357780 phase=HOLDING
2026-06-12 15:27:31 INFO  SELL_EXECUTED [KRX] 357780 mode=VWAP_RECLAIM phase=EXITING exitType=VWAP_BREAK price=349500.0000 qty=28 reason=VWAP_BREAK pnl=-1.55% peakPnl=0.56% holdMs=1380000 high=357000.0000 avgPrice=355000.0000 weightedPnl=-1.54% (pending fill)
2026-06-12 15:27:31 INFO  SELL_FILLED_PNL 357780 reason=VWAP_BREAK filledQty=28/28 fillRatio=1.00 weightedPnl=-1.54% dailyPnl=-1.54%
2026-06-12 15:27:31 INFO  SELL_FILLED 357780 reason=VWAP_BREAK remainingQty=0 phase=NONE exitType=VWAP_BREAK
2026-06-12 15:27:31 INFO  BUY [KRX] 357780 mode=VWAP_RECLAIM price=373500.0000 qty=26 size=1.0000x score=70[D] | WHY: dayChg=3.75% vrScore=88 aboveBars=10 hadBelow=true vol/vol5=2.32x | VWAP: 1.47%(ABOVE slope=UP) allowedGap=3.00% | TREND: score=3 vel=0.95%/0.67%/1.08% accel=true | VOL: 647.0000/309.3000 TO: 241654500.0000/113762925.0000 | HIGH: 374000.0000 fromHigh=-0.13% | VR: score=88 aboveBars=10 hadBelow=true vol/vol5=2.32x | entryNo=1
2026-06-12 15:27:31 INFO  BUY_FILLED 357780 phase=HOLDING
2026-06-12 15:27:31 INFO  SELL_EXECUTED [KRX] 357780 mode=VWAP_RECLAIM phase=EXITING exitType=PROFIT price=383500.0000 qty=26 reason=TAKE_PROFIT_VWAP_RECLAIM pnl=2.68% peakPnl=2.68% holdMs=240000 high=383500.0000 avgPrice=373500.0000 weightedPnl=2.60% (pending fill)
2026-06-12 15:27:31 INFO  SELL_FILLED_PNL 357780 reason=TAKE_PROFIT_VWAP_RECLAIM filledQty=26/26 fillRatio=1.00 weightedPnl=2.60% dailyPnl=2.60%
2026-06-12 15:27:31 INFO  SELL_FILLED 357780 reason=TAKE_PROFIT_VWAP_RECLAIM remainingQty=0 phase=NONE exitType=PROFIT
