2026-07-06 09:39:43 INFO  BUY amount set for 091590: 10000000.00
2026-07-06 09:39:43 INFO  BUY amount set for 036930: 10000000.00
2026-07-06 09:39:43 INFO  BUY amount set for 047040: 10000000.00
2026-07-06 09:39:43 INFO  BUY amount set for 240810: 10000000.00
2026-07-06 09:39:43 INFO  BUY amount set for 002990: 10000000.00
2026-07-06 09:39:43 INFO  BUY amount set for 093370: 10000000.00
2026-07-06 09:39:43 INFO  BUY amount set for 001820: 10000000.00
2026-07-06 09:39:43 INFO  BUY amount set for 475150: 10000000.00
2026-07-06 09:39:43 INFO  BUY amount set for 009150: 10000000.00
2026-07-06 09:39:43 INFO  BUY amount set for 028050: 10000000.00
2026-07-06 09:39:43 INFO  BUY amount set for 353200: 10000000.00
2026-07-06 09:39:43 INFO  BUY amount set for 001740: 10000000.00
2026-07-06 09:39:43 INFO  BUY amount set for 483650: 10000000.00
2026-07-06 09:39:43 INFO  BUY amount set for 005935: 10000000.00
2026-07-06 09:39:43 INFO  BUY amount set for 204320: 10000000.00
2026-07-06 09:39:47 INFO  BUY amount set for 010170: 10000000.00
2026-07-06 09:39:53 INFO  BUY amount set for 001440: 10000000.00
2026-07-06 09:39:54 INFO  BUY amount set for 000660: 10000000.00
2026-07-06 09:39:54 INFO  BUY amount set for 222800: 10000000.00
2026-07-06 09:39:54 INFO  BUY amount set for 419050: 10000000.00
2026-07-06 09:39:54 INFO  BUY amount set for 403870: 10000000.00
2026-07-06 09:39:54 INFO  BUY amount set for 095610: 10000000.00
2026-07-06 09:39:54 INFO  BUY amount set for 140410: 10000000.00
2026-07-06 09:39:55 INFO  BUY amount set for 454910: 10000000.00
2026-07-06 09:39:55 INFO  BUY amount set for 064400: 10000000.00
2026-07-06 09:39:55 INFO  BUY amount set for 007680: 10000000.00
2026-07-06 09:39:56 INFO  BUY amount set for 035420: 10000000.00
2026-07-06 09:39:57 INFO  BUY amount set for 122350: 10000000.00
2026-07-06 09:39:57 INFO  BUY amount set for 010960: 10000000.00
2026-07-06 09:39:57 INFO  BUY amount set for 097230: 10000000.00
2026-07-06 09:39:57 INFO  BUY amount set for 030530: 10000000.00
2026-07-06 09:39:58 INFO  BUY amount set for 322000: 10000000.00
2026-07-06 09:40:01 INFO  BUY amount set for 225530: 10000000.00
2026-07-06 09:40:02 INFO  BUY amount set for 458870: 10000000.00
2026-07-06 09:40:02 INFO  BUY amount set for 203690: 10000000.00
2026-07-06 09:40:03 INFO  BUY amount set for 001260: 10000000.00
2026-07-06 09:40:03 INFO  BUY amount set for 041190: 10000000.00
2026-07-06 09:40:04 INFO  BUY amount set for 066980: 10000000.00
2026-07-06 09:40:04 INFO  BUY amount set for 023160: 10000000.00
2026-07-06 09:40:04 INFO  BUY amount set for 126640: 10000000.00
2026-07-06 09:40:05 INFO  BUY amount set for 356680: 10000000.00
2026-07-06 09:40:05 INFO  BUY amount set for 079650: 10000000.00
2026-07-06 09:40:05 INFO  BUY amount set for 111710: 10000000.00
2026-07-06 09:40:05 INFO  BUY amount set for 388050: 10000000.00
2026-07-06 09:40:05 INFO  BUY amount set for 064290: 10000000.00
2026-07-06 09:40:05 INFO  BUY amount set for 002995: 10000000.00
2026-07-06 09:40:06 INFO  BUY amount set for 050760: 10000000.00
2026-07-06 09:40:06 INFO  BUY amount set for 046970: 10000000.00
2026-07-06 09:40:06 INFO  BUY [KRX] 111710 mode=STRONG_PULLBACK price=6000.0000 qty=1666 size=1.0000x score=73[D] | WHY: dayChg=4.53% fromHigh=-2.60% spScore=73 vol3/vol10=0.56x body=0.86 | VWAP: 4.92%(ABOVE slope=UP) allowedGap=5.00% | TREND: score=3 vel=7.91%/6.57%/7.91% accel=true | VOL: 69814.0000/83310.6000 TO: 418884000.0000/476412581.3333 | HIGH: 6160.0000 fromHigh=-2.60% | SP: score=73 dayChg=4.53% fromHigh=-2.60% vol3/vol10=0.56x body=0.86 | entryNo=1
2026-07-06 09:40:06 INFO  BUY_FILLED 111710 phase=HOLDING
2026-07-06 09:40:06 INFO  SELL_EXECUTED [KRX] 111710 mode=STRONG_PULLBACK phase=EXITING exitType=STOPLOSS price=5830.0000 qty=1666 reason=STOP_LOSS_STRONG_PULLBACK pnl=-2.83% peakPnl=-1.33% holdMs=180000 high=5920.0000 avgPrice=6000.0000 weightedPnl=-2.83% (pending fill)
2026-07-06 09:40:06 INFO  SELL_FILLED_PNL 111710 reason=STOP_LOSS_STRONG_PULLBACK filledQty=1666/1666 fillRatio=1.00 weightedPnl=-2.83% dailyPnl=-2.83%
2026-07-06 09:40:06 INFO  SELL_FILLED 111710 reason=STOP_LOSS_STRONG_PULLBACK remainingQty=0 phase=NONE exitType=STOPLOSS
2026-07-06 09:40:07 INFO  BUY [KRX] 388050 mode=OPENING_RANGE_BREAKOUT price=15000.0000 qty=666 size=1.0000x score=63[D] | WHY: vwap=1.54% trend=3 vol(5.85x) | VWAP: 1.54%(ABOVE slope=UP) allowedGap=1.00% | TREND: score=3 vel=0.40%/0.33%/0.88% accel=true | VOL: 31984.0000/5468.5000 TO: 479120320.0000/81447587.0000 | HIGH: 15040.0000 fromHigh=-0.40% | entryNo=1
2026-07-06 09:40:07 INFO  BUY_FILLED 388050 phase=HOLDING
2026-07-06 09:40:07 INFO  SELL_EXECUTED [KRX] 388050 mode=OPENING_RANGE_BREAKOUT phase=EXITING exitType=STOPLOSS price=14730.0000 qty=666 reason=STOP_LOSS_OPENING_RANGE_BREAKOUT pnl=-1.67% peakPnl=0.40% holdMs=1140000 high=15040.0000 avgPrice=14980.0000 weightedPnl=-1.66% (pending fill)
2026-07-06 09:40:07 INFO  SELL_FILLED_PNL 388050 reason=STOP_LOSS_OPENING_RANGE_BREAKOUT filledQty=666/666 fillRatio=1.00 weightedPnl=-1.66% dailyPnl=-1.66%
2026-07-06 09:40:07 INFO  SELL_FILLED 388050 reason=STOP_LOSS_OPENING_RANGE_BREAKOUT remainingQty=0 phase=NONE exitType=STOPLOSS
2026-07-06 09:40:07 INFO  BUY [KRX] 001260 mode=STRONG_PULLBACK price=8970.0000 qty=1114 size=1.0000x score=72[D] | WHY: dayChg=12.13% fromHigh=-2.61% spScore=72 vol3/vol10=0.74x body=0.97 | VWAP: 0.88%(ABOVE slope=UP) allowedGap=5.00% | TREND: score=3 vel=2.40%/0.45%/1.82% accel=true | VOL: 7379.0000/8266.0000 TO: 66189630.0000/73731491.5000 | HIGH: 9210.0000 fromHigh=-2.61% | SP: score=72 dayChg=12.13% fromHigh=-2.61% vol3/vol10=0.74x body=0.97 | entryNo=1
2026-07-06 09:40:07 INFO  BUY_FILLED 001260 phase=HOLDING
2026-07-06 09:40:07 INFO  SELL_EXECUTED [KRX] 001260 mode=STRONG_PULLBACK phase=EXITING exitType=PROFIT price=9340.0000 qty=1114 reason=TAKE_PROFIT_STRONG_PULLBACK pnl=4.12% peakPnl=4.12% holdMs=120000 high=9340.0000 avgPrice=8970.0000 weightedPnl=4.12% (pending fill)
2026-07-06 09:40:07 INFO  SELL_FILLED_PNL 001260 reason=TAKE_PROFIT_STRONG_PULLBACK filledQty=1114/1114 fillRatio=1.00 weightedPnl=4.12% dailyPnl=4.12%
2026-07-06 09:40:07 INFO  SELL_FILLED 001260 reason=TAKE_PROFIT_STRONG_PULLBACK remainingQty=0 phase=NONE exitType=PROFIT
2026-07-06 09:40:08 INFO  BUY amount set for 396300: 10000000.00
2026-07-06 09:40:08 INFO  BUY amount set for 005690: 10000000.00
2026-07-06 09:40:10 INFO  BUY [KRX] 046970 mode=OPENING_RANGE_BREAKOUT price=9700.0000 qty=1030 size=1.0000x score=65[D] | WHY: vwap=1.79% trend=3 vol(2.21x) | VWAP: 1.79%(ABOVE slope=UP) allowedGap=1.00% | TREND: score=3 vel=1.36%/1.25%/1.04% accel=true | VOL: 34667.0000/15704.2500 TO: 336269900.0000/150311836.5000 | HIGH: 9750.0000 fromHigh=-0.51% | entryNo=1
2026-07-06 09:40:10 INFO  BUY_FILLED 046970 phase=HOLDING
2026-07-06 09:40:10 INFO  SELL [TRAIL_OPENING_RANGE_BREAKOUT] 046970 pnl=0.41% peakPnl=1.55% high=9850.0000 current=9740.0000
2026-07-06 09:40:10 INFO  SELL_EXECUTED [KRX] 046970 mode=OPENING_RANGE_BREAKOUT phase=EXITING exitType=TRAIL price=9740.0000 qty=1030 reason=TRAIL_OPENING_RANGE_BREAKOUT pnl=0.41% peakPnl=1.55% holdMs=1620000 high=9850.0000 avgPrice=9700.0000 weightedPnl=0.41% (pending fill)
2026-07-06 09:40:10 INFO  SELL_FILLED_PNL 046970 reason=TRAIL_OPENING_RANGE_BREAKOUT filledQty=1030/1030 fillRatio=1.00 weightedPnl=0.41% dailyPnl=0.41%
2026-07-06 09:40:10 INFO  SELL_FILLED 046970 reason=TRAIL_OPENING_RANGE_BREAKOUT remainingQty=0 phase=NONE exitType=TRAIL
2026-07-06 11:10:42 INFO  BUY amount set for 365660: 10000000.00
2026-07-06 11:10:43 INFO  BUY amount set for 034020: 10000000.00
2026-07-06 11:10:43 INFO  BUY amount set for 005930: 10000000.00
2026-07-06 11:10:43 INFO  BUY amount set for 009150: 10000000.00
2026-07-06 11:10:43 INFO  BUY amount set for 028260: 10000000.00
2026-07-06 11:10:43 INFO  BUY amount set for 036930: 10000000.00
2026-07-06 11:10:43 INFO  BUY amount set for 403870: 10000000.00
2026-07-06 11:10:43 INFO  BUY amount set for 006340: 10000000.00
2026-07-06 11:10:43 INFO  BUY amount set for 005380: 10000000.00
2026-07-06 11:10:43 INFO  BUY amount set for 005935: 10000000.00
2026-07-06 11:10:43 INFO  BUY amount set for 000660: 10000000.00
2026-07-06 11:10:43 INFO  BUY amount set for 000270: 10000000.00
2026-07-06 11:10:43 INFO  BUY amount set for 042660: 10000000.00
2026-07-06 11:10:43 INFO  BUY amount set for 402340: 10000000.00
2026-07-06 11:10:43 INFO  BUY amount set for 006800: 10000000.00
2026-07-06 11:10:44 INFO  BUY amount set for 240810: 10000000.00
2026-07-06 11:10:44 INFO  BUY [KRX] 005935 mode=BREAKOUT price=140500.0000 qty=71 size=1.0000x score=85[A](CONV) | WHY: strongBreakout volBreakout retestOK multiUp vol(5.88x) | VWAP: 0.44%(ABOVE slope=UP) allowedGap=1.50% | TREND: score=3 vel=0.21%/0.14%/0.21% accel=true | VOL: 56553.0000/9617.4000 TO: 7945696500.0000/1348340445.0000 | HIGH: 140500.0000 fromHigh=0.00% | entryNo=1
2026-07-06 11:10:44 INFO  BUY_FILLED 005935 phase=HOLDING
2026-07-06 11:10:44 INFO  SELL [EOD_FORCE_SELL] 005935 pnl=-0.07% time=15:30
2026-07-06 11:10:44 INFO  SELL_EXECUTED [KRX] 005935 mode=BREAKOUT phase=EXITING exitType=TIMESTOP price=140400.0000 qty=71 reason=EOD_FORCE_SELL pnl=-0.07% peakPnl=0.36% holdMs=19620000 high=141000.0000 avgPrice=140500.0000 weightedPnl=-0.07% (pending fill)
2026-07-06 11:10:44 INFO  BUY [KRX] 005380 mode=BREAKOUT price=497500.0000 qty=20 size=1.0000x score=85[A](CONV) | WHY: strongBreakout volBreakout retestOK multiUp vol(3.21x) | VWAP: 0.84%(ABOVE slope=UP) allowedGap=1.50% | TREND: score=3 vel=0.40%/0.30%/0.61% accel=true | VOL: 16366.0000/5098.4000 TO: 8142085000.0000/2515720550.0000 | HIGH: 497500.0000 fromHigh=0.00% | entryNo=1
2026-07-06 11:10:44 INFO  SELL_FILLED_PNL 005935 reason=EOD_FORCE_SELL filledQty=71/71 fillRatio=1.00 weightedPnl=-0.07% dailyPnl=-0.07%
2026-07-06 11:10:44 INFO  BUY_FILLED 005380 phase=HOLDING
2026-07-06 11:10:44 INFO  SELL_FILLED 005935 reason=EOD_FORCE_SELL remainingQty=0 phase=NONE exitType=TIMESTOP
2026-07-06 11:10:44 INFO  BUY [KRX] 402340 mode=OPENING_RANGE_BREAKOUT price=622000.0000 qty=16 size=1.0000x score=70[D] | WHY: vwap=1.65% trend=3 vol(2.90x) | VWAP: 1.65%(ABOVE slope=UP) allowedGap=1.00% | TREND: score=3 vel=0.81%/0.48%/0.16% accel=true | VOL: 5160.0000/1779.0500 TO: 3209520000.0000/1104571250.0000 | HIGH: 625000.0000 fromHigh=-0.48% | entryNo=1
2026-07-06 11:10:44 INFO  SELL_EXECUTED [KRX] 005380 mode=BREAKOUT phase=EXITING exitType=VWAP_BREAK price=493000.0000 qty=20 reason=VWAP_BREAK pnl=-0.90% peakPnl=0.70% holdMs=17700000 high=501000.0000 avgPrice=497500.0000 weightedPnl=-0.90% (pending fill)
2026-07-06 11:10:45 INFO  BUY_FILLED 402340 phase=HOLDING
2026-07-06 11:10:45 INFO  SELL_FILLED_PNL 005380 reason=VWAP_BREAK filledQty=20/20 fillRatio=1.00 weightedPnl=-0.90% dailyPnl=-0.90%
2026-07-06 11:10:45 INFO  SELL_FILLED 005380 reason=VWAP_BREAK remainingQty=0 phase=NONE exitType=VWAP_BREAK
2026-07-06 11:10:45 INFO  SELL_EXECUTED [KRX] 402340 mode=OPENING_RANGE_BREAKOUT phase=EXITING exitType=PROFIT price=636000.0000 qty=16 reason=TAKE_PROFIT_OPENING_RANGE_BREAKOUT pnl=2.25% peakPnl=2.25% holdMs=8820000 high=636000.0000 avgPrice=622000.0000 weightedPnl=2.24% (pending fill)
2026-07-06 11:10:45 INFO  SELL_FILLED_PNL 402340 reason=TAKE_PROFIT_OPENING_RANGE_BREAKOUT filledQty=16/16 fillRatio=1.00 weightedPnl=2.24% dailyPnl=2.24%
2026-07-06 11:10:45 INFO  SELL_FILLED 402340 reason=TAKE_PROFIT_OPENING_RANGE_BREAKOUT remainingQty=0 phase=NONE exitType=PROFIT
2026-07-06 11:10:45 INFO  BUY [KRX] 000270 mode=BREAKOUT price=160000.0000 qty=62 size=1.0000x score=85[A](CONV) | WHY: strongBreakout volBreakout retestOK multiUp vol(3.38x) | VWAP: 1.19%(ABOVE slope=UP) allowedGap=1.50% | TREND: score=3 vel=0.25%/0.19%/0.19% accel=true | VOL: 7985.0000/2363.7500 TO: 1278398500.0000/377349090.0000 | HIGH: 160300.0000 fromHigh=-0.12% | entryNo=1
2026-07-06 11:10:45 INFO  BUY_FILLED 000270 phase=HOLDING
2026-07-06 11:10:45 INFO  SELL [EOD_FORCE_SELL] 000270 pnl=-1.69% time=15:30
2026-07-06 11:10:45 INFO  SELL_EXECUTED [KRX] 000270 mode=BREAKOUT phase=EXITING exitType=TIMESTOP price=157400.0000 qty=62 reason=EOD_FORCE_SELL pnl=-1.69% peakPnl=-0.12% holdMs=19140000 high=159900.0000 avgPrice=160100.0000 weightedPnl=-1.67% (pending fill)
2026-07-06 11:10:45 INFO  SELL_FILLED_PNL 000270 reason=EOD_FORCE_SELL filledQty=62/62 fillRatio=1.00 weightedPnl=-1.67% dailyPnl=-1.67%
2026-07-06 11:10:45 INFO  SELL_FILLED 000270 reason=EOD_FORCE_SELL remainingQty=0 phase=NONE exitType=TIMESTOP
2026-07-06 11:10:46 INFO  BUY [KRX] 009150 mode=BREAKOUT price=782000.0000 qty=12 size=1.0000x score=85[A](CONV) | WHY: strongBreakout volBreakout retestOK multiUp vol(5.60x) | VWAP: 0.62%(ABOVE slope=UP) allowedGap=1.50% | TREND: score=3 vel=0.64%/0.51%/0.77% accel=true | VOL: 8676.0000/1548.2500 TO: 6784632000.0000/1204957300.0000 | HIGH: 783000.0000 fromHigh=-0.13% | entryNo=1
2026-07-06 11:10:46 INFO  BUY_FILLED 009150 phase=HOLDING
2026-07-06 11:10:46 INFO  BUY [KRX] 000660 mode=BREAKOUT price=1319000.0000 qty=7 size=1.0000x score=85[A](CONV) | WHY: strongBreakout volBreakout retestOK multiUp vol(2.59x) | VWAP: 0.64%(ABOVE slope=UP) allowedGap=1.50% | TREND: score=3 vel=0.42%/0.19%/0.27% accel=true | VOL: 24493.0000/9468.4000 TO: 32294020500.0000/12427395275.0000 | HIGH: 1319000.0000 fromHigh=-0.04% | entryNo=1
2026-07-06 11:10:46 INFO  BUY_FILLED 000660 phase=HOLDING
2026-07-06 11:10:46 INFO  SELL_EXECUTED [KRX] 009150 mode=BREAKOUT phase=EXITING exitType=VWAP_BREAK price=775000.0000 qty=12 reason=VWAP_BREAK pnl=-0.90% peakPnl=0.51% holdMs=9420000 high=786000.0000 avgPrice=782000.0000 weightedPnl=-0.84% (pending fill)
2026-07-06 11:10:46 INFO  SELL_FILLED_PNL 009150 reason=VWAP_BREAK filledQty=12/12 fillRatio=1.00 weightedPnl=-0.84% dailyPnl=-0.84%
2026-07-06 11:10:46 INFO  SELL_EXECUTED [KRX] 000660 mode=BREAKOUT phase=EXITING exitType=VWAP_BREAK price=1305000.0000 qty=7 reason=VWAP_BREAK pnl=-1.02% peakPnl=0.72% holdMs=4800000 high=1328000.0000 avgPrice=1318500.0000 weightedPnl=-0.95% (pending fill)
2026-07-06 11:10:46 INFO  SELL_FILLED 009150 reason=VWAP_BREAK remainingQty=0 phase=NONE exitType=VWAP_BREAK
2026-07-06 11:10:46 INFO  SELL_FILLED_PNL 000660 reason=VWAP_BREAK filledQty=7/7 fillRatio=1.00 weightedPnl=-0.95% dailyPnl=-0.95%
2026-07-06 11:10:46 INFO  SELL_FILLED 000660 reason=VWAP_BREAK remainingQty=0 phase=NONE exitType=VWAP_BREAK
2026-07-06 11:10:47 INFO  BUY [KRX] 009150 mode=BREAKOUT price=821000.0000 qty=9 size=0.8000x score=85[A](CONV) | WHY: strongBreakout volBreakout retestOK multiUp vol(2.25x) | VWAP: 0.73%(ABOVE slope=UP) allowedGap=1.50% | TREND: score=3 vel=0.61%/0.49%/0.49% accel=true | VOL: 5421.0000/2411.3000 TO: 4450641000.0000/1969790600.0000 | HIGH: 822000.0000 fromHigh=-0.12% | entryNo=1
2026-07-06 11:10:47 INFO  BUY_FILLED 009150 phase=HOLDING
2026-07-06 11:10:47 INFO  SELL [EOD_FORCE_SELL] 009150 pnl=0.73% time=15:30
2026-07-06 11:10:47 INFO  SELL_EXECUTED [KRX] 009150 mode=BREAKOUT phase=EXITING exitType=TIMESTOP price=827000.0000 qty=9 reason=EOD_FORCE_SELL pnl=0.73% peakPnl=1.40% holdMs=21600000 high=832500.0000 avgPrice=821000.0000 weightedPnl=0.54% (pending fill)
2026-07-06 11:10:47 INFO  SELL_FILLED_PNL 009150 reason=EOD_FORCE_SELL filledQty=9/9 fillRatio=1.00 weightedPnl=0.54% dailyPnl=0.54%
2026-07-06 11:10:47 INFO  SELL_FILLED 009150 reason=EOD_FORCE_SELL remainingQty=0 phase=NONE exitType=TIMESTOP
2026-07-06 11:10:49 INFO  BUY [KRX] 240810 mode=BREAKOUT price=112000.0000 qty=71 size=0.8000x score=85[A](CONV) | WHY: strongBreakout volBreakout retestOK multiUp vol(2.24x) | VWAP: 1.04%(ABOVE slope=UP) allowedGap=1.50% | TREND: score=3 vel=2.47%/2.10%/2.10% accel=true | VOL: 3328.0000/1485.9000 TO: 372403200.0000/163400865.0000 | HIGH: 111900.0000 fromHigh=0.00% | entryNo=1
2026-07-06 11:10:49 INFO  BUY_FILLED 240810 phase=HOLDING
2026-07-06 11:10:49 INFO  SELL_EXECUTED [KRX] 240810 mode=BREAKOUT phase=EXITING exitType=VWAP_BREAK price=110000.0000 qty=71 reason=VWAP_BREAK pnl=-1.70% peakPnl=-0.18% holdMs=900000 high=111700.0000 avgPrice=111900.0000 weightedPnl=-1.35% (pending fill)
2026-07-06 11:10:49 INFO  SELL_FILLED_PNL 240810 reason=VWAP_BREAK filledQty=71/71 fillRatio=1.00 weightedPnl=-1.35% dailyPnl=-1.35%
2026-07-06 11:10:49 INFO  SELL_FILLED 240810 reason=VWAP_BREAK remainingQty=0 phase=NONE exitType=VWAP_BREAK
2026-07-06 11:10:53 INFO  BUY amount set for 011070: 10000000.00
2026-07-06 11:10:53 INFO  BUY amount set for 002990: 10000000.00
2026-07-06 11:10:53 INFO  BUY amount set for 012330: 10000000.00
2026-07-06 11:10:53 INFO  BUY amount set for 010120: 10000000.00
2026-07-06 11:10:54 INFO  BUY amount set for 066570: 10000000.00
2026-07-06 11:10:54 INFO  BUY amount set for 475150: 10000000.00
2026-07-06 11:10:54 INFO  BUY amount set for 006400: 10000000.00
2026-07-06 11:10:54 INFO  BUY amount set for 105560: 10000000.00
2026-07-06 11:10:54 INFO  BUY amount set for 012450: 10000000.00
2026-07-06 11:10:54 INFO  BUY amount set for 080220: 10000000.00
2026-07-06 11:10:54 INFO  BUY [KRX] 010120 mode=OPENING_RANGE_BREAKOUT price=189500.0000 qty=52 size=1.0000x score=75[C] | WHY: vwap=0.67% trend=3 vol(2.09x) | VWAP: 0.67%(ABOVE slope=UP) allowedGap=1.00% | TREND: score=3 vel=0.32%/0.26%/0.16% accel=true | VOL: 5611.0000/2684.0500 TO: 1063845600.0000/509039325.0000 | HIGH: 190500.0000 fromHigh=-0.47% | entryNo=1
2026-07-06 11:10:54 INFO  BUY_FILLED 010120 phase=HOLDING
2026-07-06 11:10:54 INFO  SELL_EXECUTED [KRX] 010120 mode=OPENING_RANGE_BREAKOUT phase=EXITING exitType=VWAP_BREAK price=187300.0000 qty=52 reason=VWAP_BREAK pnl=-1.21% peakPnl=0.00% holdMs=1320000 high=189600.0000 avgPrice=189600.0000 weightedPnl=-1.20% (pending fill)
2026-07-06 11:10:54 INFO  SELL_FILLED_PNL 010120 reason=VWAP_BREAK filledQty=52/52 fillRatio=1.00 weightedPnl=-1.20% dailyPnl=-1.20%
2026-07-06 11:10:54 INFO  SELL_FILLED 010120 reason=VWAP_BREAK remainingQty=0 phase=NONE exitType=VWAP_BREAK
2026-07-06 11:10:54 INFO  BUY amount set for 272210: 10000000.00
2026-07-06 11:10:55 INFO  BUY amount set for 055550: 10000000.00
2026-07-06 11:10:55 INFO  BUY amount set for 079550: 10000000.00
2026-07-06 11:10:55 INFO  BUY [KRX] 012450 mode=BREAKOUT price=1535000.0000 qty=6 size=1.0000x score=85[A](CONV) | WHY: strongBreakout volBreakout retestOK multiUp vol(4.39x) | VWAP: 0.93%(ABOVE slope=UP) allowedGap=1.50% | TREND: score=3 vel=0.39%/0.33%/0.52% accel=true | VOL: 2132.0000/486.1500 TO: 3272620000.0000/743407425.0000 | HIGH: 1535000.0000 fromHigh=0.00% | entryNo=1
2026-07-06 11:10:55 INFO  BUY_FILLED 012450 phase=HOLDING
2026-07-06 11:10:55 INFO  BUY [KRX] 066570 mode=BREAKOUT price=124000.0000 qty=80 size=1.0000x score=85[A](CONV) | WHY: strongBreakout volBreakout retestOK multiUp vol(2.57x) | VWAP: 0.72%(ABOVE slope=UP) allowedGap=1.50% | TREND: score=3 vel=0.40%/0.32%/0.49% accel=true | VOL: 8865.0000/3453.0500 TO: 1101033000.0000/426036530.0000 | HIGH: 124200.0000 fromHigh=0.00% | entryNo=1
2026-07-06 11:10:55 INFO  BUY_FILLED 066570 phase=HOLDING
2026-07-06 11:10:55 INFO  SELL_EXECUTED [KRX] 012450 mode=BREAKOUT phase=EXITING exitType=VWAP_BREAK price=1515000.0000 qty=6 reason=VWAP_BREAK pnl=-1.30% peakPnl=0.39% holdMs=5760000 high=1541000.0000 avgPrice=1535000.0000 weightedPnl=-1.20% (pending fill)
2026-07-06 11:10:55 INFO  SELL_FILLED_PNL 012450 reason=VWAP_BREAK filledQty=6/6 fillRatio=1.00 weightedPnl=-1.20% dailyPnl=-1.20%
2026-07-06 11:10:55 INFO  SELL_FILLED 012450 reason=VWAP_BREAK remainingQty=0 phase=NONE exitType=VWAP_BREAK
2026-07-06 11:10:55 INFO  SELL_EXECUTED [KRX] 066570 mode=BREAKOUT phase=EXITING exitType=PROFIT price=127000.0000 qty=80 reason=TAKE_PROFIT_BREAKOUT pnl=2.09% peakPnl=2.09% holdMs=8820000 high=126800.0000 avgPrice=124200.0000 weightedPnl=2.08% (pending fill)
2026-07-06 11:10:55 INFO  SELL_FILLED_PNL 066570 reason=TAKE_PROFIT_BREAKOUT filledQty=80/80 fillRatio=1.00 weightedPnl=2.08% dailyPnl=2.08%
2026-07-06 11:10:55 INFO  SELL_FILLED 066570 reason=TAKE_PROFIT_BREAKOUT remainingQty=0 phase=NONE exitType=PROFIT
2026-07-06 11:10:55 INFO  BUY amount set for 222800: 10000000.00
2026-07-06 11:10:55 INFO  BUY amount set for 028050: 10000000.00
2026-07-06 11:11:00 INFO  BUY [KRX] 105560 mode=BREAKOUT price=159000.0000 qty=62 size=1.0000x score=85[A](CONV) | WHY: strongBreakout volBreakout retestOK multiUp vol(3.02x) | VWAP: 0.91%(ABOVE slope=UP) allowedGap=1.50% | TREND: score=3 vel=0.25%/0.19%/0.51% accel=true | VOL: 16067.0000/5322.3500 TO: 2554653000.0000/842528255.0000 | HIGH: 159100.0000 fromHigh=-0.06% | entryNo=1
2026-07-06 11:11:00 INFO  BUY_FILLED 105560 phase=HOLDING
2026-07-06 11:11:00 INFO  SELL [EOD_FORCE_SELL] 105560 pnl=0.63% time=15:30
2026-07-06 11:11:00 INFO  SELL_EXECUTED [KRX] 105560 mode=BREAKOUT phase=EXITING exitType=TIMESTOP price=160000.0000 qty=62 reason=EOD_FORCE_SELL pnl=0.63% peakPnl=1.26% holdMs=21120000 high=161000.0000 avgPrice=159000.0000 weightedPnl=0.62% (pending fill)
2026-07-06 11:11:00 INFO  SELL_FILLED_PNL 105560 reason=EOD_FORCE_SELL filledQty=62/62 fillRatio=1.00 weightedPnl=0.62% dailyPnl=0.62%
2026-07-06 11:11:00 INFO  SELL_FILLED 105560 reason=EOD_FORCE_SELL remainingQty=0 phase=NONE exitType=TIMESTOP
2026-07-06 11:11:00 INFO  BUY [KRX] 055550 mode=BREAKOUT price=96500.0000 qty=103 size=1.0000x score=85[A](CONV) | WHY: strongBreakout volBreakout retestOK multiUp vol(2.75x) | VWAP: 0.78%(ABOVE slope=UP) allowedGap=1.50% | TREND: score=3 vel=0.94%/0.84%/1.05% accel=true | VOL: 8045.0000/2930.2500 TO: 776342500.0000/281129510.0000 | HIGH: 96500.0000 fromHigh=0.00% | entryNo=1
2026-07-06 11:11:00 INFO  BUY_FILLED 055550 phase=HOLDING
2026-07-06 11:11:00 INFO  SELL_EXECUTED [KRX] 055550 mode=BREAKOUT phase=EXITING exitType=VWAP_BREAK price=95200.0000 qty=103 reason=VWAP_BREAK pnl=-1.35% peakPnl=-0.10% holdMs=2400000 high=96400.0000 avgPrice=96500.0000 weightedPnl=-1.34% (pending fill)
2026-07-06 11:11:00 INFO  SELL_FILLED_PNL 055550 reason=VWAP_BREAK filledQty=103/103 fillRatio=1.00 weightedPnl=-1.34% dailyPnl=-1.34%
2026-07-06 11:11:00 INFO  SELL_FILLED 055550 reason=VWAP_BREAK remainingQty=0 phase=NONE exitType=VWAP_BREAK
2026-07-06 11:11:02 INFO  BUY amount set for 035420: 10000000.00
2026-07-06 11:11:02 INFO  BUY [KRX] 079550 mode=BREAKOUT price=704000.0000 qty=11 size=0.8000x score=85[A](CONV) | WHY: strongBreakout volBreakout retestOK multiUp vol(2.06x) | VWAP: 0.75%(ABOVE slope=UP) allowedGap=1.50% | TREND: score=3 vel=1.59%/1.44%/1.73% accel=true | VOL: 1731.0000/838.6500 TO: 1218624000.0000/578703850.0000 | HIGH: 705000.0000 fromHigh=-0.14% | entryNo=1
2026-07-06 11:11:02 INFO  BUY_FILLED 079550 phase=HOLDING
2026-07-06 11:11:02 INFO  SELL [BREAKEVEN_GUARD] 079550 pnl=0.28% peakPnl=1.70% holdMs=720000
2026-07-06 11:11:02 INFO  SELL_EXECUTED [KRX] 079550 mode=BREAKOUT phase=EXITING exitType=TRAIL price=706000.0000 qty=11 reason=BREAKEVEN_GUARD pnl=0.28% peakPnl=1.70% holdMs=720000 high=716000.0000 avgPrice=704000.0000 weightedPnl=0.22% (pending fill)
2026-07-06 11:11:02 INFO  SELL_FILLED_PNL 079550 reason=BREAKEVEN_GUARD filledQty=11/11 fillRatio=1.00 weightedPnl=0.22% dailyPnl=0.22%
2026-07-06 11:11:02 INFO  SELL_FILLED 079550 reason=BREAKEVEN_GUARD remainingQty=0 phase=NONE exitType=TRAIL
2026-07-06 11:11:04 INFO  BUY amount set for 016360: 10000000.00
2026-07-06 11:11:04 INFO  BUY amount set for 006360: 10000000.00
2026-07-06 11:11:04 INFO  BUY amount set for 042700: 10000000.00
2026-07-06 11:11:04 INFO  BUY amount set for 329180: 10000000.00
2026-07-06 11:11:04 INFO  BUY amount set for 347850: 10000000.00
2026-07-06 11:11:04 INFO  BUY amount set for 477850: 10000000.00
2026-07-06 11:11:04 INFO  BUY amount set for 037070: 10000000.00
2026-07-06 11:11:05 INFO  BUY amount set for 001820: 10000000.00
2026-07-06 11:11:05 INFO  BUY amount set for 298040: 10000000.00
2026-07-06 11:11:06 INFO  BUY amount set for 071050: 10000000.00
2026-07-06 11:11:06 INFO  BUY amount set for 267260: 10000000.00
2026-07-06 11:11:06 INFO  BUY amount set for 034730: 10000000.00
2026-07-06 11:11:07 INFO  BUY [KRX] 347850 mode=OPENING_RANGE_BREAKOUT price=82400.0000 qty=121 size=1.0000x score=70[D] | WHY: vwap=1.44% trend=3 vol(2.49x) | VWAP: 1.44%(ABOVE slope=UP) allowedGap=1.00% | TREND: score=3 vel=0.73%/0.49%/0.86% accel=true | VOL: 11207.0000/4492.3000 TO: 923456800.0000/368645445.0000 | HIGH: 82800.0000 fromHigh=-0.48% | entryNo=1
2026-07-06 11:11:07 INFO  BUY_FILLED 347850 phase=HOLDING
2026-07-06 11:11:07 INFO  SELL_EXECUTED [KRX] 347850 mode=OPENING_RANGE_BREAKOUT phase=EXITING exitType=PROFIT price=84100.0000 qty=121 reason=TAKE_PROFIT_OPENING_RANGE_BREAKOUT pnl=2.06% peakPnl=2.06% holdMs=840000 high=84100.0000 avgPrice=82400.0000 weightedPnl=2.06% (pending fill)
2026-07-06 11:11:07 INFO  SELL_FILLED_PNL 347850 reason=TAKE_PROFIT_OPENING_RANGE_BREAKOUT filledQty=121/121 fillRatio=1.00 weightedPnl=2.06% dailyPnl=2.06%
2026-07-06 11:11:07 INFO  SELL_FILLED 347850 reason=TAKE_PROFIT_OPENING_RANGE_BREAKOUT remainingQty=0 phase=NONE exitType=PROFIT
2026-07-06 11:11:07 INFO  BUY [KRX] 071050 mode=BREAKOUT price=262500.0000 qty=38 size=1.0000x score=85[A](CONV) | WHY: strongBreakout volBreakout retestOK multiUp vol(2.36x) | VWAP: 1.11%(ABOVE slope=UP) allowedGap=1.50% | TREND: score=3 vel=0.86%/0.77%/1.35% accel=true | VOL: 2737.0000/1160.5294 TO: 718462500.0000/301295455.8824 | HIGH: 263000.0000 fromHigh=-0.19% | entryNo=1
2026-07-06 11:11:07 INFO  BUY_FILLED 071050 phase=HOLDING
2026-07-06 11:11:07 INFO  SELL_EXECUTED [KRX] 071050 mode=BREAKOUT phase=EXITING exitType=VWAP_BREAK price=260500.0000 qty=38 reason=VWAP_BREAK pnl=-0.76% peakPnl=0.95% holdMs=2820000 high=265000.0000 avgPrice=262500.0000 weightedPnl=-0.76% (pending fill)
2026-07-06 11:11:07 INFO  SELL_FILLED_PNL 071050 reason=VWAP_BREAK filledQty=38/38 fillRatio=1.00 weightedPnl=-0.76% dailyPnl=-0.76%
2026-07-06 11:11:07 INFO  SELL_FILLED 071050 reason=VWAP_BREAK remainingQty=0 phase=NONE exitType=VWAP_BREAK
2026-07-06 11:11:07 INFO  BUY amount set for 011230: 10000000.00
2026-07-06 11:11:07 INFO  BUY [KRX] 042700 mode=BREAKOUT price=381000.0000 qty=26 size=1.0000x score=85[A](CONV) | WHY: strongBreakout volBreakout retestOK multiUp vol(6.88x) | VWAP: 1.11%(ABOVE slope=UP) allowedGap=1.50% | TREND: score=3 vel=0.46%/0.40%/0.79% accel=true | VOL: 16790.0000/2438.6500 TO: 6396990000.0000/925189350.0000 | HIGH: 381500.0000 fromHigh=-0.13% | entryNo=1
2026-07-06 11:11:07 INFO  BUY_FILLED 042700 phase=HOLDING
2026-07-06 11:11:08 INFO  SELL_EXECUTED [KRX] 042700 mode=BREAKOUT phase=EXITING exitType=VWAP_BREAK price=374500.0000 qty=26 reason=VWAP_BREAK pnl=-1.71% peakPnl=0.26% holdMs=4800000 high=382000.0000 avgPrice=381000.0000 weightedPnl=-1.69% (pending fill)
2026-07-06 11:11:08 INFO  SELL_FILLED_PNL 042700 reason=VWAP_BREAK filledQty=26/26 fillRatio=1.00 weightedPnl=-1.69% dailyPnl=-1.69%
2026-07-06 11:11:08 INFO  SELL_FILLED 042700 reason=VWAP_BREAK remainingQty=0 phase=NONE exitType=VWAP_BREAK
2026-07-06 11:11:08 INFO  BUY amount set for 013120: 10000000.00
2026-07-06 11:11:08 INFO  BUY [KRX] 034730 mode=BREAKOUT price=373000.0000 qty=21 size=0.8000x score=85[A](CONV) | WHY: strongBreakout volBreakout retestOK multiUp vol(2.20x) | VWAP: 0.59%(ABOVE slope=UP) allowedGap=1.50% | TREND: score=3 vel=0.40%/0.27%/0.13% accel=true | VOL: 2035.0000/924.7000 TO: 759055000.0000/342901837.5000 | HIGH: 373500.0000 fromHigh=-0.13% | entryNo=1
2026-07-06 11:11:08 INFO  BUY_FILLED 034730 phase=HOLDING
2026-07-06 11:11:08 INFO  SELL_EXECUTED [KRX] 034730 mode=BREAKOUT phase=EXITING exitType=VWAP_BREAK price=371000.0000 qty=21 reason=VWAP_BREAK pnl=-0.54% peakPnl=0.94% holdMs=2580000 high=376500.0000 avgPrice=373000.0000 weightedPnl=-0.42% (pending fill)
2026-07-06 11:11:08 INFO  SELL_FILLED_PNL 034730 reason=VWAP_BREAK filledQty=21/21 fillRatio=1.00 weightedPnl=-0.42% dailyPnl=-0.42%
2026-07-06 11:11:08 INFO  SELL_FILLED 034730 reason=VWAP_BREAK remainingQty=0 phase=NONE exitType=VWAP_BREAK
2026-07-06 11:11:08 INFO  BUY [KRX] 267260 mode=BREAKOUT price=1064000.0000 qty=9 size=1.0000x score=85[A](CONV) | WHY: strongBreakout volBreakout retestOK multiUp vol(4.28x) | VWAP: 0.48%(ABOVE slope=UP) allowedGap=1.50% | TREND: score=3 vel=0.28%/0.19%/0.28% accel=true | VOL: 1411.0000/329.5500 TO: 1501304000.0000/349827100.0000 | HIGH: 1066000.0000 fromHigh=-0.19% | entryNo=1
2026-07-06 11:11:08 INFO  BUY_FILLED 267260 phase=HOLDING
2026-07-06 11:11:08 INFO  SELL_EXECUTED [KRX] 267260 mode=BREAKOUT phase=EXITING exitType=PROFIT price=1086000.0000 qty=9 reason=TAKE_PROFIT_BREAKOUT pnl=2.07% peakPnl=2.07% holdMs=14580000 high=1086000.0000 avgPrice=1064000.0000 weightedPnl=1.98% (pending fill)
2026-07-06 11:11:08 INFO  SELL_FILLED_PNL 267260 reason=TAKE_PROFIT_BREAKOUT filledQty=9/9 fillRatio=1.00 weightedPnl=1.98% dailyPnl=1.98%
2026-07-06 11:11:08 INFO  SELL_FILLED 267260 reason=TAKE_PROFIT_BREAKOUT remainingQty=0 phase=NONE exitType=PROFIT
2026-07-06 11:11:08 INFO  BUY [KRX] 034730 mode=BREAKOUT price=373500.0000 qty=26 size=1.0000x score=85[A](CONV) | WHY: strongBreakout volBreakout retestOK multiUp vol(2.76x) | VWAP: 1.20%(ABOVE slope=UP) allowedGap=1.50% | TREND: score=3 vel=0.40%/0.27%/0.81% accel=true | VOL: 948.0000/343.5500 TO: 354078000.0000/127643250.0000 | HIGH: 374000.0000 fromHigh=-0.13% | entryNo=1
2026-07-06 11:11:08 INFO  BUY_FILLED 034730 phase=HOLDING
2026-07-06 11:11:08 INFO  SELL_EXECUTED [KRX] 034730 mode=BREAKOUT phase=EXITING exitType=PROFIT price=383000.0000 qty=26 reason=TAKE_PROFIT_BREAKOUT pnl=2.54% peakPnl=2.54% holdMs=10260000 high=383000.0000 avgPrice=373500.0000 weightedPnl=2.47% (pending fill)
2026-07-06 11:11:08 INFO  SELL_FILLED_PNL 034730 reason=TAKE_PROFIT_BREAKOUT filledQty=26/26 fillRatio=1.00 weightedPnl=2.47% dailyPnl=2.47%
2026-07-06 11:11:08 INFO  SELL_FILLED 034730 reason=TAKE_PROFIT_BREAKOUT remainingQty=0 phase=NONE exitType=PROFIT
2026-07-06 11:11:10 INFO  BUY amount set for 047040: 10000000.00
2026-07-06 11:11:10 INFO  BUY [KRX] 034730 mode=BREAKOUT price=519000.0000 qty=19 size=1.0000x score=85[A](CONV) | WHY: strongBreakout volBreakout retestOK multiUp vol(3.00x) | VWAP: 1.18%(ABOVE slope=UP) allowedGap=1.50% | TREND: score=3 vel=0.58%/0.39%/0.78% accel=true | VOL: 2828.0000/943.6500 TO: 1467732000.0000/484447250.0000 | HIGH: 519000.0000 fromHigh=0.00% | entryNo=1
2026-07-06 11:11:10 INFO  BUY_FILLED 034730 phase=HOLDING
2026-07-06 11:11:10 INFO  SELL_EXECUTED [KRX] 034730 mode=BREAKOUT phase=EXITING exitType=PROFIT price=532000.0000 qty=19 reason=TAKE_PROFIT_BREAKOUT pnl=2.50% peakPnl=2.50% holdMs=4680000 high=532000.0000 avgPrice=519000.0000 weightedPnl=2.47% (pending fill)
2026-07-06 11:11:10 INFO  SELL_FILLED_PNL 034730 reason=TAKE_PROFIT_BREAKOUT filledQty=19/19 fillRatio=1.00 weightedPnl=2.47% dailyPnl=2.47%
2026-07-06 11:11:10 INFO  SELL_FILLED 034730 reason=TAKE_PROFIT_BREAKOUT remainingQty=0 phase=NONE exitType=PROFIT
2026-07-06 11:11:12 INFO  BUY [KRX] 329180 mode=BREAKOUT price=622000.0000 qty=16 size=1.0000x score=85[A](CONV) | WHY: strongBreakout volBreakout retestOK multiUp vol(2.39x) | VWAP: 0.78%(ABOVE slope=UP) allowedGap=1.50% | TREND: score=3 vel=0.81%/0.32%/0.97% accel=true | VOL: 2016.0000/842.7000 TO: 1253952000.0000/520505600.0000 | HIGH: 622000.0000 fromHigh=0.00% | entryNo=1
2026-07-06 11:11:12 INFO  BUY_FILLED 329180 phase=HOLDING
2026-07-06 11:11:12 INFO  SELL_EXECUTED [KRX] 329180 mode=BREAKOUT phase=EXITING exitType=PROFIT price=636000.0000 qty=16 reason=TAKE_PROFIT_BREAKOUT pnl=2.25% peakPnl=2.25% holdMs=1980000 high=636000.0000 avgPrice=622000.0000 weightedPnl=2.24% (pending fill)
2026-07-06 11:11:12 INFO  SELL_FILLED_PNL 329180 reason=TAKE_PROFIT_BREAKOUT filledQty=16/16 fillRatio=1.00 weightedPnl=2.24% dailyPnl=2.24%
2026-07-06 11:11:12 INFO  SELL_FILLED 329180 reason=TAKE_PROFIT_BREAKOUT remainingQty=0 phase=NONE exitType=PROFIT
2026-07-06 11:11:12 INFO  BUY amount set for 064350: 10000000.00
2026-07-06 11:11:13 INFO  BUY amount set for 010140: 10000000.00
2026-07-06 11:11:13 INFO  BUY amount set for 003490: 10000000.00
2026-07-06 11:11:14 INFO  BUY [KRX] 042700 mode=BREAKOUT price=267000.0000 qty=37 size=1.0000x score=85[A](CONV) | WHY: strongBreakout volBreakout retestOK multiUp vol(2.32x) | VWAP: 0.99%(ABOVE slope=UP) allowedGap=1.50% | TREND: score=3 vel=0.75%/0.56%/1.14% accel=true | VOL: 4930.0000/2121.4000 TO: 1316310000.0000/559636475.0000 | HIGH: 267500.0000 fromHigh=-0.19% | entryNo=1
2026-07-06 11:11:14 INFO  BUY_FILLED 042700 phase=HOLDING
2026-07-06 11:11:14 INFO  SELL_EXECUTED [KRX] 042700 mode=BREAKOUT phase=EXITING exitType=VWAP_BREAK price=263500.0000 qty=37 reason=VWAP_BREAK pnl=-1.31% peakPnl=1.12% holdMs=2580000 high=270000.0000 avgPrice=267000.0000 weightedPnl=-1.30% (pending fill)
2026-07-06 11:11:14 INFO  SELL_FILLED_PNL 042700 reason=VWAP_BREAK filledQty=37/37 fillRatio=1.00 weightedPnl=-1.30% dailyPnl=-1.30%
2026-07-06 11:11:14 INFO  SELL_FILLED 042700 reason=VWAP_BREAK remainingQty=0 phase=NONE exitType=VWAP_BREAK
2026-07-06 11:11:14 INFO  BUY [KRX] 003490 mode=BREAKOUT price=25200.0000 qty=396 size=1.0000x score=85[A](CONV) | WHY: strongBreakout volBreakout retestOK multiUp vol(6.58x) | VWAP: 0.47%(ABOVE slope=UP) allowedGap=1.50% | TREND: score=3 vel=0.40%/0.20%/0.40% accel=true | VOL: 17489.0000/2657.6500 TO: 440722800.0000/66796652.5000 | HIGH: 25200.0000 fromHigh=0.00% | entryNo=1
2026-07-06 11:11:14 INFO  BUY_FILLED 003490 phase=HOLDING
2026-07-06 11:11:14 INFO  SELL [EOD_FORCE_SELL] 003490 pnl=-0.60% time=15:30
2026-07-06 11:11:14 INFO  SELL_EXECUTED [KRX] 003490 mode=BREAKOUT phase=EXITING exitType=TIMESTOP price=25050.0000 qty=396 reason=EOD_FORCE_SELL pnl=-0.60% peakPnl=0.00% holdMs=19500000 high=25200.0000 avgPrice=25200.0000 weightedPnl=-0.59% (pending fill)
2026-07-06 11:11:14 INFO  SELL_FILLED_PNL 003490 reason=EOD_FORCE_SELL filledQty=396/396 fillRatio=1.00 weightedPnl=-0.59% dailyPnl=-0.59%
2026-07-06 11:11:14 INFO  SELL_FILLED 003490 reason=EOD_FORCE_SELL remainingQty=0 phase=NONE exitType=TIMESTOP
2026-07-06 11:11:15 INFO  BUY [KRX] 003490 mode=BREAKOUT price=24950.0000 qty=400 size=1.0000x score=85[A](CONV) | WHY: strongBreakout volBreakout retestOK multiUp vol(2.36x) | VWAP: 0.85%(ABOVE slope=UP) allowedGap=1.50% | TREND: score=3 vel=0.40%/0.20%/0.20% accel=true | VOL: 7018.0000/2974.9500 TO: 175099100.0000/73973816.2500 | HIGH: 24950.0000 fromHigh=0.00% | entryNo=1
2026-07-06 11:11:15 INFO  BUY_FILLED 003490 phase=HOLDING
2026-07-06 11:11:15 INFO  SELL [EOD_FORCE_SELL] 003490 pnl=-0.40% time=15:30
2026-07-06 11:11:15 INFO  SELL_EXECUTED [KRX] 003490 mode=BREAKOUT phase=EXITING exitType=TIMESTOP price=24850.0000 qty=400 reason=EOD_FORCE_SELL pnl=-0.40% peakPnl=0.20% holdMs=18120000 high=25000.0000 avgPrice=24950.0000 weightedPnl=-0.40% (pending fill)
2026-07-06 11:11:15 INFO  SELL_FILLED_PNL 003490 reason=EOD_FORCE_SELL filledQty=400/400 fillRatio=1.00 weightedPnl=-0.40% dailyPnl=-0.40%
2026-07-06 11:11:15 INFO  SELL_FILLED 003490 reason=EOD_FORCE_SELL remainingQty=0 phase=NONE exitType=TIMESTOP
2026-07-06 11:11:16 INFO  BUY [KRX] 003490 mode=BREAKOUT price=27100.0000 qty=369 size=1.0000x score=85[A](CONV) | WHY: strongBreakout volBreakout retestOK multiUp vol(2.47x) | VWAP: 0.96%(ABOVE slope=UP) allowedGap=1.50% | TREND: score=3 vel=0.56%/0.37%/0.18% accel=true | VOL: 48721.0000/19722.6000 TO: 1320339100.0000/532611617.5000 | HIGH: 27100.0000 fromHigh=0.00% | entryNo=1
2026-07-06 11:11:16 INFO  BUY_FILLED 003490 phase=HOLDING
2026-07-06 11:11:16 INFO  SELL_EXECUTED [KRX] 003490 mode=BREAKOUT phase=EXITING exitType=VWAP_BREAK price=26750.0000 qty=369 reason=VWAP_BREAK pnl=-1.29% peakPnl=0.55% holdMs=3780000 high=27250.0000 avgPrice=27100.0000 weightedPnl=-1.29% (pending fill)
2026-07-06 11:11:16 INFO  SELL_FILLED_PNL 003490 reason=VWAP_BREAK filledQty=369/369 fillRatio=1.00 weightedPnl=-1.29% dailyPnl=-1.29%
2026-07-06 11:11:16 INFO  SELL_FILLED 003490 reason=VWAP_BREAK remainingQty=0 phase=NONE exitType=VWAP_BREAK
2026-07-06 11:11:16 INFO  BUY [KRX] 003490 mode=BREAKOUT price=27300.0000 qty=293 size=0.8000x score=85[A](CONV) | WHY: strongBreakout volBreakout retestOK multiUp vol(2.22x) | VWAP: 0.98%(ABOVE slope=UP) allowedGap=1.50% | TREND: score=3 vel=0.74%/0.55%/0.92% accel=true | VOL: 16805.0000/7584.6000 TO: 458776500.0000/205350090.0000 | HIGH: 27350.0000 fromHigh=-0.18% | entryNo=1
2026-07-06 11:11:16 INFO  BUY_FILLED 003490 phase=HOLDING
2026-07-06 11:11:16 INFO  SELL_EXECUTED [KRX] 003490 mode=BREAKOUT phase=EXITING exitType=VWAP_BREAK price=26900.0000 qty=293 reason=VWAP_BREAK pnl=-1.47% peakPnl=-0.18% holdMs=420000 high=27250.0000 avgPrice=27300.0000 weightedPnl=-1.17% (pending fill)
2026-07-06 11:11:16 INFO  SELL_FILLED_PNL 003490 reason=VWAP_BREAK filledQty=293/293 fillRatio=1.00 weightedPnl=-1.17% dailyPnl=-1.17%
2026-07-06 11:11:16 INFO  SELL_FILLED 003490 reason=VWAP_BREAK remainingQty=0 phase=NONE exitType=VWAP_BREAK
2026-07-06 12:39:42 INFO  BUY amount set for 365660: 10000000.00
2026-07-06 12:39:43 INFO  BUY amount set for 009150: 10000000.00
2026-07-06 12:39:43 INFO  BUY amount set for 042660: 10000000.00
2026-07-06 12:39:43 INFO  BUY amount set for 005930: 10000000.00
2026-07-06 12:39:43 INFO  BUY amount set for 402340: 10000000.00
2026-07-06 12:39:43 INFO  BUY amount set for 028260: 10000000.00
2026-07-06 12:39:43 INFO  BUY amount set for 034020: 10000000.00
2026-07-06 12:39:43 INFO  BUY amount set for 403870: 10000000.00
2026-07-06 12:39:43 INFO  BUY amount set for 005935: 10000000.00
2026-07-06 12:39:43 INFO  BUY amount set for 000270: 10000000.00
2026-07-06 12:39:43 INFO  BUY amount set for 000660: 10000000.00
2026-07-06 12:39:43 INFO  BUY amount set for 036930: 10000000.00
2026-07-06 12:39:43 INFO  BUY amount set for 006340: 10000000.00
2026-07-06 12:39:43 INFO  BUY amount set for 012330: 10000000.00
2026-07-06 12:39:43 INFO  BUY amount set for 005380: 10000000.00
2026-07-06 12:39:44 INFO  BUY amount set for 240810: 10000000.00
2026-07-06 12:39:46 INFO  BUY [KRX] 000660 mode=BREAKOUT price=1319000.0000 qty=7 size=1.0000x score=85[A](CONV) | WHY: strongBreakout volBreakout retestOK multiUp vol(2.59x) | VWAP: 0.64%(ABOVE slope=UP) allowedGap=1.50% | TREND: score=3 vel=0.42%/0.19%/0.27% accel=true | VOL: 24493.0000/9468.4000 TO: 32294020500.0000/12427395275.0000 | HIGH: 1319000.0000 fromHigh=-0.04% | entryNo=1
2026-07-06 12:39:46 INFO  BUY_FILLED 000660 phase=HOLDING
2026-07-06 12:39:46 INFO  SELL_EXECUTED [KRX] 000660 mode=BREAKOUT phase=EXITING exitType=VWAP_BREAK price=1305000.0000 qty=7 reason=VWAP_BREAK pnl=-1.02% peakPnl=0.72% holdMs=4800000 high=1328000.0000 avgPrice=1318500.0000 weightedPnl=-0.95% (pending fill)
2026-07-06 12:39:46 INFO  SELL_FILLED_PNL 000660 reason=VWAP_BREAK filledQty=7/7 fillRatio=1.00 weightedPnl=-0.95% dailyPnl=-0.95%
2026-07-06 12:39:46 INFO  SELL_FILLED 000660 reason=VWAP_BREAK remainingQty=0 phase=NONE exitType=VWAP_BREAK
2026-07-06 12:39:46 INFO  BUY [KRX] 009150 mode=BREAKOUT price=821000.0000 qty=9 size=0.8000x score=85[A](CONV) | WHY: strongBreakout volBreakout retestOK multiUp vol(2.25x) | VWAP: 0.73%(ABOVE slope=UP) allowedGap=1.50% | TREND: score=3 vel=0.61%/0.49%/0.49% accel=true | VOL: 5421.0000/2411.3000 TO: 4450641000.0000/1969790600.0000 | HIGH: 822000.0000 fromHigh=-0.12% | entryNo=1
2026-07-06 12:39:46 INFO  BUY_FILLED 009150 phase=HOLDING
2026-07-06 12:39:46 INFO  SELL [EOD_FORCE_SELL] 009150 pnl=0.73% time=15:30
2026-07-06 12:39:46 INFO  SELL_EXECUTED [KRX] 009150 mode=BREAKOUT phase=EXITING exitType=TIMESTOP price=827000.0000 qty=9 reason=EOD_FORCE_SELL pnl=0.73% peakPnl=1.40% holdMs=21600000 high=832500.0000 avgPrice=821000.0000 weightedPnl=0.54% (pending fill)
2026-07-06 12:39:46 INFO  SELL_FILLED_PNL 009150 reason=EOD_FORCE_SELL filledQty=9/9 fillRatio=1.00 weightedPnl=0.54% dailyPnl=0.54%
2026-07-06 12:39:46 INFO  SELL_FILLED 009150 reason=EOD_FORCE_SELL remainingQty=0 phase=NONE exitType=TIMESTOP
2026-07-06 12:39:48 INFO  BUY [KRX] 240810 mode=BREAKOUT price=112000.0000 qty=71 size=0.8000x score=85[A](CONV) | WHY: strongBreakout volBreakout retestOK multiUp vol(2.24x) | VWAP: 1.04%(ABOVE slope=UP) allowedGap=1.50% | TREND: score=3 vel=2.47%/2.10%/2.10% accel=true | VOL: 3328.0000/1485.9000 TO: 372403200.0000/163400865.0000 | HIGH: 111900.0000 fromHigh=0.00% | entryNo=1
2026-07-06 12:39:48 INFO  BUY_FILLED 240810 phase=HOLDING
2026-07-06 12:39:48 INFO  SELL_EXECUTED [KRX] 240810 mode=BREAKOUT phase=EXITING exitType=VWAP_BREAK price=110000.0000 qty=71 reason=VWAP_BREAK pnl=-1.70% peakPnl=-0.18% holdMs=900000 high=111700.0000 avgPrice=111900.0000 weightedPnl=-1.35% (pending fill)
2026-07-06 12:39:48 INFO  SELL_FILLED_PNL 240810 reason=VWAP_BREAK filledQty=71/71 fillRatio=1.00 weightedPnl=-1.35% dailyPnl=-1.35%
2026-07-06 12:39:48 INFO  SELL_FILLED 240810 reason=VWAP_BREAK remainingQty=0 phase=NONE exitType=VWAP_BREAK
2026-07-06 12:39:53 INFO  BUY amount set for 066570: 10000000.00
2026-07-06 12:39:53 INFO  BUY amount set for 006800: 10000000.00
2026-07-06 12:39:53 INFO  BUY amount set for 011070: 10000000.00
2026-07-06 12:39:53 INFO  BUY amount set for 002990: 10000000.00
2026-07-06 12:39:53 INFO  BUY amount set for 006400: 10000000.00
2026-07-06 12:39:53 INFO  BUY amount set for 010120: 10000000.00
2026-07-06 12:39:53 INFO  BUY amount set for 105560: 10000000.00
2026-07-06 12:39:53 INFO  BUY amount set for 475150: 10000000.00
2026-07-06 12:39:54 INFO  BUY amount set for 012450: 10000000.00
2026-07-06 12:39:54 INFO  BUY amount set for 055550: 10000000.00
2026-07-06 12:39:54 INFO  BUY amount set for 080220: 10000000.00
2026-07-06 12:39:54 INFO  BUY amount set for 079550: 10000000.00
2026-07-06 12:39:54 INFO  BUY amount set for 042700: 10000000.00
2026-07-06 12:39:54 INFO  BUY amount set for 035420: 10000000.00
2026-07-06 12:39:54 INFO  BUY [KRX] 066570 mode=BREAKOUT price=124000.0000 qty=80 size=1.0000x score=85[A](CONV) | WHY: strongBreakout volBreakout retestOK multiUp vol(2.57x) | VWAP: 0.72%(ABOVE slope=UP) allowedGap=1.50% | TREND: score=3 vel=0.40%/0.32%/0.49% accel=true | VOL: 8865.0000/3453.0500 TO: 1101033000.0000/426036530.0000 | HIGH: 124200.0000 fromHigh=0.00% | entryNo=1
2026-07-06 12:39:54 INFO  BUY_FILLED 066570 phase=HOLDING
2026-07-06 12:39:54 INFO  SELL_EXECUTED [KRX] 066570 mode=BREAKOUT phase=EXITING exitType=PROFIT price=127000.0000 qty=80 reason=TAKE_PROFIT_BREAKOUT pnl=2.09% peakPnl=2.09% holdMs=8820000 high=126800.0000 avgPrice=124200.0000 weightedPnl=2.08% (pending fill)
2026-07-06 12:39:54 INFO  SELL_FILLED_PNL 066570 reason=TAKE_PROFIT_BREAKOUT filledQty=80/80 fillRatio=1.00 weightedPnl=2.08% dailyPnl=2.08%
2026-07-06 12:39:54 INFO  BUY amount set for 006360: 10000000.00
2026-07-06 12:39:54 INFO  SELL_FILLED 066570 reason=TAKE_PROFIT_BREAKOUT remainingQty=0 phase=NONE exitType=PROFIT
2026-07-06 12:39:59 INFO  BUY [KRX] 105560 mode=BREAKOUT price=159000.0000 qty=62 size=1.0000x score=85[A](CONV) | WHY: strongBreakout volBreakout retestOK multiUp vol(3.02x) | VWAP: 0.91%(ABOVE slope=UP) allowedGap=1.50% | TREND: score=3 vel=0.25%/0.19%/0.51% accel=true | VOL: 16067.0000/5322.3500 TO: 2554653000.0000/842528255.0000 | HIGH: 159100.0000 fromHigh=-0.06% | entryNo=1
2026-07-06 12:39:59 INFO  BUY_FILLED 105560 phase=HOLDING
2026-07-06 12:39:59 INFO  SELL [EOD_FORCE_SELL] 105560 pnl=0.63% time=15:30
2026-07-06 12:39:59 INFO  SELL_EXECUTED [KRX] 105560 mode=BREAKOUT phase=EXITING exitType=TIMESTOP price=160000.0000 qty=62 reason=EOD_FORCE_SELL pnl=0.63% peakPnl=1.26% holdMs=21120000 high=161000.0000 avgPrice=159000.0000 weightedPnl=0.62% (pending fill)
2026-07-06 12:39:59 INFO  SELL_FILLED_PNL 105560 reason=EOD_FORCE_SELL filledQty=62/62 fillRatio=1.00 weightedPnl=0.62% dailyPnl=0.62%
2026-07-06 12:39:59 INFO  SELL_FILLED 105560 reason=EOD_FORCE_SELL remainingQty=0 phase=NONE exitType=TIMESTOP
2026-07-06 12:40:02 INFO  BUY amount set for 222800: 10000000.00
2026-07-06 12:40:03 INFO  BUY amount set for 347850: 10000000.00
2026-07-06 12:40:03 INFO  BUY amount set for 016360: 10000000.00
2026-07-06 12:40:03 INFO  BUY amount set for 298040: 10000000.00
2026-07-06 12:40:03 INFO  BUY amount set for 028050: 10000000.00
2026-07-06 12:40:04 INFO  BUY amount set for 329180: 10000000.00
2026-07-06 12:40:04 INFO  BUY amount set for 272210: 10000000.00
2026-07-06 12:40:04 INFO  BUY amount set for 034730: 10000000.00
2026-07-06 12:40:04 INFO  BUY amount set for 001820: 10000000.00
2026-07-06 12:40:04 INFO  BUY amount set for 013120: 10000000.00
2026-07-06 12:40:04 INFO  BUY amount set for 477850: 10000000.00
2026-07-06 12:40:04 INFO  BUY amount set for 267260: 10000000.00
2026-07-06 12:40:04 INFO  BUY amount set for 071050: 10000000.00
2026-07-06 12:40:05 INFO  BUY amount set for 037070: 10000000.00
2026-07-06 12:40:05 INFO  BUY amount set for 068270: 10000000.00
2026-07-06 12:40:05 INFO  BUY [KRX] 034730 mode=BREAKOUT price=373000.0000 qty=21 size=0.8000x score=85[A](CONV) | WHY: strongBreakout volBreakout retestOK multiUp vol(2.20x) | VWAP: 0.59%(ABOVE slope=UP) allowedGap=1.50% | TREND: score=3 vel=0.40%/0.27%/0.13% accel=true | VOL: 2035.0000/924.7000 TO: 759055000.0000/342901837.5000 | HIGH: 373500.0000 fromHigh=-0.13% | entryNo=1
2026-07-06 12:40:05 INFO  BUY_FILLED 034730 phase=HOLDING
2026-07-06 12:40:05 INFO  SELL_EXECUTED [KRX] 034730 mode=BREAKOUT phase=EXITING exitType=VWAP_BREAK price=371000.0000 qty=21 reason=VWAP_BREAK pnl=-0.54% peakPnl=0.94% holdMs=2580000 high=376500.0000 avgPrice=373000.0000 weightedPnl=-0.42% (pending fill)
2026-07-06 12:40:05 INFO  SELL_FILLED_PNL 034730 reason=VWAP_BREAK filledQty=21/21 fillRatio=1.00 weightedPnl=-0.42% dailyPnl=-0.42%
2026-07-06 12:40:05 INFO  SELL_FILLED 034730 reason=VWAP_BREAK remainingQty=0 phase=NONE exitType=VWAP_BREAK
2026-07-06 12:40:05 INFO  BUY [KRX] 347850 mode=OPENING_RANGE_BREAKOUT price=82400.0000 qty=121 size=1.0000x score=70[D] | WHY: vwap=1.44% trend=3 vol(2.49x) | VWAP: 1.44%(ABOVE slope=UP) allowedGap=1.00% | TREND: score=3 vel=0.73%/0.49%/0.86% accel=true | VOL: 11207.0000/4492.3000 TO: 923456800.0000/368645445.0000 | HIGH: 82800.0000 fromHigh=-0.48% | entryNo=1
2026-07-06 12:40:05 INFO  BUY_FILLED 347850 phase=HOLDING
2026-07-06 12:40:05 INFO  SELL [TRAIL_OPENING_RANGE_BREAKOUT] 347850 pnl=0.61% peakPnl=1.58% high=83700.0000 current=82900.0000
2026-07-06 12:40:05 INFO  SELL_EXECUTED [KRX] 347850 mode=OPENING_RANGE_BREAKOUT phase=EXITING exitType=TRAIL price=82900.0000 qty=121 reason=TRAIL_OPENING_RANGE_BREAKOUT pnl=0.61% peakPnl=1.58% holdMs=600000 high=83700.0000 avgPrice=82400.0000 weightedPnl=0.61% (pending fill)
2026-07-06 12:40:05 INFO  SELL_FILLED_PNL 347850 reason=TRAIL_OPENING_RANGE_BREAKOUT filledQty=121/121 fillRatio=1.00 weightedPnl=0.61% dailyPnl=0.61%
2026-07-06 12:40:05 INFO  SELL_FILLED 347850 reason=TRAIL_OPENING_RANGE_BREAKOUT remainingQty=0 phase=NONE exitType=TRAIL
2026-07-06 12:40:10 INFO  BUY amount set for 064350: 10000000.00
2026-07-06 12:40:11 INFO  BUY [KRX] 329180 mode=BREAKOUT price=622000.0000 qty=16 size=1.0000x score=85[A](CONV) | WHY: strongBreakout volBreakout retestOK multiUp vol(2.39x) | VWAP: 0.78%(ABOVE slope=UP) allowedGap=1.50% | TREND: score=3 vel=0.81%/0.32%/0.97% accel=true | VOL: 2016.0000/842.7000 TO: 1253952000.0000/520505600.0000 | HIGH: 622000.0000 fromHigh=0.00% | entryNo=1
2026-07-06 12:40:11 INFO  BUY_FILLED 329180 phase=HOLDING
2026-07-06 12:40:11 INFO  SELL_EXECUTED [KRX] 329180 mode=BREAKOUT phase=EXITING exitType=PROFIT price=636000.0000 qty=16 reason=TAKE_PROFIT_BREAKOUT pnl=2.25% peakPnl=2.25% holdMs=1980000 high=636000.0000 avgPrice=622000.0000 weightedPnl=2.24% (pending fill)
2026-07-06 12:40:11 INFO  SELL_FILLED_PNL 329180 reason=TAKE_PROFIT_BREAKOUT filledQty=16/16 fillRatio=1.00 weightedPnl=2.24% dailyPnl=2.24%
2026-07-06 12:40:11 INFO  SELL_FILLED 329180 reason=TAKE_PROFIT_BREAKOUT remainingQty=0 phase=NONE exitType=PROFIT
2026-07-06 12:40:12 INFO  BUY amount set for 373220: 10000000.00
2026-07-06 12:40:12 INFO  BUY [KRX] 068270 mode=BREAKOUT price=162500.0000 qty=49 size=0.8000x score=85[A](CONV) | WHY: strongBreakout volBreakout retestOK multiUp vol(2.17x) | VWAP: 0.76%(ABOVE slope=UP) allowedGap=1.50% | TREND: score=3 vel=0.43%/0.40%/0.56% accel=true | VOL: 2009.0000/925.1500 TO: 326060700.0000/149366950.0000 | HIGH: 162400.0000 fromHigh=-0.06% | entryNo=1
2026-07-06 12:40:12 INFO  BUY_FILLED 068270 phase=HOLDING
2026-07-06 12:40:12 INFO  SELL_EXECUTED [KRX] 068270 mode=BREAKOUT phase=EXITING exitType=PROFIT price=165500.0000 qty=49 reason=TAKE_PROFIT_BREAKOUT pnl=2.03% peakPnl=2.03% holdMs=4980000 high=165600.0000 avgPrice=162300.0000 weightedPnl=1.62% (pending fill)
2026-07-06 12:40:12 INFO  SELL_FILLED_PNL 068270 reason=TAKE_PROFIT_BREAKOUT filledQty=49/49 fillRatio=1.00 weightedPnl=1.62% dailyPnl=1.62%
2026-07-06 12:40:12 INFO  SELL_FILLED 068270 reason=TAKE_PROFIT_BREAKOUT remainingQty=0 phase=NONE exitType=PROFIT
2026-07-06 12:40:12 INFO  BUY [KRX] 373220 mode=BREAKOUT price=414500.0000 qty=19 size=0.8000x score=85[A](CONV) | WHY: strongBreakout volBreakout retestOK multiUp vol(2.26x) | VWAP: 1.13%(ABOVE slope=UP) allowedGap=1.50% | TREND: score=3 vel=0.61%/0.30%/0.73% accel=true | VOL: 6286.0000/2786.4000 TO: 2605547000.0000/1142968000.0000 | HIGH: 414500.0000 fromHigh=0.00% | entryNo=1
2026-07-06 12:40:12 INFO  BUY_FILLED 373220 phase=HOLDING
2026-07-06 12:40:12 INFO  BUY amount set for 196170: 10000000.00
2026-07-06 12:40:12 INFO  SELL [EOD_FORCE_SELL] 373220 pnl=1.57% time=15:30
2026-07-06 12:40:12 INFO  SELL_EXECUTED [KRX] 373220 mode=BREAKOUT phase=EXITING exitType=TIMESTOP price=421000.0000 qty=19 reason=EOD_FORCE_SELL pnl=1.57% peakPnl=1.81% holdMs=22200000 high=422000.0000 avgPrice=414500.0000 weightedPnl=1.23% (pending fill)
2026-07-06 12:40:12 INFO  SELL_FILLED_PNL 373220 reason=EOD_FORCE_SELL filledQty=19/19 fillRatio=1.00 weightedPnl=1.23% dailyPnl=1.23%
2026-07-06 12:40:12 INFO  SELL_FILLED 373220 reason=EOD_FORCE_SELL remainingQty=0 phase=NONE exitType=TIMESTOP
2026-07-06 12:40:13 INFO  BUY amount set for 010140: 10000000.00
2026-07-06 14:32:42 INFO  BUY amount set for 365660: 10000000.00
2026-07-06 14:32:43 INFO  BUY amount set for 477850: 10000000.00
2026-07-06 14:32:43 INFO  BUY amount set for 000270: 10000000.00
2026-07-06 14:32:43 INFO  BUY amount set for 012330: 10000000.00
2026-07-06 14:32:43 INFO  BUY amount set for 005930: 10000000.00
2026-07-06 14:32:43 INFO  BUY amount set for 042660: 10000000.00
2026-07-06 14:32:43 INFO  BUY amount set for 006340: 10000000.00
2026-07-06 14:32:43 INFO  BUY amount set for 000660: 10000000.00
2026-07-06 14:32:43 INFO  BUY amount set for 036930: 10000000.00
2026-07-06 14:32:43 INFO  BUY amount set for 028260: 10000000.00
2026-07-06 14:32:43 INFO  BUY amount set for 005935: 10000000.00
2026-07-06 14:32:43 INFO  BUY amount set for 034020: 10000000.00
2026-07-06 14:32:43 INFO  BUY amount set for 402340: 10000000.00
2026-07-06 14:32:43 INFO  BUY amount set for 005380: 10000000.00
2026-07-06 14:32:43 INFO  BUY amount set for 009150: 10000000.00
2026-07-06 14:32:44 INFO  BUY [KRX] 028260 mode=RSI_BOLLINGER_REBOUND price=305000.0000 qty=32 size=1.0000x score=100[SS] | WHY: rsi=33.0 sig=38.1 bbLow=304789 5mLow=304500 rsiBbScore=100 vol(1.21x) | VWAP: -1.00%(BELOW slope=DN) allowedGap=5.00% | TREND: score=0 vel=-0.33%/-0.16%/-0.16% accel=false | VOL: 629.0000/521.6000 TO: 191845000.0000/159477625.0000 | HIGH: 307000.0000 fromHigh=-0.65% | RSI_BB: score=100 rsi=33.0 sig=38.1 bbLow=304789 5mLow=304500 cross=false | entryNo=1
2026-07-06 14:32:44 INFO  BUY_FILLED 028260 phase=HOLDING
2026-07-06 14:32:44 INFO  BUY amount set for 066570: 10000000.00
2026-07-06 14:32:44 INFO  BUY [KRX] 005380 mode=RSI_BOLLINGER_REBOUND price=489500.0000 qty=20 size=1.0000x score=100[SS] | WHY: rsi=37.9 sig=37.7 bbLow=488890 5mLow=489500 rsiBbScore=100 vol(1.11x) | VWAP: -0.58%(BELOW slope=DN) allowedGap=5.00% | TREND: score=0 vel=-0.10%/0.00%/-0.10% accel=false | VOL: 1780.0000/1602.5000 TO: 871310000.0000/784963225.0000 | HIGH: 490500.0000 fromHigh=-0.20% | RSI_BB: score=100 rsi=37.9 sig=37.7 bbLow=488890 5mLow=489500 cross=false | entryNo=1
2026-07-06 14:32:44 INFO  BUY_FILLED 005380 phase=HOLDING
2026-07-06 14:32:44 INFO  SELL [EOD_FORCE_SELL] 028260 pnl=-0.82% time=15:30
2026-07-06 14:32:44 INFO  SELL_EXECUTED [KRX] 028260 mode=RSI_BOLLINGER_REBOUND phase=EXITING exitType=TIMESTOP price=302500.0000 qty=32 reason=EOD_FORCE_SELL pnl=-0.82% peakPnl=0.49% holdMs=15540000 high=306500.0000 avgPrice=305000.0000 weightedPnl=-0.80% (pending fill)
2026-07-06 14:32:44 INFO  BUY [KRX] 005935 mode=RSI_BOLLINGER_REBOUND price=140000.0000 qty=71 size=1.0000x score=100[SS] | WHY: rsi=39.3 sig=46.6 bbLow=139810 5mLow=139900 rsiBbScore=100 vol(2.02x) | VWAP: -0.10%(BELOW slope=DN) allowedGap=5.00% | TREND: score=0 vel=-0.07%/-0.07%/0.00% accel=false | VOL: 4640.0000/2293.0000 TO: 649600000.0000/321260497.5000 | HIGH: 140200.0000 fromHigh=-0.14% | RSI_BB: score=100 rsi=39.3 sig=46.6 bbLow=139810 5mLow=139900 cross=false | entryNo=1
2026-07-06 14:32:44 INFO  SELL_FILLED_PNL 028260 reason=EOD_FORCE_SELL filledQty=32/32 fillRatio=1.00 weightedPnl=-0.80% dailyPnl=-0.80%
2026-07-06 14:32:44 INFO  BUY_FILLED 005935 phase=HOLDING
2026-07-06 14:32:44 INFO  SELL_FILLED 028260 reason=EOD_FORCE_SELL remainingQty=0 phase=NONE exitType=TIMESTOP
2026-07-06 14:32:44 INFO  BUY [KRX] 005930 mode=RSI_BOLLINGER_REBOUND price=200500.0000 qty=49 size=1.0000x score=100[SS] | WHY: rsi=39.0 sig=36.2 bbLow=200077 5mLow=200000 rsiBbScore=100 vol(1.17x) | VWAP: -0.32%(BELOW slope=DN) allowedGap=5.00% | TREND: score=0 vel=-0.12%/-0.12%/-0.25% accel=false | VOL: 39317.0000/33728.1000 TO: 7873229250.0000/6760883825.0000 | HIGH: 201000.0000 fromHigh=-0.37% | RSI_BB: score=100 rsi=39.0 sig=36.2 bbLow=200077 5mLow=200000 cross=true | entryNo=1
2026-07-06 14:32:44 INFO  BUY [KRX] 036930 mode=RSI_BOLLINGER_REBOUND price=63500.0000 qty=157 size=1.0000x score=100[SS] | WHY: rsi=39.9 sig=42.0 bbLow=63488 5mLow=63500 rsiBbScore=100 vol(1.25x) | VWAP: -1.59%(BELOW slope=DN) allowedGap=5.00% | TREND: score=0 vel=-0.31%/-0.31%/-0.31% accel=false | VOL: 1315.0000/1049.7000 TO: 83502500.0000/66791490.0000 | HIGH: 63800.0000 fromHigh=-0.47% | RSI_BB: score=100 rsi=39.9 sig=42.0 bbLow=63488 5mLow=63500 cross=false | entryNo=1
2026-07-06 14:32:44 INFO  BUY_FILLED 005930 phase=HOLDING
2026-07-06 14:32:44 INFO  BUY_FILLED 036930 phase=HOLDING
2026-07-06 14:32:44 INFO  SELL [EOD_FORCE_SELL] 005380 pnl=0.00% time=15:30
2026-07-06 14:32:44 INFO  SELL [EOD_FORCE_SELL] 005935 pnl=0.29% time=15:30
2026-07-06 14:32:44 INFO  SELL_EXECUTED [KRX] 005380 mode=RSI_BOLLINGER_REBOUND phase=EXITING exitType=TIMESTOP price=489500.0000 qty=20 reason=EOD_FORCE_SELL pnl=0.00% peakPnl=0.31% holdMs=10680000 high=491000.0000 avgPrice=489500.0000 weightedPnl=0.00% (pending fill)
2026-07-06 14:32:44 INFO  SELL_EXECUTED [KRX] 005935 mode=RSI_BOLLINGER_REBOUND phase=EXITING exitType=TIMESTOP price=140400.0000 qty=71 reason=EOD_FORCE_SELL pnl=0.29% peakPnl=0.36% holdMs=11520000 high=140500.0000 avgPrice=140000.0000 weightedPnl=0.28% (pending fill)
2026-07-06 14:32:44 INFO  SELL_FILLED 005380 reason=EOD_FORCE_SELL remainingQty=0 phase=NONE exitType=TIMESTOP
2026-07-06 14:32:44 INFO  SELL_FILLED_PNL 005935 reason=EOD_FORCE_SELL filledQty=71/71 fillRatio=1.00 weightedPnl=0.28% dailyPnl=0.28%
2026-07-06 14:32:44 INFO  SELL_FILLED 005935 reason=EOD_FORCE_SELL remainingQty=0 phase=NONE exitType=TIMESTOP
2026-07-06 14:32:44 INFO  SELL [EOD_FORCE_SELL] 005930 pnl=0.37% time=15:30
2026-07-06 14:32:44 INFO  SELL [EOD_FORCE_SELL] 036930 pnl=-0.16% time=15:30
2026-07-06 14:32:44 INFO  SELL_EXECUTED [KRX] 005930 mode=RSI_BOLLINGER_REBOUND phase=EXITING exitType=TIMESTOP price=201000.0000 qty=49 reason=EOD_FORCE_SELL pnl=0.37% peakPnl=1.12% holdMs=9660000 high=202500.0000 avgPrice=200250.0000 weightedPnl=0.37% (pending fill)
2026-07-06 14:32:44 INFO  SELL_EXECUTED [KRX] 036930 mode=RSI_BOLLINGER_REBOUND phase=EXITING exitType=TIMESTOP price=63400.0000 qty=157 reason=EOD_FORCE_SELL pnl=-0.16% peakPnl=0.94% holdMs=9300000 high=64100.0000 avgPrice=63500.0000 weightedPnl=-0.16% (pending fill)
2026-07-06 14:32:44 INFO  SELL_FILLED_PNL 005930 reason=EOD_FORCE_SELL filledQty=49/49 fillRatio=1.00 weightedPnl=0.37% dailyPnl=0.37%
2026-07-06 14:32:44 INFO  SELL_FILLED 005930 reason=EOD_FORCE_SELL remainingQty=0 phase=NONE exitType=TIMESTOP
2026-07-06 14:32:44 INFO  SELL_FILLED_PNL 036930 reason=EOD_FORCE_SELL filledQty=157/157 fillRatio=1.00 weightedPnl=-0.16% dailyPnl=-0.16%
2026-07-06 14:32:44 INFO  SELL_FILLED 036930 reason=EOD_FORCE_SELL remainingQty=0 phase=NONE exitType=TIMESTOP
2026-07-06 14:32:44 INFO  BUY [KRX] 005380 mode=RSI_BOLLINGER_REBOUND price=477500.0000 qty=20 size=1.0000x score=100[SS] | WHY: rsi=43.9 sig=37.9 bbLow=476873 5mLow=477500 rsiBbScore=100 vol(1.10x) | VWAP: -0.54%(BELOW slope=DN) allowedGap=5.00% | TREND: score=0 vel=-0.10%/-0.10%/-0.10% accel=false | VOL: 1104.0000/1000.2000 TO: 527160000.0000/478063025.0000 | HIGH: 479000.0000 fromHigh=-0.31% | RSI_BB: score=100 rsi=43.9 sig=37.9 bbLow=476873 5mLow=477500 cross=false | entryNo=1
2026-07-06 14:32:44 INFO  BUY_FILLED 005380 phase=HOLDING
2026-07-06 14:32:44 INFO  SELL [EOD_FORCE_SELL] 005380 pnl=0.21% time=15:30
2026-07-06 14:32:44 INFO  SELL_EXECUTED [KRX] 005380 mode=RSI_BOLLINGER_REBOUND phase=EXITING exitType=TIMESTOP price=478500.0000 qty=20 reason=EOD_FORCE_SELL pnl=0.21% peakPnl=0.31% holdMs=9600000 high=479000.0000 avgPrice=477500.0000 weightedPnl=0.20% (pending fill)
2026-07-06 14:32:44 INFO  SELL_FILLED_PNL 005380 reason=EOD_FORCE_SELL filledQty=20/20 fillRatio=1.00 weightedPnl=0.20% dailyPnl=0.20%
2026-07-06 14:32:44 INFO  SELL_FILLED 005380 reason=EOD_FORCE_SELL remainingQty=0 phase=NONE exitType=TIMESTOP
2026-07-06 14:32:44 INFO  BUY [KRX] 009150 mode=RSI_BOLLINGER_REBOUND price=580000.0000 qty=17 size=1.0000x score=100[SS] | WHY: rsi=37.8 sig=39.4 bbLow=579050 5mLow=579000 rsiBbScore=100 vol(3.36x) | VWAP: -1.22%(BELOW slope=DN) allowedGap=5.00% | TREND: score=0 vel=-0.09%/0.00%/-0.17% accel=false | VOL: 2963.0000/882.4500 TO: 1718540000.0000/513062825.0000 | HIGH: 584000.0000 fromHigh=-0.68% | RSI_BB: score=100 rsi=37.8 sig=39.4 bbLow=579050 5mLow=579000 cross=false | entryNo=1
2026-07-06 14:32:44 INFO  BUY_FILLED 009150 phase=HOLDING
2026-07-06 14:32:44 INFO  BUY [KRX] 012330 mode=RSI_BOLLINGER_REBOUND price=425500.0000 qty=23 size=1.0000x score=100[SS] | WHY: rsi=35.7 sig=39.7 bbLow=425085 5mLow=425500 rsiBbScore=100 vol(1.30x) | VWAP: -0.66%(BELOW slope=DN) allowedGap=5.00% | TREND: score=0 vel=-0.12%/0.00%/0.00% accel=false | VOL: 309.0000/237.9000 TO: 131479500.0000/101311825.0000 | HIGH: 426500.0000 fromHigh=-0.23% | RSI_BB: score=100 rsi=35.7 sig=39.7 bbLow=425085 5mLow=425500 cross=false | entryNo=1
2026-07-06 14:32:44 INFO  BUY_FILLED 012330 phase=HOLDING
2026-07-06 14:32:45 INFO  SELL [TRAIL_RSI_BOLLINGER_REBOUND] 009150 pnl=1.38% peakPnl=2.24% high=593000.0000 current=588000.0000
2026-07-06 14:32:45 INFO  SELL [EOD_FORCE_SELL] 012330 pnl=0.35% time=15:30
2026-07-06 14:32:45 INFO  SELL_EXECUTED [KRX] 009150 mode=RSI_BOLLINGER_REBOUND phase=EXITING exitType=TRAIL price=588000.0000 qty=17 reason=TRAIL_RSI_BOLLINGER_REBOUND pnl=1.38% peakPnl=2.24% holdMs=11580000 high=593000.0000 avgPrice=580000.0000 weightedPnl=1.36% (pending fill)
2026-07-06 14:32:45 INFO  SELL_EXECUTED [KRX] 012330 mode=RSI_BOLLINGER_REBOUND phase=EXITING exitType=TIMESTOP price=427000.0000 qty=23 reason=EOD_FORCE_SELL pnl=0.35% peakPnl=0.35% holdMs=9660000 high=427000.0000 avgPrice=425500.0000 weightedPnl=0.35% (pending fill)
2026-07-06 14:32:45 INFO  SELL_FILLED_PNL 012330 reason=EOD_FORCE_SELL filledQty=23/23 fillRatio=1.00 weightedPnl=0.35% dailyPnl=0.35%
2026-07-06 14:32:45 INFO  SELL_FILLED 012330 reason=EOD_FORCE_SELL remainingQty=0 phase=NONE exitType=TIMESTOP
2026-07-06 14:32:45 INFO  SELL_FILLED_PNL 009150 reason=TRAIL_RSI_BOLLINGER_REBOUND filledQty=17/17 fillRatio=1.00 weightedPnl=1.36% dailyPnl=1.36%
2026-07-06 14:32:45 INFO  SELL_FILLED 009150 reason=TRAIL_RSI_BOLLINGER_REBOUND remainingQty=0 phase=NONE exitType=TRAIL
2026-07-06 14:32:45 INFO  BUY [KRX] 066570 mode=RSI_BOLLINGER_REBOUND price=115000.0000 qty=86 size=1.0000x score=100[SS] | WHY: rsi=33.3 sig=38.0 bbLow=115091 5mLow=115000 rsiBbScore=100 vol(3.47x) | VWAP: -0.54%(BELOW slope=DN) allowedGap=5.00% | TREND: score=0 vel=-0.09%/-0.09%/-0.17% accel=false | VOL: 3509.0000/1010.3500 TO: 403535000.0000/116419282.5000 | HIGH: 115500.0000 fromHigh=-0.43% | RSI_BB: score=100 rsi=33.3 sig=38.0 bbLow=115091 5mLow=115000 cross=false | entryNo=1
2026-07-06 14:32:45 INFO  BUY_FILLED 066570 phase=HOLDING
2026-07-06 14:32:45 INFO  BUY [KRX] 042660 mode=RSI_BOLLINGER_REBOUND price=128500.0000 qty=77 size=1.0000x score=100[SS] | WHY: rsi=30.7 sig=18.1 bbLow=128607 5mLow=128700 rsiBbScore=100 vol(1.37x) | VWAP: -0.22%(BELOW slope=DN) allowedGap=5.00% | TREND: score=0 vel=-0.08%/0.00%/-0.08% accel=false | VOL: 2325.0000/1692.3000 TO: 299227500.0000/217820625.0000 | HIGH: 128900.0000 fromHigh=-0.16% | RSI_BB: score=100 rsi=30.7 sig=18.1 bbLow=128607 5mLow=128700 cross=false | entryNo=1
2026-07-06 14:32:45 INFO  BUY_FILLED 042660 phase=HOLDING
2026-07-06 14:32:45 INFO  BUY [KRX] 009150 mode=RSI_BOLLINGER_REBOUND price=616000.0000 qty=16 size=1.0000x score=100[SS] | WHY: rsi=38.5 sig=43.3 bbLow=615965 5mLow=615000 rsiBbScore=100 vol(2.17x) | VWAP: -0.88%(BELOW slope=DN) allowedGap=5.00% | TREND: score=0 vel=-0.16%/-0.08%/-0.16% accel=false | VOL: 1908.0000/878.3500 TO: 1175328000.0000/541937900.0000 | HIGH: 619000.0000 fromHigh=-0.48% | RSI_BB: score=100 rsi=38.5 sig=43.3 bbLow=615965 5mLow=615000 cross=false | entryNo=1
2026-07-06 14:32:45 INFO  BUY [KRX] 034020 mode=RSI_BOLLINGER_REBOUND price=108000.0000 qty=92 size=1.0000x score=100[SS] | WHY: rsi=38.5 sig=46.1 bbLow=108155 5mLow=108000 rsiBbScore=100 vol(2.25x) | VWAP: -1.00%(BELOW slope=DN) allowedGap=5.00% | TREND: score=0 vel=-0.09%/-0.09%/-0.18% accel=false | VOL: 15732.0000/6981.4000 TO: 1700629200.0000/755665362.5000 | HIGH: 108600.0000 fromHigh=-0.46% | RSI_BB: score=100 rsi=38.5 sig=46.1 bbLow=108155 5mLow=108000 cross=false | entryNo=1
2026-07-06 14:32:45 INFO  BUY [KRX] 000660 mode=RSI_BOLLINGER_REBOUND price=1137000.0000 qty=8 size=1.0000x score=100[SS] | WHY: rsi=32.1 sig=36.8 bbLow=1137851 5mLow=1136000 rsiBbScore=100 vol(1.39x) | VWAP: -0.74%(BELOW slope=DN) allowedGap=5.00% | TREND: score=0 vel=-0.09%/0.00%/-0.18% accel=false | VOL: 10725.0000/7692.5500 TO: 12194325000.0000/8758362625.0000 | HIGH: 1141000.0000 fromHigh=-0.35% | RSI_BB: score=100 rsi=32.1 sig=36.8 bbLow=1137851 5mLow=1136000 cross=false | entryNo=1
2026-07-06 14:32:45 INFO  BUY_FILLED 009150 phase=HOLDING
2026-07-06 14:32:45 INFO  BUY_FILLED 034020 phase=HOLDING
2026-07-06 14:32:45 INFO  BUY_FILLED 000660 phase=HOLDING
2026-07-06 14:32:45 INFO  SELL [EOD_FORCE_SELL] 066570 pnl=0.26% time=15:30
2026-07-06 14:32:45 INFO  BUY [KRX] 005380 mode=RSI_BOLLINGER_REBOUND price=538000.0000 qty=18 size=1.0000x score=100[SS] | WHY: rsi=39.5 sig=41.0 bbLow=537536 5mLow=537000 rsiBbScore=100 vol(7.15x) | VWAP: -0.06%(BELOW slope=DN) allowedGap=5.00% | TREND: score=0 vel=-0.19%/-0.19%/0.00% accel=false | VOL: 9524.0000/1331.4000 TO: 5123912000.0000/716828775.0000 | HIGH: 539000.0000 fromHigh=-0.19% | RSI_BB: score=100 rsi=39.5 sig=41.0 bbLow=537536 5mLow=537000 cross=false | entryNo=1
2026-07-06 14:32:45 INFO  SELL [EOD_FORCE_SELL] 042660 pnl=0.00% time=15:30
2026-07-06 14:32:45 INFO  SELL_EXECUTED [KRX] 066570 mode=RSI_BOLLINGER_REBOUND phase=EXITING exitType=TIMESTOP price=115300.0000 qty=86 reason=EOD_FORCE_SELL pnl=0.26% peakPnl=0.35% holdMs=12120000 high=115400.0000 avgPrice=115000.0000 weightedPnl=0.26% (pending fill)
2026-07-06 14:32:45 INFO  BUY_FILLED 005380 phase=HOLDING
2026-07-06 14:32:45 INFO  SELL_EXECUTED [KRX] 042660 mode=RSI_BOLLINGER_REBOUND phase=EXITING exitType=TIMESTOP price=128700.0000 qty=77 reason=EOD_FORCE_SELL pnl=0.00% peakPnl=0.31% holdMs=11100000 high=129100.0000 avgPrice=128700.0000 weightedPnl=0.00% (pending fill)
2026-07-06 14:32:45 INFO  SELL_FILLED_PNL 066570 reason=EOD_FORCE_SELL filledQty=86/86 fillRatio=1.00 weightedPnl=0.26% dailyPnl=0.26%
2026-07-06 14:32:45 INFO  SELL_FILLED 042660 reason=EOD_FORCE_SELL remainingQty=0 phase=NONE exitType=TIMESTOP
2026-07-06 14:32:45 INFO  SELL_FILLED 066570 reason=EOD_FORCE_SELL remainingQty=0 phase=NONE exitType=TIMESTOP
2026-07-06 14:32:45 INFO  BUY [KRX] 000270 mode=RSI_BOLLINGER_REBOUND price=159000.0000 qty=62 size=1.0000x score=100[SS] | WHY: rsi=38.3 sig=38.2 bbLow=158858 5mLow=158900 rsiBbScore=100 vol(1.29x) | VWAP: 0.21%(ABOVE slope=DN) allowedGap=5.00% | TREND: score=0 vel=-0.06%/-0.06%/0.00% accel=false | VOL: 1452.0000/1129.7000 TO: 230868000.0000/179727945.0000 | HIGH: 159200.0000 fromHigh=-0.13% | RSI_BB: score=100 rsi=38.3 sig=38.2 bbLow=158858 5mLow=158900 cross=false | entryNo=1
2026-07-06 14:32:45 INFO  BUY_FILLED 000270 phase=HOLDING
2026-07-06 14:32:45 INFO  SELL [EOD_FORCE_SELL] 034020 pnl=0.37% time=15:30
2026-07-06 14:32:45 INFO  SELL [EOD_FORCE_SELL] 009150 pnl=-0.32% time=15:30
2026-07-06 14:32:45 INFO  SELL_EXECUTED [KRX] 009150 mode=RSI_BOLLINGER_REBOUND phase=EXITING exitType=TIMESTOP price=614000.0000 qty=16 reason=EOD_FORCE_SELL pnl=-0.32% peakPnl=0.81% holdMs=11220000 high=621000.0000 avgPrice=616000.0000 weightedPnl=-0.32% (pending fill)
2026-07-06 14:32:45 INFO  SELL_EXECUTED [KRX] 034020 mode=RSI_BOLLINGER_REBOUND phase=EXITING exitType=TIMESTOP price=108500.0000 qty=92 reason=EOD_FORCE_SELL pnl=0.37% peakPnl=0.37% holdMs=10800000 high=108500.0000 avgPrice=108100.0000 weightedPnl=0.37% (pending fill)
2026-07-06 14:32:45 INFO  SELL_FILLED_PNL 009150 reason=EOD_FORCE_SELL filledQty=16/16 fillRatio=1.00 weightedPnl=-0.32% dailyPnl=-0.32%
2026-07-06 14:32:45 INFO  SELL_FILLED_PNL 034020 reason=EOD_FORCE_SELL filledQty=92/92 fillRatio=1.00 weightedPnl=0.37% dailyPnl=0.37%
2026-07-06 14:32:45 INFO  SELL_FILLED 009150 reason=EOD_FORCE_SELL remainingQty=0 phase=NONE exitType=TIMESTOP
2026-07-06 14:32:45 INFO  SELL_FILLED 034020 reason=EOD_FORCE_SELL remainingQty=0 phase=NONE exitType=TIMESTOP
2026-07-06 14:32:45 INFO  BUY [KRX] 005935 mode=RSI_BOLLINGER_REBOUND price=148000.0000 qty=67 size=1.0000x score=100[SS] | WHY: rsi=38.6 sig=46.7 bbLow=147893 5mLow=148000 rsiBbScore=100 vol(1.18x) | VWAP: -0.07%(BELOW slope=DN) allowedGap=5.00% | TREND: score=0 vel=-0.07%/0.00%/-0.13% accel=false | VOL: 2794.0000/2358.1000 TO: 413512000.0000/349389675.0000 | HIGH: 148300.0000 fromHigh=-0.20% | RSI_BB: score=100 rsi=38.6 sig=46.7 bbLow=147893 5mLow=148000 cross=false | entryNo=1
2026-07-06 14:32:45 INFO  SELL [EOD_FORCE_SELL] 000660 pnl=-0.79% time=15:30
2026-07-06 14:32:45 INFO  BUY_FILLED 005935 phase=HOLDING
2026-07-06 14:32:45 INFO  SELL_EXECUTED [KRX] 000660 mode=RSI_BOLLINGER_REBOUND phase=EXITING exitType=TIMESTOP price=1128000.0000 qty=8 reason=EOD_FORCE_SELL pnl=-0.79% peakPnl=0.00% holdMs=13320000 high=1137000.0000 avgPrice=1137000.0000 weightedPnl=-0.72% (pending fill)
2026-07-06 14:32:45 INFO  SELL_FILLED_PNL 000660 reason=EOD_FORCE_SELL filledQty=8/8 fillRatio=1.00 weightedPnl=-0.72% dailyPnl=-0.72%
2026-07-06 14:32:45 INFO  SELL [EOD_FORCE_SELL] 005380 pnl=-0.74% time=15:30
2026-07-06 14:32:45 INFO  SELL_FILLED 000660 reason=EOD_FORCE_SELL remainingQty=0 phase=NONE exitType=TIMESTOP
2026-07-06 14:32:45 INFO  SELL_EXECUTED [KRX] 005380 mode=RSI_BOLLINGER_REBOUND phase=EXITING exitType=TIMESTOP price=534000.0000 qty=18 reason=EOD_FORCE_SELL pnl=-0.74% peakPnl=-0.19% holdMs=11280000 high=537000.0000 avgPrice=538000.0000 weightedPnl=-0.72% (pending fill)
2026-07-06 14:32:45 INFO  SELL_FILLED_PNL 005380 reason=EOD_FORCE_SELL filledQty=18/18 fillRatio=1.00 weightedPnl=-0.72% dailyPnl=-0.72%
2026-07-06 14:32:45 INFO  SELL_FILLED 005380 reason=EOD_FORCE_SELL remainingQty=0 phase=NONE exitType=TIMESTOP
2026-07-06 14:32:45 INFO  BUY [KRX] 402340 mode=RSI_BOLLINGER_REBOUND price=686000.0000 qty=14 size=1.0000x score=100[SS] | WHY: rsi=33.5 sig=38.6 bbLow=684939 5mLow=684000 rsiBbScore=100 vol(2.39x) | VWAP: -0.54%(BELOW slope=DN) allowedGap=5.00% | TREND: score=1 vel=-0.15%/0.15%/0.00% accel=false | VOL: 988.0000/414.0500 TO: 677768000.0000/284082700.0000 | HIGH: 687000.0000 fromHigh=-0.15% | RSI_BB: score=100 rsi=33.5 sig=38.6 bbLow=684939 5mLow=684000 cross=false | entryNo=1
2026-07-06 14:32:45 INFO  BUY_FILLED 402340 phase=HOLDING
2026-07-06 14:32:45 INFO  BUY [KRX] 034020 mode=RSI_BOLLINGER_REBOUND price=112500.0000 qty=88 size=1.0000x score=100[SS] | WHY: rsi=38.9 sig=50.5 bbLow=112815 5mLow=112600 rsiBbScore=100 vol(2.16x) | VWAP: -0.19%(BELOW slope=DN) allowedGap=5.00% | TREND: score=0 vel=-0.09%/-0.09%/-0.09% accel=false | VOL: 14041.0000/6503.4000 TO: 1582420700.0000/734885460.0000 | HIGH: 113400.0000 fromHigh=-0.62% | RSI_BB: score=100 rsi=38.9 sig=50.5 bbLow=112815 5mLow=112600 cross=false | entryNo=1
2026-07-06 14:32:45 INFO  BUY_FILLED 034020 phase=HOLDING
2026-07-06 14:32:45 INFO  SELL [EOD_FORCE_SELL] 000270 pnl=-1.01% time=15:30
2026-07-06 14:32:45 INFO  SELL_EXECUTED [KRX] 000270 mode=RSI_BOLLINGER_REBOUND phase=EXITING exitType=TIMESTOP price=157400.0000 qty=62 reason=EOD_FORCE_SELL pnl=-1.01% peakPnl=0.06% holdMs=11220000 high=159100.0000 avgPrice=159000.0000 weightedPnl=-0.99% (pending fill)
2026-07-06 14:32:45 INFO  SELL_FILLED_PNL 000270 reason=EOD_FORCE_SELL filledQty=62/62 fillRatio=1.00 weightedPnl=-0.99% dailyPnl=-0.99%
2026-07-06 14:32:45 INFO  SELL_FILLED 000270 reason=EOD_FORCE_SELL remainingQty=0 phase=NONE exitType=TIMESTOP
2026-07-06 14:32:45 INFO  BUY [KRX] 005380 mode=RSI_BOLLINGER_REBOUND price=532000.0000 qty=18 size=1.0000x score=100[SS] | WHY: rsi=37.9 sig=42.7 bbLow=531468 5mLow=532000 rsiBbScore=100 vol(2.54x) | VWAP: -1.07%(BELOW slope=DN) allowedGap=5.00% | TREND: score=0 vel=-0.19%/0.00%/0.00% accel=false | VOL: 1523.0000/600.6000 TO: 810236000.0000/319684950.0000 | HIGH: 533000.0000 fromHigh=-0.19% | RSI_BB: score=100 rsi=37.9 sig=42.7 bbLow=531468 5mLow=532000 cross=false | entryNo=1
2026-07-06 14:32:45 INFO  BUY_FILLED 005380 phase=HOLDING
2026-07-06 14:32:45 INFO  SELL [EOD_FORCE_SELL] 005935 pnl=-0.95% time=15:30
2026-07-06 14:32:45 INFO  SELL [EOD_FORCE_SELL] 402340 pnl=-0.58% time=15:30
2026-07-06 14:32:45 INFO  SELL_EXECUTED [KRX] 005935 mode=RSI_BOLLINGER_REBOUND phase=EXITING exitType=TIMESTOP price=146600.0000 qty=67 reason=EOD_FORCE_SELL pnl=-0.95% peakPnl=0.07% holdMs=13140000 high=148100.0000 avgPrice=148000.0000 weightedPnl=-0.94% (pending fill)
2026-07-06 14:32:45 INFO  SELL_EXECUTED [KRX] 402340 mode=RSI_BOLLINGER_REBOUND phase=EXITING exitType=TIMESTOP price=682000.0000 qty=14 reason=EOD_FORCE_SELL pnl=-0.58% peakPnl=0.29% holdMs=11760000 high=688000.0000 avgPrice=686000.0000 weightedPnl=-0.56% (pending fill)
2026-07-06 14:32:45 INFO  SELL_FILLED_PNL 005935 reason=EOD_FORCE_SELL filledQty=67/67 fillRatio=1.00 weightedPnl=-0.94% dailyPnl=-0.94%
2026-07-06 14:32:45 INFO  SELL_FILLED_PNL 402340 reason=EOD_FORCE_SELL filledQty=14/14 fillRatio=1.00 weightedPnl=-0.56% dailyPnl=-0.56%
2026-07-06 14:32:45 INFO  SELL_FILLED 005935 reason=EOD_FORCE_SELL remainingQty=0 phase=NONE exitType=TIMESTOP
2026-07-06 14:32:45 INFO  SELL_FILLED 402340 reason=EOD_FORCE_SELL remainingQty=0 phase=NONE exitType=TIMESTOP
2026-07-06 14:32:45 INFO  SELL [EOD_FORCE_SELL] 034020 pnl=-1.51% time=15:30
2026-07-06 14:32:45 INFO  SELL_EXECUTED [KRX] 034020 mode=RSI_BOLLINGER_REBOUND phase=EXITING exitType=TIMESTOP price=111000.0000 qty=88 reason=EOD_FORCE_SELL pnl=-1.51% peakPnl=0.27% holdMs=13380000 high=113000.0000 avgPrice=112700.0000 weightedPnl=-1.50% (pending fill)
2026-07-06 14:32:45 INFO  SELL_FILLED_PNL 034020 reason=EOD_FORCE_SELL filledQty=88/88 fillRatio=1.00 weightedPnl=-1.50% dailyPnl=-1.50%
2026-07-06 14:32:45 INFO  SELL_FILLED 034020 reason=EOD_FORCE_SELL remainingQty=0 phase=NONE exitType=TIMESTOP
2026-07-06 14:32:45 INFO  BUY [KRX] 066570 mode=RSI_BOLLINGER_REBOUND price=123000.0000 qty=81 size=1.0000x score=100[SS] | WHY: rsi=29.7 sig=33.9 bbLow=123059 5mLow=123100 rsiBbScore=100 vol(1.03x) | VWAP: -1.12%(BELOW slope=DN) allowedGap=5.00% | TREND: score=1 vel=-0.08%/-0.08%/0.08% accel=false | VOL: 1847.0000/1792.6000 TO: 227550400.0000/221337495.0000 | HIGH: 124100.0000 fromHigh=-0.73% | RSI_BB: score=100 rsi=29.7 sig=33.9 bbLow=123059 5mLow=123100 cross=false | entryNo=1
2026-07-06 14:32:45 INFO  SELL [EOD_FORCE_SELL] 005380 pnl=1.13% time=15:30
2026-07-06 14:32:45 INFO  BUY_FILLED 066570 phase=HOLDING
2026-07-06 14:32:45 INFO  SELL_EXECUTED [KRX] 005380 mode=RSI_BOLLINGER_REBOUND phase=EXITING exitType=TIMESTOP price=538000.0000 qty=18 reason=EOD_FORCE_SELL pnl=1.13% peakPnl=1.32% holdMs=10740000 high=539000.0000 avgPrice=532000.0000 weightedPnl=1.08% (pending fill)
2026-07-06 14:32:45 INFO  SELL_FILLED_PNL 005380 reason=EOD_FORCE_SELL filledQty=18/18 fillRatio=1.00 weightedPnl=1.08% dailyPnl=1.08%
2026-07-06 14:32:45 INFO  SELL_FILLED 005380 reason=EOD_FORCE_SELL remainingQty=0 phase=NONE exitType=TIMESTOP
2026-07-06 14:32:45 INFO  BUY [KRX] 006340 mode=RSI_BOLLINGER_REBOUND price=6290.0000 qty=1589 size=1.0000x score=100[SS] | WHY: rsi=28.4 sig=34.8 bbLow=6284 5mLow=6290 rsiBbScore=100 vol(1.83x) | VWAP: -2.25%(BELOW slope=DN) allowedGap=5.00% | TREND: score=0 vel=-0.16%/-0.16%/0.00% accel=false | VOL: 18641.0000/10170.3500 TO: 117251890.0000/64119414.5000 | HIGH: 6320.0000 fromHigh=-0.47% | RSI_BB: score=100 rsi=28.4 sig=34.8 bbLow=6284 5mLow=6290 cross=false | entryNo=1
2026-07-06 14:32:45 INFO  BUY_FILLED 006340 phase=HOLDING
2026-07-06 14:32:45 INFO  SELL [TRAIL_RSI_BOLLINGER_REBOUND] 006340 pnl=1.75% peakPnl=3.02% high=6480.0000 current=6400.0000
2026-07-06 14:32:45 INFO  SELL_EXECUTED [KRX] 006340 mode=RSI_BOLLINGER_REBOUND phase=EXITING exitType=TRAIL price=6400.0000 qty=1589 reason=TRAIL_RSI_BOLLINGER_REBOUND pnl=1.75% peakPnl=3.02% holdMs=5760000 high=6480.0000 avgPrice=6290.0000 weightedPnl=1.75% (pending fill)
2026-07-06 14:32:45 INFO  SELL_FILLED_PNL 006340 reason=TRAIL_RSI_BOLLINGER_REBOUND filledQty=1589/1589 fillRatio=1.00 weightedPnl=1.75% dailyPnl=1.75%
2026-07-06 14:32:45 INFO  SELL_FILLED 006340 reason=TRAIL_RSI_BOLLINGER_REBOUND remainingQty=0 phase=NONE exitType=TRAIL
2026-07-06 14:32:45 INFO  SELL [EOD_FORCE_SELL] 066570 pnl=-0.81% time=15:30
2026-07-06 14:32:45 INFO  SELL_EXECUTED [KRX] 066570 mode=RSI_BOLLINGER_REBOUND phase=EXITING exitType=TIMESTOP price=122200.0000 qty=81 reason=EOD_FORCE_SELL pnl=-0.81% peakPnl=0.16% holdMs=14520000 high=123400.0000 avgPrice=123200.0000 weightedPnl=-0.81% (pending fill)
2026-07-06 14:32:45 INFO  SELL_FILLED_PNL 066570 reason=EOD_FORCE_SELL filledQty=81/81 fillRatio=1.00 weightedPnl=-0.81% dailyPnl=-0.81%
2026-07-06 14:32:45 INFO  SELL_FILLED 066570 reason=EOD_FORCE_SELL remainingQty=0 phase=NONE exitType=TIMESTOP
2026-07-06 14:32:45 INFO  BUY [KRX] 066570 mode=BREAKOUT price=124000.0000 qty=80 size=1.0000x score=85[A](CONV) | WHY: strongBreakout volBreakout retestOK multiUp vol(2.57x) | VWAP: 0.72%(ABOVE slope=UP) allowedGap=1.50% | TREND: score=3 vel=0.40%/0.32%/0.49% accel=true | VOL: 8865.0000/3453.0500 TO: 1101033000.0000/426036530.0000 | HIGH: 124200.0000 fromHigh=0.00% | entryNo=1
2026-07-06 14:32:45 INFO  BUY_FILLED 066570 phase=HOLDING
2026-07-06 14:32:45 INFO  SELL_EXECUTED [KRX] 066570 mode=BREAKOUT phase=EXITING exitType=PROFIT price=127000.0000 qty=80 reason=TAKE_PROFIT_BREAKOUT pnl=2.09% peakPnl=2.09% holdMs=8820000 high=126800.0000 avgPrice=124200.0000 weightedPnl=2.08% (pending fill)
2026-07-06 14:32:45 INFO  BUY [KRX] 005935 mode=RSI_BOLLINGER_REBOUND price=150000.0000 qty=66 size=1.0000x score=100[SS] | WHY: rsi=44.9 sig=36.6 bbLow=149887 5mLow=150000 rsiBbScore=100 vol(1.11x) | VWAP: -0.00%(BELOW slope=DN) allowedGap=5.00% | TREND: score=0 vel=-0.07%/0.00%/-0.07% accel=false | VOL: 2862.0000/2588.4500 TO: 429300000.0000/388431285.0000 | HIGH: 150100.0000 fromHigh=-0.07% | RSI_BB: score=100 rsi=44.9 sig=36.6 bbLow=149887 5mLow=150000 cross=false | entryNo=1
2026-07-06 14:32:45 INFO  BUY_FILLED 005935 phase=HOLDING
2026-07-06 14:32:45 INFO  SELL_FILLED_PNL 066570 reason=TAKE_PROFIT_BREAKOUT filledQty=80/80 fillRatio=1.00 weightedPnl=2.08% dailyPnl=2.08%
2026-07-06 14:32:45 INFO  SELL_FILLED 066570 reason=TAKE_PROFIT_BREAKOUT remainingQty=0 phase=NONE exitType=PROFIT
2026-07-06 14:32:45 INFO  BUY [KRX] 006340 mode=RSI_BOLLINGER_REBOUND price=6320.0000 qty=1582 size=1.0000x score=100[SS] | WHY: rsi=31.6 sig=29.8 bbLow=6316 5mLow=6310 rsiBbScore=100 vol(2.32x) | VWAP: -2.14%(BELOW slope=DN) allowedGap=5.00% | TREND: score=0 vel=-0.16%/-0.16%/-0.16% accel=false | VOL: 14422.0000/6215.4000 TO: 91147040.0000/39430267.2500 | HIGH: 6380.0000 fromHigh=-0.94% | RSI_BB: score=100 rsi=31.6 sig=29.8 bbLow=6316 5mLow=6310 cross=false | entryNo=1
2026-07-06 14:32:45 INFO  BUY_FILLED 006340 phase=HOLDING
2026-07-06 14:32:45 INFO  BUY [KRX] 009150 mode=RSI_BOLLINGER_REBOUND price=680000.0000 qty=14 size=1.0000x score=100[SS] | WHY: rsi=34.9 sig=37.7 bbLow=678852 5mLow=680000 rsiBbScore=100 vol(1.29x) | VWAP: -0.42%(BELOW slope=DN) allowedGap=5.00% | TREND: score=0 vel=-0.07%/0.00%/0.00% accel=false | VOL: 747.0000/578.5500 TO: 507960000.0000/394087850.0000 | HIGH: 683000.0000 fromHigh=-0.44% | RSI_BB: score=100 rsi=34.9 sig=37.7 bbLow=678852 5mLow=680000 cross=false | entryNo=1
2026-07-06 14:32:45 INFO  BUY_FILLED 009150 phase=HOLDING
2026-07-06 14:32:45 INFO  SELL [EOD_FORCE_SELL] 005935 pnl=0.27% time=15:30
2026-07-06 14:32:45 INFO  SELL_EXECUTED [KRX] 005935 mode=RSI_BOLLINGER_REBOUND phase=EXITING exitType=TIMESTOP price=150400.0000 qty=66 reason=EOD_FORCE_SELL pnl=0.27% peakPnl=0.60% holdMs=9900000 high=150900.0000 avgPrice=150000.0000 weightedPnl=0.26% (pending fill)
2026-07-06 14:32:45 INFO  SELL_FILLED_PNL 005935 reason=EOD_FORCE_SELL filledQty=66/66 fillRatio=1.00 weightedPnl=0.26% dailyPnl=0.26%
2026-07-06 14:32:45 INFO  SELL_FILLED 005935 reason=EOD_FORCE_SELL remainingQty=0 phase=NONE exitType=TIMESTOP
2026-07-06 14:32:45 INFO  SELL [EOD_FORCE_SELL] 009150 pnl=0.00% time=15:30
2026-07-06 14:32:45 INFO  SELL_EXECUTED [KRX] 009150 mode=RSI_BOLLINGER_REBOUND phase=EXITING exitType=TIMESTOP price=680000.0000 qty=14 reason=EOD_FORCE_SELL pnl=0.00% peakPnl=0.88% holdMs=9300000 high=686000.0000 avgPrice=680000.0000 weightedPnl=0.00% (pending fill)
2026-07-06 14:32:45 INFO  SELL_FILLED 009150 reason=EOD_FORCE_SELL remainingQty=0 phase=NONE exitType=TIMESTOP
2026-07-06 14:32:45 INFO  SELL [EOD_FORCE_SELL] 006340 pnl=1.27% time=15:30
2026-07-06 14:32:45 INFO  SELL_EXECUTED [KRX] 006340 mode=RSI_BOLLINGER_REBOUND phase=EXITING exitType=TIMESTOP price=6400.0000 qty=1582 reason=EOD_FORCE_SELL pnl=1.27% peakPnl=1.27% holdMs=14460000 high=6400.0000 avgPrice=6320.0000 weightedPnl=1.27% (pending fill)
2026-07-06 14:32:45 INFO  SELL_FILLED_PNL 006340 reason=EOD_FORCE_SELL filledQty=1582/1582 fillRatio=1.00 weightedPnl=1.27% dailyPnl=1.27%
2026-07-06 14:32:45 INFO  SELL_FILLED 006340 reason=EOD_FORCE_SELL remainingQty=0 phase=NONE exitType=TIMESTOP
2026-07-06 14:32:45 INFO  BUY [KRX] 000270 mode=RSI_BOLLINGER_REBOUND price=154000.0000 qty=64 size=1.0000x score=100[SS] | WHY: rsi=34.3 sig=31.9 bbLow=153671 5mLow=153700 rsiBbScore=100 vol(1.71x) | VWAP: -0.43%(BELOW slope=DN) allowedGap=5.00% | TREND: score=0 vel=-0.13%/-0.06%/-0.06% accel=false | VOL: 3849.0000/2249.7500 TO: 591976200.0000/346316260.0000 | HIGH: 154200.0000 fromHigh=-0.26% | RSI_BB: score=100 rsi=34.3 sig=31.9 bbLow=153671 5mLow=153700 cross=false | entryNo=1
2026-07-06 14:32:45 INFO  BUY_FILLED 000270 phase=HOLDING
2026-07-06 14:32:45 INFO  BUY [KRX] 042660 mode=RSI_BOLLINGER_REBOUND price=132000.0000 qty=75 size=1.0000x score=100[SS] | WHY: rsi=34.9 sig=35.6 bbLow=132168 5mLow=132100 rsiBbScore=100 vol(5.59x) | VWAP: -0.51%(BELOW slope=DN) allowedGap=5.00% | TREND: score=0 vel=-0.08%/-0.08%/-0.08% accel=false | VOL: 15737.0000/2812.7000 TO: 2080431400.0000/372009382.5000 | HIGH: 132400.0000 fromHigh=-0.15% | RSI_BB: score=100 rsi=34.9 sig=35.6 bbLow=132168 5mLow=132100 cross=false | entryNo=1
2026-07-06 14:32:45 INFO  BUY_FILLED 042660 phase=HOLDING
2026-07-06 14:32:45 INFO  SELL [EOD_FORCE_SELL] 000270 pnl=-0.26% time=15:30
2026-07-06 14:32:45 INFO  BUY [KRX] 034020 mode=RSI_BOLLINGER_REBOUND price=126000.0000 qty=79 size=1.0000x score=100[SS] | WHY: rsi=37.9 sig=47.1 bbLow=126113 5mLow=126000 rsiBbScore=100 vol(1.48x) | VWAP: 0.55%(ABOVE slope=DN) allowedGap=5.00% | TREND: score=0 vel=-0.08%/-0.16%/-0.24% accel=true | VOL: 12621.0000/8533.0000 TO: 1591508100.0000/1080403740.0000 | HIGH: 127300.0000 fromHigh=-0.94% | RSI_BB: score=100 rsi=37.9 sig=47.1 bbLow=126113 5mLow=126000 cross=false | entryNo=1
2026-07-06 14:32:45 INFO  SELL_EXECUTED [KRX] 000270 mode=RSI_BOLLINGER_REBOUND phase=EXITING exitType=TIMESTOP price=153400.0000 qty=64 reason=EOD_FORCE_SELL pnl=-0.26% peakPnl=0.33% holdMs=15540000 high=154300.0000 avgPrice=153800.0000 weightedPnl=-0.26% (pending fill)
2026-07-06 14:32:45 INFO  BUY_FILLED 034020 phase=HOLDING
2026-07-06 14:32:45 INFO  SELL_FILLED_PNL 000270 reason=EOD_FORCE_SELL filledQty=64/64 fillRatio=1.00 weightedPnl=-0.26% dailyPnl=-0.26%
2026-07-06 14:32:45 INFO  SELL_FILLED 000270 reason=EOD_FORCE_SELL remainingQty=0 phase=NONE exitType=TIMESTOP
2026-07-06 14:32:45 INFO  SELL [TRAIL_RSI_BOLLINGER_REBOUND] 042660 pnl=2.27% peakPnl=3.48% high=136800.0000 current=135200.0000
2026-07-06 14:32:45 INFO  SELL_EXECUTED [KRX] 042660 mode=RSI_BOLLINGER_REBOUND phase=EXITING exitType=TRAIL price=135200.0000 qty=75 reason=TRAIL_RSI_BOLLINGER_REBOUND pnl=2.27% peakPnl=3.48% holdMs=3060000 high=136800.0000 avgPrice=132200.0000 weightedPnl=2.25% (pending fill)
2026-07-06 14:32:45 INFO  BUY [KRX] 005380 mode=RSI_BOLLINGER_REBOUND price=537000.0000 qty=18 size=1.0000x score=100[SS] | WHY: rsi=37.8 sig=43.3 bbLow=538630 5mLow=537000 rsiBbScore=100 vol(1.22x) | VWAP: -1.25%(BELOW slope=DN) allowedGap=5.00% | TREND: score=0 vel=-0.09%/0.00%/-0.56% accel=false | VOL: 4271.0000/3511.4000 TO: 2293527000.0000/1893834325.0000 | HIGH: 542000.0000 fromHigh=-0.92% | RSI_BB: score=100 rsi=37.8 sig=43.3 bbLow=538630 5mLow=537000 cross=false | entryNo=1
2026-07-06 14:32:45 INFO  SELL_FILLED_PNL 042660 reason=TRAIL_RSI_BOLLINGER_REBOUND filledQty=75/75 fillRatio=1.00 weightedPnl=2.25% dailyPnl=2.25%
2026-07-06 14:32:45 INFO  BUY_FILLED 005380 phase=HOLDING
2026-07-06 14:32:45 INFO  BUY [KRX] 012330 mode=RSI_BOLLINGER_REBOUND price=431000.0000 qty=23 size=1.0000x score=100[SS] | WHY: rsi=37.7 sig=38.4 bbLow=431653 5mLow=430500 rsiBbScore=100 vol(1.24x) | VWAP: -0.14%(BELOW slope=DN) allowedGap=5.00% | TREND: score=0 vel=-0.23%/-0.35%/-0.35% accel=true | VOL: 427.0000/344.0000 TO: 184037000.0000/148686937.5000 | HIGH: 434000.0000 fromHigh=-0.69% | RSI_BB: score=100 rsi=37.7 sig=38.4 bbLow=431653 5mLow=430500 cross=false | entryNo=1
2026-07-06 14:32:45 INFO  SELL_FILLED 042660 reason=TRAIL_RSI_BOLLINGER_REBOUND remainingQty=0 phase=NONE exitType=TRAIL
2026-07-06 14:32:45 INFO  BUY_FILLED 012330 phase=HOLDING
2026-07-06 14:32:45 INFO  SELL_EXECUTED [KRX] 005380 mode=RSI_BOLLINGER_REBOUND phase=EXITING exitType=STOPLOSS price=526000.0000 qty=18 reason=STOP_LOSS_RSI_BOLLINGER_REBOUND pnl=-2.05% peakPnl=0.37% holdMs=4800000 high=539000.0000 avgPrice=537000.0000 weightedPnl=-1.98% (pending fill)
2026-07-06 14:32:45 INFO  SELL_FILLED_PNL 005380 reason=STOP_LOSS_RSI_BOLLINGER_REBOUND filledQty=18/18 fillRatio=1.00 weightedPnl=-1.98% dailyPnl=-1.98%
2026-07-06 14:32:45 INFO  SELL_FILLED 005380 reason=STOP_LOSS_RSI_BOLLINGER_REBOUND remainingQty=0 phase=NONE exitType=STOPLOSS
2026-07-06 14:32:45 INFO  SELL [EOD_FORCE_SELL] 034020 pnl=0.79% time=15:30
2026-07-06 14:32:45 INFO  SELL_EXECUTED [KRX] 034020 mode=RSI_BOLLINGER_REBOUND phase=EXITING exitType=TIMESTOP price=127100.0000 qty=79 reason=EOD_FORCE_SELL pnl=0.79% peakPnl=0.95% holdMs=9540000 high=127300.0000 avgPrice=126100.0000 weightedPnl=0.79% (pending fill)
2026-07-06 14:32:45 INFO  BUY [KRX] 000660 mode=RSI_BOLLINGER_REBOUND price=1210000.0000 qty=8 size=1.0000x score=100[SS] | WHY: rsi=34.7 sig=46.6 bbLow=1212424 5mLow=1208000 rsiBbScore=100 vol(1.17x) | VWAP: -1.08%(BELOW slope=DN) allowedGap=5.00% | TREND: score=0 vel=-0.08%/-0.08%/-0.17% accel=false | VOL: 12028.0000/10252.5500 TO: 14553880000.0000/12442377175.0000 | HIGH: 1218000.0000 fromHigh=-0.66% | RSI_BB: score=100 rsi=34.7 sig=46.6 bbLow=1212424 5mLow=1208000 cross=false | entryNo=1
2026-07-06 14:32:45 INFO  SELL_FILLED_PNL 034020 reason=EOD_FORCE_SELL filledQty=79/79 fillRatio=1.00 weightedPnl=0.79% dailyPnl=0.79%
2026-07-06 14:32:45 INFO  BUY_FILLED 000660 phase=HOLDING
2026-07-06 14:32:45 INFO  SELL_FILLED 034020 reason=EOD_FORCE_SELL remainingQty=0 phase=NONE exitType=TIMESTOP
2026-07-06 14:32:46 INFO  SELL [EOD_FORCE_SELL] 012330 pnl=0.35% time=15:30
2026-07-06 14:32:46 INFO  SELL_EXECUTED [KRX] 012330 mode=RSI_BOLLINGER_REBOUND phase=EXITING exitType=TIMESTOP price=432500.0000 qty=23 reason=EOD_FORCE_SELL pnl=0.35% peakPnl=1.28% holdMs=12240000 high=436500.0000 avgPrice=431000.0000 weightedPnl=0.35% (pending fill)
2026-07-06 14:32:46 INFO  SELL_FILLED_PNL 012330 reason=EOD_FORCE_SELL filledQty=23/23 fillRatio=1.00 weightedPnl=0.35% dailyPnl=0.35%
2026-07-06 14:32:46 INFO  SELL_FILLED 012330 reason=EOD_FORCE_SELL remainingQty=0 phase=NONE exitType=TIMESTOP
2026-07-06 14:32:46 INFO  SELL [EOD_FORCE_SELL] 000660 pnl=0.99% time=15:30
2026-07-06 14:32:46 INFO  BUY [KRX] 005935 mode=RSI_BOLLINGER_REBOUND price=154000.0000 qty=64 size=1.0000x score=100[SS] | WHY: rsi=28.6 sig=38.2 bbLow=154216 5mLow=154200 rsiBbScore=100 vol(1.14x) | VWAP: -1.09%(BELOW slope=DN) allowedGap=5.00% | TREND: score=0 vel=-0.06%/-0.06%/-0.13% accel=false | VOL: 5550.0000/4869.1000 TO: 855810000.0000/752192665.0000 | HIGH: 154700.0000 fromHigh=-0.32% | RSI_BB: score=100 rsi=28.6 sig=38.2 bbLow=154216 5mLow=154200 cross=false | entryNo=1
2026-07-06 14:32:46 INFO  SELL_EXECUTED [KRX] 000660 mode=RSI_BOLLINGER_REBOUND phase=EXITING exitType=TIMESTOP price=1222000.0000 qty=8 reason=EOD_FORCE_SELL pnl=0.99% peakPnl=1.32% holdMs=9840000 high=1226000.0000 avgPrice=1210000.0000 weightedPnl=0.96% (pending fill)
2026-07-06 14:32:46 INFO  BUY_FILLED 005935 phase=HOLDING
2026-07-06 14:32:46 INFO  SELL_FILLED_PNL 000660 reason=EOD_FORCE_SELL filledQty=8/8 fillRatio=1.00 weightedPnl=0.96% dailyPnl=0.96%
2026-07-06 14:32:46 INFO  SELL_FILLED 000660 reason=EOD_FORCE_SELL remainingQty=0 phase=NONE exitType=TIMESTOP
2026-07-06 14:32:46 INFO  SELL [EOD_FORCE_SELL] 005935 pnl=-0.32% time=15:30
2026-07-06 14:32:46 INFO  SELL_EXECUTED [KRX] 005935 mode=RSI_BOLLINGER_REBOUND phase=EXITING exitType=TIMESTOP price=153700.0000 qty=64 reason=EOD_FORCE_SELL pnl=-0.32% peakPnl=0.26% holdMs=10500000 high=154600.0000 avgPrice=154200.0000 weightedPnl=-0.32% (pending fill)
2026-07-06 14:32:46 INFO  SELL_FILLED_PNL 005935 reason=EOD_FORCE_SELL filledQty=64/64 fillRatio=1.00 weightedPnl=-0.32% dailyPnl=-0.32%
2026-07-06 14:32:46 INFO  SELL_FILLED 005935 reason=EOD_FORCE_SELL remainingQty=0 phase=NONE exitType=TIMESTOP
2026-07-06 14:32:46 INFO  BUY [KRX] 000660 mode=BREAKOUT price=1319000.0000 qty=7 size=1.0000x score=85[A](CONV) | WHY: strongBreakout volBreakout retestOK multiUp vol(2.59x) | VWAP: 0.64%(ABOVE slope=UP) allowedGap=1.50% | TREND: score=3 vel=0.42%/0.19%/0.27% accel=true | VOL: 24493.0000/9468.4000 TO: 32294020500.0000/12427395275.0000 | HIGH: 1319000.0000 fromHigh=-0.04% | entryNo=1
2026-07-06 14:32:46 INFO  BUY [KRX] 066570 mode=RSI_BOLLINGER_REBOUND price=130000.0000 qty=76 size=1.0000x score=100[SS] | WHY: rsi=31.0 sig=36.8 bbLow=129989 5mLow=130100 rsiBbScore=100 vol(1.06x) | VWAP: -1.24%(BELOW slope=DN) allowedGap=5.00% | TREND: score=0 vel=-0.08%/-0.15%/0.00% accel=true | VOL: 3028.0000/2865.0500 TO: 394245600.0000/373697665.0000 | HIGH: 130850.0000 fromHigh=-0.50% | RSI_BB: score=100 rsi=31.0 sig=36.8 bbLow=129989 5mLow=130100 cross=false | entryNo=1
2026-07-06 14:32:46 INFO  BUY_FILLED 000660 phase=HOLDING
2026-07-06 14:32:46 INFO  BUY_FILLED 066570 phase=HOLDING
2026-07-06 14:32:46 INFO  SELL_EXECUTED [KRX] 000660 mode=BREAKOUT phase=EXITING exitType=VWAP_BREAK price=1305000.0000 qty=7 reason=VWAP_BREAK pnl=-1.02% peakPnl=0.72% holdMs=4800000 high=1328000.0000 avgPrice=1318500.0000 weightedPnl=-0.95% (pending fill)
2026-07-06 14:32:46 INFO  BUY [KRX] 009150 mode=RSI_BOLLINGER_REBOUND price=785000.0000 qty=12 size=1.0000x score=100[SS] | WHY: rsi=39.0 sig=46.3 bbLow=784019 5mLow=784000 rsiBbScore=100 vol(1.35x) | VWAP: 0.19%(ABOVE slope=DN) allowedGap=5.00% | TREND: score=0 vel=-0.13%/0.00%/0.00% accel=false | VOL: 807.0000/598.0000 TO: 633495000.0000/469832450.0000 | HIGH: 787000.0000 fromHigh=-0.25% | RSI_BB: score=100 rsi=39.0 sig=46.3 bbLow=784019 5mLow=784000 cross=false | entryNo=1
2026-07-06 14:32:46 INFO  SELL_EXECUTED [KRX] 066570 mode=RSI_BOLLINGER_REBOUND phase=EXITING exitType=STOPLOSS price=127400.0000 qty=76 reason=STOP_LOSS_RSI_BOLLINGER_REBOUND pnl=-2.15% peakPnl=0.00% holdMs=2760000 high=130200.0000 avgPrice=130200.0000 weightedPnl=-2.13% (pending fill)
2026-07-06 14:32:46 INFO  BUY_FILLED 009150 phase=HOLDING
2026-07-06 14:32:46 INFO  SELL_FILLED_PNL 000660 reason=VWAP_BREAK filledQty=7/7 fillRatio=1.00 weightedPnl=-0.95% dailyPnl=-0.95%
2026-07-06 14:32:46 INFO  SELL_FILLED_PNL 066570 reason=STOP_LOSS_RSI_BOLLINGER_REBOUND filledQty=76/76 fillRatio=1.00 weightedPnl=-2.13% dailyPnl=-2.13%
2026-07-06 14:32:46 INFO  SELL_FILLED 000660 reason=VWAP_BREAK remainingQty=0 phase=NONE exitType=VWAP_BREAK
2026-07-06 14:32:46 INFO  SELL_FILLED 066570 reason=STOP_LOSS_RSI_BOLLINGER_REBOUND remainingQty=0 phase=NONE exitType=STOPLOSS
2026-07-06 14:32:46 INFO  BUY [KRX] 006340 mode=RSI_BOLLINGER_REBOUND price=9910.0000 qty=1009 size=1.0000x score=100[SS] | WHY: rsi=29.9 sig=30.8 bbLow=9897 5mLow=9900 rsiBbScore=100 vol(3.04x) | VWAP: -2.63%(BELOW slope=DN) allowedGap=5.00% | TREND: score=0 vel=-0.10%/-0.30%/-0.20% accel=true | VOL: 45941.0000/15132.9500 TO: 455275310.0000/150461631.5000 | HIGH: 9990.0000 fromHigh=-0.80% | RSI_BB: score=100 rsi=29.9 sig=30.8 bbLow=9897 5mLow=9900 cross=false | entryNo=1
2026-07-06 14:32:46 INFO  BUY_FILLED 006340 phase=HOLDING
2026-07-06 14:32:46 INFO  SELL [EOD_FORCE_SELL] 009150 pnl=1.15% time=15:30
2026-07-06 14:32:46 INFO  SELL_EXECUTED [KRX] 009150 mode=RSI_BOLLINGER_REBOUND phase=EXITING exitType=TIMESTOP price=794000.0000 qty=12 reason=EOD_FORCE_SELL pnl=1.15% peakPnl=1.27% holdMs=11880000 high=795000.0000 avgPrice=785000.0000 weightedPnl=1.08% (pending fill)
2026-07-06 14:32:46 INFO  SELL_FILLED_PNL 009150 reason=EOD_FORCE_SELL filledQty=12/12 fillRatio=1.00 weightedPnl=1.08% dailyPnl=1.08%
2026-07-06 14:32:46 INFO  SELL_FILLED 009150 reason=EOD_FORCE_SELL remainingQty=0 phase=NONE exitType=TIMESTOP
2026-07-06 14:32:46 INFO  SELL [EOD_FORCE_SELL] 006340 pnl=1.61% time=15:30
2026-07-06 14:32:46 INFO  SELL_EXECUTED [KRX] 006340 mode=RSI_BOLLINGER_REBOUND phase=EXITING exitType=TIMESTOP price=10070.0000 qty=1009 reason=EOD_FORCE_SELL pnl=1.61% peakPnl=2.12% holdMs=13500000 high=10120.0000 avgPrice=9910.0000 weightedPnl=1.61% (pending fill)
2026-07-06 14:32:46 INFO  SELL_FILLED_PNL 006340 reason=EOD_FORCE_SELL filledQty=1009/1009 fillRatio=1.00 weightedPnl=1.61% dailyPnl=1.61%
2026-07-06 14:32:46 INFO  SELL_FILLED 006340 reason=EOD_FORCE_SELL remainingQty=0 phase=NONE exitType=TIMESTOP
2026-07-06 14:32:46 INFO  BUY [KRX] 066570 mode=RSI_BOLLINGER_REBOUND price=128500.0000 qty=77 size=1.0000x score=100[SS] | WHY: rsi=37.1 sig=38.9 bbLow=128435 5mLow=128500 rsiBbScore=100 vol(1.58x) | VWAP: -0.98%(BELOW slope=DN) allowedGap=5.00% | TREND: score=0 vel=-0.08%/-0.08%/-0.31% accel=false | VOL: 2723.0000/1724.3000 TO: 350177800.0000/222472080.0000 | HIGH: 129500.0000 fromHigh=-0.69% | RSI_BB: score=100 rsi=37.1 sig=38.9 bbLow=128435 5mLow=128500 cross=false | entryNo=1
2026-07-06 14:32:46 INFO  BUY_FILLED 066570 phase=HOLDING
2026-07-06 14:32:46 INFO  BUY [KRX] 009150 mode=BREAKOUT price=821000.0000 qty=9 size=0.8000x score=85[A](CONV) | WHY: strongBreakout volBreakout retestOK multiUp vol(2.25x) | VWAP: 0.73%(ABOVE slope=UP) allowedGap=1.50% | TREND: score=3 vel=0.61%/0.49%/0.49% accel=true | VOL: 5421.0000/2411.3000 TO: 4450641000.0000/1969790600.0000 | HIGH: 822000.0000 fromHigh=-0.12% | entryNo=1
2026-07-06 14:32:46 INFO  BUY_FILLED 009150 phase=HOLDING
2026-07-06 14:32:46 INFO  BUY [KRX] 042660 mode=RSI_BOLLINGER_REBOUND price=130000.0000 qty=76 size=1.0000x score=100[SS] | WHY: rsi=40.3 sig=36.6 bbLow=129876 5mLow=130000 rsiBbScore=100 vol(1.49x) | VWAP: -0.67%(BELOW slope=DN) allowedGap=5.00% | TREND: score=0 vel=-0.08%/-0.15%/-0.23% accel=true | VOL: 6456.0000/4321.3000 TO: 839280000.0000/563048740.0000 | HIGH: 130600.0000 fromHigh=-0.46% | RSI_BB: score=100 rsi=40.3 sig=36.6 bbLow=129876 5mLow=130000 cross=false | entryNo=1
2026-07-06 14:32:46 INFO  BUY_FILLED 042660 phase=HOLDING
2026-07-06 14:32:46 INFO  SELL [EOD_FORCE_SELL] 066570 pnl=-0.86% time=15:30
2026-07-06 14:32:46 INFO  SELL_EXECUTED [KRX] 066570 mode=RSI_BOLLINGER_REBOUND phase=EXITING exitType=TIMESTOP price=127500.0000 qty=77 reason=EOD_FORCE_SELL pnl=-0.86% peakPnl=0.00% holdMs=15300000 high=128600.0000 avgPrice=128600.0000 weightedPnl=-0.85% (pending fill)
2026-07-06 14:32:46 INFO  SELL_FILLED_PNL 066570 reason=EOD_FORCE_SELL filledQty=77/77 fillRatio=1.00 weightedPnl=-0.85% dailyPnl=-0.85%
2026-07-06 14:32:46 INFO  SELL_FILLED 066570 reason=EOD_FORCE_SELL remainingQty=0 phase=NONE exitType=TIMESTOP
2026-07-06 14:32:46 INFO  SELL [EOD_FORCE_SELL] 042660 pnl=0.15% time=15:30
2026-07-06 14:32:46 INFO  SELL [EOD_FORCE_SELL] 009150 pnl=0.73% time=15:30
2026-07-06 14:32:46 INFO  SELL_EXECUTED [KRX] 042660 mode=RSI_BOLLINGER_REBOUND phase=EXITING exitType=TIMESTOP price=130200.0000 qty=76 reason=EOD_FORCE_SELL pnl=0.15% peakPnl=0.85% holdMs=15600000 high=131100.0000 avgPrice=130000.0000 weightedPnl=0.15% (pending fill)
2026-07-06 14:32:46 INFO  SELL_EXECUTED [KRX] 009150 mode=BREAKOUT phase=EXITING exitType=TIMESTOP price=827000.0000 qty=9 reason=EOD_FORCE_SELL pnl=0.73% peakPnl=1.40% holdMs=21600000 high=832500.0000 avgPrice=821000.0000 weightedPnl=0.54% (pending fill)
2026-07-06 14:32:46 INFO  SELL_FILLED_PNL 042660 reason=EOD_FORCE_SELL filledQty=76/76 fillRatio=1.00 weightedPnl=0.15% dailyPnl=0.15%
2026-07-06 14:32:46 INFO  SELL_FILLED_PNL 009150 reason=EOD_FORCE_SELL filledQty=9/9 fillRatio=1.00 weightedPnl=0.54% dailyPnl=0.54%
2026-07-06 14:32:46 INFO  SELL_FILLED 042660 reason=EOD_FORCE_SELL remainingQty=0 phase=NONE exitType=TIMESTOP
2026-07-06 14:32:46 INFO  SELL_FILLED 009150 reason=EOD_FORCE_SELL remainingQty=0 phase=NONE exitType=TIMESTOP
2026-07-06 14:32:48 INFO  BUY [KRX] 034020 mode=RSI_BOLLINGER_REBOUND price=111000.0000 qty=90 size=1.0000x score=100[SS] | WHY: rsi=34.7 sig=45.5 bbLow=111085 5mLow=111100 rsiBbScore=100 vol(1.20x) | VWAP: -2.01%(BELOW slope=DN) allowedGap=5.00% | TREND: score=0 vel=-0.09%/-0.18%/-0.18% accel=true | VOL: 6249.0000/5212.0000 TO: 694263900.0000/581065017.5000 | HIGH: 111800.0000 fromHigh=-0.63% | RSI_BB: score=100 rsi=34.7 sig=45.5 bbLow=111085 5mLow=111100 cross=false | entryNo=1
2026-07-06 14:32:48 INFO  BUY_FILLED 034020 phase=HOLDING
2026-07-06 14:32:48 INFO  SELL [EOD_FORCE_SELL] 034020 pnl=0.45% time=15:30
2026-07-06 14:32:48 INFO  BUY [KRX] 005930 mode=RSI_BOLLINGER_REBOUND price=292500.0000 qty=34 size=1.0000x score=100[SS] | WHY: rsi=37.8 sig=35.7 bbLow=292223 5mLow=292000 rsiBbScore=100 vol(2.84x) | VWAP: -0.87%(BELOW slope=DN) allowedGap=5.00% | TREND: score=0 vel=-0.09%/-0.17%/-0.17% accel=true | VOL: 57729.0000/20348.8500 TO: 16885732500.0000/5958364350.0000 | HIGH: 293500.0000 fromHigh=-0.34% | RSI_BB: score=100 rsi=37.8 sig=35.7 bbLow=292223 5mLow=292000 cross=false | entryNo=1
2026-07-06 14:32:48 INFO  SELL_EXECUTED [KRX] 034020 mode=RSI_BOLLINGER_REBOUND phase=EXITING exitType=TIMESTOP price=111600.0000 qty=90 reason=EOD_FORCE_SELL pnl=0.45% peakPnl=1.26% holdMs=11940000 high=112500.0000 avgPrice=111100.0000 weightedPnl=0.45% (pending fill)
2026-07-06 14:32:48 INFO  BUY_FILLED 005930 phase=HOLDING
2026-07-06 14:32:48 INFO  SELL_FILLED_PNL 034020 reason=EOD_FORCE_SELL filledQty=90/90 fillRatio=1.00 weightedPnl=0.45% dailyPnl=0.45%
2026-07-06 14:32:48 INFO  SELL_FILLED 034020 reason=EOD_FORCE_SELL remainingQty=0 phase=NONE exitType=TIMESTOP
2026-07-06 14:32:48 INFO  SELL [EOD_FORCE_SELL] 005930 pnl=0.00% time=15:30
2026-07-06 14:32:48 INFO  SELL_EXECUTED [KRX] 005930 mode=RSI_BOLLINGER_REBOUND phase=EXITING exitType=TIMESTOP price=292500.0000 qty=34 reason=EOD_FORCE_SELL pnl=0.00% peakPnl=0.77% holdMs=9540000 high=294750.0000 avgPrice=292500.0000 weightedPnl=0.00% (pending fill)
2026-07-06 14:32:48 INFO  SELL_FILLED 005930 reason=EOD_FORCE_SELL remainingQty=0 phase=NONE exitType=TIMESTOP
2026-07-06 14:32:48 INFO  BUY [KRX] 000660 mode=RSI_BOLLINGER_REBOUND price=1934000.0000 qty=5 size=1.0000x score=100[SS] | WHY: rsi=34.5 sig=38.5 bbLow=1930288 5mLow=1928000 rsiBbScore=100 vol(1.01x) | VWAP: -0.05%(BELOW slope=DN) allowedGap=5.00% | TREND: score=2 vel=-0.05%/0.10%/0.16% accel=false | VOL: 3449.0000/3418.1500 TO: 6670366000.0000/6610547175.0000 | HIGH: 1939000.0000 fromHigh=-0.26% | RSI_BB: score=100 rsi=34.5 sig=38.5 bbLow=1930288 5mLow=1928000 cross=false | entryNo=1
2026-07-06 14:32:48 INFO  BUY_FILLED 000660 phase=HOLDING
2026-07-06 14:32:48 INFO  BUY [KRX] 028260 mode=RSI_BOLLINGER_REBOUND price=423000.0000 qty=23 size=1.0000x score=100[SS] | WHY: rsi=36.7 sig=39.5 bbLow=423110 5mLow=422000 rsiBbScore=100 vol(2.81x) | VWAP: -1.87%(BELOW slope=DN) allowedGap=5.00% | TREND: score=0 vel=-0.12%/-0.12%/-0.12% accel=false | VOL: 1984.0000/704.8000 TO: 839232000.0000/299032175.0000 | HIGH: 426500.0000 fromHigh=-0.82% | RSI_BB: score=100 rsi=36.7 sig=39.5 bbLow=423110 5mLow=422000 cross=false | entryNo=1
2026-07-06 14:32:48 INFO  SELL [EOD_FORCE_SELL] 000660 pnl=0.36% time=15:30
2026-07-06 14:32:48 INFO  BUY [KRX] 034020 mode=RSI_BOLLINGER_REBOUND price=110000.0000 qty=90 size=1.0000x score=100[SS] | WHY: rsi=35.1 sig=37.8 bbLow=110012 5mLow=110000 rsiBbScore=100 vol(1.08x) | VWAP: -1.55%(BELOW slope=DN) allowedGap=5.00% | TREND: score=0 vel=-0.09%/-0.09%/-0.18% accel=false | VOL: 6412.0000/5917.5000 TO: 705320000.0000/652413780.0000 | HIGH: 110500.0000 fromHigh=-0.45% | RSI_BB: score=100 rsi=35.1 sig=37.8 bbLow=110012 5mLow=110000 cross=false | entryNo=1
2026-07-06 14:32:48 INFO  BUY_FILLED 028260 phase=HOLDING
2026-07-06 14:32:48 INFO  SELL_EXECUTED [KRX] 000660 mode=RSI_BOLLINGER_REBOUND phase=EXITING exitType=TIMESTOP price=1941000.0000 qty=5 reason=EOD_FORCE_SELL pnl=0.36% peakPnl=0.83% holdMs=9240000 high=1950000.0000 avgPrice=1934000.0000 weightedPnl=0.35% (pending fill)
2026-07-06 14:32:48 INFO  BUY_FILLED 034020 phase=HOLDING
2026-07-06 14:32:48 INFO  SELL_FILLED_PNL 000660 reason=EOD_FORCE_SELL filledQty=5/5 fillRatio=1.00 weightedPnl=0.35% dailyPnl=0.35%
2026-07-06 14:32:48 INFO  SELL_FILLED 000660 reason=EOD_FORCE_SELL remainingQty=0 phase=NONE exitType=TIMESTOP
2026-07-06 14:32:48 INFO  SELL_EXECUTED [KRX] 028260 mode=RSI_BOLLINGER_REBOUND phase=EXITING exitType=STOPLOSS price=413000.0000 qty=23 reason=STOP_LOSS_RSI_BOLLINGER_REBOUND pnl=-2.36% peakPnl=0.71% holdMs=7560000 high=426000.0000 avgPrice=423000.0000 weightedPnl=-2.30% (pending fill)
2026-07-06 14:32:48 INFO  SELL_FILLED_PNL 028260 reason=STOP_LOSS_RSI_BOLLINGER_REBOUND filledQty=23/23 fillRatio=1.00 weightedPnl=-2.30% dailyPnl=-2.30%
2026-07-06 14:32:48 INFO  SELL_FILLED 028260 reason=STOP_LOSS_RSI_BOLLINGER_REBOUND remainingQty=0 phase=NONE exitType=STOPLOSS
2026-07-06 14:32:48 INFO  BUY [KRX] 000270 mode=RSI_BOLLINGER_REBOUND price=163500.0000 qty=61 size=1.0000x score=100[SS] | WHY: rsi=38.6 sig=42.5 bbLow=163491 5mLow=163600 rsiBbScore=100 vol(1.37x) | VWAP: -0.81%(BELOW slope=DN) allowedGap=5.00% | TREND: score=0 vel=-0.06%/-0.06%/0.00% accel=false | VOL: 1748.0000/1274.8500 TO: 286147600.0000/208857185.0000 | HIGH: 164000.0000 fromHigh=-0.18% | RSI_BB: score=100 rsi=38.6 sig=42.5 bbLow=163491 5mLow=163600 cross=false | entryNo=1
2026-07-06 14:32:48 INFO  BUY_FILLED 000270 phase=HOLDING
2026-07-06 14:32:48 INFO  SELL [EOD_FORCE_SELL] 034020 pnl=-1.36% time=15:30
2026-07-06 14:32:48 INFO  SELL_EXECUTED [KRX] 034020 mode=RSI_BOLLINGER_REBOUND phase=EXITING exitType=TIMESTOP price=108500.0000 qty=90 reason=EOD_FORCE_SELL pnl=-1.36% peakPnl=0.64% holdMs=14700000 high=110700.0000 avgPrice=110000.0000 weightedPnl=-1.35% (pending fill)
2026-07-06 14:32:48 INFO  SELL_FILLED_PNL 034020 reason=EOD_FORCE_SELL filledQty=90/90 fillRatio=1.00 weightedPnl=-1.35% dailyPnl=-1.35%
2026-07-06 14:32:48 INFO  SELL_FILLED 034020 reason=EOD_FORCE_SELL remainingQty=0 phase=NONE exitType=TIMESTOP
2026-07-06 14:32:48 INFO  SELL [EOD_FORCE_SELL] 000270 pnl=0.61% time=15:30
2026-07-06 14:32:48 INFO  SELL_EXECUTED [KRX] 000270 mode=RSI_BOLLINGER_REBOUND phase=EXITING exitType=TIMESTOP price=164700.0000 qty=61 reason=EOD_FORCE_SELL pnl=0.61% peakPnl=1.28% holdMs=9720000 high=165800.0000 avgPrice=163700.0000 weightedPnl=0.61% (pending fill)
2026-07-06 14:32:48 INFO  SELL_FILLED_PNL 000270 reason=EOD_FORCE_SELL filledQty=61/61 fillRatio=1.00 weightedPnl=0.61% dailyPnl=0.61%
2026-07-06 14:32:48 INFO  SELL_FILLED 000270 reason=EOD_FORCE_SELL remainingQty=0 phase=NONE exitType=TIMESTOP
2026-07-06 14:32:49 INFO  BUY [KRX] 006340 mode=RSI_BOLLINGER_REBOUND price=13200.0000 qty=757 size=1.0000x score=100[SS] | WHY: rsi=15.5 sig=19.0 bbLow=13221 5mLow=13200 rsiBbScore=100 vol(1.25x) | VWAP: -2.61%(BELOW slope=DN) allowedGap=5.00% | TREND: score=0 vel=-0.08%/-0.08%/-0.15% accel=false | VOL: 14324.0000/11427.7000 TO: 189220040.0000/151411080.5000 | HIGH: 13300.0000 fromHigh=-0.68% | RSI_BB: score=100 rsi=15.5 sig=19.0 bbLow=13221 5mLow=13200 cross=false | entryNo=1
2026-07-06 14:32:49 INFO  BUY_FILLED 006340 phase=HOLDING
2026-07-06 14:32:49 INFO  BUY amount set for 240810: 10000000.00
2026-07-06 14:32:49 INFO  SELL [EOD_FORCE_SELL] 006340 pnl=-1.14% time=15:30
2026-07-06 14:32:49 INFO  SELL_EXECUTED [KRX] 006340 mode=RSI_BOLLINGER_REBOUND phase=EXITING exitType=TIMESTOP price=13060.0000 qty=757 reason=EOD_FORCE_SELL pnl=-1.14% peakPnl=0.45% holdMs=12060000 high=13270.0000 avgPrice=13210.0000 weightedPnl=-1.14% (pending fill)
2026-07-06 14:32:49 INFO  SELL_FILLED_PNL 006340 reason=EOD_FORCE_SELL filledQty=757/757 fillRatio=1.00 weightedPnl=-1.14% dailyPnl=-1.14%
2026-07-06 14:32:49 INFO  SELL_FILLED 006340 reason=EOD_FORCE_SELL remainingQty=0 phase=NONE exitType=TIMESTOP
2026-07-06 14:32:49 INFO  BUY [KRX] 005935 mode=RSI_BOLLINGER_REBOUND price=222500.0000 qty=44 size=1.0000x score=100[SS] | WHY: rsi=39.9 sig=46.0 bbLow=222216 5mLow=222000 rsiBbScore=100 vol(1.52x) | VWAP: -0.95%(BELOW slope=DN) allowedGap=5.00% | TREND: score=1 vel=-0.11%/0.11%/0.00% accel=false | VOL: 19099.0000/12591.8000 TO: 4249527500.0000/2808788375.0000 | HIGH: 224000.0000 fromHigh=-0.67% | RSI_BB: score=100 rsi=39.9 sig=46.0 bbLow=222216 5mLow=222000 cross=false | entryNo=1
2026-07-06 14:32:49 INFO  BUY_FILLED 005935 phase=HOLDING
2026-07-06 14:32:50 INFO  SELL [EOD_FORCE_SELL] 005935 pnl=-1.12% time=15:30
2026-07-06 14:32:50 INFO  SELL_EXECUTED [KRX] 005935 mode=RSI_BOLLINGER_REBOUND phase=EXITING exitType=TIMESTOP price=220000.0000 qty=44 reason=EOD_FORCE_SELL pnl=-1.12% peakPnl=0.45% holdMs=9240000 high=223500.0000 avgPrice=222500.0000 weightedPnl=-1.10% (pending fill)
2026-07-06 14:32:50 INFO  SELL_FILLED_PNL 005935 reason=EOD_FORCE_SELL filledQty=44/44 fillRatio=1.00 weightedPnl=-1.10% dailyPnl=-1.10%
2026-07-06 14:32:50 INFO  SELL_FILLED 005935 reason=EOD_FORCE_SELL remainingQty=0 phase=NONE exitType=TIMESTOP
2026-07-06 14:32:50 INFO  BUY [KRX] 240810 mode=RSI_BOLLINGER_REBOUND price=122000.0000 qty=81 size=1.0000x score=100[SS] | WHY: rsi=38.5 sig=41.5 bbLow=121870 5mLow=121800 rsiBbScore=100 vol(1.36x) | VWAP: -0.37%(BELOW slope=DN) allowedGap=5.00% | TREND: score=0 vel=-0.08%/-0.08%/-0.08% accel=false | VOL: 1248.0000/918.6000 TO: 152131200.0000/112121025.0000 | HIGH: 122300.0000 fromHigh=-0.33% | RSI_BB: score=100 rsi=38.5 sig=41.5 bbLow=121870 5mLow=121800 cross=false | entryNo=1
2026-07-06 14:32:50 INFO  BUY_FILLED 240810 phase=HOLDING
2026-07-06 14:32:50 INFO  SELL [EOD_FORCE_SELL] 240810 pnl=0.57% time=15:30
2026-07-06 14:32:50 INFO  SELL_EXECUTED [KRX] 240810 mode=RSI_BOLLINGER_REBOUND phase=EXITING exitType=TIMESTOP price=122600.0000 qty=81 reason=EOD_FORCE_SELL pnl=0.57% peakPnl=1.15% holdMs=12720000 high=123300.0000 avgPrice=121900.0000 weightedPnl=0.57% (pending fill)
2026-07-06 14:32:50 INFO  SELL_FILLED_PNL 240810 reason=EOD_FORCE_SELL filledQty=81/81 fillRatio=1.00 weightedPnl=0.57% dailyPnl=0.57%
2026-07-06 14:32:50 INFO  SELL_FILLED 240810 reason=EOD_FORCE_SELL remainingQty=0 phase=NONE exitType=TIMESTOP
2026-07-06 14:32:50 INFO  BUY [KRX] 005380 mode=RSI_BOLLINGER_REBOUND price=649000.0000 qty=15 size=1.0000x score=100[SS] | WHY: rsi=38.4 sig=40.3 bbLow=648098 5mLow=648000 rsiBbScore=100 vol(1.58x) | VWAP: 0.14%(ABOVE slope=DN) allowedGap=5.00% | TREND: score=0 vel=-0.15%/0.00%/0.00% accel=false | VOL: 1291.0000/816.3000 TO: 837859000.0000/530032250.0000 | HIGH: 651000.0000 fromHigh=-0.31% | RSI_BB: score=100 rsi=38.4 sig=40.3 bbLow=648098 5mLow=648000 cross=false | entryNo=1
2026-07-06 14:32:50 INFO  BUY_FILLED 005380 phase=HOLDING
2026-07-06 14:32:50 INFO  SELL [EOD_FORCE_SELL] 005380 pnl=-0.31% time=15:30
2026-07-06 14:32:50 INFO  SELL_EXECUTED [KRX] 005380 mode=RSI_BOLLINGER_REBOUND phase=EXITING exitType=TIMESTOP price=647000.0000 qty=15 reason=EOD_FORCE_SELL pnl=-0.31% peakPnl=0.15% holdMs=9180000 high=650000.0000 avgPrice=649000.0000 weightedPnl=-0.30% (pending fill)
2026-07-06 14:32:50 INFO  SELL_FILLED_PNL 005380 reason=EOD_FORCE_SELL filledQty=15/15 fillRatio=1.00 weightedPnl=-0.30% dailyPnl=-0.30%
2026-07-06 14:32:50 INFO  SELL_FILLED 005380 reason=EOD_FORCE_SELL remainingQty=0 phase=NONE exitType=TIMESTOP
2026-07-06 14:32:50 INFO  BUY [KRX] 000270 mode=RSI_BOLLINGER_REBOUND price=167000.0000 qty=59 size=1.0000x score=100[SS] | WHY: rsi=31.9 sig=47.5 bbLow=167119 5mLow=166600 rsiBbScore=100 vol(1.15x) | VWAP: -0.28%(BELOW slope=DN) allowedGap=5.00% | TREND: score=1 vel=-0.06%/0.12%/0.00% accel=false | VOL: 1152.0000/1005.3500 TO: 192268800.0000/168242945.0000 | HIGH: 167700.0000 fromHigh=-0.48% | RSI_BB: score=100 rsi=31.9 sig=47.5 bbLow=167119 5mLow=166600 cross=false | entryNo=1
2026-07-06 14:32:50 INFO  BUY_FILLED 000270 phase=HOLDING
2026-07-06 14:32:51 INFO  BUY [KRX] 036930 mode=RSI_BOLLINGER_REBOUND price=222000.0000 qty=45 size=1.0000x score=100[SS] | WHY: rsi=34.1 sig=37.6 bbLow=221870 5mLow=222000 rsiBbScore=100 vol(1.18x) | VWAP: -4.26%(BELOW slope=DN) allowedGap=5.00% | TREND: score=0 vel=-0.22%/-0.22%/-0.22% accel=false | VOL: 2835.0000/2395.6000 TO: 629370000.0000/534572950.0000 | HIGH: 224000.0000 fromHigh=-0.89% | RSI_BB: score=100 rsi=34.1 sig=37.6 bbLow=221870 5mLow=222000 cross=false | entryNo=1
2026-07-06 14:32:51 INFO  BUY_FILLED 036930 phase=HOLDING
2026-07-06 14:32:51 INFO  SELL [EOD_FORCE_SELL] 000270 pnl=-0.36% time=15:30
2026-07-06 14:32:51 INFO  SELL_EXECUTED [KRX] 000270 mode=RSI_BOLLINGER_REBOUND phase=EXITING exitType=TIMESTOP price=166300.0000 qty=59 reason=EOD_FORCE_SELL pnl=-0.36% peakPnl=0.60% holdMs=10860000 high=167900.0000 avgPrice=166900.0000 weightedPnl=-0.35% (pending fill)
2026-07-06 14:32:51 INFO  SELL_FILLED_PNL 000270 reason=EOD_FORCE_SELL filledQty=59/59 fillRatio=1.00 weightedPnl=-0.35% dailyPnl=-0.35%
2026-07-06 14:32:51 INFO  SELL_FILLED 000270 reason=EOD_FORCE_SELL remainingQty=0 phase=NONE exitType=TIMESTOP
2026-07-06 14:32:51 INFO  SELL [EOD_FORCE_SELL] 036930 pnl=-0.90% time=15:30
2026-07-06 14:32:51 INFO  SELL_EXECUTED [KRX] 036930 mode=RSI_BOLLINGER_REBOUND phase=EXITING exitType=TIMESTOP price=220000.0000 qty=45 reason=EOD_FORCE_SELL pnl=-0.90% peakPnl=0.68% holdMs=10980000 high=223500.0000 avgPrice=222000.0000 weightedPnl=-0.90% (pending fill)
2026-07-06 14:32:51 INFO  SELL_FILLED_PNL 036930 reason=EOD_FORCE_SELL filledQty=45/45 fillRatio=1.00 weightedPnl=-0.90% dailyPnl=-0.90%
2026-07-06 14:32:51 INFO  SELL_FILLED 036930 reason=EOD_FORCE_SELL remainingQty=0 phase=NONE exitType=TIMESTOP
2026-07-06 14:32:51 INFO  BUY [KRX] 066570 mode=RSI_BOLLINGER_REBOUND price=209500.0000 qty=47 size=1.0000x score=100[SS] | WHY: rsi=38.3 sig=48.3 bbLow=209470 5mLow=209000 rsiBbScore=100 vol(1.44x) | VWAP: -2.04%(BELOW slope=DN) allowedGap=5.00% | TREND: score=0 vel=-0.12%/0.00%/0.00% accel=false | VOL: 10922.0000/7608.3000 TO: 2288159000.0000/1604439675.0000 | HIGH: 213500.0000 fromHigh=-1.87% | RSI_BB: score=100 rsi=38.3 sig=48.3 bbLow=209470 5mLow=209000 cross=false | entryNo=1
2026-07-06 14:32:51 INFO  BUY_FILLED 066570 phase=HOLDING
2026-07-06 14:32:51 INFO  SELL [TRAIL_RSI_BOLLINGER_REBOUND] 066570 pnl=3.58% peakPnl=4.53% high=219000.0000 current=217000.0000
2026-07-06 14:32:51 INFO  SELL_EXECUTED [KRX] 066570 mode=RSI_BOLLINGER_REBOUND phase=EXITING exitType=TRAIL price=217000.0000 qty=47 reason=TRAIL_RSI_BOLLINGER_REBOUND pnl=3.58% peakPnl=4.53% holdMs=3600000 high=219000.0000 avgPrice=209500.0000 weightedPnl=3.53% (pending fill)
2026-07-06 14:32:51 INFO  SELL_FILLED_PNL 066570 reason=TRAIL_RSI_BOLLINGER_REBOUND filledQty=47/47 fillRatio=1.00 weightedPnl=3.53% dailyPnl=3.53%
2026-07-06 14:32:51 INFO  SELL_FILLED 066570 reason=TRAIL_RSI_BOLLINGER_REBOUND remainingQty=0 phase=NONE exitType=TRAIL
2026-07-06 14:32:52 INFO  BUY [KRX] 028260 mode=RSI_BOLLINGER_REBOUND price=459000.0000 qty=21 size=1.0000x score=100[SS] | WHY: rsi=37.7 sig=35.8 bbLow=458118 5mLow=459000 rsiBbScore=100 vol(1.25x) | VWAP: -2.36%(BELOW slope=DN) allowedGap=5.00% | TREND: score=0 vel=-0.11%/-0.22%/-0.11% accel=true | VOL: 1359.0000/1085.7000 TO: 623781000.0000/500229075.0000 | HIGH: 464000.0000 fromHigh=-1.08% | RSI_BB: score=100 rsi=37.7 sig=35.8 bbLow=458118 5mLow=459000 cross=false | entryNo=1
2026-07-06 14:32:52 INFO  BUY_FILLED 028260 phase=HOLDING
2026-07-06 14:32:52 INFO  SELL [TRAIL_RSI_BOLLINGER_REBOUND] 028260 pnl=1.42% peakPnl=2.51% high=470500.0000 current=465500.0000
2026-07-06 14:32:52 INFO  SELL_EXECUTED [KRX] 028260 mode=RSI_BOLLINGER_REBOUND phase=EXITING exitType=TRAIL price=465500.0000 qty=21 reason=TRAIL_RSI_BOLLINGER_REBOUND pnl=1.42% peakPnl=2.51% holdMs=1980000 high=470500.0000 avgPrice=459000.0000 weightedPnl=1.37% (pending fill)
2026-07-06 14:32:52 INFO  SELL_FILLED_PNL 028260 reason=TRAIL_RSI_BOLLINGER_REBOUND filledQty=21/21 fillRatio=1.00 weightedPnl=1.37% dailyPnl=1.37%
2026-07-06 14:32:52 INFO  SELL_FILLED 028260 reason=TRAIL_RSI_BOLLINGER_REBOUND remainingQty=0 phase=NONE exitType=TRAIL
2026-07-06 14:32:52 INFO  BUY amount set for 011070: 10000000.00
2026-07-06 14:32:53 INFO  BUY amount set for 403870: 10000000.00
2026-07-06 14:32:53 INFO  BUY amount set for 006800: 10000000.00
2026-07-06 14:32:53 INFO  BUY amount set for 006400: 10000000.00
2026-07-06 14:32:53 INFO  BUY amount set for 010120: 10000000.00
2026-07-06 14:32:53 INFO  BUY amount set for 105560: 10000000.00
2026-07-06 14:32:53 INFO  BUY [KRX] 240810 mode=BREAKOUT price=112000.0000 qty=71 size=0.8000x score=85[A](CONV) | WHY: strongBreakout volBreakout retestOK multiUp vol(2.24x) | VWAP: 1.04%(ABOVE slope=UP) allowedGap=1.50% | TREND: score=3 vel=2.47%/2.10%/2.10% accel=true | VOL: 3328.0000/1485.9000 TO: 372403200.0000/163400865.0000 | HIGH: 111900.0000 fromHigh=0.00% | entryNo=1
2026-07-06 14:32:53 INFO  BUY amount set for 002990: 10000000.00
2026-07-06 14:32:53 INFO  BUY_FILLED 240810 phase=HOLDING
2026-07-06 14:32:53 INFO  SELL_EXECUTED [KRX] 240810 mode=BREAKOUT phase=EXITING exitType=VWAP_BREAK price=110000.0000 qty=71 reason=VWAP_BREAK pnl=-1.70% peakPnl=-0.18% holdMs=900000 high=111700.0000 avgPrice=111900.0000 weightedPnl=-1.35% (pending fill)
2026-07-06 14:32:53 INFO  SELL_FILLED_PNL 240810 reason=VWAP_BREAK filledQty=71/71 fillRatio=1.00 weightedPnl=-1.35% dailyPnl=-1.35%
2026-07-06 14:32:53 INFO  SELL_FILLED 240810 reason=VWAP_BREAK remainingQty=0 phase=NONE exitType=VWAP_BREAK
2026-07-06 14:32:53 INFO  BUY amount set for 012450: 10000000.00
2026-07-06 14:32:53 INFO  BUY amount set for 475150: 10000000.00
2026-07-06 14:32:53 INFO  BUY amount set for 055550: 10000000.00
2026-07-06 14:32:53 INFO  BUY [KRX] 403870 mode=RSI_BOLLINGER_REBOUND price=43300.0000 qty=230 size=1.0000x score=100[SS] | WHY: rsi=18.1 sig=29.3 bbLow=43419 5mLow=43300 rsiBbScore=100 vol(1.34x) | VWAP: -2.54%(BELOW slope=DN) allowedGap=5.00% | TREND: score=0 vel=-0.23%/-0.23%/-0.35% accel=false | VOL: 9451.0000/7031.2000 TO: 409228300.0000/306529247.5000 | HIGH: 43850.0000 fromHigh=-1.25% | RSI_BB: score=100 rsi=18.1 sig=29.3 bbLow=43419 5mLow=43300 cross=false | entryNo=1
2026-07-06 14:32:53 INFO  BUY_FILLED 403870 phase=HOLDING
2026-07-06 14:32:53 INFO  SELL_EXECUTED [KRX] 403870 mode=RSI_BOLLINGER_REBOUND phase=EXITING exitType=STOPLOSS price=42250.0000 qty=230 reason=STOP_LOSS_RSI_BOLLINGER_REBOUND pnl=-2.42% peakPnl=0.00% holdMs=1140000 high=43300.0000 avgPrice=43300.0000 weightedPnl=-2.42% (pending fill)
2026-07-06 14:32:53 INFO  SELL_FILLED_PNL 403870 reason=STOP_LOSS_RSI_BOLLINGER_REBOUND filledQty=230/230 fillRatio=1.00 weightedPnl=-2.42% dailyPnl=-2.42%
2026-07-06 14:32:53 INFO  SELL_FILLED 403870 reason=STOP_LOSS_RSI_BOLLINGER_REBOUND remainingQty=0 phase=NONE exitType=STOPLOSS
2026-07-06 14:32:53 INFO  BUY amount set for 079550: 10000000.00
2026-07-06 14:32:53 INFO  BUY amount set for 035420: 10000000.00
2026-07-06 14:32:53 INFO  BUY amount set for 042700: 10000000.00
2026-07-06 14:32:54 INFO  BUY [KRX] 006400 mode=RSI_BOLLINGER_REBOUND price=475000.0000 qty=21 size=1.0000x score=100[SS] | WHY: rsi=33.2 sig=36.8 bbLow=474986 5mLow=475000 rsiBbScore=100 vol(1.15x) | VWAP: -1.65%(BELOW slope=DN) allowedGap=5.00% | TREND: score=0 vel=-0.11%/-0.11%/-0.11% accel=false | VOL: 1357.0000/1182.2500 TO: 644575000.0000/564041750.0000 | HIGH: 480000.0000 fromHigh=-1.04% | RSI_BB: score=100 rsi=33.2 sig=36.8 bbLow=474986 5mLow=475000 cross=false | entryNo=1
2026-07-06 14:32:54 INFO  BUY_FILLED 006400 phase=HOLDING
2026-07-06 14:32:54 INFO  BUY [KRX] 010120 mode=BREAKOUT price=190500.0000 qty=52 size=1.0000x score=80[B] | WHY: strongBreakout volBreakout retestOK multiUp vol(3.03x) | VWAP: 0.89%(ABOVE slope=UP) allowedGap=1.50% | TREND: score=3 vel=0.21%/0.16%/0.63% accel=true | VOL: 12394.0000/4090.5000 TO: 2358578200.0000/775071965.0000 | HIGH: 190500.0000 fromHigh=-0.10% | entryNo=1
2026-07-06 14:32:54 INFO  BUY_FILLED 010120 phase=HOLDING
2026-07-06 14:32:54 INFO  BUY [KRX] 042700 mode=RSI_BOLLINGER_REBOUND price=271000.0000 qty=36 size=1.0000x score=100[SS] | WHY: rsi=37.9 sig=44.5 bbLow=271157 5mLow=271000 rsiBbScore=100 vol(2.73x) | VWAP: -0.94%(BELOW slope=DN) allowedGap=5.00% | TREND: score=0 vel=-0.18%/0.00%/-0.18% accel=false | VOL: 1632.0000/598.4500 TO: 442272000.0000/162505575.0000 | HIGH: 272500.0000 fromHigh=-0.55% | RSI_BB: score=100 rsi=37.9 sig=44.5 bbLow=271157 5mLow=271000 cross=false | entryNo=1
2026-07-06 14:32:54 INFO  SELL_EXECUTED [KRX] 010120 mode=BREAKOUT phase=EXITING exitType=VWAP_BREAK price=188500.0000 qty=52 reason=VWAP_BREAK pnl=-0.95% peakPnl=0.68% holdMs=11400000 high=191600.0000 avgPrice=190300.0000 weightedPnl=-0.94% (pending fill)
2026-07-06 14:32:54 INFO  BUY_FILLED 042700 phase=HOLDING
2026-07-06 14:32:54 INFO  SELL_FILLED_PNL 010120 reason=VWAP_BREAK filledQty=52/52 fillRatio=1.00 weightedPnl=-0.94% dailyPnl=-0.94%
2026-07-06 14:32:54 INFO  SELL_FILLED 010120 reason=VWAP_BREAK remainingQty=0 phase=NONE exitType=VWAP_BREAK
2026-07-06 14:32:54 INFO  SELL [EOD_FORCE_SELL] 006400 pnl=0.53% time=15:30
2026-07-06 14:32:54 INFO  SELL_EXECUTED [KRX] 006400 mode=RSI_BOLLINGER_REBOUND phase=EXITING exitType=TIMESTOP price=477500.0000 qty=21 reason=EOD_FORCE_SELL pnl=0.53% peakPnl=1.16% holdMs=15300000 high=480500.0000 avgPrice=475000.0000 weightedPnl=0.53% (pending fill)
2026-07-06 14:32:54 INFO  SELL_FILLED_PNL 006400 reason=EOD_FORCE_SELL filledQty=21/21 fillRatio=1.00 weightedPnl=0.53% dailyPnl=0.53%
2026-07-06 14:32:54 INFO  SELL_FILLED 006400 reason=EOD_FORCE_SELL remainingQty=0 phase=NONE exitType=TIMESTOP
2026-07-06 14:32:54 INFO  SELL [EOD_FORCE_SELL] 042700 pnl=3.51% time=15:30
2026-07-06 14:32:54 INFO  SELL_EXECUTED [KRX] 042700 mode=RSI_BOLLINGER_REBOUND phase=EXITING exitType=TIMESTOP price=280500.0000 qty=36 reason=EOD_FORCE_SELL pnl=3.51% peakPnl=3.69% holdMs=11700000 high=281000.0000 avgPrice=271000.0000 weightedPnl=3.42% (pending fill)
2026-07-06 14:32:54 INFO  SELL_FILLED_PNL 042700 reason=EOD_FORCE_SELL filledQty=36/36 fillRatio=1.00 weightedPnl=3.42% dailyPnl=3.42%
2026-07-06 14:32:54 INFO  SELL_FILLED 042700 reason=EOD_FORCE_SELL remainingQty=0 phase=NONE exitType=TIMESTOP
2026-07-06 14:32:54 INFO  BUY [KRX] 011070 mode=RSI_BOLLINGER_REBOUND price=404000.0000 qty=24 size=1.0000x score=100[SS] | WHY: rsi=35.2 sig=36.1 bbLow=403563 5mLow=403500 rsiBbScore=100 vol(1.26x) | VWAP: 0.11%(ABOVE slope=DN) allowedGap=5.00% | TREND: score=0 vel=-0.12%/-0.25%/-0.12% accel=true | VOL: 257.0000/204.6000 TO: 103828000.0000/82827275.0000 | HIGH: 406500.0000 fromHigh=-0.62% | RSI_BB: score=100 rsi=35.2 sig=36.1 bbLow=403563 5mLow=403500 cross=false | entryNo=1
2026-07-06 14:32:54 INFO  BUY_FILLED 011070 phase=HOLDING
2026-07-06 14:32:54 INFO  SELL [TRAIL_RSI_BOLLINGER_REBOUND] 011070 pnl=2.35% peakPnl=3.22% high=417000.0000 current=413500.0000
2026-07-06 14:32:54 INFO  BUY [KRX] 010120 mode=RSI_BOLLINGER_REBOUND price=184000.0000 qty=54 size=1.0000x score=100[SS] | WHY: rsi=38.6 sig=43.3 bbLow=184216 5mLow=184100 rsiBbScore=100 vol(1.56x) | VWAP: -0.42%(BELOW slope=DN) allowedGap=5.00% | TREND: score=0 vel=-0.05%/-0.05%/-0.11% accel=false | VOL: 1821.0000/1170.7000 TO: 335428200.0000/215926780.0000 | HIGH: 184800.0000 fromHigh=-0.32% | RSI_BB: score=100 rsi=38.6 sig=43.3 bbLow=184216 5mLow=184100 cross=false | entryNo=1
2026-07-06 14:32:54 INFO  BUY amount set for 298040: 10000000.00
2026-07-06 14:32:54 INFO  SELL_EXECUTED [KRX] 011070 mode=RSI_BOLLINGER_REBOUND phase=EXITING exitType=TRAIL price=413500.0000 qty=24 reason=TRAIL_RSI_BOLLINGER_REBOUND pnl=2.35% peakPnl=3.22% holdMs=5040000 high=417000.0000 avgPrice=404000.0000 weightedPnl=2.28% (pending fill)
2026-07-06 14:32:54 INFO  BUY_FILLED 010120 phase=HOLDING
2026-07-06 14:32:54 INFO  SELL_FILLED_PNL 011070 reason=TRAIL_RSI_BOLLINGER_REBOUND filledQty=24/24 fillRatio=1.00 weightedPnl=2.28% dailyPnl=2.28%
2026-07-06 14:32:54 INFO  SELL_FILLED 011070 reason=TRAIL_RSI_BOLLINGER_REBOUND remainingQty=0 phase=NONE exitType=TRAIL
2026-07-06 14:32:54 INFO  SELL [EOD_FORCE_SELL] 010120 pnl=0.00% time=15:30
2026-07-06 14:32:54 INFO  SELL_EXECUTED [KRX] 010120 mode=RSI_BOLLINGER_REBOUND phase=EXITING exitType=TIMESTOP price=184200.0000 qty=54 reason=EOD_FORCE_SELL pnl=0.00% peakPnl=0.49% holdMs=9840000 high=185100.0000 avgPrice=184200.0000 weightedPnl=0.00% (pending fill)
2026-07-06 14:32:54 INFO  SELL_FILLED 010120 reason=EOD_FORCE_SELL remainingQty=0 phase=NONE exitType=TIMESTOP
2026-07-06 14:32:54 INFO  BUY [KRX] 012450 mode=RSI_BOLLINGER_REBOUND price=1518000.0000 qty=6 size=1.0000x score=100[SS] | WHY: rsi=31.4 sig=29.8 bbLow=1515665 5mLow=1518000 rsiBbScore=100 vol(1.91x) | VWAP: -1.18%(BELOW slope=DN) allowedGap=5.00% | TREND: score=0 vel=-0.07%/-0.13%/0.00% accel=true | VOL: 203.0000/106.0500 TO: 308154000.0000/161146600.0000 | HIGH: 1522000.0000 fromHigh=-0.26% | RSI_BB: score=100 rsi=31.4 sig=29.8 bbLow=1515665 5mLow=1518000 cross=false | entryNo=1
2026-07-06 14:32:54 INFO  BUY_FILLED 012450 phase=HOLDING
2026-07-06 14:32:54 INFO  BUY [KRX] 035420 mode=RSI_BOLLINGER_REBOUND price=202500.0000 qty=49 size=1.0000x score=100[SS] | WHY: rsi=35.9 sig=39.2 bbLow=203107 5mLow=202500 rsiBbScore=100 vol(2.42x) | VWAP: -0.95%(BELOW slope=DN) allowedGap=5.00% | TREND: score=0 vel=-0.25%/-0.25%/-0.74% accel=false | VOL: 2942.0000/1217.3000 TO: 595755000.0000/247387900.0000 | HIGH: 204500.0000 fromHigh=-0.98% | RSI_BB: score=100 rsi=35.9 sig=39.2 bbLow=203107 5mLow=202500 cross=false | entryNo=1
2026-07-06 14:32:54 INFO  BUY_FILLED 035420 phase=HOLDING
2026-07-06 14:32:54 INFO  SELL [EOD_FORCE_SELL] 012450 pnl=0.07% time=15:30
2026-07-06 14:32:54 INFO  SELL_EXECUTED [KRX] 012450 mode=RSI_BOLLINGER_REBOUND phase=EXITING exitType=TIMESTOP price=1519000.0000 qty=6 reason=EOD_FORCE_SELL pnl=0.07% peakPnl=0.59% holdMs=13020000 high=1527000.0000 avgPrice=1518000.0000 weightedPnl=0.06% (pending fill)
2026-07-06 14:32:54 INFO  SELL_FILLED_PNL 012450 reason=EOD_FORCE_SELL filledQty=6/6 fillRatio=1.00 weightedPnl=0.06% dailyPnl=0.06%
2026-07-06 14:32:54 INFO  SELL_FILLED 012450 reason=EOD_FORCE_SELL remainingQty=0 phase=NONE exitType=TIMESTOP
2026-07-06 14:32:55 INFO  BUY [KRX] 105560 mode=RSI_BOLLINGER_REBOUND price=162000.0000 qty=61 size=1.0000x score=100[SS] | WHY: rsi=42.0 sig=39.6 bbLow=161953 5mLow=162200 rsiBbScore=100 vol(1.21x) | VWAP: -0.20%(BELOW slope=DN) allowedGap=5.00% | TREND: score=0 vel=-0.06%/-0.06%/-0.06% accel=false | VOL: 1144.0000/943.1000 TO: 185556800.0000/152991990.0000 | HIGH: 162400.0000 fromHigh=-0.12% | RSI_BB: score=100 rsi=42.0 sig=39.6 bbLow=161953 5mLow=162200 cross=false | entryNo=1
2026-07-06 14:32:55 INFO  BUY_FILLED 105560 phase=HOLDING
2026-07-06 14:32:55 INFO  SELL [EOD_FORCE_SELL] 035420 pnl=-0.49% time=15:30
2026-07-06 14:32:55 INFO  SELL_EXECUTED [KRX] 035420 mode=RSI_BOLLINGER_REBOUND phase=EXITING exitType=TIMESTOP price=201500.0000 qty=49 reason=EOD_FORCE_SELL pnl=-0.49% peakPnl=0.49% holdMs=12840000 high=203500.0000 avgPrice=202500.0000 weightedPnl=-0.49% (pending fill)
2026-07-06 14:32:55 INFO  SELL_FILLED_PNL 035420 reason=EOD_FORCE_SELL filledQty=49/49 fillRatio=1.00 weightedPnl=-0.49% dailyPnl=-0.49%
2026-07-06 14:32:55 INFO  SELL_FILLED 035420 reason=EOD_FORCE_SELL remainingQty=0 phase=NONE exitType=TIMESTOP
2026-07-06 14:32:55 INFO  BUY [KRX] 006400 mode=RSI_BOLLINGER_REBOUND price=536000.0000 qty=18 size=1.0000x score=100[SS] | WHY: rsi=33.9 sig=36.5 bbLow=536837 5mLow=536000 rsiBbScore=100 vol(1.07x) | VWAP: -0.01%(BELOW slope=DN) allowedGap=5.00% | TREND: score=0 vel=-0.19%/0.00%/-0.37% accel=false | VOL: 796.0000/741.4000 TO: 426656000.0000/398568050.0000 | HIGH: 539000.0000 fromHigh=-0.56% | RSI_BB: score=100 rsi=33.9 sig=36.5 bbLow=536837 5mLow=536000 cross=false | entryNo=1
2026-07-06 14:32:55 INFO  BUY [KRX] 079550 mode=RSI_BOLLINGER_REBOUND price=872000.0000 qty=11 size=1.0000x score=100[SS] | WHY: rsi=14.2 sig=17.0 bbLow=872395 5mLow=871000 rsiBbScore=100 vol(1.12x) | VWAP: -1.95%(BELOW slope=DN) allowedGap=5.00% | TREND: score=0 vel=-0.11%/-0.23%/-0.46% accel=true | VOL: 1285.0000/1146.5000 TO: 1120520000.0000/1003008800.0000 | HIGH: 878000.0000 fromHigh=-0.68% | RSI_BB: score=100 rsi=14.2 sig=17.0 bbLow=872395 5mLow=871000 cross=false | entryNo=1
2026-07-06 14:32:55 INFO  BUY_FILLED 006400 phase=HOLDING
2026-07-06 14:32:55 INFO  BUY_FILLED 079550 phase=HOLDING
2026-07-06 14:32:55 INFO  SELL [EOD_FORCE_SELL] 105560 pnl=0.06% time=15:30
2026-07-06 14:32:55 INFO  BUY [KRX] 055550 mode=RSI_BOLLINGER_REBOUND price=99500.0000 qty=100 size=1.0000x score=100[SS] | WHY: rsi=28.9 sig=33.1 bbLow=99570 5mLow=99500 rsiBbScore=100 vol(1.03x) | VWAP: -0.89%(BELOW slope=DN) allowedGap=5.00% | TREND: score=0 vel=-0.10%/0.00%/0.00% accel=false | VOL: 1166.0000/1136.7500 TO: 116017000.0000/113231450.0000 | HIGH: 99800.0000 fromHigh=-0.30% | RSI_BB: score=100 rsi=28.9 sig=33.1 bbLow=99570 5mLow=99500 cross=false | entryNo=1
2026-07-06 14:32:55 INFO  SELL_EXECUTED [KRX] 105560 mode=RSI_BOLLINGER_REBOUND phase=EXITING exitType=TIMESTOP price=162300.0000 qty=61 reason=EOD_FORCE_SELL pnl=0.06% peakPnl=0.43% holdMs=12660000 high=162900.0000 avgPrice=162200.0000 weightedPnl=0.06% (pending fill)
2026-07-06 14:32:55 INFO  BUY_FILLED 055550 phase=HOLDING
2026-07-06 14:32:55 INFO  SELL_FILLED_PNL 105560 reason=EOD_FORCE_SELL filledQty=61/61 fillRatio=1.00 weightedPnl=0.06% dailyPnl=0.06%
2026-07-06 14:32:55 INFO  SELL_FILLED 105560 reason=EOD_FORCE_SELL remainingQty=0 phase=NONE exitType=TIMESTOP
2026-07-06 14:32:55 INFO  SELL [EOD_FORCE_SELL] 006400 pnl=0.37% time=15:30
2026-07-06 14:32:55 INFO  SELL [TRAIL_RSI_BOLLINGER_REBOUND] 079550 pnl=1.15% peakPnl=2.01% high=889500.0000 current=882000.0000
2026-07-06 14:32:55 INFO  SELL_EXECUTED [KRX] 006400 mode=RSI_BOLLINGER_REBOUND phase=EXITING exitType=TIMESTOP price=538000.0000 qty=18 reason=EOD_FORCE_SELL pnl=0.37% peakPnl=0.93% holdMs=9240000 high=541000.0000 avgPrice=536000.0000 weightedPnl=0.36% (pending fill)
2026-07-06 14:32:55 INFO  BUY [KRX] 012450 mode=RSI_BOLLINGER_REBOUND price=1422000.0000 qty=7 size=1.0000x score=100[SS] | WHY: rsi=41.5 sig=39.2 bbLow=1420460 5mLow=1421000 rsiBbScore=100 vol(4.15x) | VWAP: -0.78%(BELOW slope=DN) allowedGap=5.00% | TREND: score=0 vel=-0.07%/-0.14%/-0.21% accel=true | VOL: 1343.0000/323.2500 TO: 1909746000.0000/460220150.0000 | HIGH: 1427000.0000 fromHigh=-0.35% | RSI_BB: score=100 rsi=41.5 sig=39.2 bbLow=1420460 5mLow=1421000 cross=false | entryNo=1
2026-07-06 14:32:55 INFO  SELL_EXECUTED [KRX] 079550 mode=RSI_BOLLINGER_REBOUND phase=EXITING exitType=TRAIL price=882000.0000 qty=11 reason=TRAIL_RSI_BOLLINGER_REBOUND pnl=1.15% peakPnl=2.01% holdMs=12180000 high=889500.0000 avgPrice=872000.0000 weightedPnl=1.10% (pending fill)
2026-07-06 14:32:55 INFO  BUY_FILLED 012450 phase=HOLDING
2026-07-06 14:32:55 INFO  SELL_FILLED_PNL 079550 reason=TRAIL_RSI_BOLLINGER_REBOUND filledQty=11/11 fillRatio=1.00 weightedPnl=1.10% dailyPnl=1.10%
2026-07-06 14:32:55 INFO  SELL_FILLED_PNL 006400 reason=EOD_FORCE_SELL filledQty=18/18 fillRatio=1.00 weightedPnl=0.36% dailyPnl=0.36%
2026-07-06 14:32:55 INFO  SELL_FILLED 079550 reason=TRAIL_RSI_BOLLINGER_REBOUND remainingQty=0 phase=NONE exitType=TRAIL
2026-07-06 14:32:55 INFO  SELL_FILLED 006400 reason=EOD_FORCE_SELL remainingQty=0 phase=NONE exitType=TIMESTOP
2026-07-06 14:32:55 INFO  SELL [EOD_FORCE_SELL] 055550 pnl=0.40% time=15:30
2026-07-06 14:32:55 INFO  SELL_EXECUTED [KRX] 055550 mode=RSI_BOLLINGER_REBOUND phase=EXITING exitType=TIMESTOP price=99900.0000 qty=100 reason=EOD_FORCE_SELL pnl=0.40% peakPnl=0.80% holdMs=12480000 high=100300.0000 avgPrice=99500.0000 weightedPnl=0.40% (pending fill)
2026-07-06 14:32:55 INFO  SELL_FILLED_PNL 055550 reason=EOD_FORCE_SELL filledQty=100/100 fillRatio=1.00 weightedPnl=0.40% dailyPnl=0.40%
2026-07-06 14:32:55 INFO  SELL_FILLED 055550 reason=EOD_FORCE_SELL remainingQty=0 phase=NONE exitType=TIMESTOP
2026-07-06 14:32:55 INFO  SELL [EOD_FORCE_SELL] 012450 pnl=0.21% time=15:30
2026-07-06 14:32:55 INFO  SELL_EXECUTED [KRX] 012450 mode=RSI_BOLLINGER_REBOUND phase=EXITING exitType=TIMESTOP price=1425000.0000 qty=7 reason=EOD_FORCE_SELL pnl=0.21% peakPnl=1.41% holdMs=11820000 high=1442000.0000 avgPrice=1422000.0000 weightedPnl=0.21% (pending fill)
2026-07-06 14:32:55 INFO  SELL_FILLED_PNL 012450 reason=EOD_FORCE_SELL filledQty=7/7 fillRatio=1.00 weightedPnl=0.21% dailyPnl=0.21%
2026-07-06 14:32:55 INFO  SELL_FILLED 012450 reason=EOD_FORCE_SELL remainingQty=0 phase=NONE exitType=TIMESTOP
2026-07-06 14:32:55 INFO  BUY [KRX] 012450 mode=RSI_BOLLINGER_REBOUND price=1407000.0000 qty=7 size=1.0000x score=100[SS] | WHY: rsi=31.9 sig=30.4 bbLow=1404768 5mLow=1405000 rsiBbScore=100 vol(1.58x) | VWAP: -0.93%(BELOW slope=DN) allowedGap=5.00% | TREND: score=0 vel=-0.07%/-0.07%/-0.21% accel=false | VOL: 436.0000/276.8000 TO: 613452000.0000/389774700.0000 | HIGH: 1411000.0000 fromHigh=-0.28% | RSI_BB: score=100 rsi=31.9 sig=30.4 bbLow=1404768 5mLow=1405000 cross=true | entryNo=1
2026-07-06 14:32:55 INFO  BUY_FILLED 012450 phase=HOLDING
2026-07-06 14:32:55 INFO  BUY [KRX] 011070 mode=RSI_BOLLINGER_REBOUND price=522000.0000 qty=19 size=1.0000x score=100[SS] | WHY: rsi=24.4 sig=24.8 bbLow=520982 5mLow=522000 rsiBbScore=100 vol(1.91x) | VWAP: -1.36%(BELOW slope=DN) allowedGap=5.00% | TREND: score=0 vel=-0.19%/-0.19%/-0.19% accel=false | VOL: 769.0000/403.4500 TO: 401418000.0000/211070500.0000 | HIGH: 525000.0000 fromHigh=-0.57% | RSI_BB: score=100 rsi=24.4 sig=24.8 bbLow=520982 5mLow=522000 cross=false | entryNo=1
2026-07-06 14:32:55 INFO  BUY_FILLED 011070 phase=HOLDING
2026-07-06 14:32:55 INFO  SELL [TRAIL_RSI_BOLLINGER_REBOUND] 011070 pnl=3.26% peakPnl=4.41% high=545000.0000 current=539000.0000
2026-07-06 14:32:55 INFO  SELL_EXECUTED [KRX] 011070 mode=RSI_BOLLINGER_REBOUND phase=EXITING exitType=TRAIL price=539000.0000 qty=19 reason=TRAIL_RSI_BOLLINGER_REBOUND pnl=3.26% peakPnl=4.41% holdMs=3000000 high=545000.0000 avgPrice=522000.0000 weightedPnl=3.23% (pending fill)
2026-07-06 14:32:55 INFO  SELL_FILLED_PNL 011070 reason=TRAIL_RSI_BOLLINGER_REBOUND filledQty=19/19 fillRatio=1.00 weightedPnl=3.23% dailyPnl=3.23%
2026-07-06 14:32:55 INFO  SELL_FILLED 011070 reason=TRAIL_RSI_BOLLINGER_REBOUND remainingQty=0 phase=NONE exitType=TRAIL
2026-07-06 14:32:55 INFO  SELL [EOD_FORCE_SELL] 012450 pnl=-1.14% time=15:30
2026-07-06 14:32:55 INFO  BUY [KRX] 035420 mode=RSI_BOLLINGER_REBOUND price=215000.0000 qty=46 size=1.0000x score=100[SS] | WHY: rsi=38.9 sig=37.9 bbLow=214695 5mLow=214500 rsiBbScore=100 vol(3.79x) | VWAP: -0.19%(BELOW slope=DN) allowedGap=5.00% | TREND: score=0 vel=-0.23%/0.00%/0.00% accel=false | VOL: 2027.0000/535.5000 TO: 435805000.0000/115255950.0000 | HIGH: 215500.0000 fromHigh=-0.23% | RSI_BB: score=100 rsi=38.9 sig=37.9 bbLow=214695 5mLow=214500 cross=false | entryNo=1
2026-07-06 14:32:55 INFO  SELL_EXECUTED [KRX] 012450 mode=RSI_BOLLINGER_REBOUND phase=EXITING exitType=TIMESTOP price=1391000.0000 qty=7 reason=EOD_FORCE_SELL pnl=-1.14% peakPnl=-0.28% holdMs=15360000 high=1403000.0000 avgPrice=1407000.0000 weightedPnl=-1.12% (pending fill)
2026-07-06 14:32:55 INFO  BUY_FILLED 035420 phase=HOLDING
2026-07-06 14:32:55 INFO  SELL_FILLED_PNL 012450 reason=EOD_FORCE_SELL filledQty=7/7 fillRatio=1.00 weightedPnl=-1.12% dailyPnl=-1.12%
2026-07-06 14:32:55 INFO  SELL_FILLED 012450 reason=EOD_FORCE_SELL remainingQty=0 phase=NONE exitType=TIMESTOP
2026-07-06 14:32:55 INFO  SELL [EOD_FORCE_SELL] 035420 pnl=-0.70% time=15:30
2026-07-06 14:32:55 INFO  SELL_EXECUTED [KRX] 035420 mode=RSI_BOLLINGER_REBOUND phase=EXITING exitType=TIMESTOP price=213500.0000 qty=46 reason=EOD_FORCE_SELL pnl=-0.70% peakPnl=0.00% holdMs=11820000 high=215000.0000 avgPrice=215000.0000 weightedPnl=-0.69% (pending fill)
2026-07-06 14:32:55 INFO  SELL_FILLED_PNL 035420 reason=EOD_FORCE_SELL filledQty=46/46 fillRatio=1.00 weightedPnl=-0.69% dailyPnl=-0.69%
2026-07-06 14:32:55 INFO  SELL_FILLED 035420 reason=EOD_FORCE_SELL remainingQty=0 phase=NONE exitType=TIMESTOP
2026-07-06 14:32:55 INFO  BUY [KRX] 006400 mode=RSI_BOLLINGER_REBOUND price=632000.0000 qty=15 size=1.0000x score=100[SS] | WHY: rsi=37.3 sig=41.9 bbLow=630969 5mLow=631000 rsiBbScore=100 vol(1.09x) | VWAP: -2.22%(BELOW slope=DN) allowedGap=5.00% | TREND: score=0 vel=-0.08%/-0.08%/-0.08% accel=false | VOL: 819.0000/750.1500 TO: 517198500.0000/474525325.0000 | HIGH: 634000.0000 fromHigh=-0.39% | RSI_BB: score=100 rsi=37.3 sig=41.9 bbLow=630969 5mLow=631000 cross=false | entryNo=1
2026-07-06 14:32:55 INFO  BUY [KRX] 298040 mode=RSI_BOLLINGER_REBOUND price=2972000.0000 qty=3 size=1.0000x score=100[SS] | WHY: rsi=35.0 sig=37.1 bbLow=2971080 5mLow=2972000 rsiBbScore=100 vol(2.56x) | VWAP: -0.60%(BELOW slope=DN) allowedGap=5.00% | TREND: score=0 vel=-0.03%/-0.07%/-0.07% accel=true | VOL: 129.0000/50.3500 TO: 383388000.0000/149778700.0000 | HIGH: 2979000.0000 fromHigh=-0.23% | RSI_BB: score=100 rsi=35.0 sig=37.1 bbLow=2971080 5mLow=2972000 cross=false | entryNo=1
2026-07-06 14:32:55 INFO  BUY_FILLED 006400 phase=HOLDING
2026-07-06 14:32:55 INFO  BUY_FILLED 298040 phase=HOLDING
2026-07-06 14:32:56 INFO  SELL [EOD_FORCE_SELL] 006400 pnl=1.50% time=15:30
2026-07-06 14:32:56 INFO  SELL_EXECUTED [KRX] 006400 mode=RSI_BOLLINGER_REBOUND phase=EXITING exitType=TIMESTOP price=641000.0000 qty=15 reason=EOD_FORCE_SELL pnl=1.50% peakPnl=2.14% holdMs=10620000 high=645000.0000 avgPrice=631500.0000 weightedPnl=1.43% (pending fill)
2026-07-06 14:32:56 INFO  SELL_FILLED_PNL 006400 reason=EOD_FORCE_SELL filledQty=15/15 fillRatio=1.00 weightedPnl=1.43% dailyPnl=1.43%
2026-07-06 14:32:56 INFO  SELL_FILLED 006400 reason=EOD_FORCE_SELL remainingQty=0 phase=NONE exitType=TIMESTOP
2026-07-06 14:32:56 INFO  SELL [EOD_FORCE_SELL] 298040 pnl=0.61% time=15:30
2026-07-06 14:32:56 INFO  SELL_EXECUTED [KRX] 298040 mode=RSI_BOLLINGER_REBOUND phase=EXITING exitType=TIMESTOP price=2990000.0000 qty=3 reason=EOD_FORCE_SELL pnl=0.61% peakPnl=0.61% holdMs=12060000 high=2990000.0000 avgPrice=2972000.0000 weightedPnl=0.54% (pending fill)
2026-07-06 14:32:56 INFO  SELL_FILLED_PNL 298040 reason=EOD_FORCE_SELL filledQty=3/3 fillRatio=1.00 weightedPnl=0.54% dailyPnl=0.54%
2026-07-06 14:32:56 INFO  SELL_FILLED 298040 reason=EOD_FORCE_SELL remainingQty=0 phase=NONE exitType=TIMESTOP
2026-07-06 14:32:56 INFO  BUY [KRX] 006400 mode=RSI_BOLLINGER_REBOUND price=626000.0000 qty=15 size=1.0000x score=100[SS] | WHY: rsi=39.5 sig=36.3 bbLow=625046 5mLow=626000 rsiBbScore=100 vol(2.12x) | VWAP: -0.18%(BELOW slope=DN) allowedGap=5.00% | TREND: score=0 vel=-0.16%/0.00%/-0.16% accel=false | VOL: 1551.0000/732.0500 TO: 970926000.0000/458351275.0000 | HIGH: 627000.0000 fromHigh=-0.16% | RSI_BB: score=100 rsi=39.5 sig=36.3 bbLow=625046 5mLow=626000 cross=true | entryNo=1
2026-07-06 14:32:56 INFO  BUY_FILLED 006400 phase=HOLDING
2026-07-06 14:32:56 INFO  BUY [KRX] 006800 mode=RSI_BOLLINGER_REBOUND price=68900.0000 qty=145 size=1.0000x score=100[SS] | WHY: rsi=38.8 sig=43.1 bbLow=68787 5mLow=68800 rsiBbScore=100 vol(1.09x) | VWAP: -0.21%(BELOW slope=DN) allowedGap=5.00% | TREND: score=0 vel=-0.07%/-0.14%/0.00% accel=true | VOL: 2257.0000/2064.6000 TO: 155507300.0000/142298740.0000 | HIGH: 69000.0000 fromHigh=-0.14% | RSI_BB: score=100 rsi=38.8 sig=43.1 bbLow=68787 5mLow=68800 cross=false | entryNo=1
2026-07-06 14:32:56 INFO  BUY_FILLED 006800 phase=HOLDING
2026-07-06 14:32:56 INFO  SELL [TRAIL_RSI_BOLLINGER_REBOUND] 006400 pnl=1.12% peakPnl=2.08% high=639000.0000 current=633000.0000
2026-07-06 14:32:56 INFO  SELL [TRAIL_RSI_BOLLINGER_REBOUND] 006800 pnl=1.60% peakPnl=2.47% high=70600.0000 current=70000.0000
2026-07-06 14:32:56 INFO  SELL_EXECUTED [KRX] 006400 mode=RSI_BOLLINGER_REBOUND phase=EXITING exitType=TRAIL price=633000.0000 qty=15 reason=TRAIL_RSI_BOLLINGER_REBOUND pnl=1.12% peakPnl=2.08% holdMs=7200000 high=639000.0000 avgPrice=626000.0000 weightedPnl=1.05% (pending fill)
2026-07-06 14:32:56 INFO  SELL_EXECUTED [KRX] 006800 mode=RSI_BOLLINGER_REBOUND phase=EXITING exitType=TRAIL price=70000.0000 qty=145 reason=TRAIL_RSI_BOLLINGER_REBOUND pnl=1.60% peakPnl=2.47% holdMs=4800000 high=70600.0000 avgPrice=68900.0000 weightedPnl=1.60% (pending fill)
2026-07-06 14:32:56 INFO  SELL_FILLED_PNL 006800 reason=TRAIL_RSI_BOLLINGER_REBOUND filledQty=145/145 fillRatio=1.00 weightedPnl=1.60% dailyPnl=1.60%
2026-07-06 14:32:56 INFO  SELL_FILLED 006800 reason=TRAIL_RSI_BOLLINGER_REBOUND remainingQty=0 phase=NONE exitType=TRAIL
2026-07-06 14:32:56 INFO  SELL_FILLED_PNL 006400 reason=TRAIL_RSI_BOLLINGER_REBOUND filledQty=15/15 fillRatio=1.00 weightedPnl=1.05% dailyPnl=1.05%
2026-07-06 14:32:56 INFO  SELL_FILLED 006400 reason=TRAIL_RSI_BOLLINGER_REBOUND remainingQty=0 phase=NONE exitType=TRAIL
2026-07-06 14:32:56 INFO  BUY [KRX] 012450 mode=RSI_BOLLINGER_REBOUND price=1454000.0000 qty=6 size=1.0000x score=100[SS] | WHY: rsi=21.5 sig=25.8 bbLow=1451423 5mLow=1453000 rsiBbScore=100 vol(1.04x) | VWAP: -2.79%(BELOW slope=DN) allowedGap=5.00% | TREND: score=0 vel=-0.21%/-0.27%/-0.21% accel=true | VOL: 217.0000/208.9000 TO: 315518000.0000/304726675.0000 | HIGH: 1463000.0000 fromHigh=-0.62% | RSI_BB: score=100 rsi=21.5 sig=25.8 bbLow=1451423 5mLow=1453000 cross=false | entryNo=1
2026-07-06 14:32:56 INFO  BUY [KRX] 079550 mode=RSI_BOLLINGER_REBOUND price=991000.0000 qty=10 size=1.0000x score=100[SS] | WHY: rsi=35.8 sig=37.5 bbLow=991641 5mLow=990000 rsiBbScore=100 vol(2.14x) | VWAP: -1.39%(BELOW slope=DN) allowedGap=5.00% | TREND: score=0 vel=-0.20%/-0.10%/-0.40% accel=false | VOL: 1054.0000/492.9000 TO: 1044514000.0000/491051750.0000 | HIGH: 1003000.0000 fromHigh=-1.20% | RSI_BB: score=100 rsi=35.8 sig=37.5 bbLow=991641 5mLow=990000 cross=false | entryNo=1
2026-07-06 14:32:56 INFO  BUY_FILLED 012450 phase=HOLDING
2026-07-06 14:32:56 INFO  BUY_FILLED 079550 phase=HOLDING
2026-07-06 14:32:56 INFO  SELL [EOD_FORCE_SELL] 012450 pnl=0.62% time=15:30
2026-07-06 14:32:56 INFO  SELL [EOD_FORCE_SELL] 079550 pnl=-0.20% time=15:30
2026-07-06 14:32:56 INFO  SELL_EXECUTED [KRX] 012450 mode=RSI_BOLLINGER_REBOUND phase=EXITING exitType=TIMESTOP price=1463000.0000 qty=6 reason=EOD_FORCE_SELL pnl=0.62% peakPnl=1.44% holdMs=14220000 high=1475000.0000 avgPrice=1454000.0000 weightedPnl=0.54% (pending fill)
2026-07-06 14:32:56 INFO  SELL_EXECUTED [KRX] 079550 mode=RSI_BOLLINGER_REBOUND phase=EXITING exitType=TIMESTOP price=989000.0000 qty=10 reason=EOD_FORCE_SELL pnl=-0.20% peakPnl=0.91% holdMs=14520000 high=1000000.0000 avgPrice=991000.0000 weightedPnl=-0.20% (pending fill)
2026-07-06 14:32:56 INFO  SELL_FILLED_PNL 012450 reason=EOD_FORCE_SELL filledQty=6/6 fillRatio=1.00 weightedPnl=0.54% dailyPnl=0.54%
2026-07-06 14:32:56 INFO  SELL_FILLED_PNL 079550 reason=EOD_FORCE_SELL filledQty=10/10 fillRatio=1.00 weightedPnl=-0.20% dailyPnl=-0.20%
2026-07-06 14:32:56 INFO  SELL_FILLED 012450 reason=EOD_FORCE_SELL remainingQty=0 phase=NONE exitType=TIMESTOP
2026-07-06 14:32:56 INFO  SELL_FILLED 079550 reason=EOD_FORCE_SELL remainingQty=0 phase=NONE exitType=TIMESTOP
2026-07-06 14:32:56 INFO  BUY [KRX] 079550 mode=RSI_BOLLINGER_REBOUND price=949000.0000 qty=10 size=1.0000x score=100[SS] | WHY: rsi=42.9 sig=38.6 bbLow=948921 5mLow=948000 rsiBbScore=100 vol(4.35x) | VWAP: -0.60%(BELOW slope=DN) allowedGap=5.00% | TREND: score=0 vel=-0.21%/-0.32%/-0.32% accel=true | VOL: 2576.0000/592.5500 TO: 2444624000.0000/562746150.0000 | HIGH: 952000.0000 fromHigh=-0.32% | RSI_BB: score=100 rsi=42.9 sig=38.6 bbLow=948921 5mLow=948000 cross=false | entryNo=1
2026-07-06 14:32:56 INFO  BUY_FILLED 079550 phase=HOLDING
2026-07-06 14:32:56 INFO  SELL [EOD_FORCE_SELL] 079550 pnl=0.11% time=15:30
2026-07-06 14:32:56 INFO  SELL_EXECUTED [KRX] 079550 mode=RSI_BOLLINGER_REBOUND phase=EXITING exitType=TIMESTOP price=950000.0000 qty=10 reason=EOD_FORCE_SELL pnl=0.11% peakPnl=0.53% holdMs=9060000 high=954000.0000 avgPrice=949000.0000 weightedPnl=0.10% (pending fill)
2026-07-06 14:32:56 INFO  SELL_FILLED_PNL 079550 reason=EOD_FORCE_SELL filledQty=10/10 fillRatio=1.00 weightedPnl=0.10% dailyPnl=0.10%
2026-07-06 14:32:56 INFO  SELL_FILLED 079550 reason=EOD_FORCE_SELL remainingQty=0 phase=NONE exitType=TIMESTOP
2026-07-06 14:32:56 INFO  BUY [KRX] 012450 mode=RSI_BOLLINGER_REBOUND price=1426000.0000 qty=7 size=1.0000x score=100[SS] | WHY: rsi=36.5 sig=41.6 bbLow=1425145 5mLow=1425000 rsiBbScore=100 vol(1.34x) | VWAP: -0.37%(BELOW slope=DN) allowedGap=5.00% | TREND: score=0 vel=-0.07%/0.00%/-0.04% accel=false | VOL: 513.0000/382.9000 TO: 731538000.0000/546665100.0000 | HIGH: 1432000.0000 fromHigh=-0.42% | RSI_BB: score=100 rsi=36.5 sig=41.6 bbLow=1425145 5mLow=1425000 cross=false | entryNo=1
2026-07-06 14:32:56 INFO  BUY_FILLED 012450 phase=HOLDING
2026-07-06 14:32:56 INFO  BUY [KRX] 079550 mode=RSI_BOLLINGER_REBOUND price=913000.0000 qty=10 size=1.0000x score=100[SS] | WHY: rsi=30.8 sig=35.7 bbLow=911440 5mLow=911000 rsiBbScore=100 vol(4.62x) | VWAP: -1.56%(BELOW slope=DN) allowedGap=5.00% | TREND: score=0 vel=-0.11%/0.00%/-0.11% accel=false | VOL: 2512.0000/543.6500 TO: 2293456000.0000/497202050.0000 | HIGH: 917000.0000 fromHigh=-0.44% | RSI_BB: score=100 rsi=30.8 sig=35.7 bbLow=911440 5mLow=911000 cross=false | entryNo=1
2026-07-06 14:32:56 INFO  BUY_FILLED 079550 phase=HOLDING
2026-07-06 14:32:56 INFO  SELL_EXECUTED [KRX] 012450 mode=RSI_BOLLINGER_REBOUND phase=EXITING exitType=STOPLOSS price=1396000.0000 qty=7 reason=STOP_LOSS_RSI_BOLLINGER_REBOUND pnl=-2.10% peakPnl=0.07% holdMs=11640000 high=1427000.0000 avgPrice=1426000.0000 weightedPnl=-2.10% (pending fill)
2026-07-06 14:32:56 INFO  SELL_FILLED_PNL 012450 reason=STOP_LOSS_RSI_BOLLINGER_REBOUND filledQty=7/7 fillRatio=1.00 weightedPnl=-2.10% dailyPnl=-2.10%
2026-07-06 14:32:56 INFO  SELL_FILLED 012450 reason=STOP_LOSS_RSI_BOLLINGER_REBOUND remainingQty=0 phase=NONE exitType=STOPLOSS
2026-07-06 14:32:56 INFO  SELL [EOD_FORCE_SELL] 079550 pnl=2.19% time=15:30
2026-07-06 14:32:56 INFO  SELL_EXECUTED [KRX] 079550 mode=RSI_BOLLINGER_REBOUND phase=EXITING exitType=TIMESTOP price=933000.0000 qty=10 reason=EOD_FORCE_SELL pnl=2.19% peakPnl=2.63% holdMs=12240000 high=937000.0000 avgPrice=913000.0000 weightedPnl=2.00% (pending fill)
2026-07-06 14:32:56 INFO  SELL_FILLED_PNL 079550 reason=EOD_FORCE_SELL filledQty=10/10 fillRatio=1.00 weightedPnl=2.00% dailyPnl=2.00%
2026-07-06 14:32:56 INFO  SELL_FILLED 079550 reason=EOD_FORCE_SELL remainingQty=0 phase=NONE exitType=TIMESTOP
2026-07-06 14:32:56 INFO  BUY [KRX] 035420 mode=RSI_BOLLINGER_REBOUND price=218000.0000 qty=45 size=1.0000x score=100[SS] | WHY: rsi=29.1 sig=23.0 bbLow=217785 5mLow=218000 rsiBbScore=100 vol(1.29x) | VWAP: -0.71%(BELOW slope=DN) allowedGap=5.00% | TREND: score=0 vel=-0.23%/-0.23%/-0.23% accel=false | VOL: 980.0000/757.7500 TO: 213640000.0000/165491675.0000 | HIGH: 219000.0000 fromHigh=-0.46% | RSI_BB: score=100 rsi=29.1 sig=23.0 bbLow=217785 5mLow=218000 cross=false | entryNo=1
2026-07-06 14:32:56 INFO  BUY_FILLED 035420 phase=HOLDING
2026-07-06 14:32:56 INFO  SELL [EOD_FORCE_SELL] 035420 pnl=0.69% time=15:30
2026-07-06 14:32:56 INFO  SELL_EXECUTED [KRX] 035420 mode=RSI_BOLLINGER_REBOUND phase=EXITING exitType=TIMESTOP price=219500.0000 qty=45 reason=EOD_FORCE_SELL pnl=0.69% peakPnl=1.15% holdMs=10920000 high=220500.0000 avgPrice=218000.0000 weightedPnl=0.68% (pending fill)
2026-07-06 14:32:56 INFO  SELL_FILLED_PNL 035420 reason=EOD_FORCE_SELL filledQty=45/45 fillRatio=1.00 weightedPnl=0.68% dailyPnl=0.68%
2026-07-06 14:32:56 INFO  SELL_FILLED 035420 reason=EOD_FORCE_SELL remainingQty=0 phase=NONE exitType=TIMESTOP
2026-07-06 14:32:56 INFO  BUY [KRX] 240810 mode=RSI_BOLLINGER_REBOUND price=157000.0000 qty=63 size=1.0000x score=100[SS] | WHY: rsi=37.5 sig=42.1 bbLow=157130 5mLow=157100 rsiBbScore=100 vol(1.12x) | VWAP: -6.02%(BELOW slope=DN) allowedGap=5.00% | TREND: score=0 vel=-0.13%/-0.22%/-0.06% accel=true | VOL: 1869.0000/1666.5500 TO: 293806800.0000/262771155.0000 | HIGH: 158500.0000 fromHigh=-0.82% | RSI_BB: score=100 rsi=37.5 sig=42.1 bbLow=157130 5mLow=157100 cross=false | entryNo=1
2026-07-06 14:32:56 INFO  BUY_FILLED 240810 phase=HOLDING
2026-07-06 14:32:56 INFO  SELL [TRAIL_RSI_BOLLINGER_REBOUND] 240810 pnl=1.59% peakPnl=2.54% high=161200.0000 current=159700.0000
2026-07-06 14:32:57 INFO  SELL_EXECUTED [KRX] 240810 mode=RSI_BOLLINGER_REBOUND phase=EXITING exitType=TRAIL price=159700.0000 qty=63 reason=TRAIL_RSI_BOLLINGER_REBOUND pnl=1.59% peakPnl=2.54% holdMs=6600000 high=161200.0000 avgPrice=157200.0000 weightedPnl=1.58% (pending fill)
2026-07-06 14:32:57 INFO  SELL_FILLED_PNL 240810 reason=TRAIL_RSI_BOLLINGER_REBOUND filledQty=63/63 fillRatio=1.00 weightedPnl=1.58% dailyPnl=1.58%
2026-07-06 14:32:57 INFO  SELL_FILLED 240810 reason=TRAIL_RSI_BOLLINGER_REBOUND remainingQty=0 phase=NONE exitType=TRAIL
2026-07-06 14:32:57 INFO  BUY [KRX] 475150 mode=RSI_BOLLINGER_REBOUND price=49050.0000 qty=203 size=1.0000x score=100[SS] | WHY: rsi=33.5 sig=32.8 bbLow=48959 5mLow=49000 rsiBbScore=100 vol(1.22x) | VWAP: -1.77%(BELOW slope=DN) allowedGap=5.00% | TREND: score=0 vel=-0.10%/0.00%/-0.10% accel=false | VOL: 2018.0000/1656.8000 TO: 98982900.0000/81207117.5000 | HIGH: 49150.0000 fromHigh=-0.20% | RSI_BB: score=100 rsi=33.5 sig=32.8 bbLow=48959 5mLow=49000 cross=true | entryNo=1
2026-07-06 14:32:57 INFO  BUY_FILLED 475150 phase=HOLDING
2026-07-06 14:32:57 INFO  SELL [EOD_FORCE_SELL] 475150 pnl=-0.10% time=15:30
2026-07-06 14:32:57 INFO  SELL_EXECUTED [KRX] 475150 mode=RSI_BOLLINGER_REBOUND phase=EXITING exitType=TIMESTOP price=49000.0000 qty=203 reason=EOD_FORCE_SELL pnl=-0.10% peakPnl=0.51% holdMs=14880000 high=49300.0000 avgPrice=49050.0000 weightedPnl=-0.10% (pending fill)
2026-07-06 14:32:57 INFO  SELL_FILLED_PNL 475150 reason=EOD_FORCE_SELL filledQty=203/203 fillRatio=1.00 weightedPnl=-0.10% dailyPnl=-0.10%
2026-07-06 14:32:57 INFO  SELL_FILLED 475150 reason=EOD_FORCE_SELL remainingQty=0 phase=NONE exitType=TIMESTOP
2026-07-06 14:32:58 INFO  BUY [KRX] 006800 mode=RSI_BOLLINGER_REBOUND price=67100.0000 qty=149 size=1.0000x score=100[SS] | WHY: rsi=31.9 sig=38.9 bbLow=67202 5mLow=67000 rsiBbScore=100 vol(2.34x) | VWAP: -1.34%(BELOW slope=DN) allowedGap=5.00% | TREND: score=0 vel=-0.15%/-0.15%/-0.30% accel=false | VOL: 15022.0000/6414.7000 TO: 1007976200.0000/432596400.0000 | HIGH: 67900.0000 fromHigh=-1.18% | RSI_BB: score=100 rsi=31.9 sig=38.9 bbLow=67202 5mLow=67000 cross=false | entryNo=1
2026-07-06 14:32:58 INFO  BUY_FILLED 006800 phase=HOLDING
2026-07-06 14:32:58 INFO  BUY [KRX] 298040 mode=RSI_BOLLINGER_REBOUND price=4152000.0000 qty=2 size=1.0000x score=100[SS] | WHY: rsi=36.0 sig=44.5 bbLow=4150708 5mLow=4150000 rsiBbScore=100 vol(1.02x) | VWAP: 0.51%(ABOVE slope=DN) allowedGap=5.00% | TREND: score=0 vel=-0.07%/-0.25%/-0.22% accel=true | VOL: 64.0000/62.7500 TO: 265728000.0000/261738150.0000 | HIGH: 4194000.0000 fromHigh=-1.00% | RSI_BB: score=100 rsi=36.0 sig=44.5 bbLow=4150708 5mLow=4150000 cross=false | entryNo=1
2026-07-06 14:32:58 INFO  BUY_FILLED 298040 phase=HOLDING
2026-07-06 14:32:58 INFO  SELL [EOD_FORCE_SELL] 006800 pnl=0.60% time=15:30
2026-07-06 14:32:58 INFO  SELL_EXECUTED [KRX] 006800 mode=RSI_BOLLINGER_REBOUND phase=EXITING exitType=TIMESTOP price=67500.0000 qty=149 reason=EOD_FORCE_SELL pnl=0.60% peakPnl=1.34% holdMs=14580000 high=68000.0000 avgPrice=67100.0000 weightedPnl=0.60% (pending fill)
2026-07-06 14:32:58 INFO  SELL_FILLED_PNL 006800 reason=EOD_FORCE_SELL filledQty=149/149 fillRatio=1.00 weightedPnl=0.60% dailyPnl=0.60%
2026-07-06 14:32:58 INFO  SELL_FILLED 006800 reason=EOD_FORCE_SELL remainingQty=0 phase=NONE exitType=TIMESTOP
2026-07-06 14:32:58 INFO  SELL [EOD_FORCE_SELL] 298040 pnl=1.08% time=15:30
2026-07-06 14:32:58 INFO  SELL_EXECUTED [KRX] 298040 mode=RSI_BOLLINGER_REBOUND phase=EXITING exitType=TIMESTOP price=4197000.0000 qty=2 reason=EOD_FORCE_SELL pnl=1.08% peakPnl=1.08% holdMs=9720000 high=4197000.0000 avgPrice=4152000.0000 weightedPnl=0.90% (pending fill)
2026-07-06 14:32:58 INFO  SELL_FILLED_PNL 298040 reason=EOD_FORCE_SELL filledQty=2/2 fillRatio=1.00 weightedPnl=0.90% dailyPnl=0.90%
2026-07-06 14:32:58 INFO  SELL_FILLED 298040 reason=EOD_FORCE_SELL remainingQty=0 phase=NONE exitType=TIMESTOP
2026-07-06 14:32:58 INFO  BUY [KRX] 105560 mode=BREAKOUT price=159000.0000 qty=62 size=1.0000x score=85[A](CONV) | WHY: strongBreakout volBreakout retestOK multiUp vol(3.02x) | VWAP: 0.91%(ABOVE slope=UP) allowedGap=1.50% | TREND: score=3 vel=0.25%/0.19%/0.51% accel=true | VOL: 16067.0000/5322.3500 TO: 2554653000.0000/842528255.0000 | HIGH: 159100.0000 fromHigh=-0.06% | entryNo=1
2026-07-06 14:32:58 INFO  BUY_FILLED 105560 phase=HOLDING
2026-07-06 14:32:58 INFO  BUY [KRX] 006800 mode=RSI_BOLLINGER_REBOUND price=65000.0000 qty=153 size=1.0000x score=100[SS] | WHY: rsi=35.6 sig=41.1 bbLow=65036 5mLow=65000 rsiBbScore=100 vol(2.18x) | VWAP: -1.76%(BELOW slope=DN) allowedGap=5.00% | TREND: score=0 vel=-0.15%/-0.15%/-0.15% accel=false | VOL: 11647.0000/5331.0500 TO: 757055000.0000/347297245.0000 | HIGH: 65400.0000 fromHigh=-0.61% | RSI_BB: score=100 rsi=35.6 sig=41.1 bbLow=65036 5mLow=65000 cross=false | entryNo=1
2026-07-06 14:32:58 INFO  BUY_FILLED 006800 phase=HOLDING
2026-07-06 14:32:58 INFO  SELL [EOD_FORCE_SELL] 105560 pnl=0.63% time=15:30
2026-07-06 14:32:58 INFO  SELL_EXECUTED [KRX] 105560 mode=BREAKOUT phase=EXITING exitType=TIMESTOP price=160000.0000 qty=62 reason=EOD_FORCE_SELL pnl=0.63% peakPnl=1.26% holdMs=21120000 high=161000.0000 avgPrice=159000.0000 weightedPnl=0.62% (pending fill)
2026-07-06 14:32:58 INFO  SELL_FILLED_PNL 105560 reason=EOD_FORCE_SELL filledQty=62/62 fillRatio=1.00 weightedPnl=0.62% dailyPnl=0.62%
2026-07-06 14:32:58 INFO  SELL_FILLED 105560 reason=EOD_FORCE_SELL remainingQty=0 phase=NONE exitType=TIMESTOP
2026-07-06 14:32:58 INFO  SELL [EOD_FORCE_SELL] 006800 pnl=-0.77% time=15:30
2026-07-06 14:32:58 INFO  SELL_EXECUTED [KRX] 006800 mode=RSI_BOLLINGER_REBOUND phase=EXITING exitType=TIMESTOP price=64500.0000 qty=153 reason=EOD_FORCE_SELL pnl=-0.77% peakPnl=0.31% holdMs=14220000 high=65200.0000 avgPrice=65000.0000 weightedPnl=-0.77% (pending fill)
2026-07-06 14:32:58 INFO  SELL_FILLED_PNL 006800 reason=EOD_FORCE_SELL filledQty=153/153 fillRatio=1.00 weightedPnl=-0.77% dailyPnl=-0.77%
2026-07-06 14:32:58 INFO  SELL_FILLED 006800 reason=EOD_FORCE_SELL remainingQty=0 phase=NONE exitType=TIMESTOP
2026-07-06 14:32:58 INFO  BUY [KRX] 006400 mode=RSI_BOLLINGER_REBOUND price=646000.0000 qty=15 size=1.0000x score=100[SS] | WHY: rsi=33.2 sig=36.9 bbLow=645339 5mLow=646000 rsiBbScore=100 vol(1.31x) | VWAP: -1.44%(BELOW slope=DN) allowedGap=5.00% | TREND: score=0 vel=-0.15%/0.00%/0.00% accel=false | VOL: 740.0000/563.8500 TO: 478040000.0000/365100700.0000 | HIGH: 650000.0000 fromHigh=-0.62% | RSI_BB: score=100 rsi=33.2 sig=36.9 bbLow=645339 5mLow=646000 cross=false | entryNo=1
2026-07-06 14:32:59 INFO  BUY_FILLED 006400 phase=HOLDING
2026-07-06 14:32:59 INFO  SELL_EXECUTED [KRX] 006400 mode=RSI_BOLLINGER_REBOUND phase=EXITING exitType=STOPLOSS price=633000.0000 qty=15 reason=STOP_LOSS_RSI_BOLLINGER_REBOUND pnl=-2.01% peakPnl=0.15% holdMs=5400000 high=647000.0000 avgPrice=646000.0000 weightedPnl=-1.95% (pending fill)
2026-07-06 14:32:59 INFO  SELL_FILLED_PNL 006400 reason=STOP_LOSS_RSI_BOLLINGER_REBOUND filledQty=15/15 fillRatio=1.00 weightedPnl=-1.95% dailyPnl=-1.95%
2026-07-06 14:32:59 INFO  SELL_FILLED 006400 reason=STOP_LOSS_RSI_BOLLINGER_REBOUND remainingQty=0 phase=NONE exitType=STOPLOSS
2026-07-06 14:32:59 INFO  BUY [KRX] 105560 mode=RSI_BOLLINGER_REBOUND price=155000.0000 qty=64 size=1.0000x score=100[SS] | WHY: rsi=42.7 sig=39.2 bbLow=154874 5mLow=155100 rsiBbScore=100 vol(1.78x) | VWAP: -0.79%(BELOW slope=DN) allowedGap=5.00% | TREND: score=0 vel=-0.06%/-0.19%/-0.26% accel=true | VOL: 3157.0000/1769.5500 TO: 489650700.0000/275096845.0000 | HIGH: 156000.0000 fromHigh=-0.58% | RSI_BB: score=100 rsi=42.7 sig=39.2 bbLow=154874 5mLow=155100 cross=false | entryNo=1
2026-07-06 14:32:59 INFO  BUY_FILLED 105560 phase=HOLDING
2026-07-06 14:32:59 INFO  SELL [EOD_FORCE_SELL] 105560 pnl=-0.84% time=15:30
2026-07-06 14:32:59 INFO  SELL_EXECUTED [KRX] 105560 mode=RSI_BOLLINGER_REBOUND phase=EXITING exitType=TIMESTOP price=153800.0000 qty=64 reason=EOD_FORCE_SELL pnl=-0.84% peakPnl=0.00% holdMs=11220000 high=155100.0000 avgPrice=155100.0000 weightedPnl=-0.83% (pending fill)
2026-07-06 14:32:59 INFO  SELL_FILLED_PNL 105560 reason=EOD_FORCE_SELL filledQty=64/64 fillRatio=1.00 weightedPnl=-0.83% dailyPnl=-0.83%
2026-07-06 14:32:59 INFO  SELL_FILLED 105560 reason=EOD_FORCE_SELL remainingQty=0 phase=NONE exitType=TIMESTOP
2026-07-06 14:32:59 INFO  BUY [KRX] 403870 mode=RSI_BOLLINGER_REBOUND price=47400.0000 qty=210 size=1.0000x score=100[SS] | WHY: rsi=37.8 sig=41.8 bbLow=47448 5mLow=47300 rsiBbScore=100 vol(1.20x) | VWAP: -0.19%(BELOW slope=DN) allowedGap=5.00% | TREND: score=0 vel=-0.21%/-0.32%/-0.52% accel=true | VOL: 7561.0000/6279.0500 TO: 358391400.0000/299795327.5000 | HIGH: 48000.0000 fromHigh=-1.25% | RSI_BB: score=100 rsi=37.8 sig=41.8 bbLow=47448 5mLow=47300 cross=false | entryNo=1
2026-07-06 14:32:59 INFO  BUY_FILLED 403870 phase=HOLDING
2026-07-06 14:32:59 INFO  SELL [EOD_FORCE_SELL] 403870 pnl=0.21% time=15:30
2026-07-06 14:32:59 INFO  SELL_EXECUTED [KRX] 403870 mode=RSI_BOLLINGER_REBOUND phase=EXITING exitType=TIMESTOP price=47500.0000 qty=210 reason=EOD_FORCE_SELL pnl=0.21% peakPnl=0.84% holdMs=12300000 high=47800.0000 avgPrice=47400.0000 weightedPnl=0.21% (pending fill)
2026-07-06 14:32:59 INFO  SELL_FILLED_PNL 403870 reason=EOD_FORCE_SELL filledQty=210/210 fillRatio=1.00 weightedPnl=0.21% dailyPnl=0.21%
2026-07-06 14:32:59 INFO  SELL_FILLED 403870 reason=EOD_FORCE_SELL remainingQty=0 phase=NONE exitType=TIMESTOP
2026-07-06 14:32:59 INFO  BUY amount set for 034730: 10000000.00
2026-07-06 14:32:59 INFO  BUY [KRX] 042700 mode=RSI_BOLLINGER_REBOUND price=318500.0000 qty=31 size=1.0000x score=100[SS] | WHY: rsi=28.9 sig=32.8 bbLow=319033 5mLow=317500 rsiBbScore=100 vol(1.12x) | VWAP: -3.71%(BELOW slope=DN) allowedGap=5.00% | TREND: score=0 vel=-0.24%/-0.39%/-0.24% accel=true | VOL: 5320.0000/4732.0500 TO: 1693090000.0000/1512867337.5000 | HIGH: 321000.0000 fromHigh=-0.86% | RSI_BB: score=100 rsi=28.9 sig=32.8 bbLow=319033 5mLow=317500 cross=false | entryNo=1
2026-07-06 14:32:59 INFO  BUY_FILLED 042700 phase=HOLDING
2026-07-06 14:32:59 INFO  SELL [TRAIL_RSI_BOLLINGER_REBOUND] 042700 pnl=-1.02% peakPnl=2.12% high=325000.0000 current=315000.0000
2026-07-06 14:32:59 INFO  SELL_EXECUTED [KRX] 042700 mode=RSI_BOLLINGER_REBOUND phase=EXITING exitType=TRAIL price=315000.0000 qty=31 reason=TRAIL_RSI_BOLLINGER_REBOUND pnl=-1.02% peakPnl=2.12% holdMs=8880000 high=325000.0000 avgPrice=318250.0000 weightedPnl=-1.01% (pending fill)
2026-07-06 14:32:59 INFO  SELL_FILLED_PNL 042700 reason=TRAIL_RSI_BOLLINGER_REBOUND filledQty=31/31 fillRatio=1.00 weightedPnl=-1.01% dailyPnl=-1.01%
2026-07-06 14:32:59 INFO  SELL_FILLED 042700 reason=TRAIL_RSI_BOLLINGER_REBOUND remainingQty=0 phase=NONE exitType=TRAIL
2026-07-06 14:32:59 INFO  BUY [KRX] 012450 mode=RSI_BOLLINGER_REBOUND price=1177000.0000 qty=8 size=1.0000x score=100[SS] | WHY: rsi=41.9 sig=34.4 bbLow=1177433 5mLow=1176000 rsiBbScore=100 vol(1.90x) | VWAP: -1.55%(BELOW slope=DN) allowedGap=5.00% | TREND: score=0 vel=-0.08%/-0.25%/-0.34% accel=true | VOL: 595.0000/312.5500 TO: 700315000.0000/368360700.0000 | HIGH: 1183000.0000 fromHigh=-0.51% | RSI_BB: score=100 rsi=41.9 sig=34.4 bbLow=1177433 5mLow=1176000 cross=false | entryNo=1
2026-07-06 14:32:59 INFO  BUY_FILLED 012450 phase=HOLDING
2026-07-06 14:32:59 INFO  BUY [KRX] 035420 mode=RSI_BOLLINGER_REBOUND price=198000.0000 qty=50 size=1.0000x score=100[SS] | WHY: rsi=38.5 sig=41.3 bbLow=197941 5mLow=198000 rsiBbScore=100 vol(2.00x) | VWAP: -0.69%(BELOW slope=DN) allowedGap=5.00% | TREND: score=0 vel=-0.05%/0.00%/-0.05% accel=false | VOL: 3830.0000/1913.1000 TO: 758340000.0000/379104345.0000 | HIGH: 198500.0000 fromHigh=-0.25% | RSI_BB: score=100 rsi=38.5 sig=41.3 bbLow=197941 5mLow=198000 cross=false | entryNo=1
2026-07-06 14:32:59 INFO  SELL [EOD_FORCE_SELL] 012450 pnl=-0.34% time=15:30
2026-07-06 14:32:59 INFO  BUY_FILLED 035420 phase=HOLDING
2026-07-06 14:32:59 INFO  SELL_EXECUTED [KRX] 012450 mode=RSI_BOLLINGER_REBOUND phase=EXITING exitType=TIMESTOP price=1173000.0000 qty=8 reason=EOD_FORCE_SELL pnl=-0.34% peakPnl=0.85% holdMs=10800000 high=1187000.0000 avgPrice=1177000.0000 weightedPnl=-0.32% (pending fill)
2026-07-06 14:32:59 INFO  SELL_FILLED_PNL 012450 reason=EOD_FORCE_SELL filledQty=8/8 fillRatio=1.00 weightedPnl=-0.32% dailyPnl=-0.32%
2026-07-06 14:32:59 INFO  SELL_FILLED 012450 reason=EOD_FORCE_SELL remainingQty=0 phase=NONE exitType=TIMESTOP
2026-07-06 14:32:59 INFO  SELL [EOD_FORCE_SELL] 035420 pnl=0.40% time=15:30
2026-07-06 14:32:59 INFO  SELL_EXECUTED [KRX] 035420 mode=RSI_BOLLINGER_REBOUND phase=EXITING exitType=TIMESTOP price=198800.0000 qty=50 reason=EOD_FORCE_SELL pnl=0.40% peakPnl=0.96% holdMs=14700000 high=199900.0000 avgPrice=198000.0000 weightedPnl=0.40% (pending fill)
2026-07-06 14:32:59 INFO  SELL_FILLED_PNL 035420 reason=EOD_FORCE_SELL filledQty=50/50 fillRatio=1.00 weightedPnl=0.40% dailyPnl=0.40%
2026-07-06 14:32:59 INFO  SELL_FILLED 035420 reason=EOD_FORCE_SELL remainingQty=0 phase=NONE exitType=TIMESTOP
2026-07-06 14:33:00 INFO  BUY [KRX] 010120 mode=RSI_BOLLINGER_REBOUND price=231500.0000 qty=43 size=1.0000x score=100[SS] | WHY: rsi=32.5 sig=45.3 bbLow=232137 5mLow=230500 rsiBbScore=100 vol(1.65x) | VWAP: -2.15%(BELOW slope=DN) allowedGap=5.00% | TREND: score=0 vel=-0.22%/-0.43%/-0.22% accel=true | VOL: 9276.0000/5612.2000 TO: 2147394000.0000/1312845250.0000 | HIGH: 237000.0000 fromHigh=-2.32% | RSI_BB: score=100 rsi=32.5 sig=45.3 bbLow=232137 5mLow=230500 cross=false | entryNo=1
2026-07-06 14:33:00 INFO  BUY_FILLED 010120 phase=HOLDING
2026-07-06 14:33:00 INFO  BUY [KRX] 034730 mode=BREAKOUT price=373000.0000 qty=21 size=0.8000x score=85[A](CONV) | WHY: strongBreakout volBreakout retestOK multiUp vol(2.20x) | VWAP: 0.59%(ABOVE slope=UP) allowedGap=1.50% | TREND: score=3 vel=0.40%/0.27%/0.13% accel=true | VOL: 2035.0000/924.7000 TO: 759055000.0000/342901837.5000 | HIGH: 373500.0000 fromHigh=-0.13% | entryNo=1
2026-07-06 14:33:00 INFO  BUY_FILLED 034730 phase=HOLDING
2026-07-06 14:33:00 INFO  SELL_EXECUTED [KRX] 034730 mode=BREAKOUT phase=EXITING exitType=VWAP_BREAK price=371000.0000 qty=21 reason=VWAP_BREAK pnl=-0.54% peakPnl=0.94% holdMs=2580000 high=376500.0000 avgPrice=373000.0000 weightedPnl=-0.42% (pending fill)
2026-07-06 14:33:00 INFO  SELL_FILLED_PNL 034730 reason=VWAP_BREAK filledQty=21/21 fillRatio=1.00 weightedPnl=-0.42% dailyPnl=-0.42%
2026-07-06 14:33:00 INFO  SELL_EXECUTED [KRX] 010120 mode=RSI_BOLLINGER_REBOUND phase=EXITING exitType=STOPLOSS price=226000.0000 qty=43 reason=STOP_LOSS_RSI_BOLLINGER_REBOUND pnl=-2.38% peakPnl=1.73% holdMs=11580000 high=235500.0000 avgPrice=231500.0000 weightedPnl=-2.37% (pending fill)
2026-07-06 14:33:00 INFO  SELL_FILLED 034730 reason=VWAP_BREAK remainingQty=0 phase=NONE exitType=VWAP_BREAK
2026-07-06 14:33:00 INFO  SELL_FILLED_PNL 010120 reason=STOP_LOSS_RSI_BOLLINGER_REBOUND filledQty=43/43 fillRatio=1.00 weightedPnl=-2.37% dailyPnl=-2.37%
2026-07-06 14:33:00 INFO  SELL_FILLED 010120 reason=STOP_LOSS_RSI_BOLLINGER_REBOUND remainingQty=0 phase=NONE exitType=STOPLOSS
2026-07-06 14:33:00 INFO  BUY [KRX] 034730 mode=RSI_BOLLINGER_REBOUND price=369500.0000 qty=27 size=1.0000x score=100[SS] | WHY: rsi=33.7 sig=41.4 bbLow=369266 5mLow=369500 rsiBbScore=100 vol(1.58x) | VWAP: -0.34%(BELOW slope=DN) allowedGap=5.00% | TREND: score=0 vel=-0.14%/-0.14%/0.00% accel=false | VOL: 415.0000/262.2500 TO: 153342500.0000/97082925.0000 | HIGH: 371500.0000 fromHigh=-0.54% | RSI_BB: score=100 rsi=33.7 sig=41.4 bbLow=369266 5mLow=369500 cross=false | entryNo=1
2026-07-06 14:33:00 INFO  BUY_FILLED 034730 phase=HOLDING
2026-07-06 14:33:00 INFO  SELL [EOD_FORCE_SELL] 034730 pnl=0.41% time=15:30
2026-07-06 14:33:00 INFO  SELL_EXECUTED [KRX] 034730 mode=RSI_BOLLINGER_REBOUND phase=EXITING exitType=TIMESTOP price=371000.0000 qty=27 reason=EOD_FORCE_SELL pnl=0.41% peakPnl=0.54% holdMs=12720000 high=371500.0000 avgPrice=369500.0000 weightedPnl=0.40% (pending fill)
2026-07-06 14:33:00 INFO  SELL_FILLED_PNL 034730 reason=EOD_FORCE_SELL filledQty=27/27 fillRatio=1.00 weightedPnl=0.40% dailyPnl=0.40%
2026-07-06 14:33:00 INFO  SELL_FILLED 034730 reason=EOD_FORCE_SELL remainingQty=0 phase=NONE exitType=TIMESTOP
2026-07-06 14:33:00 INFO  BUY [KRX] 105560 mode=RSI_BOLLINGER_REBOUND price=148000.0000 qty=67 size=1.0000x score=100[SS] | WHY: rsi=35.2 sig=42.8 bbLow=147983 5mLow=148100 rsiBbScore=100 vol(1.03x) | VWAP: -1.30%(BELOW slope=DN) allowedGap=5.00% | TREND: score=0 vel=-0.13%/-0.07%/-0.20% accel=false | VOL: 3016.0000/2934.4500 TO: 446971200.0000/436077775.0000 | HIGH: 149400.0000 fromHigh=-0.80% | RSI_BB: score=100 rsi=35.2 sig=42.8 bbLow=147983 5mLow=148100 cross=false | entryNo=1
2026-07-06 14:33:00 INFO  BUY_FILLED 105560 phase=HOLDING
2026-07-06 14:33:00 INFO  BUY [KRX] 034730 mode=RSI_BOLLINGER_REBOUND price=366500.0000 qty=27 size=1.0000x score=100[SS] | WHY: rsi=36.0 sig=41.7 bbLow=366933 5mLow=366500 rsiBbScore=100 vol(1.13x) | VWAP: -0.49%(BELOW slope=DN) allowedGap=5.00% | TREND: score=0 vel=-0.14%/-0.14%/-0.20% accel=false | VOL: 353.0000/311.7500 TO: 129374500.0000/114518525.0000 | HIGH: 368500.0000 fromHigh=-0.54% | RSI_BB: score=100 rsi=36.0 sig=41.7 bbLow=366933 5mLow=366500 cross=false | entryNo=1
2026-07-06 14:33:00 INFO  BUY [KRX] 006400 mode=RSI_BOLLINGER_REBOUND price=556000.0000 qty=17 size=1.0000x score=100[SS] | WHY: rsi=34.3 sig=39.5 bbLow=555550 5mLow=555000 rsiBbScore=100 vol(1.29x) | VWAP: 0.47%(ABOVE slope=DN) allowedGap=5.00% | TREND: score=0 vel=-0.36%/-0.36%/-0.18% accel=false | VOL: 745.0000/577.1000 TO: 414220000.0000/322103850.0000 | HIGH: 560000.0000 fromHigh=-0.71% | RSI_BB: score=100 rsi=34.3 sig=39.5 bbLow=555550 5mLow=555000 cross=false | entryNo=1
2026-07-06 14:33:00 INFO  BUY_FILLED 034730 phase=HOLDING
2026-07-06 14:33:00 INFO  BUY_FILLED 006400 phase=HOLDING
2026-07-06 14:33:01 INFO  SELL [TRAIL_RSI_BOLLINGER_REBOUND] 105560 pnl=1.62% peakPnl=2.53% high=151950.0000 current=150600.0000
2026-07-06 14:33:01 INFO  SELL_EXECUTED [KRX] 105560 mode=RSI_BOLLINGER_REBOUND phase=EXITING exitType=TRAIL price=150600.0000 qty=67 reason=TRAIL_RSI_BOLLINGER_REBOUND pnl=1.62% peakPnl=2.53% holdMs=10740000 high=151950.0000 avgPrice=148200.0000 weightedPnl=1.61% (pending fill)
2026-07-06 14:33:01 INFO  SELL_FILLED_PNL 105560 reason=TRAIL_RSI_BOLLINGER_REBOUND filledQty=67/67 fillRatio=1.00 weightedPnl=1.61% dailyPnl=1.61%
2026-07-06 14:33:01 INFO  SELL_FILLED 105560 reason=TRAIL_RSI_BOLLINGER_REBOUND remainingQty=0 phase=NONE exitType=TRAIL
2026-07-06 14:33:01 INFO  SELL_EXECUTED [KRX] 006400 mode=RSI_BOLLINGER_REBOUND phase=EXITING exitType=STOPLOSS price=544000.0000 qty=17 reason=STOP_LOSS_RSI_BOLLINGER_REBOUND pnl=-2.16% peakPnl=0.90% holdMs=7320000 high=561000.0000 avgPrice=556000.0000 weightedPnl=-2.04% (pending fill)
2026-07-06 14:33:01 INFO  SELL_FILLED_PNL 006400 reason=STOP_LOSS_RSI_BOLLINGER_REBOUND filledQty=17/17 fillRatio=1.00 weightedPnl=-2.04% dailyPnl=-2.04%
2026-07-06 14:33:01 INFO  SELL_FILLED 006400 reason=STOP_LOSS_RSI_BOLLINGER_REBOUND remainingQty=0 phase=NONE exitType=STOPLOSS
2026-07-06 14:33:01 INFO  SELL [EOD_FORCE_SELL] 034730 pnl=0.55% time=15:30
2026-07-06 14:33:01 INFO  SELL_EXECUTED [KRX] 034730 mode=RSI_BOLLINGER_REBOUND phase=EXITING exitType=TIMESTOP price=368500.0000 qty=27 reason=EOD_FORCE_SELL pnl=0.55% peakPnl=0.95% holdMs=9900000 high=370000.0000 avgPrice=366500.0000 weightedPnl=0.54% (pending fill)
2026-07-06 14:33:01 INFO  SELL_FILLED_PNL 034730 reason=EOD_FORCE_SELL filledQty=27/27 fillRatio=1.00 weightedPnl=0.54% dailyPnl=0.54%
2026-07-06 14:33:01 INFO  SELL_FILLED 034730 reason=EOD_FORCE_SELL remainingQty=0 phase=NONE exitType=TIMESTOP
2026-07-06 14:33:01 INFO  BUY amount set for 222800: 10000000.00
2026-07-06 14:33:01 INFO  BUY [KRX] 055550 mode=RSI_BOLLINGER_REBOUND price=103500.0000 qty=96 size=1.0000x score=100[SS] | WHY: rsi=32.3 sig=33.2 bbLow=103494 5mLow=103500 rsiBbScore=100 vol(1.02x) | VWAP: -1.54%(BELOW slope=DN) allowedGap=5.00% | TREND: score=0 vel=-0.10%/-0.19%/-0.29% accel=true | VOL: 2047.0000/2000.5000 TO: 212273900.0000/207906810.0000 | HIGH: 104100.0000 fromHigh=-0.38% | RSI_BB: score=100 rsi=32.3 sig=33.2 bbLow=103494 5mLow=103500 cross=false | entryNo=1
2026-07-06 14:33:01 INFO  BUY_FILLED 055550 phase=HOLDING
2026-07-06 14:33:01 INFO  SELL [EOD_FORCE_SELL] 055550 pnl=-0.58% time=15:30
2026-07-06 14:33:01 INFO  SELL_EXECUTED [KRX] 055550 mode=RSI_BOLLINGER_REBOUND phase=EXITING exitType=TIMESTOP price=103100.0000 qty=96 reason=EOD_FORCE_SELL pnl=-0.58% peakPnl=0.58% holdMs=10200000 high=104300.0000 avgPrice=103700.0000 weightedPnl=-0.58% (pending fill)
2026-07-06 14:33:01 INFO  SELL_FILLED_PNL 055550 reason=EOD_FORCE_SELL filledQty=96/96 fillRatio=1.00 weightedPnl=-0.58% dailyPnl=-0.58%
2026-07-06 14:33:01 INFO  SELL_FILLED 055550 reason=EOD_FORCE_SELL remainingQty=0 phase=NONE exitType=TIMESTOP
2026-07-06 14:33:02 INFO  BUY [KRX] 222800 mode=RSI_BOLLINGER_REBOUND price=68400.0000 qty=146 size=1.0000x score=100[SS] | WHY: rsi=30.1 sig=32.4 bbLow=68284 5mLow=68100 rsiBbScore=100 vol(1.05x) | VWAP: -2.15%(BELOW slope=DN) allowedGap=5.00% | TREND: score=0 vel=-0.29%/-0.15%/-0.15% accel=false | VOL: 1579.0000/1502.1500 TO: 108003600.0000/102965987.5000 | HIGH: 68900.0000 fromHigh=-0.73% | RSI_BB: score=100 rsi=30.1 sig=32.4 bbLow=68284 5mLow=68100 cross=false | entryNo=1
2026-07-06 14:33:02 INFO  BUY_FILLED 222800 phase=HOLDING
2026-07-06 14:33:02 INFO  SELL [EOD_FORCE_SELL] 222800 pnl=-0.44% time=15:30
2026-07-06 14:33:02 INFO  SELL_EXECUTED [KRX] 222800 mode=RSI_BOLLINGER_REBOUND phase=EXITING exitType=TIMESTOP price=68100.0000 qty=146 reason=EOD_FORCE_SELL pnl=-0.44% peakPnl=1.17% holdMs=10440000 high=69200.0000 avgPrice=68400.0000 weightedPnl=-0.44% (pending fill)
2026-07-06 14:33:02 INFO  SELL_FILLED_PNL 222800 reason=EOD_FORCE_SELL filledQty=146/146 fillRatio=1.00 weightedPnl=-0.44% dailyPnl=-0.44%
2026-07-06 14:33:02 INFO  SELL_FILLED 222800 reason=EOD_FORCE_SELL remainingQty=0 phase=NONE exitType=TIMESTOP
2026-07-06 14:33:02 INFO  BUY [KRX] 222800 mode=RSI_BOLLINGER_REBOUND price=74400.0000 qty=134 size=1.0000x score=100[SS] | WHY: rsi=33.4 sig=31.7 bbLow=74343 5mLow=74400 rsiBbScore=100 vol(1.41x) | VWAP: -0.32%(BELOW slope=DN) allowedGap=5.00% | TREND: score=0 vel=-0.13%/-0.13%/-0.27% accel=false | VOL: 1132.0000/805.0000 TO: 84220800.0000/60072900.0000 | HIGH: 74900.0000 fromHigh=-0.67% | RSI_BB: score=100 rsi=33.4 sig=31.7 bbLow=74343 5mLow=74400 cross=false | entryNo=1
2026-07-06 14:33:02 INFO  BUY_FILLED 222800 phase=HOLDING
2026-07-06 14:33:02 INFO  SELL [TRAIL_RSI_BOLLINGER_REBOUND] 222800 pnl=1.48% peakPnl=2.42% high=76200.0000 current=75500.0000
2026-07-06 14:33:02 INFO  SELL_EXECUTED [KRX] 222800 mode=RSI_BOLLINGER_REBOUND phase=EXITING exitType=TRAIL price=75500.0000 qty=134 reason=TRAIL_RSI_BOLLINGER_REBOUND pnl=1.48% peakPnl=2.42% holdMs=5220000 high=76200.0000 avgPrice=74400.0000 weightedPnl=1.47% (pending fill)
2026-07-06 14:33:02 INFO  SELL_FILLED_PNL 222800 reason=TRAIL_RSI_BOLLINGER_REBOUND filledQty=134/134 fillRatio=1.00 weightedPnl=1.47% dailyPnl=1.47%
2026-07-06 14:33:02 INFO  SELL_FILLED 222800 reason=TRAIL_RSI_BOLLINGER_REBOUND remainingQty=0 phase=NONE exitType=TRAIL
2026-07-06 14:33:02 INFO  BUY [KRX] 012450 mode=RSI_BOLLINGER_REBOUND price=999000.0000 qty=10 size=1.0000x score=100[SS] | WHY: rsi=33.0 sig=36.1 bbLow=998629 5mLow=997000 rsiBbScore=100 vol(1.58x) | VWAP: -1.87%(BELOW slope=DN) allowedGap=5.00% | TREND: score=0 vel=-0.10%/-0.30%/-0.40% accel=true | VOL: 505.0000/319.1000 TO: 504495000.0000/320138700.0000 | HIGH: 1007000.0000 fromHigh=-0.79% | RSI_BB: score=100 rsi=33.0 sig=36.1 bbLow=998629 5mLow=997000 cross=false | entryNo=1
2026-07-06 14:33:02 INFO  BUY_FILLED 012450 phase=HOLDING
2026-07-06 14:33:02 INFO  SELL [EOD_FORCE_SELL] 012450 pnl=2.10% time=15:30
2026-07-06 14:33:03 INFO  SELL_EXECUTED [KRX] 012450 mode=RSI_BOLLINGER_REBOUND phase=EXITING exitType=TIMESTOP price=1020000.0000 qty=10 reason=EOD_FORCE_SELL pnl=2.10% peakPnl=2.20% holdMs=11040000 high=1021000.0000 avgPrice=999000.0000 weightedPnl=2.10% (pending fill)
2026-07-06 14:33:03 INFO  SELL_FILLED_PNL 012450 reason=EOD_FORCE_SELL filledQty=10/10 fillRatio=1.00 weightedPnl=2.10% dailyPnl=2.10%
2026-07-06 14:33:03 INFO  SELL_FILLED 012450 reason=EOD_FORCE_SELL remainingQty=0 phase=NONE exitType=TIMESTOP
2026-07-06 14:33:03 INFO  BUY [KRX] 222800 mode=RSI_BOLLINGER_REBOUND price=77800.0000 qty=128 size=1.0000x score=100[SS] | WHY: rsi=37.5 sig=40.3 bbLow=77919 5mLow=77800 rsiBbScore=100 vol(1.20x) | VWAP: -2.68%(BELOW slope=DN) allowedGap=5.00% | TREND: score=0 vel=-0.26%/-0.26%/-0.38% accel=false | VOL: 1663.0000/1383.7000 TO: 129381400.0000/108053170.0000 | HIGH: 78500.0000 fromHigh=-0.89% | RSI_BB: score=100 rsi=37.5 sig=40.3 bbLow=77919 5mLow=77800 cross=false | entryNo=1
2026-07-06 14:33:03 INFO  BUY_FILLED 222800 phase=HOLDING
2026-07-06 14:33:03 INFO  BUY amount set for 080220: 10000000.00
2026-07-06 14:33:03 INFO  SELL [EOD_FORCE_SELL] 222800 pnl=2.06% time=15:30
2026-07-06 14:33:03 INFO  SELL_EXECUTED [KRX] 222800 mode=RSI_BOLLINGER_REBOUND phase=EXITING exitType=TIMESTOP price=79400.0000 qty=128 reason=EOD_FORCE_SELL pnl=2.06% peakPnl=2.19% holdMs=9180000 high=79500.0000 avgPrice=77800.0000 weightedPnl=2.05% (pending fill)
2026-07-06 14:33:03 INFO  SELL_FILLED_PNL 222800 reason=EOD_FORCE_SELL filledQty=128/128 fillRatio=1.00 weightedPnl=2.05% dailyPnl=2.05%
2026-07-06 14:33:03 INFO  SELL_FILLED 222800 reason=EOD_FORCE_SELL remainingQty=0 phase=NONE exitType=TIMESTOP
2026-07-06 14:33:03 INFO  BUY amount set for 329180: 10000000.00
2026-07-06 14:33:03 INFO  BUY amount set for 347850: 10000000.00
2026-07-06 14:33:03 INFO  BUY amount set for 016360: 10000000.00
2026-07-06 14:33:03 INFO  BUY amount set for 006360: 10000000.00
2026-07-06 14:33:03 INFO  BUY [KRX] 080220 mode=RSI_BOLLINGER_REBOUND price=41250.0000 qty=242 size=1.0000x score=100[SS] | WHY: rsi=36.8 sig=35.2 bbLow=41222 5mLow=41200 rsiBbScore=100 vol(1.53x) | VWAP: -0.81%(BELOW slope=DN) allowedGap=5.00% | TREND: score=0 vel=-0.12%/-0.12%/-0.24% accel=false | VOL: 1858.0000/1214.1000 TO: 76642500.0000/50099237.5000 | HIGH: 41350.0000 fromHigh=-0.24% | RSI_BB: score=100 rsi=36.8 sig=35.2 bbLow=41222 5mLow=41200 cross=true | entryNo=1
2026-07-06 14:33:03 INFO  BUY_FILLED 080220 phase=HOLDING
2026-07-06 14:33:04 INFO  BUY amount set for 028050: 10000000.00
2026-07-06 14:33:04 INFO  SELL [EOD_FORCE_SELL] 080220 pnl=-0.36% time=15:30
2026-07-06 14:33:04 INFO  SELL_EXECUTED [KRX] 080220 mode=RSI_BOLLINGER_REBOUND phase=EXITING exitType=TIMESTOP price=41100.0000 qty=242 reason=EOD_FORCE_SELL pnl=-0.36% peakPnl=0.61% holdMs=9960000 high=41500.0000 avgPrice=41250.0000 weightedPnl=-0.36% (pending fill)
2026-07-06 14:33:04 INFO  SELL_FILLED_PNL 080220 reason=EOD_FORCE_SELL filledQty=242/242 fillRatio=1.00 weightedPnl=-0.36% dailyPnl=-0.36%
2026-07-06 14:33:04 INFO  SELL_FILLED 080220 reason=EOD_FORCE_SELL remainingQty=0 phase=NONE exitType=TIMESTOP
2026-07-06 14:33:04 INFO  BUY amount set for 272210: 10000000.00
2026-07-06 14:33:04 INFO  BUY [KRX] 080220 mode=RSI_BOLLINGER_REBOUND price=40800.0000 qty=245 size=1.0000x score=100[SS] | WHY: rsi=37.4 sig=40.5 bbLow=40756 5mLow=40700 rsiBbScore=100 vol(4.99x) | VWAP: 0.19%(ABOVE slope=DN) allowedGap=5.00% | TREND: score=0 vel=-0.12%/-0.12%/-0.12% accel=false | VOL: 3840.0000/770.2000 TO: 156672000.0000/31435745.0000 | HIGH: 40900.0000 fromHigh=-0.24% | RSI_BB: score=100 rsi=37.4 sig=40.5 bbLow=40756 5mLow=40700 cross=false | entryNo=1
2026-07-06 14:33:04 INFO  BUY_FILLED 080220 phase=HOLDING
2026-07-06 14:33:04 INFO  BUY amount set for 373220: 10000000.00
2026-07-06 14:33:04 INFO  SELL [EOD_FORCE_SELL] 080220 pnl=1.47% time=15:30
2026-07-06 14:33:04 INFO  SELL_EXECUTED [KRX] 080220 mode=RSI_BOLLINGER_REBOUND phase=EXITING exitType=TIMESTOP price=41400.0000 qty=245 reason=EOD_FORCE_SELL pnl=1.47% peakPnl=1.59% holdMs=10500000 high=41450.0000 avgPrice=40800.0000 weightedPnl=1.47% (pending fill)
2026-07-06 14:33:04 INFO  SELL_FILLED_PNL 080220 reason=EOD_FORCE_SELL filledQty=245/245 fillRatio=1.00 weightedPnl=1.47% dailyPnl=1.47%
2026-07-06 14:33:04 INFO  SELL_FILLED 080220 reason=EOD_FORCE_SELL remainingQty=0 phase=NONE exitType=TIMESTOP
2026-07-06 14:33:04 INFO  BUY amount set for 071050: 10000000.00
2026-07-06 14:33:04 INFO  BUY amount set for 267260: 10000000.00
2026-07-06 14:33:04 INFO  BUY amount set for 001820: 10000000.00
2026-07-06 14:33:04 INFO  BUY [KRX] 373220 mode=BREAKOUT price=414500.0000 qty=19 size=0.8000x score=85[A](CONV) | WHY: strongBreakout volBreakout retestOK multiUp vol(2.26x) | VWAP: 1.13%(ABOVE slope=UP) allowedGap=1.50% | TREND: score=3 vel=0.61%/0.30%/0.73% accel=true | VOL: 6286.0000/2786.4000 TO: 2605547000.0000/1142968000.0000 | HIGH: 414500.0000 fromHigh=0.00% | entryNo=1
2026-07-06 14:33:04 INFO  BUY_FILLED 373220 phase=HOLDING
2026-07-06 14:33:04 INFO  BUY amount set for 032830: 10000000.00
2026-07-06 14:33:04 INFO  SELL [EOD_FORCE_SELL] 373220 pnl=1.57% time=15:30
2026-07-06 14:33:04 INFO  SELL_EXECUTED [KRX] 373220 mode=BREAKOUT phase=EXITING exitType=TIMESTOP price=421000.0000 qty=19 reason=EOD_FORCE_SELL pnl=1.57% peakPnl=1.81% holdMs=22200000 high=422000.0000 avgPrice=414500.0000 weightedPnl=1.23% (pending fill)
2026-07-06 14:33:04 INFO  SELL_FILLED_PNL 373220 reason=EOD_FORCE_SELL filledQty=19/19 fillRatio=1.00 weightedPnl=1.23% dailyPnl=1.23%
2026-07-06 14:33:04 INFO  SELL_FILLED 373220 reason=EOD_FORCE_SELL remainingQty=0 phase=NONE exitType=TIMESTOP
2026-07-06 14:33:05 INFO  BUY [KRX] 272210 mode=RSI_BOLLINGER_REBOUND price=131000.0000 qty=76 size=1.0000x score=100[SS] | WHY: rsi=44.7 sig=38.8 bbLow=130839 5mLow=131000 rsiBbScore=100 vol(1.36x) | VWAP: -1.42%(BELOW slope=DN) allowedGap=5.00% | TREND: score=0 vel=-0.08%/-0.08%/-0.08% accel=false | VOL: 791.0000/582.5500 TO: 103700100.0000/76493000.0000 | HIGH: 131500.0000 fromHigh=-0.30% | RSI_BB: score=100 rsi=44.7 sig=38.8 bbLow=130839 5mLow=131000 cross=false | entryNo=1
2026-07-06 14:33:05 INFO  BUY_FILLED 272210 phase=HOLDING
2026-07-06 14:33:05 INFO  BUY [KRX] 080220 mode=BREAKOUT price=43400.0000 qty=230 size=1.0000x score=80[B] | WHY: strongBreakout volBreakout retestOK multiUp vol(5.22x) | VWAP: 1.34%(ABOVE slope=UP) allowedGap=1.50% | TREND: score=3 vel=0.58%/0.46%/0.70% accel=true | VOL: 15267.0000/2922.3500 TO: 662587800.0000/126088270.0000 | HIGH: 43400.0000 fromHigh=0.00% | entryNo=1
2026-07-06 14:33:05 INFO  BUY_FILLED 080220 phase=HOLDING
2026-07-06 14:33:05 INFO  SELL [EOD_FORCE_SELL] 272210 pnl=0.61% time=15:30
2026-07-06 14:33:05 INFO  BUY [KRX] 373220 mode=RSI_BOLLINGER_REBOUND price=403500.0000 qty=24 size=1.0000x score=100[SS] | WHY: rsi=27.5 sig=25.2 bbLow=403244 5mLow=403500 rsiBbScore=100 vol(1.56x) | VWAP: -1.08%(BELOW slope=DN) allowedGap=5.00% | TREND: score=0 vel=-0.12%/-0.12%/-0.25% accel=false | VOL: 545.0000/349.8000 TO: 219907500.0000/141477862.5000 | HIGH: 406000.0000 fromHigh=-0.62% | RSI_BB: score=100 rsi=27.5 sig=25.2 bbLow=403244 5mLow=403500 cross=false | entryNo=1
2026-07-06 14:33:05 INFO  SELL_EXECUTED [KRX] 272210 mode=RSI_BOLLINGER_REBOUND phase=EXITING exitType=TIMESTOP price=131900.0000 qty=76 reason=EOD_FORCE_SELL pnl=0.61% peakPnl=0.84% holdMs=9240000 high=132200.0000 avgPrice=131100.0000 weightedPnl=0.61% (pending fill)
2026-07-06 14:33:05 INFO  BUY_FILLED 373220 phase=HOLDING
2026-07-06 14:33:05 INFO  SELL_FILLED_PNL 272210 reason=EOD_FORCE_SELL filledQty=76/76 fillRatio=1.00 weightedPnl=0.61% dailyPnl=0.61%
2026-07-06 14:33:05 INFO  SELL_FILLED 272210 reason=EOD_FORCE_SELL remainingQty=0 phase=NONE exitType=TIMESTOP
2026-07-06 14:33:05 INFO  SELL [EOD_FORCE_SELL] 080220 pnl=-0.92% time=15:30
2026-07-06 14:33:05 INFO  SELL [EOD_FORCE_SELL] 373220 pnl=-0.50% time=15:30
2026-07-06 14:33:05 INFO  SELL_EXECUTED [KRX] 080220 mode=BREAKOUT phase=EXITING exitType=TIMESTOP price=43000.0000 qty=230 reason=EOD_FORCE_SELL pnl=-0.92% peakPnl=0.35% holdMs=20100000 high=43550.0000 avgPrice=43400.0000 weightedPnl=-0.92% (pending fill)
2026-07-06 14:33:05 INFO  SELL_EXECUTED [KRX] 373220 mode=RSI_BOLLINGER_REBOUND phase=EXITING exitType=TIMESTOP price=401500.0000 qty=24 reason=EOD_FORCE_SELL pnl=-0.50% peakPnl=0.12% holdMs=15600000 high=404000.0000 avgPrice=403500.0000 weightedPnl=-0.48% (pending fill)
2026-07-06 14:33:05 INFO  SELL_FILLED_PNL 080220 reason=EOD_FORCE_SELL filledQty=230/230 fillRatio=1.00 weightedPnl=-0.92% dailyPnl=-0.92%
2026-07-06 14:33:05 INFO  SELL_FILLED_PNL 373220 reason=EOD_FORCE_SELL filledQty=24/24 fillRatio=1.00 weightedPnl=-0.48% dailyPnl=-0.48%
2026-07-06 14:33:05 INFO  SELL_FILLED 080220 reason=EOD_FORCE_SELL remainingQty=0 phase=NONE exitType=TIMESTOP
2026-07-06 14:33:05 INFO  SELL_FILLED 373220 reason=EOD_FORCE_SELL remainingQty=0 phase=NONE exitType=TIMESTOP
2026-07-06 14:33:05 INFO  BUY [KRX] 028050 mode=RSI_BOLLINGER_REBOUND price=52300.0000 qty=191 size=1.0000x score=100[SS] | WHY: rsi=37.2 sig=41.2 bbLow=52309 5mLow=52200 rsiBbScore=100 vol(1.16x) | VWAP: -1.02%(BELOW slope=DN) allowedGap=5.00% | TREND: score=0 vel=-0.19%/-0.19%/-0.19% accel=false | VOL: 3370.0000/2900.4500 TO: 176251000.0000/151922845.0000 | HIGH: 52500.0000 fromHigh=-0.38% | RSI_BB: score=100 rsi=37.2 sig=41.2 bbLow=52309 5mLow=52200 cross=false | entryNo=1
2026-07-06 14:33:05 INFO  BUY_FILLED 028050 phase=HOLDING
2026-07-06 14:33:05 INFO  BUY [KRX] 080220 mode=RSI_BOLLINGER_REBOUND price=45850.0000 qty=218 size=1.0000x score=100[SS] | WHY: rsi=33.5 sig=34.9 bbLow=45942 5mLow=45800 rsiBbScore=100 vol(1.17x) | VWAP: -2.76%(BELOW slope=DN) allowedGap=5.00% | TREND: score=0 vel=-0.22%/-0.43%/-0.70% accel=true | VOL: 10657.0000/9097.6500 TO: 488623450.0000/419230018.7500 | HIGH: 46350.0000 fromHigh=-1.08% | RSI_BB: score=100 rsi=33.5 sig=34.9 bbLow=45942 5mLow=45800 cross=false | entryNo=1
2026-07-06 14:33:05 INFO  BUY_FILLED 080220 phase=HOLDING
2026-07-06 14:33:05 INFO  SELL [TRAIL_RSI_BOLLINGER_REBOUND] 080220 pnl=1.36% peakPnl=2.18% high=46850.0000 current=46475.0000
2026-07-06 14:33:05 INFO  SELL_EXECUTED [KRX] 080220 mode=RSI_BOLLINGER_REBOUND phase=EXITING exitType=TRAIL price=46475.0000 qty=218 reason=TRAIL_RSI_BOLLINGER_REBOUND pnl=1.36% peakPnl=2.18% holdMs=4380000 high=46850.0000 avgPrice=45850.0000 weightedPnl=1.36% (pending fill)
2026-07-06 14:33:05 INFO  SELL_FILLED_PNL 080220 reason=TRAIL_RSI_BOLLINGER_REBOUND filledQty=218/218 fillRatio=1.00 weightedPnl=1.36% dailyPnl=1.36%
2026-07-06 14:33:05 INFO  SELL_FILLED 080220 reason=TRAIL_RSI_BOLLINGER_REBOUND remainingQty=0 phase=NONE exitType=TRAIL
2026-07-06 14:33:05 INFO  SELL [EOD_FORCE_SELL] 028050 pnl=0.19% time=15:30
2026-07-06 14:33:05 INFO  SELL_EXECUTED [KRX] 028050 mode=RSI_BOLLINGER_REBOUND phase=EXITING exitType=TIMESTOP price=52400.0000 qty=191 reason=EOD_FORCE_SELL pnl=0.19% peakPnl=1.34% holdMs=10500000 high=53000.0000 avgPrice=52300.0000 weightedPnl=0.19% (pending fill)
2026-07-06 14:33:05 INFO  SELL_FILLED_PNL 028050 reason=EOD_FORCE_SELL filledQty=191/191 fillRatio=1.00 weightedPnl=0.19% dailyPnl=0.19%
2026-07-06 14:33:05 INFO  SELL_FILLED 028050 reason=EOD_FORCE_SELL remainingQty=0 phase=NONE exitType=TIMESTOP
2026-07-06 14:33:05 INFO  BUY amount set for 068270: 10000000.00
2026-07-06 14:33:05 INFO  BUY [KRX] 272210 mode=RSI_BOLLINGER_REBOUND price=129000.0000 qty=77 size=1.0000x score=100[SS] | WHY: rsi=28.9 sig=31.1 bbLow=128932 5mLow=128800 rsiBbScore=100 vol(2.01x) | VWAP: -0.67%(BELOW slope=DN) allowedGap=5.00% | TREND: score=0 vel=-0.08%/-0.08%/-0.15% accel=false | VOL: 2813.0000/1398.1000 TO: 362595700.0000/180408075.0000 | HIGH: 129200.0000 fromHigh=-0.23% | RSI_BB: score=100 rsi=28.9 sig=31.1 bbLow=128932 5mLow=128800 cross=false | entryNo=1
2026-07-06 14:33:05 INFO  BUY_FILLED 272210 phase=HOLDING
2026-07-06 14:33:05 INFO  BUY [KRX] 080220 mode=RSI_BOLLINGER_REBOUND price=45550.0000 qty=219 size=1.0000x score=100[SS] | WHY: rsi=39.7 sig=43.7 bbLow=45463 5mLow=45550 rsiBbScore=100 vol(1.12x) | VWAP: -2.08%(BELOW slope=DN) allowedGap=5.00% | TREND: score=0 vel=-0.33%/-0.33%/-0.11% accel=false | VOL: 4085.0000/3643.5000 TO: 186071750.0000/166458352.5000 | HIGH: 45850.0000 fromHigh=-0.65% | RSI_BB: score=100 rsi=39.7 sig=43.7 bbLow=45463 5mLow=45550 cross=false | entryNo=1
2026-07-06 14:33:05 INFO  BUY_FILLED 080220 phase=HOLDING
2026-07-06 14:33:05 INFO  BUY [KRX] 347850 mode=RSI_BOLLINGER_REBOUND price=79300.0000 qty=126 size=1.0000x score=100[SS] | WHY: rsi=32.3 sig=30.9 bbLow=79436 5mLow=79200 rsiBbScore=100 vol(2.06x) | VWAP: -1.28%(BELOW slope=DN) allowedGap=5.00% | TREND: score=0 vel=-0.13%/-0.13%/-0.50% accel=false | VOL: 2687.0000/1302.5500 TO: 213079100.0000/103538220.0000 | HIGH: 79800.0000 fromHigh=-0.63% | RSI_BB: score=100 rsi=32.3 sig=30.9 bbLow=79436 5mLow=79200 cross=true | entryNo=1
2026-07-06 14:33:05 INFO  BUY_FILLED 347850 phase=HOLDING
2026-07-06 14:33:05 INFO  SELL_EXECUTED [KRX] 080220 mode=RSI_BOLLINGER_REBOUND phase=EXITING exitType=STOPLOSS price=44500.0000 qty=219 reason=STOP_LOSS_RSI_BOLLINGER_REBOUND pnl=-2.31% peakPnl=0.33% holdMs=4620000 high=45700.0000 avgPrice=45550.0000 weightedPnl=-2.30% (pending fill)
2026-07-06 14:33:05 INFO  SELL_FILLED_PNL 080220 reason=STOP_LOSS_RSI_BOLLINGER_REBOUND filledQty=219/219 fillRatio=1.00 weightedPnl=-2.30% dailyPnl=-2.30%
2026-07-06 14:33:05 INFO  SELL_FILLED 080220 reason=STOP_LOSS_RSI_BOLLINGER_REBOUND remainingQty=0 phase=NONE exitType=STOPLOSS
2026-07-06 14:33:05 INFO  SELL [EOD_FORCE_SELL] 272210 pnl=0.47% time=15:30
2026-07-06 14:33:05 INFO  SELL_EXECUTED [KRX] 272210 mode=RSI_BOLLINGER_REBOUND phase=EXITING exitType=TIMESTOP price=129500.0000 qty=77 reason=EOD_FORCE_SELL pnl=0.47% peakPnl=0.93% holdMs=13500000 high=130100.0000 avgPrice=128900.0000 weightedPnl=0.46% (pending fill)
2026-07-06 14:33:05 INFO  SELL_FILLED_PNL 272210 reason=EOD_FORCE_SELL filledQty=77/77 fillRatio=1.00 weightedPnl=0.46% dailyPnl=0.46%
2026-07-06 14:33:05 INFO  SELL_FILLED 272210 reason=EOD_FORCE_SELL remainingQty=0 phase=NONE exitType=TIMESTOP
2026-07-06 14:33:05 INFO  BUY [KRX] 006360 mode=RSI_BOLLINGER_REBOUND price=38400.0000 qty=260 size=1.0000x score=100[SS] | WHY: rsi=35.4 sig=40.1 bbLow=38395 5mLow=38350 rsiBbScore=100 vol(1.33x) | VWAP: -0.10%(BELOW slope=DN) allowedGap=5.00% | TREND: score=0 vel=-0.13%/0.00%/0.00% accel=false | VOL: 2598.0000/1953.6500 TO: 99763200.0000/75157991.2500 | HIGH: 38650.0000 fromHigh=-0.65% | RSI_BB: score=100 rsi=35.4 sig=40.1 bbLow=38395 5mLow=38350 cross=false | entryNo=1
2026-07-06 14:33:05 INFO  BUY_FILLED 006360 phase=HOLDING
2026-07-06 14:33:05 INFO  SELL [EOD_FORCE_SELL] 347850 pnl=0.63% time=15:30
2026-07-06 14:33:05 INFO  SELL_EXECUTED [KRX] 347850 mode=RSI_BOLLINGER_REBOUND phase=EXITING exitType=TIMESTOP price=79800.0000 qty=126 reason=EOD_FORCE_SELL pnl=0.63% peakPnl=1.26% holdMs=15600000 high=80300.0000 avgPrice=79300.0000 weightedPnl=0.63% (pending fill)
2026-07-06 14:33:05 INFO  SELL_FILLED_PNL 347850 reason=EOD_FORCE_SELL filledQty=126/126 fillRatio=1.00 weightedPnl=0.63% dailyPnl=0.63%
2026-07-06 14:33:05 INFO  SELL_FILLED 347850 reason=EOD_FORCE_SELL remainingQty=0 phase=NONE exitType=TIMESTOP
2026-07-06 14:33:05 INFO  BUY [KRX] 028050 mode=RSI_BOLLINGER_REBOUND price=49400.0000 qty=202 size=1.0000x score=100[SS] | WHY: rsi=38.0 sig=42.7 bbLow=49448 5mLow=49350 rsiBbScore=100 vol(1.89x) | VWAP: -0.88%(BELOW slope=DN) allowedGap=5.00% | TREND: score=0 vel=-0.30%/-0.40%/-0.40% accel=true | VOL: 12571.0000/6655.9500 TO: 621007400.0000/329632127.5000 | HIGH: 49750.0000 fromHigh=-0.70% | RSI_BB: score=100 rsi=38.0 sig=42.7 bbLow=49448 5mLow=49350 cross=false | entryNo=1
2026-07-06 14:33:05 INFO  BUY_FILLED 028050 phase=HOLDING
2026-07-06 14:33:05 INFO  SELL [EOD_FORCE_SELL] 006360 pnl=-0.91% time=15:30
2026-07-06 14:33:05 INFO  SELL_EXECUTED [KRX] 006360 mode=RSI_BOLLINGER_REBOUND phase=EXITING exitType=TIMESTOP price=38050.0000 qty=260 reason=EOD_FORCE_SELL pnl=-0.91% peakPnl=0.13% holdMs=11460000 high=38450.0000 avgPrice=38400.0000 weightedPnl=-0.91% (pending fill)
2026-07-06 14:33:05 INFO  SELL_FILLED_PNL 006360 reason=EOD_FORCE_SELL filledQty=260/260 fillRatio=1.00 weightedPnl=-0.91% dailyPnl=-0.91%
2026-07-06 14:33:05 INFO  SELL_FILLED 006360 reason=EOD_FORCE_SELL remainingQty=0 phase=NONE exitType=TIMESTOP
2026-07-06 14:33:05 INFO  BUY [KRX] 071050 mode=RSI_BOLLINGER_REBOUND price=257500.0000 qty=38 size=1.0000x score=100[SS] | WHY: rsi=28.1 sig=40.0 bbLow=257459 5mLow=257000 rsiBbScore=100 vol(3.31x) | VWAP: -1.23%(BELOW slope=DN) allowedGap=5.00% | TREND: score=1 vel=-0.39%/0.00%/0.19% accel=false | VOL: 1289.0000/389.8000 TO: 331917500.0000/100420325.0000 | HIGH: 259000.0000 fromHigh=-0.58% | RSI_BB: score=100 rsi=28.1 sig=40.0 bbLow=257459 5mLow=257000 cross=false | entryNo=1
2026-07-06 14:33:05 INFO  SELL [EOD_FORCE_SELL] 028050 pnl=-0.20% time=15:30
2026-07-06 14:33:05 INFO  BUY_FILLED 071050 phase=HOLDING
2026-07-06 14:33:05 INFO  SELL_EXECUTED [KRX] 028050 mode=RSI_BOLLINGER_REBOUND phase=EXITING exitType=TIMESTOP price=49300.0000 qty=202 reason=EOD_FORCE_SELL pnl=-0.20% peakPnl=0.61% holdMs=14820000 high=49700.0000 avgPrice=49400.0000 weightedPnl=-0.20% (pending fill)
2026-07-06 14:33:05 INFO  SELL_FILLED_PNL 028050 reason=EOD_FORCE_SELL filledQty=202/202 fillRatio=1.00 weightedPnl=-0.20% dailyPnl=-0.20%
2026-07-06 14:33:05 INFO  SELL_FILLED 028050 reason=EOD_FORCE_SELL remainingQty=0 phase=NONE exitType=TIMESTOP
2026-07-06 14:33:05 INFO  BUY [KRX] 373220 mode=BREAKOUT price=430500.0000 qty=23 size=1.0000x score=80[B] | WHY: strongBreakout volBreakout retestOK multiUp vol(2.81x) | VWAP: 0.91%(ABOVE slope=UP) allowedGap=1.50% | TREND: score=3 vel=0.35%/0.23%/0.58% accel=true | VOL: 4599.0000/1634.9000 TO: 1979869500.0000/700933362.5000 | HIGH: 431000.0000 fromHigh=-0.12% | entryNo=1
2026-07-06 14:33:05 INFO  SELL [EOD_FORCE_SELL] 071050 pnl=-0.19% time=15:30
2026-07-06 14:33:05 INFO  BUY_FILLED 373220 phase=HOLDING
2026-07-06 14:33:05 INFO  SELL_EXECUTED [KRX] 071050 mode=RSI_BOLLINGER_REBOUND phase=EXITING exitType=TIMESTOP price=257000.0000 qty=38 reason=EOD_FORCE_SELL pnl=-0.19% peakPnl=0.58% holdMs=11280000 high=259000.0000 avgPrice=257500.0000 weightedPnl=-0.19% (pending fill)
2026-07-06 14:33:06 INFO  SELL_FILLED_PNL 071050 reason=EOD_FORCE_SELL filledQty=38/38 fillRatio=1.00 weightedPnl=-0.19% dailyPnl=-0.19%
2026-07-06 14:33:06 INFO  SELL_FILLED 071050 reason=EOD_FORCE_SELL remainingQty=0 phase=NONE exitType=TIMESTOP
2026-07-06 14:33:06 INFO  SELL_EXECUTED [KRX] 373220 mode=BREAKOUT phase=EXITING exitType=VWAP_BREAK price=428000.0000 qty=23 reason=VWAP_BREAK pnl=-0.58% peakPnl=1.05% holdMs=17040000 high=435000.0000 avgPrice=430500.0000 weightedPnl=-0.58% (pending fill)
2026-07-06 14:33:06 INFO  SELL_FILLED_PNL 373220 reason=VWAP_BREAK filledQty=23/23 fillRatio=1.00 weightedPnl=-0.58% dailyPnl=-0.58%
2026-07-06 14:33:06 INFO  SELL_FILLED 373220 reason=VWAP_BREAK remainingQty=0 phase=NONE exitType=VWAP_BREAK
2026-07-06 14:33:06 INFO  BUY [KRX] 032830 mode=RSI_BOLLINGER_REBOUND price=255500.0000 qty=39 size=1.0000x score=100[SS] | WHY: rsi=21.7 sig=30.3 bbLow=255659 5mLow=255500 rsiBbScore=100 vol(1.01x) | VWAP: -1.62%(BELOW slope=DN) allowedGap=5.00% | TREND: score=0 vel=-0.20%/0.00%/-0.20% accel=false | VOL: 408.0000/404.7000 TO: 104244000.0000/103761662.5000 | HIGH: 257000.0000 fromHigh=-0.58% | RSI_BB: score=100 rsi=21.7 sig=30.3 bbLow=255659 5mLow=255500 cross=false | entryNo=1
2026-07-06 14:33:06 INFO  BUY_FILLED 032830 phase=HOLDING
2026-07-06 14:33:06 INFO  BUY [KRX] 347850 mode=OPENING_RANGE_BREAKOUT price=82400.0000 qty=121 size=1.0000x score=70[D] | WHY: vwap=1.44% trend=3 vol(2.49x) | VWAP: 1.44%(ABOVE slope=UP) allowedGap=1.00% | TREND: score=3 vel=0.73%/0.49%/0.86% accel=true | VOL: 11207.0000/4492.3000 TO: 923456800.0000/368645445.0000 | HIGH: 82800.0000 fromHigh=-0.48% | entryNo=1
2026-07-06 14:33:06 INFO  BUY_FILLED 347850 phase=HOLDING
2026-07-06 14:33:06 INFO  BUY [KRX] 329180 mode=RSI_BOLLINGER_REBOUND price=670000.0000 qty=14 size=1.0000x score=100[SS] | WHY: rsi=32.2 sig=36.5 bbLow=669517 5mLow=670000 rsiBbScore=100 vol(2.18x) | VWAP: -1.43%(BELOW slope=DN) allowedGap=5.00% | TREND: score=0 vel=-0.15%/-0.15%/0.00% accel=false | VOL: 1517.0000/694.4500 TO: 1016390000.0000/466023250.0000 | HIGH: 673000.0000 fromHigh=-0.45% | RSI_BB: score=100 rsi=32.2 sig=36.5 bbLow=669517 5mLow=670000 cross=false | entryNo=1
2026-07-06 14:33:06 INFO  SELL [TRAIL_OPENING_RANGE_BREAKOUT] 347850 pnl=0.61% peakPnl=1.58% high=83700.0000 current=82900.0000
2026-07-06 14:33:06 INFO  BUY_FILLED 329180 phase=HOLDING
2026-07-06 14:33:06 INFO  SELL_EXECUTED [KRX] 347850 mode=OPENING_RANGE_BREAKOUT phase=EXITING exitType=TRAIL price=82900.0000 qty=121 reason=TRAIL_OPENING_RANGE_BREAKOUT pnl=0.61% peakPnl=1.58% holdMs=600000 high=83700.0000 avgPrice=82400.0000 weightedPnl=0.61% (pending fill)
2026-07-06 14:33:06 INFO  SELL_FILLED_PNL 347850 reason=TRAIL_OPENING_RANGE_BREAKOUT filledQty=121/121 fillRatio=1.00 weightedPnl=0.61% dailyPnl=0.61%
2026-07-06 14:33:06 INFO  SELL_FILLED 347850 reason=TRAIL_OPENING_RANGE_BREAKOUT remainingQty=0 phase=NONE exitType=TRAIL
2026-07-06 14:33:06 INFO  SELL [TRAIL_RSI_BOLLINGER_REBOUND] 329180 pnl=1.27% peakPnl=2.09% high=684000.0000 current=678500.0000
2026-07-06 14:33:06 INFO  SELL_EXECUTED [KRX] 329180 mode=RSI_BOLLINGER_REBOUND phase=EXITING exitType=TRAIL price=678500.0000 qty=14 reason=TRAIL_RSI_BOLLINGER_REBOUND pnl=1.27% peakPnl=2.09% holdMs=7380000 high=684000.0000 avgPrice=670000.0000 weightedPnl=1.19% (pending fill)
2026-07-06 14:33:06 INFO  SELL_FILLED_PNL 329180 reason=TRAIL_RSI_BOLLINGER_REBOUND filledQty=14/14 fillRatio=1.00 weightedPnl=1.19% dailyPnl=1.19%
2026-07-06 14:33:06 INFO  SELL_FILLED 329180 reason=TRAIL_RSI_BOLLINGER_REBOUND remainingQty=0 phase=NONE exitType=TRAIL
2026-07-06 14:33:06 INFO  SELL [EOD_FORCE_SELL] 032830 pnl=0.98% time=15:30
2026-07-06 14:33:06 INFO  SELL_EXECUTED [KRX] 032830 mode=RSI_BOLLINGER_REBOUND phase=EXITING exitType=TIMESTOP price=258000.0000 qty=39 reason=EOD_FORCE_SELL pnl=0.98% peakPnl=1.37% holdMs=13020000 high=259000.0000 avgPrice=255500.0000 weightedPnl=0.97% (pending fill)
2026-07-06 14:33:06 INFO  SELL_FILLED_PNL 032830 reason=EOD_FORCE_SELL filledQty=39/39 fillRatio=1.00 weightedPnl=0.97% dailyPnl=0.97%
2026-07-06 14:33:06 INFO  SELL_FILLED 032830 reason=EOD_FORCE_SELL remainingQty=0 phase=NONE exitType=TIMESTOP
2026-07-06 14:33:06 INFO  BUY [KRX] 329180 mode=RSI_BOLLINGER_REBOUND price=657000.0000 qty=15 size=1.0000x score=100[SS] | WHY: rsi=28.1 sig=37.1 bbLow=656425 5mLow=656000 rsiBbScore=100 vol(1.71x) | VWAP: -0.56%(BELOW slope=DN) allowedGap=5.00% | TREND: score=1 vel=-0.15%/0.00%/0.15% accel=false | VOL: 1095.0000/641.4000 TO: 719415000.0000/421938150.0000 | HIGH: 659000.0000 fromHigh=-0.30% | RSI_BB: score=100 rsi=28.1 sig=37.1 bbLow=656425 5mLow=656000 cross=false | entryNo=1
2026-07-06 14:33:06 INFO  BUY_FILLED 329180 phase=HOLDING
2026-07-06 14:33:06 INFO  BUY [KRX] 272210 mode=RSI_BOLLINGER_REBOUND price=131000.0000 qty=76 size=1.0000x score=100[SS] | WHY: rsi=32.4 sig=34.6 bbLow=130989 5mLow=131000 rsiBbScore=100 vol(1.17x) | VWAP: -0.92%(BELOW slope=DN) allowedGap=5.00% | TREND: score=0 vel=-0.08%/-0.04%/-0.08% accel=false | VOL: 1041.0000/888.1000 TO: 136371000.0000/116557800.0000 | HIGH: 131700.0000 fromHigh=-0.53% | RSI_BB: score=100 rsi=32.4 sig=34.6 bbLow=130989 5mLow=131000 cross=false | entryNo=1
2026-07-06 14:33:06 INFO  SELL [EOD_FORCE_SELL] 329180 pnl=1.52% time=15:30
2026-07-06 14:33:06 INFO  BUY_FILLED 272210 phase=HOLDING
2026-07-06 14:33:06 INFO  SELL_EXECUTED [KRX] 329180 mode=RSI_BOLLINGER_REBOUND phase=EXITING exitType=TIMESTOP price=667000.0000 qty=15 reason=EOD_FORCE_SELL pnl=1.52% peakPnl=1.67% holdMs=12120000 high=668000.0000 avgPrice=657000.0000 weightedPnl=1.50% (pending fill)
2026-07-06 14:33:06 INFO  SELL_FILLED_PNL 329180 reason=EOD_FORCE_SELL filledQty=15/15 fillRatio=1.00 weightedPnl=1.50% dailyPnl=1.50%
2026-07-06 14:33:06 INFO  SELL_FILLED 329180 reason=EOD_FORCE_SELL remainingQty=0 phase=NONE exitType=TIMESTOP
2026-07-06 14:33:06 INFO  SELL [EOD_FORCE_SELL] 272210 pnl=-0.46% time=15:30
2026-07-06 14:33:06 INFO  SELL_EXECUTED [KRX] 272210 mode=RSI_BOLLINGER_REBOUND phase=EXITING exitType=TIMESTOP price=130400.0000 qty=76 reason=EOD_FORCE_SELL pnl=-0.46% peakPnl=0.53% holdMs=14160000 high=131700.0000 avgPrice=131000.0000 weightedPnl=-0.46% (pending fill)
2026-07-06 14:33:06 INFO  SELL_FILLED_PNL 272210 reason=EOD_FORCE_SELL filledQty=76/76 fillRatio=1.00 weightedPnl=-0.46% dailyPnl=-0.46%
2026-07-06 14:33:06 INFO  SELL_FILLED 272210 reason=EOD_FORCE_SELL remainingQty=0 phase=NONE exitType=TIMESTOP
2026-07-06 14:33:06 INFO  BUY [KRX] 272210 mode=RSI_BOLLINGER_REBOUND price=127500.0000 qty=78 size=1.0000x score=100[SS] | WHY: rsi=42.7 sig=36.9 bbLow=127154 5mLow=127200 rsiBbScore=100 vol(1.41x) | VWAP: 0.11%(ABOVE slope=DN) allowedGap=5.00% | TREND: score=0 vel=-0.04%/0.00%/-0.16% accel=false | VOL: 1377.0000/977.8000 TO: 175292100.0000/124553802.5000 | HIGH: 127500.0000 fromHigh=-0.16% | RSI_BB: score=100 rsi=42.7 sig=36.9 bbLow=127154 5mLow=127200 cross=false | entryNo=1
2026-07-06 14:33:06 INFO  BUY_FILLED 272210 phase=HOLDING
2026-07-06 14:33:06 INFO  SELL [EOD_FORCE_SELL] 272210 pnl=-0.94% time=15:30
2026-07-06 14:33:06 INFO  SELL_EXECUTED [KRX] 272210 mode=RSI_BOLLINGER_REBOUND phase=EXITING exitType=TIMESTOP price=126100.0000 qty=78 reason=EOD_FORCE_SELL pnl=-0.94% peakPnl=0.55% holdMs=9240000 high=128000.0000 avgPrice=127300.0000 weightedPnl=-0.94% (pending fill)
2026-07-06 14:33:06 INFO  SELL_FILLED_PNL 272210 reason=EOD_FORCE_SELL filledQty=78/78 fillRatio=1.00 weightedPnl=-0.94% dailyPnl=-0.94%
2026-07-06 14:33:06 INFO  SELL_FILLED 272210 reason=EOD_FORCE_SELL remainingQty=0 phase=NONE exitType=TIMESTOP
2026-07-06 14:33:06 INFO  BUY [KRX] 272210 mode=RSI_BOLLINGER_REBOUND price=120000.0000 qty=83 size=1.0000x score=100[SS] | WHY: rsi=44.8 sig=38.3 bbLow=119841 5mLow=119900 rsiBbScore=100 vol(3.33x) | VWAP: -0.56%(BELOW slope=DN) allowedGap=5.00% | TREND: score=0 vel=-0.08%/0.00%/-0.08% accel=false | VOL: 8449.0000/2538.4000 TO: 1013880000.0000/304653165.0000 | HIGH: 120300.0000 fromHigh=-0.25% | RSI_BB: score=100 rsi=44.8 sig=38.3 bbLow=119841 5mLow=119900 cross=true | entryNo=1
2026-07-06 14:33:06 INFO  BUY_FILLED 272210 phase=HOLDING
2026-07-06 14:33:06 INFO  SELL [EOD_FORCE_SELL] 272210 pnl=-0.08% time=15:30
2026-07-06 14:33:06 INFO  SELL_EXECUTED [KRX] 272210 mode=RSI_BOLLINGER_REBOUND phase=EXITING exitType=TIMESTOP price=119900.0000 qty=83 reason=EOD_FORCE_SELL pnl=-0.08% peakPnl=0.25% holdMs=11220000 high=120300.0000 avgPrice=120000.0000 weightedPnl=-0.08% (pending fill)
2026-07-06 14:33:06 INFO  SELL_FILLED_PNL 272210 reason=EOD_FORCE_SELL filledQty=83/83 fillRatio=1.00 weightedPnl=-0.08% dailyPnl=-0.08%
2026-07-06 14:33:06 INFO  SELL_FILLED 272210 reason=EOD_FORCE_SELL remainingQty=0 phase=NONE exitType=TIMESTOP
2026-07-06 14:33:07 INFO  BUY [KRX] 068270 mode=RSI_BOLLINGER_REBOUND price=197500.0000 qty=50 size=1.0000x score=100[SS] | WHY: rsi=39.4 sig=43.4 bbLow=197394 5mLow=197305 rsiBbScore=100 vol(1.34x) | VWAP: -0.06%(BELOW slope=DN) allowedGap=5.00% | TREND: score=0 vel=-0.24%/-0.24%/-0.24% accel=false | VOL: 1125.0000/836.9500 TO: 221968125.0000/165421989.1500 | HIGH: 198259.0000 fromHigh=-0.48% | RSI_BB: score=100 rsi=39.4 sig=43.4 bbLow=197394 5mLow=197305 cross=false | entryNo=1
2026-07-06 14:33:07 INFO  BUY_FILLED 068270 phase=HOLDING
2026-07-06 14:33:07 INFO  SELL [EOD_FORCE_SELL] 068270 pnl=-0.72% time=15:30
2026-07-06 14:33:07 INFO  SELL_EXECUTED [KRX] 068270 mode=RSI_BOLLINGER_REBOUND phase=EXITING exitType=TIMESTOP price=195876.0000 qty=50 reason=EOD_FORCE_SELL pnl=-0.72% peakPnl=0.48% holdMs=11220000 high=198259.0000 avgPrice=197305.0000 weightedPnl=-0.71% (pending fill)
2026-07-06 14:33:07 INFO  SELL_FILLED_PNL 068270 reason=EOD_FORCE_SELL filledQty=50/50 fillRatio=1.00 weightedPnl=-0.71% dailyPnl=-0.71%
2026-07-06 14:33:07 INFO  SELL_FILLED 068270 reason=EOD_FORCE_SELL remainingQty=0 phase=NONE exitType=TIMESTOP
2026-07-06 14:33:07 INFO  BUY [KRX] 032830 mode=RSI_BOLLINGER_REBOUND price=246500.0000 qty=40 size=1.0000x score=100[SS] | WHY: rsi=41.8 sig=39.4 bbLow=246145 5mLow=246500 rsiBbScore=100 vol(2.28x) | VWAP: -1.14%(BELOW slope=DN) allowedGap=5.00% | TREND: score=0 vel=-0.20%/-0.20%/-0.20% accel=false | VOL: 616.0000/270.1500 TO: 151844000.0000/66662925.0000 | HIGH: 247500.0000 fromHigh=-0.40% | RSI_BB: score=100 rsi=41.8 sig=39.4 bbLow=246145 5mLow=246500 cross=true | entryNo=1
2026-07-06 14:33:07 INFO  BUY_FILLED 032830 phase=HOLDING
2026-07-06 14:33:07 INFO  SELL [EOD_FORCE_SELL] 032830 pnl=-0.81% time=15:30
2026-07-06 14:33:07 INFO  SELL_EXECUTED [KRX] 032830 mode=RSI_BOLLINGER_REBOUND phase=EXITING exitType=TIMESTOP price=244500.0000 qty=40 reason=EOD_FORCE_SELL pnl=-0.81% peakPnl=0.20% holdMs=11220000 high=247000.0000 avgPrice=246500.0000 weightedPnl=-0.80% (pending fill)
2026-07-06 14:33:07 INFO  SELL_FILLED_PNL 032830 reason=EOD_FORCE_SELL filledQty=40/40 fillRatio=1.00 weightedPnl=-0.80% dailyPnl=-0.80%
2026-07-06 14:33:07 INFO  SELL_FILLED 032830 reason=EOD_FORCE_SELL remainingQty=0 phase=NONE exitType=TIMESTOP
2026-07-06 14:33:07 INFO  BUY [KRX] 028050 mode=RSI_BOLLINGER_REBOUND price=52800.0000 qty=189 size=1.0000x score=100[SS] | WHY: rsi=39.9 sig=42.4 bbLow=52728 5mLow=52750 rsiBbScore=100 vol(1.64x) | VWAP: -1.88%(BELOW slope=DN) allowedGap=5.00% | TREND: score=0 vel=-0.19%/-0.19%/-0.19% accel=false | VOL: 8444.0000/5156.4000 TO: 445843200.0000/272907175.0000 | HIGH: 53200.0000 fromHigh=-0.75% | RSI_BB: score=100 rsi=39.9 sig=42.4 bbLow=52728 5mLow=52750 cross=false | entryNo=1
2026-07-06 14:33:07 INFO  BUY_FILLED 028050 phase=HOLDING
2026-07-06 14:33:07 INFO  SELL [EOD_FORCE_SELL] 028050 pnl=0.38% time=15:30
2026-07-06 14:33:07 INFO  SELL_EXECUTED [KRX] 028050 mode=RSI_BOLLINGER_REBOUND phase=EXITING exitType=TIMESTOP price=53000.0000 qty=189 reason=EOD_FORCE_SELL pnl=0.38% peakPnl=0.95% holdMs=15360000 high=53300.0000 avgPrice=52800.0000 weightedPnl=0.38% (pending fill)
2026-07-06 14:33:07 INFO  SELL_FILLED_PNL 028050 reason=EOD_FORCE_SELL filledQty=189/189 fillRatio=1.00 weightedPnl=0.38% dailyPnl=0.38%
2026-07-06 14:33:07 INFO  SELL_FILLED 028050 reason=EOD_FORCE_SELL remainingQty=0 phase=NONE exitType=TIMESTOP
2026-07-06 14:33:08 INFO  BUY [KRX] 068270 mode=RSI_BOLLINGER_REBOUND price=195500.0000 qty=51 size=1.0000x score=100[SS] | WHY: rsi=39.2 sig=41.2 bbLow=195216 5mLow=194923 rsiBbScore=100 vol(2.64x) | VWAP: -0.32%(BELOW slope=DN) allowedGap=5.00% | TREND: score=0 vel=-0.24%/0.00%/0.00% accel=false | VOL: 2523.0000/955.5500 TO: 492991677.0000/186815187.0000 | HIGH: 195876.0000 fromHigh=-0.24% | RSI_BB: score=100 rsi=39.2 sig=41.2 bbLow=195216 5mLow=194923 cross=false | entryNo=1
2026-07-06 14:33:08 INFO  BUY_FILLED 068270 phase=HOLDING
2026-07-06 14:33:08 INFO  SELL [EOD_FORCE_SELL] 068270 pnl=-0.49% time=15:30
2026-07-06 14:33:08 INFO  SELL_EXECUTED [KRX] 068270 mode=RSI_BOLLINGER_REBOUND phase=EXITING exitType=TIMESTOP price=194446.0000 qty=51 reason=EOD_FORCE_SELL pnl=-0.49% peakPnl=0.24% holdMs=10080000 high=195876.0000 avgPrice=195399.0000 weightedPnl=-0.49% (pending fill)
2026-07-06 14:33:08 INFO  SELL_FILLED_PNL 068270 reason=EOD_FORCE_SELL filledQty=51/51 fillRatio=1.00 weightedPnl=-0.49% dailyPnl=-0.49%
2026-07-06 14:33:08 INFO  SELL_FILLED 068270 reason=EOD_FORCE_SELL remainingQty=0 phase=NONE exitType=TIMESTOP
2026-07-06 14:33:08 INFO  BUY [KRX] 347850 mode=RSI_BOLLINGER_REBOUND price=68000.0000 qty=147 size=1.0000x score=100[SS] | WHY: rsi=37.4 sig=41.1 bbLow=67912 5mLow=67900 rsiBbScore=100 vol(1.57x) | VWAP: -2.50%(BELOW slope=DN) allowedGap=5.00% | TREND: score=0 vel=-0.44%/-0.29%/-0.15% accel=false | VOL: 3565.0000/2274.3000 TO: 242420000.0000/155138510.0000 | HIGH: 68800.0000 fromHigh=-1.16% | RSI_BB: score=100 rsi=37.4 sig=41.1 bbLow=67912 5mLow=67900 cross=false | entryNo=1
2026-07-06 14:33:08 INFO  BUY_FILLED 347850 phase=HOLDING
2026-07-06 14:33:08 INFO  BUY [KRX] 267260 mode=RSI_BOLLINGER_REBOUND price=1361000.0000 qty=7 size=1.0000x score=100[SS] | WHY: rsi=39.4 sig=42.3 bbLow=1358964 5mLow=1360000 rsiBbScore=100 vol(1.40x) | VWAP: -0.78%(BELOW slope=DN) allowedGap=5.00% | TREND: score=0 vel=-0.11%/-0.15%/-0.07% accel=true | VOL: 368.0000/262.3500 TO: 500848000.0000/357752750.0000 | HIGH: 1370000.0000 fromHigh=-0.66% | RSI_BB: score=100 rsi=39.4 sig=42.3 bbLow=1358964 5mLow=1360000 cross=false | entryNo=1
2026-07-06 14:33:08 INFO  BUY_FILLED 267260 phase=HOLDING
2026-07-06 14:33:08 INFO  SELL [EOD_FORCE_SELL] 347850 pnl=0.29% time=15:30
2026-07-06 14:33:08 INFO  SELL_EXECUTED [KRX] 347850 mode=RSI_BOLLINGER_REBOUND phase=EXITING exitType=TIMESTOP price=68200.0000 qty=147 reason=EOD_FORCE_SELL pnl=0.29% peakPnl=0.88% holdMs=13380000 high=68600.0000 avgPrice=68000.0000 weightedPnl=0.29% (pending fill)
2026-07-06 14:33:08 INFO  SELL_FILLED_PNL 347850 reason=EOD_FORCE_SELL filledQty=147/147 fillRatio=1.00 weightedPnl=0.29% dailyPnl=0.29%
2026-07-06 14:33:08 INFO  SELL_FILLED 347850 reason=EOD_FORCE_SELL remainingQty=0 phase=NONE exitType=TIMESTOP
2026-07-06 14:33:08 INFO  SELL [EOD_FORCE_SELL] 267260 pnl=0.07% time=15:30
2026-07-06 14:33:08 INFO  SELL_EXECUTED [KRX] 267260 mode=RSI_BOLLINGER_REBOUND phase=EXITING exitType=TIMESTOP price=1362000.0000 qty=7 reason=EOD_FORCE_SELL pnl=0.07% peakPnl=0.44% holdMs=13260000 high=1367000.0000 avgPrice=1361000.0000 weightedPnl=0.07% (pending fill)
2026-07-06 14:33:08 INFO  SELL_FILLED_PNL 267260 reason=EOD_FORCE_SELL filledQty=7/7 fillRatio=1.00 weightedPnl=0.07% dailyPnl=0.07%
2026-07-06 14:33:08 INFO  SELL_FILLED 267260 reason=EOD_FORCE_SELL remainingQty=0 phase=NONE exitType=TIMESTOP
2026-07-06 14:33:08 INFO  BUY [KRX] 001820 mode=BREAKOUT price=64700.0000 qty=123 size=0.8000x score=80[B] | WHY: strongBreakout volBreakout retestOK multiUp vol(2.09x) | VWAP: 0.81%(ABOVE slope=UP) allowedGap=1.50% | TREND: score=3 vel=0.94%/0.78%/1.57% accel=true | VOL: 1870.0000/895.4000 TO: 120989000.0000/57335625.0000 | HIGH: 64700.0000 fromHigh=0.00% | entryNo=1
2026-07-06 14:33:08 INFO  BUY_FILLED 001820 phase=HOLDING
2026-07-06 14:33:08 INFO  BUY [KRX] 222800 mode=STRONG_PULLBACK price=104000.0000 qty=96 size=1.0000x score=77[C] | WHY: dayChg=14.25% fromHigh=-1.70% spScore=77 vol3/vol10=0.56x body=1.00 | VWAP: 6.09%(ABOVE slope=UP) allowedGap=5.00% | TREND: score=2 vel=1.17%/0.48%/0.00% accel=true | VOL: 1953.0000/2387.1000 TO: 203502600.0000/248605545.0000 | HIGH: 106000.0000 fromHigh=-1.70% | SP: score=77 dayChg=14.25% fromHigh=-1.70% vol3/vol10=0.56x body=1.00 | entryNo=1
2026-07-06 14:33:08 INFO  SELL_EXECUTED [KRX] 001820 mode=BREAKOUT phase=EXITING exitType=PROFIT price=66000.0000 qty=123 reason=TAKE_PROFIT_BREAKOUT pnl=2.01% peakPnl=2.01% holdMs=960000 high=66000.0000 avgPrice=64700.0000 weightedPnl=1.60% (pending fill)
2026-07-06 14:33:08 INFO  BUY_FILLED 222800 phase=HOLDING
2026-07-06 14:33:08 INFO  SELL_FILLED_PNL 001820 reason=TAKE_PROFIT_BREAKOUT filledQty=123/123 fillRatio=1.00 weightedPnl=1.60% dailyPnl=1.60%
2026-07-06 14:33:08 INFO  SELL_FILLED 001820 reason=TAKE_PROFIT_BREAKOUT remainingQty=0 phase=NONE exitType=PROFIT
2026-07-06 14:33:08 INFO  SELL_EXECUTED [KRX] 222800 mode=STRONG_PULLBACK phase=EXITING exitType=PROFIT price=107500.0000 qty=96 reason=TAKE_PROFIT_STRONG_PULLBACK pnl=3.07% peakPnl=3.07% holdMs=4800000 high=107400.0000 avgPrice=104200.0000 weightedPnl=3.07% (pending fill)
2026-07-06 14:33:08 INFO  SELL_FILLED_PNL 222800 reason=TAKE_PROFIT_STRONG_PULLBACK filledQty=96/96 fillRatio=1.00 weightedPnl=3.07% dailyPnl=3.07%
2026-07-06 14:33:08 INFO  SELL_FILLED 222800 reason=TAKE_PROFIT_STRONG_PULLBACK remainingQty=0 phase=NONE exitType=PROFIT
2026-07-06 14:33:09 INFO  BUY [KRX] 329180 mode=RSI_BOLLINGER_REBOUND price=664000.0000 qty=15 size=1.0000x score=100[SS] | WHY: rsi=39.2 sig=40.9 bbLow=663647 5mLow=664000 rsiBbScore=100 vol(1.56x) | VWAP: 0.88%(ABOVE slope=DN) allowedGap=5.00% | TREND: score=0 vel=-0.15%/-0.15%/-0.15% accel=false | VOL: 746.0000/478.2500 TO: 495344000.0000/318284950.0000 | HIGH: 668000.0000 fromHigh=-0.60% | RSI_BB: score=100 rsi=39.2 sig=40.9 bbLow=663647 5mLow=664000 cross=false | entryNo=1
2026-07-06 14:33:09 INFO  BUY_FILLED 329180 phase=HOLDING
2026-07-06 14:33:09 INFO  SELL [TRAIL_RSI_BOLLINGER_REBOUND] 329180 pnl=1.36% peakPnl=2.26% high=679000.0000 current=673000.0000
2026-07-06 14:33:09 INFO  SELL_EXECUTED [KRX] 329180 mode=RSI_BOLLINGER_REBOUND phase=EXITING exitType=TRAIL price=673000.0000 qty=15 reason=TRAIL_RSI_BOLLINGER_REBOUND pnl=1.36% peakPnl=2.26% holdMs=2100000 high=679000.0000 avgPrice=664000.0000 weightedPnl=1.35% (pending fill)
2026-07-06 14:33:09 INFO  SELL_FILLED_PNL 329180 reason=TRAIL_RSI_BOLLINGER_REBOUND filledQty=15/15 fillRatio=1.00 weightedPnl=1.35% dailyPnl=1.35%
2026-07-06 14:33:09 INFO  SELL_FILLED 329180 reason=TRAIL_RSI_BOLLINGER_REBOUND remainingQty=0 phase=NONE exitType=TRAIL
2026-07-06 14:33:09 INFO  BUY [KRX] 068270 mode=RSI_BOLLINGER_REBOUND price=184000.0000 qty=54 size=1.0000x score=100[SS] | WHY: rsi=34.5 sig=34.0 bbLow=183598 5mLow=183961 rsiBbScore=100 vol(1.90x) | VWAP: -0.54%(BELOW slope=DN) allowedGap=5.00% | TREND: score=0 vel=-0.08%/-0.10%/-0.10% accel=true | VOL: 2804.0000/1474.0500 TO: 515826644.0000/271384691.7500 | HIGH: 184342.0000 fromHigh=-0.21% | RSI_BB: score=100 rsi=34.5 sig=34.0 bbLow=183598 5mLow=183961 cross=false | entryNo=1
2026-07-06 14:33:09 INFO  BUY_FILLED 068270 phase=HOLDING
2026-07-06 14:33:09 INFO  BUY [KRX] 329180 mode=RSI_BOLLINGER_REBOUND price=725000.0000 qty=13 size=1.0000x score=100[SS] | WHY: rsi=29.1 sig=30.5 bbLow=723701 5mLow=724000 rsiBbScore=100 vol(2.73x) | VWAP: -1.94%(BELOW slope=DN) allowedGap=5.00% | TREND: score=0 vel=-0.14%/-0.14%/0.00% accel=false | VOL: 1344.0000/491.5000 TO: 974400000.0000/357103275.0000 | HIGH: 728000.0000 fromHigh=-0.41% | RSI_BB: score=100 rsi=29.1 sig=30.5 bbLow=723701 5mLow=724000 cross=false | entryNo=1
2026-07-06 14:33:09 INFO  BUY_FILLED 329180 phase=HOLDING
2026-07-06 14:33:09 INFO  BUY [KRX] 272210 mode=RSI_BOLLINGER_REBOUND price=108000.0000 qty=92 size=1.0000x score=100[SS] | WHY: rsi=37.1 sig=42.7 bbLow=108209 5mLow=108100 rsiBbScore=100 vol(1.61x) | VWAP: -1.65%(BELOW slope=DN) allowedGap=5.00% | TREND: score=0 vel=-0.18%/-0.18%/-0.18% accel=false | VOL: 1209.0000/749.4000 TO: 130813800.0000/81299987.5000 | HIGH: 108700.0000 fromHigh=-0.46% | RSI_BB: score=100 rsi=37.1 sig=42.7 bbLow=108209 5mLow=108100 cross=false | entryNo=1
2026-07-06 14:33:09 INFO  BUY_FILLED 272210 phase=HOLDING
2026-07-06 14:33:09 INFO  SELL [EOD_FORCE_SELL] 068270 pnl=-0.88% time=15:30
2026-07-06 14:33:09 INFO  SELL [TRAIL_RSI_BOLLINGER_REBOUND] 329180 pnl=1.24% peakPnl=2.07% high=740000.0000 current=734000.0000
2026-07-06 14:33:09 INFO  SELL_EXECUTED [KRX] 068270 mode=RSI_BOLLINGER_REBOUND phase=EXITING exitType=TIMESTOP price=182341.0000 qty=54 reason=EOD_FORCE_SELL pnl=-0.88% peakPnl=0.00% holdMs=14160000 high=183961.0000 avgPrice=183961.0000 weightedPnl=-0.87% (pending fill)
2026-07-06 14:33:09 INFO  SELL_EXECUTED [KRX] 329180 mode=RSI_BOLLINGER_REBOUND phase=EXITING exitType=TRAIL price=734000.0000 qty=13 reason=TRAIL_RSI_BOLLINGER_REBOUND pnl=1.24% peakPnl=2.07% holdMs=6000000 high=740000.0000 avgPrice=725000.0000 weightedPnl=1.17% (pending fill)
2026-07-06 14:33:09 INFO  SELL_FILLED_PNL 068270 reason=EOD_FORCE_SELL filledQty=54/54 fillRatio=1.00 weightedPnl=-0.87% dailyPnl=-0.87%
2026-07-06 14:33:09 INFO  SELL_FILLED 068270 reason=EOD_FORCE_SELL remainingQty=0 phase=NONE exitType=TIMESTOP
2026-07-06 14:33:09 INFO  SELL_FILLED_PNL 329180 reason=TRAIL_RSI_BOLLINGER_REBOUND filledQty=13/13 fillRatio=1.00 weightedPnl=1.17% dailyPnl=1.17%
2026-07-06 14:33:09 INFO  SELL_FILLED 329180 reason=TRAIL_RSI_BOLLINGER_REBOUND remainingQty=0 phase=NONE exitType=TRAIL
2026-07-06 14:33:09 INFO  SELL [EOD_FORCE_SELL] 272210 pnl=1.11% time=15:30
2026-07-06 14:33:09 INFO  SELL_EXECUTED [KRX] 272210 mode=RSI_BOLLINGER_REBOUND phase=EXITING exitType=TIMESTOP price=109400.0000 qty=92 reason=EOD_FORCE_SELL pnl=1.11% peakPnl=1.20% holdMs=12480000 high=109500.0000 avgPrice=108200.0000 weightedPnl=1.10% (pending fill)
2026-07-06 14:33:09 INFO  SELL_FILLED_PNL 272210 reason=EOD_FORCE_SELL filledQty=92/92 fillRatio=1.00 weightedPnl=1.10% dailyPnl=1.10%
2026-07-06 14:33:09 INFO  SELL_FILLED 272210 reason=EOD_FORCE_SELL remainingQty=0 phase=NONE exitType=TIMESTOP
2026-07-06 14:33:09 INFO  BUY [KRX] 373220 mode=RSI_BOLLINGER_REBOUND price=395500.0000 qty=25 size=1.0000x score=100[SS] | WHY: rsi=41.5 sig=39.0 bbLow=394766 5mLow=395000 rsiBbScore=100 vol(2.50x) | VWAP: -0.32%(BELOW slope=DN) allowedGap=5.00% | TREND: score=0 vel=-0.13%/-0.13%/-0.13% accel=false | VOL: 1162.0000/465.3000 TO: 459571000.0000/184095425.0000 | HIGH: 396500.0000 fromHigh=-0.25% | RSI_BB: score=100 rsi=41.5 sig=39.0 bbLow=394766 5mLow=395000 cross=true | entryNo=1
2026-07-06 14:33:09 INFO  BUY_FILLED 373220 phase=HOLDING
2026-07-06 14:33:09 INFO  SELL [EOD_FORCE_SELL] 373220 pnl=1.39% time=15:30
2026-07-06 14:33:09 INFO  SELL_EXECUTED [KRX] 373220 mode=RSI_BOLLINGER_REBOUND phase=EXITING exitType=TIMESTOP price=401000.0000 qty=25 reason=EOD_FORCE_SELL pnl=1.39% peakPnl=1.39% holdMs=9900000 high=401000.0000 avgPrice=395500.0000 weightedPnl=1.38% (pending fill)
2026-07-06 14:33:09 INFO  SELL_FILLED_PNL 373220 reason=EOD_FORCE_SELL filledQty=25/25 fillRatio=1.00 weightedPnl=1.38% dailyPnl=1.38%
2026-07-06 14:33:09 INFO  SELL_FILLED 373220 reason=EOD_FORCE_SELL remainingQty=0 phase=NONE exitType=TIMESTOP
2026-07-06 14:33:10 INFO  BUY [KRX] 267260 mode=RSI_BOLLINGER_REBOUND price=1110000.0000 qty=9 size=1.0000x score=100[SS] | WHY: rsi=28.8 sig=38.2 bbLow=1111699 5mLow=1108000 rsiBbScore=100 vol(3.53x) | VWAP: -2.02%(BELOW slope=DN) allowedGap=5.00% | TREND: score=1 vel=-0.09%/0.09%/-0.18% accel=false | VOL: 1875.0000/531.7000 TO: 2081250000.0000/591864650.0000 | HIGH: 1119000.0000 fromHigh=-0.80% | RSI_BB: score=100 rsi=28.8 sig=38.2 bbLow=1111699 5mLow=1108000 cross=false | entryNo=1
2026-07-06 14:33:10 INFO  BUY_FILLED 267260 phase=HOLDING
2026-07-06 14:33:10 INFO  SELL [EOD_FORCE_SELL] 267260 pnl=-1.44% time=15:30
2026-07-06 14:33:10 INFO  SELL_EXECUTED [KRX] 267260 mode=RSI_BOLLINGER_REBOUND phase=EXITING exitType=TIMESTOP price=1094000.0000 qty=9 reason=EOD_FORCE_SELL pnl=-1.44% peakPnl=0.18% holdMs=13800000 high=1112000.0000 avgPrice=1110000.0000 weightedPnl=-1.44% (pending fill)
2026-07-06 14:33:10 INFO  SELL_FILLED_PNL 267260 reason=EOD_FORCE_SELL filledQty=9/9 fillRatio=1.00 weightedPnl=-1.44% dailyPnl=-1.44%
2026-07-06 14:33:10 INFO  SELL_FILLED 267260 reason=EOD_FORCE_SELL remainingQty=0 phase=NONE exitType=TIMESTOP
2026-07-06 14:33:10 INFO  BUY amount set for 064350: 10000000.00
2026-07-06 14:33:11 INFO  BUY [KRX] 064350 mode=RSI_BOLLINGER_REBOUND price=204500.0000 qty=48 size=1.0000x score=100[SS] | WHY: rsi=36.3 sig=40.1 bbLow=204685 5mLow=204000 rsiBbScore=100 vol(2.22x) | VWAP: -1.08%(BELOW slope=DN) allowedGap=5.00% | TREND: score=0 vel=-0.24%/-0.24%/-0.24% accel=false | VOL: 2087.0000/940.1000 TO: 426791500.0000/192850800.0000 | HIGH: 206000.0000 fromHigh=-0.73% | RSI_BB: score=100 rsi=36.3 sig=40.1 bbLow=204685 5mLow=204000 cross=false | entryNo=1
2026-07-06 14:33:11 INFO  BUY_FILLED 064350 phase=HOLDING
2026-07-06 14:33:11 INFO  BUY [KRX] 329180 mode=BREAKOUT price=622000.0000 qty=16 size=1.0000x score=85[A](CONV) | WHY: strongBreakout volBreakout retestOK multiUp vol(2.39x) | VWAP: 0.78%(ABOVE slope=UP) allowedGap=1.50% | TREND: score=3 vel=0.81%/0.32%/0.97% accel=true | VOL: 2016.0000/842.7000 TO: 1253952000.0000/520505600.0000 | HIGH: 622000.0000 fromHigh=0.00% | entryNo=1
2026-07-06 14:33:11 INFO  BUY_FILLED 329180 phase=HOLDING
2026-07-06 14:33:11 INFO  SELL_EXECUTED [KRX] 329180 mode=BREAKOUT phase=EXITING exitType=PROFIT price=636000.0000 qty=16 reason=TAKE_PROFIT_BREAKOUT pnl=2.25% peakPnl=2.25% holdMs=1980000 high=636000.0000 avgPrice=622000.0000 weightedPnl=2.24% (pending fill)
2026-07-06 14:33:11 INFO  SELL_FILLED_PNL 329180 reason=TAKE_PROFIT_BREAKOUT filledQty=16/16 fillRatio=1.00 weightedPnl=2.24% dailyPnl=2.24%
2026-07-06 14:33:11 INFO  SELL_FILLED 329180 reason=TAKE_PROFIT_BREAKOUT remainingQty=0 phase=NONE exitType=PROFIT
2026-07-06 14:33:11 INFO  SELL [EOD_FORCE_SELL] 064350 pnl=2.69% time=15:30
2026-07-06 14:33:11 INFO  SELL_EXECUTED [KRX] 064350 mode=RSI_BOLLINGER_REBOUND phase=EXITING exitType=TIMESTOP price=210000.0000 qty=48 reason=EOD_FORCE_SELL pnl=2.69% peakPnl=2.69% holdMs=15360000 high=210000.0000 avgPrice=204500.0000 weightedPnl=2.64% (pending fill)
2026-07-06 14:33:11 INFO  SELL_FILLED_PNL 064350 reason=EOD_FORCE_SELL filledQty=48/48 fillRatio=1.00 weightedPnl=2.64% dailyPnl=2.64%
2026-07-06 14:33:11 INFO  SELL_FILLED 064350 reason=EOD_FORCE_SELL remainingQty=0 phase=NONE exitType=TIMESTOP
2026-07-06 14:33:11 INFO  BUY [KRX] 222800 mode=RSI_BOLLINGER_REBOUND price=122000.0000 qty=81 size=1.0000x score=100[SS] | WHY: rsi=31.5 sig=36.9 bbLow=122000 5mLow=121300 rsiBbScore=100 vol(2.40x) | VWAP: -1.21%(BELOW slope=DN) allowedGap=5.00% | TREND: score=0 vel=-0.33%/-0.25%/-0.16% accel=false | VOL: 1643.0000/684.2500 TO: 200281700.0000/83959590.0000 | HIGH: 123800.0000 fromHigh=-1.53% | RSI_BB: score=100 rsi=31.5 sig=36.9 bbLow=122000 5mLow=121300 cross=false | entryNo=1
2026-07-06 14:33:11 INFO  BUY_FILLED 222800 phase=HOLDING
2026-07-06 14:33:11 INFO  SELL [TRAIL_RSI_BOLLINGER_REBOUND] 222800 pnl=2.95% peakPnl=3.94% high=126700.0000 current=125500.0000
2026-07-06 14:33:11 INFO  SELL_EXECUTED [KRX] 222800 mode=RSI_BOLLINGER_REBOUND phase=EXITING exitType=TRAIL price=125500.0000 qty=81 reason=TRAIL_RSI_BOLLINGER_REBOUND pnl=2.95% peakPnl=3.94% holdMs=8460000 high=126700.0000 avgPrice=121900.0000 weightedPnl=2.92% (pending fill)
2026-07-06 14:33:11 INFO  SELL_FILLED_PNL 222800 reason=TRAIL_RSI_BOLLINGER_REBOUND filledQty=81/81 fillRatio=1.00 weightedPnl=2.92% dailyPnl=2.92%
2026-07-06 14:33:11 INFO  SELL_FILLED 222800 reason=TRAIL_RSI_BOLLINGER_REBOUND remainingQty=0 phase=NONE exitType=TRAIL
2026-07-06 14:33:11 INFO  BUY [KRX] 373220 mode=RSI_BOLLINGER_REBOUND price=387000.0000 qty=25 size=1.0000x score=100[SS] | WHY: rsi=40.0 sig=42.8 bbLow=386293 5mLow=386500 rsiBbScore=100 vol(2.00x) | VWAP: -1.04%(BELOW slope=DN) allowedGap=5.00% | TREND: score=0 vel=-0.13%/0.00%/-0.26% accel=false | VOL: 1392.0000/697.7000 TO: 538704000.0000/270686700.0000 | HIGH: 389500.0000 fromHigh=-0.64% | RSI_BB: score=100 rsi=40.0 sig=42.8 bbLow=386293 5mLow=386500 cross=false | entryNo=1
2026-07-06 14:33:11 INFO  BUY_FILLED 373220 phase=HOLDING
2026-07-06 14:33:11 INFO  BUY [KRX] 347850 mode=RSI_BOLLINGER_REBOUND price=89700.0000 qty=111 size=1.0000x score=100[SS] | WHY: rsi=34.8 sig=41.5 bbLow=89770 5mLow=89500 rsiBbScore=100 vol(1.07x) | VWAP: -3.19%(BELOW slope=DN) allowedGap=5.00% | TREND: score=0 vel=-0.22%/-0.44%/-0.22% accel=true | VOL: 4270.0000/3981.7000 TO: 383019000.0000/358615355.0000 | HIGH: 90600.0000 fromHigh=-0.99% | RSI_BB: score=100 rsi=34.8 sig=41.5 bbLow=89770 5mLow=89500 cross=false | entryNo=1
2026-07-06 14:33:11 INFO  BUY_FILLED 347850 phase=HOLDING
2026-07-06 14:33:11 INFO  SELL [TRAIL_RSI_BOLLINGER_REBOUND] 373220 pnl=2.58% peakPnl=3.62% high=401000.0000 current=397000.0000
2026-07-06 14:33:11 INFO  SELL_EXECUTED [KRX] 373220 mode=RSI_BOLLINGER_REBOUND phase=EXITING exitType=TRAIL price=397000.0000 qty=25 reason=TRAIL_RSI_BOLLINGER_REBOUND pnl=2.58% peakPnl=3.62% holdMs=10740000 high=401000.0000 avgPrice=387000.0000 weightedPnl=2.50% (pending fill)
2026-07-06 14:33:11 INFO  SELL_FILLED_PNL 373220 reason=TRAIL_RSI_BOLLINGER_REBOUND filledQty=25/25 fillRatio=1.00 weightedPnl=2.50% dailyPnl=2.50%
2026-07-06 14:33:11 INFO  SELL_FILLED 373220 reason=TRAIL_RSI_BOLLINGER_REBOUND remainingQty=0 phase=NONE exitType=TRAIL
2026-07-06 14:33:11 INFO  BUY [KRX] 028050 mode=RSI_BOLLINGER_REBOUND price=43350.0000 qty=230 size=1.0000x score=100[SS] | WHY: rsi=30.5 sig=35.2 bbLow=43365 5mLow=43350 rsiBbScore=100 vol(1.34x) | VWAP: -1.53%(BELOW slope=DN) allowedGap=5.00% | TREND: score=0 vel=-0.34%/-0.34%/-0.34% accel=false | VOL: 4588.0000/3412.9000 TO: 198889800.0000/148583650.0000 | HIGH: 43750.0000 fromHigh=-0.91% | RSI_BB: score=100 rsi=30.5 sig=35.2 bbLow=43365 5mLow=43350 cross=false | entryNo=1
2026-07-06 14:33:11 INFO  BUY_FILLED 028050 phase=HOLDING
2026-07-06 14:33:11 INFO  SELL_EXECUTED [KRX] 347850 mode=RSI_BOLLINGER_REBOUND phase=EXITING exitType=STOPLOSS price=87800.0000 qty=111 reason=STOP_LOSS_RSI_BOLLINGER_REBOUND pnl=-2.12% peakPnl=0.78% holdMs=8940000 high=90400.0000 avgPrice=89700.0000 weightedPnl=-2.11% (pending fill)
2026-07-06 14:33:11 INFO  SELL_FILLED_PNL 347850 reason=STOP_LOSS_RSI_BOLLINGER_REBOUND filledQty=111/111 fillRatio=1.00 weightedPnl=-2.11% dailyPnl=-2.11%
2026-07-06 14:33:11 INFO  SELL_FILLED 347850 reason=STOP_LOSS_RSI_BOLLINGER_REBOUND remainingQty=0 phase=NONE exitType=STOPLOSS
2026-07-06 14:33:11 INFO  SELL [TRAIL_RSI_BOLLINGER_REBOUND] 028050 pnl=3.81% peakPnl=4.73% high=45400.0000 current=45000.0000
2026-07-06 14:33:11 INFO  SELL_EXECUTED [KRX] 028050 mode=RSI_BOLLINGER_REBOUND phase=EXITING exitType=TRAIL price=45000.0000 qty=230 reason=TRAIL_RSI_BOLLINGER_REBOUND pnl=3.81% peakPnl=4.73% holdMs=11220000 high=45400.0000 avgPrice=43350.0000 weightedPnl=3.80% (pending fill)
2026-07-06 14:33:11 INFO  SELL_FILLED_PNL 028050 reason=TRAIL_RSI_BOLLINGER_REBOUND filledQty=230/230 fillRatio=1.00 weightedPnl=3.80% dailyPnl=3.80%
2026-07-06 14:33:11 INFO  SELL_FILLED 028050 reason=TRAIL_RSI_BOLLINGER_REBOUND remainingQty=0 phase=NONE exitType=TRAIL
2026-07-06 14:33:12 INFO  BUY [KRX] 016360 mode=BREAKOUT price=117000.0000 qty=85 size=1.0000x score=80[B] | WHY: strongBreakout volBreakout retestOK multiUp vol(3.02x) | VWAP: 1.11%(ABOVE slope=UP) allowedGap=1.50% | TREND: score=3 vel=0.34%/0.26%/0.52% accel=true | VOL: 3117.0000/1031.2500 TO: 364377300.0000/119621725.0000 | HIGH: 117000.0000 fromHigh=-0.09% | entryNo=1
2026-07-06 14:33:12 INFO  BUY_FILLED 016360 phase=HOLDING
2026-07-06 14:33:12 INFO  BUY [KRX] 006360 mode=RSI_BOLLINGER_REBOUND price=29950.0000 qty=333 size=1.0000x score=100[SS] | WHY: rsi=36.5 sig=40.5 bbLow=29958 5mLow=29950 rsiBbScore=100 vol(1.11x) | VWAP: -1.79%(BELOW slope=DN) allowedGap=5.00% | TREND: score=0 vel=-0.17%/-0.17%/-0.17% accel=false | VOL: 2250.0000/2019.6000 TO: 67387500.0000/60619990.0000 | HIGH: 30100.0000 fromHigh=-0.50% | RSI_BB: score=100 rsi=36.5 sig=40.5 bbLow=29958 5mLow=29950 cross=false | entryNo=1
2026-07-06 14:33:12 INFO  BUY_FILLED 006360 phase=HOLDING
2026-07-06 14:33:12 INFO  SELL_EXECUTED [KRX] 016360 mode=BREAKOUT phase=EXITING exitType=VWAP_BREAK price=115100.0000 qty=85 reason=VWAP_BREAK pnl=-1.54% peakPnl=-0.09% holdMs=1920000 high=116800.0000 avgPrice=116900.0000 weightedPnl=-1.53% (pending fill)
2026-07-06 14:33:12 INFO  SELL_FILLED_PNL 016360 reason=VWAP_BREAK filledQty=85/85 fillRatio=1.00 weightedPnl=-1.53% dailyPnl=-1.53%
2026-07-06 14:33:12 INFO  SELL_FILLED 016360 reason=VWAP_BREAK remainingQty=0 phase=NONE exitType=VWAP_BREAK
2026-07-06 14:33:12 INFO  SELL [EOD_FORCE_SELL] 006360 pnl=-1.67% time=15:30
2026-07-06 14:33:12 INFO  SELL_EXECUTED [KRX] 006360 mode=RSI_BOLLINGER_REBOUND phase=EXITING exitType=TIMESTOP price=29450.0000 qty=333 reason=EOD_FORCE_SELL pnl=-1.67% peakPnl=0.50% holdMs=10080000 high=30100.0000 avgPrice=29950.0000 weightedPnl=-1.66% (pending fill)
2026-07-06 14:33:12 INFO  SELL_FILLED_PNL 006360 reason=EOD_FORCE_SELL filledQty=333/333 fillRatio=1.00 weightedPnl=-1.66% dailyPnl=-1.66%
2026-07-06 14:33:12 INFO  SELL_FILLED 006360 reason=EOD_FORCE_SELL remainingQty=0 phase=NONE exitType=TIMESTOP
2026-07-06 14:33:12 INFO  BUY amount set for 010140: 10000000.00
2026-07-06 14:33:13 INFO  BUY [KRX] 068270 mode=BREAKOUT price=162500.0000 qty=49 size=0.8000x score=85[A](CONV) | WHY: strongBreakout volBreakout retestOK multiUp vol(2.17x) | VWAP: 0.76%(ABOVE slope=UP) allowedGap=1.50% | TREND: score=3 vel=0.43%/0.40%/0.56% accel=true | VOL: 2009.0000/925.1500 TO: 326060700.0000/149366950.0000 | HIGH: 162400.0000 fromHigh=-0.06% | entryNo=1
2026-07-06 14:33:13 INFO  BUY_FILLED 068270 phase=HOLDING
2026-07-06 14:33:13 INFO  SELL_EXECUTED [KRX] 068270 mode=BREAKOUT phase=EXITING exitType=PROFIT price=165500.0000 qty=49 reason=TAKE_PROFIT_BREAKOUT pnl=2.03% peakPnl=2.03% holdMs=4980000 high=165600.0000 avgPrice=162300.0000 weightedPnl=1.62% (pending fill)
2026-07-06 14:33:13 INFO  SELL_FILLED_PNL 068270 reason=TAKE_PROFIT_BREAKOUT filledQty=49/49 fillRatio=1.00 weightedPnl=1.62% dailyPnl=1.62%
2026-07-06 14:33:13 INFO  SELL_FILLED 068270 reason=TAKE_PROFIT_BREAKOUT remainingQty=0 phase=NONE exitType=PROFIT
2026-07-06 14:33:13 INFO  BUY [KRX] 347850 mode=RSI_BOLLINGER_REBOUND price=78700.0000 qty=127 size=1.0000x score=100[SS] | WHY: rsi=26.4 sig=29.6 bbLow=78696 5mLow=78500 rsiBbScore=100 vol(1.05x) | VWAP: -4.18%(BELOW slope=DN) allowedGap=5.00% | TREND: score=0 vel=-0.13%/-0.25%/-0.51% accel=true | VOL: 2752.0000/2630.0000 TO: 216582400.0000/208972935.0000 | HIGH: 80300.0000 fromHigh=-1.99% | RSI_BB: score=100 rsi=26.4 sig=29.6 bbLow=78696 5mLow=78500 cross=false | entryNo=1
2026-07-06 14:33:13 INFO  BUY_FILLED 347850 phase=HOLDING
2026-07-06 14:33:13 INFO  BUY [KRX] 010140 mode=RSI_BOLLINGER_REBOUND price=27500.0000 qty=363 size=1.0000x score=100[SS] | WHY: rsi=38.2 sig=36.5 bbLow=27500 5mLow=27500 rsiBbScore=100 vol(2.96x) | VWAP: -0.87%(BELOW slope=DN) allowedGap=5.00% | TREND: score=0 vel=-0.18%/0.00%/-0.18% accel=false | VOL: 7401.0000/2500.1500 TO: 203527500.0000/68802583.7500 | HIGH: 27550.0000 fromHigh=-0.18% | RSI_BB: score=100 rsi=38.2 sig=36.5 bbLow=27500 5mLow=27500 cross=true | entryNo=1
2026-07-06 14:33:13 INFO  BUY_FILLED 010140 phase=HOLDING
2026-07-06 14:33:13 INFO  SELL_EXECUTED [KRX] 347850 mode=RSI_BOLLINGER_REBOUND phase=EXITING exitType=STOPLOSS price=77100.0000 qty=127 reason=STOP_LOSS_RSI_BOLLINGER_REBOUND pnl=-2.03% peakPnl=0.64% holdMs=8340000 high=79200.0000 avgPrice=78700.0000 weightedPnl=-2.03% (pending fill)
2026-07-06 14:33:13 INFO  SELL_FILLED_PNL 347850 reason=STOP_LOSS_RSI_BOLLINGER_REBOUND filledQty=127/127 fillRatio=1.00 weightedPnl=-2.03% dailyPnl=-2.03%
2026-07-06 14:33:13 INFO  SELL_FILLED 347850 reason=STOP_LOSS_RSI_BOLLINGER_REBOUND remainingQty=0 phase=NONE exitType=STOPLOSS
2026-07-06 14:33:13 INFO  BUY [KRX] 001820 mode=RSI_BOLLINGER_REBOUND price=139500.0000 qty=71 size=1.0000x score=100[SS] | WHY: rsi=32.2 sig=34.0 bbLow=139739 5mLow=139100 rsiBbScore=100 vol(1.89x) | VWAP: -3.82%(BELOW slope=DN) allowedGap=5.00% | TREND: score=0 vel=-0.14%/-0.71%/-0.99% accel=true | VOL: 1549.0000/819.9000 TO: 216240400.0000/115315065.0000 | HIGH: 142000.0000 fromHigh=-1.69% | RSI_BB: score=100 rsi=32.2 sig=34.0 bbLow=139739 5mLow=139100 cross=false | entryNo=1
2026-07-06 14:33:13 INFO  BUY_FILLED 001820 phase=HOLDING
2026-07-06 14:33:13 INFO  SELL_EXECUTED [KRX] 001820 mode=RSI_BOLLINGER_REBOUND phase=EXITING exitType=STOPLOSS price=136100.0000 qty=71 reason=STOP_LOSS_RSI_BOLLINGER_REBOUND pnl=-2.51% peakPnl=0.07% holdMs=1080000 high=139700.0000 avgPrice=139600.0000 weightedPnl=-2.49% (pending fill)
2026-07-06 14:33:13 INFO  SELL_FILLED_PNL 001820 reason=STOP_LOSS_RSI_BOLLINGER_REBOUND filledQty=71/71 fillRatio=1.00 weightedPnl=-2.49% dailyPnl=-2.49%
2026-07-06 14:33:13 INFO  SELL_FILLED 001820 reason=STOP_LOSS_RSI_BOLLINGER_REBOUND remainingQty=0 phase=NONE exitType=STOPLOSS
2026-07-06 14:33:13 INFO  SELL [EOD_FORCE_SELL] 010140 pnl=0.36% time=15:30
2026-07-06 14:33:13 INFO  SELL_EXECUTED [KRX] 010140 mode=RSI_BOLLINGER_REBOUND phase=EXITING exitType=TIMESTOP price=27600.0000 qty=363 reason=EOD_FORCE_SELL pnl=0.36% peakPnl=0.91% holdMs=10500000 high=27750.0000 avgPrice=27500.0000 weightedPnl=0.36% (pending fill)
2026-07-06 14:33:13 INFO  SELL_FILLED_PNL 010140 reason=EOD_FORCE_SELL filledQty=363/363 fillRatio=1.00 weightedPnl=0.36% dailyPnl=0.36%
2026-07-06 14:33:13 INFO  SELL_FILLED 010140 reason=EOD_FORCE_SELL remainingQty=0 phase=NONE exitType=TIMESTOP
2026-07-06 14:33:13 INFO  BUY [KRX] 068270 mode=BREAKOUT price=173500.0000 qty=46 size=0.8000x score=80[B] | WHY: strongBreakout volBreakout retestOK multiUp vol(2.10x) | VWAP: 0.60%(ABOVE slope=UP) allowedGap=1.50% | TREND: score=3 vel=0.35%/0.29%/0.35% accel=true | VOL: 3340.0000/1588.8000 TO: 579490000.0000/273576735.0000 | HIGH: 173500.0000 fromHigh=0.00% | entryNo=1
2026-07-06 14:33:13 INFO  BUY_FILLED 068270 phase=HOLDING
2026-07-06 14:33:13 INFO  SELL_EXECUTED [KRX] 068270 mode=BREAKOUT phase=EXITING exitType=STOPLOSS price=172000.0000 qty=46 reason=FAILED_BREAKOUT pnl=-0.86% peakPnl=-0.06% holdMs=300000 high=173400.0000 avgPrice=173500.0000 weightedPnl=-0.69% (pending fill)
2026-07-06 14:33:13 INFO  SELL_FILLED_PNL 068270 reason=FAILED_BREAKOUT filledQty=46/46 fillRatio=1.00 weightedPnl=-0.69% dailyPnl=-0.69%
2026-07-06 14:33:13 INFO  SELL_FILLED 068270 reason=FAILED_BREAKOUT remainingQty=0 phase=NONE exitType=STOPLOSS
2026-07-06 14:33:14 INFO  BUY [KRX] 001820 mode=RSI_BOLLINGER_REBOUND price=131000.0000 qty=76 size=1.0000x score=100[SS] | WHY: rsi=31.3 sig=34.2 bbLow=131288 5mLow=130700 rsiBbScore=100 vol(1.06x) | VWAP: -2.27%(BELOW slope=DN) allowedGap=5.00% | TREND: score=0 vel=-0.38%/-0.68%/-0.76% accel=true | VOL: 481.0000/452.3000 TO: 63059100.0000/59730165.0000 | HIGH: 132900.0000 fromHigh=-1.35% | RSI_BB: score=100 rsi=31.3 sig=34.2 bbLow=131288 5mLow=130700 cross=false | entryNo=1
2026-07-06 14:33:14 INFO  BUY_FILLED 001820 phase=HOLDING
2026-07-06 14:33:14 INFO  SELL [TRAIL_RSI_BOLLINGER_REBOUND] 001820 pnl=1.07% peakPnl=2.06% high=133800.0000 current=132500.0000
2026-07-06 14:33:14 INFO  SELL_EXECUTED [KRX] 001820 mode=RSI_BOLLINGER_REBOUND phase=EXITING exitType=TRAIL price=132500.0000 qty=76 reason=TRAIL_RSI_BOLLINGER_REBOUND pnl=1.07% peakPnl=2.06% holdMs=3420000 high=133800.0000 avgPrice=131100.0000 weightedPnl=1.06% (pending fill)
2026-07-06 14:33:14 INFO  SELL_FILLED_PNL 001820 reason=TRAIL_RSI_BOLLINGER_REBOUND filledQty=76/76 fillRatio=1.00 weightedPnl=1.06% dailyPnl=1.06%
2026-07-06 14:33:14 INFO  SELL_FILLED 001820 reason=TRAIL_RSI_BOLLINGER_REBOUND remainingQty=0 phase=NONE exitType=TRAIL
2026-07-06 14:33:14 INFO  BUY amount set for 013120: 10000000.00
2026-07-06 14:33:14 INFO  BUY amount set for 196170: 10000000.00
2026-07-06 14:33:14 INFO  BUY [KRX] 010140 mode=RSI_BOLLINGER_REBOUND price=28900.0000 qty=346 size=1.0000x score=100[SS] | WHY: rsi=38.3 sig=43.5 bbLow=28871 5mLow=28900 rsiBbScore=100 vol(1.44x) | VWAP: -0.55%(BELOW slope=DN) allowedGap=5.00% | TREND: score=0 vel=-0.17%/-0.17%/0.00% accel=false | VOL: 3904.0000/2706.4000 TO: 112825600.0000/78318650.0000 | HIGH: 29000.0000 fromHigh=-0.34% | RSI_BB: score=100 rsi=38.3 sig=43.5 bbLow=28871 5mLow=28900 cross=false | entryNo=1
2026-07-06 14:33:14 INFO  BUY_FILLED 010140 phase=HOLDING
2026-07-06 14:33:14 INFO  BUY [KRX] 032830 mode=RSI_BOLLINGER_REBOUND price=400500.0000 qty=24 size=1.0000x score=100[SS] | WHY: rsi=34.4 sig=35.5 bbLow=399961 5mLow=400500 rsiBbScore=100 vol(1.21x) | VWAP: -1.80%(BELOW slope=DN) allowedGap=5.00% | TREND: score=0 vel=-0.25%/-0.25%/-0.06% accel=false | VOL: 1066.0000/878.2000 TO: 426933000.0000/352480625.0000 | HIGH: 403000.0000 fromHigh=-0.62% | RSI_BB: score=100 rsi=34.4 sig=35.5 bbLow=399961 5mLow=400500 cross=false | entryNo=1
2026-07-06 14:33:14 INFO  BUY_FILLED 032830 phase=HOLDING
2026-07-06 14:33:14 INFO  SELL [TRAIL_RSI_BOLLINGER_REBOUND] 032830 pnl=1.37% peakPnl=2.25% high=409500.0000 current=406000.0000
2026-07-06 14:33:14 INFO  SELL_EXECUTED [KRX] 032830 mode=RSI_BOLLINGER_REBOUND phase=EXITING exitType=TRAIL price=406000.0000 qty=24 reason=TRAIL_RSI_BOLLINGER_REBOUND pnl=1.37% peakPnl=2.25% holdMs=3000000 high=409500.0000 avgPrice=400500.0000 weightedPnl=1.32% (pending fill)
2026-07-06 14:33:14 INFO  SELL_FILLED_PNL 032830 reason=TRAIL_RSI_BOLLINGER_REBOUND filledQty=24/24 fillRatio=1.00 weightedPnl=1.32% dailyPnl=1.32%
2026-07-06 14:33:14 INFO  SELL_FILLED 032830 reason=TRAIL_RSI_BOLLINGER_REBOUND remainingQty=0 phase=NONE exitType=TRAIL
2026-07-06 14:33:14 INFO  SELL [EOD_FORCE_SELL] 010140 pnl=-1.21% time=15:30
2026-07-06 14:33:14 INFO  SELL_EXECUTED [KRX] 010140 mode=RSI_BOLLINGER_REBOUND phase=EXITING exitType=TIMESTOP price=28550.0000 qty=346 reason=EOD_FORCE_SELL pnl=-1.21% peakPnl=0.35% holdMs=11400000 high=29000.0000 avgPrice=28900.0000 weightedPnl=-1.21% (pending fill)
2026-07-06 14:33:14 INFO  SELL_FILLED_PNL 010140 reason=EOD_FORCE_SELL filledQty=346/346 fillRatio=1.00 weightedPnl=-1.21% dailyPnl=-1.21%
2026-07-06 14:33:14 INFO  SELL_FILLED 010140 reason=EOD_FORCE_SELL remainingQty=0 phase=NONE exitType=TIMESTOP
2026-07-06 14:33:15 INFO  BUY [KRX] 196170 mode=RSI_BOLLINGER_REBOUND price=350500.0000 qty=28 size=1.0000x score=100[SS] | WHY: rsi=38.3 sig=41.7 bbLow=350163 5mLow=350500 rsiBbScore=100 vol(4.25x) | VWAP: 0.43%(ABOVE slope=DN) allowedGap=5.00% | TREND: score=0 vel=-0.14%/0.00%/0.00% accel=false | VOL: 974.0000/229.3000 TO: 341387000.0000/80489675.0000 | HIGH: 352000.0000 fromHigh=-0.43% | RSI_BB: score=100 rsi=38.3 sig=41.7 bbLow=350163 5mLow=350500 cross=false | entryNo=1
2026-07-06 14:33:15 INFO  BUY_FILLED 196170 phase=HOLDING
2026-07-06 14:33:15 INFO  SELL [EOD_FORCE_SELL] 196170 pnl=0.86% time=15:30
2026-07-06 14:33:15 INFO  SELL_EXECUTED [KRX] 196170 mode=RSI_BOLLINGER_REBOUND phase=EXITING exitType=TIMESTOP price=353500.0000 qty=28 reason=EOD_FORCE_SELL pnl=0.86% peakPnl=0.86% holdMs=12060000 high=353500.0000 avgPrice=350500.0000 weightedPnl=0.84% (pending fill)
2026-07-06 14:33:15 INFO  SELL_FILLED_PNL 196170 reason=EOD_FORCE_SELL filledQty=28/28 fillRatio=1.00 weightedPnl=0.84% dailyPnl=0.84%
2026-07-06 14:33:15 INFO  SELL_FILLED 196170 reason=EOD_FORCE_SELL remainingQty=0 phase=NONE exitType=TIMESTOP
2026-07-06 14:33:15 INFO  BUY [KRX] 196170 mode=RSI_BOLLINGER_REBOUND price=380500.0000 qty=26 size=1.0000x score=100[SS] | WHY: rsi=33.2 sig=45.6 bbLow=381524 5mLow=380000 rsiBbScore=100 vol(3.92x) | VWAP: -0.38%(BELOW slope=DN) allowedGap=5.00% | TREND: score=0 vel=-0.13%/-0.20%/-0.26% accel=true | VOL: 2582.0000/658.8000 TO: 982451000.0000/251539012.5000 | HIGH: 383500.0000 fromHigh=-0.78% | RSI_BB: score=100 rsi=33.2 sig=45.6 bbLow=381524 5mLow=380000 cross=false | entryNo=1
2026-07-06 14:33:15 INFO  BUY_FILLED 196170 phase=HOLDING
2026-07-06 14:33:15 INFO  SELL [EOD_FORCE_SELL] 196170 pnl=-0.39% time=15:30
2026-07-06 14:33:15 INFO  SELL_EXECUTED [KRX] 196170 mode=RSI_BOLLINGER_REBOUND phase=EXITING exitType=TIMESTOP price=379000.0000 qty=26 reason=EOD_FORCE_SELL pnl=-0.39% peakPnl=0.39% holdMs=9060000 high=382000.0000 avgPrice=380500.0000 weightedPnl=-0.39% (pending fill)
2026-07-06 14:33:15 INFO  SELL_FILLED_PNL 196170 reason=EOD_FORCE_SELL filledQty=26/26 fillRatio=1.00 weightedPnl=-0.39% dailyPnl=-0.39%
2026-07-06 14:33:15 INFO  SELL_FILLED 196170 reason=EOD_FORCE_SELL remainingQty=0 phase=NONE exitType=TIMESTOP
2026-07-06 14:33:16 INFO  BUY [KRX] 196170 mode=RSI_BOLLINGER_REBOUND price=361500.0000 qty=27 size=1.0000x score=100[SS] | WHY: rsi=32.3 sig=40.0 bbLow=362177 5mLow=361000 rsiBbScore=100 vol(1.86x) | VWAP: -1.66%(BELOW slope=DN) allowedGap=5.00% | TREND: score=0 vel=-0.14%/-0.28%/-0.28% accel=true | VOL: 1515.0000/812.6500 TO: 547672500.0000/294629650.0000 | HIGH: 364000.0000 fromHigh=-0.69% | RSI_BB: score=100 rsi=32.3 sig=40.0 bbLow=362177 5mLow=361000 cross=false | entryNo=1
2026-07-06 14:33:16 INFO  BUY_FILLED 196170 phase=HOLDING
2026-07-06 14:33:16 INFO  SELL_EXECUTED [KRX] 196170 mode=RSI_BOLLINGER_REBOUND phase=EXITING exitType=STOPLOSS price=353500.0000 qty=27 reason=STOP_LOSS_RSI_BOLLINGER_REBOUND pnl=-2.21% peakPnl=0.28% holdMs=3180000 high=362500.0000 avgPrice=361500.0000 weightedPnl=-2.16% (pending fill)
2026-07-06 14:33:16 INFO  SELL_FILLED_PNL 196170 reason=STOP_LOSS_RSI_BOLLINGER_REBOUND filledQty=27/27 fillRatio=1.00 weightedPnl=-2.16% dailyPnl=-2.16%
2026-07-06 14:33:16 INFO  SELL_FILLED 196170 reason=STOP_LOSS_RSI_BOLLINGER_REBOUND remainingQty=0 phase=NONE exitType=STOPLOSS
2026-07-06 15:43:43 INFO  BUY amount set for 365660: 10000000.00
2026-07-06 15:43:43 INFO  BUY amount set for 006340: 10000000.00
2026-07-06 15:43:43 INFO  BUY amount set for 066570: 10000000.00
2026-07-06 15:43:43 INFO  BUY amount set for 036930: 10000000.00
2026-07-06 15:43:43 INFO  BUY amount set for 002990: 10000000.00
2026-07-06 15:43:43 INFO  BUY amount set for 028260: 10000000.00
2026-07-06 15:43:43 INFO  BUY amount set for 005935: 10000000.00
2026-07-06 15:43:43 INFO  BUY amount set for 012330: 10000000.00
2026-07-06 15:43:43 INFO  BUY amount set for 000660: 10000000.00
2026-07-06 15:43:43 INFO  BUY amount set for 005930: 10000000.00
2026-07-06 15:43:43 INFO  BUY amount set for 402340: 10000000.00
2026-07-06 15:43:43 INFO  BUY amount set for 000270: 10000000.00
2026-07-06 15:43:43 INFO  BUY amount set for 042660: 10000000.00
2026-07-06 15:43:43 INFO  BUY amount set for 005380: 10000000.00
2026-07-06 15:43:43 INFO  BUY amount set for 009150: 10000000.00
2026-07-06 15:43:44 INFO  BUY [KRX] 028260 mode=RSI_BOLLINGER_REBOUND price=305000.0000 qty=32 size=1.0000x score=100[SS] | WHY: rsi=33.0 sig=38.1 bbLow=304789 5mLow=304500 rsiBbScore=100 vol(1.21x) | VWAP: -1.00%(BELOW slope=DN) allowedGap=5.00% | TREND: score=0 vel=-0.33%/-0.16%/-0.16% accel=false | VOL: 629.0000/521.6000 TO: 191845000.0000/159477625.0000 | HIGH: 307000.0000 fromHigh=-0.65% | RSI_BB: score=100 rsi=33.0 sig=38.1 bbLow=304789 5mLow=304500 cross=false | entryNo=1
2026-07-06 15:43:44 INFO  BUY_FILLED 028260 phase=HOLDING
2026-07-06 15:43:45 INFO  BUY amount set for 034020: 10000000.00
2026-07-06 15:43:45 INFO  SELL [EOD_FORCE_SELL] 028260 pnl=-0.82% time=15:30
2026-07-06 15:43:45 INFO  SELL_EXECUTED [KRX] 028260 mode=RSI_BOLLINGER_REBOUND phase=EXITING exitType=TIMESTOP price=302500.0000 qty=32 reason=EOD_FORCE_SELL pnl=-0.82% peakPnl=0.49% holdMs=15540000 high=306500.0000 avgPrice=305000.0000 weightedPnl=-0.80% (pending fill)
2026-07-06 15:43:45 INFO  SELL_FILLED_PNL 028260 reason=EOD_FORCE_SELL filledQty=32/32 fillRatio=1.00 weightedPnl=-0.80% dailyPnl=-0.80%
2026-07-06 15:43:45 INFO  SELL_FILLED 028260 reason=EOD_FORCE_SELL remainingQty=0 phase=NONE exitType=TIMESTOP
2026-07-06 15:43:45 INFO  BUY [KRX] 066570 mode=RSI_BOLLINGER_REBOUND price=123000.0000 qty=81 size=1.0000x score=100[SS] | WHY: rsi=29.7 sig=33.9 bbLow=123059 5mLow=123100 rsiBbScore=100 vol(1.03x) | VWAP: -1.12%(BELOW slope=DN) allowedGap=5.00% | TREND: score=1 vel=-0.08%/-0.08%/0.08% accel=false | VOL: 1847.0000/1792.6000 TO: 227550400.0000/221337495.0000 | HIGH: 124100.0000 fromHigh=-0.73% | RSI_BB: score=100 rsi=29.7 sig=33.9 bbLow=123059 5mLow=123100 cross=false | entryNo=1
2026-07-06 15:43:45 INFO  BUY_FILLED 066570 phase=HOLDING
2026-07-06 15:43:45 INFO  SELL_EXECUTED [KRX] 066570 mode=RSI_BOLLINGER_REBOUND phase=EXITING exitType=STOPLOSS price=121100.0000 qty=81 reason=STOP_LOSS_RSI_BOLLINGER_REBOUND pnl=-1.70% peakPnl=0.16% holdMs=11820000 high=123400.0000 avgPrice=123200.0000 weightedPnl=-1.70% (pending fill)
2026-07-06 15:43:45 INFO  BUY [KRX] 009150 mode=RSI_BOLLINGER_REBOUND price=580000.0000 qty=17 size=1.0000x score=100[SS] | WHY: rsi=37.8 sig=39.4 bbLow=579050 5mLow=579000 rsiBbScore=100 vol(3.36x) | VWAP: -1.22%(BELOW slope=DN) allowedGap=5.00% | TREND: score=0 vel=-0.09%/0.00%/-0.17% accel=false | VOL: 2963.0000/882.4500 TO: 1718540000.0000/513062825.0000 | HIGH: 584000.0000 fromHigh=-0.68% | RSI_BB: score=100 rsi=37.8 sig=39.4 bbLow=579050 5mLow=579000 cross=false | entryNo=1
2026-07-06 15:43:45 INFO  BUY_FILLED 009150 phase=HOLDING
2026-07-06 15:43:45 INFO  SELL_FILLED_PNL 066570 reason=STOP_LOSS_RSI_BOLLINGER_REBOUND filledQty=81/81 fillRatio=1.00 weightedPnl=-1.70% dailyPnl=-1.70%
2026-07-06 15:43:45 INFO  SELL_FILLED 066570 reason=STOP_LOSS_RSI_BOLLINGER_REBOUND remainingQty=0 phase=NONE exitType=STOPLOSS
2026-07-06 15:43:45 INFO  SELL [TRAIL_RSI_BOLLINGER_REBOUND] 009150 pnl=1.38% peakPnl=2.24% high=593000.0000 current=588000.0000
2026-07-06 15:43:45 INFO  BUY [KRX] 066570 mode=BREAKOUT price=124000.0000 qty=80 size=1.0000x score=85[A](CONV) | WHY: strongBreakout volBreakout retestOK multiUp vol(2.57x) | VWAP: 0.72%(ABOVE slope=UP) allowedGap=1.50% | TREND: score=3 vel=0.40%/0.32%/0.49% accel=true | VOL: 8865.0000/3453.0500 TO: 1101033000.0000/426036530.0000 | HIGH: 124200.0000 fromHigh=0.00% | entryNo=1
2026-07-06 15:43:45 INFO  SELL_EXECUTED [KRX] 009150 mode=RSI_BOLLINGER_REBOUND phase=EXITING exitType=TRAIL price=588000.0000 qty=17 reason=TRAIL_RSI_BOLLINGER_REBOUND pnl=1.38% peakPnl=2.24% holdMs=11580000 high=593000.0000 avgPrice=580000.0000 weightedPnl=1.36% (pending fill)
2026-07-06 15:43:45 INFO  BUY_FILLED 066570 phase=HOLDING
2026-07-06 15:43:45 INFO  SELL_FILLED_PNL 009150 reason=TRAIL_RSI_BOLLINGER_REBOUND filledQty=17/17 fillRatio=1.00 weightedPnl=1.36% dailyPnl=1.36%
2026-07-06 15:43:45 INFO  BUY [KRX] 000660 mode=RSI_BOLLINGER_REBOUND price=1137000.0000 qty=8 size=1.0000x score=100[SS] | WHY: rsi=32.1 sig=36.8 bbLow=1137851 5mLow=1136000 rsiBbScore=100 vol(1.39x) | VWAP: -0.74%(BELOW slope=DN) allowedGap=5.00% | TREND: score=0 vel=-0.09%/0.00%/-0.18% accel=false | VOL: 10725.0000/7692.5500 TO: 12194325000.0000/8758362625.0000 | HIGH: 1141000.0000 fromHigh=-0.35% | RSI_BB: score=100 rsi=32.1 sig=36.8 bbLow=1137851 5mLow=1136000 cross=false | entryNo=1
2026-07-06 15:43:45 INFO  SELL_FILLED 009150 reason=TRAIL_RSI_BOLLINGER_REBOUND remainingQty=0 phase=NONE exitType=TRAIL
2026-07-06 15:43:45 INFO  BUY_FILLED 000660 phase=HOLDING
2026-07-06 15:43:45 INFO  SELL_EXECUTED [KRX] 066570 mode=BREAKOUT phase=EXITING exitType=PROFIT price=127000.0000 qty=80 reason=TAKE_PROFIT_BREAKOUT pnl=2.09% peakPnl=2.09% holdMs=8820000 high=126800.0000 avgPrice=124200.0000 weightedPnl=2.08% (pending fill)
2026-07-06 15:43:45 INFO  SELL_FILLED_PNL 066570 reason=TAKE_PROFIT_BREAKOUT filledQty=80/80 fillRatio=1.00 weightedPnl=2.08% dailyPnl=2.08%
2026-07-06 15:43:45 INFO  BUY [KRX] 005935 mode=RSI_BOLLINGER_REBOUND price=148000.0000 qty=67 size=1.0000x score=100[SS] | WHY: rsi=38.6 sig=46.7 bbLow=147893 5mLow=148000 rsiBbScore=100 vol(1.18x) | VWAP: -0.07%(BELOW slope=DN) allowedGap=5.00% | TREND: score=0 vel=-0.07%/0.00%/-0.13% accel=false | VOL: 2794.0000/2358.1000 TO: 413512000.0000/349389675.0000 | HIGH: 148300.0000 fromHigh=-0.20% | RSI_BB: score=100 rsi=38.6 sig=46.7 bbLow=147893 5mLow=148000 cross=false | entryNo=1
2026-07-06 15:43:46 INFO  SELL_FILLED 066570 reason=TAKE_PROFIT_BREAKOUT remainingQty=0 phase=NONE exitType=PROFIT
2026-07-06 15:43:46 INFO  SELL [EOD_FORCE_SELL] 000660 pnl=-0.79% time=15:30
2026-07-06 15:43:46 INFO  BUY_FILLED 005935 phase=HOLDING
2026-07-06 15:43:46 INFO  SELL_EXECUTED [KRX] 000660 mode=RSI_BOLLINGER_REBOUND phase=EXITING exitType=TIMESTOP price=1128000.0000 qty=8 reason=EOD_FORCE_SELL pnl=-0.79% peakPnl=0.00% holdMs=13320000 high=1137000.0000 avgPrice=1137000.0000 weightedPnl=-0.72% (pending fill)
2026-07-06 15:43:46 INFO  SELL_FILLED_PNL 000660 reason=EOD_FORCE_SELL filledQty=8/8 fillRatio=1.00 weightedPnl=-0.72% dailyPnl=-0.72%
2026-07-06 15:43:46 INFO  SELL_FILLED 000660 reason=EOD_FORCE_SELL remainingQty=0 phase=NONE exitType=TIMESTOP
2026-07-06 15:43:46 INFO  SELL [EOD_FORCE_SELL] 005935 pnl=-0.95% time=15:30
2026-07-06 15:43:46 INFO  BUY [KRX] 006340 mode=RSI_BOLLINGER_REBOUND price=6320.0000 qty=1582 size=1.0000x score=100[SS] | WHY: rsi=31.6 sig=29.8 bbLow=6316 5mLow=6310 rsiBbScore=100 vol(2.32x) | VWAP: -2.14%(BELOW slope=DN) allowedGap=5.00% | TREND: score=0 vel=-0.16%/-0.16%/-0.16% accel=false | VOL: 14422.0000/6215.4000 TO: 91147040.0000/39430267.2500 | HIGH: 6380.0000 fromHigh=-0.94% | RSI_BB: score=100 rsi=31.6 sig=29.8 bbLow=6316 5mLow=6310 cross=false | entryNo=1
2026-07-06 15:43:46 INFO  SELL_EXECUTED [KRX] 005935 mode=RSI_BOLLINGER_REBOUND phase=EXITING exitType=TIMESTOP price=146600.0000 qty=67 reason=EOD_FORCE_SELL pnl=-0.95% peakPnl=0.07% holdMs=13140000 high=148100.0000 avgPrice=148000.0000 weightedPnl=-0.94% (pending fill)
2026-07-06 15:43:46 INFO  BUY_FILLED 006340 phase=HOLDING
2026-07-06 15:43:46 INFO  SELL_FILLED_PNL 005935 reason=EOD_FORCE_SELL filledQty=67/67 fillRatio=1.00 weightedPnl=-0.94% dailyPnl=-0.94%
2026-07-06 15:43:46 INFO  SELL_FILLED 005935 reason=EOD_FORCE_SELL remainingQty=0 phase=NONE exitType=TIMESTOP
2026-07-06 15:43:46 INFO  SELL [EOD_FORCE_SELL] 006340 pnl=1.27% time=15:30
2026-07-06 15:43:46 INFO  SELL_EXECUTED [KRX] 006340 mode=RSI_BOLLINGER_REBOUND phase=EXITING exitType=TIMESTOP price=6400.0000 qty=1582 reason=EOD_FORCE_SELL pnl=1.27% peakPnl=1.27% holdMs=14460000 high=6400.0000 avgPrice=6320.0000 weightedPnl=1.27% (pending fill)
2026-07-06 15:43:46 INFO  SELL_FILLED_PNL 006340 reason=EOD_FORCE_SELL filledQty=1582/1582 fillRatio=1.00 weightedPnl=1.27% dailyPnl=1.27%
2026-07-06 15:43:46 INFO  SELL_FILLED 006340 reason=EOD_FORCE_SELL remainingQty=0 phase=NONE exitType=TIMESTOP
2026-07-06 15:43:46 INFO  BUY [KRX] 005380 mode=RSI_BOLLINGER_REBOUND price=537000.0000 qty=18 size=1.0000x score=100[SS] | WHY: rsi=37.8 sig=43.3 bbLow=538630 5mLow=537000 rsiBbScore=100 vol(1.22x) | VWAP: -1.25%(BELOW slope=DN) allowedGap=5.00% | TREND: score=0 vel=-0.09%/0.00%/-0.56% accel=false | VOL: 4271.0000/3511.4000 TO: 2293527000.0000/1893834325.0000 | HIGH: 542000.0000 fromHigh=-0.92% | RSI_BB: score=100 rsi=37.8 sig=43.3 bbLow=538630 5mLow=537000 cross=false | entryNo=1
2026-07-06 15:43:47 INFO  BUY_FILLED 005380 phase=HOLDING
2026-07-06 15:43:47 INFO  SELL_EXECUTED [KRX] 005380 mode=RSI_BOLLINGER_REBOUND phase=EXITING exitType=STOPLOSS price=528000.0000 qty=18 reason=STOP_LOSS_RSI_BOLLINGER_REBOUND pnl=-1.68% peakPnl=0.37% holdMs=4680000 high=539000.0000 avgPrice=537000.0000 weightedPnl=-1.62% (pending fill)
2026-07-06 15:43:47 INFO  SELL_FILLED_PNL 005380 reason=STOP_LOSS_RSI_BOLLINGER_REBOUND filledQty=18/18 fillRatio=1.00 weightedPnl=-1.62% dailyPnl=-1.62%
2026-07-06 15:43:47 INFO  SELL_FILLED 005380 reason=STOP_LOSS_RSI_BOLLINGER_REBOUND remainingQty=0 phase=NONE exitType=STOPLOSS
2026-07-06 15:43:47 INFO  BUY [KRX] 066570 mode=RSI_BOLLINGER_REBOUND price=130000.0000 qty=76 size=1.0000x score=100[SS] | WHY: rsi=31.0 sig=36.8 bbLow=129989 5mLow=130100 rsiBbScore=100 vol(1.06x) | VWAP: -1.24%(BELOW slope=DN) allowedGap=5.00% | TREND: score=0 vel=-0.08%/-0.15%/0.00% accel=true | VOL: 3028.0000/2865.0500 TO: 394245600.0000/373697665.0000 | HIGH: 130850.0000 fromHigh=-0.50% | RSI_BB: score=100 rsi=31.0 sig=36.8 bbLow=129989 5mLow=130100 cross=false | entryNo=1
2026-07-06 15:43:47 INFO  BUY_FILLED 066570 phase=HOLDING
2026-07-06 15:43:47 INFO  SELL_EXECUTED [KRX] 066570 mode=RSI_BOLLINGER_REBOUND phase=EXITING exitType=STOPLOSS price=128100.0000 qty=76 reason=STOP_LOSS_RSI_BOLLINGER_REBOUND pnl=-1.61% peakPnl=0.00% holdMs=2460000 high=130200.0000 avgPrice=130200.0000 weightedPnl=-1.60% (pending fill)
2026-07-06 15:43:47 INFO  SELL_FILLED_PNL 066570 reason=STOP_LOSS_RSI_BOLLINGER_REBOUND filledQty=76/76 fillRatio=1.00 weightedPnl=-1.60% dailyPnl=-1.60%
2026-07-06 15:43:47 INFO  SELL_FILLED 066570 reason=STOP_LOSS_RSI_BOLLINGER_REBOUND remainingQty=0 phase=NONE exitType=STOPLOSS
2026-07-06 15:43:47 INFO  BUY [KRX] 000660 mode=BREAKOUT price=1319000.0000 qty=7 size=1.0000x score=85[A](CONV) | WHY: strongBreakout volBreakout retestOK multiUp vol(2.59x) | VWAP: 0.64%(ABOVE slope=UP) allowedGap=1.50% | TREND: score=3 vel=0.42%/0.19%/0.27% accel=true | VOL: 24493.0000/9468.4000 TO: 32294020500.0000/12427395275.0000 | HIGH: 1319000.0000 fromHigh=-0.04% | entryNo=1
2026-07-06 15:43:47 INFO  BUY [KRX] 034020 mode=RSI_BOLLINGER_REBOUND price=112500.0000 qty=88 size=1.0000x score=100[SS] | WHY: rsi=38.9 sig=50.5 bbLow=112815 5mLow=112600 rsiBbScore=100 vol(2.16x) | VWAP: -0.19%(BELOW slope=DN) allowedGap=5.00% | TREND: score=0 vel=-0.09%/-0.09%/-0.09% accel=false | VOL: 14041.0000/6503.4000 TO: 1582420700.0000/734885460.0000 | HIGH: 113400.0000 fromHigh=-0.62% | RSI_BB: score=100 rsi=38.9 sig=50.5 bbLow=112815 5mLow=112600 cross=false | entryNo=1
2026-07-06 15:43:47 INFO  BUY_FILLED 000660 phase=HOLDING
2026-07-06 15:43:47 INFO  BUY [KRX] 066570 mode=RSI_BOLLINGER_REBOUND price=128500.0000 qty=77 size=1.0000x score=100[SS] | WHY: rsi=37.1 sig=38.9 bbLow=128435 5mLow=128500 rsiBbScore=100 vol(1.58x) | VWAP: -0.98%(BELOW slope=DN) allowedGap=5.00% | TREND: score=0 vel=-0.08%/-0.08%/-0.31% accel=false | VOL: 2723.0000/1724.3000 TO: 350177800.0000/222472080.0000 | HIGH: 129500.0000 fromHigh=-0.69% | RSI_BB: score=100 rsi=37.1 sig=38.9 bbLow=128435 5mLow=128500 cross=false | entryNo=1
2026-07-06 15:43:47 INFO  BUY [KRX] 006340 mode=RSI_BOLLINGER_REBOUND price=9910.0000 qty=1009 size=1.0000x score=100[SS] | WHY: rsi=29.9 sig=30.8 bbLow=9897 5mLow=9900 rsiBbScore=100 vol(3.04x) | VWAP: -2.63%(BELOW slope=DN) allowedGap=5.00% | TREND: score=0 vel=-0.10%/-0.30%/-0.20% accel=true | VOL: 45941.0000/15132.9500 TO: 455275310.0000/150461631.5000 | HIGH: 9990.0000 fromHigh=-0.80% | RSI_BB: score=100 rsi=29.9 sig=30.8 bbLow=9897 5mLow=9900 cross=false | entryNo=1
2026-07-06 15:43:47 INFO  BUY_FILLED 034020 phase=HOLDING
2026-07-06 15:43:47 INFO  BUY_FILLED 066570 phase=HOLDING
2026-07-06 15:43:47 INFO  BUY_FILLED 006340 phase=HOLDING
2026-07-06 15:43:47 INFO  SELL_EXECUTED [KRX] 000660 mode=BREAKOUT phase=EXITING exitType=VWAP_BREAK price=1305000.0000 qty=7 reason=VWAP_BREAK pnl=-1.02% peakPnl=0.72% holdMs=4800000 high=1328000.0000 avgPrice=1318500.0000 weightedPnl=-0.95% (pending fill)
2026-07-06 15:43:47 INFO  SELL_FILLED_PNL 000660 reason=VWAP_BREAK filledQty=7/7 fillRatio=1.00 weightedPnl=-0.95% dailyPnl=-0.95%
2026-07-06 15:43:47 INFO  SELL_FILLED 000660 reason=VWAP_BREAK remainingQty=0 phase=NONE exitType=VWAP_BREAK
2026-07-06 15:43:47 INFO  SELL [TRAIL_RSI_BOLLINGER_REBOUND] 006340 pnl=1.41% peakPnl=2.12% high=10120.0000 current=10050.0000
2026-07-06 15:43:47 INFO  SELL_EXECUTED [KRX] 066570 mode=RSI_BOLLINGER_REBOUND phase=EXITING exitType=STOPLOSS price=126600.0000 qty=77 reason=STOP_LOSS_RSI_BOLLINGER_REBOUND pnl=-1.56% peakPnl=0.00% holdMs=6120000 high=128600.0000 avgPrice=128600.0000 weightedPnl=-1.54% (pending fill)
2026-07-06 15:43:47 INFO  SELL_EXECUTED [KRX] 006340 mode=RSI_BOLLINGER_REBOUND phase=EXITING exitType=TRAIL price=10050.0000 qty=1009 reason=TRAIL_RSI_BOLLINGER_REBOUND pnl=1.41% peakPnl=2.12% holdMs=11940000 high=10120.0000 avgPrice=9910.0000 weightedPnl=1.41% (pending fill)
2026-07-06 15:43:47 INFO  SELL_FILLED_PNL 006340 reason=TRAIL_RSI_BOLLINGER_REBOUND filledQty=1009/1009 fillRatio=1.00 weightedPnl=1.41% dailyPnl=1.41%
2026-07-06 15:43:47 INFO  BUY [KRX] 000270 mode=RSI_BOLLINGER_REBOUND price=154000.0000 qty=64 size=1.0000x score=100[SS] | WHY: rsi=34.3 sig=31.9 bbLow=153671 5mLow=153700 rsiBbScore=100 vol(1.71x) | VWAP: -0.43%(BELOW slope=DN) allowedGap=5.00% | TREND: score=0 vel=-0.13%/-0.06%/-0.06% accel=false | VOL: 3849.0000/2249.7500 TO: 591976200.0000/346316260.0000 | HIGH: 154200.0000 fromHigh=-0.26% | RSI_BB: score=100 rsi=34.3 sig=31.9 bbLow=153671 5mLow=153700 cross=false | entryNo=1
2026-07-06 15:43:47 INFO  SELL_FILLED_PNL 066570 reason=STOP_LOSS_RSI_BOLLINGER_REBOUND filledQty=77/77 fillRatio=1.00 weightedPnl=-1.54% dailyPnl=-1.54%
2026-07-06 15:43:47 INFO  SELL_FILLED 006340 reason=TRAIL_RSI_BOLLINGER_REBOUND remainingQty=0 phase=NONE exitType=TRAIL
2026-07-06 15:43:47 INFO  SELL [EOD_FORCE_SELL] 034020 pnl=-1.51% time=15:30
2026-07-06 15:43:47 INFO  BUY_FILLED 000270 phase=HOLDING
2026-07-06 15:43:47 INFO  SELL_FILLED 066570 reason=STOP_LOSS_RSI_BOLLINGER_REBOUND remainingQty=0 phase=NONE exitType=STOPLOSS
2026-07-06 15:43:47 INFO  SELL_EXECUTED [KRX] 034020 mode=RSI_BOLLINGER_REBOUND phase=EXITING exitType=TIMESTOP price=111000.0000 qty=88 reason=EOD_FORCE_SELL pnl=-1.51% peakPnl=0.27% holdMs=13380000 high=113000.0000 avgPrice=112700.0000 weightedPnl=-1.50% (pending fill)
2026-07-06 15:43:47 INFO  SELL_FILLED_PNL 034020 reason=EOD_FORCE_SELL filledQty=88/88 fillRatio=1.00 weightedPnl=-1.50% dailyPnl=-1.50%
2026-07-06 15:43:47 INFO  SELL_FILLED 034020 reason=EOD_FORCE_SELL remainingQty=0 phase=NONE exitType=TIMESTOP
2026-07-06 15:43:47 INFO  SELL [EOD_FORCE_SELL] 000270 pnl=-0.26% time=15:30
2026-07-06 15:43:47 INFO  SELL_EXECUTED [KRX] 000270 mode=RSI_BOLLINGER_REBOUND phase=EXITING exitType=TIMESTOP price=153400.0000 qty=64 reason=EOD_FORCE_SELL pnl=-0.26% peakPnl=0.33% holdMs=15540000 high=154300.0000 avgPrice=153800.0000 weightedPnl=-0.26% (pending fill)
2026-07-06 15:43:47 INFO  SELL_FILLED_PNL 000270 reason=EOD_FORCE_SELL filledQty=64/64 fillRatio=1.00 weightedPnl=-0.26% dailyPnl=-0.26%
2026-07-06 15:43:47 INFO  SELL_FILLED 000270 reason=EOD_FORCE_SELL remainingQty=0 phase=NONE exitType=TIMESTOP
2026-07-06 15:43:48 INFO  BUY [KRX] 009150 mode=BREAKOUT price=821000.0000 qty=9 size=0.8000x score=85[A](CONV) | WHY: strongBreakout volBreakout retestOK multiUp vol(2.25x) | VWAP: 0.73%(ABOVE slope=UP) allowedGap=1.50% | TREND: score=3 vel=0.61%/0.49%/0.49% accel=true | VOL: 5421.0000/2411.3000 TO: 4450641000.0000/1969790600.0000 | HIGH: 822000.0000 fromHigh=-0.12% | entryNo=1
2026-07-06 15:43:48 INFO  BUY_FILLED 009150 phase=HOLDING
2026-07-06 15:43:48 INFO  BUY [KRX] 042660 mode=RSI_BOLLINGER_REBOUND price=130000.0000 qty=76 size=1.0000x score=100[SS] | WHY: rsi=40.3 sig=36.6 bbLow=129876 5mLow=130000 rsiBbScore=100 vol(1.49x) | VWAP: -0.67%(BELOW slope=DN) allowedGap=5.00% | TREND: score=0 vel=-0.08%/-0.15%/-0.23% accel=true | VOL: 6456.0000/4321.3000 TO: 839280000.0000/563048740.0000 | HIGH: 130600.0000 fromHigh=-0.46% | RSI_BB: score=100 rsi=40.3 sig=36.6 bbLow=129876 5mLow=130000 cross=false | entryNo=1
2026-07-06 15:43:48 INFO  SELL [EOD_FORCE_SELL] 009150 pnl=0.73% time=15:30
2026-07-06 15:43:48 INFO  SELL_EXECUTED [KRX] 009150 mode=BREAKOUT phase=EXITING exitType=TIMESTOP price=827000.0000 qty=9 reason=EOD_FORCE_SELL pnl=0.73% peakPnl=1.40% holdMs=21600000 high=832500.0000 avgPrice=821000.0000 weightedPnl=0.54% (pending fill)
2026-07-06 15:43:48 INFO  SELL_FILLED_PNL 009150 reason=EOD_FORCE_SELL filledQty=9/9 fillRatio=1.00 weightedPnl=0.54% dailyPnl=0.54%
2026-07-06 15:43:48 INFO  BUY_FILLED 042660 phase=HOLDING
2026-07-06 15:43:48 INFO  SELL_FILLED 009150 reason=EOD_FORCE_SELL remainingQty=0 phase=NONE exitType=TIMESTOP
2026-07-06 15:43:48 INFO  SELL [EOD_FORCE_SELL] 042660 pnl=0.15% time=15:30
2026-07-06 15:43:48 INFO  SELL_EXECUTED [KRX] 042660 mode=RSI_BOLLINGER_REBOUND phase=EXITING exitType=TIMESTOP price=130200.0000 qty=76 reason=EOD_FORCE_SELL pnl=0.15% peakPnl=0.85% holdMs=15600000 high=131100.0000 avgPrice=130000.0000 weightedPnl=0.15% (pending fill)
2026-07-06 15:43:48 INFO  SELL_FILLED_PNL 042660 reason=EOD_FORCE_SELL filledQty=76/76 fillRatio=1.00 weightedPnl=0.15% dailyPnl=0.15%
2026-07-06 15:43:48 INFO  SELL_FILLED 042660 reason=EOD_FORCE_SELL remainingQty=0 phase=NONE exitType=TIMESTOP
2026-07-06 15:43:51 INFO  BUY [KRX] 028260 mode=RSI_BOLLINGER_REBOUND price=423000.0000 qty=23 size=1.0000x score=100[SS] | WHY: rsi=36.7 sig=39.5 bbLow=423110 5mLow=422000 rsiBbScore=100 vol(2.81x) | VWAP: -1.87%(BELOW slope=DN) allowedGap=5.00% | TREND: score=0 vel=-0.12%/-0.12%/-0.12% accel=false | VOL: 1984.0000/704.8000 TO: 839232000.0000/299032175.0000 | HIGH: 426500.0000 fromHigh=-0.82% | RSI_BB: score=100 rsi=36.7 sig=39.5 bbLow=423110 5mLow=422000 cross=false | entryNo=1
2026-07-06 15:43:51 INFO  BUY_FILLED 028260 phase=HOLDING
2026-07-06 15:43:51 INFO  SELL_EXECUTED [KRX] 028260 mode=RSI_BOLLINGER_REBOUND phase=EXITING exitType=STOPLOSS price=416500.0000 qty=23 reason=STOP_LOSS_RSI_BOLLINGER_REBOUND pnl=-1.54% peakPnl=0.71% holdMs=6300000 high=426000.0000 avgPrice=423000.0000 weightedPnl=-1.49% (pending fill)
2026-07-06 15:43:51 INFO  SELL_FILLED_PNL 028260 reason=STOP_LOSS_RSI_BOLLINGER_REBOUND filledQty=23/23 fillRatio=1.00 weightedPnl=-1.49% dailyPnl=-1.49%
2026-07-06 15:43:51 INFO  SELL_FILLED 028260 reason=STOP_LOSS_RSI_BOLLINGER_REBOUND remainingQty=0 phase=NONE exitType=STOPLOSS
2026-07-06 15:43:53 INFO  BUY [KRX] 066570 mode=RSI_BOLLINGER_REBOUND price=209500.0000 qty=47 size=1.0000x score=100[SS] | WHY: rsi=38.3 sig=48.3 bbLow=209470 5mLow=209000 rsiBbScore=100 vol(1.44x) | VWAP: -2.04%(BELOW slope=DN) allowedGap=5.00% | TREND: score=0 vel=-0.12%/0.00%/0.00% accel=false | VOL: 10922.0000/7608.3000 TO: 2288159000.0000/1604439675.0000 | HIGH: 213500.0000 fromHigh=-1.87% | RSI_BB: score=100 rsi=38.3 sig=48.3 bbLow=209470 5mLow=209000 cross=false | entryNo=1
2026-07-06 15:43:53 INFO  BUY_FILLED 066570 phase=HOLDING
2026-07-06 15:43:53 INFO  SELL [TRAIL_RSI_BOLLINGER_REBOUND] 066570 pnl=2.39% peakPnl=3.10% high=216000.0000 current=214500.0000
2026-07-06 15:43:53 INFO  SELL_EXECUTED [KRX] 066570 mode=RSI_BOLLINGER_REBOUND phase=EXITING exitType=TRAIL price=214500.0000 qty=47 reason=TRAIL_RSI_BOLLINGER_REBOUND pnl=2.39% peakPnl=3.10% holdMs=3180000 high=216000.0000 avgPrice=209500.0000 weightedPnl=2.35% (pending fill)
2026-07-06 15:43:53 INFO  SELL_FILLED_PNL 066570 reason=TRAIL_RSI_BOLLINGER_REBOUND filledQty=47/47 fillRatio=1.00 weightedPnl=2.35% dailyPnl=2.35%
2026-07-06 15:43:53 INFO  SELL_FILLED 066570 reason=TRAIL_RSI_BOLLINGER_REBOUND remainingQty=0 phase=NONE exitType=TRAIL
2026-07-06 15:43:53 INFO  BUY [KRX] 034020 mode=RSI_BOLLINGER_REBOUND price=110000.0000 qty=90 size=1.0000x score=100[SS] | WHY: rsi=35.1 sig=37.8 bbLow=110012 5mLow=110000 rsiBbScore=100 vol(1.08x) | VWAP: -1.55%(BELOW slope=DN) allowedGap=5.00% | TREND: score=0 vel=-0.09%/-0.09%/-0.18% accel=false | VOL: 6412.0000/5917.5000 TO: 705320000.0000/652413780.0000 | HIGH: 110500.0000 fromHigh=-0.45% | RSI_BB: score=100 rsi=35.1 sig=37.8 bbLow=110012 5mLow=110000 cross=false | entryNo=1
2026-07-06 15:43:53 INFO  BUY_FILLED 034020 phase=HOLDING
2026-07-06 15:43:54 INFO  SELL_EXECUTED [KRX] 034020 mode=RSI_BOLLINGER_REBOUND phase=EXITING exitType=STOPLOSS price=108300.0000 qty=90 reason=STOP_LOSS_RSI_BOLLINGER_REBOUND pnl=-1.55% peakPnl=0.09% holdMs=10200000 high=110100.0000 avgPrice=110000.0000 weightedPnl=-1.53% (pending fill)
2026-07-06 15:43:54 INFO  SELL_FILLED_PNL 034020 reason=STOP_LOSS_RSI_BOLLINGER_REBOUND filledQty=90/90 fillRatio=1.00 weightedPnl=-1.53% dailyPnl=-1.53%
2026-07-06 15:43:54 INFO  SELL_FILLED 034020 reason=STOP_LOSS_RSI_BOLLINGER_REBOUND remainingQty=0 phase=NONE exitType=STOPLOSS
2026-07-06 15:43:55 INFO  BUY amount set for 477850: 10000000.00
2026-07-06 15:43:56 INFO  BUY amount set for 240810: 10000000.00
2026-07-06 15:43:56 INFO  BUY amount set for 006400: 10000000.00
2026-07-06 15:43:57 INFO  BUY amount set for 011070: 10000000.00
2026-07-06 15:43:57 INFO  BUY amount set for 010120: 10000000.00
2026-07-06 15:43:57 INFO  BUY amount set for 105560: 10000000.00
2026-07-06 15:43:57 INFO  BUY amount set for 403870: 10000000.00
2026-07-06 15:43:57 INFO  BUY [KRX] 240810 mode=RSI_BOLLINGER_REBOUND price=122000.0000 qty=81 size=1.0000x score=100[SS] | WHY: rsi=38.5 sig=41.5 bbLow=121870 5mLow=121800 rsiBbScore=100 vol(1.36x) | VWAP: -0.37%(BELOW slope=DN) allowedGap=5.00% | TREND: score=0 vel=-0.08%/-0.08%/-0.08% accel=false | VOL: 1248.0000/918.6000 TO: 152131200.0000/112121025.0000 | HIGH: 122300.0000 fromHigh=-0.33% | RSI_BB: score=100 rsi=38.5 sig=41.5 bbLow=121870 5mLow=121800 cross=false | entryNo=1
2026-07-06 15:43:57 INFO  BUY [KRX] 006400 mode=RSI_BOLLINGER_REBOUND price=475000.0000 qty=21 size=1.0000x score=100[SS] | WHY: rsi=33.2 sig=36.8 bbLow=474986 5mLow=475000 rsiBbScore=100 vol(1.15x) | VWAP: -1.65%(BELOW slope=DN) allowedGap=5.00% | TREND: score=0 vel=-0.11%/-0.11%/-0.11% accel=false | VOL: 1357.0000/1182.2500 TO: 644575000.0000/564041750.0000 | HIGH: 480000.0000 fromHigh=-1.04% | RSI_BB: score=100 rsi=33.2 sig=36.8 bbLow=474986 5mLow=475000 cross=false | entryNo=1
2026-07-06 15:43:57 INFO  BUY amount set for 012450: 10000000.00
2026-07-06 15:43:57 INFO  BUY_FILLED 240810 phase=HOLDING
2026-07-06 15:43:57 INFO  BUY_FILLED 006400 phase=HOLDING
2026-07-06 15:43:57 INFO  BUY amount set for 006800: 10000000.00
2026-07-06 15:43:57 INFO  SELL [EOD_FORCE_SELL] 240810 pnl=0.57% time=15:30
2026-07-06 15:43:57 INFO  SELL [EOD_FORCE_SELL] 006400 pnl=0.53% time=15:30
2026-07-06 15:43:57 INFO  SELL_EXECUTED [KRX] 240810 mode=RSI_BOLLINGER_REBOUND phase=EXITING exitType=TIMESTOP price=122600.0000 qty=81 reason=EOD_FORCE_SELL pnl=0.57% peakPnl=1.15% holdMs=12720000 high=123300.0000 avgPrice=121900.0000 weightedPnl=0.57% (pending fill)
2026-07-06 15:43:57 INFO  SELL_EXECUTED [KRX] 006400 mode=RSI_BOLLINGER_REBOUND phase=EXITING exitType=TIMESTOP price=477500.0000 qty=21 reason=EOD_FORCE_SELL pnl=0.53% peakPnl=1.16% holdMs=15300000 high=480500.0000 avgPrice=475000.0000 weightedPnl=0.53% (pending fill)
2026-07-06 15:43:57 INFO  SELL_FILLED_PNL 006400 reason=EOD_FORCE_SELL filledQty=21/21 fillRatio=1.00 weightedPnl=0.53% dailyPnl=0.53%
2026-07-06 15:43:57 INFO  SELL_FILLED_PNL 240810 reason=EOD_FORCE_SELL filledQty=81/81 fillRatio=1.00 weightedPnl=0.57% dailyPnl=0.57%
2026-07-06 15:43:58 INFO  SELL_FILLED 006400 reason=EOD_FORCE_SELL remainingQty=0 phase=NONE exitType=TIMESTOP
2026-07-06 15:43:58 INFO  SELL_FILLED 240810 reason=EOD_FORCE_SELL remainingQty=0 phase=NONE exitType=TIMESTOP
2026-07-06 15:43:58 INFO  BUY amount set for 055550: 10000000.00
2026-07-06 15:43:58 INFO  BUY amount set for 079550: 10000000.00
2026-07-06 15:43:58 INFO  BUY amount set for 475150: 10000000.00
2026-07-06 15:43:58 INFO  BUY amount set for 042700: 10000000.00
2026-07-06 15:43:59 INFO  BUY [KRX] 105560 mode=RSI_BOLLINGER_REBOUND price=162000.0000 qty=61 size=1.0000x score=100[SS] | WHY: rsi=42.0 sig=39.6 bbLow=161953 5mLow=162200 rsiBbScore=100 vol(1.21x) | VWAP: -0.20%(BELOW slope=DN) allowedGap=5.00% | TREND: score=0 vel=-0.06%/-0.06%/-0.06% accel=false | VOL: 1144.0000/943.1000 TO: 185556800.0000/152991990.0000 | HIGH: 162400.0000 fromHigh=-0.12% | RSI_BB: score=100 rsi=42.0 sig=39.6 bbLow=161953 5mLow=162200 cross=false | entryNo=1
2026-07-06 15:43:59 INFO  BUY_FILLED 105560 phase=HOLDING
2026-07-06 15:43:59 INFO  BUY [KRX] 012450 mode=RSI_BOLLINGER_REBOUND price=1518000.0000 qty=6 size=1.0000x score=100[SS] | WHY: rsi=31.4 sig=29.8 bbLow=1515665 5mLow=1518000 rsiBbScore=100 vol(1.91x) | VWAP: -1.18%(BELOW slope=DN) allowedGap=5.00% | TREND: score=0 vel=-0.07%/-0.13%/0.00% accel=true | VOL: 203.0000/106.0500 TO: 308154000.0000/161146600.0000 | HIGH: 1522000.0000 fromHigh=-0.26% | RSI_BB: score=100 rsi=31.4 sig=29.8 bbLow=1515665 5mLow=1518000 cross=false | entryNo=1
2026-07-06 15:43:59 INFO  BUY_FILLED 012450 phase=HOLDING
2026-07-06 15:43:59 INFO  SELL [EOD_FORCE_SELL] 105560 pnl=0.06% time=15:30
2026-07-06 15:43:59 INFO  SELL_EXECUTED [KRX] 105560 mode=RSI_BOLLINGER_REBOUND phase=EXITING exitType=TIMESTOP price=162300.0000 qty=61 reason=EOD_FORCE_SELL pnl=0.06% peakPnl=0.43% holdMs=12660000 high=162900.0000 avgPrice=162200.0000 weightedPnl=0.06% (pending fill)
2026-07-06 15:43:59 INFO  SELL_FILLED_PNL 105560 reason=EOD_FORCE_SELL filledQty=61/61 fillRatio=1.00 weightedPnl=0.06% dailyPnl=0.06%
2026-07-06 15:43:59 INFO  SELL [EOD_FORCE_SELL] 012450 pnl=0.07% time=15:30
2026-07-06 15:43:59 INFO  SELL_EXECUTED [KRX] 012450 mode=RSI_BOLLINGER_REBOUND phase=EXITING exitType=TIMESTOP price=1519000.0000 qty=6 reason=EOD_FORCE_SELL pnl=0.07% peakPnl=0.59% holdMs=13020000 high=1527000.0000 avgPrice=1518000.0000 weightedPnl=0.06% (pending fill)
2026-07-06 15:43:59 INFO  SELL_FILLED_PNL 012450 reason=EOD_FORCE_SELL filledQty=6/6 fillRatio=1.00 weightedPnl=0.06% dailyPnl=0.06%
2026-07-06 15:43:59 INFO  SELL_FILLED 105560 reason=EOD_FORCE_SELL remainingQty=0 phase=NONE exitType=TIMESTOP
2026-07-06 15:43:59 INFO  SELL_FILLED 012450 reason=EOD_FORCE_SELL remainingQty=0 phase=NONE exitType=TIMESTOP
2026-07-06 15:43:59 INFO  BUY amount set for 222800: 10000000.00
2026-07-06 15:44:00 INFO  BUY [KRX] 012450 mode=RSI_BOLLINGER_REBOUND price=1407000.0000 qty=7 size=1.0000x score=100[SS] | WHY: rsi=31.9 sig=30.4 bbLow=1404768 5mLow=1405000 rsiBbScore=100 vol(1.58x) | VWAP: -0.93%(BELOW slope=DN) allowedGap=5.00% | TREND: score=0 vel=-0.07%/-0.07%/-0.21% accel=false | VOL: 436.0000/276.8000 TO: 613452000.0000/389774700.0000 | HIGH: 1411000.0000 fromHigh=-0.28% | RSI_BB: score=100 rsi=31.9 sig=30.4 bbLow=1404768 5mLow=1405000 cross=true | entryNo=1
2026-07-06 15:44:00 INFO  BUY_FILLED 012450 phase=HOLDING
2026-07-06 15:44:00 INFO  BUY amount set for 035420: 10000000.00
2026-07-06 15:44:00 INFO  SELL [EOD_FORCE_SELL] 012450 pnl=-1.14% time=15:30
2026-07-06 15:44:00 INFO  SELL_EXECUTED [KRX] 012450 mode=RSI_BOLLINGER_REBOUND phase=EXITING exitType=TIMESTOP price=1391000.0000 qty=7 reason=EOD_FORCE_SELL pnl=-1.14% peakPnl=-0.28% holdMs=15360000 high=1403000.0000 avgPrice=1407000.0000 weightedPnl=-1.12% (pending fill)
2026-07-06 15:44:00 INFO  SELL_FILLED_PNL 012450 reason=EOD_FORCE_SELL filledQty=7/7 fillRatio=1.00 weightedPnl=-1.12% dailyPnl=-1.12%
2026-07-06 15:44:00 INFO  SELL_FILLED 012450 reason=EOD_FORCE_SELL remainingQty=0 phase=NONE exitType=TIMESTOP
2026-07-06 15:44:00 INFO  BUY [KRX] 079550 mode=RSI_BOLLINGER_REBOUND price=872000.0000 qty=11 size=1.0000x score=100[SS] | WHY: rsi=14.2 sig=17.0 bbLow=872395 5mLow=871000 rsiBbScore=100 vol(1.12x) | VWAP: -1.95%(BELOW slope=DN) allowedGap=5.00% | TREND: score=0 vel=-0.11%/-0.23%/-0.46% accel=true | VOL: 1285.0000/1146.5000 TO: 1120520000.0000/1003008800.0000 | HIGH: 878000.0000 fromHigh=-0.68% | RSI_BB: score=100 rsi=14.2 sig=17.0 bbLow=872395 5mLow=871000 cross=false | entryNo=1
2026-07-06 15:44:00 INFO  BUY_FILLED 079550 phase=HOLDING
2026-07-06 15:44:00 INFO  SELL [TRAIL_RSI_BOLLINGER_REBOUND] 079550 pnl=1.38% peakPnl=2.01% high=889500.0000 current=884000.0000
2026-07-06 15:44:00 INFO  SELL_EXECUTED [KRX] 079550 mode=RSI_BOLLINGER_REBOUND phase=EXITING exitType=TRAIL price=884000.0000 qty=11 reason=TRAIL_RSI_BOLLINGER_REBOUND pnl=1.38% peakPnl=2.01% holdMs=10560000 high=889500.0000 avgPrice=872000.0000 weightedPnl=1.32% (pending fill)
2026-07-06 15:44:00 INFO  SELL_FILLED_PNL 079550 reason=TRAIL_RSI_BOLLINGER_REBOUND filledQty=11/11 fillRatio=1.00 weightedPnl=1.32% dailyPnl=1.32%
2026-07-06 15:44:00 INFO  SELL_FILLED 079550 reason=TRAIL_RSI_BOLLINGER_REBOUND remainingQty=0 phase=NONE exitType=TRAIL
2026-07-06 15:44:00 INFO  BUY [KRX] 012450 mode=RSI_BOLLINGER_REBOUND price=1454000.0000 qty=6 size=1.0000x score=100[SS] | WHY: rsi=21.5 sig=25.8 bbLow=1451423 5mLow=1453000 rsiBbScore=100 vol(1.04x) | VWAP: -2.79%(BELOW slope=DN) allowedGap=5.00% | TREND: score=0 vel=-0.21%/-0.27%/-0.21% accel=true | VOL: 217.0000/208.9000 TO: 315518000.0000/304726675.0000 | HIGH: 1463000.0000 fromHigh=-0.62% | RSI_BB: score=100 rsi=21.5 sig=25.8 bbLow=1451423 5mLow=1453000 cross=false | entryNo=1
2026-07-06 15:44:00 INFO  BUY_FILLED 012450 phase=HOLDING
2026-07-06 15:44:00 INFO  SELL [EOD_FORCE_SELL] 012450 pnl=0.62% time=15:30
2026-07-06 15:44:01 INFO  SELL_EXECUTED [KRX] 012450 mode=RSI_BOLLINGER_REBOUND phase=EXITING exitType=TIMESTOP price=1463000.0000 qty=6 reason=EOD_FORCE_SELL pnl=0.62% peakPnl=1.44% holdMs=14220000 high=1475000.0000 avgPrice=1454000.0000 weightedPnl=0.54% (pending fill)
2026-07-06 15:44:01 INFO  SELL_FILLED_PNL 012450 reason=EOD_FORCE_SELL filledQty=6/6 fillRatio=1.00 weightedPnl=0.54% dailyPnl=0.54%
2026-07-06 15:44:01 INFO  SELL_FILLED 012450 reason=EOD_FORCE_SELL remainingQty=0 phase=NONE exitType=TIMESTOP
2026-07-06 15:44:01 INFO  BUY [KRX] 012450 mode=RSI_BOLLINGER_REBOUND price=1426000.0000 qty=7 size=1.0000x score=100[SS] | WHY: rsi=36.5 sig=41.6 bbLow=1425145 5mLow=1425000 rsiBbScore=100 vol(1.34x) | VWAP: -0.37%(BELOW slope=DN) allowedGap=5.00% | TREND: score=0 vel=-0.07%/0.00%/-0.04% accel=false | VOL: 513.0000/382.9000 TO: 731538000.0000/546665100.0000 | HIGH: 1432000.0000 fromHigh=-0.42% | RSI_BB: score=100 rsi=36.5 sig=41.6 bbLow=1425145 5mLow=1425000 cross=false | entryNo=1
2026-07-06 15:44:01 INFO  BUY_FILLED 012450 phase=HOLDING
2026-07-06 15:44:01 INFO  SELL_EXECUTED [KRX] 012450 mode=RSI_BOLLINGER_REBOUND phase=EXITING exitType=STOPLOSS price=1403000.0000 qty=7 reason=STOP_LOSS_RSI_BOLLINGER_REBOUND pnl=-1.61% peakPnl=0.07% holdMs=10200000 high=1427000.0000 avgPrice=1426000.0000 weightedPnl=-1.61% (pending fill)
2026-07-06 15:44:01 INFO  SELL_FILLED_PNL 012450 reason=STOP_LOSS_RSI_BOLLINGER_REBOUND filledQty=7/7 fillRatio=1.00 weightedPnl=-1.61% dailyPnl=-1.61%
2026-07-06 15:44:01 INFO  SELL_FILLED 012450 reason=STOP_LOSS_RSI_BOLLINGER_REBOUND remainingQty=0 phase=NONE exitType=STOPLOSS
2026-07-06 15:44:01 INFO  BUY [KRX] 035420 mode=RSI_BOLLINGER_REBOUND price=202500.0000 qty=49 size=1.0000x score=100[SS] | WHY: rsi=35.9 sig=39.2 bbLow=203107 5mLow=202500 rsiBbScore=100 vol(2.42x) | VWAP: -0.95%(BELOW slope=DN) allowedGap=5.00% | TREND: score=0 vel=-0.25%/-0.25%/-0.74% accel=false | VOL: 2942.0000/1217.3000 TO: 595755000.0000/247387900.0000 | HIGH: 204500.0000 fromHigh=-0.98% | RSI_BB: score=100 rsi=35.9 sig=39.2 bbLow=203107 5mLow=202500 cross=false | entryNo=1
2026-07-06 15:44:01 INFO  BUY_FILLED 035420 phase=HOLDING
2026-07-06 15:44:02 INFO  SELL [EOD_FORCE_SELL] 035420 pnl=-0.49% time=15:30
2026-07-06 15:44:02 INFO  SELL_EXECUTED [KRX] 035420 mode=RSI_BOLLINGER_REBOUND phase=EXITING exitType=TIMESTOP price=201500.0000 qty=49 reason=EOD_FORCE_SELL pnl=-0.49% peakPnl=0.49% holdMs=12840000 high=203500.0000 avgPrice=202500.0000 weightedPnl=-0.49% (pending fill)
2026-07-06 15:44:02 INFO  SELL_FILLED_PNL 035420 reason=EOD_FORCE_SELL filledQty=49/49 fillRatio=1.00 weightedPnl=-0.49% dailyPnl=-0.49%
2026-07-06 15:44:02 INFO  SELL_FILLED 035420 reason=EOD_FORCE_SELL remainingQty=0 phase=NONE exitType=TIMESTOP
2026-07-06 15:44:02 INFO  BUY [KRX] 240810 mode=BREAKOUT price=112000.0000 qty=71 size=0.8000x score=85[A](CONV) | WHY: strongBreakout volBreakout retestOK multiUp vol(2.24x) | VWAP: 1.04%(ABOVE slope=UP) allowedGap=1.50% | TREND: score=3 vel=2.47%/2.10%/2.10% accel=true | VOL: 3328.0000/1485.9000 TO: 372403200.0000/163400865.0000 | HIGH: 111900.0000 fromHigh=0.00% | entryNo=1
2026-07-06 15:44:02 INFO  BUY_FILLED 240810 phase=HOLDING
2026-07-06 15:44:02 INFO  SELL_EXECUTED [KRX] 240810 mode=BREAKOUT phase=EXITING exitType=VWAP_BREAK price=110000.0000 qty=71 reason=VWAP_BREAK pnl=-1.70% peakPnl=-0.18% holdMs=900000 high=111700.0000 avgPrice=111900.0000 weightedPnl=-1.35% (pending fill)
2026-07-06 15:44:02 INFO  SELL_FILLED_PNL 240810 reason=VWAP_BREAK filledQty=71/71 fillRatio=1.00 weightedPnl=-1.35% dailyPnl=-1.35%
2026-07-06 15:44:02 INFO  SELL_FILLED 240810 reason=VWAP_BREAK remainingQty=0 phase=NONE exitType=VWAP_BREAK
2026-07-06 15:44:02 INFO  BUY [KRX] 079550 mode=RSI_BOLLINGER_REBOUND price=991000.0000 qty=10 size=1.0000x score=100[SS] | WHY: rsi=35.8 sig=37.5 bbLow=991641 5mLow=990000 rsiBbScore=100 vol(2.14x) | VWAP: -1.39%(BELOW slope=DN) allowedGap=5.00% | TREND: score=0 vel=-0.20%/-0.10%/-0.40% accel=false | VOL: 1054.0000/492.9000 TO: 1044514000.0000/491051750.0000 | HIGH: 1003000.0000 fromHigh=-1.20% | RSI_BB: score=100 rsi=35.8 sig=37.5 bbLow=991641 5mLow=990000 cross=false | entryNo=1
2026-07-06 15:44:02 INFO  BUY_FILLED 079550 phase=HOLDING
2026-07-06 15:44:02 INFO  SELL [EOD_FORCE_SELL] 079550 pnl=-0.20% time=15:30
2026-07-06 15:44:02 INFO  SELL_EXECUTED [KRX] 079550 mode=RSI_BOLLINGER_REBOUND phase=EXITING exitType=TIMESTOP price=989000.0000 qty=10 reason=EOD_FORCE_SELL pnl=-0.20% peakPnl=0.91% holdMs=14520000 high=1000000.0000 avgPrice=991000.0000 weightedPnl=-0.20% (pending fill)
2026-07-06 15:44:02 INFO  SELL_FILLED_PNL 079550 reason=EOD_FORCE_SELL filledQty=10/10 fillRatio=1.00 weightedPnl=-0.20% dailyPnl=-0.20%
2026-07-06 15:44:02 INFO  SELL_FILLED 079550 reason=EOD_FORCE_SELL remainingQty=0 phase=NONE exitType=TIMESTOP
2026-07-06 15:44:03 INFO  BUY amount set for 034730: 10000000.00
2026-07-06 15:44:04 INFO  BUY [KRX] 105560 mode=BREAKOUT price=159000.0000 qty=62 size=1.0000x score=85[A](CONV) | WHY: strongBreakout volBreakout retestOK multiUp vol(3.02x) | VWAP: 0.91%(ABOVE slope=UP) allowedGap=1.50% | TREND: score=3 vel=0.25%/0.19%/0.51% accel=true | VOL: 16067.0000/5322.3500 TO: 2554653000.0000/842528255.0000 | HIGH: 159100.0000 fromHigh=-0.06% | entryNo=1
2026-07-06 15:44:04 INFO  BUY_FILLED 105560 phase=HOLDING
2026-07-06 15:44:04 INFO  SELL [EOD_FORCE_SELL] 105560 pnl=0.63% time=15:30
2026-07-06 15:44:04 INFO  SELL_EXECUTED [KRX] 105560 mode=BREAKOUT phase=EXITING exitType=TIMESTOP price=160000.0000 qty=62 reason=EOD_FORCE_SELL pnl=0.63% peakPnl=1.26% holdMs=21120000 high=161000.0000 avgPrice=159000.0000 weightedPnl=0.62% (pending fill)
2026-07-06 15:44:04 INFO  SELL_FILLED_PNL 105560 reason=EOD_FORCE_SELL filledQty=62/62 fillRatio=1.00 weightedPnl=0.62% dailyPnl=0.62%
2026-07-06 15:44:05 INFO  SELL_FILLED 105560 reason=EOD_FORCE_SELL remainingQty=0 phase=NONE exitType=TIMESTOP
2026-07-06 15:44:05 INFO  BUY [KRX] 034730 mode=BREAKOUT price=373000.0000 qty=21 size=0.8000x score=85[A](CONV) | WHY: strongBreakout volBreakout retestOK multiUp vol(2.20x) | VWAP: 0.59%(ABOVE slope=UP) allowedGap=1.50% | TREND: score=3 vel=0.40%/0.27%/0.13% accel=true | VOL: 2035.0000/924.7000 TO: 759055000.0000/342901837.5000 | HIGH: 373500.0000 fromHigh=-0.13% | entryNo=1
2026-07-06 15:44:05 INFO  BUY_FILLED 034730 phase=HOLDING
2026-07-06 15:44:05 INFO  SELL_EXECUTED [KRX] 034730 mode=BREAKOUT phase=EXITING exitType=VWAP_BREAK price=371000.0000 qty=21 reason=VWAP_BREAK pnl=-0.54% peakPnl=0.94% holdMs=2580000 high=376500.0000 avgPrice=373000.0000 weightedPnl=-0.42% (pending fill)
2026-07-06 15:44:05 INFO  SELL_FILLED_PNL 034730 reason=VWAP_BREAK filledQty=21/21 fillRatio=1.00 weightedPnl=-0.42% dailyPnl=-0.42%
2026-07-06 15:44:05 INFO  BUY [KRX] 475150 mode=RSI_BOLLINGER_REBOUND price=49050.0000 qty=203 size=1.0000x score=100[SS] | WHY: rsi=33.5 sig=32.8 bbLow=48959 5mLow=49000 rsiBbScore=100 vol(1.22x) | VWAP: -1.77%(BELOW slope=DN) allowedGap=5.00% | TREND: score=0 vel=-0.10%/0.00%/-0.10% accel=false | VOL: 2018.0000/1656.8000 TO: 98982900.0000/81207117.5000 | HIGH: 49150.0000 fromHigh=-0.20% | RSI_BB: score=100 rsi=33.5 sig=32.8 bbLow=48959 5mLow=49000 cross=true | entryNo=1
2026-07-06 15:44:05 INFO  SELL_FILLED 034730 reason=VWAP_BREAK remainingQty=0 phase=NONE exitType=VWAP_BREAK
2026-07-06 15:44:05 INFO  BUY_FILLED 475150 phase=HOLDING
2026-07-06 15:44:05 INFO  SELL [EOD_FORCE_SELL] 475150 pnl=-0.10% time=15:30
2026-07-06 15:44:05 INFO  SELL_EXECUTED [KRX] 475150 mode=RSI_BOLLINGER_REBOUND phase=EXITING exitType=TIMESTOP price=49000.0000 qty=203 reason=EOD_FORCE_SELL pnl=-0.10% peakPnl=0.51% holdMs=14880000 high=49300.0000 avgPrice=49050.0000 weightedPnl=-0.10% (pending fill)
2026-07-06 15:44:05 INFO  SELL_FILLED_PNL 475150 reason=EOD_FORCE_SELL filledQty=203/203 fillRatio=1.00 weightedPnl=-0.10% dailyPnl=-0.10%
2026-07-06 15:44:05 INFO  SELL_FILLED 475150 reason=EOD_FORCE_SELL remainingQty=0 phase=NONE exitType=TIMESTOP
2026-07-06 15:44:05 INFO  BUY [KRX] 034730 mode=RSI_BOLLINGER_REBOUND price=369500.0000 qty=27 size=1.0000x score=100[SS] | WHY: rsi=33.7 sig=41.4 bbLow=369266 5mLow=369500 rsiBbScore=100 vol(1.58x) | VWAP: -0.34%(BELOW slope=DN) allowedGap=5.00% | TREND: score=0 vel=-0.14%/-0.14%/0.00% accel=false | VOL: 415.0000/262.2500 TO: 153342500.0000/97082925.0000 | HIGH: 371500.0000 fromHigh=-0.54% | RSI_BB: score=100 rsi=33.7 sig=41.4 bbLow=369266 5mLow=369500 cross=false | entryNo=1
2026-07-06 15:44:05 INFO  BUY_FILLED 034730 phase=HOLDING
2026-07-06 15:44:05 INFO  BUY [KRX] 010120 mode=RSI_BOLLINGER_REBOUND price=231500.0000 qty=43 size=1.0000x score=100[SS] | WHY: rsi=32.5 sig=45.3 bbLow=232137 5mLow=230500 rsiBbScore=100 vol(1.65x) | VWAP: -2.15%(BELOW slope=DN) allowedGap=5.00% | TREND: score=0 vel=-0.22%/-0.43%/-0.22% accel=true | VOL: 9276.0000/5612.2000 TO: 2147394000.0000/1312845250.0000 | HIGH: 237000.0000 fromHigh=-2.32% | RSI_BB: score=100 rsi=32.5 sig=45.3 bbLow=232137 5mLow=230500 cross=false | entryNo=1
2026-07-06 15:44:05 INFO  BUY_FILLED 010120 phase=HOLDING
2026-07-06 15:44:05 INFO  SELL_EXECUTED [KRX] 010120 mode=RSI_BOLLINGER_REBOUND phase=EXITING exitType=STOPLOSS price=227500.0000 qty=43 reason=STOP_LOSS_RSI_BOLLINGER_REBOUND pnl=-1.73% peakPnl=1.73% holdMs=11160000 high=235500.0000 avgPrice=231500.0000 weightedPnl=-1.72% (pending fill)
2026-07-06 15:44:05 INFO  SELL [EOD_FORCE_SELL] 034730 pnl=0.41% time=15:30
2026-07-06 15:44:05 INFO  SELL_FILLED_PNL 010120 reason=STOP_LOSS_RSI_BOLLINGER_REBOUND filledQty=43/43 fillRatio=1.00 weightedPnl=-1.72% dailyPnl=-1.72%
2026-07-06 15:44:05 INFO  SELL_EXECUTED [KRX] 034730 mode=RSI_BOLLINGER_REBOUND phase=EXITING exitType=TIMESTOP price=371000.0000 qty=27 reason=EOD_FORCE_SELL pnl=0.41% peakPnl=0.54% holdMs=12720000 high=371500.0000 avgPrice=369500.0000 weightedPnl=0.40% (pending fill)
2026-07-06 15:44:05 INFO  BUY [KRX] 006800 mode=RSI_BOLLINGER_REBOUND price=67100.0000 qty=149 size=1.0000x score=100[SS] | WHY: rsi=31.9 sig=38.9 bbLow=67202 5mLow=67000 rsiBbScore=100 vol(2.34x) | VWAP: -1.34%(BELOW slope=DN) allowedGap=5.00% | TREND: score=0 vel=-0.15%/-0.15%/-0.30% accel=false | VOL: 15022.0000/6414.7000 TO: 1007976200.0000/432596400.0000 | HIGH: 67900.0000 fromHigh=-1.18% | RSI_BB: score=100 rsi=31.9 sig=38.9 bbLow=67202 5mLow=67000 cross=false | entryNo=1
2026-07-06 15:44:06 INFO  SELL_FILLED 010120 reason=STOP_LOSS_RSI_BOLLINGER_REBOUND remainingQty=0 phase=NONE exitType=STOPLOSS
2026-07-06 15:44:06 INFO  BUY_FILLED 006800 phase=HOLDING
2026-07-06 15:44:06 INFO  SELL_FILLED_PNL 034730 reason=EOD_FORCE_SELL filledQty=27/27 fillRatio=1.00 weightedPnl=0.40% dailyPnl=0.40%
2026-07-06 15:44:06 INFO  SELL_FILLED 034730 reason=EOD_FORCE_SELL remainingQty=0 phase=NONE exitType=TIMESTOP
2026-07-06 15:44:06 INFO  SELL [EOD_FORCE_SELL] 006800 pnl=0.60% time=15:30
2026-07-06 15:44:06 INFO  SELL_EXECUTED [KRX] 006800 mode=RSI_BOLLINGER_REBOUND phase=EXITING exitType=TIMESTOP price=67500.0000 qty=149 reason=EOD_FORCE_SELL pnl=0.60% peakPnl=1.34% holdMs=14580000 high=68000.0000 avgPrice=67100.0000 weightedPnl=0.60% (pending fill)
2026-07-06 15:44:06 INFO  SELL_FILLED_PNL 006800 reason=EOD_FORCE_SELL filledQty=149/149 fillRatio=1.00 weightedPnl=0.60% dailyPnl=0.60%
2026-07-06 15:44:06 INFO  SELL_FILLED 006800 reason=EOD_FORCE_SELL remainingQty=0 phase=NONE exitType=TIMESTOP
2026-07-06 15:44:06 INFO  BUY [KRX] 006800 mode=RSI_BOLLINGER_REBOUND price=65000.0000 qty=153 size=1.0000x score=100[SS] | WHY: rsi=35.6 sig=41.1 bbLow=65036 5mLow=65000 rsiBbScore=100 vol(2.18x) | VWAP: -1.76%(BELOW slope=DN) allowedGap=5.00% | TREND: score=0 vel=-0.15%/-0.15%/-0.15% accel=false | VOL: 11647.0000/5331.0500 TO: 757055000.0000/347297245.0000 | HIGH: 65400.0000 fromHigh=-0.61% | RSI_BB: score=100 rsi=35.6 sig=41.1 bbLow=65036 5mLow=65000 cross=false | entryNo=1
2026-07-06 15:44:06 INFO  BUY_FILLED 006800 phase=HOLDING
2026-07-06 15:44:06 INFO  SELL [EOD_FORCE_SELL] 006800 pnl=-0.77% time=15:30
2026-07-06 15:44:06 INFO  SELL_EXECUTED [KRX] 006800 mode=RSI_BOLLINGER_REBOUND phase=EXITING exitType=TIMESTOP price=64500.0000 qty=153 reason=EOD_FORCE_SELL pnl=-0.77% peakPnl=0.31% holdMs=14220000 high=65200.0000 avgPrice=65000.0000 weightedPnl=-0.77% (pending fill)
2026-07-06 15:44:06 INFO  SELL_FILLED_PNL 006800 reason=EOD_FORCE_SELL filledQty=153/153 fillRatio=1.00 weightedPnl=-0.77% dailyPnl=-0.77%
2026-07-06 15:44:06 INFO  SELL_FILLED 006800 reason=EOD_FORCE_SELL remainingQty=0 phase=NONE exitType=TIMESTOP
2026-07-06 15:44:07 INFO  BUY [KRX] 042700 mode=RSI_BOLLINGER_REBOUND price=318500.0000 qty=31 size=1.0000x score=100[SS] | WHY: rsi=28.9 sig=32.8 bbLow=319033 5mLow=317500 rsiBbScore=100 vol(1.12x) | VWAP: -3.71%(BELOW slope=DN) allowedGap=5.00% | TREND: score=0 vel=-0.24%/-0.39%/-0.24% accel=true | VOL: 5320.0000/4732.0500 TO: 1693090000.0000/1512867337.5000 | HIGH: 321000.0000 fromHigh=-0.86% | RSI_BB: score=100 rsi=28.9 sig=32.8 bbLow=319033 5mLow=317500 cross=false | entryNo=1
2026-07-06 15:44:07 INFO  BUY_FILLED 042700 phase=HOLDING
2026-07-06 15:44:07 INFO  SELL [TRAIL_RSI_BOLLINGER_REBOUND] 042700 pnl=-1.02% peakPnl=2.12% high=325000.0000 current=315000.0000
2026-07-06 15:44:07 INFO  SELL_EXECUTED [KRX] 042700 mode=RSI_BOLLINGER_REBOUND phase=EXITING exitType=TRAIL price=315000.0000 qty=31 reason=TRAIL_RSI_BOLLINGER_REBOUND pnl=-1.02% peakPnl=2.12% holdMs=8880000 high=325000.0000 avgPrice=318250.0000 weightedPnl=-1.01% (pending fill)
2026-07-06 15:44:07 INFO  BUY [KRX] 105560 mode=RSI_BOLLINGER_REBOUND price=148000.0000 qty=67 size=1.0000x score=100[SS] | WHY: rsi=35.2 sig=42.8 bbLow=147983 5mLow=148100 rsiBbScore=100 vol(1.03x) | VWAP: -1.30%(BELOW slope=DN) allowedGap=5.00% | TREND: score=0 vel=-0.13%/-0.07%/-0.20% accel=false | VOL: 3016.0000/2934.4500 TO: 446971200.0000/436077775.0000 | HIGH: 149400.0000 fromHigh=-0.80% | RSI_BB: score=100 rsi=35.2 sig=42.8 bbLow=147983 5mLow=148100 cross=false | entryNo=1
2026-07-06 15:44:07 INFO  SELL_FILLED_PNL 042700 reason=TRAIL_RSI_BOLLINGER_REBOUND filledQty=31/31 fillRatio=1.00 weightedPnl=-1.01% dailyPnl=-1.01%
2026-07-06 15:44:07 INFO  BUY_FILLED 105560 phase=HOLDING
2026-07-06 15:44:07 INFO  SELL_FILLED 042700 reason=TRAIL_RSI_BOLLINGER_REBOUND remainingQty=0 phase=NONE exitType=TRAIL
2026-07-06 15:44:07 INFO  SELL [TRAIL_RSI_BOLLINGER_REBOUND] 105560 pnl=1.89% peakPnl=2.53% high=151950.0000 current=151000.0000
2026-07-06 15:44:07 INFO  SELL_EXECUTED [KRX] 105560 mode=RSI_BOLLINGER_REBOUND phase=EXITING exitType=TRAIL price=151000.0000 qty=67 reason=TRAIL_RSI_BOLLINGER_REBOUND pnl=1.89% peakPnl=2.53% holdMs=8640000 high=151950.0000 avgPrice=148200.0000 weightedPnl=1.88% (pending fill)
2026-07-06 15:44:07 INFO  SELL_FILLED_PNL 105560 reason=TRAIL_RSI_BOLLINGER_REBOUND filledQty=67/67 fillRatio=1.00 weightedPnl=1.88% dailyPnl=1.88%
2026-07-06 15:44:07 INFO  SELL_FILLED 105560 reason=TRAIL_RSI_BOLLINGER_REBOUND remainingQty=0 phase=NONE exitType=TRAIL
2026-07-06 15:44:08 INFO  BUY [KRX] 035420 mode=RSI_BOLLINGER_REBOUND price=198000.0000 qty=50 size=1.0000x score=100[SS] | WHY: rsi=38.5 sig=41.3 bbLow=197941 5mLow=198000 rsiBbScore=100 vol(2.00x) | VWAP: -0.69%(BELOW slope=DN) allowedGap=5.00% | TREND: score=0 vel=-0.05%/0.00%/-0.05% accel=false | VOL: 3830.0000/1913.1000 TO: 758340000.0000/379104345.0000 | HIGH: 198500.0000 fromHigh=-0.25% | RSI_BB: score=100 rsi=38.5 sig=41.3 bbLow=197941 5mLow=198000 cross=false | entryNo=1
2026-07-06 15:44:08 INFO  BUY_FILLED 035420 phase=HOLDING
2026-07-06 15:44:08 INFO  SELL [EOD_FORCE_SELL] 035420 pnl=0.40% time=15:30
2026-07-06 15:44:08 INFO  SELL_EXECUTED [KRX] 035420 mode=RSI_BOLLINGER_REBOUND phase=EXITING exitType=TIMESTOP price=198800.0000 qty=50 reason=EOD_FORCE_SELL pnl=0.40% peakPnl=0.96% holdMs=14700000 high=199900.0000 avgPrice=198000.0000 weightedPnl=0.40% (pending fill)
2026-07-06 15:44:08 INFO  SELL_FILLED_PNL 035420 reason=EOD_FORCE_SELL filledQty=50/50 fillRatio=1.00 weightedPnl=0.40% dailyPnl=0.40%
2026-07-06 15:44:08 INFO  SELL_FILLED 035420 reason=EOD_FORCE_SELL remainingQty=0 phase=NONE exitType=TIMESTOP
2026-07-06 15:44:08 INFO  BUY [KRX] 222800 mode=STRONG_PULLBACK price=104000.0000 qty=96 size=1.0000x score=77[C] | WHY: dayChg=14.25% fromHigh=-1.70% spScore=77 vol3/vol10=0.56x body=1.00 | VWAP: 6.09%(ABOVE slope=UP) allowedGap=5.00% | TREND: score=2 vel=1.17%/0.48%/0.00% accel=true | VOL: 1953.0000/2387.1000 TO: 203502600.0000/248605545.0000 | HIGH: 106000.0000 fromHigh=-1.70% | SP: score=77 dayChg=14.25% fromHigh=-1.70% vol3/vol10=0.56x body=1.00 | entryNo=1
2026-07-06 15:44:08 INFO  BUY_FILLED 222800 phase=HOLDING
2026-07-06 15:44:08 INFO  SELL_EXECUTED [KRX] 222800 mode=STRONG_PULLBACK phase=EXITING exitType=PROFIT price=107500.0000 qty=96 reason=TAKE_PROFIT_STRONG_PULLBACK pnl=3.07% peakPnl=3.07% holdMs=4800000 high=107400.0000 avgPrice=104200.0000 weightedPnl=3.07% (pending fill)
2026-07-06 15:44:08 INFO  SELL_FILLED_PNL 222800 reason=TAKE_PROFIT_STRONG_PULLBACK filledQty=96/96 fillRatio=1.00 weightedPnl=3.07% dailyPnl=3.07%
2026-07-06 15:44:08 INFO  SELL_FILLED 222800 reason=TAKE_PROFIT_STRONG_PULLBACK remainingQty=0 phase=NONE exitType=PROFIT
2026-07-06 15:44:09 INFO  BUY amount set for 298040: 10000000.00
2026-07-06 15:44:10 INFO  BUY amount set for 080220: 10000000.00
2026-07-06 15:44:10 INFO  BUY amount set for 329180: 10000000.00
2026-07-06 15:44:10 INFO  BUY amount set for 347850: 10000000.00
2026-07-06 15:44:11 INFO  BUY amount set for 006360: 10000000.00
2026-07-06 15:44:11 INFO  BUY amount set for 016360: 10000000.00
2026-07-06 15:44:11 INFO  BUY amount set for 373220: 10000000.00
2026-07-06 15:44:11 INFO  BUY amount set for 028050: 10000000.00
2026-07-06 15:44:12 INFO  BUY [KRX] 373220 mode=BREAKOUT price=414500.0000 qty=19 size=0.8000x score=85[A](CONV) | WHY: strongBreakout volBreakout retestOK multiUp vol(2.26x) | VWAP: 1.13%(ABOVE slope=UP) allowedGap=1.50% | TREND: score=3 vel=0.61%/0.30%/0.73% accel=true | VOL: 6286.0000/2786.4000 TO: 2605547000.0000/1142968000.0000 | HIGH: 414500.0000 fromHigh=0.00% | entryNo=1
2026-07-06 15:44:12 INFO  BUY_FILLED 373220 phase=HOLDING
2026-07-06 15:44:12 INFO  SELL [EOD_FORCE_SELL] 373220 pnl=1.57% time=15:30
2026-07-06 15:44:12 INFO  SELL_EXECUTED [KRX] 373220 mode=BREAKOUT phase=EXITING exitType=TIMESTOP price=421000.0000 qty=19 reason=EOD_FORCE_SELL pnl=1.57% peakPnl=1.81% holdMs=22200000 high=422000.0000 avgPrice=414500.0000 weightedPnl=1.23% (pending fill)
2026-07-06 15:44:12 INFO  SELL_FILLED_PNL 373220 reason=EOD_FORCE_SELL filledQty=19/19 fillRatio=1.00 weightedPnl=1.23% dailyPnl=1.23%
2026-07-06 15:44:12 INFO  SELL_FILLED 373220 reason=EOD_FORCE_SELL remainingQty=0 phase=NONE exitType=TIMESTOP
2026-07-06 15:44:12 INFO  BUY [KRX] 080220 mode=RSI_BOLLINGER_REBOUND price=45550.0000 qty=219 size=1.0000x score=100[SS] | WHY: rsi=39.7 sig=43.7 bbLow=45463 5mLow=45550 rsiBbScore=100 vol(1.12x) | VWAP: -2.08%(BELOW slope=DN) allowedGap=5.00% | TREND: score=0 vel=-0.33%/-0.33%/-0.11% accel=false | VOL: 4085.0000/3643.5000 TO: 186071750.0000/166458352.5000 | HIGH: 45850.0000 fromHigh=-0.65% | RSI_BB: score=100 rsi=39.7 sig=43.7 bbLow=45463 5mLow=45550 cross=false | entryNo=1
2026-07-06 15:44:12 INFO  BUY_FILLED 080220 phase=HOLDING
2026-07-06 15:44:12 INFO  BUY [KRX] 373220 mode=RSI_BOLLINGER_REBOUND price=403500.0000 qty=24 size=1.0000x score=100[SS] | WHY: rsi=27.5 sig=25.2 bbLow=403244 5mLow=403500 rsiBbScore=100 vol(1.56x) | VWAP: -1.08%(BELOW slope=DN) allowedGap=5.00% | TREND: score=0 vel=-0.12%/-0.12%/-0.25% accel=false | VOL: 545.0000/349.8000 TO: 219907500.0000/141477862.5000 | HIGH: 406000.0000 fromHigh=-0.62% | RSI_BB: score=100 rsi=27.5 sig=25.2 bbLow=403244 5mLow=403500 cross=false | entryNo=1
2026-07-06 15:44:12 INFO  BUY_FILLED 373220 phase=HOLDING
2026-07-06 15:44:12 INFO  SELL_EXECUTED [KRX] 080220 mode=RSI_BOLLINGER_REBOUND phase=EXITING exitType=STOPLOSS price=44850.0000 qty=219 reason=STOP_LOSS_RSI_BOLLINGER_REBOUND pnl=-1.54% peakPnl=0.33% holdMs=3120000 high=45700.0000 avgPrice=45550.0000 weightedPnl=-1.53% (pending fill)
2026-07-06 15:44:12 INFO  SELL_FILLED_PNL 080220 reason=STOP_LOSS_RSI_BOLLINGER_REBOUND filledQty=219/219 fillRatio=1.00 weightedPnl=-1.53% dailyPnl=-1.53%
2026-07-06 15:44:12 INFO  SELL_FILLED 080220 reason=STOP_LOSS_RSI_BOLLINGER_REBOUND remainingQty=0 phase=NONE exitType=STOPLOSS
2026-07-06 15:44:12 INFO  SELL [EOD_FORCE_SELL] 373220 pnl=-0.50% time=15:30
2026-07-06 15:44:12 INFO  SELL_EXECUTED [KRX] 373220 mode=RSI_BOLLINGER_REBOUND phase=EXITING exitType=TIMESTOP price=401500.0000 qty=24 reason=EOD_FORCE_SELL pnl=-0.50% peakPnl=0.12% holdMs=15600000 high=404000.0000 avgPrice=403500.0000 weightedPnl=-0.48% (pending fill)
2026-07-06 15:44:13 INFO  SELL_FILLED_PNL 373220 reason=EOD_FORCE_SELL filledQty=24/24 fillRatio=1.00 weightedPnl=-0.48% dailyPnl=-0.48%
2026-07-06 15:44:13 INFO  SELL_FILLED 373220 reason=EOD_FORCE_SELL remainingQty=0 phase=NONE exitType=TIMESTOP
2026-07-06 15:44:13 INFO  BUY [KRX] 347850 mode=RSI_BOLLINGER_REBOUND price=79300.0000 qty=126 size=1.0000x score=100[SS] | WHY: rsi=32.3 sig=30.9 bbLow=79436 5mLow=79200 rsiBbScore=100 vol(2.06x) | VWAP: -1.28%(BELOW slope=DN) allowedGap=5.00% | TREND: score=0 vel=-0.13%/-0.13%/-0.50% accel=false | VOL: 2687.0000/1302.5500 TO: 213079100.0000/103538220.0000 | HIGH: 79800.0000 fromHigh=-0.63% | RSI_BB: score=100 rsi=32.3 sig=30.9 bbLow=79436 5mLow=79200 cross=true | entryNo=1
2026-07-06 15:44:13 INFO  BUY_FILLED 347850 phase=HOLDING
2026-07-06 15:44:13 INFO  SELL_EXECUTED [KRX] 347850 mode=RSI_BOLLINGER_REBOUND phase=EXITING exitType=STOPLOSS price=78100.0000 qty=126 reason=STOP_LOSS_RSI_BOLLINGER_REBOUND pnl=-1.51% peakPnl=0.00% holdMs=3180000 high=79300.0000 avgPrice=79300.0000 weightedPnl=-1.51% (pending fill)
2026-07-06 15:44:13 INFO  SELL_FILLED_PNL 347850 reason=STOP_LOSS_RSI_BOLLINGER_REBOUND filledQty=126/126 fillRatio=1.00 weightedPnl=-1.51% dailyPnl=-1.51%
2026-07-06 15:44:13 INFO  SELL_FILLED 347850 reason=STOP_LOSS_RSI_BOLLINGER_REBOUND remainingQty=0 phase=NONE exitType=STOPLOSS
2026-07-06 15:44:14 INFO  BUY [KRX] 347850 mode=OPENING_RANGE_BREAKOUT price=82400.0000 qty=121 size=1.0000x score=70[D] | WHY: vwap=1.44% trend=3 vol(2.49x) | VWAP: 1.44%(ABOVE slope=UP) allowedGap=1.00% | TREND: score=3 vel=0.73%/0.49%/0.86% accel=true | VOL: 11207.0000/4492.3000 TO: 923456800.0000/368645445.0000 | HIGH: 82800.0000 fromHigh=-0.48% | entryNo=1
2026-07-06 15:44:14 INFO  BUY_FILLED 347850 phase=HOLDING
2026-07-06 15:44:14 INFO  SELL [TRAIL_OPENING_RANGE_BREAKOUT] 347850 pnl=0.61% peakPnl=1.58% high=83700.0000 current=82900.0000
2026-07-06 15:44:14 INFO  BUY [KRX] 028050 mode=RSI_BOLLINGER_REBOUND price=49400.0000 qty=202 size=1.0000x score=100[SS] | WHY: rsi=38.0 sig=42.7 bbLow=49448 5mLow=49350 rsiBbScore=100 vol(1.89x) | VWAP: -0.88%(BELOW slope=DN) allowedGap=5.00% | TREND: score=0 vel=-0.30%/-0.40%/-0.40% accel=true | VOL: 12571.0000/6655.9500 TO: 621007400.0000/329632127.5000 | HIGH: 49750.0000 fromHigh=-0.70% | RSI_BB: score=100 rsi=38.0 sig=42.7 bbLow=49448 5mLow=49350 cross=false | entryNo=1
2026-07-06 15:44:14 INFO  BUY_FILLED 028050 phase=HOLDING
2026-07-06 15:44:14 INFO  SELL_EXECUTED [KRX] 347850 mode=OPENING_RANGE_BREAKOUT phase=EXITING exitType=TRAIL price=82900.0000 qty=121 reason=TRAIL_OPENING_RANGE_BREAKOUT pnl=0.61% peakPnl=1.58% holdMs=600000 high=83700.0000 avgPrice=82400.0000 weightedPnl=0.61% (pending fill)
2026-07-06 15:44:14 INFO  SELL_FILLED_PNL 347850 reason=TRAIL_OPENING_RANGE_BREAKOUT filledQty=121/121 fillRatio=1.00 weightedPnl=0.61% dailyPnl=0.61%
2026-07-06 15:44:14 INFO  BUY amount set for 267260: 10000000.00
2026-07-06 15:44:14 INFO  SELL_FILLED 347850 reason=TRAIL_OPENING_RANGE_BREAKOUT remainingQty=0 phase=NONE exitType=TRAIL
2026-07-06 15:44:14 INFO  SELL [EOD_FORCE_SELL] 028050 pnl=-0.20% time=15:30
2026-07-06 15:44:14 INFO  BUY amount set for 272210: 10000000.00
2026-07-06 15:44:14 INFO  SELL_EXECUTED [KRX] 028050 mode=RSI_BOLLINGER_REBOUND phase=EXITING exitType=TIMESTOP price=49300.0000 qty=202 reason=EOD_FORCE_SELL pnl=-0.20% peakPnl=0.61% holdMs=14820000 high=49700.0000 avgPrice=49400.0000 weightedPnl=-0.20% (pending fill)
2026-07-06 15:44:14 INFO  SELL_FILLED_PNL 028050 reason=EOD_FORCE_SELL filledQty=202/202 fillRatio=1.00 weightedPnl=-0.20% dailyPnl=-0.20%
2026-07-06 15:44:14 INFO  SELL_FILLED 028050 reason=EOD_FORCE_SELL remainingQty=0 phase=NONE exitType=TIMESTOP
2026-07-06 15:44:14 INFO  BUY amount set for 032830: 10000000.00
2026-07-06 15:44:14 INFO  BUY amount set for 071050: 10000000.00
2026-07-06 15:44:14 INFO  BUY amount set for 001820: 10000000.00
2026-07-06 15:44:15 INFO  BUY amount set for 353200: 10000000.00
2026-07-06 15:44:16 INFO  BUY [KRX] 028050 mode=RSI_BOLLINGER_REBOUND price=52800.0000 qty=189 size=1.0000x score=100[SS] | WHY: rsi=39.9 sig=42.4 bbLow=52728 5mLow=52750 rsiBbScore=100 vol(1.64x) | VWAP: -1.88%(BELOW slope=DN) allowedGap=5.00% | TREND: score=0 vel=-0.19%/-0.19%/-0.19% accel=false | VOL: 8444.0000/5156.4000 TO: 445843200.0000/272907175.0000 | HIGH: 53200.0000 fromHigh=-0.75% | RSI_BB: score=100 rsi=39.9 sig=42.4 bbLow=52728 5mLow=52750 cross=false | entryNo=1
2026-07-06 15:44:16 INFO  BUY_FILLED 028050 phase=HOLDING
2026-07-06 15:44:16 INFO  SELL [EOD_FORCE_SELL] 028050 pnl=0.38% time=15:30
2026-07-06 15:44:16 INFO  SELL_EXECUTED [KRX] 028050 mode=RSI_BOLLINGER_REBOUND phase=EXITING exitType=TIMESTOP price=53000.0000 qty=189 reason=EOD_FORCE_SELL pnl=0.38% peakPnl=0.95% holdMs=15360000 high=53300.0000 avgPrice=52800.0000 weightedPnl=0.38% (pending fill)
2026-07-06 15:44:16 INFO  SELL_FILLED_PNL 028050 reason=EOD_FORCE_SELL filledQty=189/189 fillRatio=1.00 weightedPnl=0.38% dailyPnl=0.38%
2026-07-06 15:44:16 INFO  SELL_FILLED 028050 reason=EOD_FORCE_SELL remainingQty=0 phase=NONE exitType=TIMESTOP
2026-07-06 15:44:16 INFO  BUY [KRX] 272210 mode=RSI_BOLLINGER_REBOUND price=129000.0000 qty=77 size=1.0000x score=100[SS] | WHY: rsi=28.9 sig=31.1 bbLow=128932 5mLow=128800 rsiBbScore=100 vol(2.01x) | VWAP: -0.67%(BELOW slope=DN) allowedGap=5.00% | TREND: score=0 vel=-0.08%/-0.08%/-0.15% accel=false | VOL: 2813.0000/1398.1000 TO: 362595700.0000/180408075.0000 | HIGH: 129200.0000 fromHigh=-0.23% | RSI_BB: score=100 rsi=28.9 sig=31.1 bbLow=128932 5mLow=128800 cross=false | entryNo=1
2026-07-06 15:44:16 INFO  BUY [KRX] 347850 mode=RSI_BOLLINGER_REBOUND price=68000.0000 qty=147 size=1.0000x score=100[SS] | WHY: rsi=37.4 sig=41.1 bbLow=67912 5mLow=67900 rsiBbScore=100 vol(1.57x) | VWAP: -2.50%(BELOW slope=DN) allowedGap=5.00% | TREND: score=0 vel=-0.44%/-0.29%/-0.15% accel=false | VOL: 3565.0000/2274.3000 TO: 242420000.0000/155138510.0000 | HIGH: 68800.0000 fromHigh=-1.16% | RSI_BB: score=100 rsi=37.4 sig=41.1 bbLow=67912 5mLow=67900 cross=false | entryNo=1
2026-07-06 15:44:16 INFO  BUY_FILLED 272210 phase=HOLDING
2026-07-06 15:44:16 INFO  BUY_FILLED 347850 phase=HOLDING
2026-07-06 15:44:16 INFO  SELL [EOD_FORCE_SELL] 347850 pnl=0.29% time=15:30
2026-07-06 15:44:16 INFO  SELL_EXECUTED [KRX] 347850 mode=RSI_BOLLINGER_REBOUND phase=EXITING exitType=TIMESTOP price=68200.0000 qty=147 reason=EOD_FORCE_SELL pnl=0.29% peakPnl=0.88% holdMs=13380000 high=68600.0000 avgPrice=68000.0000 weightedPnl=0.29% (pending fill)
2026-07-06 15:44:16 INFO  BUY [KRX] 032830 mode=RSI_BOLLINGER_REBOUND price=255500.0000 qty=39 size=1.0000x score=100[SS] | WHY: rsi=21.7 sig=30.3 bbLow=255659 5mLow=255500 rsiBbScore=100 vol(1.01x) | VWAP: -1.62%(BELOW slope=DN) allowedGap=5.00% | TREND: score=0 vel=-0.20%/0.00%/-0.20% accel=false | VOL: 408.0000/404.7000 TO: 104244000.0000/103761662.5000 | HIGH: 257000.0000 fromHigh=-0.58% | RSI_BB: score=100 rsi=21.7 sig=30.3 bbLow=255659 5mLow=255500 cross=false | entryNo=1
2026-07-06 15:44:16 INFO  SELL_FILLED_PNL 347850 reason=EOD_FORCE_SELL filledQty=147/147 fillRatio=1.00 weightedPnl=0.29% dailyPnl=0.29%
2026-07-06 15:44:16 INFO  SELL [EOD_FORCE_SELL] 272210 pnl=0.47% time=15:30
2026-07-06 15:44:16 INFO  BUY_FILLED 032830 phase=HOLDING
2026-07-06 15:44:16 INFO  SELL_FILLED 347850 reason=EOD_FORCE_SELL remainingQty=0 phase=NONE exitType=TIMESTOP
2026-07-06 15:44:16 INFO  SELL_EXECUTED [KRX] 272210 mode=RSI_BOLLINGER_REBOUND phase=EXITING exitType=TIMESTOP price=129500.0000 qty=77 reason=EOD_FORCE_SELL pnl=0.47% peakPnl=0.93% holdMs=13500000 high=130100.0000 avgPrice=128900.0000 weightedPnl=0.46% (pending fill)
2026-07-06 15:44:16 INFO  SELL_FILLED_PNL 272210 reason=EOD_FORCE_SELL filledQty=77/77 fillRatio=1.00 weightedPnl=0.46% dailyPnl=0.46%
2026-07-06 15:44:16 INFO  SELL_FILLED 272210 reason=EOD_FORCE_SELL remainingQty=0 phase=NONE exitType=TIMESTOP
2026-07-06 15:44:16 INFO  SELL [EOD_FORCE_SELL] 032830 pnl=0.98% time=15:30
2026-07-06 15:44:16 INFO  SELL_EXECUTED [KRX] 032830 mode=RSI_BOLLINGER_REBOUND phase=EXITING exitType=TIMESTOP price=258000.0000 qty=39 reason=EOD_FORCE_SELL pnl=0.98% peakPnl=1.37% holdMs=13020000 high=259000.0000 avgPrice=255500.0000 weightedPnl=0.97% (pending fill)
2026-07-06 15:44:16 INFO  SELL_FILLED_PNL 032830 reason=EOD_FORCE_SELL filledQty=39/39 fillRatio=1.00 weightedPnl=0.97% dailyPnl=0.97%
2026-07-06 15:44:16 INFO  SELL_FILLED 032830 reason=EOD_FORCE_SELL remainingQty=0 phase=NONE exitType=TIMESTOP
2026-07-06 15:44:17 INFO  BUY amount set for 064350: 10000000.00
2026-07-06 15:44:17 INFO  BUY [KRX] 329180 mode=RSI_BOLLINGER_REBOUND price=725000.0000 qty=13 size=1.0000x score=100[SS] | WHY: rsi=29.1 sig=30.5 bbLow=723701 5mLow=724000 rsiBbScore=100 vol(2.73x) | VWAP: -1.94%(BELOW slope=DN) allowedGap=5.00% | TREND: score=0 vel=-0.14%/-0.14%/0.00% accel=false | VOL: 1344.0000/491.5000 TO: 974400000.0000/357103275.0000 | HIGH: 728000.0000 fromHigh=-0.41% | RSI_BB: score=100 rsi=29.1 sig=30.5 bbLow=723701 5mLow=724000 cross=false | entryNo=1
2026-07-06 15:44:17 INFO  BUY_FILLED 329180 phase=HOLDING
2026-07-06 15:44:17 INFO  SELL [TRAIL_RSI_BOLLINGER_REBOUND] 329180 pnl=1.38% peakPnl=2.07% high=740000.0000 current=735000.0000
2026-07-06 15:44:17 INFO  SELL_EXECUTED [KRX] 329180 mode=RSI_BOLLINGER_REBOUND phase=EXITING exitType=TRAIL price=735000.0000 qty=13 reason=TRAIL_RSI_BOLLINGER_REBOUND pnl=1.38% peakPnl=2.07% holdMs=5880000 high=740000.0000 avgPrice=725000.0000 weightedPnl=1.30% (pending fill)
2026-07-06 15:44:17 INFO  SELL_FILLED_PNL 329180 reason=TRAIL_RSI_BOLLINGER_REBOUND filledQty=13/13 fillRatio=1.00 weightedPnl=1.30% dailyPnl=1.30%
2026-07-06 15:44:17 INFO  SELL_FILLED 329180 reason=TRAIL_RSI_BOLLINGER_REBOUND remainingQty=0 phase=NONE exitType=TRAIL
2026-07-06 15:44:17 INFO  BUY [KRX] 272210 mode=RSI_BOLLINGER_REBOUND price=131000.0000 qty=76 size=1.0000x score=100[SS] | WHY: rsi=32.4 sig=34.6 bbLow=130989 5mLow=131000 rsiBbScore=100 vol(1.17x) | VWAP: -0.92%(BELOW slope=DN) allowedGap=5.00% | TREND: score=0 vel=-0.08%/-0.04%/-0.08% accel=false | VOL: 1041.0000/888.1000 TO: 136371000.0000/116557800.0000 | HIGH: 131700.0000 fromHigh=-0.53% | RSI_BB: score=100 rsi=32.4 sig=34.6 bbLow=130989 5mLow=131000 cross=false | entryNo=1
2026-07-06 15:44:17 INFO  BUY_FILLED 272210 phase=HOLDING
2026-07-06 15:44:18 INFO  SELL [EOD_FORCE_SELL] 272210 pnl=-0.46% time=15:30
2026-07-06 15:44:18 INFO  SELL_EXECUTED [KRX] 272210 mode=RSI_BOLLINGER_REBOUND phase=EXITING exitType=TIMESTOP price=130400.0000 qty=76 reason=EOD_FORCE_SELL pnl=-0.46% peakPnl=0.53% holdMs=14160000 high=131700.0000 avgPrice=131000.0000 weightedPnl=-0.46% (pending fill)
2026-07-06 15:44:18 INFO  SELL_FILLED_PNL 272210 reason=EOD_FORCE_SELL filledQty=76/76 fillRatio=1.00 weightedPnl=-0.46% dailyPnl=-0.46%
2026-07-06 15:44:18 INFO  SELL_FILLED 272210 reason=EOD_FORCE_SELL remainingQty=0 phase=NONE exitType=TIMESTOP
2026-07-06 15:44:18 INFO  BUY [KRX] 064350 mode=RSI_BOLLINGER_REBOUND price=204500.0000 qty=48 size=1.0000x score=100[SS] | WHY: rsi=36.3 sig=40.1 bbLow=204685 5mLow=204000 rsiBbScore=100 vol(2.22x) | VWAP: -1.08%(BELOW slope=DN) allowedGap=5.00% | TREND: score=0 vel=-0.24%/-0.24%/-0.24% accel=false | VOL: 2087.0000/940.1000 TO: 426791500.0000/192850800.0000 | HIGH: 206000.0000 fromHigh=-0.73% | RSI_BB: score=100 rsi=36.3 sig=40.1 bbLow=204685 5mLow=204000 cross=false | entryNo=1
2026-07-06 15:44:18 INFO  BUY_FILLED 064350 phase=HOLDING
2026-07-06 15:44:18 INFO  SELL [TRAIL_RSI_BOLLINGER_REBOUND] 064350 pnl=1.96% peakPnl=2.69% high=210000.0000 current=208500.0000
2026-07-06 15:44:18 INFO  SELL_EXECUTED [KRX] 064350 mode=RSI_BOLLINGER_REBOUND phase=EXITING exitType=TRAIL price=208500.0000 qty=48 reason=TRAIL_RSI_BOLLINGER_REBOUND pnl=1.96% peakPnl=2.69% holdMs=13140000 high=210000.0000 avgPrice=204500.0000 weightedPnl=1.92% (pending fill)
2026-07-06 15:44:18 INFO  SELL_FILLED_PNL 064350 reason=TRAIL_RSI_BOLLINGER_REBOUND filledQty=48/48 fillRatio=1.00 weightedPnl=1.92% dailyPnl=1.92%
2026-07-06 15:44:18 INFO  SELL_FILLED 064350 reason=TRAIL_RSI_BOLLINGER_REBOUND remainingQty=0 phase=NONE exitType=TRAIL
2026-07-06 15:44:19 INFO  BUY [KRX] 267260 mode=RSI_BOLLINGER_REBOUND price=1361000.0000 qty=7 size=1.0000x score=100[SS] | WHY: rsi=39.4 sig=42.3 bbLow=1358964 5mLow=1360000 rsiBbScore=100 vol(1.40x) | VWAP: -0.78%(BELOW slope=DN) allowedGap=5.00% | TREND: score=0 vel=-0.11%/-0.15%/-0.07% accel=true | VOL: 368.0000/262.3500 TO: 500848000.0000/357752750.0000 | HIGH: 1370000.0000 fromHigh=-0.66% | RSI_BB: score=100 rsi=39.4 sig=42.3 bbLow=1358964 5mLow=1360000 cross=false | entryNo=1
2026-07-06 15:44:19 INFO  BUY_FILLED 267260 phase=HOLDING
2026-07-06 15:44:19 INFO  SELL [EOD_FORCE_SELL] 267260 pnl=0.07% time=15:30
2026-07-06 15:44:19 INFO  BUY [KRX] 329180 mode=BREAKOUT price=622000.0000 qty=16 size=1.0000x score=85[A](CONV) | WHY: strongBreakout volBreakout retestOK multiUp vol(2.39x) | VWAP: 0.78%(ABOVE slope=UP) allowedGap=1.50% | TREND: score=3 vel=0.81%/0.32%/0.97% accel=true | VOL: 2016.0000/842.7000 TO: 1253952000.0000/520505600.0000 | HIGH: 622000.0000 fromHigh=0.00% | entryNo=1
2026-07-06 15:44:19 INFO  SELL_EXECUTED [KRX] 267260 mode=RSI_BOLLINGER_REBOUND phase=EXITING exitType=TIMESTOP price=1362000.0000 qty=7 reason=EOD_FORCE_SELL pnl=0.07% peakPnl=0.44% holdMs=13260000 high=1367000.0000 avgPrice=1361000.0000 weightedPnl=0.07% (pending fill)
2026-07-06 15:44:19 INFO  BUY_FILLED 329180 phase=HOLDING
2026-07-06 15:44:19 INFO  SELL_FILLED_PNL 267260 reason=EOD_FORCE_SELL filledQty=7/7 fillRatio=1.00 weightedPnl=0.07% dailyPnl=0.07%
2026-07-06 15:44:19 INFO  SELL_FILLED 267260 reason=EOD_FORCE_SELL remainingQty=0 phase=NONE exitType=TIMESTOP
2026-07-06 15:44:19 INFO  SELL_EXECUTED [KRX] 329180 mode=BREAKOUT phase=EXITING exitType=PROFIT price=636000.0000 qty=16 reason=TAKE_PROFIT_BREAKOUT pnl=2.25% peakPnl=2.25% holdMs=1980000 high=636000.0000 avgPrice=622000.0000 weightedPnl=2.24% (pending fill)
2026-07-06 15:44:19 INFO  SELL_FILLED_PNL 329180 reason=TAKE_PROFIT_BREAKOUT filledQty=16/16 fillRatio=1.00 weightedPnl=2.24% dailyPnl=2.24%
2026-07-06 15:44:19 INFO  SELL_FILLED 329180 reason=TAKE_PROFIT_BREAKOUT remainingQty=0 phase=NONE exitType=PROFIT
2026-07-06 15:44:20 INFO  BUY [KRX] 373220 mode=RSI_BOLLINGER_REBOUND price=387000.0000 qty=25 size=1.0000x score=100[SS] | WHY: rsi=40.0 sig=42.8 bbLow=386293 5mLow=386500 rsiBbScore=100 vol(2.00x) | VWAP: -1.04%(BELOW slope=DN) allowedGap=5.00% | TREND: score=0 vel=-0.13%/0.00%/-0.26% accel=false | VOL: 1392.0000/697.7000 TO: 538704000.0000/270686700.0000 | HIGH: 389500.0000 fromHigh=-0.64% | RSI_BB: score=100 rsi=40.0 sig=42.8 bbLow=386293 5mLow=386500 cross=false | entryNo=1
2026-07-06 15:44:20 INFO  BUY_FILLED 373220 phase=HOLDING
2026-07-06 15:44:20 INFO  SELL [TRAIL_RSI_BOLLINGER_REBOUND] 373220 pnl=2.97% peakPnl=3.62% high=401000.0000 current=398500.0000
2026-07-06 15:44:20 INFO  SELL_EXECUTED [KRX] 373220 mode=RSI_BOLLINGER_REBOUND phase=EXITING exitType=TRAIL price=398500.0000 qty=25 reason=TRAIL_RSI_BOLLINGER_REBOUND pnl=2.97% peakPnl=3.62% holdMs=10680000 high=401000.0000 avgPrice=387000.0000 weightedPnl=2.88% (pending fill)
2026-07-06 15:44:20 INFO  SELL_FILLED_PNL 373220 reason=TRAIL_RSI_BOLLINGER_REBOUND filledQty=25/25 fillRatio=1.00 weightedPnl=2.88% dailyPnl=2.88%
2026-07-06 15:44:20 INFO  BUY [KRX] 028050 mode=RSI_BOLLINGER_REBOUND price=43350.0000 qty=230 size=1.0000x score=100[SS] | WHY: rsi=30.5 sig=35.2 bbLow=43365 5mLow=43350 rsiBbScore=100 vol(1.34x) | VWAP: -1.53%(BELOW slope=DN) allowedGap=5.00% | TREND: score=0 vel=-0.34%/-0.34%/-0.34% accel=false | VOL: 4588.0000/3412.9000 TO: 198889800.0000/148583650.0000 | HIGH: 43750.0000 fromHigh=-0.91% | RSI_BB: score=100 rsi=30.5 sig=35.2 bbLow=43365 5mLow=43350 cross=false | entryNo=1
2026-07-06 15:44:20 INFO  SELL_FILLED 373220 reason=TRAIL_RSI_BOLLINGER_REBOUND remainingQty=0 phase=NONE exitType=TRAIL
2026-07-06 15:44:20 INFO  BUY_FILLED 028050 phase=HOLDING
2026-07-06 15:44:20 INFO  SELL [TRAIL_RSI_BOLLINGER_REBOUND] 028050 pnl=2.19% peakPnl=2.83% high=44575.0000 current=44300.0000
2026-07-06 15:44:20 INFO  SELL_EXECUTED [KRX] 028050 mode=RSI_BOLLINGER_REBOUND phase=EXITING exitType=TRAIL price=44300.0000 qty=230 reason=TRAIL_RSI_BOLLINGER_REBOUND pnl=2.19% peakPnl=2.83% holdMs=3000000 high=44575.0000 avgPrice=43350.0000 weightedPnl=2.19% (pending fill)
2026-07-06 15:44:20 INFO  SELL_FILLED_PNL 028050 reason=TRAIL_RSI_BOLLINGER_REBOUND filledQty=230/230 fillRatio=1.00 weightedPnl=2.19% dailyPnl=2.19%
2026-07-06 15:44:21 INFO  SELL_FILLED 028050 reason=TRAIL_RSI_BOLLINGER_REBOUND remainingQty=0 phase=NONE exitType=TRAIL
2026-07-06 15:44:22 INFO  BUY [KRX] 267260 mode=RSI_BOLLINGER_REBOUND price=1110000.0000 qty=9 size=1.0000x score=100[SS] | WHY: rsi=28.8 sig=38.2 bbLow=1111699 5mLow=1108000 rsiBbScore=100 vol(3.53x) | VWAP: -2.02%(BELOW slope=DN) allowedGap=5.00% | TREND: score=1 vel=-0.09%/0.09%/-0.18% accel=false | VOL: 1875.0000/531.7000 TO: 2081250000.0000/591864650.0000 | HIGH: 1119000.0000 fromHigh=-0.80% | RSI_BB: score=100 rsi=28.8 sig=38.2 bbLow=1111699 5mLow=1108000 cross=false | entryNo=1
2026-07-06 15:44:22 INFO  BUY_FILLED 267260 phase=HOLDING
2026-07-06 15:44:22 INFO  SELL_EXECUTED [KRX] 267260 mode=RSI_BOLLINGER_REBOUND phase=EXITING exitType=STOPLOSS price=1093000.0000 qty=9 reason=STOP_LOSS_RSI_BOLLINGER_REBOUND pnl=-1.53% peakPnl=0.18% holdMs=6420000 high=1112000.0000 avgPrice=1110000.0000 weightedPnl=-1.53% (pending fill)
2026-07-06 15:44:22 INFO  SELL_FILLED_PNL 267260 reason=STOP_LOSS_RSI_BOLLINGER_REBOUND filledQty=9/9 fillRatio=1.00 weightedPnl=-1.53% dailyPnl=-1.53%
2026-07-06 15:44:22 INFO  SELL_FILLED 267260 reason=STOP_LOSS_RSI_BOLLINGER_REBOUND remainingQty=0 phase=NONE exitType=STOPLOSS
2026-07-06 15:44:22 INFO  BUY amount set for 010140: 10000000.00
2026-07-06 15:44:24 INFO  BUY amount set for 196170: 10000000.00
2026-07-06 15:44:24 INFO  BUY amount set for 019210: 10000000.00
2026-07-06 15:44:24 INFO  BUY [KRX] 019210 mode=RSI_BOLLINGER_REBOUND price=12300.0000 qty=813 size=1.0000x score=100[SS] | WHY: rsi=29.3 sig=37.4 bbLow=12341 5mLow=12270 rsiBbScore=100 vol(4.09x) | VWAP: -3.46%(BELOW slope=DN) allowedGap=5.00% | TREND: score=0 vel=-0.57%/-0.40%/-0.57% accel=false | VOL: 24104.0000/5892.9000 TO: 296479200.0000/72883514.0000 | HIGH: 12425.0000 fromHigh=-1.01% | RSI_BB: score=100 rsi=29.3 sig=37.4 bbLow=12341 5mLow=12270 cross=false | entryNo=1
2026-07-06 15:44:24 INFO  BUY_FILLED 019210 phase=HOLDING
2026-07-06 15:44:24 INFO  SELL [EOD_FORCE_SELL] 019210 pnl=0.57% time=15:30
2026-07-06 15:44:25 INFO  SELL_EXECUTED [KRX] 019210 mode=RSI_BOLLINGER_REBOUND phase=EXITING exitType=TIMESTOP price=12370.0000 qty=813 reason=EOD_FORCE_SELL pnl=0.57% peakPnl=1.54% holdMs=13980000 high=12490.0000 avgPrice=12300.0000 weightedPnl=0.57% (pending fill)
2026-07-06 15:44:25 INFO  SELL_FILLED_PNL 019210 reason=EOD_FORCE_SELL filledQty=813/813 fillRatio=1.00 weightedPnl=0.57% dailyPnl=0.57%
2026-07-06 15:44:25 INFO  SELL_FILLED 019210 reason=EOD_FORCE_SELL remainingQty=0 phase=NONE exitType=TIMESTOP
2026-07-06 15:44:26 INFO  BUY [KRX] 019210 mode=RSI_BOLLINGER_REBOUND price=13550.0000 qty=738 size=1.0000x score=100[SS] | WHY: rsi=23.2 sig=27.1 bbLow=13524 5mLow=13510 rsiBbScore=100 vol(1.42x) | VWAP: -3.13%(BELOW slope=DN) allowedGap=5.00% | TREND: score=0 vel=-0.07%/-0.07%/-0.44% accel=false | VOL: 4060.0000/2866.1000 TO: 54931800.0000/38990294.0000 | HIGH: 13730.0000 fromHigh=-1.46% | RSI_BB: score=100 rsi=23.2 sig=27.1 bbLow=13524 5mLow=13510 cross=false | entryNo=1
2026-07-06 15:44:26 INFO  BUY_FILLED 019210 phase=HOLDING
2026-07-06 15:44:26 INFO  SELL [TRAIL_RSI_BOLLINGER_REBOUND] 019210 pnl=1.70% peakPnl=2.37% high=13850.0000 current=13760.0000
2026-07-06 15:44:26 INFO  SELL_EXECUTED [KRX] 019210 mode=RSI_BOLLINGER_REBOUND phase=EXITING exitType=TRAIL price=13760.0000 qty=738 reason=TRAIL_RSI_BOLLINGER_REBOUND pnl=1.70% peakPnl=2.37% holdMs=9960000 high=13850.0000 avgPrice=13530.0000 weightedPnl=1.70% (pending fill)
2026-07-06 15:44:26 INFO  SELL_FILLED_PNL 019210 reason=TRAIL_RSI_BOLLINGER_REBOUND filledQty=738/738 fillRatio=1.00 weightedPnl=1.70% dailyPnl=1.70%
2026-07-06 15:44:26 INFO  SELL_FILLED 019210 reason=TRAIL_RSI_BOLLINGER_REBOUND remainingQty=0 phase=NONE exitType=TRAIL
2026-07-06 15:44:26 INFO  BUY [KRX] 001820 mode=RSI_BOLLINGER_REBOUND price=139500.0000 qty=71 size=1.0000x score=100[SS] | WHY: rsi=32.2 sig=34.0 bbLow=139739 5mLow=139100 rsiBbScore=100 vol(1.89x) | VWAP: -3.82%(BELOW slope=DN) allowedGap=5.00% | TREND: score=0 vel=-0.14%/-0.71%/-0.99% accel=true | VOL: 1549.0000/819.9000 TO: 216240400.0000/115315065.0000 | HIGH: 142000.0000 fromHigh=-1.69% | RSI_BB: score=100 rsi=32.2 sig=34.0 bbLow=139739 5mLow=139100 cross=false | entryNo=1
2026-07-06 15:44:26 INFO  BUY_FILLED 001820 phase=HOLDING
2026-07-06 15:44:26 INFO  SELL_EXECUTED [KRX] 001820 mode=RSI_BOLLINGER_REBOUND phase=EXITING exitType=STOPLOSS price=137500.0000 qty=71 reason=STOP_LOSS_RSI_BOLLINGER_REBOUND pnl=-1.50% peakPnl=0.07% holdMs=660000 high=139700.0000 avgPrice=139600.0000 weightedPnl=-1.49% (pending fill)
2026-07-06 15:44:26 INFO  SELL_FILLED_PNL 001820 reason=STOP_LOSS_RSI_BOLLINGER_REBOUND filledQty=71/71 fillRatio=1.00 weightedPnl=-1.49% dailyPnl=-1.49%
2026-07-06 15:44:26 INFO  SELL_FILLED 001820 reason=STOP_LOSS_RSI_BOLLINGER_REBOUND remainingQty=0 phase=NONE exitType=STOPLOSS
2026-07-06 16:56:43 INFO  BUY amount set for 066570: 10000000.00
2026-07-06 16:56:43 INFO  BUY amount set for 365660: 10000000.00
2026-07-06 16:56:43 INFO  BUY amount set for 005930: 10000000.00
2026-07-06 16:56:43 INFO  BUY amount set for 034020: 10000000.00
2026-07-06 16:56:43 INFO  BUY amount set for 002990: 10000000.00
2026-07-06 16:56:43 INFO  BUY amount set for 005935: 10000000.00
2026-07-06 16:56:43 INFO  BUY amount set for 036930: 10000000.00
2026-07-06 16:56:43 INFO  BUY amount set for 042660: 10000000.00
2026-07-06 16:56:43 INFO  BUY amount set for 012330: 10000000.00
2026-07-06 16:56:43 INFO  BUY amount set for 402340: 10000000.00
2026-07-06 16:56:43 INFO  BUY amount set for 028260: 10000000.00
2026-07-06 16:56:43 INFO  BUY amount set for 000270: 10000000.00
2026-07-06 16:56:43 INFO  BUY amount set for 000660: 10000000.00
2026-07-06 16:56:44 INFO  BUY amount set for 005380: 10000000.00
2026-07-06 16:56:44 INFO  BUY amount set for 009150: 10000000.00
2026-07-06 16:56:45 INFO  BUY amount set for 240810: 10000000.00
2026-07-06 16:56:46 INFO  BUY [KRX] 066570 mode=BREAKOUT price=124000.0000 qty=80 size=1.0000x score=85[A](CONV) | WHY: strongBreakout volBreakout retestOK multiUp vol(2.57x) | VWAP: 0.72%(ABOVE slope=UP) allowedGap=1.50% | TREND: score=3 vel=0.40%/0.32%/0.49% accel=true | VOL: 8865.0000/3453.0500 TO: 1101033000.0000/426036530.0000 | HIGH: 124200.0000 fromHigh=0.00% | entryNo=1
2026-07-06 16:56:46 INFO  BUY_FILLED 066570 phase=HOLDING
2026-07-06 16:56:46 INFO  SELL_EXECUTED [KRX] 066570 mode=BREAKOUT phase=EXITING exitType=PROFIT price=127000.0000 qty=80 reason=TAKE_PROFIT_BREAKOUT pnl=2.09% peakPnl=2.09% holdMs=8820000 high=126800.0000 avgPrice=124200.0000 weightedPnl=2.08% (pending fill)
2026-07-06 16:56:46 INFO  SELL_FILLED_PNL 066570 reason=TAKE_PROFIT_BREAKOUT filledQty=80/80 fillRatio=1.00 weightedPnl=2.08% dailyPnl=2.08%
2026-07-06 16:56:46 INFO  SELL_FILLED 066570 reason=TAKE_PROFIT_BREAKOUT remainingQty=0 phase=NONE exitType=PROFIT
2026-07-06 16:56:48 INFO  BUY [KRX] 000660 mode=BREAKOUT price=1319000.0000 qty=7 size=1.0000x score=85[A](CONV) | WHY: strongBreakout volBreakout retestOK multiUp vol(2.59x) | VWAP: 0.64%(ABOVE slope=UP) allowedGap=1.50% | TREND: score=3 vel=0.42%/0.19%/0.27% accel=true | VOL: 24493.0000/9468.4000 TO: 32294020500.0000/12427395275.0000 | HIGH: 1319000.0000 fromHigh=-0.04% | entryNo=1
2026-07-06 16:56:48 INFO  BUY_FILLED 000660 phase=HOLDING
2026-07-06 16:56:48 INFO  SELL_EXECUTED [KRX] 000660 mode=BREAKOUT phase=EXITING exitType=VWAP_BREAK price=1305000.0000 qty=7 reason=VWAP_BREAK pnl=-1.02% peakPnl=0.72% holdMs=4800000 high=1328000.0000 avgPrice=1318500.0000 weightedPnl=-0.95% (pending fill)
2026-07-06 16:56:48 INFO  SELL_FILLED_PNL 000660 reason=VWAP_BREAK filledQty=7/7 fillRatio=1.00 weightedPnl=-0.95% dailyPnl=-0.95%
2026-07-06 16:56:48 INFO  SELL_FILLED 000660 reason=VWAP_BREAK remainingQty=0 phase=NONE exitType=VWAP_BREAK
2026-07-06 16:56:49 INFO  BUY [KRX] 009150 mode=BREAKOUT price=821000.0000 qty=9 size=0.8000x score=85[A](CONV) | WHY: strongBreakout volBreakout retestOK multiUp vol(2.25x) | VWAP: 0.73%(ABOVE slope=UP) allowedGap=1.50% | TREND: score=3 vel=0.61%/0.49%/0.49% accel=true | VOL: 5421.0000/2411.3000 TO: 4450641000.0000/1969790600.0000 | HIGH: 822000.0000 fromHigh=-0.12% | entryNo=1
2026-07-06 16:56:49 INFO  BUY_FILLED 009150 phase=HOLDING
2026-07-06 16:56:49 INFO  SELL [EOD_FORCE_SELL] 009150 pnl=0.73% time=15:30
2026-07-06 16:56:49 INFO  SELL_EXECUTED [KRX] 009150 mode=BREAKOUT phase=EXITING exitType=TIMESTOP price=827000.0000 qty=9 reason=EOD_FORCE_SELL pnl=0.73% peakPnl=1.40% holdMs=21600000 high=832500.0000 avgPrice=821000.0000 weightedPnl=0.54% (pending fill)
2026-07-06 16:56:49 INFO  SELL_FILLED_PNL 009150 reason=EOD_FORCE_SELL filledQty=9/9 fillRatio=1.00 weightedPnl=0.54% dailyPnl=0.54%
2026-07-06 16:56:49 INFO  SELL_FILLED 009150 reason=EOD_FORCE_SELL remainingQty=0 phase=NONE exitType=TIMESTOP
2026-07-06 16:56:52 INFO  BUY [KRX] 240810 mode=BREAKOUT price=112000.0000 qty=71 size=0.8000x score=85[A](CONV) | WHY: strongBreakout volBreakout retestOK multiUp vol(2.24x) | VWAP: 1.04%(ABOVE slope=UP) allowedGap=1.50% | TREND: score=3 vel=2.47%/2.10%/2.10% accel=true | VOL: 3328.0000/1485.9000 TO: 372403200.0000/163400865.0000 | HIGH: 111900.0000 fromHigh=0.00% | entryNo=1
2026-07-06 16:56:52 INFO  BUY_FILLED 240810 phase=HOLDING
2026-07-06 16:56:52 INFO  SELL_EXECUTED [KRX] 240810 mode=BREAKOUT phase=EXITING exitType=VWAP_BREAK price=110000.0000 qty=71 reason=VWAP_BREAK pnl=-1.70% peakPnl=-0.18% holdMs=900000 high=111700.0000 avgPrice=111900.0000 weightedPnl=-1.35% (pending fill)
2026-07-06 16:56:52 INFO  SELL_FILLED_PNL 240810 reason=VWAP_BREAK filledQty=71/71 fillRatio=1.00 weightedPnl=-1.35% dailyPnl=-1.35%
2026-07-06 16:56:52 INFO  SELL_FILLED 240810 reason=VWAP_BREAK remainingQty=0 phase=NONE exitType=VWAP_BREAK
2026-07-06 16:56:55 INFO  BUY amount set for 006400: 10000000.00
2026-07-06 16:56:56 INFO  BUY amount set for 006340: 10000000.00
2026-07-06 16:56:57 INFO  BUY amount set for 105560: 10000000.00
2026-07-06 16:56:57 INFO  BUY amount set for 477850: 10000000.00
2026-07-06 16:56:57 INFO  BUY amount set for 011070: 10000000.00
2026-07-06 16:56:57 INFO  BUY amount set for 010120: 10000000.00
2026-07-06 16:56:58 INFO  BUY amount set for 012450: 10000000.00
2026-07-06 16:56:58 INFO  BUY amount set for 403870: 10000000.00
2026-07-06 16:57:00 INFO  BUY amount set for 006800: 10000000.00
2026-07-06 16:57:01 INFO  BUY amount set for 055550: 10000000.00
2026-07-06 16:57:01 INFO  BUY amount set for 042700: 10000000.00
2026-07-06 16:57:02 INFO  BUY amount set for 035420: 10000000.00
2026-07-06 16:57:02 INFO  BUY amount set for 079550: 10000000.00
2026-07-06 16:57:02 INFO  BUY amount set for 034730: 10000000.00
2026-07-06 16:57:02 INFO  BUY amount set for 222800: 10000000.00
2026-07-06 16:57:03 INFO  BUY [KRX] 105560 mode=BREAKOUT price=159000.0000 qty=62 size=1.0000x score=85[A](CONV) | WHY: strongBreakout volBreakout retestOK multiUp vol(3.02x) | VWAP: 0.91%(ABOVE slope=UP) allowedGap=1.50% | TREND: score=3 vel=0.25%/0.19%/0.51% accel=true | VOL: 16067.0000/5322.3500 TO: 2554653000.0000/842528255.0000 | HIGH: 159100.0000 fromHigh=-0.06% | entryNo=1
2026-07-06 16:57:03 INFO  BUY_FILLED 105560 phase=HOLDING
2026-07-06 16:57:03 INFO  SELL [EOD_FORCE_SELL] 105560 pnl=0.63% time=15:30
2026-07-06 16:57:04 INFO  SELL_EXECUTED [KRX] 105560 mode=BREAKOUT phase=EXITING exitType=TIMESTOP price=160000.0000 qty=62 reason=EOD_FORCE_SELL pnl=0.63% peakPnl=1.26% holdMs=21120000 high=161000.0000 avgPrice=159000.0000 weightedPnl=0.62% (pending fill)
2026-07-06 16:57:04 INFO  BUY [KRX] 034730 mode=BREAKOUT price=373000.0000 qty=21 size=0.8000x score=85[A](CONV) | WHY: strongBreakout volBreakout retestOK multiUp vol(2.20x) | VWAP: 0.59%(ABOVE slope=UP) allowedGap=1.50% | TREND: score=3 vel=0.40%/0.27%/0.13% accel=true | VOL: 2035.0000/924.7000 TO: 759055000.0000/342901837.5000 | HIGH: 373500.0000 fromHigh=-0.13% | entryNo=1
2026-07-06 16:57:04 INFO  SELL_FILLED_PNL 105560 reason=EOD_FORCE_SELL filledQty=62/62 fillRatio=1.00 weightedPnl=0.62% dailyPnl=0.62%
2026-07-06 16:57:04 INFO  BUY_FILLED 034730 phase=HOLDING
2026-07-06 16:57:04 INFO  SELL_FILLED 105560 reason=EOD_FORCE_SELL remainingQty=0 phase=NONE exitType=TIMESTOP
2026-07-06 16:57:04 INFO  SELL_EXECUTED [KRX] 034730 mode=BREAKOUT phase=EXITING exitType=VWAP_BREAK price=371000.0000 qty=21 reason=VWAP_BREAK pnl=-0.54% peakPnl=0.94% holdMs=2580000 high=376500.0000 avgPrice=373000.0000 weightedPnl=-0.42% (pending fill)
2026-07-06 16:57:04 INFO  SELL_FILLED_PNL 034730 reason=VWAP_BREAK filledQty=21/21 fillRatio=1.00 weightedPnl=-0.42% dailyPnl=-0.42%
2026-07-06 16:57:04 INFO  SELL_FILLED 034730 reason=VWAP_BREAK remainingQty=0 phase=NONE exitType=VWAP_BREAK
2026-07-06 16:57:04 INFO  BUY amount set for 475150: 10000000.00
2026-07-06 16:57:08 INFO  BUY amount set for 298040: 10000000.00
2026-07-06 16:57:10 INFO  BUY amount set for 329180: 10000000.00
2026-07-06 16:57:10 INFO  BUY amount set for 080220: 10000000.00
2026-07-06 16:57:11 INFO  BUY amount set for 347850: 10000000.00
2026-07-06 16:57:11 INFO  BUY amount set for 373220: 10000000.00
2026-07-06 16:57:11 INFO  BUY amount set for 267260: 10000000.00
2026-07-06 16:57:11 INFO  BUY amount set for 006360: 10000000.00
2026-07-06 16:57:12 INFO  BUY [KRX] 373220 mode=BREAKOUT price=414500.0000 qty=19 size=0.8000x score=85[A](CONV) | WHY: strongBreakout volBreakout retestOK multiUp vol(2.26x) | VWAP: 1.13%(ABOVE slope=UP) allowedGap=1.50% | TREND: score=3 vel=0.61%/0.30%/0.73% accel=true | VOL: 6286.0000/2786.4000 TO: 2605547000.0000/1142968000.0000 | HIGH: 414500.0000 fromHigh=0.00% | entryNo=1
2026-07-06 16:57:12 INFO  BUY_FILLED 373220 phase=HOLDING
2026-07-06 16:57:12 INFO  SELL [EOD_FORCE_SELL] 373220 pnl=1.57% time=15:30
2026-07-06 16:57:12 INFO  SELL_EXECUTED [KRX] 373220 mode=BREAKOUT phase=EXITING exitType=TIMESTOP price=421000.0000 qty=19 reason=EOD_FORCE_SELL pnl=1.57% peakPnl=1.81% holdMs=22200000 high=422000.0000 avgPrice=414500.0000 weightedPnl=1.23% (pending fill)
2026-07-06 16:57:12 INFO  SELL_FILLED_PNL 373220 reason=EOD_FORCE_SELL filledQty=19/19 fillRatio=1.00 weightedPnl=1.23% dailyPnl=1.23%
2026-07-06 16:57:12 INFO  SELL_FILLED 373220 reason=EOD_FORCE_SELL remainingQty=0 phase=NONE exitType=TIMESTOP
2026-07-06 16:57:14 INFO  BUY [KRX] 222800 mode=STRONG_PULLBACK price=104000.0000 qty=96 size=1.0000x score=77[C] | WHY: dayChg=14.25% fromHigh=-1.70% spScore=77 vol3/vol10=0.56x body=1.00 | VWAP: 6.09%(ABOVE slope=UP) allowedGap=5.00% | TREND: score=2 vel=1.17%/0.48%/0.00% accel=true | VOL: 1953.0000/2387.1000 TO: 203502600.0000/248605545.0000 | HIGH: 106000.0000 fromHigh=-1.70% | SP: score=77 dayChg=14.25% fromHigh=-1.70% vol3/vol10=0.56x body=1.00 | entryNo=1
2026-07-06 16:57:14 INFO  BUY_FILLED 222800 phase=HOLDING
2026-07-06 16:57:14 INFO  SELL_EXECUTED [KRX] 222800 mode=STRONG_PULLBACK phase=EXITING exitType=PROFIT price=107500.0000 qty=96 reason=TAKE_PROFIT_STRONG_PULLBACK pnl=3.07% peakPnl=3.07% holdMs=4800000 high=107400.0000 avgPrice=104200.0000 weightedPnl=3.07% (pending fill)
2026-07-06 16:57:14 INFO  SELL_FILLED_PNL 222800 reason=TAKE_PROFIT_STRONG_PULLBACK filledQty=96/96 fillRatio=1.00 weightedPnl=3.07% dailyPnl=3.07%
2026-07-06 16:57:14 INFO  SELL_FILLED 222800 reason=TAKE_PROFIT_STRONG_PULLBACK remainingQty=0 phase=NONE exitType=PROFIT
2026-07-06 16:57:15 INFO  BUY [KRX] 347850 mode=OPENING_RANGE_BREAKOUT price=82400.0000 qty=121 size=1.0000x score=70[D] | WHY: vwap=1.44% trend=3 vol(2.49x) | VWAP: 1.44%(ABOVE slope=UP) allowedGap=1.00% | TREND: score=3 vel=0.73%/0.49%/0.86% accel=true | VOL: 11207.0000/4492.3000 TO: 923456800.0000/368645445.0000 | HIGH: 82800.0000 fromHigh=-0.48% | entryNo=1
2026-07-06 16:57:15 INFO  BUY_FILLED 347850 phase=HOLDING
2026-07-06 16:57:15 INFO  SELL [TRAIL_OPENING_RANGE_BREAKOUT] 347850 pnl=0.61% peakPnl=1.58% high=83700.0000 current=82900.0000
2026-07-06 16:57:15 INFO  SELL_EXECUTED [KRX] 347850 mode=OPENING_RANGE_BREAKOUT phase=EXITING exitType=TRAIL price=82900.0000 qty=121 reason=TRAIL_OPENING_RANGE_BREAKOUT pnl=0.61% peakPnl=1.58% holdMs=600000 high=83700.0000 avgPrice=82400.0000 weightedPnl=0.61% (pending fill)
2026-07-06 16:57:15 INFO  SELL_FILLED_PNL 347850 reason=TRAIL_OPENING_RANGE_BREAKOUT filledQty=121/121 fillRatio=1.00 weightedPnl=0.61% dailyPnl=0.61%
2026-07-06 16:57:15 INFO  SELL_FILLED 347850 reason=TRAIL_OPENING_RANGE_BREAKOUT remainingQty=0 phase=NONE exitType=TRAIL
2026-07-06 16:57:17 INFO  BUY amount set for 016360: 10000000.00
2026-07-06 16:57:18 INFO  BUY amount set for 032830: 10000000.00
2026-07-06 16:57:19 INFO  BUY amount set for 028050: 10000000.00
2026-07-06 16:57:19 INFO  BUY amount set for 064350: 10000000.00
2026-07-06 16:57:19 INFO  BUY [KRX] 329180 mode=BREAKOUT price=622000.0000 qty=16 size=1.0000x score=85[A](CONV) | WHY: strongBreakout volBreakout retestOK multiUp vol(2.39x) | VWAP: 0.78%(ABOVE slope=UP) allowedGap=1.50% | TREND: score=3 vel=0.81%/0.32%/0.97% accel=true | VOL: 2016.0000/842.7000 TO: 1253952000.0000/520505600.0000 | HIGH: 622000.0000 fromHigh=0.00% | entryNo=1
2026-07-06 16:57:20 INFO  BUY_FILLED 329180 phase=HOLDING
2026-07-06 16:57:20 INFO  SELL_EXECUTED [KRX] 329180 mode=BREAKOUT phase=EXITING exitType=PROFIT price=636000.0000 qty=16 reason=TAKE_PROFIT_BREAKOUT pnl=2.25% peakPnl=2.25% holdMs=1980000 high=636000.0000 avgPrice=622000.0000 weightedPnl=2.24% (pending fill)
2026-07-06 16:57:20 INFO  SELL_FILLED_PNL 329180 reason=TAKE_PROFIT_BREAKOUT filledQty=16/16 fillRatio=1.00 weightedPnl=2.24% dailyPnl=2.24%
2026-07-06 16:57:20 INFO  SELL_FILLED 329180 reason=TAKE_PROFIT_BREAKOUT remainingQty=0 phase=NONE exitType=PROFIT
2026-07-06 16:57:20 INFO  BUY amount set for 272210: 10000000.00
2026-07-06 16:57:21 INFO  BUY amount set for 007660: 10000000.00
2026-07-06 16:57:22 INFO  BUY amount set for 071050: 10000000.00
2026-07-06 16:57:23 INFO  BUY amount set for 353200: 10000000.00
2026-07-06 16:57:24 INFO  BUY amount set for 010140: 10000000.00
2026-07-06 16:57:24 INFO  BUY amount set for 196170: 10000000.00
2026-07-06 16:57:25 INFO  BUY amount set for 019210: 10000000.00
2026-07-06 18:56:42 INFO  BUY amount set for 365660: 10000000.00
2026-07-06 18:56:43 INFO  BUY amount set for 036930: 10000000.00
2026-07-06 18:56:43 INFO  BUY amount set for 000660: 10000000.00
2026-07-06 18:56:43 INFO  BUY amount set for 005380: 10000000.00
2026-07-06 18:56:43 INFO  BUY amount set for 009150: 10000000.00
2026-07-06 18:56:43 INFO  BUY amount set for 034020: 10000000.00
2026-07-06 18:56:43 INFO  BUY amount set for 002990: 10000000.00
2026-07-06 18:56:43 INFO  BUY amount set for 005930: 10000000.00
2026-07-06 18:56:43 INFO  BUY amount set for 066570: 10000000.00
2026-07-06 18:56:43 INFO  BUY amount set for 028260: 10000000.00
2026-07-06 18:56:43 INFO  BUY amount set for 012330: 10000000.00
2026-07-06 18:56:43 INFO  BUY amount set for 005935: 10000000.00
2026-07-06 18:56:43 INFO  BUY amount set for 042660: 10000000.00
2026-07-06 18:56:43 INFO  BUY amount set for 000270: 10000000.00
2026-07-06 18:56:43 INFO  BUY amount set for 402340: 10000000.00
2026-07-06 18:56:44 INFO  BUY amount set for 240810: 10000000.00
2026-07-06 18:56:48 INFO  BUY [KRX] 240810 mode=BREAKOUT price=112000.0000 qty=71 size=0.8000x score=85[A](CONV) | WHY: strongBreakout volBreakout retestOK multiUp vol(2.24x) | VWAP: 1.04%(ABOVE slope=UP) allowedGap=1.50% | TREND: score=3 vel=2.47%/2.10%/2.10% accel=true | VOL: 3328.0000/1485.9000 TO: 372403200.0000/163400865.0000 | HIGH: 111900.0000 fromHigh=0.00% | entryNo=1
2026-07-06 18:56:48 INFO  BUY_FILLED 240810 phase=HOLDING
2026-07-06 18:56:48 INFO  SELL_EXECUTED [KRX] 240810 mode=BREAKOUT phase=EXITING exitType=VWAP_BREAK price=110000.0000 qty=71 reason=VWAP_BREAK pnl=-1.70% peakPnl=-0.18% holdMs=900000 high=111700.0000 avgPrice=111900.0000 weightedPnl=-1.35% (pending fill)
2026-07-06 18:56:48 INFO  SELL_FILLED_PNL 240810 reason=VWAP_BREAK filledQty=71/71 fillRatio=1.00 weightedPnl=-1.35% dailyPnl=-1.35%
2026-07-06 18:56:48 INFO  SELL_FILLED 240810 reason=VWAP_BREAK remainingQty=0 phase=NONE exitType=VWAP_BREAK
2026-07-06 18:56:51 INFO  BUY amount set for 006400: 10000000.00
2026-07-06 18:56:53 INFO  BUY amount set for 477850: 10000000.00
2026-07-06 18:56:53 INFO  BUY amount set for 006340: 10000000.00
2026-07-06 18:56:53 INFO  BUY amount set for 105560: 10000000.00
2026-07-06 18:56:53 INFO  BUY amount set for 011070: 10000000.00
2026-07-06 18:56:53 INFO  BUY amount set for 010120: 10000000.00
2026-07-06 18:56:53 INFO  BUY amount set for 403870: 10000000.00
2026-07-06 18:56:53 INFO  BUY amount set for 012450: 10000000.00
2026-07-06 18:56:53 INFO  BUY amount set for 055550: 10000000.00
2026-07-06 18:56:53 INFO  BUY amount set for 006800: 10000000.00
2026-07-06 18:56:53 INFO  BUY amount set for 042700: 10000000.00
2026-07-06 18:56:54 INFO  BUY amount set for 034730: 10000000.00
2026-07-06 18:56:54 INFO  BUY amount set for 475150: 10000000.00
2026-07-06 18:56:54 INFO  BUY amount set for 035420: 10000000.00
2026-07-06 18:56:54 INFO  BUY amount set for 079550: 10000000.00
2026-07-06 18:56:58 INFO  BUY amount set for 222800: 10000000.00
2026-07-06 18:57:02 INFO  BUY amount set for 298040: 10000000.00
2026-07-06 18:57:03 INFO  BUY amount set for 329180: 10000000.00
2026-07-06 18:57:03 INFO  BUY amount set for 080220: 10000000.00
2026-07-06 18:57:03 INFO  BUY amount set for 373220: 10000000.00
2026-07-06 18:57:03 INFO  BUY amount set for 347850: 10000000.00
2026-07-06 18:57:03 INFO  BUY amount set for 006360: 10000000.00
2026-07-06 18:57:03 INFO  BUY amount set for 267260: 10000000.00
2026-07-06 18:57:03 INFO  BUY amount set for 016360: 10000000.00
2026-07-06 18:57:03 INFO  BUY [KRX] 373220 mode=BREAKOUT price=414500.0000 qty=19 size=0.8000x score=85[A](CONV) | WHY: strongBreakout volBreakout retestOK multiUp vol(2.26x) | VWAP: 1.13%(ABOVE slope=UP) allowedGap=1.50% | TREND: score=3 vel=0.61%/0.30%/0.73% accel=true | VOL: 6286.0000/2786.4000 TO: 2605547000.0000/1142968000.0000 | HIGH: 414500.0000 fromHigh=0.00% | entryNo=1
2026-07-06 18:57:03 INFO  BUY_FILLED 373220 phase=HOLDING
2026-07-06 18:57:04 INFO  BUY amount set for 032830: 10000000.00
2026-07-06 18:57:04 INFO  SELL [EOD_FORCE_SELL] 373220 pnl=1.57% time=15:30
2026-07-06 18:57:04 INFO  SELL_EXECUTED [KRX] 373220 mode=BREAKOUT phase=EXITING exitType=TIMESTOP price=421000.0000 qty=19 reason=EOD_FORCE_SELL pnl=1.57% peakPnl=1.81% holdMs=22200000 high=422000.0000 avgPrice=414500.0000 weightedPnl=1.23% (pending fill)
2026-07-06 18:57:04 INFO  BUY amount set for 028050: 10000000.00
2026-07-06 18:57:04 INFO  SELL_FILLED_PNL 373220 reason=EOD_FORCE_SELL filledQty=19/19 fillRatio=1.00 weightedPnl=1.23% dailyPnl=1.23%
2026-07-06 18:57:04 INFO  SELL_FILLED 373220 reason=EOD_FORCE_SELL remainingQty=0 phase=NONE exitType=TIMESTOP
2026-07-06 18:57:04 INFO  BUY amount set for 064350: 10000000.00
2026-07-06 18:57:04 INFO  BUY amount set for 272210: 10000000.00
2026-07-06 18:57:04 INFO  BUY amount set for 007660: 10000000.00
2026-07-06 18:57:05 INFO  BUY [KRX] 222800 mode=STRONG_PULLBACK price=104000.0000 qty=96 size=1.0000x score=77[C] | WHY: dayChg=14.25% fromHigh=-1.70% spScore=77 vol3/vol10=0.56x body=1.00 | VWAP: 6.09%(ABOVE slope=UP) allowedGap=5.00% | TREND: score=2 vel=1.17%/0.48%/0.00% accel=true | VOL: 1953.0000/2387.1000 TO: 203502600.0000/248605545.0000 | HIGH: 106000.0000 fromHigh=-1.70% | SP: score=77 dayChg=14.25% fromHigh=-1.70% vol3/vol10=0.56x body=1.00 | entryNo=1
2026-07-06 18:57:05 INFO  BUY_FILLED 222800 phase=HOLDING
2026-07-06 18:57:05 INFO  SELL_EXECUTED [KRX] 222800 mode=STRONG_PULLBACK phase=EXITING exitType=PROFIT price=107500.0000 qty=96 reason=TAKE_PROFIT_STRONG_PULLBACK pnl=3.07% peakPnl=3.07% holdMs=4800000 high=107400.0000 avgPrice=104200.0000 weightedPnl=3.07% (pending fill)
2026-07-06 18:57:05 INFO  SELL_FILLED_PNL 222800 reason=TAKE_PROFIT_STRONG_PULLBACK filledQty=96/96 fillRatio=1.00 weightedPnl=3.07% dailyPnl=3.07%
2026-07-06 18:57:05 INFO  SELL_FILLED 222800 reason=TAKE_PROFIT_STRONG_PULLBACK remainingQty=0 phase=NONE exitType=PROFIT
2026-07-06 18:57:05 INFO  BUY amount set for 071050: 10000000.00
2026-07-06 18:57:05 INFO  BUY [KRX] 347850 mode=OPENING_RANGE_BREAKOUT price=82400.0000 qty=121 size=1.0000x score=70[D] | WHY: vwap=1.44% trend=3 vol(2.49x) | VWAP: 1.44%(ABOVE slope=UP) allowedGap=1.00% | TREND: score=3 vel=0.73%/0.49%/0.86% accel=true | VOL: 11207.0000/4492.3000 TO: 923456800.0000/368645445.0000 | HIGH: 82800.0000 fromHigh=-0.48% | entryNo=1
2026-07-06 18:57:05 INFO  BUY_FILLED 347850 phase=HOLDING
2026-07-06 18:57:05 INFO  SELL [TRAIL_OPENING_RANGE_BREAKOUT] 347850 pnl=0.61% peakPnl=1.58% high=83700.0000 current=82900.0000
2026-07-06 18:57:06 INFO  SELL_EXECUTED [KRX] 347850 mode=OPENING_RANGE_BREAKOUT phase=EXITING exitType=TRAIL price=82900.0000 qty=121 reason=TRAIL_OPENING_RANGE_BREAKOUT pnl=0.61% peakPnl=1.58% holdMs=600000 high=83700.0000 avgPrice=82400.0000 weightedPnl=0.61% (pending fill)
2026-07-06 18:57:06 INFO  SELL_FILLED_PNL 347850 reason=TRAIL_OPENING_RANGE_BREAKOUT filledQty=121/121 fillRatio=1.00 weightedPnl=0.61% dailyPnl=0.61%
2026-07-06 18:57:06 INFO  SELL_FILLED 347850 reason=TRAIL_OPENING_RANGE_BREAKOUT remainingQty=0 phase=NONE exitType=TRAIL
2026-07-06 18:57:08 INFO  BUY amount set for 353200: 10000000.00
2026-07-06 18:57:10 INFO  BUY [KRX] 329180 mode=BREAKOUT price=622000.0000 qty=16 size=1.0000x score=85[A](CONV) | WHY: strongBreakout volBreakout retestOK multiUp vol(2.39x) | VWAP: 0.78%(ABOVE slope=UP) allowedGap=1.50% | TREND: score=3 vel=0.81%/0.32%/0.97% accel=true | VOL: 2016.0000/842.7000 TO: 1253952000.0000/520505600.0000 | HIGH: 622000.0000 fromHigh=0.00% | entryNo=1
2026-07-06 18:57:10 INFO  BUY_FILLED 329180 phase=HOLDING
2026-07-06 18:57:10 INFO  SELL_EXECUTED [KRX] 329180 mode=BREAKOUT phase=EXITING exitType=PROFIT price=636000.0000 qty=16 reason=TAKE_PROFIT_BREAKOUT pnl=2.25% peakPnl=2.25% holdMs=1980000 high=636000.0000 avgPrice=622000.0000 weightedPnl=2.24% (pending fill)
2026-07-06 18:57:10 INFO  SELL_FILLED_PNL 329180 reason=TAKE_PROFIT_BREAKOUT filledQty=16/16 fillRatio=1.00 weightedPnl=2.24% dailyPnl=2.24%
2026-07-06 18:57:10 INFO  SELL_FILLED 329180 reason=TAKE_PROFIT_BREAKOUT remainingQty=0 phase=NONE exitType=PROFIT
2026-07-06 18:57:12 INFO  BUY amount set for 001820: 10000000.00
2026-07-06 18:57:13 INFO  BUY amount set for 196170: 10000000.00
2026-07-06 18:57:13 INFO  BUY amount set for 019210: 10000000.00
